evaluations raw_y
1 -390.0000000000
3 -389.0000000000
4 -388.0000000000
5 -387.0000000000
6 -386.0000000000
7 -385.0000000000
8 -384.0000000000
11 -383.0000000000
12 -382.0000000000
13 -381.0000000000
14 -380.0000000000
17 -379.0000000000
19 -378.0000000000
21 -377.0000000000
22 -376.0000000000
25 -375.0000000000
28 -374.0000000000
29 -373.0000000000
31 -372.0000000000
35 -371.0000000000
36 -370.0000000000
37 -369.0000000000
38 -368.0000000000
39 -367.0000000000
42 -366.0000000000
46 -365.0000000000
48 -364.0000000000
49 -363.0000000000
50 -362.0000000000
51 -361.0000000000
52 -360.0000000000
54 -359.0000000000
56 -358.0000000000
58 -357.0000000000
59 -356.0000000000
60 -355.0000000000
61 -354.0000000000
63 -353.0000000000
65 -352.0000000000
66 -351.0000000000
70 -350.0000000000
71 -349.0000000000
75 -348.0000000000
77 -347.0000000000
79 -346.0000000000
81 -345.0000000000
83 -344.0000000000
84 -343.0000000000
89 -342.0000000000
90 -341.0000000000
96 -340.0000000000
98 -339.0000000000
99 -338.0000000000
106 -337.0000000000
109 -336.0000000000
110 -335.0000000000
111 -334.0000000000
119 -333.0000000000
121 -332.0000000000
122 -331.0000000000
123 -330.0000000000
126 -329.0000000000
132 -328.0000000000
133 -327.0000000000
134 -326.0000000000
137 -325.0000000000
138 -324.0000000000
140 -323.0000000000
141 -322.0000000000
144 -321.0000000000
149 -320.0000000000
150 -319.0000000000
151 -318.0000000000
152 -317.0000000000
153 -316.0000000000
155 -315.0000000000
156 -314.0000000000
161 -313.0000000000
164 -312.0000000000
167 -311.0000000000
169 -310.0000000000
174 -309.0000000000
175 -308.0000000000
178 -307.0000000000
184 -306.0000000000
186 -305.0000000000
187 -304.0000000000
188 -303.0000000000
191 -302.0000000000
192 -301.0000000000
194 -300.0000000000
195 -299.0000000000
196 -298.0000000000
201 -297.0000000000
203 -296.0000000000
206 -295.0000000000
207 -294.0000000000
208 -293.0000000000
209 -292.0000000000
211 -291.0000000000
212 -290.0000000000
213 -289.0000000000
218 -288.0000000000
220 -287.0000000000
221 -286.0000000000
222 -285.0000000000
223 -284.0000000000
227 -283.0000000000
231 -282.0000000000
233 -281.0000000000
235 -280.0000000000
239 -279.0000000000
244 -278.0000000000
249 -277.0000000000
255 -276.0000000000
258 -275.0000000000
259 -274.0000000000
270 -273.0000000000
272 -272.0000000000
273 -271.0000000000
280 -270.0000000000
281 -269.0000000000
286 -268.0000000000
289 -267.0000000000
290 -266.0000000000
291 -265.0000000000
296 -264.0000000000
298 -263.0000000000
303 -262.0000000000
308 -261.0000000000
309 -260.0000000000
310 -259.0000000000
311 -258.0000000000
316 -257.0000000000
317 -256.0000000000
319 -255.0000000000
325 -254.0000000000
326 -253.0000000000
327 -252.0000000000
331 -251.0000000000
332 -250.0000000000
335 -249.0000000000
339 -248.0000000000
343 -247.0000000000
346 -246.0000000000
358 -245.0000000000
359 -244.0000000000
360 -243.0000000000
362 -242.0000000000
365 -241.0000000000
367 -240.0000000000
371 -239.0000000000
373 -238.0000000000
381 -237.0000000000
390 -236.0000000000
391 -235.0000000000
394 -234.0000000000
395 -233.0000000000
396 -232.0000000000
397 -231.0000000000
398 -230.0000000000
400 -229.0000000000
401 -228.0000000000
403 -227.0000000000
404 -226.0000000000
407 -225.0000000000
411 -224.0000000000
413 -223.0000000000
415 -222.0000000000
423 -221.0000000000
426 -220.0000000000
428 -219.0000000000
429 -218.0000000000
436 -217.0000000000
438 -216.0000000000
440 -215.0000000000
442 -214.0000000000
446 -213.0000000000
454 -212.0000000000
460 -211.0000000000
462 -210.0000000000
463 -209.0000000000
467 -208.0000000000
469 -207.0000000000
473 -206.0000000000
477 -205.0000000000
480 -204.0000000000
482 -203.0000000000
486 -202.0000000000
488 -201.0000000000
489 -200.0000000000
492 -199.0000000000
498 -198.0000000000
501 -197.0000000000
504 -196.0000000000
506 -195.0000000000
508 -194.0000000000
511 -193.0000000000
512 -192.0000000000
513 -191.0000000000
517 -190.0000000000
530 -189.0000000000
533 -188.0000000000
535 -187.0000000000
539 -186.0000000000
542 -185.0000000000
547 -184.0000000000
552 -183.0000000000
558 -182.0000000000
563 -181.0000000000
566 -180.0000000000
569 -179.0000000000
573 -178.0000000000
581 -177.0000000000
585 -176.0000000000
587 -175.0000000000
594 -174.0000000000
597 -173.0000000000
603 -172.0000000000
606 -171.0000000000
610 -170.0000000000
612 -169.0000000000
613 -168.0000000000
616 -167.0000000000
620 -166.0000000000
621 -165.0000000000
625 -164.0000000000
631 -163.0000000000
635 -162.0000000000
646 -161.0000000000
652 -160.0000000000
653 -159.0000000000
660 -158.0000000000
661 -157.0000000000
662 -156.0000000000
663 -155.0000000000
667 -154.0000000000
669 -153.0000000000
674 -152.0000000000
676 -151.0000000000
677 -150.0000000000
679 -149.0000000000
684 -148.0000000000
686 -147.0000000000
694 -146.0000000000
707 -145.0000000000
709 -144.0000000000
723 -143.0000000000
729 -142.0000000000
731 -141.0000000000
732 -140.0000000000
733 -139.0000000000
743 -138.0000000000
744 -137.0000000000
746 -136.0000000000
750 -135.0000000000
751 -134.0000000000
753 -133.0000000000
757 -132.0000000000
765 -131.0000000000
769 -130.0000000000
775 -129.0000000000
788 -128.0000000000
801 -127.0000000000
803 -126.0000000000
805 -125.0000000000
809 -124.0000000000
812 -123.0000000000
825 -122.0000000000
827 -121.0000000000
828 -120.0000000000
830 -119.0000000000
832 -118.0000000000
835 -117.0000000000
840 -116.0000000000
850 -115.0000000000
858 -114.0000000000
865 -113.0000000000
874 -112.0000000000
877 -111.0000000000
880 -110.0000000000
887 -109.0000000000
889 -108.0000000000
894 -107.0000000000
900 -106.0000000000
908 -105.0000000000
910 -104.0000000000
918 -103.0000000000
923 -102.0000000000
924 -101.0000000000
925 -100.0000000000
928 -99.0000000000
932 -98.0000000000
934 -97.0000000000
952 -96.0000000000
954 -95.0000000000
957 -94.0000000000
967 -93.0000000000
981 -92.0000000000
983 -91.0000000000
995 -90.0000000000
1016 -89.0000000000
1021 -88.0000000000
1024 -87.0000000000
1026 -86.0000000000
1043 -85.0000000000
1060 -84.0000000000
1066 -83.0000000000
1068 -82.0000000000
1095 -81.0000000000
1104 -80.0000000000
1113 -79.0000000000
1116 -78.0000000000
1127 -77.0000000000
1132 -76.0000000000
1141 -75.0000000000
1146 -74.0000000000
1150 -73.0000000000
1173 -72.0000000000
1209 -71.0000000000
1230 -70.0000000000
1238 -69.0000000000
1239 -68.0000000000
1246 -67.0000000000
1248 -66.0000000000
1270 -65.0000000000
1280 -64.0000000000
1284 -63.0000000000
1294 -62.0000000000
1311 -61.0000000000
1317 -60.0000000000
1322 -59.0000000000
1323 -58.0000000000
1340 -57.0000000000
1351 -56.0000000000
1352 -55.0000000000
1368 -54.0000000000
1380 -53.0000000000
1397 -52.0000000000
1410 -51.0000000000
1430 -50.0000000000
1480 -49.0000000000
1486 -48.0000000000
1496 -47.0000000000
1497 -46.0000000000
1511 -45.0000000000
1513 -44.0000000000
1517 -43.0000000000
1524 -42.0000000000
1525 -41.0000000000
1544 -40.0000000000
1559 -39.0000000000
1587 -38.0000000000
1609 -37.0000000000
1618 -36.0000000000
1631 -35.0000000000
1680 -34.0000000000
1710 -33.0000000000
1724 -32.0000000000
1750 -31.0000000000
1756 -30.0000000000
1788 -29.0000000000
1824 -28.0000000000
1830 -27.0000000000
1845 -26.0000000000
1935 -25.0000000000
1959 -24.0000000000
1963 -23.0000000000
1970 -22.0000000000
2006 -21.0000000000
2007 -20.0000000000
2016 -19.0000000000
2030 -18.0000000000
2085 -17.0000000000
2110 -16.0000000000
2148 -15.0000000000
2180 -14.0000000000
2200 -13.0000000000
2261 -12.0000000000
2301 -11.0000000000
2308 -10.0000000000
2331 -9.0000000000
2351 -8.0000000000
2378 -7.0000000000
2381 -6.0000000000
2529 -5.0000000000
2535 -4.0000000000
2630 -3.0000000000
2672 -2.0000000000
2681 -1.0000000000
2690 555.0000000000
10001 -1.0000000000
evaluations raw_y
1 -338.0000000000
5 -337.0000000000
6 -336.0000000000
9 -335.0000000000
10 -334.0000000000
13 -333.0000000000
17 -332.0000000000
18 -331.0000000000
19 -330.0000000000
20 -329.0000000000
23 -328.0000000000
24 -327.0000000000
27 -326.0000000000
31 -325.0000000000
32 -324.0000000000
34 -323.0000000000
36 -322.0000000000
37 -321.0000000000
38 -320.0000000000
41 -319.0000000000
50 -318.0000000000
52 -317.0000000000
53 -316.0000000000
55 -315.0000000000
59 -314.0000000000
61 -313.0000000000
62 -312.0000000000
68 -311.0000000000
69 -310.0000000000
88 -309.0000000000
93 -308.0000000000
94 -307.0000000000
96 -306.0000000000
97 -305.0000000000
99 -304.0000000000
102 -303.0000000000
103 -302.0000000000
106 -301.0000000000
108 -300.0000000000
110 -299.0000000000
113 -298.0000000000
120 -297.0000000000
125 -296.0000000000
130 -295.0000000000
131 -294.0000000000
133 -293.0000000000
136 -292.0000000000
138 -291.0000000000
140 -290.0000000000
142 -289.0000000000
144 -288.0000000000
147 -287.0000000000
149 -286.0000000000
151 -285.0000000000
152 -284.0000000000
153 -283.0000000000
157 -282.0000000000
160 -281.0000000000
163 -280.0000000000
166 -279.0000000000
167 -278.0000000000
169 -277.0000000000
173 -276.0000000000
174 -275.0000000000
182 -274.0000000000
184 -273.0000000000
186 -272.0000000000
190 -271.0000000000
191 -270.0000000000
198 -269.0000000000
199 -268.0000000000
203 -267.0000000000
205 -266.0000000000
209 -265.0000000000
210 -264.0000000000
214 -263.0000000000
215 -262.0000000000
216 -261.0000000000
219 -260.0000000000
220 -259.0000000000
221 -258.0000000000
224 -257.0000000000
228 -256.0000000000
232 -255.0000000000
233 -254.0000000000
234 -253.0000000000
239 -252.0000000000
241 -251.0000000000
242 -250.0000000000
243 -249.0000000000
247 -248.0000000000
248 -247.0000000000
253 -246.0000000000
255 -245.0000000000
258 -244.0000000000
264 -243.0000000000
266 -242.0000000000
270 -241.0000000000
273 -240.0000000000
277 -239.0000000000
282 -238.0000000000
286 -237.0000000000
287 -236.0000000000
291 -235.0000000000
292 -234.0000000000
295 -233.0000000000
298 -232.0000000000
299 -231.0000000000
304 -230.0000000000
308 -229.0000000000
313 -228.0000000000
314 -227.0000000000
316 -226.0000000000
331 -225.0000000000
333 -224.0000000000
336 -223.0000000000
347 -222.0000000000
356 -221.0000000000
357 -220.0000000000
360 -219.0000000000
370 -218.0000000000
371 -217.0000000000
376 -216.0000000000
387 -215.0000000000
388 -214.0000000000
390 -213.0000000000
392 -212.0000000000
394 -211.0000000000
396 -210.0000000000
398 -209.0000000000
399 -208.0000000000
405 -207.0000000000
407 -206.0000000000
408 -205.0000000000
409 -204.0000000000
412 -203.0000000000
417 -202.0000000000
420 -201.0000000000
421 -200.0000000000
425 -199.0000000000
427 -198.0000000000
429 -197.0000000000
430 -196.0000000000
435 -195.0000000000
437 -194.0000000000
442 -193.0000000000
448 -192.0000000000
450 -191.0000000000
451 -190.0000000000
459 -189.0000000000
460 -188.0000000000
461 -187.0000000000
469 -186.0000000000
471 -185.0000000000
473 -184.0000000000
479 -183.0000000000
489 -182.0000000000
491 -181.0000000000
495 -180.0000000000
496 -179.0000000000
509 -178.0000000000
512 -177.0000000000
518 -176.0000000000
520 -175.0000000000
523 -174.0000000000
524 -173.0000000000
528 -172.0000000000
561 -171.0000000000
564 -170.0000000000
565 -169.0000000000
566 -168.0000000000
569 -167.0000000000
572 -166.0000000000
578 -165.0000000000
587 -164.0000000000
593 -163.0000000000
594 -162.0000000000
604 -161.0000000000
606 -160.0000000000
607 -159.0000000000
609 -158.0000000000
611 -157.0000000000
613 -156.0000000000
630 -155.0000000000
633 -154.0000000000
635 -153.0000000000
636 -152.0000000000
641 -151.0000000000
644 -150.0000000000
646 -149.0000000000
647 -148.0000000000
649 -147.0000000000
662 -146.0000000000
663 -145.0000000000
674 -144.0000000000
685 -143.0000000000
690 -142.0000000000
694 -141.0000000000
708 -140.0000000000
712 -139.0000000000
718 -138.0000000000
720 -137.0000000000
727 -136.0000000000
728 -135.0000000000
730 -134.0000000000
731 -133.0000000000
734 -132.0000000000
742 -131.0000000000
744 -130.0000000000
752 -129.0000000000
757 -128.0000000000
761 -127.0000000000
772 -126.0000000000
784 -125.0000000000
786 -124.0000000000
791 -123.0000000000
793 -122.0000000000
800 -121.0000000000
801 -120.0000000000
806 -119.0000000000
808 -118.0000000000
815 -117.0000000000
822 -116.0000000000
824 -115.0000000000
832 -114.0000000000
836 -113.0000000000
845 -112.0000000000
849 -111.0000000000
859 -110.0000000000
861 -109.0000000000
866 -108.0000000000
868 -107.0000000000
869 -106.0000000000
871 -105.0000000000
879 -104.0000000000
886 -103.0000000000
893 -102.0000000000
896 -101.0000000000
897 -100.0000000000
901 -99.0000000000
902 -98.0000000000
906 -97.0000000000
911 -96.0000000000
923 -95.0000000000
935 -94.0000000000
936 -93.0000000000
943 -92.0000000000
944 -91.0000000000
951 -90.0000000000
958 -89.0000000000
971 -88.0000000000
973 -87.0000000000
975 -86.0000000000
978 -85.0000000000
984 -84.0000000000
990 -83.0000000000
998 -82.0000000000
1010 -81.0000000000
1018 -80.0000000000
1019 -79.0000000000
1031 -78.0000000000
1041 -77.0000000000
1048 -76.0000000000
1050 -75.0000000000
1063 -74.0000000000
1075 -73.0000000000
1083 -72.0000000000
1090 -71.0000000000
1097 -70.0000000000
1112 -69.0000000000
1117 -68.0000000000
1120 -67.0000000000
1150 -66.0000000000
1159 -65.0000000000
1164 -64.0000000000
1178 -63.0000000000
1184 -62.0000000000
1188 -61.0000000000
1197 -60.0000000000
1206 -59.0000000000
1238 -58.0000000000
1250 -57.0000000000
1280 -56.0000000000
1285 -55.0000000000
1288 -54.0000000000
1294 -53.0000000000
1309 -52.0000000000
1319 -51.0000000000
1330 -50.0000000000
1334 -49.0000000000
1346 -48.0000000000
1348 -47.0000000000
1378 -46.0000000000
1379 -45.0000000000
1440 -44.0000000000
1445 -43.0000000000
1448 -42.0000000000
1466 -41.0000000000
1484 -40.0000000000
1498 -39.0000000000
1525 -38.0000000000
1528 -37.0000000000
1533 -36.0000000000
1557 -35.0000000000
1578 -34.0000000000
1585 -33.0000000000
1613 -32.0000000000
1656 -31.0000000000
1663 -30.0000000000
1681 -29.0000000000
1682 -28.0000000000
1688 -27.0000000000
1726 -26.0000000000
1736 -25.0000000000
1746 -24.0000000000
1795 -23.0000000000
1798 -22.0000000000
1848 -21.0000000000
1850 -20.0000000000
1901 -19.0000000000
1944 -18.0000000000
1951 -17.0000000000
1979 -16.0000000000
2002 -15.0000000000
2045 -14.0000000000
2055 -13.0000000000
2061 -12.0000000000
2062 -11.0000000000
2075 -10.0000000000
2077 -9.0000000000
2089 -8.0000000000
2121 -7.0000000000
2130 -6.0000000000
2142 -5.0000000000
2189 -4.0000000000
2206 -3.0000000000
2340 -2.0000000000
2355 -1.0000000000
2375 618.0000000000
10001 -1.0000000000
evaluations raw_y
1 -369.0000000000
2 -368.0000000000
3 -367.0000000000
8 -366.0000000000
11 -365.0000000000
14 -364.0000000000
17 -363.0000000000
19 -362.0000000000
26 -361.0000000000
30 -360.0000000000
31 -359.0000000000
32 -358.0000000000
34 -357.0000000000
36 -356.0000000000
37 -355.0000000000
41 -354.0000000000
42 -353.0000000000
43 -352.0000000000
45 -351.0000000000
46 -350.0000000000
48 -349.0000000000
49 -348.0000000000
52 -347.0000000000
53 -346.0000000000
55 -345.0000000000
56 -344.0000000000
57 -343.0000000000
59 -342.0000000000
60 -341.0000000000
61 -340.0000000000
64 -339.0000000000
65 -338.0000000000
66 -337.0000000000
68 -336.0000000000
71 -335.0000000000
72 -334.0000000000
73 -333.0000000000
83 -332.0000000000
84 -331.0000000000
93 -330.0000000000
94 -329.0000000000
95 -328.0000000000
96 -327.0000000000
97 -326.0000000000
100 -325.0000000000
101 -324.0000000000
104 -323.0000000000
111 -322.0000000000
112 -321.0000000000
116 -320.0000000000
120 -319.0000000000
123 -318.0000000000
125 -317.0000000000
126 -316.0000000000
129 -315.0000000000
132 -314.0000000000
133 -313.0000000000
134 -312.0000000000
136 -311.0000000000
137 -310.0000000000
138 -309.0000000000
140 -308.0000000000
141 -307.0000000000
142 -306.0000000000
144 -305.0000000000
145 -304.0000000000
146 -303.0000000000
151 -302.0000000000
152 -301.0000000000
153 -300.0000000000
155 -299.0000000000
156 -298.0000000000
158 -297.0000000000
161 -296.0000000000
163 -295.0000000000
169 -294.0000000000
173 -293.0000000000
175 -292.0000000000
177 -291.0000000000
180 -290.0000000000
182 -289.0000000000
184 -288.0000000000
187 -287.0000000000
189 -286.0000000000
191 -285.0000000000
192 -284.0000000000
194 -283.0000000000
195 -282.0000000000
196 -281.0000000000
197 -280.0000000000
199 -279.0000000000
201 -278.0000000000
204 -277.0000000000
206 -276.0000000000
211 -275.0000000000
212 -274.0000000000
217 -273.0000000000
218 -272.0000000000
219 -271.0000000000
225 -270.0000000000
228 -269.0000000000
230 -268.0000000000
231 -267.0000000000
232 -266.0000000000
233 -265.0000000000
236 -264.0000000000
238 -263.0000000000
240 -262.0000000000
241 -261.0000000000
243 -260.0000000000
245 -259.0000000000
247 -258.0000000000
252 -257.0000000000
257 -256.0000000000
259 -255.0000000000
260 -254.0000000000
262 -253.0000000000
263 -252.0000000000
265 -251.0000000000
267 -250.0000000000
269 -249.0000000000
275 -248.0000000000
276 -247.0000000000
277 -246.0000000000
279 -245.0000000000
282 -244.0000000000
283 -243.0000000000
287 -242.0000000000
289 -241.0000000000
291 -240.0000000000
301 -239.0000000000
303 -238.0000000000
306 -237.0000000000
309 -236.0000000000
323 -235.0000000000
324 -234.0000000000
336 -233.0000000000
341 -232.0000000000
343 -231.0000000000
344 -230.0000000000
346 -229.0000000000
349 -228.0000000000
354 -227.0000000000
356 -226.0000000000
358 -225.0000000000
360 -224.0000000000
362 -223.0000000000
364 -222.0000000000
370 -221.0000000000
375 -220.0000000000
380 -219.0000000000
392 -218.0000000000
401 -217.0000000000
403 -216.0000000000
405 -215.0000000000
408 -214.0000000000
410 -213.0000000000
411 -212.0000000000
424 -211.0000000000
425 -210.0000000000
428 -209.0000000000
429 -208.0000000000
435 -207.0000000000
437 -206.0000000000
438 -205.0000000000
444 -204.0000000000
445 -203.0000000000
454 -202.0000000000
461 -201.0000000000
462 -200.0000000000
468 -199.0000000000
469 -198.0000000000
470 -197.0000000000
472 -196.0000000000
474 -195.0000000000
479 -194.0000000000
484 -193.0000000000
494 -192.0000000000
499 -191.0000000000
510 -190.0000000000
514 -189.0000000000
520 -188.0000000000
524 -187.0000000000
526 -186.0000000000
533 -185.0000000000
534 -184.0000000000
537 -183.0000000000
539 -182.0000000000
542 -181.0000000000
544 -180.0000000000
546 -179.0000000000
547 -178.0000000000
548 -177.0000000000
549 -176.0000000000
554 -175.0000000000
558 -174.0000000000
560 -173.0000000000
568 -172.0000000000
573 -171.0000000000
574 -170.0000000000
576 -169.0000000000
577 -168.0000000000
581 -167.0000000000
583 -166.0000000000
585 -165.0000000000
592 -164.0000000000
594 -163.0000000000
595 -162.0000000000
599 -161.0000000000
600 -160.0000000000
605 -159.0000000000
606 -158.0000000000
608 -157.0000000000
620 -156.0000000000
622 -155.0000000000
624 -154.0000000000
626 -153.0000000000
640 -152.0000000000
642 -151.0000000000
664 -150.0000000000
665 -149.0000000000
666 -148.0000000000
679 -147.0000000000
684 -146.0000000000
687 -145.0000000000
694 -144.0000000000
703 -143.0000000000
707 -142.0000000000
723 -141.0000000000
725 -140.0000000000
729 -139.0000000000
740 -138.0000000000
755 -137.0000000000
762 -136.0000000000
763 -135.0000000000
783 -134.0000000000
786 -133.0000000000
793 -132.0000000000
799 -131.0000000000
800 -130.0000000000
804 -129.0000000000
808 -128.0000000000
810 -127.0000000000
813 -126.0000000000
815 -125.0000000000
823 -124.0000000000
826 -123.0000000000
848 -122.0000000000
849 -121.0000000000
851 -120.0000000000
853 -119.0000000000
863 -118.0000000000
881 -117.0000000000
895 -116.0000000000
909 -115.0000000000
913 -114.0000000000
917 -113.0000000000
924 -112.0000000000
944 -111.0000000000
947 -110.0000000000
952 -109.0000000000
961 -108.0000000000
965 -107.0000000000
970 -106.0000000000
971 -105.0000000000
980 -104.0000000000
987 -103.0000000000
996 -102.0000000000
999 -101.0000000000
1001 -100.0000000000
1004 -99.0000000000
1016 -98.0000000000
1027 -97.0000000000
1032 -96.0000000000
1033 -95.0000000000
1036 -94.0000000000
1043 -93.0000000000
1045 -92.0000000000
1055 -91.0000000000
1056 -90.0000000000
1060 -89.0000000000
1072 -88.0000000000
1077 -87.0000000000
1087 -86.0000000000
1088 -85.0000000000
1094 -84.0000000000
1104 -83.0000000000
1111 -82.0000000000
1117 -81.0000000000
1123 -80.0000000000
1128 -79.0000000000
1129 -78.0000000000
1133 -77.0000000000
1166 -76.0000000000
1169 -75.0000000000
1203 -74.0000000000
1204 -73.0000000000
1234 -72.0000000000
1237 -71.0000000000
1239 -70.0000000000
1257 -69.0000000000
1263 -68.0000000000
1283 -67.0000000000
1285 -66.0000000000
1297 -65.0000000000
1329 -64.0000000000
1339 -63.0000000000
1346 -62.0000000000
1359 -61.0000000000
1379 -60.0000000000
1383 -59.0000000000
1395 -58.0000000000
1402 -57.0000000000
1407 -56.0000000000
1425 -55.0000000000
1465 -54.0000000000
1470 -53.0000000000
1477 -52.0000000000
1509 -51.0000000000
1520 -50.0000000000
1523 -49.0000000000
1532 -48.0000000000
1538 -47.0000000000
1582 -46.0000000000
1584 -45.0000000000
1586 -44.0000000000
1596 -43.0000000000
1601 -42.0000000000
1620 -41.0000000000
1625 -40.0000000000
1642 -39.0000000000
1651 -38.0000000000
1657 -37.0000000000
1674 -36.0000000000
1687 -35.0000000000
1692 -34.0000000000
1696 -33.0000000000
1717 -32.0000000000
1723 -31.0000000000
1731 -30.0000000000
1734 -29.0000000000
1735 -28.0000000000
1745 -27.0000000000
1764 -26.0000000000
1778 -25.0000000000
1835 -24.0000000000
1842 -23.0000000000
1858 -22.0000000000
1863 -21.0000000000
1876 -20.0000000000
1899 -19.0000000000
1905 -18.0000000000
1906 -17.0000000000
1913 -16.0000000000
1987 -15.0000000000
1990 -14.0000000000
2054 -13.0000000000
2062 -12.0000000000
2086 -11.0000000000
2150 -10.0000000000
2181 -9.0000000000
2187 -8.0000000000
2220 -7.0000000000
2221 -6.0000000000
2242 -5.0000000000
2359 -4.0000000000
2411 -3.0000000000
2484 -2.0000000000
2658 -1.0000000000
2682 593.0000000000
10001 -1.0000000000
evaluations raw_y
1 -384.0000000000
2 -383.0000000000
5 -382.0000000000
6 -381.0000000000
10 -380.0000000000
12 -379.0000000000
13 -378.0000000000
14 -377.0000000000
17 -376.0000000000
18 -375.0000000000
21 -374.0000000000
22 -373.0000000000
25 -372.0000000000
26 -371.0000000000
28 -370.0000000000
29 -369.0000000000
34 -368.0000000000
37 -367.0000000000
38 -366.0000000000
39 -365.0000000000
40 -364.0000000000
43 -363.0000000000
44 -362.0000000000
46 -361.0000000000
48 -360.0000000000
49 -359.0000000000
51 -358.0000000000
54 -357.0000000000
56 -356.0000000000
60 -355.0000000000
68 -354.0000000000
72 -353.0000000000
74 -352.0000000000
80 -351.0000000000
82 -350.0000000000
83 -349.0000000000
86 -348.0000000000
87 -347.0000000000
89 -346.0000000000
91 -345.0000000000
92 -344.0000000000
97 -343.0000000000
98 -342.0000000000
100 -341.0000000000
105 -340.0000000000
107 -339.0000000000
108 -338.0000000000
113 -337.0000000000
118 -336.0000000000
122 -335.0000000000
123 -334.0000000000
127 -333.0000000000
130 -332.0000000000
131 -331.0000000000
136 -330.0000000000
138 -329.0000000000
142 -328.0000000000
143 -327.0000000000
145 -326.0000000000
147 -325.0000000000
148 -324.0000000000
149 -323.0000000000
150 -322.0000000000
151 -321.0000000000
158 -320.0000000000
160 -319.0000000000
162 -318.0000000000
163 -317.0000000000
164 -316.0000000000
169 -315.0000000000
170 -314.0000000000
172 -313.0000000000
173 -312.0000000000
176 -311.0000000000
179 -310.0000000000
183 -309.0000000000
184 -308.0000000000
185 -307.0000000000
189 -306.0000000000
193 -305.0000000000
196 -304.0000000000
197 -303.0000000000
199 -302.0000000000
200 -301.0000000000
203 -300.0000000000
205 -299.0000000000
208 -298.0000000000
211 -297.0000000000
212 -296.0000000000
213 -295.0000000000
215 -294.0000000000
216 -293.0000000000
220 -292.0000000000
221 -291.0000000000
222 -290.0000000000
225 -289.0000000000
229 -288.0000000000
230 -287.0000000000
236 -286.0000000000
237 -285.0000000000
240 -284.0000000000
242 -283.0000000000
244 -282.0000000000
248 -281.0000000000
253 -280.0000000000
255 -279.0000000000
258 -278.0000000000
259 -277.0000000000
260 -276.0000000000
263 -275.0000000000
265 -274.0000000000
268 -273.0000000000
269 -272.0000000000
271 -271.0000000000
272 -270.0000000000
273 -269.0000000000
274 -268.0000000000
276 -267.0000000000
277 -266.0000000000
279 -265.0000000000
282 -264.0000000000
287 -263.0000000000
288 -262.0000000000
289 -261.0000000000
296 -260.0000000000
298 -259.0000000000
305 -258.0000000000
306 -257.0000000000
314 -256.0000000000
315 -255.0000000000
316 -254.0000000000
319 -253.0000000000
324 -252.0000000000
328 -251.0000000000
330 -250.0000000000
331 -249.0000000000
332 -248.0000000000
333 -247.0000000000
337 -246.0000000000
339 -245.0000000000
341 -244.0000000000
342 -243.0000000000
345 -242.0000000000
347 -241.0000000000
349 -240.0000000000
350 -239.0000000000
353 -238.0000000000
356 -237.0000000000
357 -236.0000000000
359 -235.0000000000
361 -234.0000000000
364 -233.0000000000
365 -232.0000000000
374 -231.0000000000
377 -230.0000000000
380 -229.0000000000
382 -228.0000000000
388 -227.0000000000
389 -226.0000000000
391 -225.0000000000
393 -224.0000000000
406 -223.0000000000
409 -222.0000000000
411 -221.0000000000
414 -220.0000000000
419 -219.0000000000
423 -218.0000000000
436 -217.0000000000
438 -216.0000000000
442 -215.0000000000
443 -214.0000000000
446 -213.0000000000
451 -212.0000000000
461 -211.0000000000
465 -210.0000000000
467 -209.0000000000
468 -208.0000000000
469 -207.0000000000
472 -206.0000000000
475 -205.0000000000
477 -204.0000000000
480 -203.0000000000
484 -202.0000000000
491 -201.0000000000
492 -200.0000000000
496 -199.0000000000
503 -198.0000000000
504 -197.0000000000
511 -196.0000000000
514 -195.0000000000
515 -194.0000000000
516 -193.0000000000
525 -192.0000000000
531 -191.0000000000
536 -190.0000000000
538 -189.0000000000
541 -188.0000000000
542 -187.0000000000
545 -186.0000000000
547 -185.0000000000
550 -184.0000000000
561 -183.0000000000
568 -182.0000000000
570 -181.0000000000
573 -180.0000000000
578 -179.0000000000
580 -178.0000000000
591 -177.0000000000
593 -176.0000000000
597 -175.0000000000
614 -174.0000000000
615 -173.0000000000
620 -172.0000000000
621 -171.0000000000
627 -170.0000000000
628 -169.0000000000
631 -168.0000000000
633 -167.0000000000
635 -166.0000000000
640 -165.0000000000
645 -164.0000000000
646 -163.0000000000
648 -162.0000000000
651 -161.0000000000
652 -160.0000000000
654 -159.0000000000
655 -158.0000000000
660 -157.0000000000
681 -156.0000000000
686 -155.0000000000
689 -154.0000000000
690 -153.0000000000
696 -152.0000000000
699 -151.0000000000
701 -150.0000000000
702 -149.0000000000
705 -148.0000000000
706 -147.0000000000
707 -146.0000000000
709 -145.0000000000
717 -144.0000000000
722 -143.0000000000
723 -142.0000000000
726 -141.0000000000
730 -140.0000000000
734 -139.0000000000
739 -138.0000000000
740 -137.0000000000
756 -136.0000000000
758 -135.0000000000
763 -134.0000000000
766 -133.0000000000
779 -132.0000000000
783 -131.0000000000
786 -130.0000000000
787 -129.0000000000
789 -128.0000000000
793 -127.0000000000
796 -126.0000000000
797 -125.0000000000
801 -124.0000000000
810 -123.0000000000
817 -122.0000000000
819 -121.0000000000
823 -120.0000000000
828 -119.0000000000
830 -118.0000000000
834 -117.0000000000
839 -116.0000000000
840 -115.0000000000
844 -114.0000000000
854 -113.0000000000
856 -112.0000000000
858 -111.0000000000
866 -110.0000000000
868 -109.0000000000
869 -108.0000000000
887 -107.0000000000
889 -106.0000000000
892 -105.0000000000
895 -104.0000000000
917 -103.0000000000
919 -102.0000000000
923 -101.0000000000
924 -100.0000000000
929 -99.0000000000
930 -98.0000000000
939 -97.0000000000
941 -96.0000000000
943 -95.0000000000
947 -94.0000000000
948 -93.0000000000
966 -92.0000000000
967 -91.0000000000
984 -90.0000000000
999 -89.0000000000
1002 -88.0000000000
1015 -87.0000000000
1022 -86.0000000000
1026 -85.0000000000
1033 -84.0000000000
1053 -83.0000000000
1058 -82.0000000000
1060 -81.0000000000
1063 -80.0000000000
1072 -79.0000000000
1075 -78.0000000000
1078 -77.0000000000
1086 -76.0000000000
1108 -75.0000000000
1110 -74.0000000000
1142 -73.0000000000
1177 -72.0000000000
1202 -71.0000000000
1207 -70.0000000000
1226 -69.0000000000
1256 -68.0000000000
1261 -67.0000000000
1281 -66.0000000000
1294 -65.0000000000
1298 -64.0000000000
1300 -63.0000000000
1304 -62.0000000000
1329 -61.0000000000
1330 -60.0000000000
1336 -59.0000000000
1418 -58.0000000000
1423 -57.0000000000
1430 -56.0000000000
1468 -55.0000000000
1476 -54.0000000000
1480 -53.0000000000
1481 -52.0000000000
1482 -51.0000000000
1526 -50.0000000000
1547 -49.0000000000
1568 -48.0000000000
1581 -47.0000000000
1583 -46.0000000000
1587 -45.0000000000
1604 -44.0000000000
1607 -43.0000000000
1609 -42.0000000000
1622 -41.0000000000
1657 -40.0000000000
1665 -39.0000000000
1728 -38.0000000000
1731 -37.0000000000
1780 -36.0000000000
1795 -35.0000000000
1808 -34.0000000000
1825 -33.0000000000
1832 -32.0000000000
1849 -31.0000000000
1867 -30.0000000000
1876 -29.0000000000
1941 -28.0000000000
1958 -27.0000000000
1973 -26.0000000000
2022 -25.0000000000
2042 -24.0000000000
2079 -23.0000000000
2099 -22.0000000000
2129 -21.0000000000
2150 -20.0000000000
2160 -19.0000000000
2171 -18.0000000000
2200 -17.0000000000
2245 -16.0000000000
2251 -15.0000000000
2260 -14.0000000000
2261 -13.0000000000
2300 -12.0000000000
2303 -11.0000000000
2314 -10.0000000000
2324 -9.0000000000
2360 -8.0000000000
2369 -7.0000000000
2395 -6.0000000000
2441 -5.0000000000
2460 -4.0000000000
2570 -3.0000000000
2663 -2.0000000000
2697 -1.0000000000
2731 585.0000000000
10001 -1.0000000000
evaluations raw_y
1 -389.0000000000
5 -388.0000000000
6 -387.0000000000
7 -386.0000000000
8 -385.0000000000
10 -384.0000000000
11 -383.0000000000
13 -382.0000000000
14 -381.0000000000
15 -380.0000000000
17 -379.0000000000
18 -378.0000000000
19 -377.0000000000
21 -376.0000000000
23 -375.0000000000
25 -374.0000000000
26 -373.0000000000
29 -372.0000000000
32 -371.0000000000
33 -370.0000000000
34 -369.0000000000
35 -368.0000000000
37 -367.0000000000
38 -366.0000000000
43 -365.0000000000
44 -364.0000000000
45 -363.0000000000
47 -362.0000000000
48 -361.0000000000
50 -360.0000000000
52 -359.0000000000
53 -358.0000000000
54 -357.0000000000
57 -356.0000000000
60 -355.0000000000
61 -354.0000000000
62 -353.0000000000
63 -352.0000000000
65 -351.0000000000
66 -350.0000000000
67 -349.0000000000
68 -348.0000000000
69 -347.0000000000
70 -346.0000000000
72 -345.0000000000
74 -344.0000000000
76 -343.0000000000
77 -342.0000000000
82 -341.0000000000
85 -340.0000000000
87 -339.0000000000
93 -338.0000000000
94 -337.0000000000
95 -336.0000000000
99 -335.0000000000
101 -334.0000000000
102 -333.0000000000
104 -332.0000000000
105 -331.0000000000
107 -330.0000000000
109 -329.0000000000
110 -328.0000000000
111 -327.0000000000
112 -326.0000000000
116 -325.0000000000
117 -324.0000000000
119 -323.0000000000
121 -322.0000000000
122 -321.0000000000
126 -320.0000000000
128 -319.0000000000
129 -318.0000000000
130 -317.0000000000
132 -316.0000000000
134 -315.0000000000
136 -314.0000000000
137 -313.0000000000
138 -312.0000000000
139 -311.0000000000
141 -310.0000000000
144 -309.0000000000
148 -308.0000000000
150 -307.0000000000
151 -306.0000000000
156 -305.0000000000
157 -304.0000000000
166 -303.0000000000
169 -302.0000000000
171 -301.0000000000
175 -300.0000000000
177 -299.0000000000
178 -298.0000000000
180 -297.0000000000
183 -296.0000000000
184 -295.0000000000
186 -294.0000000000
188 -293.0000000000
189 -292.0000000000
190 -291.0000000000
191 -290.0000000000
194 -289.0000000000
197 -288.0000000000
198 -287.0000000000
199 -286.0000000000
200 -285.0000000000
202 -284.0000000000
205 -283.0000000000
206 -282.0000000000
207 -281.0000000000
209 -280.0000000000
211 -279.0000000000
213 -278.0000000000
216 -277.0000000000
217 -276.0000000000
224 -275.0000000000
228 -274.0000000000
231 -273.0000000000
234 -272.0000000000
238 -271.0000000000
239 -270.0000000000
243 -269.0000000000
245 -268.0000000000
247 -267.0000000000
248 -266.0000000000
254 -265.0000000000
256 -264.0000000000
257 -263.0000000000
259 -262.0000000000
261 -261.0000000000
264 -260.0000000000
266 -259.0000000000
270 -258.0000000000
272 -257.0000000000
278 -256.0000000000
279 -255.0000000000
280 -254.0000000000
283 -253.0000000000
284 -252.0000000000
288 -251.0000000000
290 -250.0000000000
293 -249.0000000000
295 -248.0000000000
296 -247.0000000000
298 -246.0000000000
301 -245.0000000000
304 -244.0000000000
308 -243.0000000000
309 -242.0000000000
310 -241.0000000000
316 -240.0000000000
318 -239.0000000000
320 -238.0000000000
321 -237.0000000000
324 -236.0000000000
325 -235.0000000000
327 -234.0000000000
328 -233.0000000000
333 -232.0000000000
334 -231.0000000000
337 -230.0000000000
338 -229.0000000000
339 -228.0000000000
340 -227.0000000000
343 -226.0000000000
352 -225.0000000000
354 -224.0000000000
360 -223.0000000000
361 -222.0000000000
362 -221.0000000000
365 -220.0000000000
366 -219.0000000000
372 -218.0000000000
376 -217.0000000000
380 -216.0000000000
384 -215.0000000000
386 -214.0000000000
388 -213.0000000000
389 -212.0000000000
390 -211.0000000000
397 -210.0000000000
399 -209.0000000000
405 -208.0000000000
406 -207.0000000000
407 -206.0000000000
408 -205.0000000000
411 -204.0000000000
418 -203.0000000000
420 -202.0000000000
427 -201.0000000000
429 -200.0000000000
434 -199.0000000000
436 -198.0000000000
440 -197.0000000000
441 -196.0000000000
444 -195.0000000000
452 -194.0000000000
455 -193.0000000000
457 -192.0000000000
458 -191.0000000000
464 -190.0000000000
465 -189.0000000000
469 -188.0000000000
473 -187.0000000000
484 -186.0000000000
485 -185.0000000000
487 -184.0000000000
489 -183.0000000000
490 -182.0000000000
491 -181.0000000000
494 -180.0000000000
497 -179.0000000000
503 -178.0000000000
510 -177.0000000000
511 -176.0000000000
513 -175.0000000000
515 -174.0000000000
517 -173.0000000000
518 -172.0000000000
519 -171.0000000000
529 -170.0000000000
532 -169.0000000000
535 -168.0000000000
536 -167.0000000000
540 -166.0000000000
544 -165.0000000000
547 -164.0000000000
550 -163.0000000000
559 -162.0000000000
563 -161.0000000000
565 -160.0000000000
566 -159.0000000000
567 -158.0000000000
569 -157.0000000000
576 -156.0000000000
577 -155.0000000000
581 -154.0000000000
582 -153.0000000000
589 -152.0000000000
590 -151.0000000000
600 -150.0000000000
605 -149.0000000000
619 -148.0000000000
624 -147.0000000000
626 -146.0000000000
627 -145.0000000000
637 -144.0000000000
645 -143.0000000000
646 -142.0000000000
647 -141.0000000000
666 -140.0000000000
669 -139.0000000000
675 -138.0000000000
677 -137.0000000000
679 -136.0000000000
682 -135.0000000000
691 -134.0000000000
696 -133.0000000000
697 -132.0000000000
701 -131.0000000000
707 -130.0000000000
716 -129.0000000000
720 -128.0000000000
722 -127.0000000000
731 -126.0000000000
740 -125.0000000000
746 -124.0000000000
752 -123.0000000000
754 -122.0000000000
755 -121.0000000000
767 -120.0000000000
769 -119.0000000000
770 -118.0000000000
783 -117.0000000000
785 -116.0000000000
786 -115.0000000000
787 -114.0000000000
801 -113.0000000000
802 -112.0000000000
819 -111.0000000000
831 -110.0000000000
832 -109.0000000000
850 -108.0000000000
863 -107.0000000000
869 -106.0000000000
884 -105.0000000000
891 -104.0000000000
895 -103.0000000000
898 -102.0000000000
904 -101.0000000000
913 -100.0000000000
918 -99.0000000000
936 -98.0000000000
940 -97.0000000000
942 -96.0000000000
953 -95.0000000000
965 -94.0000000000
967 -93.0000000000
986 -92.0000000000
1006 -91.0000000000
1018 -90.0000000000
1027 -89.0000000000
1043 -88.0000000000
1046 -87.0000000000
1047 -86.0000000000
1050 -85.0000000000
1064 -84.0000000000
1080 -83.0000000000
1088 -82.0000000000
1109 -81.0000000000
1120 -80.0000000000
1125 -79.0000000000
1138 -78.0000000000
1149 -77.0000000000
1155 -76.0000000000
1163 -75.0000000000
1164 -74.0000000000
1172 -73.0000000000
1173 -72.0000000000
1175 -71.0000000000
1178 -70.0000000000
1200 -69.0000000000
1201 -68.0000000000
1212 -67.0000000000
1217 -66.0000000000
1218 -65.0000000000
1221 -64.0000000000
1223 -63.0000000000
1227 -62.0000000000
1256 -61.0000000000
1267 -60.0000000000
1296 -59.0000000000
1298 -58.0000000000
1314 -57.0000000000
1321 -56.0000000000
1326 -55.0000000000
1342 -54.0000000000
1346 -53.0000000000
1363 -52.0000000000
1405 -51.0000000000
1410 -50.0000000000
1414 -49.0000000000
1439 -48.0000000000
1446 -47.0000000000
1447 -46.0000000000
1454 -45.0000000000
1475 -44.0000000000
1482 -43.0000000000
1519 -42.0000000000
1521 -41.0000000000
1579 -40.0000000000
1581 -39.0000000000
1684 -38.0000000000
1689 -37.0000000000
1708 -36.0000000000
1710 -35.0000000000
1753 -34.0000000000
1792 -33.0000000000
1800 -32.0000000000
1815 -31.0000000000
1823 -30.0000000000
1845 -29.0000000000
1870 -28.0000000000
1911 -27.0000000000
1918 -26.0000000000
1920 -25.0000000000
1958 -24.0000000000
1960 -23.0000000000
2129 -22.0000000000
2134 -21.0000000000
2177 -20.0000000000
2183 -19.0000000000
2236 -18.0000000000
2275 -17.0000000000
2279 -16.0000000000
2341 -15.0000000000
2342 -14.0000000000
2372 -13.0000000000
2374 -12.0000000000
2381 -11.0000000000
2424 -10.0000000000
2453 -9.0000000000
2455 -8.0000000000
2477 -7.0000000000
2507 -6.0000000000
2524 -5.0000000000
2679 -4.0000000000
2744 -3.0000000000
2748 -2.0000000000
2793 -1.0000000000
2807 603.0000000000
10001 -1.0000000000
evaluations raw_y
1 -357.0000000000
2 -356.0000000000
3 -355.0000000000
4 -354.0000000000
8 -353.0000000000
11 -352.0000000000
12 -351.0000000000
13 -350.0000000000
14 -349.0000000000
15 -348.0000000000
17 -347.0000000000
20 -346.0000000000
22 -345.0000000000
24 -344.0000000000
26 -343.0000000000
27 -342.0000000000
28 -341.0000000000
29 -340.0000000000
30 -339.0000000000
31 -338.0000000000
32 -337.0000000000
35 -336.0000000000
40 -335.0000000000
42 -334.0000000000
45 -333.0000000000
48 -332.0000000000
49 -331.0000000000
55 -330.0000000000
58 -329.0000000000
59 -328.0000000000
62 -327.0000000000
65 -326.0000000000
68 -325.0000000000
69 -324.0000000000
70 -323.0000000000
77 -322.0000000000
86 -321.0000000000
89 -320.0000000000
90 -319.0000000000
91 -318.0000000000
94 -317.0000000000
95 -316.0000000000
96 -315.0000000000
100 -314.0000000000
102 -313.0000000000
106 -312.0000000000
108 -311.0000000000
109 -310.0000000000
118 -309.0000000000
119 -308.0000000000
124 -307.0000000000
127 -306.0000000000
129 -305.0000000000
130 -304.0000000000
133 -303.0000000000
134 -302.0000000000
136 -301.0000000000
137 -300.0000000000
139 -299.0000000000
140 -298.0000000000
148 -297.0000000000
151 -296.0000000000
153 -295.0000000000
155 -294.0000000000
156 -293.0000000000
158 -292.0000000000
164 -291.0000000000
168 -290.0000000000
175 -289.0000000000
178 -288.0000000000
181 -287.0000000000
184 -286.0000000000
185 -285.0000000000
190 -284.0000000000
192 -283.0000000000
196 -282.0000000000
202 -281.0000000000
204 -280.0000000000
206 -279.0000000000
210 -278.0000000000
211 -277.0000000000
213 -276.0000000000
214 -275.0000000000
218 -274.0000000000
220 -273.0000000000
221 -272.0000000000
228 -271.0000000000
234 -270.0000000000
237 -269.0000000000
239 -268.0000000000
241 -267.0000000000
242 -266.0000000000
246 -265.0000000000
247 -264.0000000000
250 -263.0000000000
255 -262.0000000000
259 -261.0000000000
261 -260.0000000000
262 -259.0000000000
266 -258.0000000000
267 -257.0000000000
268 -256.0000000000
269 -255.0000000000
271 -254.0000000000
275 -253.0000000000
280 -252.0000000000
281 -251.0000000000
286 -250.0000000000
288 -249.0000000000
291 -248.0000000000
292 -247.0000000000
296 -246.0000000000
297 -245.0000000000
298 -244.0000000000
299 -243.0000000000
300 -242.0000000000
302 -241.0000000000
303 -240.0000000000
305 -239.0000000000
306 -238.0000000000
307 -237.0000000000
308 -236.0000000000
313 -235.0000000000
316 -234.0000000000
317 -233.0000000000
318 -232.0000000000
319 -231.0000000000
323 -230.0000000000
326 -229.0000000000
331 -228.0000000000
337 -227.0000000000
341 -226.0000000000
343 -225.0000000000
345 -224.0000000000
347 -223.0000000000
350 -222.0000000000
358 -221.0000000000
359 -220.0000000000
361 -219.0000000000
368 -218.0000000000
376 -217.0000000000
379 -216.0000000000
380 -215.0000000000
384 -214.0000000000
392 -213.0000000000
394 -212.0000000000
397 -211.0000000000
398 -210.0000000000
404 -209.0000000000
424 -208.0000000000
426 -207.0000000000
428 -206.0000000000
430 -205.0000000000
435 -204.0000000000
437 -203.0000000000
440 -202.0000000000
449 -201.0000000000
451 -200.0000000000
458 -199.0000000000
459 -198.0000000000
460 -197.0000000000
465 -196.0000000000
466 -195.0000000000
468 -194.0000000000
471 -193.0000000000
478 -192.0000000000
486 -191.0000000000
489 -190.0000000000
490 -189.0000000000
501 -188.0000000000
502 -187.0000000000
508 -186.0000000000
513 -185.0000000000
518 -184.0000000000
526 -183.0000000000
534 -182.0000000000
538 -181.0000000000
542 -180.0000000000
543 -179.0000000000
545 -178.0000000000
551 -177.0000000000
554 -176.0000000000
555 -175.0000000000
559 -174.0000000000
561 -173.0000000000
564 -172.0000000000
566 -171.0000000000
569 -170.0000000000
578 -169.0000000000
586 -168.0000000000
589 -167.0000000000
593 -166.0000000000
594 -165.0000000000
600 -164.0000000000
603 -163.0000000000
618 -162.0000000000
620 -161.0000000000
621 -160.0000000000
627 -159.0000000000
629 -158.0000000000
635 -157.0000000000
640 -156.0000000000
641 -155.0000000000
645 -154.0000000000
651 -153.0000000000
652 -152.0000000000
653 -151.0000000000
655 -150.0000000000
669 -149.0000000000
671 -148.0000000000
675 -147.0000000000
676 -146.0000000000
686 -145.0000000000
687 -144.0000000000
693 -143.0000000000
695 -142.0000000000
698 -141.0000000000
701 -140.0000000000
707 -139.0000000000
713 -138.0000000000
720 -137.0000000000
724 -136.0000000000
731 -135.0000000000
734 -134.0000000000
736 -133.0000000000
741 -132.0000000000
742 -131.0000000000
743 -130.0000000000
745 -129.0000000000
746 -128.0000000000
756 -127.0000000000
762 -126.0000000000
768 -125.0000000000
770 -124.0000000000
772 -123.0000000000
793 -122.0000000000
794 -121.0000000000
811 -120.0000000000
825 -119.0000000000
828 -118.0000000000
838 -117.0000000000
839 -116.0000000000
851 -115.0000000000
852 -114.0000000000
855 -113.0000000000
873 -112.0000000000
881 -111.0000000000
882 -110.0000000000
889 -109.0000000000
898 -108.0000000000
904 -107.0000000000
918 -106.0000000000
921 -105.0000000000
935 -104.0000000000
941 -103.0000000000
945 -102.0000000000
946 -101.0000000000
950 -100.0000000000
957 -99.0000000000
967 -98.0000000000
976 -97.0000000000
991 -96.0000000000
995 -95.0000000000
1001 -94.0000000000
1002 -93.0000000000
1003 -92.0000000000
1006 -91.0000000000
1014 -90.0000000000
1030 -89.0000000000
1034 -88.0000000000
1043 -87.0000000000
1049 -86.0000000000
1053 -85.0000000000
1061 -84.0000000000
1062 -83.0000000000
1071 -82.0000000000
1075 -81.0000000000
1085 -80.0000000000
1088 -79.0000000000
1092 -78.0000000000
1094 -77.0000000000
1095 -76.0000000000
1103 -75.0000000000
1110 -74.0000000000
1120 -73.0000000000
1123 -72.0000000000
1140 -71.0000000000
1147 -70.0000000000
1149 -69.0000000000
1153 -68.0000000000
1157 -67.0000000000
1177 -66.0000000000
1179 -65.0000000000
1193 -64.0000000000
1198 -63.0000000000
1203 -62.0000000000
1223 -61.0000000000
1225 -60.0000000000
1243 -59.0000000000
1252 -58.0000000000
1267 -57.0000000000
1272 -56.0000000000
1275 -55.0000000000
1302 -54.0000000000
1304 -53.0000000000
1309 -52.0000000000
1311 -51.0000000000
1335 -50.0000000000
1351 -49.0000000000
1368 -48.0000000000
1381 -47.0000000000
1426 -46.0000000000
1434 -45.0000000000
1454 -44.0000000000
1516 -43.0000000000
1526 -42.0000000000
1530 -41.0000000000
1546 -40.0000000000
1548 -39.0000000000
1557 -38.0000000000
1561 -37.0000000000
1571 -36.0000000000
1600 -35.0000000000
1601 -34.0000000000
1636 -33.0000000000
1664 -32.0000000000
1713 -31.0000000000
1729 -30.0000000000
1761 -29.0000000000
1763 -28.0000000000
1825 -27.0000000000
1832 -26.0000000000
1899 -25.0000000000
1900 -24.0000000000
1953 -23.0000000000
1987 -22.0000000000
2012 -21.0000000000
2075 -20.0000000000
2076 -19.0000000000
2117 -18.0000000000
2147 -17.0000000000
2210 -16.0000000000
2229 -15.0000000000
2278 -14.0000000000
2426 -13.0000000000
2448 -12.0000000000
2453 -11.0000000000
2578 -10.0000000000
2585 -9.0000000000
2661 -8.0000000000
2702 -7.0000000000
2714 -6.0000000000
2717 -5.0000000000
2719 -4.0000000000
2737 -3.0000000000
2767 -2.0000000000
2800 -1.0000000000
2824 594.0000000000
10001 -1.0000000000
evaluations raw_y
1 -344.0000000000
2 -343.0000000000
5 -342.0000000000
6 -341.0000000000
7 -340.0000000000
10 -339.0000000000
11 -338.0000000000
13 -337.0000000000
14 -336.0000000000
15 -335.0000000000
17 -334.0000000000
18 -333.0000000000
20 -332.0000000000
21 -331.0000000000
24 -330.0000000000
26 -329.0000000000
29 -328.0000000000
30 -327.0000000000
32 -326.0000000000
33 -325.0000000000
35 -324.0000000000
39 -323.0000000000
46 -322.0000000000
47 -321.0000000000
49 -320.0000000000
50 -319.0000000000
51 -318.0000000000
56 -317.0000000000
59 -316.0000000000
60 -315.0000000000
66 -314.0000000000
67 -313.0000000000
70 -312.0000000000
72 -311.0000000000
73 -310.0000000000
75 -309.0000000000
76 -308.0000000000
77 -307.0000000000
79 -306.0000000000
80 -305.0000000000
81 -304.0000000000
83 -303.0000000000
85 -302.0000000000
90 -301.0000000000
92 -300.0000000000
94 -299.0000000000
95 -298.0000000000
97 -297.0000000000
99 -296.0000000000
102 -295.0000000000
103 -294.0000000000
104 -293.0000000000
108 -292.0000000000
109 -291.0000000000
110 -290.0000000000
111 -289.0000000000
116 -288.0000000000
118 -287.0000000000
120 -286.0000000000
122 -285.0000000000
124 -284.0000000000
130 -283.0000000000
131 -282.0000000000
134 -281.0000000000
135 -280.0000000000
136 -279.0000000000
139 -278.0000000000
144 -277.0000000000
145 -276.0000000000
157 -275.0000000000
158 -274.0000000000
159 -273.0000000000
160 -272.0000000000
163 -271.0000000000
169 -270.0000000000
170 -269.0000000000
175 -268.0000000000
176 -267.0000000000
177 -266.0000000000
178 -265.0000000000
179 -264.0000000000
183 -263.0000000000
184 -262.0000000000
188 -261.0000000000
191 -260.0000000000
193 -259.0000000000
194 -258.0000000000
195 -257.0000000000
203 -256.0000000000
206 -255.0000000000
212 -254.0000000000
213 -253.0000000000
214 -252.0000000000
215 -251.0000000000
217 -250.0000000000
219 -249.0000000000
225 -248.0000000000
227 -247.0000000000
228 -246.0000000000
232 -245.0000000000
236 -244.0000000000
238 -243.0000000000
239 -242.0000000000
246 -241.0000000000
247 -240.0000000000
254 -239.0000000000
255 -238.0000000000
257 -237.0000000000
268 -236.0000000000
273 -235.0000000000
277 -234.0000000000
280 -233.0000000000
282 -232.0000000000
285 -231.0000000000
289 -230.0000000000
292 -229.0000000000
293 -228.0000000000
295 -227.0000000000
297 -226.0000000000
303 -225.0000000000
304 -224.0000000000
307 -223.0000000000
308 -222.0000000000
312 -221.0000000000
316 -220.0000000000
332 -219.0000000000
334 -218.0000000000
341 -217.0000000000
343 -216.0000000000
346 -215.0000000000
347 -214.0000000000
351 -213.0000000000
352 -212.0000000000
359 -211.0000000000
360 -210.0000000000
363 -209.0000000000
364 -208.0000000000
368 -207.0000000000
382 -206.0000000000
383 -205.0000000000
387 -204.0000000000
391 -203.0000000000
394 -202.0000000000
397 -201.0000000000
400 -200.0000000000
409 -199.0000000000
421 -198.0000000000
433 -197.0000000000
434 -196.0000000000
447 -195.0000000000
449 -194.0000000000
454 -193.0000000000
456 -192.0000000000
458 -191.0000000000
468 -190.0000000000
478 -189.0000000000
484 -188.0000000000
486 -187.0000000000
489 -186.0000000000
492 -185.0000000000
493 -184.0000000000
494 -183.0000000000
497 -182.0000000000
501 -181.0000000000
503 -180.0000000000
505 -179.0000000000
520 -178.0000000000
525 -177.0000000000
528 -176.0000000000
530 -175.0000000000
537 -174.0000000000
545 -173.0000000000
550 -172.0000000000
552 -171.0000000000
557 -170.0000000000
564 -169.0000000000
569 -168.0000000000
577 -167.0000000000
578 -166.0000000000
581 -165.0000000000
594 -164.0000000000
597 -163.0000000000
602 -162.0000000000
609 -161.0000000000
610 -160.0000000000
611 -159.0000000000
614 -158.0000000000
615 -157.0000000000
622 -156.0000000000
624 -155.0000000000
625 -154.0000000000
633 -153.0000000000
635 -152.0000000000
638 -151.0000000000
645 -150.0000000000
646 -149.0000000000
651 -148.0000000000
657 -147.0000000000
673 -146.0000000000
676 -145.0000000000
679 -144.0000000000
686 -143.0000000000
690 -142.0000000000
692 -141.0000000000
693 -140.0000000000
694 -139.0000000000
695 -138.0000000000
698 -137.0000000000
701 -136.0000000000
709 -135.0000000000
715 -134.0000000000
717 -133.0000000000
722 -132.0000000000
730 -131.0000000000
731 -130.0000000000
750 -129.0000000000
758 -128.0000000000
785 -127.0000000000
790 -126.0000000000
792 -125.0000000000
800 -124.0000000000
808 -123.0000000000
809 -122.0000000000
823 -121.0000000000
829 -120.0000000000
830 -119.0000000000
831 -118.0000000000
833 -117.0000000000
836 -116.0000000000
840 -115.0000000000
843 -114.0000000000
853 -113.0000000000
857 -112.0000000000
860 -111.0000000000
873 -110.0000000000
878 -109.0000000000
880 -108.0000000000
882 -107.0000000000
885 -106.0000000000
887 -105.0000000000
895 -104.0000000000
902 -103.0000000000
915 -102.0000000000
916 -101.0000000000
917 -100.0000000000
923 -99.0000000000
925 -98.0000000000
927 -97.0000000000
934 -96.0000000000
935 -95.0000000000
939 -94.0000000000
942 -93.0000000000
943 -92.0000000000
961 -91.0000000000
964 -90.0000000000
967 -89.0000000000
979 -88.0000000000
998 -87.0000000000
1004 -86.0000000000
1007 -85.0000000000
1022 -84.0000000000
1030 -83.0000000000
1055 -82.0000000000
1058 -81.0000000000
1062 -80.0000000000
1065 -79.0000000000
1087 -78.0000000000
1092 -77.0000000000
1096 -76.0000000000
1109 -75.0000000000
1110 -74.0000000000
1114 -73.0000000000
1119 -72.0000000000
1124 -71.0000000000
1172 -70.0000000000
1206 -69.0000000000
1256 -68.0000000000
1263 -67.0000000000
1272 -66.0000000000
1273 -65.0000000000
1274 -64.0000000000
1294 -63.0000000000
1307 -62.0000000000
1314 -61.0000000000
1331 -60.0000000000
1332 -59.0000000000
1334 -58.0000000000
1342 -57.0000000000
1361 -56.0000000000
1370 -55.0000000000
1378 -54.0000000000
1396 -53.0000000000
1397 -52.0000000000
1400 -51.0000000000
1409 -50.0000000000
1413 -49.0000000000
1419 -48.0000000000
1439 -47.0000000000
1452 -46.0000000000
1456 -45.0000000000
1465 -44.0000000000
1498 -43.0000000000
1499 -42.0000000000
1522 -41.0000000000
1525 -40.0000000000
1526 -39.0000000000
1530 -38.0000000000
1541 -37.0000000000
1554 -36.0000000000
1555 -35.0000000000
1564 -34.0000000000
1581 -33.0000000000
1588 -32.0000000000
1606 -31.0000000000
1615 -30.0000000000
1632 -29.0000000000
1635 -28.0000000000
1636 -27.0000000000
1642 -26.0000000000
1665 -25.0000000000
1679 -24.0000000000
1683 -23.0000000000
1707 -22.0000000000
1708 -21.0000000000
1734 -20.0000000000
1738 -19.0000000000
1768 -18.0000000000
1798 -17.0000000000
1845 -16.0000000000
1869 -15.0000000000
1871 -14.0000000000
1954 -13.0000000000
1989 -12.0000000000
2003 -11.0000000000
2040 -10.0000000000
2047 -9.0000000000
2096 -8.0000000000
2128 -7.0000000000
2130 -6.0000000000
2215 -5.0000000000
2254 -4.0000000000
2407 -3.0000000000
2431 -2.0000000000
2476 -1.0000000000
2527 602.0000000000
10001 -1.0000000000
evaluations raw_y
1 -360.0000000000
2 -359.0000000000
3 -358.0000000000
4 -357.0000000000
5 -356.0000000000
7 -355.0000000000
14 -354.0000000000
15 -353.0000000000
16 -352.0000000000
18 -351.0000000000
21 -350.0000000000
22 -349.0000000000
25 -348.0000000000
28 -347.0000000000
29 -346.0000000000
32 -345.0000000000
33 -344.0000000000
34 -343.0000000000
35 -342.0000000000
36 -341.0000000000
37 -340.0000000000
39 -339.0000000000
40 -338.0000000000
42 -337.0000000000
43 -336.0000000000
44 -335.0000000000
45 -334.0000000000
47 -333.0000000000
51 -332.0000000000
52 -331.0000000000
53 -330.0000000000
54 -329.0000000000
56 -328.0000000000
57 -327.0000000000
59 -326.0000000000
60 -325.0000000000
61 -324.0000000000
62 -323.0000000000
63 -322.0000000000
64 -321.0000000000
66 -320.0000000000
67 -319.0000000000
68 -318.0000000000
70 -317.0000000000
73 -316.0000000000
75 -315.0000000000
76 -314.0000000000
77 -313.0000000000
79 -312.0000000000
81 -311.0000000000
82 -310.0000000000
86 -309.0000000000
88 -308.0000000000
89 -307.0000000000
92 -306.0000000000
93 -305.0000000000
94 -304.0000000000
95 -303.0000000000
100 -302.0000000000
102 -301.0000000000
104 -300.0000000000
105 -299.0000000000
107 -298.0000000000
110 -297.0000000000
111 -296.0000000000
114 -295.0000000000
116 -294.0000000000
123 -293.0000000000
124 -292.0000000000
125 -291.0000000000
127 -290.0000000000
128 -289.0000000000
134 -288.0000000000
137 -287.0000000000
139 -286.0000000000
143 -285.0000000000
149 -284.0000000000
151 -283.0000000000
152 -282.0000000000
153 -281.0000000000
154 -280.0000000000
155 -279.0000000000
157 -278.0000000000
159 -277.0000000000
162 -276.0000000000
165 -275.0000000000
167 -274.0000000000
168 -273.0000000000
169 -272.0000000000
170 -271.0000000000
174 -270.0000000000
175 -269.0000000000
176 -268.0000000000
188 -267.0000000000
189 -266.0000000000
190 -265.0000000000
193 -264.0000000000
194 -263.0000000000
197 -262.0000000000
200 -261.0000000000
201 -260.0000000000
210 -259.0000000000
211 -258.0000000000
213 -257.0000000000
215 -256.0000000000
216 -255.0000000000
222 -254.0000000000
224 -253.0000000000
231 -252.0000000000
232 -251.0000000000
235 -250.0000000000
238 -249.0000000000
239 -248.0000000000
240 -247.0000000000
249 -246.0000000000
250 -245.0000000000
253 -244.0000000000
262 -243.0000000000
264 -242.0000000000
265 -241.0000000000
267 -240.0000000000
270 -239.0000000000
271 -238.0000000000
275 -237.0000000000
281 -236.0000000000
282 -235.0000000000
285 -234.0000000000
290 -233.0000000000
296 -232.0000000000
298 -231.0000000000
299 -230.0000000000
302 -229.0000000000
305 -228.0000000000
306 -227.0000000000
309 -226.0000000000
311 -225.0000000000
314 -224.0000000000
320 -223.0000000000
329 -222.0000000000
332 -221.0000000000
338 -220.0000000000
341 -219.0000000000
342 -218.0000000000
352 -217.0000000000
357 -216.0000000000
359 -215.0000000000
361 -214.0000000000
372 -213.0000000000
373 -212.0000000000
374 -211.0000000000
379 -210.0000000000
380 -209.0000000000
381 -208.0000000000
384 -207.0000000000
385 -206.0000000000
387 -205.0000000000
389 -204.0000000000
392 -203.0000000000
396 -202.0000000000
405 -201.0000000000
406 -200.0000000000
416 -199.0000000000
417 -198.0000000000
420 -197.0000000000
422 -196.0000000000
426 -195.0000000000
427 -194.0000000000
431 -193.0000000000
432 -192.0000000000
435 -191.0000000000
436 -190.0000000000
442 -189.0000000000
444 -188.0000000000
446 -187.0000000000
450 -186.0000000000
451 -185.0000000000
452 -184.0000000000
453 -183.0000000000
455 -182.0000000000
456 -181.0000000000
457 -180.0000000000
460 -179.0000000000
465 -178.0000000000
470 -177.0000000000
475 -176.0000000000
477 -175.0000000000
481 -174.0000000000
500 -173.0000000000
502 -172.0000000000
508 -171.0000000000
510 -170.0000000000
514 -169.0000000000
515 -168.0000000000
519 -167.0000000000
522 -166.0000000000
528 -165.0000000000
529 -164.0000000000
531 -163.0000000000
534 -162.0000000000
536 -161.0000000000
541 -160.0000000000
549 -159.0000000000
550 -158.0000000000
554 -157.0000000000
558 -156.0000000000
565 -155.0000000000
568 -154.0000000000
571 -153.0000000000
573 -152.0000000000
577 -151.0000000000
578 -150.0000000000
586 -149.0000000000
587 -148.0000000000
592 -147.0000000000
598 -146.0000000000
605 -145.0000000000
612 -144.0000000000
620 -143.0000000000
634 -142.0000000000
651 -141.0000000000
652 -140.0000000000
653 -139.0000000000
657 -138.0000000000
662 -137.0000000000
675 -136.0000000000
678 -135.0000000000
679 -134.0000000000
685 -133.0000000000
690 -132.0000000000
691 -131.0000000000
701 -130.0000000000
710 -129.0000000000
726 -128.0000000000
738 -127.0000000000
744 -126.0000000000
750 -125.0000000000
756 -124.0000000000
757 -123.0000000000
760 -122.0000000000
765 -121.0000000000
770 -120.0000000000
778 -119.0000000000
786 -118.0000000000
789 -117.0000000000
796 -116.0000000000
805 -115.0000000000
806 -114.0000000000
813 -113.0000000000
816 -112.0000000000
821 -111.0000000000
824 -110.0000000000
836 -109.0000000000
841 -108.0000000000
843 -107.0000000000
849 -106.0000000000
865 -105.0000000000
876 -104.0000000000
880 -103.0000000000
882 -102.0000000000
886 -101.0000000000
893 -100.0000000000
899 -99.0000000000
916 -98.0000000000
942 -97.0000000000
950 -96.0000000000
954 -95.0000000000
973 -94.0000000000
979 -93.0000000000
984 -92.0000000000
999 -91.0000000000
1008 -90.0000000000
1010 -89.0000000000
1015 -88.0000000000
1031 -87.0000000000
1032 -86.0000000000
1036 -85.0000000000
1042 -84.0000000000
1051 -83.0000000000
1055 -82.0000000000
1058 -81.0000000000
1060 -80.0000000000
1073 -79.0000000000
1076 -78.0000000000
1077 -77.0000000000
1079 -76.0000000000
1093 -75.0000000000
1095 -74.0000000000
1120 -73.0000000000
1139 -72.0000000000
1140 -71.0000000000
1148 -70.0000000000
1160 -69.0000000000
1173 -68.0000000000
1185 -67.0000000000
1188 -66.0000000000
1194 -65.0000000000
1199 -64.0000000000
1200 -63.0000000000
1221 -62.0000000000
1244 -61.0000000000
1245 -60.0000000000
1256 -59.0000000000
1263 -58.0000000000
1270 -57.0000000000
1299 -56.0000000000
1309 -55.0000000000
1317 -54.0000000000
1319 -53.0000000000
1321 -52.0000000000
1335 -51.0000000000
1338 -50.0000000000
1352 -49.0000000000
1354 -48.0000000000
1367 -47.0000000000
1374 -46.0000000000
1384 -45.0000000000
1390 -44.0000000000
1394 -43.0000000000
1396 -42.0000000000
1407 -41.0000000000
1423 -40.0000000000
1443 -39.0000000000
1479 -38.0000000000
1530 -37.0000000000
1534 -36.0000000000
1557 -35.0000000000
1563 -34.0000000000
1573 -33.0000000000
1602 -32.0000000000
1627 -31.0000000000
1629 -30.0000000000
1641 -29.0000000000
1645 -28.0000000000
1661 -27.0000000000
1744 -26.0000000000
1756 -25.0000000000
1806 -24.0000000000
1817 -23.0000000000
1831 -22.0000000000
1879 -21.0000000000
1891 -20.0000000000
1919 -19.0000000000
1923 -18.0000000000
1956 -17.0000000000
1992 -16.0000000000
2002 -15.0000000000
2010 -14.0000000000
2014 -13.0000000000
2017 -12.0000000000
2046 -11.0000000000
2141 -10.0000000000
2152 -9.0000000000
2190 -8.0000000000
2193 -7.0000000000
2253 -6.0000000000
2274 -5.0000000000
2338 -4.0000000000
2346 -3.0000000000
2510 -2.0000000000
2548 -1.0000000000
2572 615.0000000000
10001 -1.0000000000
evaluations raw_y
1 -361.0000000000
2 -360.0000000000
5 -359.0000000000
8 -358.0000000000
9 -357.0000000000
10 -356.0000000000
14 -355.0000000000
15 -354.0000000000
17 -353.0000000000
18 -352.0000000000
20 -351.0000000000
21 -350.0000000000
22 -349.0000000000
23 -348.0000000000
24 -347.0000000000
26 -346.0000000000
27 -345.0000000000
28 -344.0000000000
29 -343.0000000000
30 -342.0000000000
31 -341.0000000000
32 -340.0000000000
33 -339.0000000000
34 -338.0000000000
35 -337.0000000000
36 -336.0000000000
37 -335.0000000000
38 -334.0000000000
39 -333.0000000000
41 -332.0000000000
42 -331.0000000000
43 -330.0000000000
44 -329.0000000000
45 -328.0000000000
47 -327.0000000000
52 -326.0000000000
53 -325.0000000000
54 -324.0000000000
58 -323.0000000000
64 -322.0000000000
65 -321.0000000000
68 -320.0000000000
71 -319.0000000000
72 -318.0000000000
77 -317.0000000000
78 -316.0000000000
81 -315.0000000000
83 -314.0000000000
84 -313.0000000000
85 -312.0000000000
86 -311.0000000000
91 -310.0000000000
93 -309.0000000000
97 -308.0000000000
100 -307.0000000000
101 -306.0000000000
102 -305.0000000000
105 -304.0000000000
108 -303.0000000000
110 -302.0000000000
111 -301.0000000000
119 -300.0000000000
120 -299.0000000000
124 -298.0000000000
127 -297.0000000000
128 -296.0000000000
131 -295.0000000000
132 -294.0000000000
135 -293.0000000000
139 -292.0000000000
140 -291.0000000000
144 -290.0000000000
156 -289.0000000000
158 -288.0000000000
159 -287.0000000000
163 -286.0000000000
171 -285.0000000000
173 -284.0000000000
174 -283.0000000000
175 -282.0000000000
184 -281.0000000000
187 -280.0000000000
189 -279.0000000000
191 -278.0000000000
192 -277.0000000000
197 -276.0000000000
201 -275.0000000000
204 -274.0000000000
205 -273.0000000000
206 -272.0000000000
214 -271.0000000000
215 -270.0000000000
216 -269.0000000000
220 -268.0000000000
224 -267.0000000000
225 -266.0000000000
227 -265.0000000000
228 -264.0000000000
229 -263.0000000000
230 -262.0000000000
231 -261.0000000000
237 -260.0000000000
239 -259.0000000000
249 -258.0000000000
252 -257.0000000000
253 -256.0000000000
259 -255.0000000000
261 -254.0000000000
263 -253.0000000000
267 -252.0000000000
268 -251.0000000000
269 -250.0000000000
271 -249.0000000000
272 -248.0000000000
274 -247.0000000000
276 -246.0000000000
279 -245.0000000000
282 -244.0000000000
285 -243.0000000000
290 -242.0000000000
293 -241.0000000000
294 -240.0000000000
298 -239.0000000000
299 -238.0000000000
300 -237.0000000000
302 -236.0000000000
303 -235.0000000000
306 -234.0000000000
308 -233.0000000000
313 -232.0000000000
314 -231.0000000000
316 -230.0000000000
325 -229.0000000000
327 -228.0000000000
329 -227.0000000000
334 -226.0000000000
337 -225.0000000000
338 -224.0000000000
341 -223.0000000000
342 -222.0000000000
343 -221.0000000000
350 -220.0000000000
351 -219.0000000000
359 -218.0000000000
360 -217.0000000000
364 -216.0000000000
365 -215.0000000000
367 -214.0000000000
368 -213.0000000000
372 -212.0000000000
376 -211.0000000000
377 -210.0000000000
389 -209.0000000000
391 -208.0000000000
392 -207.0000000000
395 -206.0000000000
396 -205.0000000000
398 -204.0000000000
399 -203.0000000000
408 -202.0000000000
409 -201.0000000000
411 -200.0000000000
414 -199.0000000000
417 -198.0000000000
425 -197.0000000000
426 -196.0000000000
430 -195.0000000000
432 -194.0000000000
433 -193.0000000000
435 -192.0000000000
443 -191.0000000000
444 -190.0000000000
448 -189.0000000000
452 -188.0000000000
455 -187.0000000000
460 -186.0000000000
462 -185.0000000000
466 -184.0000000000
469 -183.0000000000
471 -182.0000000000
476 -181.0000000000
477 -180.0000000000
481 -179.0000000000
488 -178.0000000000
489 -177.0000000000
490 -176.0000000000
496 -175.0000000000
501 -174.0000000000
503 -173.0000000000
505 -172.0000000000
524 -171.0000000000
528 -170.0000000000
529 -169.0000000000
530 -168.0000000000
533 -167.0000000000
544 -166.0000000000
547 -165.0000000000
549 -164.0000000000
555 -163.0000000000
558 -162.0000000000
560 -161.0000000000
569 -160.0000000000
573 -159.0000000000
577 -158.0000000000
583 -157.0000000000
588 -156.0000000000
591 -155.0000000000
592 -154.0000000000
594 -153.0000000000
596 -152.0000000000
605 -151.0000000000
606 -150.0000000000
608 -149.0000000000
611 -148.0000000000
615 -147.0000000000
627 -146.0000000000
634 -145.0000000000
641 -144.0000000000
649 -143.0000000000
651 -142.0000000000
660 -141.0000000000
669 -140.0000000000
682 -139.0000000000
691 -138.0000000000
697 -137.0000000000
699 -136.0000000000
711 -135.0000000000
723 -134.0000000000
724 -133.0000000000
733 -132.0000000000
734 -131.0000000000
736 -130.0000000000
738 -129.0000000000
745 -128.0000000000
748 -127.0000000000
759 -126.0000000000
778 -125.0000000000
782 -124.0000000000
799 -123.0000000000
801 -122.0000000000
803 -121.0000000000
823 -120.0000000000
830 -119.0000000000
847 -118.0000000000
851 -117.0000000000
855 -116.0000000000
856 -115.0000000000
858 -114.0000000000
859 -113.0000000000
872 -112.0000000000
884 -111.0000000000
885 -110.0000000000
906 -109.0000000000
909 -108.0000000000
918 -107.0000000000
926 -106.0000000000
927 -105.0000000000
930 -104.0000000000
938 -103.0000000000
944 -102.0000000000
945 -101.0000000000
949 -100.0000000000
956 -99.0000000000
965 -98.0000000000
967 -97.0000000000
972 -96.0000000000
986 -95.0000000000
988 -94.0000000000
989 -93.0000000000
995 -92.0000000000
1007 -91.0000000000
1008 -90.0000000000
1013 -89.0000000000
1014 -88.0000000000
1020 -87.0000000000
1025 -86.0000000000
1028 -85.0000000000
1030 -84.0000000000
1031 -83.0000000000
1032 -82.0000000000
1050 -81.0000000000
1053 -80.0000000000
1063 -79.0000000000
1082 -78.0000000000
1091 -77.0000000000
1102 -76.0000000000
1108 -75.0000000000
1119 -74.0000000000
1123 -73.0000000000
1139 -72.0000000000
1153 -71.0000000000
1157 -70.0000000000
1159 -69.0000000000
1164 -68.0000000000
1165 -67.0000000000
1166 -66.0000000000
1178 -65.0000000000
1243 -64.0000000000
1248 -63.0000000000
1251 -62.0000000000
1258 -61.0000000000
1274 -60.0000000000
1295 -59.0000000000
1309 -58.0000000000
1328 -57.0000000000
1336 -56.0000000000
1344 -55.0000000000
1360 -54.0000000000
1371 -53.0000000000
1375 -52.0000000000
1376 -51.0000000000
1429 -50.0000000000
1448 -49.0000000000
1483 -48.0000000000
1490 -47.0000000000
1493 -46.0000000000
1505 -45.0000000000
1516 -44.0000000000
1527 -43.0000000000
1528 -42.0000000000
1540 -41.0000000000
1548 -40.0000000000
1561 -39.0000000000
1596 -38.0000000000
1633 -37.0000000000
1640 -36.0000000000
1700 -35.0000000000
1729 -34.0000000000
1760 -33.0000000000
1813 -32.0000000000
1854 -31.0000000000
1860 -30.0000000000
1866 -29.0000000000
1908 -28.0000000000
1959 -27.0000000000
1966 -26.0000000000
1975 -25.0000000000
2019 -24.0000000000
2026 -23.0000000000
2038 -22.0000000000
2099 -21.0000000000
2119 -20.0000000000
2130 -19.0000000000
2182 -18.0000000000
2197 -17.0000000000
2200 -16.0000000000
2209 -15.0000000000
2213 -14.0000000000
2232 -13.0000000000
2233 -12.0000000000
2264 -11.0000000000
2305 -10.0000000000
2367 -9.0000000000
2490 -8.0000000000
2570 -7.0000000000
2683 -6.0000000000
2734 -5.0000000000
2797 -4.0000000000
2866 -3.0000000000
2938 -2.0000000000
2956 -1.0000000000
3077 623.0000000000
10001 -1.0000000000
evaluations raw_y
1 -372.0000000000
2 -371.0000000000
4 -370.0000000000
10 -369.0000000000
12 -368.0000000000
13 -367.0000000000
16 -366.0000000000
18 -365.0000000000
19 -364.0000000000
20 -363.0000000000
23 -362.0000000000
27 -361.0000000000
29 -360.0000000000
31 -359.0000000000
32 -358.0000000000
33 -357.0000000000
34 -356.0000000000
35 -355.0000000000
39 -354.0000000000
42 -353.0000000000
45 -352.0000000000
46 -351.0000000000
50 -350.0000000000
51 -349.0000000000
52 -348.0000000000
54 -347.0000000000
58 -346.0000000000
62 -345.0000000000
67 -344.0000000000
69 -343.0000000000
70 -342.0000000000
71 -341.0000000000
74 -340.0000000000
77 -339.0000000000
79 -338.0000000000
80 -337.0000000000
81 -336.0000000000
83 -335.0000000000
84 -334.0000000000
85 -333.0000000000
86 -332.0000000000
88 -331.0000000000
91 -330.0000000000
92 -329.0000000000
96 -328.0000000000
98 -327.0000000000
99 -326.0000000000
101 -325.0000000000
103 -324.0000000000
105 -323.0000000000
106 -322.0000000000
110 -321.0000000000
111 -320.0000000000
112 -319.0000000000
113 -318.0000000000
114 -317.0000000000
117 -316.0000000000
118 -315.0000000000
119 -314.0000000000
121 -313.0000000000
124 -312.0000000000
127 -311.0000000000
132 -310.0000000000
135 -309.0000000000
137 -308.0000000000
140 -307.0000000000
143 -306.0000000000
144 -305.0000000000
147 -304.0000000000
149 -303.0000000000
154 -302.0000000000
155 -301.0000000000
156 -300.0000000000
158 -299.0000000000
159 -298.0000000000
161 -297.0000000000
162 -296.0000000000
163 -295.0000000000
169 -294.0000000000
170 -293.0000000000
171 -292.0000000000
173 -291.0000000000
176 -290.0000000000
179 -289.0000000000
181 -288.0000000000
188 -287.0000000000
190 -286.0000000000
192 -285.0000000000
193 -284.0000000000
194 -283.0000000000
195 -282.0000000000
196 -281.0000000000
202 -280.0000000000
204 -279.0000000000
211 -278.0000000000
212 -277.0000000000
213 -276.0000000000
214 -275.0000000000
215 -274.0000000000
216 -273.0000000000
219 -272.0000000000
222 -271.0000000000
223 -270.0000000000
225 -269.0000000000
227 -268.0000000000
228 -267.0000000000
232 -266.0000000000
233 -265.0000000000
235 -264.0000000000
238 -263.0000000000
240 -262.0000000000
241 -261.0000000000
245 -260.0000000000
250 -259.0000000000
251 -258.0000000000
252 -257.0000000000
253 -256.0000000000
254 -255.0000000000
256 -254.0000000000
262 -253.0000000000
263 -252.0000000000
264 -251.0000000000
265 -250.0000000000
266 -249.0000000000
269 -248.0000000000
272 -247.0000000000
278 -246.0000000000
284 -245.0000000000
290 -244.0000000000
298 -243.0000000000
301 -242.0000000000
311 -241.0000000000
317 -240.0000000000
321 -239.0000000000
324 -238.0000000000
325 -237.0000000000
327 -236.0000000000
330 -235.0000000000
331 -234.0000000000
333 -233.0000000000
334 -232.0000000000
335 -231.0000000000
337 -230.0000000000
344 -229.0000000000
345 -228.0000000000
347 -227.0000000000
349 -226.0000000000
350 -225.0000000000
351 -224.0000000000
353 -223.0000000000
358 -222.0000000000
363 -221.0000000000
364 -220.0000000000
372 -219.0000000000
373 -218.0000000000
374 -217.0000000000
376 -216.0000000000
378 -215.0000000000
379 -214.0000000000
381 -213.0000000000
386 -212.0000000000
393 -211.0000000000
396 -210.0000000000
400 -209.0000000000
402 -208.0000000000
403 -207.0000000000
404 -206.0000000000
410 -205.0000000000
413 -204.0000000000
414 -203.0000000000
417 -202.0000000000
419 -201.0000000000
425 -200.0000000000
429 -199.0000000000
430 -198.0000000000
434 -197.0000000000
440 -196.0000000000
441 -195.0000000000
450 -194.0000000000
451 -193.0000000000
455 -192.0000000000
458 -191.0000000000
462 -190.0000000000
463 -189.0000000000
466 -188.0000000000
467 -187.0000000000
469 -186.0000000000
470 -185.0000000000
472 -184.0000000000
478 -183.0000000000
480 -182.0000000000
489 -181.0000000000
490 -180.0000000000
492 -179.0000000000
502 -178.0000000000
505 -177.0000000000
508 -176.0000000000
511 -175.0000000000
514 -174.0000000000
516 -173.0000000000
517 -172.0000000000
523 -171.0000000000
525 -170.0000000000
527 -169.0000000000
529 -168.0000000000
530 -167.0000000000
534 -166.0000000000
536 -165.0000000000
537 -164.0000000000
539 -163.0000000000
540 -162.0000000000
541 -161.0000000000
546 -160.0000000000
552 -159.0000000000
560 -158.0000000000
563 -157.0000000000
569 -156.0000000000
572 -155.0000000000
586 -154.0000000000
588 -153.0000000000
592 -152.0000000000
599 -151.0000000000
600 -150.0000000000
601 -149.0000000000
602 -148.0000000000
613 -147.0000000000
617 -146.0000000000
619 -145.0000000000
621 -144.0000000000
628 -143.0000000000
645 -142.0000000000
647 -141.0000000000
649 -140.0000000000
651 -139.0000000000
660 -138.0000000000
669 -137.0000000000
673 -136.0000000000
674 -135.0000000000
677 -134.0000000000
680 -133.0000000000
690 -132.0000000000
692 -131.0000000000
703 -130.0000000000
705 -129.0000000000
713 -128.0000000000
722 -127.0000000000
729 -126.0000000000
731 -125.0000000000
735 -124.0000000000
736 -123.0000000000
738 -122.0000000000
742 -121.0000000000
744 -120.0000000000
746 -119.0000000000
760 -118.0000000000
764 -117.0000000000
766 -116.0000000000
773 -115.0000000000
777 -114.0000000000
778 -113.0000000000
779 -112.0000000000
788 -111.0000000000
790 -110.0000000000
796 -109.0000000000
798 -108.0000000000
799 -107.0000000000
805 -106.0000000000
821 -105.0000000000
823 -104.0000000000
824 -103.0000000000
834 -102.0000000000
838 -101.0000000000
843 -100.0000000000
850 -99.0000000000
870 -98.0000000000
872 -97.0000000000
881 -96.0000000000
884 -95.0000000000
897 -94.0000000000
901 -93.0000000000
905 -92.0000000000
922 -91.0000000000
926 -90.0000000000
928 -89.0000000000
939 -88.0000000000
942 -87.0000000000
945 -86.0000000000
947 -85.0000000000
950 -84.0000000000
958 -83.0000000000
968 -82.0000000000
990 -81.0000000000
991 -80.0000000000
1002 -79.0000000000
1009 -78.0000000000
1016 -77.0000000000
1034 -76.0000000000
1040 -75.0000000000
1041 -74.0000000000
1043 -73.0000000000
1045 -72.0000000000
1059 -71.0000000000
1062 -70.0000000000
1064 -69.0000000000
1065 -68.0000000000
1066 -67.0000000000
1071 -66.0000000000
1072 -65.0000000000
1074 -64.0000000000
1075 -63.0000000000
1090 -62.0000000000
1091 -61.0000000000
1094 -60.0000000000
1096 -59.0000000000
1103 -58.0000000000
1113 -57.0000000000
1120 -56.0000000000
1127 -55.0000000000
1130 -54.0000000000
1135 -53.0000000000
1143 -52.0000000000
1158 -51.0000000000
1173 -50.0000000000
1197 -49.0000000000
1203 -48.0000000000
1204 -47.0000000000
1212 -46.0000000000
1218 -45.0000000000
1226 -44.0000000000
1250 -43.0000000000
1259 -42.0000000000
1281 -41.0000000000
1300 -40.0000000000
1319 -39.0000000000
1329 -38.0000000000
1342 -37.0000000000
1362 -36.0000000000
1377 -35.0000000000
1390 -34.0000000000
1397 -33.0000000000
1425 -32.0000000000
1437 -31.0000000000
1453 -30.0000000000
1476 -29.0000000000
1477 -28.0000000000
1484 -27.0000000000
1517 -26.0000000000
1527 -25.0000000000
1530 -24.0000000000
1531 -23.0000000000
1546 -22.0000000000
1550 -21.0000000000
1582 -20.0000000000
1603 -19.0000000000
1625 -18.0000000000
1647 -17.0000000000
1662 -16.0000000000
1722 -15.0000000000
1725 -14.0000000000
1844 -13.0000000000
1926 -12.0000000000
1941 -11.0000000000
1991 -10.0000000000
2010 -9.0000000000
2027 -8.0000000000
2206 -7.0000000000
2213 -6.0000000000
2214 -5.0000000000
2273 -4.0000000000
2348 -3.0000000000
2575 -2.0000000000
2647 -1.0000000000
2775 622.0000000000
10001 -1.0000000000
evaluations raw_y
1 -368.0000000000
2 -367.0000000000
4 -366.0000000000
6 -365.0000000000
8 -364.0000000000
9 -363.0000000000
11 -362.0000000000
13 -361.0000000000
15 -360.0000000000
19 -359.0000000000
21 -358.0000000000
24 -357.0000000000
26 -356.0000000000
27 -355.0000000000
28 -354.0000000000
32 -353.0000000000
37 -352.0000000000
39 -351.0000000000
40 -350.0000000000
41 -349.0000000000
45 -348.0000000000
47 -347.0000000000
48 -346.0000000000
50 -345.0000000000
51 -344.0000000000
52 -343.0000000000
54 -342.0000000000
56 -341.0000000000
57 -340.0000000000
58 -339.0000000000
59 -338.0000000000
60 -337.0000000000
62 -336.0000000000
64 -335.0000000000
66 -334.0000000000
69 -333.0000000000
70 -332.0000000000
74 -331.0000000000
78 -330.0000000000
79 -329.0000000000
81 -328.0000000000
82 -327.0000000000
84 -326.0000000000
86 -325.0000000000
87 -324.0000000000
89 -323.0000000000
91 -322.0000000000
92 -321.0000000000
94 -320.0000000000
95 -319.0000000000
96 -318.0000000000
105 -317.0000000000
108 -316.0000000000
109 -315.0000000000
111 -314.0000000000
112 -313.0000000000
115 -312.0000000000
116 -311.0000000000
120 -310.0000000000
123 -309.0000000000
124 -308.0000000000
126 -307.0000000000
129 -306.0000000000
134 -305.0000000000
137 -304.0000000000
140 -303.0000000000
142 -302.0000000000
143 -301.0000000000
149 -300.0000000000
150 -299.0000000000
155 -298.0000000000
156 -297.0000000000
160 -296.0000000000
163 -295.0000000000
164 -294.0000000000
165 -293.0000000000
167 -292.0000000000
168 -291.0000000000
170 -290.0000000000
172 -289.0000000000
173 -288.0000000000
174 -287.0000000000
177 -286.0000000000
178 -285.0000000000
181 -284.0000000000
182 -283.0000000000
183 -282.0000000000
184 -281.0000000000
185 -280.0000000000
186 -279.0000000000
187 -278.0000000000
188 -277.0000000000
189 -276.0000000000
191 -275.0000000000
200 -274.0000000000
201 -273.0000000000
202 -272.0000000000
205 -271.0000000000
207 -270.0000000000
208 -269.0000000000
209 -268.0000000000
211 -267.0000000000
214 -266.0000000000
217 -265.0000000000
219 -264.0000000000
220 -263.0000000000
225 -262.0000000000
230 -261.0000000000
235 -260.0000000000
236 -259.0000000000
238 -258.0000000000
242 -257.0000000000
246 -256.0000000000
247 -255.0000000000
252 -254.0000000000
253 -253.0000000000
254 -252.0000000000
255 -251.0000000000
258 -250.0000000000
259 -249.0000000000
263 -248.0000000000
264 -247.0000000000
267 -246.0000000000
270 -245.0000000000
275 -244.0000000000
276 -243.0000000000
277 -242.0000000000
282 -241.0000000000
284 -240.0000000000
286 -239.0000000000
287 -238.0000000000
292 -237.0000000000
294 -236.0000000000
295 -235.0000000000
298 -234.0000000000
303 -233.0000000000
308 -232.0000000000
314 -231.0000000000
319 -230.0000000000
322 -229.0000000000
326 -228.0000000000
327 -227.0000000000
332 -226.0000000000
339 -225.0000000000
345 -224.0000000000
353 -223.0000000000
354 -222.0000000000
356 -221.0000000000
358 -220.0000000000
360 -219.0000000000
366 -218.0000000000
370 -217.0000000000
375 -216.0000000000
379 -215.0000000000
382 -214.0000000000
383 -213.0000000000
385 -212.0000000000
387 -211.0000000000
389 -210.0000000000
391 -209.0000000000
394 -208.0000000000
397 -207.0000000000
402 -206.0000000000
404 -205.0000000000
405 -204.0000000000
407 -203.0000000000
408 -202.0000000000
412 -201.0000000000
417 -200.0000000000
419 -199.0000000000
421 -198.0000000000
430 -197.0000000000
432 -196.0000000000
434 -195.0000000000
436 -194.0000000000
437 -193.0000000000
438 -192.0000000000
439 -191.0000000000
440 -190.0000000000
441 -189.0000000000
444 -188.0000000000
447 -187.0000000000
460 -186.0000000000
461 -185.0000000000
462 -184.0000000000
463 -183.0000000000
465 -182.0000000000
467 -181.0000000000
468 -180.0000000000
470 -179.0000000000
474 -178.0000000000
483 -177.0000000000
491 -176.0000000000
492 -175.0000000000
495 -174.0000000000
498 -173.0000000000
499 -172.0000000000
501 -171.0000000000
512 -170.0000000000
517 -169.0000000000
524 -168.0000000000
527 -167.0000000000
528 -166.0000000000
530 -165.0000000000
533 -164.0000000000
534 -163.0000000000
535 -162.0000000000
536 -161.0000000000
539 -160.0000000000
541 -159.0000000000
557 -158.0000000000
558 -157.0000000000
566 -156.0000000000
568 -155.0000000000
569 -154.0000000000
571 -153.0000000000
580 -152.0000000000
582 -151.0000000000
584 -150.0000000000
585 -149.0000000000
587 -148.0000000000
597 -147.0000000000
601 -146.0000000000
602 -145.0000000000
606 -144.0000000000
612 -143.0000000000
613 -142.0000000000
614 -141.0000000000
621 -140.0000000000
626 -139.0000000000
635 -138.0000000000
641 -137.0000000000
645 -136.0000000000
646 -135.0000000000
647 -134.0000000000
649 -133.0000000000
655 -132.0000000000
659 -131.0000000000
663 -130.0000000000
666 -129.0000000000
667 -128.0000000000
670 -127.0000000000
674 -126.0000000000
680 -125.0000000000
681 -124.0000000000
690 -123.0000000000
697 -122.0000000000
699 -121.0000000000
708 -120.0000000000
717 -119.0000000000
719 -118.0000000000
720 -117.0000000000
723 -116.0000000000
739 -115.0000000000
747 -114.0000000000
752 -113.0000000000
754 -112.0000000000
760 -111.0000000000
763 -110.0000000000
765 -109.0000000000
768 -108.0000000000
772 -107.0000000000
773 -106.0000000000
777 -105.0000000000
782 -104.0000000000
792 -103.0000000000
793 -102.0000000000
795 -101.0000000000
796 -100.0000000000
800 -99.0000000000
801 -98.0000000000
802 -97.0000000000
808 -96.0000000000
811 -95.0000000000
812 -94.0000000000
826 -93.0000000000
828 -92.0000000000
842 -91.0000000000
844 -90.0000000000
868 -89.0000000000
879 -88.0000000000
881 -87.0000000000
888 -86.0000000000
889 -85.0000000000
898 -84.0000000000
901 -83.0000000000
902 -82.0000000000
907 -81.0000000000
917 -80.0000000000
918 -79.0000000000
919 -78.0000000000
932 -77.0000000000
937 -76.0000000000
948 -75.0000000000
950 -74.0000000000
952 -73.0000000000
960 -72.0000000000
966 -71.0000000000
976 -70.0000000000
977 -69.0000000000
983 -68.0000000000
992 -67.0000000000
993 -66.0000000000
1011 -65.0000000000
1017 -64.0000000000
1022 -63.0000000000
1053 -62.0000000000
1054 -61.0000000000
1071 -60.0000000000
1100 -59.0000000000
1102 -58.0000000000
1103 -57.0000000000
1143 -56.0000000000
1148 -55.0000000000
1158 -54.0000000000
1166 -53.0000000000
1171 -52.0000000000
1175 -51.0000000000
1176 -50.0000000000
1177 -49.0000000000
1204 -48.0000000000
1227 -47.0000000000
1239 -46.0000000000
1241 -45.0000000000
1250 -44.0000000000
1276 -43.0000000000
1301 -42.0000000000
1306 -41.0000000000
1325 -40.0000000000
1358 -39.0000000000
1370 -38.0000000000
1382 -37.0000000000
1392 -36.0000000000
1399 -35.0000000000
1417 -34.0000000000
1491 -33.0000000000
1527 -32.0000000000
1551 -31.0000000000
1570 -30.0000000000
1584 -29.0000000000
1648 -28.0000000000
1661 -27.0000000000
1706 -26.0000000000
1742 -25.0000000000
1842 -24.0000000000
1855 -23.0000000000
1873 -22.0000000000
1903 -21.0000000000
1909 -20.0000000000
1913 -19.0000000000
1933 -18.0000000000
1953 -17.0000000000
1963 -16.0000000000
1965 -15.0000000000
1996 -14.0000000000
2010 -13.0000000000
2032 -12.0000000000
2056 -11.0000000000
2060 -10.0000000000
2120 -9.0000000000
2132 -8.0000000000
2153 -7.0000000000
2361 -6.0000000000
2446 -5.0000000000
2458 -4.0000000000
2500 -3.0000000000
2555 -2.0000000000
2565 -1.0000000000
2597 589.0000000000
10001 -1.0000000000
evaluations raw_y
1 -384.0000000000
4 -383.0000000000
6 -382.0000000000
7 -381.0000000000
9 -380.0000000000
11 -379.0000000000
12 -378.0000000000
15 -377.0000000000
17 -376.0000000000
18 -375.0000000000
19 -374.0000000000
20 -373.0000000000
22 -372.0000000000
25 -371.0000000000
27 -370.0000000000
29 -369.0000000000
30 -368.0000000000
31 -367.0000000000
32 -366.0000000000
33 -365.0000000000
34 -364.0000000000
35 -363.0000000000
38 -362.0000000000
39 -361.0000000000
41 -360.0000000000
42 -359.0000000000
43 -358.0000000000
44 -357.0000000000
46 -356.0000000000
50 -355.0000000000
53 -354.0000000000
56 -353.0000000000
57 -352.0000000000
58 -351.0000000000
63 -350.0000000000
64 -349.0000000000
66 -348.0000000000
68 -347.0000000000
69 -346.0000000000
70 -345.0000000000
71 -344.0000000000
73 -343.0000000000
79 -342.0000000000
81 -341.0000000000
83 -340.0000000000
84 -339.0000000000
86 -338.0000000000
87 -337.0000000000
89 -336.0000000000
90 -335.0000000000
91 -334.0000000000
92 -333.0000000000
93 -332.0000000000
95 -331.0000000000
97 -330.0000000000
99 -329.0000000000
100 -328.0000000000
105 -327.0000000000
106 -326.0000000000
107 -325.0000000000
108 -324.0000000000
109 -323.0000000000
112 -322.0000000000
113 -321.0000000000
114 -320.0000000000
117 -319.0000000000
121 -318.0000000000
123 -317.0000000000
124 -316.0000000000
125 -315.0000000000
126 -314.0000000000
129 -313.0000000000
131 -312.0000000000
132 -311.0000000000
134 -310.0000000000
135 -309.0000000000
136 -308.0000000000
138 -307.0000000000
140 -306.0000000000
143 -305.0000000000
144 -304.0000000000
146 -303.0000000000
148 -302.0000000000
154 -301.0000000000
155 -300.0000000000
156 -299.0000000000
157 -298.0000000000
158 -297.0000000000
165 -296.0000000000
168 -295.0000000000
170 -294.0000000000
171 -293.0000000000
178 -292.0000000000
182 -291.0000000000
185 -290.0000000000
186 -289.0000000000
187 -288.0000000000
189 -287.0000000000
190 -286.0000000000
194 -285.0000000000
195 -284.0000000000
199 -283.0000000000
201 -282.0000000000
203 -281.0000000000
204 -280.0000000000
205 -279.0000000000
207 -278.0000000000
216 -277.0000000000
217 -276.0000000000
218 -275.0000000000
219 -274.0000000000
220 -273.0000000000
222 -272.0000000000
225 -271.0000000000
229 -270.0000000000
230 -269.0000000000
233 -268.0000000000
234 -267.0000000000
235 -266.0000000000
237 -265.0000000000
238 -264.0000000000
240 -263.0000000000
241 -262.0000000000
245 -261.0000000000
247 -260.0000000000
249 -259.0000000000
252 -258.0000000000
253 -257.0000000000
259 -256.0000000000
270 -255.0000000000
271 -254.0000000000
274 -253.0000000000
275 -252.0000000000
278 -251.0000000000
279 -250.0000000000
280 -249.0000000000
281 -248.0000000000
289 -247.0000000000
290 -246.0000000000
292 -245.0000000000
294 -244.0000000000
296 -243.0000000000
309 -242.0000000000
316 -241.0000000000
318 -240.0000000000
321 -239.0000000000
322 -238.0000000000
323 -237.0000000000
326 -236.0000000000
328 -235.0000000000
330 -234.0000000000
333 -233.0000000000
335 -232.0000000000
345 -231.0000000000
346 -230.0000000000
347 -229.0000000000
348 -228.0000000000
355 -227.0000000000
358 -226.0000000000
359 -225.0000000000
361 -224.0000000000
362 -223.0000000000
367 -222.0000000000
371 -221.0000000000
376 -220.0000000000
380 -219.0000000000
381 -218.0000000000
382 -217.0000000000
384 -216.0000000000
390 -215.0000000000
391 -214.0000000000
392 -213.0000000000
393 -212.0000000000
396 -211.0000000000
400 -210.0000000000
402 -209.0000000000
403 -208.0000000000
405 -207.0000000000
406 -206.0000000000
408 -205.0000000000
414 -204.0000000000
418 -203.0000000000
419 -202.0000000000
425 -201.0000000000
426 -200.0000000000
429 -199.0000000000
436 -198.0000000000
439 -197.0000000000
447 -196.0000000000
448 -195.0000000000
452 -194.0000000000
457 -193.0000000000
458 -192.0000000000
459 -191.0000000000
461 -190.0000000000
462 -189.0000000000
465 -188.0000000000
476 -187.0000000000
481 -186.0000000000
482 -185.0000000000
483 -184.0000000000
488 -183.0000000000
492 -182.0000000000
499 -181.0000000000
505 -180.0000000000
507 -179.0000000000
518 -178.0000000000
519 -177.0000000000
520 -176.0000000000
525 -175.0000000000
528 -174.0000000000
537 -173.0000000000
542 -172.0000000000
549 -171.0000000000
566 -170.0000000000
567 -169.0000000000
568 -168.0000000000
570 -167.0000000000
573 -166.0000000000
576 -165.0000000000
577 -164.0000000000
578 -163.0000000000
580 -162.0000000000
586 -161.0000000000
599 -160.0000000000
608 -159.0000000000
612 -158.0000000000
614 -157.0000000000
616 -156.0000000000
627 -155.0000000000
629 -154.0000000000
630 -153.0000000000
631 -152.0000000000
638 -151.0000000000
651 -150.0000000000
653 -149.0000000000
654 -148.0000000000
663 -147.0000000000
670 -146.0000000000
671 -145.0000000000
672 -144.0000000000
676 -143.0000000000
678 -142.0000000000
679 -141.0000000000
688 -140.0000000000
696 -139.0000000000
697 -138.0000000000
698 -137.0000000000
706 -136.0000000000
707 -135.0000000000
710 -134.0000000000
724 -133.0000000000
729 -132.0000000000
731 -131.0000000000
735 -130.0000000000
740 -129.0000000000
741 -128.0000000000
750 -127.0000000000
756 -126.0000000000
757 -125.0000000000
758 -124.0000000000
759 -123.0000000000
762 -122.0000000000
769 -121.0000000000
776 -120.0000000000
786 -119.0000000000
788 -118.0000000000
792 -117.0000000000
796 -116.0000000000
807 -115.0000000000
818 -114.0000000000
832 -113.0000000000
847 -112.0000000000
849 -111.0000000000
851 -110.0000000000
856 -109.0000000000
865 -108.0000000000
868 -107.0000000000
870 -106.0000000000
872 -105.0000000000
874 -104.0000000000
882 -103.0000000000
884 -102.0000000000
886 -101.0000000000
890 -100.0000000000
904 -99.0000000000
905 -98.0000000000
927 -97.0000000000
932 -96.0000000000
934 -95.0000000000
936 -94.0000000000
948 -93.0000000000
955 -92.0000000000
957 -91.0000000000
970 -90.0000000000
982 -89.0000000000
984 -88.0000000000
989 -87.0000000000
993 -86.0000000000
994 -85.0000000000
997 -84.0000000000
998 -83.0000000000
999 -82.0000000000
1004 -81.0000000000
1010 -80.0000000000
1015 -79.0000000000
1024 -78.0000000000
1031 -77.0000000000
1048 -76.0000000000
1054 -75.0000000000
1057 -74.0000000000
1101 -73.0000000000
1103 -72.0000000000
1106 -71.0000000000
1112 -70.0000000000
1115 -69.0000000000
1117 -68.0000000000
1120 -67.0000000000
1122 -66.0000000000
1128 -65.0000000000
1146 -64.0000000000
1153 -63.0000000000
1155 -62.0000000000
1170 -61.0000000000
1179 -60.0000000000
1187 -59.0000000000
1191 -58.0000000000
1202 -57.0000000000
1204 -56.0000000000
1221 -55.0000000000
1225 -54.0000000000
1232 -53.0000000000
1238 -52.0000000000
1254 -51.0000000000
1267 -50.0000000000
1302 -49.0000000000
1308 -48.0000000000
1315 -47.0000000000
1362 -46.0000000000
1372 -45.0000000000
1373 -44.0000000000
1385 -43.0000000000
1417 -42.0000000000
1438 -41.0000000000
1440 -40.0000000000
1468 -39.0000000000
1496 -38.0000000000
1498 -37.0000000000
1501 -36.0000000000
1508 -35.0000000000
1523 -34.0000000000
1524 -33.0000000000
1542 -32.0000000000
1603 -31.0000000000
1606 -30.0000000000
1639 -29.0000000000
1640 -28.0000000000
1644 -27.0000000000
1655 -26.0000000000
1703 -25.0000000000
1722 -24.0000000000
1740 -23.0000000000
1757 -22.0000000000
1765 -21.0000000000
1790 -20.0000000000
1792 -19.0000000000
1845 -18.0000000000
1891 -17.0000000000
1895 -16.0000000000
1979 -15.0000000000
2053 -14.0000000000
2083 -13.0000000000
2091 -12.0000000000
2128 -11.0000000000
2177 -10.0000000000
2186 -9.0000000000
2191 -8.0000000000
2243 -7.0000000000
2280 -6.0000000000
2342 -5.0000000000
2396 -4.0000000000
2511 -3.0000000000
2570 -2.0000000000
2575 -1.0000000000
2618 560.0000000000
10001 -1.0000000000
evaluations raw_y
1 -370.0000000000
2 -369.0000000000
4 -368.0000000000
5 -367.0000000000
7 -366.0000000000
8 -365.0000000000
9 -364.0000000000
15 -363.0000000000
16 -362.0000000000
17 -361.0000000000
18 -360.0000000000
20 -359.0000000000
21 -358.0000000000
24 -357.0000000000
25 -356.0000000000
26 -355.0000000000
28 -354.0000000000
29 -353.0000000000
33 -352.0000000000
34 -351.0000000000
35 -350.0000000000
38 -349.0000000000
39 -348.0000000000
41 -347.0000000000
42 -346.0000000000
46 -345.0000000000
47 -344.0000000000
48 -343.0000000000
52 -342.0000000000
54 -341.0000000000
55 -340.0000000000
58 -339.0000000000
60 -338.0000000000
61 -337.0000000000
62 -336.0000000000
64 -335.0000000000
65 -334.0000000000
67 -333.0000000000
71 -332.0000000000
78 -331.0000000000
80 -330.0000000000
81 -329.0000000000
82 -328.0000000000
84 -327.0000000000
85 -326.0000000000
86 -325.0000000000
87 -324.0000000000
90 -323.0000000000
93 -322.0000000000
94 -321.0000000000
106 -320.0000000000
107 -319.0000000000
109 -318.0000000000
111 -317.0000000000
112 -316.0000000000
113 -315.0000000000
116 -314.0000000000
118 -313.0000000000
119 -312.0000000000
120 -311.0000000000
123 -310.0000000000
124 -309.0000000000
125 -308.0000000000
126 -307.0000000000
127 -306.0000000000
129 -305.0000000000
131 -304.0000000000
134 -303.0000000000
135 -302.0000000000
136 -301.0000000000
137 -300.0000000000
139 -299.0000000000
146 -298.0000000000
148 -297.0000000000
150 -296.0000000000
151 -295.0000000000
152 -294.0000000000
154 -293.0000000000
156 -292.0000000000
159 -291.0000000000
162 -290.0000000000
163 -289.0000000000
164 -288.0000000000
165 -287.0000000000
166 -286.0000000000
168 -285.0000000000
170 -284.0000000000
172 -283.0000000000
175 -282.0000000000
176 -281.0000000000
178 -280.0000000000
181 -279.0000000000
186 -278.0000000000
187 -277.0000000000
191 -276.0000000000
192 -275.0000000000
195 -274.0000000000
197 -273.0000000000
198 -272.0000000000
201 -271.0000000000
202 -270.0000000000
205 -269.0000000000
210 -268.0000000000
211 -267.0000000000
214 -266.0000000000
216 -265.0000000000
217 -264.0000000000
218 -263.0000000000
225 -262.0000000000
228 -261.0000000000
236 -260.0000000000
237 -259.0000000000
240 -258.0000000000
242 -257.0000000000
246 -256.0000000000
247 -255.0000000000
249 -254.0000000000
250 -253.0000000000
253 -252.0000000000
259 -251.0000000000
266 -250.0000000000
271 -249.0000000000
273 -248.0000000000
275 -247.0000000000
276 -246.0000000000
278 -245.0000000000
279 -244.0000000000
282 -243.0000000000
287 -242.0000000000
290 -241.0000000000
292 -240.0000000000
297 -239.0000000000
298 -238.0000000000
304 -237.0000000000
308 -236.0000000000
312 -235.0000000000
313 -234.0000000000
318 -233.0000000000
320 -232.0000000000
322 -231.0000000000
323 -230.0000000000
324 -229.0000000000
326 -228.0000000000
335 -227.0000000000
336 -226.0000000000
339 -225.0000000000
341 -224.0000000000
342 -223.0000000000
346 -222.0000000000
347 -221.0000000000
354 -220.0000000000
357 -219.0000000000
361 -218.0000000000
362 -217.0000000000
370 -216.0000000000
372 -215.0000000000
375 -214.0000000000
383 -213.0000000000
385 -212.0000000000
398 -211.0000000000
399 -210.0000000000
400 -209.0000000000
405 -208.0000000000
407 -207.0000000000
408 -206.0000000000
413 -205.0000000000
420 -204.0000000000
422 -203.0000000000
423 -202.0000000000
427 -201.0000000000
428 -200.0000000000
431 -199.0000000000
432 -198.0000000000
445 -197.0000000000
446 -196.0000000000
447 -195.0000000000
448 -194.0000000000
452 -193.0000000000
455 -192.0000000000
458 -191.0000000000
470 -190.0000000000
473 -189.0000000000
474 -188.0000000000
480 -187.0000000000
481 -186.0000000000
489 -185.0000000000
491 -184.0000000000
494 -183.0000000000
497 -182.0000000000
504 -181.0000000000
508 -180.0000000000
520 -179.0000000000
521 -178.0000000000
522 -177.0000000000
523 -176.0000000000
528 -175.0000000000
531 -174.0000000000
551 -173.0000000000
553 -172.0000000000
555 -171.0000000000
558 -170.0000000000
564 -169.0000000000
569 -168.0000000000
570 -167.0000000000
571 -166.0000000000
582 -165.0000000000
586 -164.0000000000
589 -163.0000000000
630 -162.0000000000
637 -161.0000000000
640 -160.0000000000
642 -159.0000000000
653 -158.0000000000
655 -157.0000000000
656 -156.0000000000
658 -155.0000000000
659 -154.0000000000
672 -153.0000000000
678 -152.0000000000
680 -151.0000000000
691 -150.0000000000
694 -149.0000000000
698 -148.0000000000
701 -147.0000000000
702 -146.0000000000
704 -145.0000000000
711 -144.0000000000
714 -143.0000000000
718 -142.0000000000
730 -141.0000000000
737 -140.0000000000
743 -139.0000000000
744 -138.0000000000
745 -137.0000000000
747 -136.0000000000
757 -135.0000000000
773 -134.0000000000
776 -133.0000000000
782 -132.0000000000
787 -131.0000000000
788 -130.0000000000
798 -129.0000000000
804 -128.0000000000
813 -127.0000000000
820 -126.0000000000
821 -125.0000000000
823 -124.0000000000
825 -123.0000000000
826 -122.0000000000
828 -121.0000000000
830 -120.0000000000
836 -119.0000000000
838 -118.0000000000
840 -117.0000000000
852 -116.0000000000
862 -115.0000000000
888 -114.0000000000
893 -113.0000000000
896 -112.0000000000
900 -111.0000000000
901 -110.0000000000
908 -109.0000000000
909 -108.0000000000
915 -107.0000000000
930 -106.0000000000
938 -105.0000000000
941 -104.0000000000
945 -103.0000000000
952 -102.0000000000
963 -101.0000000000
972 -100.0000000000
978 -99.0000000000
989 -98.0000000000
1000 -97.0000000000
1006 -96.0000000000
1049 -95.0000000000
1057 -94.0000000000
1058 -93.0000000000
1075 -92.0000000000
1083 -91.0000000000
1084 -90.0000000000
1089 -89.0000000000
1090 -88.0000000000
1094 -87.0000000000
1105 -86.0000000000
1107 -85.0000000000
1124 -84.0000000000
1128 -83.0000000000
1137 -82.0000000000
1147 -81.0000000000
1152 -80.0000000000
1157 -79.0000000000
1160 -78.0000000000
1169 -77.0000000000
1180 -76.0000000000
1188 -75.0000000000
1189 -74.0000000000
1205 -73.0000000000
1206 -72.0000000000
1218 -71.0000000000
1221 -70.0000000000
1230 -69.0000000000
1231 -68.0000000000
1276 -67.0000000000
1307 -66.0000000000
1309 -65.0000000000
1312 -64.0000000000
1314 -63.0000000000
1319 -62.0000000000
1330 -61.0000000000
1345 -60.0000000000
1358 -59.0000000000
1360 -58.0000000000
1383 -57.0000000000
1403 -56.0000000000
1407 -55.0000000000
1413 -54.0000000000
1424 -53.0000000000
1461 -52.0000000000
1462 -51.0000000000
1469 -50.0000000000
1494 -49.0000000000
1505 -48.0000000000
1527 -47.0000000000
1533 -46.0000000000
1544 -45.0000000000
1571 -44.0000000000
1605 -43.0000000000
1607 -42.0000000000
1612 -41.0000000000
1620 -40.0000000000
1635 -39.0000000000
1655 -38.0000000000
1683 -37.0000000000
1689 -36.0000000000
1694 -35.0000000000
1695 -34.0000000000
1707 -33.0000000000
1750 -32.0000000000
1751 -31.0000000000
1753 -30.0000000000
1758 -29.0000000000
1781 -28.0000000000
1802 -27.0000000000
1830 -26.0000000000
1845 -25.0000000000
1852 -24.0000000000
1909 -23.0000000000
1917 -22.0000000000
1943 -21.0000000000
1948 -20.0000000000
1966 -19.0000000000
2080 -18.0000000000
2109 -17.0000000000
2174 -16.0000000000
2212 -15.0000000000
2239 -14.0000000000
2262 -13.0000000000
2283 -12.0000000000
2298 -11.0000000000
2335 -10.0000000000
2363 -9.0000000000
2401 -8.0000000000
2439 -7.0000000000
2494 -6.0000000000
2649 -5.0000000000
2666 -4.0000000000
2676 -3.0000000000
2729 -2.0000000000
2980 -1.0000000000
3011 602.0000000000
10001 -1.0000000000
evaluations raw_y
1 -395.0000000000
2 -394.0000000000
8 -393.0000000000
11 -392.0000000000
12 -391.0000000000
13 -390.0000000000
15 -389.0000000000
16 -388.0000000000
18 -387.0000000000
21 -386.0000000000
25 -385.0000000000
26 -384.0000000000
27 -383.0000000000
28 -382.0000000000
29 -381.0000000000
31 -380.0000000000
33 -379.0000000000
34 -378.0000000000
36 -377.0000000000
37 -376.0000000000
38 -375.0000000000
41 -374.0000000000
43 -373.0000000000
44 -372.0000000000
46 -371.0000000000
50 -370.0000000000
51 -369.0000000000
52 -368.0000000000
55 -367.0000000000
57 -366.0000000000
58 -365.0000000000
60 -364.0000000000
63 -363.0000000000
64 -362.0000000000
65 -361.0000000000
69 -360.0000000000
71 -359.0000000000
76 -358.0000000000
77 -357.0000000000
80 -356.0000000000
82 -355.0000000000
84 -354.0000000000
85 -353.0000000000
86 -352.0000000000
87 -351.0000000000
88 -350.0000000000
89 -349.0000000000
91 -348.0000000000
92 -347.0000000000
93 -346.0000000000
94 -345.0000000000
100 -344.0000000000
102 -343.0000000000
103 -342.0000000000
104 -341.0000000000
107 -340.0000000000
109 -339.0000000000
111 -338.0000000000
112 -337.0000000000
114 -336.0000000000
115 -335.0000000000
117 -334.0000000000
122 -333.0000000000
123 -332.0000000000
125 -331.0000000000
126 -330.0000000000
128 -329.0000000000
131 -328.0000000000
132 -327.0000000000
133 -326.0000000000
136 -325.0000000000
138 -324.0000000000
139 -323.0000000000
141 -322.0000000000
142 -321.0000000000
145 -320.0000000000
147 -319.0000000000
149 -318.0000000000
151 -317.0000000000
154 -316.0000000000
157 -315.0000000000
159 -314.0000000000
162 -313.0000000000
163 -312.0000000000
166 -311.0000000000
167 -310.0000000000
168 -309.0000000000
169 -308.0000000000
171 -307.0000000000
172 -306.0000000000
174 -305.0000000000
176 -304.0000000000
180 -303.0000000000
181 -302.0000000000
182 -301.0000000000
185 -300.0000000000
187 -299.0000000000
191 -298.0000000000
194 -297.0000000000
195 -296.0000000000
196 -295.0000000000
198 -294.0000000000
201 -293.0000000000
202 -292.0000000000
209 -291.0000000000
214 -290.0000000000
217 -289.0000000000
218 -288.0000000000
219 -287.0000000000
226 -286.0000000000
227 -285.0000000000
230 -284.0000000000
234 -283.0000000000
235 -282.0000000000
238 -281.0000000000
241 -280.0000000000
242 -279.0000000000
243 -278.0000000000
247 -277.0000000000
248 -276.0000000000
249 -275.0000000000
251 -274.0000000000
252 -273.0000000000
254 -272.0000000000
256 -271.0000000000
259 -270.0000000000
263 -269.0000000000
266 -268.0000000000
271 -267.0000000000
274 -266.0000000000
278 -265.0000000000
279 -264.0000000000
280 -263.0000000000
282 -262.0000000000
283 -261.0000000000
284 -260.0000000000
286 -259.0000000000
287 -258.0000000000
288 -257.0000000000
290 -256.0000000000
292 -255.0000000000
295 -254.0000000000
296 -253.0000000000
300 -252.0000000000
301 -251.0000000000
302 -250.0000000000
314 -249.0000000000
316 -248.0000000000
317 -247.0000000000
318 -246.0000000000
319 -245.0000000000
326 -244.0000000000
330 -243.0000000000
335 -242.0000000000
337 -241.0000000000
338 -240.0000000000
339 -239.0000000000
340 -238.0000000000
341 -237.0000000000
342 -236.0000000000
344 -235.0000000000
345 -234.0000000000
346 -233.0000000000
347 -232.0000000000
351 -231.0000000000
353 -230.0000000000
359 -229.0000000000
364 -228.0000000000
368 -227.0000000000
370 -226.0000000000
372 -225.0000000000
373 -224.0000000000
381 -223.0000000000
383 -222.0000000000
384 -221.0000000000
385 -220.0000000000
393 -219.0000000000
396 -218.0000000000
397 -217.0000000000
398 -216.0000000000
399 -215.0000000000
408 -214.0000000000
414 -213.0000000000
415 -212.0000000000
418 -211.0000000000
423 -210.0000000000
435 -209.0000000000
436 -208.0000000000
437 -207.0000000000
438 -206.0000000000
440 -205.0000000000
443 -204.0000000000
446 -203.0000000000
450 -202.0000000000
455 -201.0000000000
456 -200.0000000000
457 -199.0000000000
463 -198.0000000000
465 -197.0000000000
468 -196.0000000000
472 -195.0000000000
482 -194.0000000000
483 -193.0000000000
486 -192.0000000000
490 -191.0000000000
491 -190.0000000000
495 -189.0000000000
502 -188.0000000000
511 -187.0000000000
513 -186.0000000000
516 -185.0000000000
517 -184.0000000000
519 -183.0000000000
523 -182.0000000000
525 -181.0000000000
529 -180.0000000000
530 -179.0000000000
532 -178.0000000000
534 -177.0000000000
540 -176.0000000000
544 -175.0000000000
546 -174.0000000000
556 -173.0000000000
557 -172.0000000000
563 -171.0000000000
565 -170.0000000000
576 -169.0000000000
580 -168.0000000000
584 -167.0000000000
585 -166.0000000000
588 -165.0000000000
599 -164.0000000000
601 -163.0000000000
604 -162.0000000000
605 -161.0000000000
608 -160.0000000000
618 -159.0000000000
625 -158.0000000000
627 -157.0000000000
629 -156.0000000000
638 -155.0000000000
640 -154.0000000000
652 -153.0000000000
653 -152.0000000000
656 -151.0000000000
658 -150.0000000000
666 -149.0000000000
679 -148.0000000000
682 -147.0000000000
683 -146.0000000000
687 -145.0000000000
689 -144.0000000000
691 -143.0000000000
692 -142.0000000000
708 -141.0000000000
711 -140.0000000000
718 -139.0000000000
731 -138.0000000000
734 -137.0000000000
736 -136.0000000000
738 -135.0000000000
749 -134.0000000000
751 -133.0000000000
753 -132.0000000000
759 -131.0000000000
766 -130.0000000000
767 -129.0000000000
770 -128.0000000000
774 -127.0000000000
777 -126.0000000000
780 -125.0000000000
805 -124.0000000000
813 -123.0000000000
822 -122.0000000000
823 -121.0000000000
828 -120.0000000000
829 -119.0000000000
832 -118.0000000000
849 -117.0000000000
854 -116.0000000000
856 -115.0000000000
861 -114.0000000000
867 -113.0000000000
879 -112.0000000000
896 -111.0000000000
899 -110.0000000000
902 -109.0000000000
912 -108.0000000000
913 -107.0000000000
927 -106.0000000000
940 -105.0000000000
943 -104.0000000000
951 -103.0000000000
952 -102.0000000000
964 -101.0000000000
966 -100.0000000000
967 -99.0000000000
971 -98.0000000000
972 -97.0000000000
975 -96.0000000000
976 -95.0000000000
979 -94.0000000000
992 -93.0000000000
1004 -92.0000000000
1007 -91.0000000000
1017 -90.0000000000
1032 -89.0000000000
1035 -88.0000000000
1036 -87.0000000000
1037 -86.0000000000
1039 -85.0000000000
1046 -84.0000000000
1051 -83.0000000000
1059 -82.0000000000
1086 -81.0000000000
1092 -80.0000000000
1096 -79.0000000000
1098 -78.0000000000
1110 -77.0000000000
1125 -76.0000000000
1133 -75.0000000000
1142 -74.0000000000
1146 -73.0000000000
1163 -72.0000000000
1169 -71.0000000000
1175 -70.0000000000
1182 -69.0000000000
1191 -68.0000000000
1197 -67.0000000000
1206 -66.0000000000
1234 -65.0000000000
1259 -64.0000000000
1284 -63.0000000000
1285 -62.0000000000
1286 -61.0000000000
1294 -60.0000000000
1298 -59.0000000000
1346 -58.0000000000
1348 -57.0000000000
1366 -56.0000000000
1372 -55.0000000000
1387 -54.0000000000
1420 -53.0000000000
1425 -52.0000000000
1428 -51.0000000000
1430 -50.0000000000
1461 -49.0000000000
1462 -48.0000000000
1481 -47.0000000000
1493 -46.0000000000
1512 -45.0000000000
1514 -44.0000000000
1517 -43.0000000000
1527 -42.0000000000
1534 -41.0000000000
1577 -40.0000000000
1579 -39.0000000000
1598 -38.0000000000
1616 -37.0000000000
1619 -36.0000000000
1620 -35.0000000000
1623 -34.0000000000
1676 -33.0000000000
1729 -32.0000000000
1739 -31.0000000000
1742 -30.0000000000
1744 -29.0000000000
1749 -28.0000000000
1761 -27.0000000000
1795 -26.0000000000
1861 -25.0000000000
1880 -24.0000000000
1894 -23.0000000000
1899 -22.0000000000
1929 -21.0000000000
1934 -20.0000000000
2028 -19.0000000000
2096 -18.0000000000
2112 -17.0000000000
2169 -16.0000000000
2212 -15.0000000000
2313 -14.0000000000
2350 -13.0000000000
2374 -12.0000000000
2388 -11.0000000000
2392 -10.0000000000
2395 -9.0000000000
2434 -8.0000000000
2541 -7.0000000000
2549 -6.0000000000
2570 -5.0000000000
2628 -4.0000000000
2662 -3.0000000000
2673 -2.0000000000
2719 -1.0000000000
2749 512.0000000000
10001 -1.0000000000
evaluations raw_y
1 -356.0000000000
2 -355.0000000000
3 -354.0000000000
5 -353.0000000000
14 -352.0000000000
15 -351.0000000000
16 -350.0000000000
17 -349.0000000000
20 -348.0000000000
21 -347.0000000000
25 -346.0000000000
27 -345.0000000000
28 -344.0000000000
29 -343.0000000000
30 -342.0000000000
31 -341.0000000000
33 -340.0000000000
35 -339.0000000000
38 -338.0000000000
40 -337.0000000000
41 -336.0000000000
44 -335.0000000000
45 -334.0000000000
47 -333.0000000000
49 -332.0000000000
50 -331.0000000000
54 -330.0000000000
55 -329.0000000000
60 -328.0000000000
62 -327.0000000000
69 -326.0000000000
71 -325.0000000000
76 -324.0000000000
77 -323.0000000000
78 -322.0000000000
79 -321.0000000000
80 -320.0000000000
85 -319.0000000000
87 -318.0000000000
88 -317.0000000000
91 -316.0000000000
92 -315.0000000000
94 -314.0000000000
95 -313.0000000000
97 -312.0000000000
101 -311.0000000000
104 -310.0000000000
109 -309.0000000000
115 -308.0000000000
116 -307.0000000000
117 -306.0000000000
118 -305.0000000000
119 -304.0000000000
120 -303.0000000000
121 -302.0000000000
126 -301.0000000000
131 -300.0000000000
138 -299.0000000000
140 -298.0000000000
141 -297.0000000000
142 -296.0000000000
146 -295.0000000000
148 -294.0000000000
149 -293.0000000000
150 -292.0000000000
151 -291.0000000000
153 -290.0000000000
157 -289.0000000000
166 -288.0000000000
168 -287.0000000000
170 -286.0000000000
172 -285.0000000000
176 -284.0000000000
178 -283.0000000000
181 -282.0000000000
192 -281.0000000000
193 -280.0000000000
194 -279.0000000000
197 -278.0000000000
198 -277.0000000000
200 -276.0000000000
201 -275.0000000000
202 -274.0000000000
203 -273.0000000000
207 -272.0000000000
208 -271.0000000000
210 -270.0000000000
211 -269.0000000000
216 -268.0000000000
220 -267.0000000000
221 -266.0000000000
222 -265.0000000000
224 -264.0000000000
225 -263.0000000000
228 -262.0000000000
231 -261.0000000000
232 -260.0000000000
234 -259.0000000000
241 -258.0000000000
242 -257.0000000000
246 -256.0000000000
247 -255.0000000000
248 -254.0000000000
252 -253.0000000000
253 -252.0000000000
260 -251.0000000000
261 -250.0000000000
263 -249.0000000000
268 -248.0000000000
273 -247.0000000000
280 -246.0000000000
282 -245.0000000000
285 -244.0000000000
286 -243.0000000000
290 -242.0000000000
297 -241.0000000000
301 -240.0000000000
304 -239.0000000000
306 -238.0000000000
307 -237.0000000000
308 -236.0000000000
311 -235.0000000000
313 -234.0000000000
320 -233.0000000000
323 -232.0000000000
324 -231.0000000000
325 -230.0000000000
326 -229.0000000000
327 -228.0000000000
330 -227.0000000000
342 -226.0000000000
344 -225.0000000000
345 -224.0000000000
350 -223.0000000000
353 -222.0000000000
354 -221.0000000000
358 -220.0000000000
359 -219.0000000000
360 -218.0000000000
363 -217.0000000000
364 -216.0000000000
369 -215.0000000000
370 -214.0000000000
374 -213.0000000000
377 -212.0000000000
382 -211.0000000000
383 -210.0000000000
389 -209.0000000000
391 -208.0000000000
396 -207.0000000000
399 -206.0000000000
402 -205.0000000000
404 -204.0000000000
409 -203.0000000000
413 -202.0000000000
417 -201.0000000000
422 -200.0000000000
423 -199.0000000000
431 -198.0000000000
435 -197.0000000000
438 -196.0000000000
439 -195.0000000000
441 -194.0000000000
442 -193.0000000000
443 -192.0000000000
446 -191.0000000000
448 -190.0000000000
450 -189.0000000000
454 -188.0000000000
457 -187.0000000000
458 -186.0000000000
460 -185.0000000000
463 -184.0000000000
465 -183.0000000000
466 -182.0000000000
467 -181.0000000000
470 -180.0000000000
477 -179.0000000000
491 -178.0000000000
493 -177.0000000000
500 -176.0000000000
508 -175.0000000000
510 -174.0000000000
511 -173.0000000000
514 -172.0000000000
521 -171.0000000000
528 -170.0000000000
534 -169.0000000000
542 -168.0000000000
543 -167.0000000000
549 -166.0000000000
554 -165.0000000000
557 -164.0000000000
560 -163.0000000000
561 -162.0000000000
564 -161.0000000000
565 -160.0000000000
569 -159.0000000000
570 -158.0000000000
572 -157.0000000000
573 -156.0000000000
574 -155.0000000000
579 -154.0000000000
594 -153.0000000000
600 -152.0000000000
610 -151.0000000000
615 -150.0000000000
617 -149.0000000000
623 -148.0000000000
624 -147.0000000000
633 -146.0000000000
634 -145.0000000000
635 -144.0000000000
638 -143.0000000000
641 -142.0000000000
647 -141.0000000000
652 -140.0000000000
656 -139.0000000000
657 -138.0000000000
664 -137.0000000000
665 -136.0000000000
667 -135.0000000000
675 -134.0000000000
676 -133.0000000000
683 -132.0000000000
690 -131.0000000000
695 -130.0000000000
697 -129.0000000000
703 -128.0000000000
706 -127.0000000000
712 -126.0000000000
714 -125.0000000000
715 -124.0000000000
726 -123.0000000000
730 -122.0000000000
731 -121.0000000000
732 -120.0000000000
735 -119.0000000000
736 -118.0000000000
737 -117.0000000000
741 -116.0000000000
744 -115.0000000000
745 -114.0000000000
746 -113.0000000000
748 -112.0000000000
756 -111.0000000000
780 -110.0000000000
781 -109.0000000000
783 -108.0000000000
789 -107.0000000000
791 -106.0000000000
795 -105.0000000000
796 -104.0000000000
798 -103.0000000000
801 -102.0000000000
813 -101.0000000000
815 -100.0000000000
820 -99.0000000000
833 -98.0000000000
835 -97.0000000000
838 -96.0000000000
845 -95.0000000000
849 -94.0000000000
854 -93.0000000000
869 -92.0000000000
878 -91.0000000000
879 -90.0000000000
881 -89.0000000000
889 -88.0000000000
891 -87.0000000000
899 -86.0000000000
901 -85.0000000000
905 -84.0000000000
907 -83.0000000000
908 -82.0000000000
925 -81.0000000000
926 -80.0000000000
949 -79.0000000000
962 -78.0000000000
980 -77.0000000000
987 -76.0000000000
994 -75.0000000000
1001 -74.0000000000
1012 -73.0000000000
1038 -72.0000000000
1074 -71.0000000000
1086 -70.0000000000
1098 -69.0000000000
1101 -68.0000000000
1106 -67.0000000000
1108 -66.0000000000
1110 -65.0000000000
1114 -64.0000000000
1118 -63.0000000000
1155 -62.0000000000
1160 -61.0000000000
1162 -60.0000000000
1206 -59.0000000000
1207 -58.0000000000
1226 -57.0000000000
1262 -56.0000000000
1267 -55.0000000000
1269 -54.0000000000
1275 -53.0000000000
1277 -52.0000000000
1289 -51.0000000000
1292 -50.0000000000
1303 -49.0000000000
1312 -48.0000000000
1337 -47.0000000000
1338 -46.0000000000
1369 -45.0000000000
1383 -44.0000000000
1384 -43.0000000000
1425 -42.0000000000
1467 -41.0000000000
1477 -40.0000000000
1490 -39.0000000000
1500 -38.0000000000
1502 -37.0000000000
1503 -36.0000000000
1550 -35.0000000000
1567 -34.0000000000
1571 -33.0000000000
1574 -32.0000000000
1590 -31.0000000000
1605 -30.0000000000
1624 -29.0000000000
1651 -28.0000000000
1694 -27.0000000000
1712 -26.0000000000
1731 -25.0000000000
1756 -24.0000000000
1757 -23.0000000000
1764 -22.0000000000
1801 -21.0000000000
1819 -20.0000000000
1872 -19.0000000000
1876 -18.0000000000
1883 -17.0000000000
1898 -16.0000000000
1929 -15.0000000000
1933 -14.0000000000
1952 -13.0000000000
1992 -12.0000000000
2024 -11.0000000000
2082 -10.0000000000
2111 -9.0000000000
2134 -8.0000000000
2151 -7.0000000000
2176 -6.0000000000
2195 -5.0000000000
2252 -4.0000000000
2309 -3.0000000000
2318 -2.0000000000
2431 -1.0000000000
2438 561.0000000000
10001 -1.0000000000
evaluations raw_y
1 -358.0000000000
2 -357.0000000000
5 -356.0000000000
7 -355.0000000000
9 -354.0000000000
12 -353.0000000000
14 -352.0000000000
15 -351.0000000000
18 -350.0000000000
23 -349.0000000000
32 -348.0000000000
34 -347.0000000000
36 -346.0000000000
37 -345.0000000000
41 -344.0000000000
42 -343.0000000000
44 -342.0000000000
47 -341.0000000000
48 -340.0000000000
49 -339.0000000000
50 -338.0000000000
53 -337.0000000000
56 -336.0000000000
59 -335.0000000000
61 -334.0000000000
62 -333.0000000000
67 -332.0000000000
68 -331.0000000000
70 -330.0000000000
73 -329.0000000000
74 -328.0000000000
75 -327.0000000000
76 -326.0000000000
77 -325.0000000000
80 -324.0000000000
84 -323.0000000000
85 -322.0000000000
87 -321.0000000000
89 -320.0000000000
100 -319.0000000000
103 -318.0000000000
104 -317.0000000000
107 -316.0000000000
110 -315.0000000000
112 -314.0000000000
113 -313.0000000000
114 -312.0000000000
117 -311.0000000000
124 -310.0000000000
126 -309.0000000000
127 -308.0000000000
128 -307.0000000000
129 -306.0000000000
131 -305.0000000000
141 -304.0000000000
142 -303.0000000000
145 -302.0000000000
146 -301.0000000000
147 -300.0000000000
151 -299.0000000000
152 -298.0000000000
153 -297.0000000000
154 -296.0000000000
162 -295.0000000000
163 -294.0000000000
164 -293.0000000000
166 -292.0000000000
169 -291.0000000000
170 -290.0000000000
171 -289.0000000000
173 -288.0000000000
174 -287.0000000000
175 -286.0000000000
179 -285.0000000000
181 -284.0000000000
182 -283.0000000000
184 -282.0000000000
185 -281.0000000000
189 -280.0000000000
190 -279.0000000000
192 -278.0000000000
193 -277.0000000000
199 -276.0000000000
201 -275.0000000000
206 -274.0000000000
208 -273.0000000000
212 -272.0000000000
213 -271.0000000000
214 -270.0000000000
218 -269.0000000000
220 -268.0000000000
223 -267.0000000000
224 -266.0000000000
226 -265.0000000000
228 -264.0000000000
230 -263.0000000000
232 -262.0000000000
237 -261.0000000000
238 -260.0000000000
242 -259.0000000000
253 -258.0000000000
254 -257.0000000000
255 -256.0000000000
257 -255.0000000000
262 -254.0000000000
264 -253.0000000000
265 -252.0000000000
268 -251.0000000000
269 -250.0000000000
271 -249.0000000000
277 -248.0000000000
283 -247.0000000000
284 -246.0000000000
285 -245.0000000000
287 -244.0000000000
288 -243.0000000000
289 -242.0000000000
290 -241.0000000000
291 -240.0000000000
292 -239.0000000000
294 -238.0000000000
295 -237.0000000000
297 -236.0000000000
299 -235.0000000000
300 -234.0000000000
301 -233.0000000000
305 -232.0000000000
309 -231.0000000000
313 -230.0000000000
316 -229.0000000000
317 -228.0000000000
321 -227.0000000000
322 -226.0000000000
325 -225.0000000000
327 -224.0000000000
331 -223.0000000000
333 -222.0000000000
334 -221.0000000000
337 -220.0000000000
339 -219.0000000000
344 -218.0000000000
345 -217.0000000000
347 -216.0000000000
350 -215.0000000000
353 -214.0000000000
355 -213.0000000000
357 -212.0000000000
359 -211.0000000000
360 -210.0000000000
370 -209.0000000000
373 -208.0000000000
377 -207.0000000000
379 -206.0000000000
381 -205.0000000000
383 -204.0000000000
385 -203.0000000000
389 -202.0000000000
393 -201.0000000000
400 -200.0000000000
412 -199.0000000000
414 -198.0000000000
415 -197.0000000000
416 -196.0000000000
418 -195.0000000000
420 -194.0000000000
424 -193.0000000000
428 -192.0000000000
433 -191.0000000000
435 -190.0000000000
440 -189.0000000000
449 -188.0000000000
453 -187.0000000000
454 -186.0000000000
457 -185.0000000000
458 -184.0000000000
459 -183.0000000000
461 -182.0000000000
463 -181.0000000000
464 -180.0000000000
476 -179.0000000000
481 -178.0000000000
482 -177.0000000000
483 -176.0000000000
485 -175.0000000000
490 -174.0000000000
499 -173.0000000000
500 -172.0000000000
501 -171.0000000000
522 -170.0000000000
523 -169.0000000000
524 -168.0000000000
525 -167.0000000000
530 -166.0000000000
532 -165.0000000000
547 -164.0000000000
552 -163.0000000000
578 -162.0000000000
579 -161.0000000000
580 -160.0000000000
588 -159.0000000000
590 -158.0000000000
598 -157.0000000000
599 -156.0000000000
602 -155.0000000000
603 -154.0000000000
606 -153.0000000000
608 -152.0000000000
615 -151.0000000000
622 -150.0000000000
623 -149.0000000000
625 -148.0000000000
630 -147.0000000000
633 -146.0000000000
638 -145.0000000000
641 -144.0000000000
644 -143.0000000000
645 -142.0000000000
647 -141.0000000000
660 -140.0000000000
663 -139.0000000000
664 -138.0000000000
675 -137.0000000000
686 -136.0000000000
692 -135.0000000000
699 -134.0000000000
703 -133.0000000000
704 -132.0000000000
705 -131.0000000000
706 -130.0000000000
708 -129.0000000000
715 -128.0000000000
718 -127.0000000000
721 -126.0000000000
726 -125.0000000000
736 -124.0000000000
738 -123.0000000000
743 -122.0000000000
745 -121.0000000000
751 -120.0000000000
757 -119.0000000000
761 -118.0000000000
775 -117.0000000000
787 -116.0000000000
790 -115.0000000000
792 -114.0000000000
807 -113.0000000000
816 -112.0000000000
821 -111.0000000000
822 -110.0000000000
824 -109.0000000000
831 -108.0000000000
846 -107.0000000000
858 -106.0000000000
869 -105.0000000000
878 -104.0000000000
881 -103.0000000000
884 -102.0000000000
892 -101.0000000000
896 -100.0000000000
902 -99.0000000000
903 -98.0000000000
913 -97.0000000000
921 -96.0000000000
925 -95.0000000000
936 -94.0000000000
937 -93.0000000000
940 -92.0000000000
948 -91.0000000000
952 -90.0000000000
958 -89.0000000000
960 -88.0000000000
976 -87.0000000000
979 -86.0000000000
980 -85.0000000000
985 -84.0000000000
986 -83.0000000000
987 -82.0000000000
988 -81.0000000000
992 -80.0000000000
1002 -79.0000000000
1010 -78.0000000000
1012 -77.0000000000
1017 -76.0000000000
1022 -75.0000000000
1024 -74.0000000000
1037 -73.0000000000
1056 -72.0000000000
1057 -71.0000000000
1060 -70.0000000000
1067 -69.0000000000
1075 -68.0000000000
1090 -67.0000000000
1101 -66.0000000000
1118 -65.0000000000
1121 -64.0000000000
1139 -63.0000000000
1147 -62.0000000000
1151 -61.0000000000
1152 -60.0000000000
1168 -59.0000000000
1172 -58.0000000000
1205 -57.0000000000
1217 -56.0000000000
1226 -55.0000000000
1230 -54.0000000000
1233 -53.0000000000
1250 -52.0000000000
1276 -51.0000000000
1329 -50.0000000000
1338 -49.0000000000
1340 -48.0000000000
1346 -47.0000000000
1350 -46.0000000000
1359 -45.0000000000
1369 -44.0000000000
1395 -43.0000000000
1414 -42.0000000000
1454 -41.0000000000
1459 -40.0000000000
1461 -39.0000000000
1494 -38.0000000000
1592 -37.0000000000
1601 -36.0000000000
1623 -35.0000000000
1627 -34.0000000000
1640 -33.0000000000
1649 -32.0000000000
1670 -31.0000000000
1674 -30.0000000000
1675 -29.0000000000
1704 -28.0000000000
1736 -27.0000000000
1742 -26.0000000000
1770 -25.0000000000
1814 -24.0000000000
1877 -23.0000000000
1891 -22.0000000000
1904 -21.0000000000
1927 -20.0000000000
1936 -19.0000000000
2021 -18.0000000000
2039 -17.0000000000
2041 -16.0000000000
2069 -15.0000000000
2077 -14.0000000000
2093 -13.0000000000
2127 -12.0000000000
2153 -11.0000000000
2156 -10.0000000000
2173 -9.0000000000
2220 -8.0000000000
2373 -7.0000000000
2530 -6.0000000000
2568 -5.0000000000
2650 -4.0000000000
2769 -3.0000000000
2801 -2.0000000000
2806 -1.0000000000
2860 603.0000000000
10001 -1.0000000000
evaluations raw_y
1 -359.0000000000
5 -358.0000000000
6 -357.0000000000
8 -356.0000000000
9 -355.0000000000
10 -354.0000000000
11 -353.0000000000
14 -352.0000000000
18 -351.0000000000
19 -350.0000000000
20 -349.0000000000
21 -348.0000000000
26 -347.0000000000
28 -346.0000000000
34 -345.0000000000
36 -344.0000000000
37 -343.0000000000
38 -342.0000000000
39 -341.0000000000
42 -340.0000000000
46 -339.0000000000
47 -338.0000000000
49 -337.0000000000
50 -336.0000000000
51 -335.0000000000
53 -334.0000000000
54 -333.0000000000
56 -332.0000000000
58 -331.0000000000
65 -330.0000000000
66 -329.0000000000
67 -328.0000000000
68 -327.0000000000
73 -326.0000000000
74 -325.0000000000
76 -324.0000000000
79 -323.0000000000
82 -322.0000000000
83 -321.0000000000
84 -320.0000000000
85 -319.0000000000
89 -318.0000000000
90 -317.0000000000
94 -316.0000000000
97 -315.0000000000
105 -314.0000000000
107 -313.0000000000
110 -312.0000000000
111 -311.0000000000
116 -310.0000000000
122 -309.0000000000
124 -308.0000000000
125 -307.0000000000
126 -306.0000000000
131 -305.0000000000
135 -304.0000000000
138 -303.0000000000
143 -302.0000000000
146 -301.0000000000
149 -300.0000000000
150 -299.0000000000
152 -298.0000000000
153 -297.0000000000
157 -296.0000000000
162 -295.0000000000
165 -294.0000000000
167 -293.0000000000
170 -292.0000000000
173 -291.0000000000
175 -290.0000000000
177 -289.0000000000
179 -288.0000000000
185 -287.0000000000
186 -286.0000000000
191 -285.0000000000
193 -284.0000000000
194 -283.0000000000
195 -282.0000000000
197 -281.0000000000
199 -280.0000000000
205 -279.0000000000
210 -278.0000000000
212 -277.0000000000
218 -276.0000000000
220 -275.0000000000
222 -274.0000000000
223 -273.0000000000
225 -272.0000000000
227 -271.0000000000
228 -270.0000000000
229 -269.0000000000
235 -268.0000000000
240 -267.0000000000
242 -266.0000000000
243 -265.0000000000
245 -264.0000000000
247 -263.0000000000
250 -262.0000000000
253 -261.0000000000
254 -260.0000000000
255 -259.0000000000
256 -258.0000000000
261 -257.0000000000
262 -256.0000000000
264 -255.0000000000
274 -254.0000000000
280 -253.0000000000
283 -252.0000000000
287 -251.0000000000
290 -250.0000000000
294 -249.0000000000
295 -248.0000000000
297 -247.0000000000
298 -246.0000000000
304 -245.0000000000
306 -244.0000000000
312 -243.0000000000
313 -242.0000000000
317 -241.0000000000
319 -240.0000000000
321 -239.0000000000
324 -238.0000000000
326 -237.0000000000
327 -236.0000000000
328 -235.0000000000
329 -234.0000000000
330 -233.0000000000
331 -232.0000000000
333 -231.0000000000
335 -230.0000000000
337 -229.0000000000
341 -228.0000000000
343 -227.0000000000
344 -226.0000000000
345 -225.0000000000
354 -224.0000000000
356 -223.0000000000
358 -222.0000000000
361 -221.0000000000
367 -220.0000000000
369 -219.0000000000
372 -218.0000000000
376 -217.0000000000
385 -216.0000000000
387 -215.0000000000
389 -214.0000000000
391 -213.0000000000
392 -212.0000000000
400 -211.0000000000
401 -210.0000000000
403 -209.0000000000
404 -208.0000000000
405 -207.0000000000
410 -206.0000000000
415 -205.0000000000
423 -204.0000000000
427 -203.0000000000
430 -202.0000000000
448 -201.0000000000
453 -200.0000000000
456 -199.0000000000
460 -198.0000000000
461 -197.0000000000
470 -196.0000000000
471 -195.0000000000
483 -194.0000000000
492 -193.0000000000
493 -192.0000000000
500 -191.0000000000
503 -190.0000000000
507 -189.0000000000
511 -188.0000000000
516 -187.0000000000
539 -186.0000000000
541 -185.0000000000
544 -184.0000000000
548 -183.0000000000
550 -182.0000000000
553 -181.0000000000
555 -180.0000000000
560 -179.0000000000
563 -178.0000000000
573 -177.0000000000
574 -176.0000000000
576 -175.0000000000
582 -174.0000000000
585 -173.0000000000
587 -172.0000000000
592 -171.0000000000
597 -170.0000000000
608 -169.0000000000
615 -168.0000000000
623 -167.0000000000
626 -166.0000000000
634 -165.0000000000
646 -164.0000000000
652 -163.0000000000
661 -162.0000000000
672 -161.0000000000
674 -160.0000000000
676 -159.0000000000
678 -158.0000000000
679 -157.0000000000
681 -156.0000000000
687 -155.0000000000
695 -154.0000000000
700 -153.0000000000
705 -152.0000000000
706 -151.0000000000
708 -150.0000000000
710 -149.0000000000
711 -148.0000000000
721 -147.0000000000
723 -146.0000000000
728 -145.0000000000
734 -144.0000000000
744 -143.0000000000
747 -142.0000000000
751 -141.0000000000
754 -140.0000000000
755 -139.0000000000
760 -138.0000000000
761 -137.0000000000
772 -136.0000000000
774 -135.0000000000
779 -134.0000000000
785 -133.0000000000
786 -132.0000000000
805 -131.0000000000
807 -130.0000000000
810 -129.0000000000
817 -128.0000000000
818 -127.0000000000
830 -126.0000000000
842 -125.0000000000
845 -124.0000000000
847 -123.0000000000
849 -122.0000000000
851 -121.0000000000
856 -120.0000000000
857 -119.0000000000
859 -118.0000000000
862 -117.0000000000
873 -116.0000000000
874 -115.0000000000
879 -114.0000000000
882 -113.0000000000
893 -112.0000000000
907 -111.0000000000
915 -110.0000000000
924 -109.0000000000
946 -108.0000000000
955 -107.0000000000
957 -106.0000000000
968 -105.0000000000
969 -104.0000000000
975 -103.0000000000
980 -102.0000000000
984 -101.0000000000
985 -100.0000000000
991 -99.0000000000
1001 -98.0000000000
1005 -97.0000000000
1026 -96.0000000000
1034 -95.0000000000
1036 -94.0000000000
1057 -93.0000000000
1059 -92.0000000000
1065 -91.0000000000
1067 -90.0000000000
1072 -89.0000000000
1076 -88.0000000000
1079 -87.0000000000
1082 -86.0000000000
1091 -85.0000000000
1102 -84.0000000000
1106 -83.0000000000
1107 -82.0000000000
1109 -81.0000000000
1115 -80.0000000000
1118 -79.0000000000
1121 -78.0000000000
1122 -77.0000000000
1125 -76.0000000000
1156 -75.0000000000
1157 -74.0000000000
1159 -73.0000000000
1164 -72.0000000000
1165 -71.0000000000
1181 -70.0000000000
1202 -69.0000000000
1207 -68.0000000000
1211 -67.0000000000
1221 -66.0000000000
1226 -65.0000000000
1233 -64.0000000000
1253 -63.0000000000
1262 -62.0000000000
1267 -61.0000000000
1301 -60.0000000000
1312 -59.0000000000
1329 -58.0000000000
1335 -57.0000000000
1339 -56.0000000000
1356 -55.0000000000
1387 -54.0000000000
1402 -53.0000000000
1467 -52.0000000000
1477 -51.0000000000
1504 -50.0000000000
1509 -49.0000000000
1519 -48.0000000000
1522 -47.0000000000
1600 -46.0000000000
1610 -45.0000000000
1629 -44.0000000000
1630 -43.0000000000
1668 -42.0000000000
1678 -41.0000000000
1687 -40.0000000000
1742 -39.0000000000
1750 -38.0000000000
1753 -37.0000000000
1755 -36.0000000000
1759 -35.0000000000
1769 -34.0000000000
1775 -33.0000000000
1813 -32.0000000000
1842 -31.0000000000
1868 -30.0000000000
1892 -29.0000000000
1927 -28.0000000000
1933 -27.0000000000
1965 -26.0000000000
1966 -25.0000000000
1986 -24.0000000000
2002 -23.0000000000
2003 -22.0000000000
2015 -21.0000000000
2121 -20.0000000000
2132 -19.0000000000
2138 -18.0000000000
2142 -17.0000000000
2144 -16.0000000000
2145 -15.0000000000
2270 -14.0000000000
2352 -13.0000000000
2397 -12.0000000000
2423 -11.0000000000
2432 -10.0000000000
2444 -9.0000000000
2449 -8.0000000000
2472 -7.0000000000
2547 -6.0000000000
2589 -5.0000000000
2593 -4.0000000000
2643 -3.0000000000
2686 -2.0000000000
2798 -1.0000000000
2853 548.0000000000
10001 -1.0000000000
evaluations raw_y
1 -385.0000000000
2 -384.0000000000
3 -383.0000000000
4 -382.0000000000
5 -381.0000000000
8 -380.0000000000
11 -379.0000000000
12 -378.0000000000
14 -377.0000000000
15 -376.0000000000
17 -375.0000000000
19 -374.0000000000
22 -373.0000000000
24 -372.0000000000
25 -371.0000000000
26 -370.0000000000
27 -369.0000000000
30 -368.0000000000
31 -367.0000000000
33 -366.0000000000
35 -365.0000000000
39 -364.0000000000
40 -363.0000000000
41 -362.0000000000
43 -361.0000000000
45 -360.0000000000
46 -359.0000000000
47 -358.0000000000
49 -357.0000000000
51 -356.0000000000
52 -355.0000000000
54 -354.0000000000
55 -353.0000000000
58 -352.0000000000
59 -351.0000000000
64 -350.0000000000
66 -349.0000000000
67 -348.0000000000
68 -347.0000000000
73 -346.0000000000
75 -345.0000000000
76 -344.0000000000
77 -343.0000000000
80 -342.0000000000
81 -341.0000000000
84 -340.0000000000
90 -339.0000000000
93 -338.0000000000
94 -337.0000000000
96 -336.0000000000
98 -335.0000000000
99 -334.0000000000
100 -333.0000000000
102 -332.0000000000
103 -331.0000000000
105 -330.0000000000
106 -329.0000000000
107 -328.0000000000
110 -327.0000000000
111 -326.0000000000
112 -325.0000000000
113 -324.0000000000
115 -323.0000000000
116 -322.0000000000
117 -321.0000000000
118 -320.0000000000
120 -319.0000000000
121 -318.0000000000
122 -317.0000000000
125 -316.0000000000
127 -315.0000000000
131 -314.0000000000
132 -313.0000000000
136 -312.0000000000
138 -311.0000000000
142 -310.0000000000
143 -309.0000000000
149 -308.0000000000
150 -307.0000000000
153 -306.0000000000
154 -305.0000000000
155 -304.0000000000
157 -303.0000000000
158 -302.0000000000
159 -301.0000000000
163 -300.0000000000
164 -299.0000000000
165 -298.0000000000
166 -297.0000000000
167 -296.0000000000
168 -295.0000000000
169 -294.0000000000
173 -293.0000000000
176 -292.0000000000
180 -291.0000000000
183 -290.0000000000
186 -289.0000000000
189 -288.0000000000
190 -287.0000000000
191 -286.0000000000
192 -285.0000000000
194 -284.0000000000
199 -283.0000000000
201 -282.0000000000
202 -281.0000000000
203 -280.0000000000
205 -279.0000000000
207 -278.0000000000
210 -277.0000000000
214 -276.0000000000
215 -275.0000000000
217 -274.0000000000
221 -273.0000000000
227 -272.0000000000
229 -271.0000000000
233 -270.0000000000
234 -269.0000000000
238 -268.0000000000
239 -267.0000000000
246 -266.0000000000
247 -265.0000000000
251 -264.0000000000
253 -263.0000000000
261 -262.0000000000
263 -261.0000000000
264 -260.0000000000
265 -259.0000000000
267 -258.0000000000
268 -257.0000000000
270 -256.0000000000
272 -255.0000000000
277 -254.0000000000
278 -253.0000000000
282 -252.0000000000
285 -251.0000000000
286 -250.0000000000
288 -249.0000000000
291 -248.0000000000
292 -247.0000000000
295 -246.0000000000
300 -245.0000000000
303 -244.0000000000
319 -243.0000000000
321 -242.0000000000
322 -241.0000000000
324 -240.0000000000
327 -239.0000000000
328 -238.0000000000
330 -237.0000000000
331 -236.0000000000
335 -235.0000000000
337 -234.0000000000
338 -233.0000000000
343 -232.0000000000
346 -231.0000000000
347 -230.0000000000
349 -229.0000000000
353 -228.0000000000
354 -227.0000000000
358 -226.0000000000
360 -225.0000000000
365 -224.0000000000
371 -223.0000000000
373 -222.0000000000
379 -221.0000000000
380 -220.0000000000
382 -219.0000000000
383 -218.0000000000
389 -217.0000000000
390 -216.0000000000
392 -215.0000000000
395 -214.0000000000
397 -213.0000000000
399 -212.0000000000
400 -211.0000000000
401 -210.0000000000
402 -209.0000000000
408 -208.0000000000
415 -207.0000000000
420 -206.0000000000
422 -205.0000000000
423 -204.0000000000
438 -203.0000000000
444 -202.0000000000
447 -201.0000000000
448 -200.0000000000
450 -199.0000000000
455 -198.0000000000
458 -197.0000000000
463 -196.0000000000
464 -195.0000000000
467 -194.0000000000
470 -193.0000000000
472 -192.0000000000
474 -191.0000000000
477 -190.0000000000
480 -189.0000000000
484 -188.0000000000
486 -187.0000000000
488 -186.0000000000
495 -185.0000000000
497 -184.0000000000
502 -183.0000000000
504 -182.0000000000
505 -181.0000000000
506 -180.0000000000
513 -179.0000000000
515 -178.0000000000
534 -177.0000000000
537 -176.0000000000
538 -175.0000000000
541 -174.0000000000
548 -173.0000000000
549 -172.0000000000
554 -171.0000000000
562 -170.0000000000
567 -169.0000000000
573 -168.0000000000
575 -167.0000000000
586 -166.0000000000
588 -165.0000000000
600 -164.0000000000
606 -163.0000000000
609 -162.0000000000
612 -161.0000000000
614 -160.0000000000
616 -159.0000000000
626 -158.0000000000
632 -157.0000000000
633 -156.0000000000
635 -155.0000000000
636 -154.0000000000
639 -153.0000000000
650 -152.0000000000
652 -151.0000000000
655 -150.0000000000
657 -149.0000000000
681 -148.0000000000
686 -147.0000000000
689 -146.0000000000
698 -145.0000000000
700 -144.0000000000
709 -143.0000000000
713 -142.0000000000
714 -141.0000000000
715 -140.0000000000
716 -139.0000000000
727 -138.0000000000
731 -137.0000000000
738 -136.0000000000
739 -135.0000000000
741 -134.0000000000
745 -133.0000000000
747 -132.0000000000
750 -131.0000000000
752 -130.0000000000
753 -129.0000000000
754 -128.0000000000
757 -127.0000000000
760 -126.0000000000
765 -125.0000000000
775 -124.0000000000
784 -123.0000000000
786 -122.0000000000
797 -121.0000000000
801 -120.0000000000
816 -119.0000000000
832 -118.0000000000
833 -117.0000000000
838 -116.0000000000
844 -115.0000000000
850 -114.0000000000
863 -113.0000000000
873 -112.0000000000
876 -111.0000000000
882 -110.0000000000
890 -109.0000000000
896 -108.0000000000
897 -107.0000000000
899 -106.0000000000
910 -105.0000000000
914 -104.0000000000
916 -103.0000000000
920 -102.0000000000
928 -101.0000000000
935 -100.0000000000
938 -99.0000000000
945 -98.0000000000
951 -97.0000000000
953 -96.0000000000
960 -95.0000000000
961 -94.0000000000
963 -93.0000000000
964 -92.0000000000
966 -91.0000000000
968 -90.0000000000
986 -89.0000000000
1009 -88.0000000000
1013 -87.0000000000
1026 -86.0000000000
1036 -85.0000000000
1037 -84.0000000000
1059 -83.0000000000
1068 -82.0000000000
1072 -81.0000000000
1075 -80.0000000000
1081 -79.0000000000
1103 -78.0000000000
1115 -77.0000000000
1119 -76.0000000000
1127 -75.0000000000
1136 -74.0000000000
1148 -73.0000000000
1163 -72.0000000000
1172 -71.0000000000
1184 -70.0000000000
1197 -69.0000000000
1209 -68.0000000000
1220 -67.0000000000
1230 -66.0000000000
1232 -65.0000000000
1234 -64.0000000000
1254 -63.0000000000
1255 -62.0000000000
1256 -61.0000000000
1258 -60.0000000000
1272 -59.0000000000
1276 -58.0000000000
1286 -57.0000000000
1287 -56.0000000000
1304 -55.0000000000
1332 -54.0000000000
1348 -53.0000000000
1354 -52.0000000000
1388 -51.0000000000
1401 -50.0000000000
1409 -49.0000000000
1436 -48.0000000000
1460 -47.0000000000
1488 -46.0000000000
1498 -45.0000000000
1527 -44.0000000000
1564 -43.0000000000
1588 -42.0000000000
1594 -41.0000000000
1609 -40.0000000000
1622 -39.0000000000
1623 -38.0000000000
1626 -37.0000000000
1647 -36.0000000000
1651 -35.0000000000
1701 -34.0000000000
1708 -33.0000000000
1730 -32.0000000000
1744 -31.0000000000
1785 -30.0000000000
1807 -29.0000000000
1809 -28.0000000000
1847 -27.0000000000
1862 -26.0000000000
1883 -25.0000000000
1961 -24.0000000000
1975 -23.0000000000
2017 -22.0000000000
2066 -21.0000000000
2074 -20.0000000000
2089 -19.0000000000
2143 -18.0000000000
2161 -17.0000000000
2164 -16.0000000000
2167 -15.0000000000
2177 -14.0000000000
2192 -13.0000000000
2197 -12.0000000000
2319 -11.0000000000
2328 -10.0000000000
2329 -9.0000000000
2350 -8.0000000000
2533 -7.0000000000
2545 -6.0000000000
2604 -5.0000000000
2634 -4.0000000000
2640 -3.0000000000
2656 -2.0000000000
2678 -1.0000000000
2901 602.0000000000
10001 -1.0000000000
evaluations raw_y
1 -376.0000000000
2 -375.0000000000
3 -374.0000000000
5 -373.0000000000
9 -372.0000000000
11 -371.0000000000
13 -370.0000000000
14 -369.0000000000
15 -368.0000000000
16 -367.0000000000
19 -366.0000000000
20 -365.0000000000
26 -364.0000000000
27 -363.0000000000
28 -362.0000000000
30 -361.0000000000
31 -360.0000000000
33 -359.0000000000
34 -358.0000000000
35 -357.0000000000
36 -356.0000000000
38 -355.0000000000
41 -354.0000000000
42 -353.0000000000
44 -352.0000000000
45 -351.0000000000
46 -350.0000000000
48 -349.0000000000
49 -348.0000000000
51 -347.0000000000
53 -346.0000000000
55 -345.0000000000
57 -344.0000000000
62 -343.0000000000
64 -342.0000000000
65 -341.0000000000
66 -340.0000000000
71 -339.0000000000
81 -338.0000000000
82 -337.0000000000
83 -336.0000000000
84 -335.0000000000
85 -334.0000000000
87 -333.0000000000
88 -332.0000000000
90 -331.0000000000
93 -330.0000000000
96 -329.0000000000
97 -328.0000000000
98 -327.0000000000
100 -326.0000000000
103 -325.0000000000
108 -324.0000000000
110 -323.0000000000
111 -322.0000000000
114 -321.0000000000
116 -320.0000000000
120 -319.0000000000
123 -318.0000000000
126 -317.0000000000
127 -316.0000000000
129 -315.0000000000
135 -314.0000000000
144 -313.0000000000
151 -312.0000000000
157 -311.0000000000
158 -310.0000000000
159 -309.0000000000
160 -308.0000000000
161 -307.0000000000
163 -306.0000000000
165 -305.0000000000
166 -304.0000000000
170 -303.0000000000
171 -302.0000000000
172 -301.0000000000
174 -300.0000000000
176 -299.0000000000
184 -298.0000000000
189 -297.0000000000
190 -296.0000000000
192 -295.0000000000
193 -294.0000000000
195 -293.0000000000
197 -292.0000000000
200 -291.0000000000
203 -290.0000000000
207 -289.0000000000
208 -288.0000000000
209 -287.0000000000
214 -286.0000000000
216 -285.0000000000
217 -284.0000000000
218 -283.0000000000
219 -282.0000000000
221 -281.0000000000
222 -280.0000000000
223 -279.0000000000
226 -278.0000000000
227 -277.0000000000
232 -276.0000000000
234 -275.0000000000
235 -274.0000000000
237 -273.0000000000
238 -272.0000000000
240 -271.0000000000
241 -270.0000000000
242 -269.0000000000
243 -268.0000000000
245 -267.0000000000
250 -266.0000000000
251 -265.0000000000
253 -264.0000000000
257 -263.0000000000
259 -262.0000000000
260 -261.0000000000
262 -260.0000000000
263 -259.0000000000
267 -258.0000000000
268 -257.0000000000
270 -256.0000000000
271 -255.0000000000
274 -254.0000000000
275 -253.0000000000
276 -252.0000000000
278 -251.0000000000
284 -250.0000000000
291 -249.0000000000
292 -248.0000000000
305 -247.0000000000
309 -246.0000000000
311 -245.0000000000
313 -244.0000000000
316 -243.0000000000
318 -242.0000000000
320 -241.0000000000
326 -240.0000000000
331 -239.0000000000
339 -238.0000000000
340 -237.0000000000
342 -236.0000000000
343 -235.0000000000
345 -234.0000000000
353 -233.0000000000
355 -232.0000000000
360 -231.0000000000
361 -230.0000000000
362 -229.0000000000
363 -228.0000000000
366 -227.0000000000
367 -226.0000000000
369 -225.0000000000
370 -224.0000000000
372 -223.0000000000
376 -222.0000000000
379 -221.0000000000
381 -220.0000000000
387 -219.0000000000
389 -218.0000000000
392 -217.0000000000
393 -216.0000000000
396 -215.0000000000
400 -214.0000000000
404 -213.0000000000
407 -212.0000000000
414 -211.0000000000
421 -210.0000000000
422 -209.0000000000
428 -208.0000000000
436 -207.0000000000
440 -206.0000000000
442 -205.0000000000
445 -204.0000000000
450 -203.0000000000
453 -202.0000000000
456 -201.0000000000
463 -200.0000000000
464 -199.0000000000
470 -198.0000000000
472 -197.0000000000
475 -196.0000000000
476 -195.0000000000
477 -194.0000000000
484 -193.0000000000
487 -192.0000000000
489 -191.0000000000
492 -190.0000000000
494 -189.0000000000
499 -188.0000000000
500 -187.0000000000
503 -186.0000000000
504 -185.0000000000
509 -184.0000000000
510 -183.0000000000
519 -182.0000000000
524 -181.0000000000
525 -180.0000000000
529 -179.0000000000
531 -178.0000000000
532 -177.0000000000
537 -176.0000000000
549 -175.0000000000
550 -174.0000000000
553 -173.0000000000
556 -172.0000000000
562 -171.0000000000
563 -170.0000000000
564 -169.0000000000
566 -168.0000000000
585 -167.0000000000
586 -166.0000000000
587 -165.0000000000
590 -164.0000000000
595 -163.0000000000
596 -162.0000000000
597 -161.0000000000
601 -160.0000000000
606 -159.0000000000
611 -158.0000000000
623 -157.0000000000
625 -156.0000000000
628 -155.0000000000
632 -154.0000000000
635 -153.0000000000
640 -152.0000000000
642 -151.0000000000
651 -150.0000000000
656 -149.0000000000
657 -148.0000000000
670 -147.0000000000
671 -146.0000000000
684 -145.0000000000
696 -144.0000000000
704 -143.0000000000
711 -142.0000000000
722 -141.0000000000
723 -140.0000000000
724 -139.0000000000
729 -138.0000000000
730 -137.0000000000
747 -136.0000000000
752 -135.0000000000
777 -134.0000000000
782 -133.0000000000
789 -132.0000000000
794 -131.0000000000
803 -130.0000000000
814 -129.0000000000
815 -128.0000000000
816 -127.0000000000
823 -126.0000000000
828 -125.0000000000
837 -124.0000000000
838 -123.0000000000
845 -122.0000000000
847 -121.0000000000
848 -120.0000000000
850 -119.0000000000
856 -118.0000000000
861 -117.0000000000
868 -116.0000000000
869 -115.0000000000
871 -114.0000000000
879 -113.0000000000
880 -112.0000000000
883 -111.0000000000
887 -110.0000000000
899 -109.0000000000
903 -108.0000000000
906 -107.0000000000
911 -106.0000000000
912 -105.0000000000
914 -104.0000000000
928 -103.0000000000
934 -102.0000000000
939 -101.0000000000
954 -100.0000000000
955 -99.0000000000
957 -98.0000000000
958 -97.0000000000
980 -96.0000000000
984 -95.0000000000
991 -94.0000000000
1001 -93.0000000000
1003 -92.0000000000
1005 -91.0000000000
1010 -90.0000000000
1019 -89.0000000000
1023 -88.0000000000
1025 -87.0000000000
1033 -86.0000000000
1035 -85.0000000000
1053 -84.0000000000
1058 -83.0000000000
1070 -82.0000000000
1100 -81.0000000000
1110 -80.0000000000
1125 -79.0000000000
1132 -78.0000000000
1135 -77.0000000000
1152 -76.0000000000
1157 -75.0000000000
1179 -74.0000000000
1184 -73.0000000000
1189 -72.0000000000
1204 -71.0000000000
1209 -70.0000000000
1220 -69.0000000000
1227 -68.0000000000
1229 -67.0000000000
1231 -66.0000000000
1244 -65.0000000000
1256 -64.0000000000
1285 -63.0000000000
1306 -62.0000000000
1326 -61.0000000000
1341 -60.0000000000
1342 -59.0000000000
1350 -58.0000000000
1352 -57.0000000000
1372 -56.0000000000
1378 -55.0000000000
1379 -54.0000000000
1402 -53.0000000000
1410 -52.0000000000
1420 -51.0000000000
1423 -50.0000000000
1440 -49.0000000000
1442 -48.0000000000
1447 -47.0000000000
1451 -46.0000000000
1453 -45.0000000000
1484 -44.0000000000
1486 -43.0000000000
1514 -42.0000000000
1530 -41.0000000000
1538 -40.0000000000
1570 -39.0000000000
1601 -38.0000000000
1614 -37.0000000000
1646 -36.0000000000
1647 -35.0000000000
1674 -34.0000000000
1677 -33.0000000000
1692 -32.0000000000
1703 -31.0000000000
1709 -30.0000000000
1720 -29.0000000000
1762 -28.0000000000
1767 -27.0000000000
1812 -26.0000000000
1818 -25.0000000000
1833 -24.0000000000
1850 -23.0000000000
1857 -22.0000000000
1909 -21.0000000000
1918 -20.0000000000
1967 -19.0000000000
1989 -18.0000000000
2011 -17.0000000000
2018 -16.0000000000
2066 -15.0000000000
2134 -14.0000000000
2176 -13.0000000000
2215 -12.0000000000
2223 -11.0000000000
2352 -10.0000000000
2372 -9.0000000000
2424 -8.0000000000
2442 -7.0000000000
2488 -6.0000000000
2491 -5.0000000000
2511 -4.0000000000
2540 -3.0000000000
2628 -2.0000000000
2636 -1.0000000000
2653 582.0000000000
10001 -1.0000000000
evaluations raw_y
1 -376.0000000000
5 -375.0000000000
6 -374.0000000000
8 -373.0000000000
10 -372.0000000000
11 -371.0000000000
13 -370.0000000000
15 -369.0000000000
18 -368.0000000000
19 -367.0000000000
20 -366.0000000000
27 -365.0000000000
29 -364.0000000000
32 -363.0000000000
35 -362.0000000000
36 -361.0000000000
38 -360.0000000000
39 -359.0000000000
40 -358.0000000000
42 -357.0000000000
43 -356.0000000000
45 -355.0000000000
46 -354.0000000000
49 -353.0000000000
53 -352.0000000000
56 -351.0000000000
57 -350.0000000000
58 -349.0000000000
64 -348.0000000000
65 -347.0000000000
66 -346.0000000000
67 -345.0000000000
68 -344.0000000000
70 -343.0000000000
71 -342.0000000000
72 -341.0000000000
75 -340.0000000000
76 -339.0000000000
79 -338.0000000000
80 -337.0000000000
85 -336.0000000000
86 -335.0000000000
87 -334.0000000000
91 -333.0000000000
96 -332.0000000000
101 -331.0000000000
104 -330.0000000000
105 -329.0000000000
107 -328.0000000000
108 -327.0000000000
110 -326.0000000000
111 -325.0000000000
112 -324.0000000000
118 -323.0000000000
120 -322.0000000000
121 -321.0000000000
122 -320.0000000000
123 -319.0000000000
126 -318.0000000000
128 -317.0000000000
130 -316.0000000000
134 -315.0000000000
136 -314.0000000000
140 -313.0000000000
142 -312.0000000000
143 -311.0000000000
147 -310.0000000000
149 -309.0000000000
151 -308.0000000000
152 -307.0000000000
153 -306.0000000000
154 -305.0000000000
160 -304.0000000000
163 -303.0000000000
167 -302.0000000000
168 -301.0000000000
169 -300.0000000000
171 -299.0000000000
176 -298.0000000000
178 -297.0000000000
179 -296.0000000000
181 -295.0000000000
182 -294.0000000000
183 -293.0000000000
185 -292.0000000000
186 -291.0000000000
187 -290.0000000000
189 -289.0000000000
190 -288.0000000000
192 -287.0000000000
193 -286.0000000000
194 -285.0000000000
196 -284.0000000000
197 -283.0000000000
202 -282.0000000000
210 -281.0000000000
212 -280.0000000000
214 -279.0000000000
216 -278.0000000000
217 -277.0000000000
218 -276.0000000000
227 -275.0000000000
229 -274.0000000000
230 -273.0000000000
232 -272.0000000000
233 -271.0000000000
234 -270.0000000000
236 -269.0000000000
245 -268.0000000000
246 -267.0000000000
251 -266.0000000000
254 -265.0000000000
257 -264.0000000000
258 -263.0000000000
262 -262.0000000000
265 -261.0000000000
275 -260.0000000000
276 -259.0000000000
281 -258.0000000000
283 -257.0000000000
284 -256.0000000000
289 -255.0000000000
290 -254.0000000000
295 -253.0000000000
298 -252.0000000000
300 -251.0000000000
302 -250.0000000000
305 -249.0000000000
307 -248.0000000000
309 -247.0000000000
310 -246.0000000000
317 -245.0000000000
320 -244.0000000000
321 -243.0000000000
330 -242.0000000000
331 -241.0000000000
333 -240.0000000000
335 -239.0000000000
336 -238.0000000000
341 -237.0000000000
342 -236.0000000000
345 -235.0000000000
349 -234.0000000000
353 -233.0000000000
354 -232.0000000000
356 -231.0000000000
363 -230.0000000000
364 -229.0000000000
373 -228.0000000000
374 -227.0000000000
384 -226.0000000000
387 -225.0000000000
391 -224.0000000000
392 -223.0000000000
399 -222.0000000000
410 -221.0000000000
415 -220.0000000000
422 -219.0000000000
428 -218.0000000000
434 -217.0000000000
435 -216.0000000000
443 -215.0000000000
445 -214.0000000000
454 -213.0000000000
455 -212.0000000000
457 -211.0000000000
468 -210.0000000000
479 -209.0000000000
480 -208.0000000000
481 -207.0000000000
484 -206.0000000000
486 -205.0000000000
487 -204.0000000000
493 -203.0000000000
494 -202.0000000000
495 -201.0000000000
497 -200.0000000000
498 -199.0000000000
501 -198.0000000000
502 -197.0000000000
504 -196.0000000000
505 -195.0000000000
506 -194.0000000000
511 -193.0000000000
514 -192.0000000000
516 -191.0000000000
517 -190.0000000000
535 -189.0000000000
544 -188.0000000000
546 -187.0000000000
547 -186.0000000000
554 -185.0000000000
555 -184.0000000000
559 -183.0000000000
562 -182.0000000000
564 -181.0000000000
565 -180.0000000000
572 -179.0000000000
575 -178.0000000000
582 -177.0000000000
583 -176.0000000000
584 -175.0000000000
587 -174.0000000000
588 -173.0000000000
594 -172.0000000000
599 -171.0000000000
604 -170.0000000000
605 -169.0000000000
606 -168.0000000000
609 -167.0000000000
615 -166.0000000000
635 -165.0000000000
636 -164.0000000000
640 -163.0000000000
646 -162.0000000000
647 -161.0000000000
651 -160.0000000000
655 -159.0000000000
657 -158.0000000000
659 -157.0000000000
660 -156.0000000000
664 -155.0000000000
670 -154.0000000000
673 -153.0000000000
678 -152.0000000000
679 -151.0000000000
690 -150.0000000000
694 -149.0000000000
696 -148.0000000000
710 -147.0000000000
712 -146.0000000000
713 -145.0000000000
714 -144.0000000000
715 -143.0000000000
732 -142.0000000000
734 -141.0000000000
738 -140.0000000000
743 -139.0000000000
752 -138.0000000000
759 -137.0000000000
767 -136.0000000000
771 -135.0000000000
787 -134.0000000000
789 -133.0000000000
794 -132.0000000000
798 -131.0000000000
799 -130.0000000000
802 -129.0000000000
803 -128.0000000000
804 -127.0000000000
807 -126.0000000000
811 -125.0000000000
824 -124.0000000000
829 -123.0000000000
841 -122.0000000000
842 -121.0000000000
851 -120.0000000000
860 -119.0000000000
861 -118.0000000000
867 -117.0000000000
868 -116.0000000000
870 -115.0000000000
874 -114.0000000000
875 -113.0000000000
878 -112.0000000000
880 -111.0000000000
883 -110.0000000000
892 -109.0000000000
897 -108.0000000000
900 -107.0000000000
902 -106.0000000000
908 -105.0000000000
915 -104.0000000000
926 -103.0000000000
929 -102.0000000000
943 -101.0000000000
945 -100.0000000000
957 -99.0000000000
965 -98.0000000000
970 -97.0000000000
973 -96.0000000000
974 -95.0000000000
979 -94.0000000000
992 -93.0000000000
999 -92.0000000000
1015 -91.0000000000
1022 -90.0000000000
1024 -89.0000000000
1038 -88.0000000000
1048 -87.0000000000
1063 -86.0000000000
1069 -85.0000000000
1083 -84.0000000000
1100 -83.0000000000
1101 -82.0000000000
1110 -81.0000000000
1120 -80.0000000000
1122 -79.0000000000
1132 -78.0000000000
1149 -77.0000000000
1151 -76.0000000000
1159 -75.0000000000
1160 -74.0000000000
1162 -73.0000000000
1165 -72.0000000000
1190 -71.0000000000
1192 -70.0000000000
1199 -69.0000000000
1200 -68.0000000000
1205 -67.0000000000
1225 -66.0000000000
1227 -65.0000000000
1237 -64.0000000000
1241 -63.0000000000
1244 -62.0000000000
1254 -61.0000000000
1257 -60.0000000000
1258 -59.0000000000
1283 -58.0000000000
1297 -57.0000000000
1329 -56.0000000000
1381 -55.0000000000
1400 -54.0000000000
1436 -53.0000000000
1455 -52.0000000000
1457 -51.0000000000
1460 -50.0000000000
1462 -49.0000000000
1495 -48.0000000000
1500 -47.0000000000
1507 -46.0000000000
1509 -45.0000000000
1513 -44.0000000000
1523 -43.0000000000
1531 -42.0000000000
1533 -41.0000000000
1549 -40.0000000000
1556 -39.0000000000
1582 -38.0000000000
1585 -37.0000000000
1600 -36.0000000000
1624 -35.0000000000
1650 -34.0000000000
1687 -33.0000000000
1707 -32.0000000000
1721 -31.0000000000
1742 -30.0000000000
1762 -29.0000000000
1772 -28.0000000000
1781 -27.0000000000
1818 -26.0000000000
1824 -25.0000000000
1829 -24.0000000000
1859 -23.0000000000
1961 -22.0000000000
2005 -21.0000000000
2029 -20.0000000000
2032 -19.0000000000
2035 -18.0000000000
2057 -17.0000000000
2059 -16.0000000000
2061 -15.0000000000
2071 -14.0000000000
2081 -13.0000000000
2099 -12.0000000000
2256 -11.0000000000
2287 -10.0000000000
2318 -9.0000000000
2322 -8.0000000000
2366 -7.0000000000
2484 -6.0000000000
2503 -5.0000000000
2546 -4.0000000000
2572 -3.0000000000
2607 -2.0000000000
2818 -1.0000000000
2841 582.0000000000
10001 -1.0000000000
evaluations raw_y
1 -368.0000000000
8 -367.0000000000
11 -366.0000000000
13 -365.0000000000
16 -364.0000000000
17 -363.0000000000
20 -362.0000000000
22 -361.0000000000
23 -360.0000000000
24 -359.0000000000
25 -358.0000000000
26 -357.0000000000
29 -356.0000000000
31 -355.0000000000
35 -354.0000000000
36 -353.0000000000
42 -352.0000000000
43 -351.0000000000
45 -350.0000000000
46 -349.0000000000
48 -348.0000000000
50 -347.0000000000
51 -346.0000000000
53 -345.0000000000
54 -344.0000000000
55 -343.0000000000
58 -342.0000000000
59 -341.0000000000
60 -340.0000000000
62 -339.0000000000
63 -338.0000000000
67 -337.0000000000
69 -336.0000000000
70 -335.0000000000
71 -334.0000000000
77 -333.0000000000
79 -332.0000000000
84 -331.0000000000
86 -330.0000000000
90 -329.0000000000
91 -328.0000000000
95 -327.0000000000
96 -326.0000000000
97 -325.0000000000
98 -324.0000000000
101 -323.0000000000
103 -322.0000000000
104 -321.0000000000
105 -320.0000000000
106 -319.0000000000
107 -318.0000000000
108 -317.0000000000
109 -316.0000000000
112 -315.0000000000
113 -314.0000000000
116 -313.0000000000
120 -312.0000000000
121 -311.0000000000
122 -310.0000000000
124 -309.0000000000
130 -308.0000000000
137 -307.0000000000
138 -306.0000000000
140 -305.0000000000
143 -304.0000000000
147 -303.0000000000
148 -302.0000000000
150 -301.0000000000
151 -300.0000000000
154 -299.0000000000
155 -298.0000000000
159 -297.0000000000
161 -296.0000000000
165 -295.0000000000
166 -294.0000000000
172 -293.0000000000
173 -292.0000000000
175 -291.0000000000
179 -290.0000000000
182 -289.0000000000
183 -288.0000000000
187 -287.0000000000
191 -286.0000000000
199 -285.0000000000
200 -284.0000000000
207 -283.0000000000
209 -282.0000000000
210 -281.0000000000
212 -280.0000000000
214 -279.0000000000
218 -278.0000000000
222 -277.0000000000
225 -276.0000000000
229 -275.0000000000
231 -274.0000000000
232 -273.0000000000
237 -272.0000000000
240 -271.0000000000
242 -270.0000000000
243 -269.0000000000
244 -268.0000000000
246 -267.0000000000
248 -266.0000000000
249 -265.0000000000
253 -264.0000000000
255 -263.0000000000
258 -262.0000000000
267 -261.0000000000
271 -260.0000000000
272 -259.0000000000
274 -258.0000000000
277 -257.0000000000
281 -256.0000000000
282 -255.0000000000
283 -254.0000000000
289 -253.0000000000
292 -252.0000000000
299 -251.0000000000
302 -250.0000000000
309 -249.0000000000
310 -248.0000000000
312 -247.0000000000
316 -246.0000000000
317 -245.0000000000
321 -244.0000000000
323 -243.0000000000
325 -242.0000000000
326 -241.0000000000
328 -240.0000000000
330 -239.0000000000
331 -238.0000000000
332 -237.0000000000
335 -236.0000000000
336 -235.0000000000
337 -234.0000000000
339 -233.0000000000
343 -232.0000000000
344 -231.0000000000
351 -230.0000000000
362 -229.0000000000
363 -228.0000000000
364 -227.0000000000
368 -226.0000000000
370 -225.0000000000
378 -224.0000000000
382 -223.0000000000
384 -222.0000000000
389 -221.0000000000
390 -220.0000000000
391 -219.0000000000
392 -218.0000000000
394 -217.0000000000
398 -216.0000000000
402 -215.0000000000
414 -214.0000000000
416 -213.0000000000
419 -212.0000000000
421 -211.0000000000
424 -210.0000000000
426 -209.0000000000
428 -208.0000000000
430 -207.0000000000
431 -206.0000000000
434 -205.0000000000
442 -204.0000000000
443 -203.0000000000
447 -202.0000000000
457 -201.0000000000
458 -200.0000000000
461 -199.0000000000
483 -198.0000000000
488 -197.0000000000
489 -196.0000000000
490 -195.0000000000
491 -194.0000000000
492 -193.0000000000
496 -192.0000000000
498 -191.0000000000
501 -190.0000000000
503 -189.0000000000
504 -188.0000000000
507 -187.0000000000
508 -186.0000000000
510 -185.0000000000
512 -184.0000000000
517 -183.0000000000
519 -182.0000000000
531 -181.0000000000
536 -180.0000000000
537 -179.0000000000
542 -178.0000000000
545 -177.0000000000
546 -176.0000000000
551 -175.0000000000
552 -174.0000000000
558 -173.0000000000
564 -172.0000000000
566 -171.0000000000
568 -170.0000000000
569 -169.0000000000
571 -168.0000000000
575 -167.0000000000
580 -166.0000000000
581 -165.0000000000
587 -164.0000000000
589 -163.0000000000
591 -162.0000000000
605 -161.0000000000
614 -160.0000000000
623 -159.0000000000
626 -158.0000000000
633 -157.0000000000
634 -156.0000000000
636 -155.0000000000
646 -154.0000000000
647 -153.0000000000
653 -152.0000000000
661 -151.0000000000
664 -150.0000000000
665 -149.0000000000
667 -148.0000000000
669 -147.0000000000
680 -146.0000000000
681 -145.0000000000
682 -144.0000000000
697 -143.0000000000
699 -142.0000000000
701 -141.0000000000
703 -140.0000000000
713 -139.0000000000
722 -138.0000000000
725 -137.0000000000
738 -136.0000000000
740 -135.0000000000
753 -134.0000000000
756 -133.0000000000
757 -132.0000000000
762 -131.0000000000
763 -130.0000000000
768 -129.0000000000
769 -128.0000000000
770 -127.0000000000
779 -126.0000000000
782 -125.0000000000
786 -124.0000000000
791 -123.0000000000
793 -122.0000000000
804 -121.0000000000
805 -120.0000000000
812 -119.0000000000
814 -118.0000000000
830 -117.0000000000
843 -116.0000000000
846 -115.0000000000
850 -114.0000000000
851 -113.0000000000
852 -112.0000000000
861 -111.0000000000
867 -110.0000000000
872 -109.0000000000
876 -108.0000000000
878 -107.0000000000
881 -106.0000000000
885 -105.0000000000
892 -104.0000000000
894 -103.0000000000
906 -102.0000000000
911 -101.0000000000
920 -100.0000000000
926 -99.0000000000
930 -98.0000000000
942 -97.0000000000
951 -96.0000000000
960 -95.0000000000
964 -94.0000000000
982 -93.0000000000
1001 -92.0000000000
1020 -91.0000000000
1021 -90.0000000000
1033 -89.0000000000
1049 -88.0000000000
1058 -87.0000000000
1061 -86.0000000000
1069 -85.0000000000
1074 -84.0000000000
1079 -83.0000000000
1093 -82.0000000000
1094 -81.0000000000
1119 -80.0000000000
1159 -79.0000000000
1170 -78.0000000000
1172 -77.0000000000
1186 -76.0000000000
1187 -75.0000000000
1189 -74.0000000000
1194 -73.0000000000
1196 -72.0000000000
1204 -71.0000000000
1206 -70.0000000000
1210 -69.0000000000
1230 -68.0000000000
1233 -67.0000000000
1237 -66.0000000000
1259 -65.0000000000
1268 -64.0000000000
1277 -63.0000000000
1287 -62.0000000000
1321 -61.0000000000
1335 -60.0000000000
1348 -59.0000000000
1351 -58.0000000000
1369 -57.0000000000
1372 -56.0000000000
1374 -55.0000000000
1401 -54.0000000000
1406 -53.0000000000
1453 -52.0000000000
1456 -51.0000000000
1466 -50.0000000000
1477 -49.0000000000
1481 -48.0000000000
1489 -47.0000000000
1501 -46.0000000000
1507 -45.0000000000
1517 -44.0000000000
1523 -43.0000000000
1535 -42.0000000000
1544 -41.0000000000
1550 -40.0000000000
1552 -39.0000000000
1557 -38.0000000000
1571 -37.0000000000
1574 -36.0000000000
1584 -35.0000000000
1632 -34.0000000000
1637 -33.0000000000
1657 -32.0000000000
1661 -31.0000000000
1704 -30.0000000000
1799 -29.0000000000
1887 -28.0000000000
1947 -27.0000000000
2108 -26.0000000000
2132 -25.0000000000
2133 -24.0000000000
2154 -23.0000000000
2203 -22.0000000000
2215 -21.0000000000
2237 -20.0000000000
2239 -19.0000000000
2274 -18.0000000000
2289 -17.0000000000
2291 -16.0000000000
2296 -15.0000000000
2301 -14.0000000000
2319 -13.0000000000
2325 -12.0000000000
2392 -11.0000000000
2430 -10.0000000000
2465 -9.0000000000
2522 -8.0000000000
2541 -7.0000000000
2564 -6.0000000000
2583 -5.0000000000
2587 -4.0000000000
2610 -3.0000000000
2624 -2.0000000000
2656 -1.0000000000
2720 602.0000000000
10001 -1.0000000000
evaluations raw_y
1 -371.0000000000
4 -370.0000000000
5 -369.0000000000
6 -368.0000000000
7 -367.0000000000
8 -366.0000000000
9 -365.0000000000
11 -364.0000000000
12 -363.0000000000
16 -362.0000000000
17 -361.0000000000
19 -360.0000000000
21 -359.0000000000
25 -358.0000000000
26 -357.0000000000
28 -356.0000000000
29 -355.0000000000
32 -354.0000000000
36 -353.0000000000
43 -352.0000000000
47 -351.0000000000
50 -350.0000000000
52 -349.0000000000
53 -348.0000000000
55 -347.0000000000
59 -346.0000000000
65 -345.0000000000
66 -344.0000000000
67 -343.0000000000
68 -342.0000000000
69 -341.0000000000
72 -340.0000000000
73 -339.0000000000
74 -338.0000000000
75 -337.0000000000
78 -336.0000000000
82 -335.0000000000
89 -334.0000000000
92 -333.0000000000
94 -332.0000000000
97 -331.0000000000
98 -330.0000000000
100 -329.0000000000
104 -328.0000000000
107 -327.0000000000
110 -326.0000000000
113 -325.0000000000
116 -324.0000000000
119 -323.0000000000
120 -322.0000000000
121 -321.0000000000
122 -320.0000000000
125 -319.0000000000
126 -318.0000000000
127 -317.0000000000
129 -316.0000000000
132 -315.0000000000
133 -314.0000000000
136 -313.0000000000
138 -312.0000000000
144 -311.0000000000
145 -310.0000000000
146 -309.0000000000
147 -308.0000000000
148 -307.0000000000
150 -306.0000000000
151 -305.0000000000
154 -304.0000000000
155 -303.0000000000
156 -302.0000000000
160 -301.0000000000
167 -300.0000000000
168 -299.0000000000
171 -298.0000000000
173 -297.0000000000
174 -296.0000000000
176 -295.0000000000
177 -294.0000000000
179 -293.0000000000
180 -292.0000000000
181 -291.0000000000
183 -290.0000000000
186 -289.0000000000
187 -288.0000000000
191 -287.0000000000
193 -286.0000000000
194 -285.0000000000
197 -284.0000000000
198 -283.0000000000
199 -282.0000000000
201 -281.0000000000
207 -280.0000000000
208 -279.0000000000
210 -278.0000000000
212 -277.0000000000
215 -276.0000000000
216 -275.0000000000
223 -274.0000000000
226 -273.0000000000
230 -272.0000000000
231 -271.0000000000
238 -270.0000000000
242 -269.0000000000
243 -268.0000000000
248 -267.0000000000
249 -266.0000000000
251 -265.0000000000
253 -264.0000000000
254 -263.0000000000
256 -262.0000000000
259 -261.0000000000
260 -260.0000000000
263 -259.0000000000
265 -258.0000000000
269 -257.0000000000
274 -256.0000000000
275 -255.0000000000
278 -254.0000000000
280 -253.0000000000
284 -252.0000000000
287 -251.0000000000
289 -250.0000000000
293 -249.0000000000
301 -248.0000000000
305 -247.0000000000
306 -246.0000000000
311 -245.0000000000
312 -244.0000000000
315 -243.0000000000
317 -242.0000000000
328 -241.0000000000
330 -240.0000000000
331 -239.0000000000
332 -238.0000000000
343 -237.0000000000
358 -236.0000000000
362 -235.0000000000
363 -234.0000000000
368 -233.0000000000
370 -232.0000000000
372 -231.0000000000
375 -230.0000000000
377 -229.0000000000
378 -228.0000000000
381 -227.0000000000
383 -226.0000000000
384 -225.0000000000
386 -224.0000000000
387 -223.0000000000
389 -222.0000000000
392 -221.0000000000
394 -220.0000000000
396 -219.0000000000
404 -218.0000000000
405 -217.0000000000
412 -216.0000000000
413 -215.0000000000
417 -214.0000000000
420 -213.0000000000
421 -212.0000000000
429 -211.0000000000
430 -210.0000000000
436 -209.0000000000
437 -208.0000000000
441 -207.0000000000
445 -206.0000000000
452 -205.0000000000
458 -204.0000000000
459 -203.0000000000
463 -202.0000000000
477 -201.0000000000
478 -200.0000000000
482 -199.0000000000
484 -198.0000000000
486 -197.0000000000
489 -196.0000000000
493 -195.0000000000
497 -194.0000000000
503 -193.0000000000
504 -192.0000000000
509 -191.0000000000
510 -190.0000000000
512 -189.0000000000
514 -188.0000000000
516 -187.0000000000
522 -186.0000000000
523 -185.0000000000
524 -184.0000000000
530 -183.0000000000
532 -182.0000000000
538 -181.0000000000
545 -180.0000000000
547 -179.0000000000
558 -178.0000000000
560 -177.0000000000
571 -176.0000000000
583 -175.0000000000
584 -174.0000000000
590 -173.0000000000
594 -172.0000000000
595 -171.0000000000
596 -170.0000000000
602 -169.0000000000
604 -168.0000000000
608 -167.0000000000
609 -166.0000000000
612 -165.0000000000
613 -164.0000000000
634 -163.0000000000
639 -162.0000000000
645 -161.0000000000
646 -160.0000000000
649 -159.0000000000
654 -158.0000000000
657 -157.0000000000
660 -156.0000000000
661 -155.0000000000
664 -154.0000000000
675 -153.0000000000
676 -152.0000000000
680 -151.0000000000
692 -150.0000000000
708 -149.0000000000
709 -148.0000000000
710 -147.0000000000
713 -146.0000000000
716 -145.0000000000
721 -144.0000000000
723 -143.0000000000
724 -142.0000000000
727 -141.0000000000
731 -140.0000000000
735 -139.0000000000
748 -138.0000000000
750 -137.0000000000
765 -136.0000000000
766 -135.0000000000
771 -134.0000000000
778 -133.0000000000
780 -132.0000000000
787 -131.0000000000
791 -130.0000000000
802 -129.0000000000
807 -128.0000000000
813 -127.0000000000
817 -126.0000000000
821 -125.0000000000
834 -124.0000000000
846 -123.0000000000
849 -122.0000000000
852 -121.0000000000
853 -120.0000000000
862 -119.0000000000
869 -118.0000000000
879 -117.0000000000
901 -116.0000000000
907 -115.0000000000
910 -114.0000000000
914 -113.0000000000
918 -112.0000000000
920 -111.0000000000
930 -110.0000000000
943 -109.0000000000
947 -108.0000000000
972 -107.0000000000
973 -106.0000000000
976 -105.0000000000
978 -104.0000000000
982 -103.0000000000
1007 -102.0000000000
1011 -101.0000000000
1015 -100.0000000000
1031 -99.0000000000
1032 -98.0000000000
1046 -97.0000000000
1049 -96.0000000000
1058 -95.0000000000
1063 -94.0000000000
1076 -93.0000000000
1096 -92.0000000000
1109 -91.0000000000
1120 -90.0000000000
1129 -89.0000000000
1130 -88.0000000000
1145 -87.0000000000
1161 -86.0000000000
1162 -85.0000000000
1163 -84.0000000000
1173 -83.0000000000
1183 -82.0000000000
1198 -81.0000000000
1202 -80.0000000000
1206 -79.0000000000
1209 -78.0000000000
1224 -77.0000000000
1248 -76.0000000000
1252 -75.0000000000
1259 -74.0000000000
1261 -73.0000000000
1270 -72.0000000000
1286 -71.0000000000
1299 -70.0000000000
1314 -69.0000000000
1319 -68.0000000000
1338 -67.0000000000
1348 -66.0000000000
1365 -65.0000000000
1366 -64.0000000000
1367 -63.0000000000
1374 -62.0000000000
1405 -61.0000000000
1410 -60.0000000000
1419 -59.0000000000
1421 -58.0000000000
1428 -57.0000000000
1446 -56.0000000000
1472 -55.0000000000
1489 -54.0000000000
1498 -53.0000000000
1527 -52.0000000000
1546 -51.0000000000
1562 -50.0000000000
1584 -49.0000000000
1588 -48.0000000000
1593 -47.0000000000
1597 -46.0000000000
1608 -45.0000000000
1612 -44.0000000000
1677 -43.0000000000
1686 -42.0000000000
1722 -41.0000000000
1733 -40.0000000000
1739 -39.0000000000
1750 -38.0000000000
1752 -37.0000000000
1776 -36.0000000000
1781 -35.0000000000
1819 -34.0000000000
1841 -33.0000000000
1853 -32.0000000000
1881 -31.0000000000
1898 -30.0000000000
1906 -29.0000000000
1914 -28.0000000000
1915 -27.0000000000
1959 -26.0000000000
1964 -25.0000000000
2103 -24.0000000000
2107 -23.0000000000
2126 -22.0000000000
2127 -21.0000000000
2138 -20.0000000000
2151 -19.0000000000
2167 -18.0000000000
2243 -17.0000000000
2251 -16.0000000000
2265 -15.0000000000
2323 -14.0000000000
2336 -13.0000000000
2389 -12.0000000000
2406 -11.0000000000
2421 -10.0000000000
2422 -9.0000000000
2427 -8.0000000000
2445 -7.0000000000
2470 -6.0000000000
2476 -5.0000000000
2495 -4.0000000000
2567 -3.0000000000
2618 -2.0000000000
2738 -1.0000000000
2858 590.0000000000
10001 -1.0000000000
evaluations raw_y
1 -378.0000000000
2 -377.0000000000
4 -376.0000000000
7 -375.0000000000
8 -374.0000000000
9 -373.0000000000
12 -372.0000000000
13 -371.0000000000
14 -370.0000000000
15 -369.0000000000
16 -368.0000000000
19 -367.0000000000
20 -366.0000000000
27 -365.0000000000
28 -364.0000000000
29 -363.0000000000
30 -362.0000000000
31 -361.0000000000
32 -360.0000000000
33 -359.0000000000
35 -358.0000000000
40 -357.0000000000
42 -356.0000000000
44 -355.0000000000
46 -354.0000000000
47 -353.0000000000
48 -352.0000000000
50 -351.0000000000
55 -350.0000000000
57 -349.0000000000
59 -348.0000000000
64 -347.0000000000
66 -346.0000000000
69 -345.0000000000
71 -344.0000000000
79 -343.0000000000
81 -342.0000000000
87 -341.0000000000
89 -340.0000000000
90 -339.0000000000
91 -338.0000000000
96 -337.0000000000
99 -336.0000000000
100 -335.0000000000
103 -334.0000000000
105 -333.0000000000
106 -332.0000000000
109 -331.0000000000
110 -330.0000000000
111 -329.0000000000
112 -328.0000000000
115 -327.0000000000
117 -326.0000000000
121 -325.0000000000
122 -324.0000000000
123 -323.0000000000
128 -322.0000000000
131 -321.0000000000
134 -320.0000000000
135 -319.0000000000
136 -318.0000000000
137 -317.0000000000
138 -316.0000000000
141 -315.0000000000
144 -314.0000000000
153 -313.0000000000
155 -312.0000000000
157 -311.0000000000
160 -310.0000000000
162 -309.0000000000
163 -308.0000000000
165 -307.0000000000
168 -306.0000000000
171 -305.0000000000
172 -304.0000000000
173 -303.0000000000
175 -302.0000000000
180 -301.0000000000
181 -300.0000000000
185 -299.0000000000
188 -298.0000000000
192 -297.0000000000
193 -296.0000000000
194 -295.0000000000
197 -294.0000000000
198 -293.0000000000
204 -292.0000000000
206 -291.0000000000
210 -290.0000000000
214 -289.0000000000
217 -288.0000000000
222 -287.0000000000
224 -286.0000000000
226 -285.0000000000
230 -284.0000000000
231 -283.0000000000
233 -282.0000000000
235 -281.0000000000
236 -280.0000000000
241 -279.0000000000
245 -278.0000000000
247 -277.0000000000
249 -276.0000000000
251 -275.0000000000
259 -274.0000000000
260 -273.0000000000
264 -272.0000000000
265 -271.0000000000
268 -270.0000000000
269 -269.0000000000
272 -268.0000000000
276 -267.0000000000
278 -266.0000000000
282 -265.0000000000
287 -264.0000000000
289 -263.0000000000
290 -262.0000000000
294 -261.0000000000
296 -260.0000000000
297 -259.0000000000
299 -258.0000000000
301 -257.0000000000
305 -256.0000000000
310 -255.0000000000
311 -254.0000000000
317 -253.0000000000
318 -252.0000000000
320 -251.0000000000
321 -250.0000000000
323 -249.0000000000
324 -248.0000000000
326 -247.0000000000
331 -246.0000000000
332 -245.0000000000
333 -244.0000000000
337 -243.0000000000
340 -242.0000000000
352 -241.0000000000
354 -240.0000000000
355 -239.0000000000
358 -238.0000000000
365 -237.0000000000
367 -236.0000000000
368 -235.0000000000
374 -234.0000000000
377 -233.0000000000
378 -232.0000000000
383 -231.0000000000
385 -230.0000000000
386 -229.0000000000
389 -228.0000000000
397 -227.0000000000
399 -226.0000000000
400 -225.0000000000
402 -224.0000000000
404 -223.0000000000
405 -222.0000000000
409 -221.0000000000
410 -220.0000000000
411 -219.0000000000
415 -218.0000000000
417 -217.0000000000
419 -216.0000000000
423 -215.0000000000
431 -214.0000000000
435 -213.0000000000
437 -212.0000000000
439 -211.0000000000
440 -210.0000000000
442 -209.0000000000
444 -208.0000000000
454 -207.0000000000
455 -206.0000000000
457 -205.0000000000
458 -204.0000000000
459 -203.0000000000
463 -202.0000000000
464 -201.0000000000
465 -200.0000000000
467 -199.0000000000
471 -198.0000000000
473 -197.0000000000
476 -196.0000000000
483 -195.0000000000
502 -194.0000000000
503 -193.0000000000
508 -192.0000000000
514 -191.0000000000
518 -190.0000000000
521 -189.0000000000
533 -188.0000000000
534 -187.0000000000
538 -186.0000000000
539 -185.0000000000
542 -184.0000000000
544 -183.0000000000
546 -182.0000000000
547 -181.0000000000
551 -180.0000000000
557 -179.0000000000
559 -178.0000000000
561 -177.0000000000
563 -176.0000000000
564 -175.0000000000
566 -174.0000000000
567 -173.0000000000
576 -172.0000000000
578 -171.0000000000
590 -170.0000000000
597 -169.0000000000
599 -168.0000000000
602 -167.0000000000
603 -166.0000000000
606 -165.0000000000
613 -164.0000000000
615 -163.0000000000
619 -162.0000000000
624 -161.0000000000
626 -160.0000000000
629 -159.0000000000
634 -158.0000000000
638 -157.0000000000
664 -156.0000000000
675 -155.0000000000
677 -154.0000000000
680 -153.0000000000
685 -152.0000000000
686 -151.0000000000
689 -150.0000000000
692 -149.0000000000
695 -148.0000000000
702 -147.0000000000
709 -146.0000000000
710 -145.0000000000
713 -144.0000000000
716 -143.0000000000
717 -142.0000000000
718 -141.0000000000
732 -140.0000000000
742 -139.0000000000
743 -138.0000000000
745 -137.0000000000
751 -136.0000000000
754 -135.0000000000
759 -134.0000000000
760 -133.0000000000
763 -132.0000000000
765 -131.0000000000
775 -130.0000000000
778 -129.0000000000
785 -128.0000000000
796 -127.0000000000
808 -126.0000000000
812 -125.0000000000
817 -124.0000000000
820 -123.0000000000
822 -122.0000000000
823 -121.0000000000
827 -120.0000000000
841 -119.0000000000
844 -118.0000000000
873 -117.0000000000
875 -116.0000000000
879 -115.0000000000
880 -114.0000000000
885 -113.0000000000
892 -112.0000000000
893 -111.0000000000
902 -110.0000000000
911 -109.0000000000
913 -108.0000000000
914 -107.0000000000
915 -106.0000000000
927 -105.0000000000
941 -104.0000000000
951 -103.0000000000
971 -102.0000000000
978 -101.0000000000
991 -100.0000000000
994 -99.0000000000
1002 -98.0000000000
1005 -97.0000000000
1016 -96.0000000000
1022 -95.0000000000
1037 -94.0000000000
1043 -93.0000000000
1044 -92.0000000000
1059 -91.0000000000
1060 -90.0000000000
1061 -89.0000000000
1063 -88.0000000000
1065 -87.0000000000
1078 -86.0000000000
1081 -85.0000000000
1098 -84.0000000000
1100 -83.0000000000
1101 -82.0000000000
1107 -81.0000000000
1114 -80.0000000000
1119 -79.0000000000
1125 -78.0000000000
1131 -77.0000000000
1134 -76.0000000000
1137 -75.0000000000
1152 -74.0000000000
1154 -73.0000000000
1163 -72.0000000000
1167 -71.0000000000
1180 -70.0000000000
1184 -69.0000000000
1186 -68.0000000000
1190 -67.0000000000
1191 -66.0000000000
1199 -65.0000000000
1201 -64.0000000000
1208 -63.0000000000
1214 -62.0000000000
1215 -61.0000000000
1224 -60.0000000000
1225 -59.0000000000
1232 -58.0000000000
1239 -57.0000000000
1251 -56.0000000000
1267 -55.0000000000
1274 -54.0000000000
1279 -53.0000000000
1294 -52.0000000000
1295 -51.0000000000
1296 -50.0000000000
1297 -49.0000000000
1300 -48.0000000000
1334 -47.0000000000
1338 -46.0000000000
1345 -45.0000000000
1367 -44.0000000000
1373 -43.0000000000
1394 -42.0000000000
1410 -41.0000000000
1421 -40.0000000000
1475 -39.0000000000
1497 -38.0000000000
1504 -37.0000000000
1520 -36.0000000000
1529 -35.0000000000
1544 -34.0000000000
1574 -33.0000000000
1575 -32.0000000000
1611 -31.0000000000
1685 -30.0000000000
1725 -29.0000000000
1726 -28.0000000000
1731 -27.0000000000
1779 -26.0000000000
1801 -25.0000000000
1810 -24.0000000000
1824 -23.0000000000
1828 -22.0000000000
1829 -21.0000000000
1899 -20.0000000000
1963 -19.0000000000
1971 -18.0000000000
1989 -17.0000000000
2010 -16.0000000000
2038 -15.0000000000
2052 -14.0000000000
2076 -13.0000000000
2095 -12.0000000000
2096 -11.0000000000
2113 -10.0000000000
2142 -9.0000000000
2145 -8.0000000000
2200 -7.0000000000
2229 -6.0000000000
2233 -5.0000000000
2278 -4.0000000000
2309 -3.0000000000
2334 -2.0000000000
2363 -1.0000000000
2408 604.0000000000
10001 -1.0000000000
evaluations raw_y
1 -374.0000000000
2 -373.0000000000
3 -372.0000000000
5 -371.0000000000
7 -370.0000000000
9 -369.0000000000
10 -368.0000000000
14 -367.0000000000
15 -366.0000000000
20 -365.0000000000
21 -364.0000000000
25 -363.0000000000
27 -362.0000000000
29 -361.0000000000
33 -360.0000000000
35 -359.0000000000
45 -358.0000000000
46 -357.0000000000
47 -356.0000000000
48 -355.0000000000
50 -354.0000000000
51 -353.0000000000
53 -352.0000000000
54 -351.0000000000
55 -350.0000000000
56 -349.0000000000
57 -348.0000000000
61 -347.0000000000
64 -346.0000000000
66 -345.0000000000
69 -344.0000000000
75 -343.0000000000
81 -342.0000000000
82 -341.0000000000
83 -340.0000000000
87 -339.0000000000
88 -338.0000000000
90 -337.0000000000
91 -336.0000000000
93 -335.0000000000
94 -334.0000000000
97 -333.0000000000
100 -332.0000000000
103 -331.0000000000
104 -330.0000000000
106 -329.0000000000
108 -328.0000000000
110 -327.0000000000
113 -326.0000000000
118 -325.0000000000
121 -324.0000000000
122 -323.0000000000
124 -322.0000000000
126 -321.0000000000
128 -320.0000000000
129 -319.0000000000
130 -318.0000000000
134 -317.0000000000
136 -316.0000000000
140 -315.0000000000
144 -314.0000000000
147 -313.0000000000
150 -312.0000000000
153 -311.0000000000
156 -310.0000000000
157 -309.0000000000
158 -308.0000000000
159 -307.0000000000
161 -306.0000000000
165 -305.0000000000
168 -304.0000000000
170 -303.0000000000
172 -302.0000000000
177 -301.0000000000
179 -300.0000000000
180 -299.0000000000
186 -298.0000000000
191 -297.0000000000
193 -296.0000000000
194 -295.0000000000
195 -294.0000000000
197 -293.0000000000
203 -292.0000000000
204 -291.0000000000
205 -290.0000000000
208 -289.0000000000
209 -288.0000000000
212 -287.0000000000
221 -286.0000000000
223 -285.0000000000
225 -284.0000000000
229 -283.0000000000
230 -282.0000000000
231 -281.0000000000
232 -280.0000000000
235 -279.0000000000
236 -278.0000000000
244 -277.0000000000
247 -276.0000000000
248 -275.0000000000
249 -274.0000000000
253 -273.0000000000
260 -272.0000000000
261 -271.0000000000
265 -270.0000000000
266 -269.0000000000
270 -268.0000000000
271 -267.0000000000
272 -266.0000000000
273 -265.0000000000
274 -264.0000000000
275 -263.0000000000
276 -262.0000000000
277 -261.0000000000
278 -260.0000000000
281 -259.0000000000
282 -258.0000000000
283 -257.0000000000
285 -256.0000000000
286 -255.0000000000
291 -254.0000000000
292 -253.0000000000
297 -252.0000000000
305 -251.0000000000
310 -250.0000000000
311 -249.0000000000
316 -248.0000000000
327 -247.0000000000
329 -246.0000000000
331 -245.0000000000
337 -244.0000000000
340 -243.0000000000
343 -242.0000000000
349 -241.0000000000
352 -240.0000000000
353 -239.0000000000
354 -238.0000000000
361 -237.0000000000
365 -236.0000000000
367 -235.0000000000
371 -234.0000000000
375 -233.0000000000
376 -232.0000000000
378 -231.0000000000
384 -230.0000000000
385 -229.0000000000
388 -228.0000000000
392 -227.0000000000
393 -226.0000000000
398 -225.0000000000
407 -224.0000000000
409 -223.0000000000
410 -222.0000000000
412 -221.0000000000
420 -220.0000000000
422 -219.0000000000
428 -218.0000000000
429 -217.0000000000
432 -216.0000000000
440 -215.0000000000
443 -214.0000000000
451 -213.0000000000
452 -212.0000000000
453 -211.0000000000
454 -210.0000000000
455 -209.0000000000
457 -208.0000000000
459 -207.0000000000
460 -206.0000000000
462 -205.0000000000
463 -204.0000000000
464 -203.0000000000
465 -202.0000000000
471 -201.0000000000
472 -200.0000000000
473 -199.0000000000
474 -198.0000000000
475 -197.0000000000
476 -196.0000000000
477 -195.0000000000
479 -194.0000000000
480 -193.0000000000
481 -192.0000000000
482 -191.0000000000
484 -190.0000000000
488 -189.0000000000
491 -188.0000000000
494 -187.0000000000
495 -186.0000000000
496 -185.0000000000
498 -184.0000000000
504 -183.0000000000
524 -182.0000000000
525 -181.0000000000
526 -180.0000000000
529 -179.0000000000
533 -178.0000000000
538 -177.0000000000
542 -176.0000000000
547 -175.0000000000
549 -174.0000000000
553 -173.0000000000
556 -172.0000000000
557 -171.0000000000
560 -170.0000000000
565 -169.0000000000
569 -168.0000000000
571 -167.0000000000
574 -166.0000000000
578 -165.0000000000
592 -164.0000000000
601 -163.0000000000
609 -162.0000000000
610 -161.0000000000
619 -160.0000000000
622 -159.0000000000
624 -158.0000000000
629 -157.0000000000
631 -156.0000000000
633 -155.0000000000
635 -154.0000000000
641 -153.0000000000
647 -152.0000000000
656 -151.0000000000
660 -150.0000000000
662 -149.0000000000
673 -148.0000000000
680 -147.0000000000
682 -146.0000000000
687 -145.0000000000
688 -144.0000000000
698 -143.0000000000
703 -142.0000000000
706 -141.0000000000
708 -140.0000000000
711 -139.0000000000
712 -138.0000000000
717 -137.0000000000
719 -136.0000000000
724 -135.0000000000
728 -134.0000000000
735 -133.0000000000
741 -132.0000000000
745 -131.0000000000
748 -130.0000000000
749 -129.0000000000
762 -128.0000000000
792 -127.0000000000
794 -126.0000000000
795 -125.0000000000
799 -124.0000000000
802 -123.0000000000
811 -122.0000000000
815 -121.0000000000
818 -120.0000000000
821 -119.0000000000
836 -118.0000000000
846 -117.0000000000
849 -116.0000000000
858 -115.0000000000
861 -114.0000000000
873 -113.0000000000
879 -112.0000000000
881 -111.0000000000
882 -110.0000000000
894 -109.0000000000
895 -108.0000000000
898 -107.0000000000
899 -106.0000000000
904 -105.0000000000
905 -104.0000000000
915 -103.0000000000
920 -102.0000000000
943 -101.0000000000
945 -100.0000000000
953 -99.0000000000
954 -98.0000000000
958 -97.0000000000
968 -96.0000000000
970 -95.0000000000
978 -94.0000000000
981 -93.0000000000
1003 -92.0000000000
1044 -91.0000000000
1072 -90.0000000000
1114 -89.0000000000
1121 -88.0000000000
1122 -87.0000000000
1123 -86.0000000000
1128 -85.0000000000
1136 -84.0000000000
1139 -83.0000000000
1153 -82.0000000000
1157 -81.0000000000
1162 -80.0000000000
1174 -79.0000000000
1183 -78.0000000000
1185 -77.0000000000
1192 -76.0000000000
1199 -75.0000000000
1207 -74.0000000000
1211 -73.0000000000
1216 -72.0000000000
1217 -71.0000000000
1223 -70.0000000000
1239 -69.0000000000
1253 -68.0000000000
1254 -67.0000000000
1263 -66.0000000000
1265 -65.0000000000
1279 -64.0000000000
1289 -63.0000000000
1300 -62.0000000000
1310 -61.0000000000
1314 -60.0000000000
1320 -59.0000000000
1351 -58.0000000000
1352 -57.0000000000
1360 -56.0000000000
1367 -55.0000000000
1404 -54.0000000000
1410 -53.0000000000
1438 -52.0000000000
1444 -51.0000000000
1481 -50.0000000000
1535 -49.0000000000
1560 -48.0000000000
1564 -47.0000000000
1567 -46.0000000000
1570 -45.0000000000
1589 -44.0000000000
1592 -43.0000000000
1600 -42.0000000000
1631 -41.0000000000
1649 -40.0000000000
1652 -39.0000000000
1683 -38.0000000000
1712 -37.0000000000
1733 -36.0000000000
1739 -35.0000000000
1744 -34.0000000000
1770 -33.0000000000
1825 -32.0000000000
1833 -31.0000000000
1851 -30.0000000000
1854 -29.0000000000
1859 -28.0000000000
1875 -27.0000000000
1878 -26.0000000000
1879 -25.0000000000
1889 -24.0000000000
1914 -23.0000000000
1941 -22.0000000000
1954 -21.0000000000
1963 -20.0000000000
1980 -19.0000000000
2009 -18.0000000000
2046 -17.0000000000
2071 -16.0000000000
2130 -15.0000000000
2304 -14.0000000000
2374 -13.0000000000
2406 -12.0000000000
2436 -11.0000000000
2458 -10.0000000000
2544 -9.0000000000
2609 -8.0000000000
2636 -7.0000000000
2747 -6.0000000000
2777 -5.0000000000
2817 -4.0000000000
2875 -3.0000000000
2896 -2.0000000000
2911 -1.0000000000
2938 601.0000000000
10001 -1.0000000000
evaluations raw_y
1 -362.0000000000
2 -361.0000000000
3 -360.0000000000
4 -359.0000000000
5 -358.0000000000
9 -357.0000000000
11 -356.0000000000
13 -355.0000000000
17 -354.0000000000
19 -353.0000000000
22 -352.0000000000
26 -351.0000000000
29 -350.0000000000
30 -349.0000000000
32 -348.0000000000
37 -347.0000000000
39 -346.0000000000
44 -345.0000000000
46 -344.0000000000
48 -343.0000000000
50 -342.0000000000
51 -341.0000000000
55 -340.0000000000
56 -339.0000000000
57 -338.0000000000
59 -337.0000000000
60 -336.0000000000
61 -335.0000000000
63 -334.0000000000
64 -333.0000000000
66 -332.0000000000
70 -331.0000000000
71 -330.0000000000
72 -329.0000000000
73 -328.0000000000
78 -327.0000000000
81 -326.0000000000
85 -325.0000000000
87 -324.0000000000
89 -323.0000000000
90 -322.0000000000
92 -321.0000000000
93 -320.0000000000
98 -319.0000000000
99 -318.0000000000
104 -317.0000000000
105 -316.0000000000
106 -315.0000000000
107 -314.0000000000
110 -313.0000000000
112 -312.0000000000
114 -311.0000000000
115 -310.0000000000
116 -309.0000000000
117 -308.0000000000
123 -307.0000000000
126 -306.0000000000
127 -305.0000000000
130 -304.0000000000
134 -303.0000000000
140 -302.0000000000
143 -301.0000000000
144 -300.0000000000
146 -299.0000000000
147 -298.0000000000
148 -297.0000000000
154 -296.0000000000
155 -295.0000000000
156 -294.0000000000
161 -293.0000000000
163 -292.0000000000
167 -291.0000000000
172 -290.0000000000
175 -289.0000000000
179 -288.0000000000
183 -287.0000000000
187 -286.0000000000
189 -285.0000000000
191 -284.0000000000
192 -283.0000000000
194 -282.0000000000
196 -281.0000000000
197 -280.0000000000
199 -279.0000000000
200 -278.0000000000
204 -277.0000000000
206 -276.0000000000
208 -275.0000000000
209 -274.0000000000
211 -273.0000000000
212 -272.0000000000
217 -271.0000000000
218 -270.0000000000
220 -269.0000000000
223 -268.0000000000
224 -267.0000000000
225 -266.0000000000
226 -265.0000000000
228 -264.0000000000
231 -263.0000000000
235 -262.0000000000
240 -261.0000000000
243 -260.0000000000
244 -259.0000000000
245 -258.0000000000
252 -257.0000000000
254 -256.0000000000
256 -255.0000000000
269 -254.0000000000
270 -253.0000000000
274 -252.0000000000
280 -251.0000000000
281 -250.0000000000
282 -249.0000000000
285 -248.0000000000
287 -247.0000000000
289 -246.0000000000
293 -245.0000000000
302 -244.0000000000
306 -243.0000000000
310 -242.0000000000
312 -241.0000000000
314 -240.0000000000
318 -239.0000000000
319 -238.0000000000
324 -237.0000000000
325 -236.0000000000
330 -235.0000000000
331 -234.0000000000
333 -233.0000000000
336 -232.0000000000
348 -231.0000000000
351 -230.0000000000
362 -229.0000000000
364 -228.0000000000
367 -227.0000000000
369 -226.0000000000
370 -225.0000000000
371 -224.0000000000
379 -223.0000000000
381 -222.0000000000
382 -221.0000000000
387 -220.0000000000
388 -219.0000000000
389 -218.0000000000
392 -217.0000000000
393 -216.0000000000
396 -215.0000000000
397 -214.0000000000
400 -213.0000000000
407 -212.0000000000
409 -211.0000000000
411 -210.0000000000
414 -209.0000000000
415 -208.0000000000
416 -207.0000000000
418 -206.0000000000
419 -205.0000000000
420 -204.0000000000
423 -203.0000000000
424 -202.0000000000
425 -201.0000000000
429 -200.0000000000
430 -199.0000000000
436 -198.0000000000
438 -197.0000000000
439 -196.0000000000
440 -195.0000000000
442 -194.0000000000
444 -193.0000000000
453 -192.0000000000
454 -191.0000000000
456 -190.0000000000
458 -189.0000000000
464 -188.0000000000
466 -187.0000000000
469 -186.0000000000
471 -185.0000000000
475 -184.0000000000
476 -183.0000000000
481 -182.0000000000
484 -181.0000000000
491 -180.0000000000
497 -179.0000000000
504 -178.0000000000
506 -177.0000000000
513 -176.0000000000
514 -175.0000000000
515 -174.0000000000
521 -173.0000000000
529 -172.0000000000
531 -171.0000000000
533 -170.0000000000
535 -169.0000000000
538 -168.0000000000
540 -167.0000000000
542 -166.0000000000
545 -165.0000000000
546 -164.0000000000
548 -163.0000000000
549 -162.0000000000
552 -161.0000000000
564 -160.0000000000
569 -159.0000000000
571 -158.0000000000
572 -157.0000000000
582 -156.0000000000
586 -155.0000000000
599 -154.0000000000
604 -153.0000000000
606 -152.0000000000
609 -151.0000000000
610 -150.0000000000
611 -149.0000000000
616 -148.0000000000
620 -147.0000000000
626 -146.0000000000
640 -145.0000000000
644 -144.0000000000
651 -143.0000000000
657 -142.0000000000
670 -141.0000000000
681 -140.0000000000
684 -139.0000000000
694 -138.0000000000
707 -137.0000000000
711 -136.0000000000
716 -135.0000000000
721 -134.0000000000
741 -133.0000000000
742 -132.0000000000
747 -131.0000000000
753 -130.0000000000
754 -129.0000000000
756 -128.0000000000
757 -127.0000000000
758 -126.0000000000
769 -125.0000000000
777 -124.0000000000
784 -123.0000000000
792 -122.0000000000
795 -121.0000000000
807 -120.0000000000
811 -119.0000000000
813 -118.0000000000
815 -117.0000000000
817 -116.0000000000
836 -115.0000000000
847 -114.0000000000
848 -113.0000000000
851 -112.0000000000
852 -111.0000000000
856 -110.0000000000
858 -109.0000000000
875 -108.0000000000
877 -107.0000000000
879 -106.0000000000
883 -105.0000000000
899 -104.0000000000
910 -103.0000000000
914 -102.0000000000
917 -101.0000000000
927 -100.0000000000
939 -99.0000000000
940 -98.0000000000
944 -97.0000000000
945 -96.0000000000
958 -95.0000000000
967 -94.0000000000
973 -93.0000000000
1002 -92.0000000000
1004 -91.0000000000
1012 -90.0000000000
1018 -89.0000000000
1031 -88.0000000000
1032 -87.0000000000
1056 -86.0000000000
1061 -85.0000000000
1067 -84.0000000000
1075 -83.0000000000
1093 -82.0000000000
1105 -81.0000000000
1150 -80.0000000000
1154 -79.0000000000
1159 -78.0000000000
1163 -77.0000000000
1199 -76.0000000000
1202 -75.0000000000
1208 -74.0000000000
1233 -73.0000000000
1236 -72.0000000000
1241 -71.0000000000
1249 -70.0000000000
1260 -69.0000000000
1275 -68.0000000000
1308 -67.0000000000
1328 -66.0000000000
1337 -65.0000000000
1341 -64.0000000000
1362 -63.0000000000
1389 -62.0000000000
1430 -61.0000000000
1436 -60.0000000000
1475 -59.0000000000
1480 -58.0000000000
1503 -57.0000000000
1514 -56.0000000000
1538 -55.0000000000
1577 -54.0000000000
1584 -53.0000000000
1626 -52.0000000000
1661 -51.0000000000
1667 -50.0000000000
1675 -49.0000000000
1676 -48.0000000000
1692 -47.0000000000
1740 -46.0000000000
1748 -45.0000000000
1754 -44.0000000000
1757 -43.0000000000
1781 -42.0000000000
1810 -41.0000000000
1844 -40.0000000000
1856 -39.0000000000
1862 -38.0000000000
1864 -37.0000000000
1878 -36.0000000000
1914 -35.0000000000
1919 -34.0000000000
1920 -33.0000000000
1926 -32.0000000000
1936 -31.0000000000
1977 -30.0000000000
2010 -29.0000000000
2043 -28.0000000000
2056 -27.0000000000
2059 -26.0000000000
2096 -25.0000000000
2103 -24.0000000000
2132 -23.0000000000
2159 -22.0000000000
2165 -21.0000000000
2226 -20.0000000000
2230 -19.0000000000
2232 -18.0000000000
2259 -17.0000000000
2270 -16.0000000000
2282 -15.0000000000
2331 -14.0000000000
2347 -13.0000000000
2353 -12.0000000000
2455 -11.0000000000
2579 -10.0000000000
2587 -9.0000000000
2591 -8.0000000000
2613 -7.0000000000
2702 -6.0000000000
2838 -5.0000000000
2841 -4.0000000000
2868 -3.0000000000
2941 -2.0000000000
2982 -1.0000000000
3196 598.0000000000
10001 -1.0000000000
evaluations raw_y
1 -372.0000000000
2 -371.0000000000
3 -370.0000000000
11 -369.0000000000
12 -368.0000000000
13 -367.0000000000
16 -366.0000000000
17 -365.0000000000
18 -364.0000000000
21 -363.0000000000
22 -362.0000000000
25 -361.0000000000
27 -360.0000000000
30 -359.0000000000
31 -358.0000000000
35 -357.0000000000
36 -356.0000000000
38 -355.0000000000
39 -354.0000000000
41 -353.0000000000
42 -352.0000000000
44 -351.0000000000
48 -350.0000000000
53 -349.0000000000
55 -348.0000000000
59 -347.0000000000
60 -346.0000000000
62 -345.0000000000
68 -344.0000000000
70 -343.0000000000
71 -342.0000000000
72 -341.0000000000
73 -340.0000000000
75 -339.0000000000
79 -338.0000000000
80 -337.0000000000
81 -336.0000000000
84 -335.0000000000
88 -334.0000000000
95 -333.0000000000
98 -332.0000000000
100 -331.0000000000
103 -330.0000000000
109 -329.0000000000
110 -328.0000000000
112 -327.0000000000
114 -326.0000000000
117 -325.0000000000
120 -324.0000000000
121 -323.0000000000
123 -322.0000000000
124 -321.0000000000
133 -320.0000000000
136 -319.0000000000
138 -318.0000000000
140 -317.0000000000
144 -316.0000000000
152 -315.0000000000
155 -314.0000000000
158 -313.0000000000
161 -312.0000000000
162 -311.0000000000
164 -310.0000000000
165 -309.0000000000
166 -308.0000000000
167 -307.0000000000
168 -306.0000000000
170 -305.0000000000
172 -304.0000000000
173 -303.0000000000
174 -302.0000000000
178 -301.0000000000
179 -300.0000000000
180 -299.0000000000
181 -298.0000000000
185 -297.0000000000
186 -296.0000000000
189 -295.0000000000
193 -294.0000000000
197 -293.0000000000
199 -292.0000000000
200 -291.0000000000
203 -290.0000000000
206 -289.0000000000
209 -288.0000000000
211 -287.0000000000
213 -286.0000000000
214 -285.0000000000
215 -284.0000000000
223 -283.0000000000
225 -282.0000000000
228 -281.0000000000
230 -280.0000000000
233 -279.0000000000
236 -278.0000000000
238 -277.0000000000
241 -276.0000000000
242 -275.0000000000
243 -274.0000000000
246 -273.0000000000
248 -272.0000000000
260 -271.0000000000
261 -270.0000000000
266 -269.0000000000
267 -268.0000000000
270 -267.0000000000
272 -266.0000000000
275 -265.0000000000
279 -264.0000000000
283 -263.0000000000
285 -262.0000000000
290 -261.0000000000
291 -260.0000000000
292 -259.0000000000
295 -258.0000000000
299 -257.0000000000
302 -256.0000000000
310 -255.0000000000
311 -254.0000000000
314 -253.0000000000
326 -252.0000000000
329 -251.0000000000
333 -250.0000000000
334 -249.0000000000
335 -248.0000000000
338 -247.0000000000
340 -246.0000000000
341 -245.0000000000
346 -244.0000000000
347 -243.0000000000
349 -242.0000000000
352 -241.0000000000
353 -240.0000000000
356 -239.0000000000
357 -238.0000000000
367 -237.0000000000
372 -236.0000000000
374 -235.0000000000
378 -234.0000000000
382 -233.0000000000
392 -232.0000000000
395 -231.0000000000
396 -230.0000000000
401 -229.0000000000
403 -228.0000000000
404 -227.0000000000
405 -226.0000000000
407 -225.0000000000
408 -224.0000000000
411 -223.0000000000
416 -222.0000000000
417 -221.0000000000
419 -220.0000000000
424 -219.0000000000
425 -218.0000000000
428 -217.0000000000
431 -216.0000000000
433 -215.0000000000
435 -214.0000000000
439 -213.0000000000
441 -212.0000000000
443 -211.0000000000
448 -210.0000000000
450 -209.0000000000
453 -208.0000000000
456 -207.0000000000
463 -206.0000000000
467 -205.0000000000
475 -204.0000000000
478 -203.0000000000
483 -202.0000000000
485 -201.0000000000
488 -200.0000000000
492 -199.0000000000
493 -198.0000000000
504 -197.0000000000
510 -196.0000000000
512 -195.0000000000
523 -194.0000000000
524 -193.0000000000
527 -192.0000000000
528 -191.0000000000
540 -190.0000000000
550 -189.0000000000
560 -188.0000000000
562 -187.0000000000
563 -186.0000000000
567 -185.0000000000
568 -184.0000000000
576 -183.0000000000
577 -182.0000000000
581 -181.0000000000
588 -180.0000000000
595 -179.0000000000
602 -178.0000000000
608 -177.0000000000
621 -176.0000000000
622 -175.0000000000
627 -174.0000000000
629 -173.0000000000
634 -172.0000000000
636 -171.0000000000
637 -170.0000000000
643 -169.0000000000
658 -168.0000000000
665 -167.0000000000
667 -166.0000000000
670 -165.0000000000
671 -164.0000000000
677 -163.0000000000
680 -162.0000000000
684 -161.0000000000
689 -160.0000000000
698 -159.0000000000
699 -158.0000000000
704 -157.0000000000
708 -156.0000000000
711 -155.0000000000
716 -154.0000000000
722 -153.0000000000
741 -152.0000000000
742 -151.0000000000
743 -150.0000000000
750 -149.0000000000
752 -148.0000000000
756 -147.0000000000
760 -146.0000000000
774 -145.0000000000
785 -144.0000000000
793 -143.0000000000
796 -142.0000000000
800 -141.0000000000
801 -140.0000000000
803 -139.0000000000
806 -138.0000000000
816 -137.0000000000
818 -136.0000000000
822 -135.0000000000
825 -134.0000000000
830 -133.0000000000
835 -132.0000000000
844 -131.0000000000
845 -130.0000000000
848 -129.0000000000
863 -128.0000000000
864 -127.0000000000
879 -126.0000000000
880 -125.0000000000
885 -124.0000000000
890 -123.0000000000
892 -122.0000000000
897 -121.0000000000
901 -120.0000000000
918 -119.0000000000
919 -118.0000000000
931 -117.0000000000
934 -116.0000000000
940 -115.0000000000
942 -114.0000000000
944 -113.0000000000
962 -112.0000000000
965 -111.0000000000
969 -110.0000000000
975 -109.0000000000
989 -108.0000000000
998 -107.0000000000
1019 -106.0000000000
1032 -105.0000000000
1034 -104.0000000000
1047 -103.0000000000
1049 -102.0000000000
1057 -101.0000000000
1059 -100.0000000000
1065 -99.0000000000
1066 -98.0000000000
1074 -97.0000000000
1081 -96.0000000000
1084 -95.0000000000
1085 -94.0000000000
1096 -93.0000000000
1098 -92.0000000000
1107 -91.0000000000
1119 -90.0000000000
1120 -89.0000000000
1124 -88.0000000000
1135 -87.0000000000
1158 -86.0000000000
1161 -85.0000000000
1162 -84.0000000000
1164 -83.0000000000
1167 -82.0000000000
1171 -81.0000000000
1180 -80.0000000000
1182 -79.0000000000
1199 -78.0000000000
1235 -77.0000000000
1239 -76.0000000000
1243 -75.0000000000
1261 -74.0000000000
1274 -73.0000000000
1328 -72.0000000000
1336 -71.0000000000
1341 -70.0000000000
1343 -69.0000000000
1351 -68.0000000000
1362 -67.0000000000
1385 -66.0000000000
1387 -65.0000000000
1391 -64.0000000000
1411 -63.0000000000
1429 -62.0000000000
1432 -61.0000000000
1435 -60.0000000000
1443 -59.0000000000
1444 -58.0000000000
1448 -57.0000000000
1452 -56.0000000000
1456 -55.0000000000
1462 -54.0000000000
1483 -53.0000000000
1487 -52.0000000000
1488 -51.0000000000
1494 -50.0000000000
1502 -49.0000000000
1506 -48.0000000000
1515 -47.0000000000
1540 -46.0000000000
1544 -45.0000000000
1578 -44.0000000000
1599 -43.0000000000
1606 -42.0000000000
1629 -41.0000000000
1630 -40.0000000000
1640 -39.0000000000
1646 -38.0000000000
1657 -37.0000000000
1689 -36.0000000000
1703 -35.0000000000
1717 -34.0000000000
1718 -33.0000000000
1724 -32.0000000000
1742 -31.0000000000
1748 -30.0000000000
1770 -29.0000000000
1777 -28.0000000000
1796 -27.0000000000
1840 -26.0000000000
1849 -25.0000000000
1852 -24.0000000000
1867 -23.0000000000
1878 -22.0000000000
1893 -21.0000000000
1899 -20.0000000000
1961 -19.0000000000
2033 -18.0000000000
2063 -17.0000000000
2070 -16.0000000000
2147 -15.0000000000
2161 -14.0000000000
2180 -13.0000000000
2205 -12.0000000000
2240 -11.0000000000
2276 -10.0000000000
2287 -9.0000000000
2319 -8.0000000000
2343 -7.0000000000
2360 -6.0000000000
2376 -5.0000000000
2402 -4.0000000000
2444 -3.0000000000
2476 -2.0000000000
2497 -1.0000000000
2573 603.0000000000
10001 -1.0000000000
evaluations raw_y
1 -361.0000000000
2 -360.0000000000
3 -359.0000000000
6 -358.0000000000
7 -357.0000000000
8 -356.0000000000
9 -355.0000000000
11 -354.0000000000
16 -353.0000000000
20 -352.0000000000
22 -351.0000000000
23 -350.0000000000
24 -349.0000000000
29 -348.0000000000
30 -347.0000000000
32 -346.0000000000
34 -345.0000000000
35 -344.0000000000
40 -343.0000000000
42 -342.0000000000
44 -341.0000000000
45 -340.0000000000
47 -339.0000000000
49 -338.0000000000
50 -337.0000000000
52 -336.0000000000
54 -335.0000000000
57 -334.0000000000
58 -333.0000000000
59 -332.0000000000
60 -331.0000000000
61 -330.0000000000
62 -329.0000000000
63 -328.0000000000
64 -327.0000000000
66 -326.0000000000
71 -325.0000000000
72 -324.0000000000
73 -323.0000000000
74 -322.0000000000
79 -321.0000000000
80 -320.0000000000
81 -319.0000000000
82 -318.0000000000
83 -317.0000000000
86 -316.0000000000
87 -315.0000000000
88 -314.0000000000
93 -313.0000000000
95 -312.0000000000
96 -311.0000000000
98 -310.0000000000
104 -309.0000000000
105 -308.0000000000
106 -307.0000000000
113 -306.0000000000
114 -305.0000000000
115 -304.0000000000
119 -303.0000000000
125 -302.0000000000
126 -301.0000000000
134 -300.0000000000
135 -299.0000000000
139 -298.0000000000
146 -297.0000000000
149 -296.0000000000
151 -295.0000000000
152 -294.0000000000
153 -293.0000000000
160 -292.0000000000
162 -291.0000000000
163 -290.0000000000
164 -289.0000000000
165 -288.0000000000
166 -287.0000000000
170 -286.0000000000
177 -285.0000000000
179 -284.0000000000
181 -283.0000000000
189 -282.0000000000
190 -281.0000000000
191 -280.0000000000
194 -279.0000000000
198 -278.0000000000
200 -277.0000000000
203 -276.0000000000
207 -275.0000000000
212 -274.0000000000
214 -273.0000000000
215 -272.0000000000
218 -271.0000000000
221 -270.0000000000
225 -269.0000000000
227 -268.0000000000
228 -267.0000000000
234 -266.0000000000
235 -265.0000000000
238 -264.0000000000
239 -263.0000000000
242 -262.0000000000
244 -261.0000000000
245 -260.0000000000
247 -259.0000000000
254 -258.0000000000
259 -257.0000000000
261 -256.0000000000
264 -255.0000000000
266 -254.0000000000
269 -253.0000000000
270 -252.0000000000
272 -251.0000000000
274 -250.0000000000
289 -249.0000000000
290 -248.0000000000
292 -247.0000000000
297 -246.0000000000
298 -245.0000000000
300 -244.0000000000
303 -243.0000000000
311 -242.0000000000
312 -241.0000000000
313 -240.0000000000
315 -239.0000000000
319 -238.0000000000
320 -237.0000000000
321 -236.0000000000
323 -235.0000000000
325 -234.0000000000
327 -233.0000000000
329 -232.0000000000
332 -231.0000000000
337 -230.0000000000
340 -229.0000000000
342 -228.0000000000
343 -227.0000000000
344 -226.0000000000
348 -225.0000000000
355 -224.0000000000
362 -223.0000000000
364 -222.0000000000
369 -221.0000000000
371 -220.0000000000
372 -219.0000000000
373 -218.0000000000
374 -217.0000000000
376 -216.0000000000
381 -215.0000000000
382 -214.0000000000
388 -213.0000000000
389 -212.0000000000
393 -211.0000000000
400 -210.0000000000
401 -209.0000000000
405 -208.0000000000
407 -207.0000000000
410 -206.0000000000
412 -205.0000000000
415 -204.0000000000
416 -203.0000000000
417 -202.0000000000
418 -201.0000000000
421 -200.0000000000
424 -199.0000000000
427 -198.0000000000
440 -197.0000000000
444 -196.0000000000
445 -195.0000000000
446 -194.0000000000
447 -193.0000000000
449 -192.0000000000
453 -191.0000000000
456 -190.0000000000
457 -189.0000000000
458 -188.0000000000
460 -187.0000000000
462 -186.0000000000
473 -185.0000000000
477 -184.0000000000
481 -183.0000000000
487 -182.0000000000
491 -181.0000000000
492 -180.0000000000
493 -179.0000000000
496 -178.0000000000
497 -177.0000000000
498 -176.0000000000
515 -175.0000000000
519 -174.0000000000
520 -173.0000000000
523 -172.0000000000
524 -171.0000000000
527 -170.0000000000
530 -169.0000000000
531 -168.0000000000
541 -167.0000000000
548 -166.0000000000
551 -165.0000000000
557 -164.0000000000
562 -163.0000000000
563 -162.0000000000
567 -161.0000000000
569 -160.0000000000
578 -159.0000000000
582 -158.0000000000
586 -157.0000000000
588 -156.0000000000
590 -155.0000000000
593 -154.0000000000
601 -153.0000000000
610 -152.0000000000
611 -151.0000000000
617 -150.0000000000
620 -149.0000000000
629 -148.0000000000
631 -147.0000000000
638 -146.0000000000
641 -145.0000000000
642 -144.0000000000
644 -143.0000000000
647 -142.0000000000
653 -141.0000000000
656 -140.0000000000
664 -139.0000000000
665 -138.0000000000
676 -137.0000000000
682 -136.0000000000
692 -135.0000000000
702 -134.0000000000
703 -133.0000000000
717 -132.0000000000
719 -131.0000000000
722 -130.0000000000
731 -129.0000000000
742 -128.0000000000
744 -127.0000000000
748 -126.0000000000
752 -125.0000000000
755 -124.0000000000
759 -123.0000000000
760 -122.0000000000
774 -121.0000000000
775 -120.0000000000
787 -119.0000000000
794 -118.0000000000
795 -117.0000000000
796 -116.0000000000
798 -115.0000000000
799 -114.0000000000
808 -113.0000000000
821 -112.0000000000
824 -111.0000000000
828 -110.0000000000
836 -109.0000000000
838 -108.0000000000
840 -107.0000000000
841 -106.0000000000
843 -105.0000000000
848 -104.0000000000
852 -103.0000000000
854 -102.0000000000
855 -101.0000000000
870 -100.0000000000
873 -99.0000000000
891 -98.0000000000
895 -97.0000000000
899 -96.0000000000
906 -95.0000000000
915 -94.0000000000
921 -93.0000000000
936 -92.0000000000
948 -91.0000000000
949 -90.0000000000
953 -89.0000000000
967 -88.0000000000
992 -87.0000000000
1007 -86.0000000000
1027 -85.0000000000
1053 -84.0000000000
1065 -83.0000000000
1067 -82.0000000000
1086 -81.0000000000
1093 -80.0000000000
1096 -79.0000000000
1111 -78.0000000000
1136 -77.0000000000
1139 -76.0000000000
1140 -75.0000000000
1162 -74.0000000000
1168 -73.0000000000
1186 -72.0000000000
1194 -71.0000000000
1213 -70.0000000000
1215 -69.0000000000
1219 -68.0000000000
1225 -67.0000000000
1246 -66.0000000000
1251 -65.0000000000
1252 -64.0000000000
1267 -63.0000000000
1276 -62.0000000000
1289 -61.0000000000
1307 -60.0000000000
1318 -59.0000000000
1322 -58.0000000000
1330 -57.0000000000
1331 -56.0000000000
1346 -55.0000000000
1351 -54.0000000000
1365 -53.0000000000
1371 -52.0000000000
1404 -51.0000000000
1410 -50.0000000000
1428 -49.0000000000
1434 -48.0000000000
1436 -47.0000000000
1438 -46.0000000000
1447 -45.0000000000
1457 -44.0000000000
1470 -43.0000000000
1486 -42.0000000000
1544 -41.0000000000
1558 -40.0000000000
1588 -39.0000000000
1591 -38.0000000000
1594 -37.0000000000
1604 -36.0000000000
1624 -35.0000000000
1625 -34.0000000000
1626 -33.0000000000
1647 -32.0000000000
1662 -31.0000000000
1759 -30.0000000000
1771 -29.0000000000
1782 -28.0000000000
1790 -27.0000000000
1824 -26.0000000000
1849 -25.0000000000
1911 -24.0000000000
1939 -23.0000000000
1969 -22.0000000000
1973 -21.0000000000
2105 -20.0000000000
2110 -19.0000000000
2116 -18.0000000000
2134 -17.0000000000
2136 -16.0000000000
2156 -15.0000000000
2269 -14.0000000000
2351 -13.0000000000
2352 -12.0000000000
2373 -11.0000000000
2509 -10.0000000000
2527 -9.0000000000
2558 -8.0000000000
2570 -7.0000000000
2575 -6.0000000000
2604 -5.0000000000
2690 -4.0000000000
2755 -3.0000000000
2792 -2.0000000000
2823 -1.0000000000
2856 580.0000000000
10001 -1.0000000000
evaluations raw_y
1 -363.0000000000
2 -362.0000000000
3 -361.0000000000
4 -360.0000000000
7 -359.0000000000
8 -358.0000000000
9 -357.0000000000
10 -356.0000000000
11 -355.0000000000
12 -354.0000000000
15 -353.0000000000
18 -352.0000000000
19 -351.0000000000
21 -350.0000000000
24 -349.0000000000
29 -348.0000000000
31 -347.0000000000
32 -346.0000000000
34 -345.0000000000
35 -344.0000000000
39 -343.0000000000
41 -342.0000000000
43 -341.0000000000
53 -340.0000000000
54 -339.0000000000
55 -338.0000000000
59 -337.0000000000
61 -336.0000000000
65 -335.0000000000
71 -334.0000000000
72 -333.0000000000
75 -332.0000000000
76 -331.0000000000
77 -330.0000000000
78 -329.0000000000
79 -328.0000000000
80 -327.0000000000
81 -326.0000000000
83 -325.0000000000
84 -324.0000000000
85 -323.0000000000
86 -322.0000000000
87 -321.0000000000
88 -320.0000000000
96 -319.0000000000
102 -318.0000000000
105 -317.0000000000
107 -316.0000000000
110 -315.0000000000
111 -314.0000000000
115 -313.0000000000
116 -312.0000000000
117 -311.0000000000
119 -310.0000000000
120 -309.0000000000
123 -308.0000000000
124 -307.0000000000
126 -306.0000000000
127 -305.0000000000
129 -304.0000000000
133 -303.0000000000
137 -302.0000000000
139 -301.0000000000
141 -300.0000000000
142 -299.0000000000
143 -298.0000000000
145 -297.0000000000
146 -296.0000000000
147 -295.0000000000
148 -294.0000000000
149 -293.0000000000
152 -292.0000000000
155 -291.0000000000
159 -290.0000000000
161 -289.0000000000
163 -288.0000000000
164 -287.0000000000
168 -286.0000000000
169 -285.0000000000
171 -284.0000000000
176 -283.0000000000
180 -282.0000000000
181 -281.0000000000
183 -280.0000000000
186 -279.0000000000
188 -278.0000000000
193 -277.0000000000
197 -276.0000000000
198 -275.0000000000
202 -274.0000000000
205 -273.0000000000
209 -272.0000000000
218 -271.0000000000
222 -270.0000000000
224 -269.0000000000
233 -268.0000000000
245 -267.0000000000
247 -266.0000000000
250 -265.0000000000
254 -264.0000000000
259 -263.0000000000
260 -262.0000000000
263 -261.0000000000
264 -260.0000000000
266 -259.0000000000
267 -258.0000000000
272 -257.0000000000
273 -256.0000000000
274 -255.0000000000
278 -254.0000000000
279 -253.0000000000
288 -252.0000000000
290 -251.0000000000
301 -250.0000000000
304 -249.0000000000
307 -248.0000000000
312 -247.0000000000
315 -246.0000000000
317 -245.0000000000
318 -244.0000000000
321 -243.0000000000
322 -242.0000000000
324 -241.0000000000
330 -240.0000000000
332 -239.0000000000
335 -238.0000000000
337 -237.0000000000
340 -236.0000000000
342 -235.0000000000
348 -234.0000000000
349 -233.0000000000
350 -232.0000000000
352 -231.0000000000
353 -230.0000000000
357 -229.0000000000
364 -228.0000000000
367 -227.0000000000
378 -226.0000000000
386 -225.0000000000
390 -224.0000000000
396 -223.0000000000
398 -222.0000000000
399 -221.0000000000
411 -220.0000000000
412 -219.0000000000
414 -218.0000000000
416 -217.0000000000
422 -216.0000000000
426 -215.0000000000
430 -214.0000000000
433 -213.0000000000
443 -212.0000000000
446 -211.0000000000
447 -210.0000000000
448 -209.0000000000
452 -208.0000000000
453 -207.0000000000
454 -206.0000000000
457 -205.0000000000
460 -204.0000000000
469 -203.0000000000
472 -202.0000000000
473 -201.0000000000
476 -200.0000000000
486 -199.0000000000
488 -198.0000000000
492 -197.0000000000
503 -196.0000000000
507 -195.0000000000
511 -194.0000000000
512 -193.0000000000
515 -192.0000000000
521 -191.0000000000
522 -190.0000000000
523 -189.0000000000
527 -188.0000000000
528 -187.0000000000
530 -186.0000000000
531 -185.0000000000
532 -184.0000000000
534 -183.0000000000
536 -182.0000000000
538 -181.0000000000
542 -180.0000000000
548 -179.0000000000
551 -178.0000000000
559 -177.0000000000
565 -176.0000000000
576 -175.0000000000
578 -174.0000000000
580 -173.0000000000
581 -172.0000000000
584 -171.0000000000
585 -170.0000000000
592 -169.0000000000
595 -168.0000000000
605 -167.0000000000
607 -166.0000000000
608 -165.0000000000
622 -164.0000000000
624 -163.0000000000
629 -162.0000000000
633 -161.0000000000
638 -160.0000000000
647 -159.0000000000
663 -158.0000000000
669 -157.0000000000
679 -156.0000000000
682 -155.0000000000
686 -154.0000000000
688 -153.0000000000
693 -152.0000000000
700 -151.0000000000
703 -150.0000000000
710 -149.0000000000
716 -148.0000000000
721 -147.0000000000
723 -146.0000000000
728 -145.0000000000
731 -144.0000000000
735 -143.0000000000
739 -142.0000000000
740 -141.0000000000
741 -140.0000000000
743 -139.0000000000
749 -138.0000000000
754 -137.0000000000
761 -136.0000000000
762 -135.0000000000
767 -134.0000000000
772 -133.0000000000
802 -132.0000000000
805 -131.0000000000
807 -130.0000000000
820 -129.0000000000
821 -128.0000000000
822 -127.0000000000
827 -126.0000000000
828 -125.0000000000
829 -124.0000000000
834 -123.0000000000
836 -122.0000000000
840 -121.0000000000
849 -120.0000000000
855 -119.0000000000
856 -118.0000000000
858 -117.0000000000
868 -116.0000000000
870 -115.0000000000
882 -114.0000000000
884 -113.0000000000
893 -112.0000000000
895 -111.0000000000
898 -110.0000000000
907 -109.0000000000
911 -108.0000000000
912 -107.0000000000
918 -106.0000000000
922 -105.0000000000
925 -104.0000000000
945 -103.0000000000
952 -102.0000000000
966 -101.0000000000
972 -100.0000000000
973 -99.0000000000
977 -98.0000000000
979 -97.0000000000
981 -96.0000000000
986 -95.0000000000
991 -94.0000000000
995 -93.0000000000
996 -92.0000000000
1014 -91.0000000000
1016 -90.0000000000
1021 -89.0000000000
1024 -88.0000000000
1030 -87.0000000000
1031 -86.0000000000
1032 -85.0000000000
1048 -84.0000000000
1064 -83.0000000000
1076 -82.0000000000
1079 -81.0000000000
1101 -80.0000000000
1102 -79.0000000000
1114 -78.0000000000
1117 -77.0000000000
1124 -76.0000000000
1125 -75.0000000000
1143 -74.0000000000
1147 -73.0000000000
1148 -72.0000000000
1155 -71.0000000000
1161 -70.0000000000
1163 -69.0000000000
1166 -68.0000000000
1170 -67.0000000000
1174 -66.0000000000
1186 -65.0000000000
1191 -64.0000000000
1212 -63.0000000000
1219 -62.0000000000
1227 -61.0000000000
1240 -60.0000000000
1282 -59.0000000000
1301 -58.0000000000
1310 -57.0000000000
1332 -56.0000000000
1339 -55.0000000000
1356 -54.0000000000
1360 -53.0000000000
1369 -52.0000000000
1371 -51.0000000000
1402 -50.0000000000
1406 -49.0000000000
1415 -48.0000000000
1421 -47.0000000000
1425 -46.0000000000
1437 -45.0000000000
1450 -44.0000000000
1478 -43.0000000000
1482 -42.0000000000
1497 -41.0000000000
1502 -40.0000000000
1527 -39.0000000000
1531 -38.0000000000
1541 -37.0000000000
1590 -36.0000000000
1649 -35.0000000000
1664 -34.0000000000
1679 -33.0000000000
1687 -32.0000000000
1696 -31.0000000000
1712 -30.0000000000
1721 -29.0000000000
1768 -28.0000000000
1794 -27.0000000000
1829 -26.0000000000
1840 -25.0000000000
1893 -24.0000000000
1919 -23.0000000000
1933 -22.0000000000
1981 -21.0000000000
2013 -20.0000000000
2024 -19.0000000000
2055 -18.0000000000
2120 -17.0000000000
2237 -16.0000000000
2270 -15.0000000000
2276 -14.0000000000
2279 -13.0000000000
2283 -12.0000000000
2363 -11.0000000000
2437 -10.0000000000
2463 -9.0000000000
2468 -8.0000000000
2478 -7.0000000000
2584 -6.0000000000
2648 -5.0000000000
2791 -4.0000000000
2947 -3.0000000000
3024 -2.0000000000
3069 -1.0000000000
3102 590.0000000000
10001 -1.0000000000
evaluations raw_y
1 -387.0000000000
3 -386.0000000000
4 -385.0000000000
5 -384.0000000000
7 -383.0000000000
11 -382.0000000000
12 -381.0000000000
13 -380.0000000000
15 -379.0000000000
16 -378.0000000000
18 -377.0000000000
20 -376.0000000000
21 -375.0000000000
26 -374.0000000000
29 -373.0000000000
32 -372.0000000000
34 -371.0000000000
35 -370.0000000000
36 -369.0000000000
37 -368.0000000000
39 -367.0000000000
40 -366.0000000000
41 -365.0000000000
43 -364.0000000000
45 -363.0000000000
48 -362.0000000000
49 -361.0000000000
51 -360.0000000000
52 -359.0000000000
55 -358.0000000000
59 -357.0000000000
62 -356.0000000000
65 -355.0000000000
66 -354.0000000000
67 -353.0000000000
68 -352.0000000000
70 -351.0000000000
71 -350.0000000000
73 -349.0000000000
74 -348.0000000000
76 -347.0000000000
77 -346.0000000000
78 -345.0000000000
79 -344.0000000000
82 -343.0000000000
84 -342.0000000000
87 -341.0000000000
89 -340.0000000000
93 -339.0000000000
97 -338.0000000000
99 -337.0000000000
100 -336.0000000000
102 -335.0000000000
103 -334.0000000000
104 -333.0000000000
105 -332.0000000000
108 -331.0000000000
112 -330.0000000000
115 -329.0000000000
116 -328.0000000000
117 -327.0000000000
118 -326.0000000000
120 -325.0000000000
122 -324.0000000000
123 -323.0000000000
125 -322.0000000000
126 -321.0000000000
128 -320.0000000000
131 -319.0000000000
133 -318.0000000000
134 -317.0000000000
135 -316.0000000000
136 -315.0000000000
137 -314.0000000000
140 -313.0000000000
141 -312.0000000000
143 -311.0000000000
150 -310.0000000000
151 -309.0000000000
153 -308.0000000000
155 -307.0000000000
157 -306.0000000000
158 -305.0000000000
160 -304.0000000000
161 -303.0000000000
164 -302.0000000000
166 -301.0000000000
171 -300.0000000000
174 -299.0000000000
177 -298.0000000000
178 -297.0000000000
179 -296.0000000000
184 -295.0000000000
185 -294.0000000000
189 -293.0000000000
193 -292.0000000000
196 -291.0000000000
198 -290.0000000000
200 -289.0000000000
204 -288.0000000000
207 -287.0000000000
210 -286.0000000000
215 -285.0000000000
219 -284.0000000000
220 -283.0000000000
221 -282.0000000000
227 -281.0000000000
229 -280.0000000000
232 -279.0000000000
235 -278.0000000000
238 -277.0000000000
241 -276.0000000000
242 -275.0000000000
243 -274.0000000000
245 -273.0000000000
246 -272.0000000000
248 -271.0000000000
251 -270.0000000000
252 -269.0000000000
253 -268.0000000000
254 -267.0000000000
255 -266.0000000000
258 -265.0000000000
259 -264.0000000000
260 -263.0000000000
263 -262.0000000000
265 -261.0000000000
266 -260.0000000000
271 -259.0000000000
272 -258.0000000000
276 -257.0000000000
277 -256.0000000000
278 -255.0000000000
280 -254.0000000000
282 -253.0000000000
284 -252.0000000000
286 -251.0000000000
290 -250.0000000000
291 -249.0000000000
292 -248.0000000000
296 -247.0000000000
299 -246.0000000000
302 -245.0000000000
303 -244.0000000000
307 -243.0000000000
313 -242.0000000000
314 -241.0000000000
317 -240.0000000000
323 -239.0000000000
326 -238.0000000000
341 -237.0000000000
348 -236.0000000000
350 -235.0000000000
365 -234.0000000000
366 -233.0000000000
367 -232.0000000000
376 -231.0000000000
380 -230.0000000000
381 -229.0000000000
382 -228.0000000000
390 -227.0000000000
392 -226.0000000000
393 -225.0000000000
394 -224.0000000000
397 -223.0000000000
398 -222.0000000000
402 -221.0000000000
403 -220.0000000000
404 -219.0000000000
405 -218.0000000000
407 -217.0000000000
409 -216.0000000000
411 -215.0000000000
413 -214.0000000000
417 -213.0000000000
422 -212.0000000000
427 -211.0000000000
430 -210.0000000000
433 -209.0000000000
443 -208.0000000000
445 -207.0000000000
450 -206.0000000000
451 -205.0000000000
452 -204.0000000000
454 -203.0000000000
457 -202.0000000000
461 -201.0000000000
466 -200.0000000000
473 -199.0000000000
475 -198.0000000000
477 -197.0000000000
479 -196.0000000000
482 -195.0000000000
484 -194.0000000000
485 -193.0000000000
487 -192.0000000000
488 -191.0000000000
489 -190.0000000000
491 -189.0000000000
493 -188.0000000000
494 -187.0000000000
499 -186.0000000000
501 -185.0000000000
504 -184.0000000000
507 -183.0000000000
508 -182.0000000000
518 -181.0000000000
519 -180.0000000000
521 -179.0000000000
522 -178.0000000000
525 -177.0000000000
527 -176.0000000000
533 -175.0000000000
536 -174.0000000000
537 -173.0000000000
542 -172.0000000000
544 -171.0000000000
549 -170.0000000000
550 -169.0000000000
555 -168.0000000000
561 -167.0000000000
564 -166.0000000000
565 -165.0000000000
568 -164.0000000000
569 -163.0000000000
572 -162.0000000000
573 -161.0000000000
582 -160.0000000000
584 -159.0000000000
589 -158.0000000000
590 -157.0000000000
594 -156.0000000000
596 -155.0000000000
622 -154.0000000000
624 -153.0000000000
627 -152.0000000000
635 -151.0000000000
644 -150.0000000000
646 -149.0000000000
647 -148.0000000000
655 -147.0000000000
656 -146.0000000000
657 -145.0000000000
665 -144.0000000000
677 -143.0000000000
681 -142.0000000000
682 -141.0000000000
686 -140.0000000000
689 -139.0000000000
691 -138.0000000000
692 -137.0000000000
701 -136.0000000000
703 -135.0000000000
705 -134.0000000000
706 -133.0000000000
711 -132.0000000000
716 -131.0000000000
720 -130.0000000000
721 -129.0000000000
722 -128.0000000000
723 -127.0000000000
726 -126.0000000000
729 -125.0000000000
731 -124.0000000000
734 -123.0000000000
741 -122.0000000000
762 -121.0000000000
763 -120.0000000000
766 -119.0000000000
772 -118.0000000000
776 -117.0000000000
787 -116.0000000000
798 -115.0000000000
803 -114.0000000000
810 -113.0000000000
812 -112.0000000000
817 -111.0000000000
818 -110.0000000000
821 -109.0000000000
828 -108.0000000000
833 -107.0000000000
835 -106.0000000000
850 -105.0000000000
851 -104.0000000000
852 -103.0000000000
858 -102.0000000000
884 -101.0000000000
905 -100.0000000000
907 -99.0000000000
908 -98.0000000000
914 -97.0000000000
919 -96.0000000000
920 -95.0000000000
929 -94.0000000000
932 -93.0000000000
938 -92.0000000000
950 -91.0000000000
955 -90.0000000000
961 -89.0000000000
965 -88.0000000000
971 -87.0000000000
977 -86.0000000000
986 -85.0000000000
995 -84.0000000000
1001 -83.0000000000
1010 -82.0000000000
1012 -81.0000000000
1022 -80.0000000000
1034 -79.0000000000
1036 -78.0000000000
1037 -77.0000000000
1038 -76.0000000000
1057 -75.0000000000
1079 -74.0000000000
1082 -73.0000000000
1084 -72.0000000000
1093 -71.0000000000
1116 -70.0000000000
1119 -69.0000000000
1128 -68.0000000000
1131 -67.0000000000
1137 -66.0000000000
1150 -65.0000000000
1174 -64.0000000000
1185 -63.0000000000
1189 -62.0000000000
1196 -61.0000000000
1203 -60.0000000000
1242 -59.0000000000
1246 -58.0000000000
1262 -57.0000000000
1268 -56.0000000000
1278 -55.0000000000
1282 -54.0000000000
1285 -53.0000000000
1307 -52.0000000000
1334 -51.0000000000
1349 -50.0000000000
1358 -49.0000000000
1361 -48.0000000000
1384 -47.0000000000
1391 -46.0000000000
1406 -45.0000000000
1420 -44.0000000000
1425 -43.0000000000
1430 -42.0000000000
1464 -41.0000000000
1513 -40.0000000000
1517 -39.0000000000
1543 -38.0000000000
1544 -37.0000000000
1561 -36.0000000000
1589 -35.0000000000
1610 -34.0000000000
1630 -33.0000000000
1638 -32.0000000000
1676 -31.0000000000
1679 -30.0000000000
1720 -29.0000000000
1721 -28.0000000000
1724 -27.0000000000
1726 -26.0000000000
1731 -25.0000000000
1753 -24.0000000000
1756 -23.0000000000
1788 -22.0000000000
1804 -21.0000000000
1875 -20.0000000000
1876 -19.0000000000
1944 -18.0000000000
1973 -17.0000000000
2009 -16.0000000000
2064 -15.0000000000
2071 -14.0000000000
2106 -13.0000000000
2126 -12.0000000000
2132 -11.0000000000
2324 -10.0000000000
2326 -9.0000000000
2410 -8.0000000000
2469 -7.0000000000
2485 -6.0000000000
2608 -5.0000000000
2649 -4.0000000000
2651 -3.0000000000
2679 -2.0000000000
2694 -1.0000000000
2771 608.0000000000
10001 -1.0000000000
evaluations raw_y
1 -369.0000000000
4 -368.0000000000
6 -367.0000000000
8 -366.0000000000
11 -365.0000000000
12 -364.0000000000
13 -363.0000000000
14 -362.0000000000
16 -361.0000000000
17 -360.0000000000
19 -359.0000000000
23 -358.0000000000
24 -357.0000000000
25 -356.0000000000
31 -355.0000000000
32 -354.0000000000
35 -353.0000000000
37 -352.0000000000
40 -351.0000000000
44 -350.0000000000
47 -349.0000000000
48 -348.0000000000
52 -347.0000000000
55 -346.0000000000
56 -345.0000000000
57 -344.0000000000
58 -343.0000000000
59 -342.0000000000
69 -341.0000000000
70 -340.0000000000
72 -339.0000000000
73 -338.0000000000
74 -337.0000000000
75 -336.0000000000
76 -335.0000000000
78 -334.0000000000
82 -333.0000000000
83 -332.0000000000
89 -331.0000000000
91 -330.0000000000
93 -329.0000000000
94 -328.0000000000
98 -327.0000000000
101 -326.0000000000
106 -325.0000000000
109 -324.0000000000
111 -323.0000000000
113 -322.0000000000
115 -321.0000000000
118 -320.0000000000
119 -319.0000000000
121 -318.0000000000
125 -317.0000000000
127 -316.0000000000
128 -315.0000000000
140 -314.0000000000
141 -313.0000000000
142 -312.0000000000
145 -311.0000000000
146 -310.0000000000
148 -309.0000000000
149 -308.0000000000
151 -307.0000000000
154 -306.0000000000
156 -305.0000000000
159 -304.0000000000
161 -303.0000000000
162 -302.0000000000
163 -301.0000000000
164 -300.0000000000
166 -299.0000000000
169 -298.0000000000
173 -297.0000000000
179 -296.0000000000
184 -295.0000000000
187 -294.0000000000
189 -293.0000000000
190 -292.0000000000
191 -291.0000000000
194 -290.0000000000
196 -289.0000000000
197 -288.0000000000
200 -287.0000000000
201 -286.0000000000
202 -285.0000000000
203 -284.0000000000
205 -283.0000000000
206 -282.0000000000
207 -281.0000000000
208 -280.0000000000
209 -279.0000000000
213 -278.0000000000
215 -277.0000000000
218 -276.0000000000
219 -275.0000000000
220 -274.0000000000
221 -273.0000000000
222 -272.0000000000
224 -271.0000000000
225 -270.0000000000
226 -269.0000000000
228 -268.0000000000
230 -267.0000000000
233 -266.0000000000
236 -265.0000000000
238 -264.0000000000
246 -263.0000000000
248 -262.0000000000
249 -261.0000000000
251 -260.0000000000
253 -259.0000000000
254 -258.0000000000
257 -257.0000000000
260 -256.0000000000
261 -255.0000000000
262 -254.0000000000
263 -253.0000000000
264 -252.0000000000
265 -251.0000000000
268 -250.0000000000
271 -249.0000000000
272 -248.0000000000
277 -247.0000000000
283 -246.0000000000
285 -245.0000000000
289 -244.0000000000
292 -243.0000000000
293 -242.0000000000
294 -241.0000000000
302 -240.0000000000
304 -239.0000000000
307 -238.0000000000
310 -237.0000000000
312 -236.0000000000
313 -235.0000000000
314 -234.0000000000
321 -233.0000000000
327 -232.0000000000
331 -231.0000000000
332 -230.0000000000
334 -229.0000000000
335 -228.0000000000
336 -227.0000000000
339 -226.0000000000
344 -225.0000000000
347 -224.0000000000
348 -223.0000000000
349 -222.0000000000
353 -221.0000000000
356 -220.0000000000
359 -219.0000000000
361 -218.0000000000
362 -217.0000000000
367 -216.0000000000
368 -215.0000000000
371 -214.0000000000
372 -213.0000000000
375 -212.0000000000
376 -211.0000000000
377 -210.0000000000
380 -209.0000000000
383 -208.0000000000
388 -207.0000000000
389 -206.0000000000
392 -205.0000000000
395 -204.0000000000
396 -203.0000000000
397 -202.0000000000
402 -201.0000000000
403 -200.0000000000
404 -199.0000000000
409 -198.0000000000
412 -197.0000000000
414 -196.0000000000
415 -195.0000000000
417 -194.0000000000
423 -193.0000000000
424 -192.0000000000
425 -191.0000000000
443 -190.0000000000
448 -189.0000000000
449 -188.0000000000
455 -187.0000000000
457 -186.0000000000
461 -185.0000000000
462 -184.0000000000
463 -183.0000000000
481 -182.0000000000
482 -181.0000000000
489 -180.0000000000
493 -179.0000000000
497 -178.0000000000
498 -177.0000000000
508 -176.0000000000
510 -175.0000000000
514 -174.0000000000
518 -173.0000000000
519 -172.0000000000
523 -171.0000000000
526 -170.0000000000
540 -169.0000000000
548 -168.0000000000
553 -167.0000000000
554 -166.0000000000
555 -165.0000000000
558 -164.0000000000
568 -163.0000000000
573 -162.0000000000
576 -161.0000000000
578 -160.0000000000
582 -159.0000000000
585 -158.0000000000
596 -157.0000000000
599 -156.0000000000
601 -155.0000000000
606 -154.0000000000
609 -153.0000000000
614 -152.0000000000
619 -151.0000000000
621 -150.0000000000
628 -149.0000000000
632 -148.0000000000
634 -147.0000000000
635 -146.0000000000
637 -145.0000000000
639 -144.0000000000
649 -143.0000000000
651 -142.0000000000
652 -141.0000000000
665 -140.0000000000
667 -139.0000000000
676 -138.0000000000
677 -137.0000000000
680 -136.0000000000
683 -135.0000000000
684 -134.0000000000
685 -133.0000000000
691 -132.0000000000
693 -131.0000000000
694 -130.0000000000
700 -129.0000000000
709 -128.0000000000
712 -127.0000000000
724 -126.0000000000
728 -125.0000000000
739 -124.0000000000
741 -123.0000000000
750 -122.0000000000
768 -121.0000000000
770 -120.0000000000
771 -119.0000000000
779 -118.0000000000
784 -117.0000000000
791 -116.0000000000
796 -115.0000000000
808 -114.0000000000
819 -113.0000000000
823 -112.0000000000
824 -111.0000000000
830 -110.0000000000
835 -109.0000000000
847 -108.0000000000
852 -107.0000000000
853 -106.0000000000
854 -105.0000000000
862 -104.0000000000
869 -103.0000000000
878 -102.0000000000
879 -101.0000000000
882 -100.0000000000
885 -99.0000000000
887 -98.0000000000
904 -97.0000000000
910 -96.0000000000
925 -95.0000000000
960 -94.0000000000
962 -93.0000000000
964 -92.0000000000
969 -91.0000000000
978 -90.0000000000
980 -89.0000000000
987 -88.0000000000
1009 -87.0000000000
1020 -86.0000000000
1023 -85.0000000000
1034 -84.0000000000
1037 -83.0000000000
1050 -82.0000000000
1061 -81.0000000000
1072 -80.0000000000
1085 -79.0000000000
1090 -78.0000000000
1096 -77.0000000000
1097 -76.0000000000
1101 -75.0000000000
1102 -74.0000000000
1110 -73.0000000000
1115 -72.0000000000
1117 -71.0000000000
1146 -70.0000000000
1154 -69.0000000000
1160 -68.0000000000
1168 -67.0000000000
1183 -66.0000000000
1214 -65.0000000000
1215 -64.0000000000
1235 -63.0000000000
1242 -62.0000000000
1255 -61.0000000000
1256 -60.0000000000
1262 -59.0000000000
1277 -58.0000000000
1281 -57.0000000000
1283 -56.0000000000
1289 -55.0000000000
1294 -54.0000000000
1295 -53.0000000000
1301 -52.0000000000
1335 -51.0000000000
1340 -50.0000000000
1351 -49.0000000000
1357 -48.0000000000
1362 -47.0000000000
1369 -46.0000000000
1376 -45.0000000000
1381 -44.0000000000
1407 -43.0000000000
1408 -42.0000000000
1413 -41.0000000000
1416 -40.0000000000
1417 -39.0000000000
1426 -38.0000000000
1452 -37.0000000000
1510 -36.0000000000
1517 -35.0000000000
1539 -34.0000000000
1542 -33.0000000000
1571 -32.0000000000
1579 -31.0000000000
1582 -30.0000000000
1598 -29.0000000000
1623 -28.0000000000
1671 -27.0000000000
1673 -26.0000000000
1699 -25.0000000000
1714 -24.0000000000
1754 -23.0000000000
1763 -22.0000000000
1766 -21.0000000000
1779 -20.0000000000
1795 -19.0000000000
1799 -18.0000000000
1810 -17.0000000000
1825 -16.0000000000
1837 -15.0000000000
1848 -14.0000000000
1888 -13.0000000000
1929 -12.0000000000
2130 -11.0000000000
2149 -10.0000000000
2223 -9.0000000000
2274 -8.0000000000
2327 -7.0000000000
2339 -6.0000000000
2342 -5.0000000000
2460 -4.0000000000
2470 -3.0000000000
2503 -2.0000000000
2516 -1.0000000000
2581 594.0000000000
10001 -1.0000000000
