evaluations raw_y
1 -1938.0000000000
2 -1937.0000000000
5 -1936.0000000000
9 -1935.0000000000
11 -1934.0000000000
12 -1933.0000000000
15 -1932.0000000000
16 -1931.0000000000
17 -1930.0000000000
18 -1929.0000000000
19 -1928.0000000000
21 -1927.0000000000
24 -1926.0000000000
25 -1925.0000000000
26 -1924.0000000000
29 -1923.0000000000
37 -1922.0000000000
39 -1921.0000000000
41 -1920.0000000000
43 -1919.0000000000
45 -1918.0000000000
46 -1917.0000000000
50 -1916.0000000000
52 -1915.0000000000
56 -1914.0000000000
57 -1913.0000000000
59 -1912.0000000000
60 -1911.0000000000
65 -1910.0000000000
66 -1909.0000000000
68 -1908.0000000000
71 -1907.0000000000
75 -1906.0000000000
76 -1905.0000000000
78 -1904.0000000000
80 -1903.0000000000
81 -1902.0000000000
82 -1901.0000000000
83 -1900.0000000000
85 -1899.0000000000
86 -1898.0000000000
88 -1897.0000000000
89 -1896.0000000000
90 -1895.0000000000
92 -1894.0000000000
94 -1893.0000000000
97 -1892.0000000000
99 -1891.0000000000
100 -1890.0000000000
101 -1889.0000000000
102 -1888.0000000000
104 -1887.0000000000
106 -1886.0000000000
111 -1885.0000000000
112 -1884.0000000000
113 -1883.0000000000
114 -1882.0000000000
115 -1881.0000000000
119 -1880.0000000000
121 -1879.0000000000
123 -1878.0000000000
124 -1877.0000000000
125 -1876.0000000000
126 -1875.0000000000
127 -1874.0000000000
128 -1873.0000000000
130 -1872.0000000000
134 -1871.0000000000
137 -1870.0000000000
141 -1869.0000000000
143 -1868.0000000000
144 -1867.0000000000
150 -1866.0000000000
151 -1865.0000000000
154 -1864.0000000000
156 -1863.0000000000
157 -1862.0000000000
160 -1861.0000000000
162 -1860.0000000000
165 -1859.0000000000
166 -1858.0000000000
167 -1857.0000000000
168 -1856.0000000000
171 -1855.0000000000
172 -1854.0000000000
174 -1853.0000000000
175 -1852.0000000000
179 -1851.0000000000
181 -1850.0000000000
184 -1849.0000000000
185 -1848.0000000000
186 -1847.0000000000
187 -1846.0000000000
188 -1845.0000000000
189 -1844.0000000000
192 -1843.0000000000
193 -1842.0000000000
194 -1841.0000000000
196 -1840.0000000000
198 -1839.0000000000
200 -1838.0000000000
202 -1837.0000000000
203 -1836.0000000000
205 -1835.0000000000
210 -1834.0000000000
211 -1833.0000000000
213 -1832.0000000000
214 -1831.0000000000
215 -1830.0000000000
220 -1829.0000000000
221 -1828.0000000000
224 -1827.0000000000
225 -1826.0000000000
226 -1825.0000000000
228 -1824.0000000000
230 -1823.0000000000
235 -1822.0000000000
236 -1821.0000000000
238 -1820.0000000000
239 -1819.0000000000
243 -1818.0000000000
246 -1817.0000000000
252 -1816.0000000000
253 -1815.0000000000
254 -1814.0000000000
256 -1813.0000000000
257 -1812.0000000000
262 -1811.0000000000
263 -1810.0000000000
265 -1809.0000000000
271 -1808.0000000000
274 -1807.0000000000
276 -1806.0000000000
277 -1805.0000000000
281 -1804.0000000000
282 -1803.0000000000
284 -1802.0000000000
285 -1801.0000000000
290 -1800.0000000000
291 -1799.0000000000
292 -1798.0000000000
296 -1797.0000000000
300 -1796.0000000000
301 -1795.0000000000
302 -1794.0000000000
307 -1793.0000000000
308 -1792.0000000000
309 -1791.0000000000
311 -1790.0000000000
312 -1789.0000000000
313 -1788.0000000000
316 -1787.0000000000
324 -1786.0000000000
327 -1785.0000000000
328 -1784.0000000000
329 -1783.0000000000
336 -1782.0000000000
340 -1781.0000000000
343 -1780.0000000000
344 -1779.0000000000
347 -1778.0000000000
349 -1777.0000000000
351 -1776.0000000000
352 -1775.0000000000
354 -1774.0000000000
361 -1773.0000000000
365 -1772.0000000000
366 -1771.0000000000
367 -1770.0000000000
368 -1769.0000000000
372 -1768.0000000000
373 -1767.0000000000
376 -1766.0000000000
377 -1765.0000000000
378 -1764.0000000000
379 -1763.0000000000
381 -1762.0000000000
382 -1761.0000000000
386 -1760.0000000000
390 -1759.0000000000
397 -1758.0000000000
398 -1757.0000000000
399 -1756.0000000000
401 -1755.0000000000
403 -1754.0000000000
404 -1753.0000000000
405 -1752.0000000000
407 -1751.0000000000
408 -1750.0000000000
410 -1749.0000000000
411 -1748.0000000000
412 -1747.0000000000
415 -1746.0000000000
417 -1745.0000000000
420 -1744.0000000000
424 -1743.0000000000
426 -1742.0000000000
430 -1741.0000000000
434 -1740.0000000000
437 -1739.0000000000
438 -1738.0000000000
439 -1737.0000000000
440 -1736.0000000000
443 -1735.0000000000
444 -1734.0000000000
445 -1733.0000000000
447 -1732.0000000000
449 -1731.0000000000
451 -1730.0000000000
452 -1729.0000000000
456 -1728.0000000000
461 -1727.0000000000
464 -1726.0000000000
465 -1725.0000000000
466 -1724.0000000000
467 -1723.0000000000
480 -1722.0000000000
483 -1721.0000000000
489 -1720.0000000000
491 -1719.0000000000
492 -1718.0000000000
497 -1717.0000000000
498 -1716.0000000000
501 -1715.0000000000
502 -1714.0000000000
503 -1713.0000000000
504 -1712.0000000000
506 -1711.0000000000
511 -1710.0000000000
512 -1709.0000000000
516 -1708.0000000000
517 -1707.0000000000
519 -1706.0000000000
522 -1705.0000000000
523 -1704.0000000000
525 -1703.0000000000
535 -1702.0000000000
545 -1701.0000000000
548 -1700.0000000000
550 -1699.0000000000
558 -1698.0000000000
559 -1697.0000000000
563 -1696.0000000000
565 -1695.0000000000
567 -1694.0000000000
570 -1693.0000000000
571 -1692.0000000000
575 -1691.0000000000
576 -1690.0000000000
582 -1689.0000000000
583 -1688.0000000000
584 -1687.0000000000
586 -1686.0000000000
591 -1685.0000000000
592 -1684.0000000000
595 -1683.0000000000
596 -1682.0000000000
598 -1681.0000000000
599 -1680.0000000000
603 -1679.0000000000
605 -1678.0000000000
607 -1677.0000000000
610 -1676.0000000000
614 -1675.0000000000
616 -1674.0000000000
619 -1673.0000000000
620 -1672.0000000000
624 -1671.0000000000
627 -1670.0000000000
628 -1669.0000000000
632 -1668.0000000000
637 -1667.0000000000
638 -1666.0000000000
641 -1665.0000000000
642 -1664.0000000000
643 -1663.0000000000
644 -1662.0000000000
646 -1661.0000000000
648 -1660.0000000000
650 -1659.0000000000
651 -1658.0000000000
657 -1657.0000000000
659 -1656.0000000000
664 -1655.0000000000
668 -1654.0000000000
676 -1653.0000000000
681 -1652.0000000000
685 -1651.0000000000
687 -1650.0000000000
690 -1649.0000000000
691 -1648.0000000000
692 -1647.0000000000
694 -1646.0000000000
696 -1645.0000000000
701 -1644.0000000000
702 -1643.0000000000
705 -1642.0000000000
707 -1641.0000000000
711 -1640.0000000000
716 -1639.0000000000
719 -1638.0000000000
723 -1637.0000000000
724 -1636.0000000000
725 -1635.0000000000
728 -1634.0000000000
729 -1633.0000000000
730 -1632.0000000000
732 -1631.0000000000
739 -1630.0000000000
740 -1629.0000000000
745 -1628.0000000000
747 -1627.0000000000
751 -1626.0000000000
752 -1625.0000000000
753 -1624.0000000000
758 -1623.0000000000
766 -1622.0000000000
767 -1621.0000000000
769 -1620.0000000000
770 -1619.0000000000
773 -1618.0000000000
774 -1617.0000000000
775 -1616.0000000000
779 -1615.0000000000
781 -1614.0000000000
798 -1613.0000000000
800 -1612.0000000000
801 -1611.0000000000
802 -1610.0000000000
811 -1609.0000000000
812 -1608.0000000000
813 -1607.0000000000
817 -1606.0000000000
820 -1605.0000000000
821 -1604.0000000000
822 -1603.0000000000
823 -1602.0000000000
824 -1601.0000000000
827 -1600.0000000000
834 -1599.0000000000
836 -1598.0000000000
841 -1597.0000000000
843 -1596.0000000000
847 -1595.0000000000
849 -1594.0000000000
851 -1593.0000000000
853 -1592.0000000000
855 -1591.0000000000
858 -1590.0000000000
859 -1589.0000000000
863 -1588.0000000000
864 -1587.0000000000
867 -1586.0000000000
871 -1585.0000000000
874 -1584.0000000000
877 -1583.0000000000
879 -1582.0000000000
880 -1581.0000000000
883 -1580.0000000000
884 -1579.0000000000
885 -1578.0000000000
886 -1577.0000000000
887 -1576.0000000000
891 -1575.0000000000
894 -1574.0000000000
895 -1573.0000000000
896 -1572.0000000000
899 -1571.0000000000
904 -1570.0000000000
905 -1569.0000000000
907 -1568.0000000000
908 -1567.0000000000
909 -1566.0000000000
910 -1565.0000000000
914 -1564.0000000000
916 -1563.0000000000
923 -1562.0000000000
925 -1561.0000000000
926 -1560.0000000000
929 -1559.0000000000
930 -1558.0000000000
934 -1557.0000000000
935 -1556.0000000000
937 -1555.0000000000
939 -1554.0000000000
940 -1553.0000000000
941 -1552.0000000000
942 -1551.0000000000
947 -1550.0000000000
953 -1549.0000000000
956 -1548.0000000000
958 -1547.0000000000
960 -1546.0000000000
964 -1545.0000000000
966 -1544.0000000000
967 -1543.0000000000
968 -1542.0000000000
972 -1541.0000000000
974 -1540.0000000000
975 -1539.0000000000
976 -1538.0000000000
981 -1537.0000000000
983 -1536.0000000000
984 -1535.0000000000
987 -1534.0000000000
989 -1533.0000000000
991 -1532.0000000000
998 -1531.0000000000
999 -1530.0000000000
1000 -1529.0000000000
1001 -1528.0000000000
1004 -1527.0000000000
1005 -1526.0000000000
1007 -1525.0000000000
1008 -1524.0000000000
1013 -1523.0000000000
1015 -1522.0000000000
1016 -1521.0000000000
1017 -1520.0000000000
1023 -1519.0000000000
1024 -1518.0000000000
1028 -1517.0000000000
1033 -1516.0000000000
1037 -1515.0000000000
1038 -1514.0000000000
1039 -1513.0000000000
1040 -1512.0000000000
1046 -1511.0000000000
1048 -1510.0000000000
1050 -1509.0000000000
1056 -1508.0000000000
1057 -1507.0000000000
1060 -1506.0000000000
1063 -1505.0000000000
1078 -1504.0000000000
1079 -1503.0000000000
1083 -1502.0000000000
1087 -1501.0000000000
1091 -1500.0000000000
1092 -1499.0000000000
1095 -1498.0000000000
1096 -1497.0000000000
1097 -1496.0000000000
1099 -1495.0000000000
1103 -1494.0000000000
1105 -1493.0000000000
1112 -1492.0000000000
1116 -1491.0000000000
1119 -1490.0000000000
1121 -1489.0000000000
1122 -1488.0000000000
1124 -1487.0000000000
1125 -1486.0000000000
1126 -1485.0000000000
1129 -1484.0000000000
1130 -1483.0000000000
1132 -1482.0000000000
1136 -1481.0000000000
1137 -1480.0000000000
1140 -1479.0000000000
1141 -1478.0000000000
1144 -1477.0000000000
1147 -1476.0000000000
1155 -1475.0000000000
1158 -1474.0000000000
1160 -1473.0000000000
1161 -1472.0000000000
1163 -1471.0000000000
1164 -1470.0000000000
1166 -1469.0000000000
1167 -1468.0000000000
1171 -1467.0000000000
1180 -1466.0000000000
1183 -1465.0000000000
1185 -1464.0000000000
1188 -1463.0000000000
1191 -1462.0000000000
1192 -1461.0000000000
1193 -1460.0000000000
1200 -1459.0000000000
1203 -1458.0000000000
1204 -1457.0000000000
1207 -1456.0000000000
1208 -1455.0000000000
1209 -1454.0000000000
1210 -1453.0000000000
1213 -1452.0000000000
1215 -1451.0000000000
1220 -1450.0000000000
1222 -1449.0000000000
1223 -1448.0000000000
1227 -1447.0000000000
1228 -1446.0000000000
1236 -1445.0000000000
1238 -1444.0000000000
1240 -1443.0000000000
1247 -1442.0000000000
1248 -1441.0000000000
1250 -1440.0000000000
1251 -1439.0000000000
1254 -1438.0000000000
1255 -1437.0000000000
1256 -1436.0000000000
1262 -1435.0000000000
1264 -1434.0000000000
1269 -1433.0000000000
1273 -1432.0000000000
1275 -1431.0000000000
1281 -1430.0000000000
1297 -1429.0000000000
1299 -1428.0000000000
1305 -1427.0000000000
1308 -1426.0000000000
1312 -1425.0000000000
1314 -1424.0000000000
1315 -1423.0000000000
1325 -1422.0000000000
1326 -1421.0000000000
1327 -1420.0000000000
1328 -1419.0000000000
1329 -1418.0000000000
1332 -1417.0000000000
1333 -1416.0000000000
1339 -1415.0000000000
1340 -1414.0000000000
1341 -1413.0000000000
1344 -1412.0000000000
1352 -1411.0000000000
1360 -1410.0000000000
1361 -1409.0000000000
1362 -1408.0000000000
1365 -1407.0000000000
1366 -1406.0000000000
1378 -1405.0000000000
1379 -1404.0000000000
1381 -1403.0000000000
1389 -1402.0000000000
1391 -1401.0000000000
1392 -1400.0000000000
1397 -1399.0000000000
1399 -1398.0000000000
1404 -1397.0000000000
1405 -1396.0000000000
1410 -1395.0000000000
1412 -1394.0000000000
1413 -1393.0000000000
1418 -1392.0000000000
1419 -1391.0000000000
1420 -1390.0000000000
1421 -1389.0000000000
1424 -1388.0000000000
1425 -1387.0000000000
1432 -1386.0000000000
1433 -1385.0000000000
1435 -1384.0000000000
1436 -1383.0000000000
1438 -1382.0000000000
1439 -1381.0000000000
1447 -1380.0000000000
1450 -1379.0000000000
1451 -1378.0000000000
1455 -1377.0000000000
1458 -1376.0000000000
1462 -1375.0000000000
1466 -1374.0000000000
1467 -1373.0000000000
1479 -1372.0000000000
1481 -1371.0000000000
1483 -1370.0000000000
1488 -1369.0000000000
1492 -1368.0000000000
1496 -1367.0000000000
1498 -1366.0000000000
1502 -1365.0000000000
1510 -1364.0000000000
1511 -1363.0000000000
1512 -1362.0000000000
1513 -1361.0000000000
1514 -1360.0000000000
1516 -1359.0000000000
1521 -1358.0000000000
1522 -1357.0000000000
1529 -1356.0000000000
1534 -1355.0000000000
1536 -1354.0000000000
1558 -1353.0000000000
1560 -1352.0000000000
1564 -1351.0000000000
1572 -1350.0000000000
1573 -1349.0000000000
1575 -1348.0000000000
1581 -1347.0000000000
1584 -1346.0000000000
1586 -1345.0000000000
1588 -1344.0000000000
1592 -1343.0000000000
1593 -1342.0000000000
1598 -1341.0000000000
1599 -1340.0000000000
1600 -1339.0000000000
1601 -1338.0000000000
1602 -1337.0000000000
1606 -1336.0000000000
1614 -1335.0000000000
1618 -1334.0000000000
1620 -1333.0000000000
1621 -1332.0000000000
1628 -1331.0000000000
1632 -1330.0000000000
1642 -1329.0000000000
1644 -1328.0000000000
1645 -1327.0000000000
1648 -1326.0000000000
1649 -1325.0000000000
1651 -1324.0000000000
1653 -1323.0000000000
1656 -1322.0000000000
1659 -1321.0000000000
1662 -1320.0000000000
1667 -1319.0000000000
1673 -1318.0000000000
1675 -1317.0000000000
1676 -1316.0000000000
1677 -1315.0000000000
1678 -1314.0000000000
1680 -1313.0000000000
1683 -1312.0000000000
1686 -1311.0000000000
1688 -1310.0000000000
1690 -1309.0000000000
1694 -1308.0000000000
1701 -1307.0000000000
1707 -1306.0000000000
1708 -1305.0000000000
1710 -1304.0000000000
1711 -1303.0000000000
1724 -1302.0000000000
1725 -1301.0000000000
1729 -1300.0000000000
1730 -1299.0000000000
1732 -1298.0000000000
1740 -1297.0000000000
1742 -1296.0000000000
1751 -1295.0000000000
1756 -1294.0000000000
1761 -1293.0000000000
1765 -1292.0000000000
1767 -1291.0000000000
1772 -1290.0000000000
1775 -1289.0000000000
1784 -1288.0000000000
1787 -1287.0000000000
1792 -1286.0000000000
1794 -1285.0000000000
1798 -1284.0000000000
1799 -1283.0000000000
1800 -1282.0000000000
1808 -1281.0000000000
1810 -1280.0000000000
1811 -1279.0000000000
1813 -1278.0000000000
1814 -1277.0000000000
1816 -1276.0000000000
1819 -1275.0000000000
1824 -1274.0000000000
1825 -1273.0000000000
1826 -1272.0000000000
1827 -1271.0000000000
1829 -1270.0000000000
1830 -1269.0000000000
1831 -1268.0000000000
1832 -1267.0000000000
1833 -1266.0000000000
1837 -1265.0000000000
1842 -1264.0000000000
1846 -1263.0000000000
1849 -1262.0000000000
1856 -1261.0000000000
1862 -1260.0000000000
1874 -1259.0000000000
1875 -1258.0000000000
1876 -1257.0000000000
1880 -1256.0000000000
1882 -1255.0000000000
1886 -1254.0000000000
1887 -1253.0000000000
1889 -1252.0000000000
1893 -1251.0000000000
1900 -1250.0000000000
1902 -1249.0000000000
1906 -1248.0000000000
1907 -1247.0000000000
1908 -1246.0000000000
1909 -1245.0000000000
1910 -1244.0000000000
1915 -1243.0000000000
1920 -1242.0000000000
1921 -1241.0000000000
1922 -1240.0000000000
1925 -1239.0000000000
1927 -1238.0000000000
1930 -1237.0000000000
1932 -1236.0000000000
1955 -1235.0000000000
1957 -1234.0000000000
1959 -1233.0000000000
1961 -1232.0000000000
1966 -1231.0000000000
1969 -1230.0000000000
1970 -1229.0000000000
1971 -1228.0000000000
1973 -1227.0000000000
1978 -1226.0000000000
1980 -1225.0000000000
1984 -1224.0000000000
1988 -1223.0000000000
1991 -1222.0000000000
1992 -1221.0000000000
1994 -1220.0000000000
1995 -1219.0000000000
1997 -1218.0000000000
2008 -1217.0000000000
2010 -1216.0000000000
2015 -1215.0000000000
2021 -1214.0000000000
2025 -1213.0000000000
2026 -1212.0000000000
2029 -1211.0000000000
2030 -1210.0000000000
2031 -1209.0000000000
2032 -1208.0000000000
2034 -1207.0000000000
2038 -1206.0000000000
2039 -1205.0000000000
2042 -1204.0000000000
2044 -1203.0000000000
2045 -1202.0000000000
2048 -1201.0000000000
2059 -1200.0000000000
2060 -1199.0000000000
2072 -1198.0000000000
2074 -1197.0000000000
2076 -1196.0000000000
2077 -1195.0000000000
2080 -1194.0000000000
2090 -1193.0000000000
2106 -1192.0000000000
2108 -1191.0000000000
2109 -1190.0000000000
2110 -1189.0000000000
2111 -1188.0000000000
2113 -1187.0000000000
2124 -1186.0000000000
2130 -1185.0000000000
2132 -1184.0000000000
2133 -1183.0000000000
2134 -1182.0000000000
2137 -1181.0000000000
2138 -1180.0000000000
2139 -1179.0000000000
2141 -1178.0000000000
2150 -1177.0000000000
2157 -1176.0000000000
2162 -1175.0000000000
2166 -1174.0000000000
2168 -1173.0000000000
2173 -1172.0000000000
2176 -1171.0000000000
2177 -1170.0000000000
2193 -1169.0000000000
2196 -1168.0000000000
2200 -1167.0000000000
2202 -1166.0000000000
2205 -1165.0000000000
2210 -1164.0000000000
2217 -1163.0000000000
2222 -1162.0000000000
2227 -1161.0000000000
2228 -1160.0000000000
2229 -1159.0000000000
2232 -1158.0000000000
2233 -1157.0000000000
2238 -1156.0000000000
2239 -1155.0000000000
2245 -1154.0000000000
2248 -1153.0000000000
2250 -1152.0000000000
2262 -1151.0000000000
2265 -1150.0000000000
2268 -1149.0000000000
2279 -1148.0000000000
2283 -1147.0000000000
2287 -1146.0000000000
2291 -1145.0000000000
2293 -1144.0000000000
2294 -1143.0000000000
2295 -1142.0000000000
2303 -1141.0000000000
2304 -1140.0000000000
2306 -1139.0000000000
2311 -1138.0000000000
2314 -1137.0000000000
2317 -1136.0000000000
2319 -1135.0000000000
2321 -1134.0000000000
2324 -1133.0000000000
2325 -1132.0000000000
2330 -1131.0000000000
2331 -1130.0000000000
2342 -1129.0000000000
2343 -1128.0000000000
2344 -1127.0000000000
2351 -1126.0000000000
2355 -1125.0000000000
2356 -1124.0000000000
2357 -1123.0000000000
2358 -1122.0000000000
2366 -1121.0000000000
2375 -1120.0000000000
2377 -1119.0000000000
2378 -1118.0000000000
2380 -1117.0000000000
2393 -1116.0000000000
2398 -1115.0000000000
2403 -1114.0000000000
2406 -1113.0000000000
2407 -1112.0000000000
2421 -1111.0000000000
2422 -1110.0000000000
2424 -1109.0000000000
2426 -1108.0000000000
2429 -1107.0000000000
2430 -1106.0000000000
2433 -1105.0000000000
2448 -1104.0000000000
2452 -1103.0000000000
2459 -1102.0000000000
2466 -1101.0000000000
2470 -1100.0000000000
2471 -1099.0000000000
2472 -1098.0000000000
2482 -1097.0000000000
2485 -1096.0000000000
2487 -1095.0000000000
2491 -1094.0000000000
2498 -1093.0000000000
2508 -1092.0000000000
2514 -1091.0000000000
2517 -1090.0000000000
2522 -1089.0000000000
2524 -1088.0000000000
2530 -1087.0000000000
2534 -1086.0000000000
2537 -1085.0000000000
2539 -1084.0000000000
2541 -1083.0000000000
2545 -1082.0000000000
2547 -1081.0000000000
2549 -1080.0000000000
2552 -1079.0000000000
2553 -1078.0000000000
2557 -1077.0000000000
2562 -1076.0000000000
2567 -1075.0000000000
2574 -1074.0000000000
2575 -1073.0000000000
2578 -1072.0000000000
2582 -1071.0000000000
2585 -1070.0000000000
2587 -1069.0000000000
2590 -1068.0000000000
2593 -1067.0000000000
2595 -1066.0000000000
2600 -1065.0000000000
2603 -1064.0000000000
2609 -1063.0000000000
2615 -1062.0000000000
2620 -1061.0000000000
2624 -1060.0000000000
2625 -1059.0000000000
2627 -1058.0000000000
2629 -1057.0000000000
2631 -1056.0000000000
2636 -1055.0000000000
2642 -1054.0000000000
2643 -1053.0000000000
2644 -1052.0000000000
2646 -1051.0000000000
2648 -1050.0000000000
2649 -1049.0000000000
2652 -1048.0000000000
2659 -1047.0000000000
2665 -1046.0000000000
2667 -1045.0000000000
2668 -1044.0000000000
2679 -1043.0000000000
2680 -1042.0000000000
2686 -1041.0000000000
2689 -1040.0000000000
2693 -1039.0000000000
2696 -1038.0000000000
2703 -1037.0000000000
2711 -1036.0000000000
2725 -1035.0000000000
2726 -1034.0000000000
2729 -1033.0000000000
2735 -1032.0000000000
2738 -1031.0000000000
2747 -1030.0000000000
2749 -1029.0000000000
2751 -1028.0000000000
2757 -1027.0000000000
2762 -1026.0000000000
2764 -1025.0000000000
2768 -1024.0000000000
2774 -1023.0000000000
2780 -1022.0000000000
2783 -1021.0000000000
2787 -1020.0000000000
2788 -1019.0000000000
2795 -1018.0000000000
2797 -1017.0000000000
2799 -1016.0000000000
2806 -1015.0000000000
2807 -1014.0000000000
2814 -1013.0000000000
2817 -1012.0000000000
2819 -1011.0000000000
2821 -1010.0000000000
2823 -1009.0000000000
2828 -1008.0000000000
2829 -1007.0000000000
2830 -1006.0000000000
2834 -1005.0000000000
2837 -1004.0000000000
2838 -1003.0000000000
2839 -1002.0000000000
2843 -1001.0000000000
2844 -1000.0000000000
2851 -999.0000000000
2852 -998.0000000000
2853 -997.0000000000
2854 -996.0000000000
2857 -995.0000000000
2869 -994.0000000000
2871 -993.0000000000
2876 -992.0000000000
2878 -991.0000000000
2879 -990.0000000000
2880 -989.0000000000
2884 -988.0000000000
2892 -987.0000000000
2900 -986.0000000000
2913 -985.0000000000
2920 -984.0000000000
2924 -983.0000000000
2926 -982.0000000000
2928 -981.0000000000
2933 -980.0000000000
2934 -979.0000000000
2935 -978.0000000000
2936 -977.0000000000
2937 -976.0000000000
2947 -975.0000000000
2948 -974.0000000000
2954 -973.0000000000
2957 -972.0000000000
2959 -971.0000000000
2960 -970.0000000000
2961 -969.0000000000
2967 -968.0000000000
2974 -967.0000000000
2975 -966.0000000000
2980 -965.0000000000
2985 -964.0000000000
2987 -963.0000000000
3003 -962.0000000000
3008 -961.0000000000
3028 -960.0000000000
3031 -959.0000000000
3036 -958.0000000000
3038 -957.0000000000
3039 -956.0000000000
3044 -955.0000000000
3046 -954.0000000000
3055 -953.0000000000
3057 -952.0000000000
3060 -951.0000000000
3061 -950.0000000000
3065 -949.0000000000
3075 -948.0000000000
3076 -947.0000000000
3077 -946.0000000000
3085 -945.0000000000
3087 -944.0000000000
3088 -943.0000000000
3089 -942.0000000000
3097 -941.0000000000
3098 -940.0000000000
3101 -939.0000000000
3104 -938.0000000000
3111 -937.0000000000
3113 -936.0000000000
3116 -935.0000000000
3118 -934.0000000000
3131 -933.0000000000
3133 -932.0000000000
3135 -931.0000000000
3139 -930.0000000000
3140 -929.0000000000
3146 -928.0000000000
3148 -927.0000000000
3154 -926.0000000000
3155 -925.0000000000
3158 -924.0000000000
3162 -923.0000000000
3164 -922.0000000000
3173 -921.0000000000
3175 -920.0000000000
3178 -919.0000000000
3188 -918.0000000000
3191 -917.0000000000
3194 -916.0000000000
3197 -915.0000000000
3202 -914.0000000000
3204 -913.0000000000
3207 -912.0000000000
3215 -911.0000000000
3220 -910.0000000000
3229 -909.0000000000
3235 -908.0000000000
3240 -907.0000000000
3242 -906.0000000000
3245 -905.0000000000
3246 -904.0000000000
3252 -903.0000000000
3256 -902.0000000000
3262 -901.0000000000
3266 -900.0000000000
3267 -899.0000000000
3268 -898.0000000000
3270 -897.0000000000
3272 -896.0000000000
3278 -895.0000000000
3280 -894.0000000000
3292 -893.0000000000
3293 -892.0000000000
3302 -891.0000000000
3304 -890.0000000000
3305 -889.0000000000
3312 -888.0000000000
3313 -887.0000000000
3315 -886.0000000000
3323 -885.0000000000
3326 -884.0000000000
3329 -883.0000000000
3334 -882.0000000000
3338 -881.0000000000
3342 -880.0000000000
3349 -879.0000000000
3353 -878.0000000000
3356 -877.0000000000
3365 -876.0000000000
3367 -875.0000000000
3370 -874.0000000000
3373 -873.0000000000
3375 -872.0000000000
3380 -871.0000000000
3382 -870.0000000000
3383 -869.0000000000
3389 -868.0000000000
3399 -867.0000000000
3407 -866.0000000000
3409 -865.0000000000
3411 -864.0000000000
3413 -863.0000000000
3417 -862.0000000000
3421 -861.0000000000
3429 -860.0000000000
3432 -859.0000000000
3437 -858.0000000000
3438 -857.0000000000
3447 -856.0000000000
3452 -855.0000000000
3455 -854.0000000000
3466 -853.0000000000
3477 -852.0000000000
3480 -851.0000000000
3482 -850.0000000000
3485 -849.0000000000
3490 -848.0000000000
3493 -847.0000000000
3494 -846.0000000000
3498 -845.0000000000
3502 -844.0000000000
3503 -843.0000000000
3504 -842.0000000000
3526 -841.0000000000
3527 -840.0000000000
3530 -839.0000000000
3534 -838.0000000000
3550 -837.0000000000
3551 -836.0000000000
3555 -835.0000000000
3557 -834.0000000000
3565 -833.0000000000
3574 -832.0000000000
3582 -831.0000000000
3586 -830.0000000000
3595 -829.0000000000
3601 -828.0000000000
3602 -827.0000000000
3604 -826.0000000000
3605 -825.0000000000
3609 -824.0000000000
3612 -823.0000000000
3616 -822.0000000000
3625 -821.0000000000
3627 -820.0000000000
3635 -819.0000000000
3640 -818.0000000000
3645 -817.0000000000
3647 -816.0000000000
3649 -815.0000000000
3658 -814.0000000000
3665 -813.0000000000
3669 -812.0000000000
3697 -811.0000000000
3702 -810.0000000000
3705 -809.0000000000
3714 -808.0000000000
3719 -807.0000000000
3723 -806.0000000000
3725 -805.0000000000
3731 -804.0000000000
3736 -803.0000000000
3738 -802.0000000000
3741 -801.0000000000
3743 -800.0000000000
3750 -799.0000000000
3769 -798.0000000000
3776 -797.0000000000
3779 -796.0000000000
3792 -795.0000000000
3805 -794.0000000000
3808 -793.0000000000
3813 -792.0000000000
3814 -791.0000000000
3818 -790.0000000000
3819 -789.0000000000
3822 -788.0000000000
3823 -787.0000000000
3824 -786.0000000000
3826 -785.0000000000
3836 -784.0000000000
3837 -783.0000000000
3839 -782.0000000000
3852 -781.0000000000
3854 -780.0000000000
3856 -779.0000000000
3861 -778.0000000000
3867 -777.0000000000
3868 -776.0000000000
3872 -775.0000000000
3875 -774.0000000000
3880 -773.0000000000
3885 -772.0000000000
3890 -771.0000000000
3902 -770.0000000000
3903 -769.0000000000
3915 -768.0000000000
3917 -767.0000000000
3923 -766.0000000000
3924 -765.0000000000
3933 -764.0000000000
3940 -763.0000000000
3947 -762.0000000000
3959 -761.0000000000
3960 -760.0000000000
3962 -759.0000000000
3974 -758.0000000000
3976 -757.0000000000
3985 -756.0000000000
3987 -755.0000000000
3988 -754.0000000000
3991 -753.0000000000
3992 -752.0000000000
3997 -751.0000000000
3998 -750.0000000000
4008 -749.0000000000
4012 -748.0000000000
4021 -747.0000000000
4026 -746.0000000000
4030 -745.0000000000
4031 -744.0000000000
4032 -743.0000000000
4035 -742.0000000000
4040 -741.0000000000
4045 -740.0000000000
4061 -739.0000000000
4063 -738.0000000000
4067 -737.0000000000
4069 -736.0000000000
4070 -735.0000000000
4073 -734.0000000000
4081 -733.0000000000
4087 -732.0000000000
4088 -731.0000000000
4092 -730.0000000000
4093 -729.0000000000
4100 -728.0000000000
4102 -727.0000000000
4104 -726.0000000000
4105 -725.0000000000
4116 -724.0000000000
4119 -723.0000000000
4123 -722.0000000000
4124 -721.0000000000
4130 -720.0000000000
4136 -719.0000000000
4138 -718.0000000000
4160 -717.0000000000
4172 -716.0000000000
4188 -715.0000000000
4194 -714.0000000000
4197 -713.0000000000
4217 -712.0000000000
4218 -711.0000000000
4230 -710.0000000000
4232 -709.0000000000
4234 -708.0000000000
4237 -707.0000000000
4239 -706.0000000000
4242 -705.0000000000
4250 -704.0000000000
4263 -703.0000000000
4264 -702.0000000000
4268 -701.0000000000
4275 -700.0000000000
4277 -699.0000000000
4278 -698.0000000000
4285 -697.0000000000
4291 -696.0000000000
4292 -695.0000000000
4293 -694.0000000000
4304 -693.0000000000
4307 -692.0000000000
4308 -691.0000000000
4309 -690.0000000000
4312 -689.0000000000
4321 -688.0000000000
4326 -687.0000000000
4331 -686.0000000000
4336 -685.0000000000
4348 -684.0000000000
4349 -683.0000000000
4359 -682.0000000000
4364 -681.0000000000
4366 -680.0000000000
4372 -679.0000000000
4374 -678.0000000000
4377 -677.0000000000
4380 -676.0000000000
4385 -675.0000000000
4401 -674.0000000000
4406 -673.0000000000
4408 -672.0000000000
4412 -671.0000000000
4418 -670.0000000000
4420 -669.0000000000
4427 -668.0000000000
4431 -667.0000000000
4435 -666.0000000000
4436 -665.0000000000
4463 -664.0000000000
4466 -663.0000000000
4469 -662.0000000000
4482 -661.0000000000
4484 -660.0000000000
4495 -659.0000000000
4497 -658.0000000000
4505 -657.0000000000
4508 -656.0000000000
4511 -655.0000000000
4523 -654.0000000000
4526 -653.0000000000
4539 -652.0000000000
4546 -651.0000000000
4551 -650.0000000000
4555 -649.0000000000
4561 -648.0000000000
4563 -647.0000000000
4565 -646.0000000000
4568 -645.0000000000
4569 -644.0000000000
4581 -643.0000000000
4588 -642.0000000000
4593 -641.0000000000
4595 -640.0000000000
4599 -639.0000000000
4604 -638.0000000000
4606 -637.0000000000
4610 -636.0000000000
4623 -635.0000000000
4624 -634.0000000000
4626 -633.0000000000
4637 -632.0000000000
4640 -631.0000000000
4650 -630.0000000000
4659 -629.0000000000
4670 -628.0000000000
4671 -627.0000000000
4674 -626.0000000000
4675 -625.0000000000
4677 -624.0000000000
4681 -623.0000000000
4683 -622.0000000000
4684 -621.0000000000
4686 -620.0000000000
4687 -619.0000000000
4692 -618.0000000000
4694 -617.0000000000
4709 -616.0000000000
4710 -615.0000000000
4719 -614.0000000000
4721 -613.0000000000
4723 -612.0000000000
4732 -611.0000000000
4740 -610.0000000000
4744 -609.0000000000
4746 -608.0000000000
4758 -607.0000000000
4760 -606.0000000000
4762 -605.0000000000
4770 -604.0000000000
4775 -603.0000000000
4790 -602.0000000000
4795 -601.0000000000
4800 -600.0000000000
4816 -599.0000000000
4821 -598.0000000000
4824 -597.0000000000
4825 -596.0000000000
4842 -595.0000000000
4858 -594.0000000000
4869 -593.0000000000
4870 -592.0000000000
4885 -591.0000000000
4892 -590.0000000000
4894 -589.0000000000
4896 -588.0000000000
4915 -587.0000000000
4921 -586.0000000000
4925 -585.0000000000
4929 -584.0000000000
4932 -583.0000000000
4934 -582.0000000000
4938 -581.0000000000
4951 -580.0000000000
4958 -579.0000000000
4969 -578.0000000000
4988 -577.0000000000
4998 -576.0000000000
5000 -575.0000000000
5019 -574.0000000000
5034 -573.0000000000
5036 -572.0000000000
5039 -571.0000000000
5045 -570.0000000000
5048 -569.0000000000
5058 -568.0000000000
5064 -567.0000000000
5072 -566.0000000000
5080 -565.0000000000
5097 -564.0000000000
5112 -563.0000000000
5113 -562.0000000000
5127 -561.0000000000
5128 -560.0000000000
5129 -559.0000000000
5149 -558.0000000000
5163 -557.0000000000
5168 -556.0000000000
5180 -555.0000000000
5181 -554.0000000000
5189 -553.0000000000
5193 -552.0000000000
5197 -551.0000000000
5198 -550.0000000000
5202 -549.0000000000
5203 -548.0000000000
5209 -547.0000000000
5212 -546.0000000000
5213 -545.0000000000
5224 -544.0000000000
5236 -543.0000000000
5242 -542.0000000000
5243 -541.0000000000
5251 -540.0000000000
5272 -539.0000000000
5273 -538.0000000000
5299 -537.0000000000
5335 -536.0000000000
5340 -535.0000000000
5354 -534.0000000000
5358 -533.0000000000
5371 -532.0000000000
5376 -531.0000000000
5377 -530.0000000000
5379 -529.0000000000
5386 -528.0000000000
5388 -527.0000000000
5396 -526.0000000000
5398 -525.0000000000
5407 -524.0000000000
5419 -523.0000000000
5423 -522.0000000000
5431 -521.0000000000
5432 -520.0000000000
5450 -519.0000000000
5451 -518.0000000000
5463 -517.0000000000
5474 -516.0000000000
5476 -515.0000000000
5499 -514.0000000000
5509 -513.0000000000
5516 -512.0000000000
5520 -511.0000000000
5526 -510.0000000000
5550 -509.0000000000
5569 -508.0000000000
5570 -507.0000000000
5574 -506.0000000000
5591 -505.0000000000
5610 -504.0000000000
5640 -503.0000000000
5645 -502.0000000000
5646 -501.0000000000
5656 -500.0000000000
5660 -499.0000000000
5661 -498.0000000000
5662 -497.0000000000
5672 -496.0000000000
5699 -495.0000000000
5730 -494.0000000000
5746 -493.0000000000
5747 -492.0000000000
5757 -491.0000000000
5759 -490.0000000000
5760 -489.0000000000
5773 -488.0000000000
5775 -487.0000000000
5778 -486.0000000000
5781 -485.0000000000
5786 -484.0000000000
5787 -483.0000000000
5790 -482.0000000000
5793 -481.0000000000
5798 -480.0000000000
5801 -479.0000000000
5803 -478.0000000000
5829 -477.0000000000
5858 -476.0000000000
5862 -475.0000000000
5870 -474.0000000000
5881 -473.0000000000
5885 -472.0000000000
5886 -471.0000000000
5890 -470.0000000000
5902 -469.0000000000
5921 -468.0000000000
5930 -467.0000000000
5932 -466.0000000000
5951 -465.0000000000
5958 -464.0000000000
5964 -463.0000000000
5965 -462.0000000000
5976 -461.0000000000
5978 -460.0000000000
5982 -459.0000000000
5988 -458.0000000000
6006 -457.0000000000
6017 -456.0000000000
6020 -455.0000000000
6025 -454.0000000000
6058 -453.0000000000
6063 -452.0000000000
6064 -451.0000000000
6069 -450.0000000000
6075 -449.0000000000
6079 -448.0000000000
6082 -447.0000000000
6102 -446.0000000000
6105 -445.0000000000
6111 -444.0000000000
6112 -443.0000000000
6125 -442.0000000000
6134 -441.0000000000
6147 -440.0000000000
6156 -439.0000000000
6160 -438.0000000000
6171 -437.0000000000
6182 -436.0000000000
6192 -435.0000000000
6206 -434.0000000000
6209 -433.0000000000
6223 -432.0000000000
6225 -431.0000000000
6235 -430.0000000000
6236 -429.0000000000
6237 -428.0000000000
6243 -427.0000000000
6245 -426.0000000000
6247 -425.0000000000
6252 -424.0000000000
6262 -423.0000000000
6265 -422.0000000000
6272 -421.0000000000
6280 -420.0000000000
6296 -419.0000000000
6303 -418.0000000000
6312 -417.0000000000
6326 -416.0000000000
6328 -415.0000000000
6343 -414.0000000000
6345 -413.0000000000
6347 -412.0000000000
6355 -411.0000000000
6356 -410.0000000000
6357 -409.0000000000
6365 -408.0000000000
6369 -407.0000000000
6371 -406.0000000000
6377 -405.0000000000
6380 -404.0000000000
6382 -403.0000000000
6388 -402.0000000000
6403 -401.0000000000
6407 -400.0000000000
6410 -399.0000000000
6415 -398.0000000000
6424 -397.0000000000
6435 -396.0000000000
6437 -395.0000000000
6438 -394.0000000000
6445 -393.0000000000
6447 -392.0000000000
6449 -391.0000000000
6454 -390.0000000000
6471 -389.0000000000
6498 -388.0000000000
6499 -387.0000000000
6503 -386.0000000000
6504 -385.0000000000
6516 -384.0000000000
6532 -383.0000000000
6534 -382.0000000000
6545 -381.0000000000
6548 -380.0000000000
6550 -379.0000000000
6561 -378.0000000000
6562 -377.0000000000
6564 -376.0000000000
6575 -375.0000000000
6589 -374.0000000000
6595 -373.0000000000
6604 -372.0000000000
6611 -371.0000000000
6615 -370.0000000000
6624 -369.0000000000
6626 -368.0000000000
6628 -367.0000000000
6629 -366.0000000000
6631 -365.0000000000
6649 -364.0000000000
6655 -363.0000000000
6657 -362.0000000000
6669 -361.0000000000
6676 -360.0000000000
6684 -359.0000000000
6685 -358.0000000000
6686 -357.0000000000
6722 -356.0000000000
6736 -355.0000000000
6737 -354.0000000000
6740 -353.0000000000
6742 -352.0000000000
6747 -351.0000000000
6771 -350.0000000000
6797 -349.0000000000
6807 -348.0000000000
6813 -347.0000000000
6835 -346.0000000000
6847 -345.0000000000
6854 -344.0000000000
6886 -343.0000000000
6929 -342.0000000000
6935 -341.0000000000
6942 -340.0000000000
6972 -339.0000000000
6988 -338.0000000000
7002 -337.0000000000
7016 -336.0000000000
7039 -335.0000000000
7063 -334.0000000000
7068 -333.0000000000
7088 -332.0000000000
7098 -331.0000000000
7103 -330.0000000000
7106 -329.0000000000
7110 -328.0000000000
7112 -327.0000000000
7116 -326.0000000000
7126 -325.0000000000
7138 -324.0000000000
7140 -323.0000000000
7149 -322.0000000000
7173 -321.0000000000
7179 -320.0000000000
7191 -319.0000000000
7221 -318.0000000000
7281 -317.0000000000
7301 -316.0000000000
7324 -315.0000000000
7325 -314.0000000000
7337 -313.0000000000
7347 -312.0000000000
7352 -311.0000000000
7362 -310.0000000000
7383 -309.0000000000
7387 -308.0000000000
7435 -307.0000000000
7438 -306.0000000000
7445 -305.0000000000
7450 -304.0000000000
7468 -303.0000000000
7478 -302.0000000000
7502 -301.0000000000
7512 -300.0000000000
7524 -299.0000000000
7542 -298.0000000000
7547 -297.0000000000
7559 -296.0000000000
7569 -295.0000000000
7579 -294.0000000000
7580 -293.0000000000
7590 -292.0000000000
7598 -291.0000000000
7599 -290.0000000000
7604 -289.0000000000
7624 -288.0000000000
7660 -287.0000000000
7664 -286.0000000000
7674 -285.0000000000
7675 -284.0000000000
7705 -283.0000000000
7707 -282.0000000000
7731 -281.0000000000
7737 -280.0000000000
7743 -279.0000000000
7756 -278.0000000000
7767 -277.0000000000
7774 -276.0000000000
7775 -275.0000000000
7776 -274.0000000000
7812 -273.0000000000
7906 -272.0000000000
7923 -271.0000000000
7950 -270.0000000000
7953 -269.0000000000
8085 -268.0000000000
8142 -267.0000000000
8174 -266.0000000000
8176 -265.0000000000
8187 -264.0000000000
8189 -263.0000000000
8213 -262.0000000000
8218 -261.0000000000
8230 -260.0000000000
8254 -259.0000000000
8257 -258.0000000000
8266 -257.0000000000
8276 -256.0000000000
8300 -255.0000000000
8306 -254.0000000000
8310 -253.0000000000
8323 -252.0000000000
8356 -251.0000000000
8369 -250.0000000000
8375 -249.0000000000
8410 -248.0000000000
8457 -247.0000000000
8467 -246.0000000000
8530 -245.0000000000
8542 -244.0000000000
8544 -243.0000000000
8608 -242.0000000000
8609 -241.0000000000
8652 -240.0000000000
8653 -239.0000000000
8662 -238.0000000000
8681 -237.0000000000
8734 -236.0000000000
8747 -235.0000000000
8762 -234.0000000000
8787 -233.0000000000
8818 -232.0000000000
8826 -231.0000000000
8847 -230.0000000000
8855 -229.0000000000
8877 -228.0000000000
8912 -227.0000000000
8948 -226.0000000000
8951 -225.0000000000
8988 -224.0000000000
8995 -223.0000000000
9025 -222.0000000000
9026 -221.0000000000
9034 -220.0000000000
9038 -219.0000000000
9059 -218.0000000000
9066 -217.0000000000
9087 -216.0000000000
9100 -215.0000000000
9117 -214.0000000000
9122 -213.0000000000
9130 -212.0000000000
9131 -211.0000000000
9166 -210.0000000000
9179 -209.0000000000
9200 -208.0000000000
9226 -207.0000000000
9244 -206.0000000000
9262 -205.0000000000
9279 -204.0000000000
9291 -203.0000000000
9379 -202.0000000000
9422 -201.0000000000
9427 -200.0000000000
9442 -199.0000000000
9453 -198.0000000000
9454 -197.0000000000
9491 -196.0000000000
9528 -195.0000000000
9540 -194.0000000000
9551 -193.0000000000
9563 -192.0000000000
9570 -191.0000000000
9573 -190.0000000000
9576 -189.0000000000
9590 -188.0000000000
9593 -187.0000000000
9599 -186.0000000000
9606 -185.0000000000
9623 -184.0000000000
9679 -183.0000000000
9710 -182.0000000000
9721 -181.0000000000
9722 -180.0000000000
9736 -179.0000000000
9744 -178.0000000000
9769 -177.0000000000
9777 -176.0000000000
9827 -175.0000000000
9835 -174.0000000000
9855 -173.0000000000
9867 -172.0000000000
9868 -171.0000000000
9935 -170.0000000000
9944 -169.0000000000
9956 -168.0000000000
9960 -167.0000000000
9963 -166.0000000000
9978 -165.0000000000
10041 -164.0000000000
10094 -163.0000000000
10110 -162.0000000000
10129 -161.0000000000
10139 -160.0000000000
10174 -159.0000000000
10197 -158.0000000000
10223 -157.0000000000
10226 -156.0000000000
10243 -155.0000000000
10260 -154.0000000000
10280 -153.0000000000
10315 -152.0000000000
10354 -151.0000000000
10378 -150.0000000000
10384 -149.0000000000
10398 -148.0000000000
10411 -147.0000000000
10445 -146.0000000000
10549 -145.0000000000
10583 -144.0000000000
10641 -143.0000000000
10644 -142.0000000000
10666 -141.0000000000
10671 -140.0000000000
10705 -139.0000000000
10723 -138.0000000000
10753 -137.0000000000
10815 -136.0000000000
10842 -135.0000000000
10871 -134.0000000000
10873 -133.0000000000
10882 -132.0000000000
10947 -131.0000000000
10948 -130.0000000000
10988 -129.0000000000
11119 -128.0000000000
11125 -127.0000000000
11139 -126.0000000000
11157 -125.0000000000
11178 -124.0000000000
11229 -123.0000000000
11230 -122.0000000000
11245 -121.0000000000
11251 -120.0000000000
11264 -119.0000000000
11271 -118.0000000000
11278 -117.0000000000
11342 -116.0000000000
11361 -115.0000000000
11383 -114.0000000000
11406 -113.0000000000
11407 -112.0000000000
11441 -111.0000000000
11445 -110.0000000000
11456 -109.0000000000
11458 -108.0000000000
11459 -107.0000000000
11465 -106.0000000000
11497 -105.0000000000
11498 -104.0000000000
11508 -103.0000000000
11610 -102.0000000000
11648 -101.0000000000
11675 -100.0000000000
11766 -99.0000000000
11774 -98.0000000000
11783 -97.0000000000
11801 -96.0000000000
11870 -95.0000000000
11936 -94.0000000000
11938 -93.0000000000
11962 -92.0000000000
11968 -91.0000000000
12005 -90.0000000000
12065 -89.0000000000
12117 -88.0000000000
12211 -87.0000000000
12286 -86.0000000000
12340 -85.0000000000
12426 -84.0000000000
12430 -83.0000000000
12455 -82.0000000000
12550 -81.0000000000
12566 -80.0000000000
12576 -79.0000000000
12621 -78.0000000000
12759 -77.0000000000
12791 -76.0000000000
12857 -75.0000000000
12948 -74.0000000000
12999 -73.0000000000
13020 -72.0000000000
13087 -71.0000000000
13147 -70.0000000000
13177 -69.0000000000
13235 -68.0000000000
13255 -67.0000000000
13297 -66.0000000000
13323 -65.0000000000
13418 -64.0000000000
13453 -63.0000000000
13561 -62.0000000000
13659 -61.0000000000
13676 -60.0000000000
13765 -59.0000000000
13817 -58.0000000000
13862 -57.0000000000
13870 -56.0000000000
13917 -55.0000000000
13940 -54.0000000000
13979 -53.0000000000
13980 -52.0000000000
13992 -51.0000000000
14028 -50.0000000000
14053 -49.0000000000
14213 -48.0000000000
14230 -47.0000000000
14239 -46.0000000000
14318 -45.0000000000
14322 -44.0000000000
14373 -43.0000000000
14411 -42.0000000000
14443 -41.0000000000
14590 -40.0000000000
14631 -39.0000000000
14646 -38.0000000000
14698 -37.0000000000
14701 -36.0000000000
14721 -35.0000000000
15052 -34.0000000000
15066 -33.0000000000
15096 -32.0000000000
15156 -31.0000000000
15160 -30.0000000000
15169 -29.0000000000
15280 -28.0000000000
15396 -27.0000000000
15433 -26.0000000000
15468 -25.0000000000
15511 -24.0000000000
15539 -23.0000000000
15584 -22.0000000000
15599 -21.0000000000
15792 -20.0000000000
15834 -19.0000000000
15980 -18.0000000000
16080 -17.0000000000
16142 -16.0000000000
16205 -15.0000000000
16375 -14.0000000000
16577 -13.0000000000
16630 -12.0000000000
16710 -11.0000000000
16872 -10.0000000000
16932 -9.0000000000
16996 -8.0000000000
17132 -7.0000000000
17171 -6.0000000000
17214 -5.0000000000
17263 -4.0000000000
18161 -3.0000000000
18883 -2.0000000000
19065 -1.0000000000
19108 189.7400000000
19529 199.9000000000
19533 205.4700000000
29445 205.7400000000
29446 206.3000000000
53155 212.3400000000
53156 219.0900000000
57165 219.6200000000
57172 228.3000000000
64089 230.4800000000
64091 238.7100000000
67405 239.6800000000
67421 241.5200000000
67775 241.9500000000
67777 247.0100000000
80465 250.1100000000
80473 261.6500000000
100001 -1.0000000000
evaluations raw_y
1 -2024.0000000000
3 -2023.0000000000
4 -2022.0000000000
5 -2021.0000000000
6 -2020.0000000000
7 -2019.0000000000
10 -2018.0000000000
12 -2017.0000000000
13 -2016.0000000000
17 -2015.0000000000
18 -2014.0000000000
20 -2013.0000000000
21 -2012.0000000000
25 -2011.0000000000
27 -2010.0000000000
29 -2009.0000000000
30 -2008.0000000000
31 -2007.0000000000
34 -2006.0000000000
36 -2005.0000000000
38 -2004.0000000000
39 -2003.0000000000
41 -2002.0000000000
42 -2001.0000000000
43 -2000.0000000000
44 -1999.0000000000
46 -1998.0000000000
48 -1997.0000000000
49 -1996.0000000000
51 -1995.0000000000
52 -1994.0000000000
53 -1993.0000000000
54 -1992.0000000000
58 -1991.0000000000
59 -1990.0000000000
62 -1989.0000000000
63 -1988.0000000000
65 -1987.0000000000
67 -1986.0000000000
68 -1985.0000000000
70 -1984.0000000000
71 -1983.0000000000
74 -1982.0000000000
75 -1981.0000000000
76 -1980.0000000000
78 -1979.0000000000
82 -1978.0000000000
84 -1977.0000000000
85 -1976.0000000000
86 -1975.0000000000
89 -1974.0000000000
90 -1973.0000000000
91 -1972.0000000000
92 -1971.0000000000
93 -1970.0000000000
98 -1969.0000000000
99 -1968.0000000000
100 -1967.0000000000
102 -1966.0000000000
103 -1965.0000000000
104 -1964.0000000000
105 -1963.0000000000
106 -1962.0000000000
109 -1961.0000000000
110 -1960.0000000000
112 -1959.0000000000
119 -1958.0000000000
121 -1957.0000000000
122 -1956.0000000000
123 -1955.0000000000
124 -1954.0000000000
126 -1953.0000000000
127 -1952.0000000000
129 -1951.0000000000
130 -1950.0000000000
133 -1949.0000000000
134 -1948.0000000000
135 -1947.0000000000
142 -1946.0000000000
143 -1945.0000000000
144 -1944.0000000000
146 -1943.0000000000
148 -1942.0000000000
153 -1941.0000000000
157 -1940.0000000000
158 -1939.0000000000
162 -1938.0000000000
163 -1937.0000000000
165 -1936.0000000000
166 -1935.0000000000
167 -1934.0000000000
169 -1933.0000000000
170 -1932.0000000000
173 -1931.0000000000
174 -1930.0000000000
176 -1929.0000000000
177 -1928.0000000000
180 -1927.0000000000
182 -1926.0000000000
184 -1925.0000000000
187 -1924.0000000000
188 -1923.0000000000
189 -1922.0000000000
190 -1921.0000000000
192 -1920.0000000000
193 -1919.0000000000
195 -1918.0000000000
196 -1917.0000000000
197 -1916.0000000000
201 -1915.0000000000
202 -1914.0000000000
205 -1913.0000000000
206 -1912.0000000000
207 -1911.0000000000
208 -1910.0000000000
209 -1909.0000000000
210 -1908.0000000000
211 -1907.0000000000
212 -1906.0000000000
213 -1905.0000000000
215 -1904.0000000000
218 -1903.0000000000
225 -1902.0000000000
227 -1901.0000000000
232 -1900.0000000000
235 -1899.0000000000
241 -1898.0000000000
242 -1897.0000000000
247 -1896.0000000000
252 -1895.0000000000
253 -1894.0000000000
255 -1893.0000000000
256 -1892.0000000000
260 -1891.0000000000
262 -1890.0000000000
264 -1889.0000000000
266 -1888.0000000000
267 -1887.0000000000
268 -1886.0000000000
270 -1885.0000000000
271 -1884.0000000000
273 -1883.0000000000
275 -1882.0000000000
277 -1881.0000000000
280 -1880.0000000000
282 -1879.0000000000
283 -1878.0000000000
289 -1877.0000000000
291 -1876.0000000000
292 -1875.0000000000
294 -1874.0000000000
297 -1873.0000000000
298 -1872.0000000000
299 -1871.0000000000
300 -1870.0000000000
302 -1869.0000000000
304 -1868.0000000000
307 -1867.0000000000
308 -1866.0000000000
311 -1865.0000000000
315 -1864.0000000000
316 -1863.0000000000
320 -1862.0000000000
321 -1861.0000000000
326 -1860.0000000000
328 -1859.0000000000
329 -1858.0000000000
332 -1857.0000000000
336 -1856.0000000000
337 -1855.0000000000
338 -1854.0000000000
342 -1853.0000000000
345 -1852.0000000000
347 -1851.0000000000
351 -1850.0000000000
352 -1849.0000000000
354 -1848.0000000000
356 -1847.0000000000
357 -1846.0000000000
361 -1845.0000000000
363 -1844.0000000000
364 -1843.0000000000
367 -1842.0000000000
370 -1841.0000000000
371 -1840.0000000000
372 -1839.0000000000
373 -1838.0000000000
374 -1837.0000000000
376 -1836.0000000000
378 -1835.0000000000
382 -1834.0000000000
383 -1833.0000000000
385 -1832.0000000000
386 -1831.0000000000
392 -1830.0000000000
398 -1829.0000000000
400 -1828.0000000000
402 -1827.0000000000
403 -1826.0000000000
405 -1825.0000000000
406 -1824.0000000000
407 -1823.0000000000
408 -1822.0000000000
410 -1821.0000000000
412 -1820.0000000000
413 -1819.0000000000
416 -1818.0000000000
417 -1817.0000000000
419 -1816.0000000000
423 -1815.0000000000
424 -1814.0000000000
426 -1813.0000000000
428 -1812.0000000000
429 -1811.0000000000
431 -1810.0000000000
433 -1809.0000000000
434 -1808.0000000000
435 -1807.0000000000
439 -1806.0000000000
440 -1805.0000000000
442 -1804.0000000000
444 -1803.0000000000
447 -1802.0000000000
450 -1801.0000000000
452 -1800.0000000000
457 -1799.0000000000
463 -1798.0000000000
464 -1797.0000000000
465 -1796.0000000000
466 -1795.0000000000
467 -1794.0000000000
470 -1793.0000000000
471 -1792.0000000000
472 -1791.0000000000
473 -1790.0000000000
480 -1789.0000000000
484 -1788.0000000000
487 -1787.0000000000
490 -1786.0000000000
493 -1785.0000000000
495 -1784.0000000000
496 -1783.0000000000
499 -1782.0000000000
501 -1781.0000000000
503 -1780.0000000000
504 -1779.0000000000
505 -1778.0000000000
506 -1777.0000000000
507 -1776.0000000000
511 -1775.0000000000
514 -1774.0000000000
517 -1773.0000000000
520 -1772.0000000000
523 -1771.0000000000
525 -1770.0000000000
527 -1769.0000000000
529 -1768.0000000000
532 -1767.0000000000
533 -1766.0000000000
535 -1765.0000000000
539 -1764.0000000000
540 -1763.0000000000
541 -1762.0000000000
542 -1761.0000000000
544 -1760.0000000000
545 -1759.0000000000
546 -1758.0000000000
547 -1757.0000000000
549 -1756.0000000000
553 -1755.0000000000
555 -1754.0000000000
558 -1753.0000000000
561 -1752.0000000000
564 -1751.0000000000
568 -1750.0000000000
569 -1749.0000000000
570 -1748.0000000000
572 -1747.0000000000
577 -1746.0000000000
578 -1745.0000000000
580 -1744.0000000000
584 -1743.0000000000
588 -1742.0000000000
589 -1741.0000000000
590 -1740.0000000000
591 -1739.0000000000
594 -1738.0000000000
598 -1737.0000000000
599 -1736.0000000000
600 -1735.0000000000
603 -1734.0000000000
604 -1733.0000000000
606 -1732.0000000000
607 -1731.0000000000
609 -1730.0000000000
611 -1729.0000000000
613 -1728.0000000000
614 -1727.0000000000
615 -1726.0000000000
616 -1725.0000000000
617 -1724.0000000000
619 -1723.0000000000
623 -1722.0000000000
624 -1721.0000000000
627 -1720.0000000000
629 -1719.0000000000
631 -1718.0000000000
632 -1717.0000000000
633 -1716.0000000000
638 -1715.0000000000
640 -1714.0000000000
644 -1713.0000000000
645 -1712.0000000000
649 -1711.0000000000
652 -1710.0000000000
653 -1709.0000000000
655 -1708.0000000000
658 -1707.0000000000
660 -1706.0000000000
662 -1705.0000000000
663 -1704.0000000000
664 -1703.0000000000
666 -1702.0000000000
667 -1701.0000000000
668 -1700.0000000000
669 -1699.0000000000
670 -1698.0000000000
672 -1697.0000000000
673 -1696.0000000000
674 -1695.0000000000
678 -1694.0000000000
680 -1693.0000000000
685 -1692.0000000000
686 -1691.0000000000
687 -1690.0000000000
694 -1689.0000000000
695 -1688.0000000000
698 -1687.0000000000
702 -1686.0000000000
704 -1685.0000000000
705 -1684.0000000000
708 -1683.0000000000
709 -1682.0000000000
716 -1681.0000000000
720 -1680.0000000000
721 -1679.0000000000
722 -1678.0000000000
724 -1677.0000000000
732 -1676.0000000000
734 -1675.0000000000
736 -1674.0000000000
737 -1673.0000000000
742 -1672.0000000000
747 -1671.0000000000
748 -1670.0000000000
751 -1669.0000000000
752 -1668.0000000000
754 -1667.0000000000
755 -1666.0000000000
756 -1665.0000000000
757 -1664.0000000000
761 -1663.0000000000
765 -1662.0000000000
766 -1661.0000000000
767 -1660.0000000000
768 -1659.0000000000
769 -1658.0000000000
770 -1657.0000000000
771 -1656.0000000000
773 -1655.0000000000
774 -1654.0000000000
780 -1653.0000000000
781 -1652.0000000000
783 -1651.0000000000
786 -1650.0000000000
788 -1649.0000000000
790 -1648.0000000000
792 -1647.0000000000
796 -1646.0000000000
797 -1645.0000000000
798 -1644.0000000000
800 -1643.0000000000
808 -1642.0000000000
810 -1641.0000000000
812 -1640.0000000000
816 -1639.0000000000
817 -1638.0000000000
818 -1637.0000000000
823 -1636.0000000000
826 -1635.0000000000
833 -1634.0000000000
835 -1633.0000000000
836 -1632.0000000000
837 -1631.0000000000
839 -1630.0000000000
840 -1629.0000000000
841 -1628.0000000000
843 -1627.0000000000
853 -1626.0000000000
855 -1625.0000000000
858 -1624.0000000000
861 -1623.0000000000
867 -1622.0000000000
869 -1621.0000000000
871 -1620.0000000000
876 -1619.0000000000
882 -1618.0000000000
883 -1617.0000000000
885 -1616.0000000000
886 -1615.0000000000
887 -1614.0000000000
890 -1613.0000000000
891 -1612.0000000000
892 -1611.0000000000
898 -1610.0000000000
900 -1609.0000000000
901 -1608.0000000000
903 -1607.0000000000
905 -1606.0000000000
913 -1605.0000000000
914 -1604.0000000000
916 -1603.0000000000
917 -1602.0000000000
918 -1601.0000000000
919 -1600.0000000000
920 -1599.0000000000
923 -1598.0000000000
926 -1597.0000000000
933 -1596.0000000000
934 -1595.0000000000
936 -1594.0000000000
938 -1593.0000000000
942 -1592.0000000000
943 -1591.0000000000
944 -1590.0000000000
948 -1589.0000000000
950 -1588.0000000000
952 -1587.0000000000
955 -1586.0000000000
958 -1585.0000000000
963 -1584.0000000000
965 -1583.0000000000
966 -1582.0000000000
967 -1581.0000000000
971 -1580.0000000000
973 -1579.0000000000
975 -1578.0000000000
976 -1577.0000000000
979 -1576.0000000000
980 -1575.0000000000
981 -1574.0000000000
982 -1573.0000000000
983 -1572.0000000000
986 -1571.0000000000
987 -1570.0000000000
989 -1569.0000000000
991 -1568.0000000000
995 -1567.0000000000
998 -1566.0000000000
1000 -1565.0000000000
1001 -1564.0000000000
1002 -1563.0000000000
1003 -1562.0000000000
1005 -1561.0000000000
1008 -1560.0000000000
1009 -1559.0000000000
1013 -1558.0000000000
1018 -1557.0000000000
1019 -1556.0000000000
1020 -1555.0000000000
1021 -1554.0000000000
1024 -1553.0000000000
1026 -1552.0000000000
1028 -1551.0000000000
1030 -1550.0000000000
1033 -1549.0000000000
1038 -1548.0000000000
1040 -1547.0000000000
1041 -1546.0000000000
1045 -1545.0000000000
1046 -1544.0000000000
1049 -1543.0000000000
1051 -1542.0000000000
1053 -1541.0000000000
1057 -1540.0000000000
1058 -1539.0000000000
1059 -1538.0000000000
1061 -1537.0000000000
1063 -1536.0000000000
1068 -1535.0000000000
1070 -1534.0000000000
1075 -1533.0000000000
1078 -1532.0000000000
1079 -1531.0000000000
1080 -1530.0000000000
1083 -1529.0000000000
1088 -1528.0000000000
1099 -1527.0000000000
1100 -1526.0000000000
1101 -1525.0000000000
1104 -1524.0000000000
1105 -1523.0000000000
1111 -1522.0000000000
1115 -1521.0000000000
1118 -1520.0000000000
1124 -1519.0000000000
1127 -1518.0000000000
1133 -1517.0000000000
1135 -1516.0000000000
1137 -1515.0000000000
1138 -1514.0000000000
1139 -1513.0000000000
1140 -1512.0000000000
1143 -1511.0000000000
1147 -1510.0000000000
1149 -1509.0000000000
1159 -1508.0000000000
1162 -1507.0000000000
1165 -1506.0000000000
1166 -1505.0000000000
1167 -1504.0000000000
1169 -1503.0000000000
1174 -1502.0000000000
1177 -1501.0000000000
1180 -1500.0000000000
1187 -1499.0000000000
1193 -1498.0000000000
1194 -1497.0000000000
1196 -1496.0000000000
1199 -1495.0000000000
1201 -1494.0000000000
1204 -1493.0000000000
1205 -1492.0000000000
1207 -1491.0000000000
1211 -1490.0000000000
1212 -1489.0000000000
1213 -1488.0000000000
1220 -1487.0000000000
1226 -1486.0000000000
1228 -1485.0000000000
1232 -1484.0000000000
1235 -1483.0000000000
1236 -1482.0000000000
1239 -1481.0000000000
1240 -1480.0000000000
1242 -1479.0000000000
1247 -1478.0000000000
1249 -1477.0000000000
1250 -1476.0000000000
1252 -1475.0000000000
1254 -1474.0000000000
1255 -1473.0000000000
1258 -1472.0000000000
1262 -1471.0000000000
1263 -1470.0000000000
1264 -1469.0000000000
1267 -1468.0000000000
1270 -1467.0000000000
1279 -1466.0000000000
1285 -1465.0000000000
1287 -1464.0000000000
1289 -1463.0000000000
1290 -1462.0000000000
1292 -1461.0000000000
1296 -1460.0000000000
1298 -1459.0000000000
1300 -1458.0000000000
1304 -1457.0000000000
1305 -1456.0000000000
1313 -1455.0000000000
1320 -1454.0000000000
1322 -1453.0000000000
1324 -1452.0000000000
1325 -1451.0000000000
1332 -1450.0000000000
1334 -1449.0000000000
1335 -1448.0000000000
1336 -1447.0000000000
1343 -1446.0000000000
1346 -1445.0000000000
1352 -1444.0000000000
1355 -1443.0000000000
1359 -1442.0000000000
1361 -1441.0000000000
1362 -1440.0000000000
1372 -1439.0000000000
1373 -1438.0000000000
1374 -1437.0000000000
1376 -1436.0000000000
1379 -1435.0000000000
1380 -1434.0000000000
1382 -1433.0000000000
1384 -1432.0000000000
1385 -1431.0000000000
1386 -1430.0000000000
1391 -1429.0000000000
1395 -1428.0000000000
1396 -1427.0000000000
1398 -1426.0000000000
1399 -1425.0000000000
1402 -1424.0000000000
1405 -1423.0000000000
1407 -1422.0000000000
1408 -1421.0000000000
1411 -1420.0000000000
1412 -1419.0000000000
1414 -1418.0000000000
1415 -1417.0000000000
1416 -1416.0000000000
1424 -1415.0000000000
1426 -1414.0000000000
1428 -1413.0000000000
1434 -1412.0000000000
1435 -1411.0000000000
1437 -1410.0000000000
1438 -1409.0000000000
1440 -1408.0000000000
1441 -1407.0000000000
1443 -1406.0000000000
1444 -1405.0000000000
1445 -1404.0000000000
1448 -1403.0000000000
1451 -1402.0000000000
1452 -1401.0000000000
1455 -1400.0000000000
1457 -1399.0000000000
1462 -1398.0000000000
1465 -1397.0000000000
1468 -1396.0000000000
1470 -1395.0000000000
1475 -1394.0000000000
1476 -1393.0000000000
1482 -1392.0000000000
1486 -1391.0000000000
1487 -1390.0000000000
1488 -1389.0000000000
1491 -1388.0000000000
1494 -1387.0000000000
1495 -1386.0000000000
1498 -1385.0000000000
1499 -1384.0000000000
1503 -1383.0000000000
1504 -1382.0000000000
1506 -1381.0000000000
1510 -1380.0000000000
1513 -1379.0000000000
1515 -1378.0000000000
1518 -1377.0000000000
1523 -1376.0000000000
1525 -1375.0000000000
1537 -1374.0000000000
1540 -1373.0000000000
1546 -1372.0000000000
1549 -1371.0000000000
1563 -1370.0000000000
1564 -1369.0000000000
1567 -1368.0000000000
1569 -1367.0000000000
1570 -1366.0000000000
1572 -1365.0000000000
1573 -1364.0000000000
1574 -1363.0000000000
1575 -1362.0000000000
1576 -1361.0000000000
1579 -1360.0000000000
1580 -1359.0000000000
1591 -1358.0000000000
1592 -1357.0000000000
1595 -1356.0000000000
1596 -1355.0000000000
1598 -1354.0000000000
1599 -1353.0000000000
1601 -1352.0000000000
1603 -1351.0000000000
1604 -1350.0000000000
1606 -1349.0000000000
1607 -1348.0000000000
1609 -1347.0000000000
1612 -1346.0000000000
1613 -1345.0000000000
1614 -1344.0000000000
1615 -1343.0000000000
1616 -1342.0000000000
1625 -1341.0000000000
1627 -1340.0000000000
1633 -1339.0000000000
1634 -1338.0000000000
1635 -1337.0000000000
1639 -1336.0000000000
1640 -1335.0000000000
1644 -1334.0000000000
1655 -1333.0000000000
1657 -1332.0000000000
1658 -1331.0000000000
1661 -1330.0000000000
1662 -1329.0000000000
1665 -1328.0000000000
1667 -1327.0000000000
1670 -1326.0000000000
1673 -1325.0000000000
1680 -1324.0000000000
1681 -1323.0000000000
1682 -1322.0000000000
1684 -1321.0000000000
1685 -1320.0000000000
1686 -1319.0000000000
1687 -1318.0000000000
1688 -1317.0000000000
1691 -1316.0000000000
1692 -1315.0000000000
1699 -1314.0000000000
1706 -1313.0000000000
1708 -1312.0000000000
1709 -1311.0000000000
1712 -1310.0000000000
1713 -1309.0000000000
1718 -1308.0000000000
1722 -1307.0000000000
1724 -1306.0000000000
1732 -1305.0000000000
1733 -1304.0000000000
1737 -1303.0000000000
1751 -1302.0000000000
1753 -1301.0000000000
1757 -1300.0000000000
1758 -1299.0000000000
1760 -1298.0000000000
1767 -1297.0000000000
1777 -1296.0000000000
1782 -1295.0000000000
1786 -1294.0000000000
1791 -1293.0000000000
1792 -1292.0000000000
1795 -1291.0000000000
1798 -1290.0000000000
1811 -1289.0000000000
1812 -1288.0000000000
1813 -1287.0000000000
1820 -1286.0000000000
1826 -1285.0000000000
1829 -1284.0000000000
1830 -1283.0000000000
1835 -1282.0000000000
1836 -1281.0000000000
1837 -1280.0000000000
1839 -1279.0000000000
1840 -1278.0000000000
1843 -1277.0000000000
1848 -1276.0000000000
1849 -1275.0000000000
1851 -1274.0000000000
1855 -1273.0000000000
1861 -1272.0000000000
1862 -1271.0000000000
1864 -1270.0000000000
1869 -1269.0000000000
1870 -1268.0000000000
1876 -1267.0000000000
1886 -1266.0000000000
1890 -1265.0000000000
1891 -1264.0000000000
1896 -1263.0000000000
1904 -1262.0000000000
1908 -1261.0000000000
1910 -1260.0000000000
1911 -1259.0000000000
1913 -1258.0000000000
1914 -1257.0000000000
1915 -1256.0000000000
1916 -1255.0000000000
1922 -1254.0000000000
1929 -1253.0000000000
1931 -1252.0000000000
1935 -1251.0000000000
1936 -1250.0000000000
1937 -1249.0000000000
1938 -1248.0000000000
1942 -1247.0000000000
1943 -1246.0000000000
1950 -1245.0000000000
1959 -1244.0000000000
1960 -1243.0000000000
1961 -1242.0000000000
1964 -1241.0000000000
1970 -1240.0000000000
1978 -1239.0000000000
1986 -1238.0000000000
1987 -1237.0000000000
1990 -1236.0000000000
1994 -1235.0000000000
1996 -1234.0000000000
1997 -1233.0000000000
1998 -1232.0000000000
1999 -1231.0000000000
2005 -1230.0000000000
2007 -1229.0000000000
2008 -1228.0000000000
2009 -1227.0000000000
2010 -1226.0000000000
2013 -1225.0000000000
2018 -1224.0000000000
2023 -1223.0000000000
2025 -1222.0000000000
2026 -1221.0000000000
2030 -1220.0000000000
2037 -1219.0000000000
2050 -1218.0000000000
2054 -1217.0000000000
2055 -1216.0000000000
2057 -1215.0000000000
2067 -1214.0000000000
2071 -1213.0000000000
2072 -1212.0000000000
2073 -1211.0000000000
2074 -1210.0000000000
2077 -1209.0000000000
2080 -1208.0000000000
2082 -1207.0000000000
2086 -1206.0000000000
2089 -1205.0000000000
2091 -1204.0000000000
2093 -1203.0000000000
2094 -1202.0000000000
2095 -1201.0000000000
2096 -1200.0000000000
2098 -1199.0000000000
2101 -1198.0000000000
2102 -1197.0000000000
2103 -1196.0000000000
2106 -1195.0000000000
2107 -1194.0000000000
2109 -1193.0000000000
2111 -1192.0000000000
2112 -1191.0000000000
2115 -1190.0000000000
2121 -1189.0000000000
2125 -1188.0000000000
2129 -1187.0000000000
2131 -1186.0000000000
2134 -1185.0000000000
2136 -1184.0000000000
2138 -1183.0000000000
2140 -1182.0000000000
2141 -1181.0000000000
2144 -1180.0000000000
2147 -1179.0000000000
2149 -1178.0000000000
2152 -1177.0000000000
2157 -1176.0000000000
2159 -1175.0000000000
2161 -1174.0000000000
2168 -1173.0000000000
2169 -1172.0000000000
2170 -1171.0000000000
2172 -1170.0000000000
2173 -1169.0000000000
2175 -1168.0000000000
2176 -1167.0000000000
2177 -1166.0000000000
2179 -1165.0000000000
2180 -1164.0000000000
2181 -1163.0000000000
2182 -1162.0000000000
2184 -1161.0000000000
2187 -1160.0000000000
2189 -1159.0000000000
2190 -1158.0000000000
2196 -1157.0000000000
2198 -1156.0000000000
2200 -1155.0000000000
2201 -1154.0000000000
2203 -1153.0000000000
2209 -1152.0000000000
2210 -1151.0000000000
2211 -1150.0000000000
2212 -1149.0000000000
2213 -1148.0000000000
2216 -1147.0000000000
2224 -1146.0000000000
2226 -1145.0000000000
2229 -1144.0000000000
2239 -1143.0000000000
2242 -1142.0000000000
2246 -1141.0000000000
2248 -1140.0000000000
2253 -1139.0000000000
2257 -1138.0000000000
2258 -1137.0000000000
2277 -1136.0000000000
2280 -1135.0000000000
2281 -1134.0000000000
2283 -1133.0000000000
2284 -1132.0000000000
2288 -1131.0000000000
2295 -1130.0000000000
2296 -1129.0000000000
2297 -1128.0000000000
2298 -1127.0000000000
2300 -1126.0000000000
2303 -1125.0000000000
2305 -1124.0000000000
2308 -1123.0000000000
2311 -1122.0000000000
2314 -1121.0000000000
2325 -1120.0000000000
2327 -1119.0000000000
2328 -1118.0000000000
2330 -1117.0000000000
2332 -1116.0000000000
2338 -1115.0000000000
2340 -1114.0000000000
2341 -1113.0000000000
2343 -1112.0000000000
2344 -1111.0000000000
2346 -1110.0000000000
2349 -1109.0000000000
2354 -1108.0000000000
2361 -1107.0000000000
2362 -1106.0000000000
2363 -1105.0000000000
2364 -1104.0000000000
2365 -1103.0000000000
2370 -1102.0000000000
2371 -1101.0000000000
2372 -1100.0000000000
2374 -1099.0000000000
2386 -1098.0000000000
2395 -1097.0000000000
2397 -1096.0000000000
2407 -1095.0000000000
2408 -1094.0000000000
2410 -1093.0000000000
2411 -1092.0000000000
2412 -1091.0000000000
2413 -1090.0000000000
2414 -1089.0000000000
2418 -1088.0000000000
2419 -1087.0000000000
2426 -1086.0000000000
2428 -1085.0000000000
2430 -1084.0000000000
2434 -1083.0000000000
2437 -1082.0000000000
2438 -1081.0000000000
2444 -1080.0000000000
2445 -1079.0000000000
2452 -1078.0000000000
2456 -1077.0000000000
2459 -1076.0000000000
2460 -1075.0000000000
2461 -1074.0000000000
2462 -1073.0000000000
2465 -1072.0000000000
2466 -1071.0000000000
2469 -1070.0000000000
2471 -1069.0000000000
2472 -1068.0000000000
2479 -1067.0000000000
2483 -1066.0000000000
2489 -1065.0000000000
2490 -1064.0000000000
2491 -1063.0000000000
2492 -1062.0000000000
2493 -1061.0000000000
2498 -1060.0000000000
2499 -1059.0000000000
2500 -1058.0000000000
2501 -1057.0000000000
2502 -1056.0000000000
2510 -1055.0000000000
2511 -1054.0000000000
2518 -1053.0000000000
2519 -1052.0000000000
2520 -1051.0000000000
2522 -1050.0000000000
2529 -1049.0000000000
2535 -1048.0000000000
2536 -1047.0000000000
2538 -1046.0000000000
2541 -1045.0000000000
2556 -1044.0000000000
2561 -1043.0000000000
2568 -1042.0000000000
2569 -1041.0000000000
2570 -1040.0000000000
2576 -1039.0000000000
2577 -1038.0000000000
2582 -1037.0000000000
2588 -1036.0000000000
2590 -1035.0000000000
2591 -1034.0000000000
2602 -1033.0000000000
2605 -1032.0000000000
2609 -1031.0000000000
2611 -1030.0000000000
2614 -1029.0000000000
2623 -1028.0000000000
2629 -1027.0000000000
2633 -1026.0000000000
2635 -1025.0000000000
2638 -1024.0000000000
2646 -1023.0000000000
2648 -1022.0000000000
2649 -1021.0000000000
2651 -1020.0000000000
2652 -1019.0000000000
2657 -1018.0000000000
2662 -1017.0000000000
2664 -1016.0000000000
2671 -1015.0000000000
2672 -1014.0000000000
2673 -1013.0000000000
2674 -1012.0000000000
2676 -1011.0000000000
2683 -1010.0000000000
2684 -1009.0000000000
2685 -1008.0000000000
2688 -1007.0000000000
2691 -1006.0000000000
2699 -1005.0000000000
2703 -1004.0000000000
2704 -1003.0000000000
2707 -1002.0000000000
2711 -1001.0000000000
2713 -1000.0000000000
2718 -999.0000000000
2732 -998.0000000000
2733 -997.0000000000
2734 -996.0000000000
2737 -995.0000000000
2738 -994.0000000000
2741 -993.0000000000
2744 -992.0000000000
2746 -991.0000000000
2750 -990.0000000000
2752 -989.0000000000
2761 -988.0000000000
2768 -987.0000000000
2774 -986.0000000000
2777 -985.0000000000
2778 -984.0000000000
2782 -983.0000000000
2783 -982.0000000000
2784 -981.0000000000
2790 -980.0000000000
2792 -979.0000000000
2793 -978.0000000000
2796 -977.0000000000
2799 -976.0000000000
2800 -975.0000000000
2801 -974.0000000000
2805 -973.0000000000
2808 -972.0000000000
2811 -971.0000000000
2813 -970.0000000000
2815 -969.0000000000
2823 -968.0000000000
2824 -967.0000000000
2825 -966.0000000000
2827 -965.0000000000
2830 -964.0000000000
2833 -963.0000000000
2836 -962.0000000000
2839 -961.0000000000
2841 -960.0000000000
2843 -959.0000000000
2845 -958.0000000000
2854 -957.0000000000
2858 -956.0000000000
2859 -955.0000000000
2871 -954.0000000000
2878 -953.0000000000
2882 -952.0000000000
2884 -951.0000000000
2889 -950.0000000000
2895 -949.0000000000
2898 -948.0000000000
2901 -947.0000000000
2902 -946.0000000000
2905 -945.0000000000
2906 -944.0000000000
2909 -943.0000000000
2915 -942.0000000000
2918 -941.0000000000
2920 -940.0000000000
2925 -939.0000000000
2926 -938.0000000000
2944 -937.0000000000
2946 -936.0000000000
2949 -935.0000000000
2950 -934.0000000000
2953 -933.0000000000
2956 -932.0000000000
2963 -931.0000000000
2967 -930.0000000000
2969 -929.0000000000
2972 -928.0000000000
2977 -927.0000000000
2980 -926.0000000000
2982 -925.0000000000
2984 -924.0000000000
2990 -923.0000000000
2991 -922.0000000000
2992 -921.0000000000
2994 -920.0000000000
2995 -919.0000000000
2997 -918.0000000000
2998 -917.0000000000
3001 -916.0000000000
3006 -915.0000000000
3009 -914.0000000000
3013 -913.0000000000
3014 -912.0000000000
3015 -911.0000000000
3016 -910.0000000000
3020 -909.0000000000
3032 -908.0000000000
3038 -907.0000000000
3045 -906.0000000000
3053 -905.0000000000
3063 -904.0000000000
3074 -903.0000000000
3075 -902.0000000000
3087 -901.0000000000
3091 -900.0000000000
3097 -899.0000000000
3100 -898.0000000000
3101 -897.0000000000
3106 -896.0000000000
3111 -895.0000000000
3112 -894.0000000000
3122 -893.0000000000
3125 -892.0000000000
3130 -891.0000000000
3134 -890.0000000000
3137 -889.0000000000
3139 -888.0000000000
3141 -887.0000000000
3143 -886.0000000000
3147 -885.0000000000
3148 -884.0000000000
3167 -883.0000000000
3168 -882.0000000000
3170 -881.0000000000
3176 -880.0000000000
3177 -879.0000000000
3179 -878.0000000000
3181 -877.0000000000
3183 -876.0000000000
3185 -875.0000000000
3190 -874.0000000000
3212 -873.0000000000
3221 -872.0000000000
3223 -871.0000000000
3225 -870.0000000000
3229 -869.0000000000
3233 -868.0000000000
3235 -867.0000000000
3236 -866.0000000000
3240 -865.0000000000
3243 -864.0000000000
3244 -863.0000000000
3245 -862.0000000000
3248 -861.0000000000
3260 -860.0000000000
3270 -859.0000000000
3281 -858.0000000000
3287 -857.0000000000
3289 -856.0000000000
3290 -855.0000000000
3293 -854.0000000000
3298 -853.0000000000
3300 -852.0000000000
3314 -851.0000000000
3316 -850.0000000000
3320 -849.0000000000
3321 -848.0000000000
3324 -847.0000000000
3329 -846.0000000000
3338 -845.0000000000
3345 -844.0000000000
3355 -843.0000000000
3356 -842.0000000000
3357 -841.0000000000
3364 -840.0000000000
3374 -839.0000000000
3375 -838.0000000000
3382 -837.0000000000
3386 -836.0000000000
3388 -835.0000000000
3391 -834.0000000000
3392 -833.0000000000
3400 -832.0000000000
3409 -831.0000000000
3413 -830.0000000000
3417 -829.0000000000
3419 -828.0000000000
3423 -827.0000000000
3427 -826.0000000000
3432 -825.0000000000
3434 -824.0000000000
3439 -823.0000000000
3445 -822.0000000000
3449 -821.0000000000
3456 -820.0000000000
3457 -819.0000000000
3468 -818.0000000000
3473 -817.0000000000
3476 -816.0000000000
3477 -815.0000000000
3480 -814.0000000000
3481 -813.0000000000
3483 -812.0000000000
3487 -811.0000000000
3488 -810.0000000000
3509 -809.0000000000
3510 -808.0000000000
3518 -807.0000000000
3520 -806.0000000000
3528 -805.0000000000
3531 -804.0000000000
3533 -803.0000000000
3537 -802.0000000000
3542 -801.0000000000
3548 -800.0000000000
3552 -799.0000000000
3555 -798.0000000000
3557 -797.0000000000
3562 -796.0000000000
3563 -795.0000000000
3566 -794.0000000000
3575 -793.0000000000
3585 -792.0000000000
3586 -791.0000000000
3590 -790.0000000000
3593 -789.0000000000
3601 -788.0000000000
3602 -787.0000000000
3610 -786.0000000000
3616 -785.0000000000
3617 -784.0000000000
3619 -783.0000000000
3620 -782.0000000000
3622 -781.0000000000
3628 -780.0000000000
3636 -779.0000000000
3640 -778.0000000000
3646 -777.0000000000
3666 -776.0000000000
3670 -775.0000000000
3677 -774.0000000000
3680 -773.0000000000
3684 -772.0000000000
3687 -771.0000000000
3692 -770.0000000000
3693 -769.0000000000
3695 -768.0000000000
3700 -767.0000000000
3701 -766.0000000000
3705 -765.0000000000
3706 -764.0000000000
3710 -763.0000000000
3712 -762.0000000000
3714 -761.0000000000
3718 -760.0000000000
3719 -759.0000000000
3720 -758.0000000000
3721 -757.0000000000
3728 -756.0000000000
3732 -755.0000000000
3744 -754.0000000000
3748 -753.0000000000
3749 -752.0000000000
3751 -751.0000000000
3756 -750.0000000000
3759 -749.0000000000
3765 -748.0000000000
3785 -747.0000000000
3787 -746.0000000000
3788 -745.0000000000
3789 -744.0000000000
3796 -743.0000000000
3806 -742.0000000000
3811 -741.0000000000
3813 -740.0000000000
3818 -739.0000000000
3820 -738.0000000000
3824 -737.0000000000
3825 -736.0000000000
3826 -735.0000000000
3846 -734.0000000000
3850 -733.0000000000
3863 -732.0000000000
3868 -731.0000000000
3870 -730.0000000000
3872 -729.0000000000
3873 -728.0000000000
3874 -727.0000000000
3882 -726.0000000000
3883 -725.0000000000
3888 -724.0000000000
3889 -723.0000000000
3899 -722.0000000000
3905 -721.0000000000
3923 -720.0000000000
3924 -719.0000000000
3925 -718.0000000000
3934 -717.0000000000
3936 -716.0000000000
3939 -715.0000000000
3942 -714.0000000000
3945 -713.0000000000
3946 -712.0000000000
3947 -711.0000000000
3952 -710.0000000000
3953 -709.0000000000
3958 -708.0000000000
3975 -707.0000000000
3986 -706.0000000000
3989 -705.0000000000
3994 -704.0000000000
3995 -703.0000000000
3997 -702.0000000000
4004 -701.0000000000
4015 -700.0000000000
4019 -699.0000000000
4021 -698.0000000000
4026 -697.0000000000
4030 -696.0000000000
4036 -695.0000000000
4049 -694.0000000000
4051 -693.0000000000
4056 -692.0000000000
4065 -691.0000000000
4074 -690.0000000000
4088 -689.0000000000
4091 -688.0000000000
4108 -687.0000000000
4119 -686.0000000000
4127 -685.0000000000
4133 -684.0000000000
4140 -683.0000000000
4147 -682.0000000000
4152 -681.0000000000
4156 -680.0000000000
4165 -679.0000000000
4166 -678.0000000000
4168 -677.0000000000
4188 -676.0000000000
4193 -675.0000000000
4200 -674.0000000000
4214 -673.0000000000
4242 -672.0000000000
4245 -671.0000000000
4246 -670.0000000000
4248 -669.0000000000
4257 -668.0000000000
4269 -667.0000000000
4270 -666.0000000000
4271 -665.0000000000
4272 -664.0000000000
4285 -663.0000000000
4288 -662.0000000000
4289 -661.0000000000
4296 -660.0000000000
4297 -659.0000000000
4302 -658.0000000000
4304 -657.0000000000
4312 -656.0000000000
4316 -655.0000000000
4326 -654.0000000000
4336 -653.0000000000
4337 -652.0000000000
4341 -651.0000000000
4342 -650.0000000000
4345 -649.0000000000
4362 -648.0000000000
4378 -647.0000000000
4388 -646.0000000000
4406 -645.0000000000
4412 -644.0000000000
4417 -643.0000000000
4428 -642.0000000000
4430 -641.0000000000
4438 -640.0000000000
4440 -639.0000000000
4442 -638.0000000000
4449 -637.0000000000
4458 -636.0000000000
4459 -635.0000000000
4463 -634.0000000000
4469 -633.0000000000
4475 -632.0000000000
4479 -631.0000000000
4480 -630.0000000000
4481 -629.0000000000
4482 -628.0000000000
4483 -627.0000000000
4492 -626.0000000000
4493 -625.0000000000
4497 -624.0000000000
4498 -623.0000000000
4504 -622.0000000000
4509 -621.0000000000
4520 -620.0000000000
4528 -619.0000000000
4530 -618.0000000000
4540 -617.0000000000
4549 -616.0000000000
4551 -615.0000000000
4558 -614.0000000000
4567 -613.0000000000
4569 -612.0000000000
4576 -611.0000000000
4582 -610.0000000000
4591 -609.0000000000
4595 -608.0000000000
4613 -607.0000000000
4627 -606.0000000000
4631 -605.0000000000
4640 -604.0000000000
4641 -603.0000000000
4644 -602.0000000000
4646 -601.0000000000
4651 -600.0000000000
4652 -599.0000000000
4654 -598.0000000000
4655 -597.0000000000
4666 -596.0000000000
4669 -595.0000000000
4684 -594.0000000000
4688 -593.0000000000
4689 -592.0000000000
4717 -591.0000000000
4718 -590.0000000000
4724 -589.0000000000
4733 -588.0000000000
4737 -587.0000000000
4740 -586.0000000000
4745 -585.0000000000
4749 -584.0000000000
4750 -583.0000000000
4752 -582.0000000000
4757 -581.0000000000
4787 -580.0000000000
4795 -579.0000000000
4804 -578.0000000000
4812 -577.0000000000
4817 -576.0000000000
4826 -575.0000000000
4832 -574.0000000000
4834 -573.0000000000
4835 -572.0000000000
4836 -571.0000000000
4840 -570.0000000000
4848 -569.0000000000
4855 -568.0000000000
4859 -567.0000000000
4863 -566.0000000000
4866 -565.0000000000
4868 -564.0000000000
4869 -563.0000000000
4885 -562.0000000000
4889 -561.0000000000
4891 -560.0000000000
4892 -559.0000000000
4899 -558.0000000000
4910 -557.0000000000
4914 -556.0000000000
4916 -555.0000000000
4924 -554.0000000000
4941 -553.0000000000
4942 -552.0000000000
4947 -551.0000000000
4948 -550.0000000000
4949 -549.0000000000
4955 -548.0000000000
4960 -547.0000000000
4963 -546.0000000000
4965 -545.0000000000
4966 -544.0000000000
4971 -543.0000000000
4986 -542.0000000000
4991 -541.0000000000
4994 -540.0000000000
5012 -539.0000000000
5016 -538.0000000000
5019 -537.0000000000
5028 -536.0000000000
5033 -535.0000000000
5040 -534.0000000000
5044 -533.0000000000
5051 -532.0000000000
5058 -531.0000000000
5061 -530.0000000000
5068 -529.0000000000
5090 -528.0000000000
5097 -527.0000000000
5108 -526.0000000000
5121 -525.0000000000
5138 -524.0000000000
5139 -523.0000000000
5146 -522.0000000000
5158 -521.0000000000
5164 -520.0000000000
5180 -519.0000000000
5181 -518.0000000000
5187 -517.0000000000
5190 -516.0000000000
5196 -515.0000000000
5207 -514.0000000000
5208 -513.0000000000
5212 -512.0000000000
5221 -511.0000000000
5222 -510.0000000000
5227 -509.0000000000
5236 -508.0000000000
5267 -507.0000000000
5276 -506.0000000000
5294 -505.0000000000
5300 -504.0000000000
5301 -503.0000000000
5318 -502.0000000000
5323 -501.0000000000
5325 -500.0000000000
5326 -499.0000000000
5328 -498.0000000000
5343 -497.0000000000
5345 -496.0000000000
5350 -495.0000000000
5367 -494.0000000000
5375 -493.0000000000
5376 -492.0000000000
5381 -491.0000000000
5396 -490.0000000000
5401 -489.0000000000
5402 -488.0000000000
5403 -487.0000000000
5409 -486.0000000000
5429 -485.0000000000
5432 -484.0000000000
5435 -483.0000000000
5437 -482.0000000000
5439 -481.0000000000
5440 -480.0000000000
5442 -479.0000000000
5461 -478.0000000000
5473 -477.0000000000
5484 -476.0000000000
5487 -475.0000000000
5488 -474.0000000000
5498 -473.0000000000
5502 -472.0000000000
5517 -471.0000000000
5523 -470.0000000000
5527 -469.0000000000
5537 -468.0000000000
5539 -467.0000000000
5541 -466.0000000000
5542 -465.0000000000
5556 -464.0000000000
5560 -463.0000000000
5565 -462.0000000000
5585 -461.0000000000
5598 -460.0000000000
5604 -459.0000000000
5611 -458.0000000000
5629 -457.0000000000
5631 -456.0000000000
5633 -455.0000000000
5638 -454.0000000000
5642 -453.0000000000
5676 -452.0000000000
5683 -451.0000000000
5705 -450.0000000000
5708 -449.0000000000
5710 -448.0000000000
5747 -447.0000000000
5748 -446.0000000000
5759 -445.0000000000
5761 -444.0000000000
5792 -443.0000000000
5802 -442.0000000000
5812 -441.0000000000
5824 -440.0000000000
5827 -439.0000000000
5833 -438.0000000000
5839 -437.0000000000
5840 -436.0000000000
5855 -435.0000000000
5856 -434.0000000000
5859 -433.0000000000
5865 -432.0000000000
5883 -431.0000000000
5884 -430.0000000000
5887 -429.0000000000
5898 -428.0000000000
5903 -427.0000000000
5910 -426.0000000000
5914 -425.0000000000
5917 -424.0000000000
5930 -423.0000000000
5933 -422.0000000000
5936 -421.0000000000
5938 -420.0000000000
5953 -419.0000000000
5974 -418.0000000000
5978 -417.0000000000
5979 -416.0000000000
5986 -415.0000000000
5990 -414.0000000000
6032 -413.0000000000
6035 -412.0000000000
6038 -411.0000000000
6040 -410.0000000000
6056 -409.0000000000
6086 -408.0000000000
6089 -407.0000000000
6098 -406.0000000000
6103 -405.0000000000
6145 -404.0000000000
6160 -403.0000000000
6172 -402.0000000000
6183 -401.0000000000
6208 -400.0000000000
6231 -399.0000000000
6234 -398.0000000000
6241 -397.0000000000
6247 -396.0000000000
6277 -395.0000000000
6290 -394.0000000000
6292 -393.0000000000
6308 -392.0000000000
6310 -391.0000000000
6315 -390.0000000000
6323 -389.0000000000
6328 -388.0000000000
6339 -387.0000000000
6342 -386.0000000000
6350 -385.0000000000
6366 -384.0000000000
6374 -383.0000000000
6377 -382.0000000000
6382 -381.0000000000
6385 -380.0000000000
6389 -379.0000000000
6391 -378.0000000000
6408 -377.0000000000
6419 -376.0000000000
6438 -375.0000000000
6456 -374.0000000000
6464 -373.0000000000
6467 -372.0000000000
6497 -371.0000000000
6501 -370.0000000000
6502 -369.0000000000
6503 -368.0000000000
6508 -367.0000000000
6556 -366.0000000000
6557 -365.0000000000
6562 -364.0000000000
6565 -363.0000000000
6574 -362.0000000000
6578 -361.0000000000
6608 -360.0000000000
6609 -359.0000000000
6618 -358.0000000000
6633 -357.0000000000
6649 -356.0000000000
6651 -355.0000000000
6655 -354.0000000000
6667 -353.0000000000
6671 -352.0000000000
6694 -351.0000000000
6723 -350.0000000000
6726 -349.0000000000
6729 -348.0000000000
6736 -347.0000000000
6752 -346.0000000000
6759 -345.0000000000
6770 -344.0000000000
6786 -343.0000000000
6793 -342.0000000000
6807 -341.0000000000
6819 -340.0000000000
6824 -339.0000000000
6828 -338.0000000000
6840 -337.0000000000
6863 -336.0000000000
6872 -335.0000000000
6876 -334.0000000000
6930 -333.0000000000
6955 -332.0000000000
6982 -331.0000000000
6985 -330.0000000000
6992 -329.0000000000
7009 -328.0000000000
7023 -327.0000000000
7033 -326.0000000000
7035 -325.0000000000
7043 -324.0000000000
7073 -323.0000000000
7081 -322.0000000000
7088 -321.0000000000
7089 -320.0000000000
7098 -319.0000000000
7100 -318.0000000000
7104 -317.0000000000
7115 -316.0000000000
7117 -315.0000000000
7118 -314.0000000000
7137 -313.0000000000
7141 -312.0000000000
7160 -311.0000000000
7166 -310.0000000000
7199 -309.0000000000
7203 -308.0000000000
7207 -307.0000000000
7220 -306.0000000000
7228 -305.0000000000
7243 -304.0000000000
7271 -303.0000000000
7303 -302.0000000000
7326 -301.0000000000
7327 -300.0000000000
7367 -299.0000000000
7393 -298.0000000000
7404 -297.0000000000
7412 -296.0000000000
7428 -295.0000000000
7431 -294.0000000000
7433 -293.0000000000
7450 -292.0000000000
7466 -291.0000000000
7467 -290.0000000000
7495 -289.0000000000
7496 -288.0000000000
7501 -287.0000000000
7513 -286.0000000000
7522 -285.0000000000
7542 -284.0000000000
7545 -283.0000000000
7565 -282.0000000000
7570 -281.0000000000
7585 -280.0000000000
7612 -279.0000000000
7617 -278.0000000000
7621 -277.0000000000
7634 -276.0000000000
7635 -275.0000000000
7658 -274.0000000000
7667 -273.0000000000
7677 -272.0000000000
7695 -271.0000000000
7698 -270.0000000000
7703 -269.0000000000
7710 -268.0000000000
7712 -267.0000000000
7732 -266.0000000000
7733 -265.0000000000
7744 -264.0000000000
7770 -263.0000000000
7785 -262.0000000000
7786 -261.0000000000
7806 -260.0000000000
7827 -259.0000000000
7855 -258.0000000000
7877 -257.0000000000
7890 -256.0000000000
7999 -255.0000000000
8023 -254.0000000000
8031 -253.0000000000
8038 -252.0000000000
8087 -251.0000000000
8125 -250.0000000000
8146 -249.0000000000
8151 -248.0000000000
8168 -247.0000000000
8171 -246.0000000000
8180 -245.0000000000
8209 -244.0000000000
8224 -243.0000000000
8225 -242.0000000000
8234 -241.0000000000
8244 -240.0000000000
8267 -239.0000000000
8276 -238.0000000000
8333 -237.0000000000
8383 -236.0000000000
8384 -235.0000000000
8415 -234.0000000000
8427 -233.0000000000
8429 -232.0000000000
8435 -231.0000000000
8436 -230.0000000000
8441 -229.0000000000
8446 -228.0000000000
8457 -227.0000000000
8460 -226.0000000000
8463 -225.0000000000
8465 -224.0000000000
8479 -223.0000000000
8513 -222.0000000000
8561 -221.0000000000
8572 -220.0000000000
8575 -219.0000000000
8605 -218.0000000000
8634 -217.0000000000
8662 -216.0000000000
8685 -215.0000000000
8707 -214.0000000000
8708 -213.0000000000
8729 -212.0000000000
8736 -211.0000000000
8773 -210.0000000000
8797 -209.0000000000
8830 -208.0000000000
8845 -207.0000000000
8872 -206.0000000000
8874 -205.0000000000
8884 -204.0000000000
8887 -203.0000000000
8900 -202.0000000000
8923 -201.0000000000
8954 -200.0000000000
9008 -199.0000000000
9026 -198.0000000000
9041 -197.0000000000
9045 -196.0000000000
9059 -195.0000000000
9075 -194.0000000000
9085 -193.0000000000
9089 -192.0000000000
9118 -191.0000000000
9120 -190.0000000000
9129 -189.0000000000
9160 -188.0000000000
9167 -187.0000000000
9194 -186.0000000000
9207 -185.0000000000
9260 -184.0000000000
9297 -183.0000000000
9322 -182.0000000000
9339 -181.0000000000
9359 -180.0000000000
9399 -179.0000000000
9402 -178.0000000000
9413 -177.0000000000
9431 -176.0000000000
9448 -175.0000000000
9467 -174.0000000000
9484 -173.0000000000
9488 -172.0000000000
9496 -171.0000000000
9504 -170.0000000000
9512 -169.0000000000
9513 -168.0000000000
9524 -167.0000000000
9533 -166.0000000000
9570 -165.0000000000
9636 -164.0000000000
9662 -163.0000000000
9712 -162.0000000000
9741 -161.0000000000
9761 -160.0000000000
9796 -159.0000000000
9830 -158.0000000000
9883 -157.0000000000
9927 -156.0000000000
9955 -155.0000000000
9958 -154.0000000000
9971 -153.0000000000
9987 -152.0000000000
9991 -151.0000000000
10017 -150.0000000000
10028 -149.0000000000
10034 -148.0000000000
10083 -147.0000000000
10162 -146.0000000000
10234 -145.0000000000
10240 -144.0000000000
10263 -143.0000000000
10284 -142.0000000000
10289 -141.0000000000
10342 -140.0000000000
10349 -139.0000000000
10362 -138.0000000000
10379 -137.0000000000
10395 -136.0000000000
10402 -135.0000000000
10441 -134.0000000000
10476 -133.0000000000
10562 -132.0000000000
10587 -131.0000000000
10646 -130.0000000000
10661 -129.0000000000
10663 -128.0000000000
10712 -127.0000000000
10790 -126.0000000000
10833 -125.0000000000
10838 -124.0000000000
10842 -123.0000000000
10852 -122.0000000000
10874 -121.0000000000
10879 -120.0000000000
10932 -119.0000000000
10940 -118.0000000000
10949 -117.0000000000
10988 -116.0000000000
10994 -115.0000000000
11012 -114.0000000000
11077 -113.0000000000
11090 -112.0000000000
11152 -111.0000000000
11204 -110.0000000000
11216 -109.0000000000
11224 -108.0000000000
11229 -107.0000000000
11314 -106.0000000000
11334 -105.0000000000
11349 -104.0000000000
11368 -103.0000000000
11376 -102.0000000000
11377 -101.0000000000
11433 -100.0000000000
11440 -99.0000000000
11488 -98.0000000000
11549 -97.0000000000
11618 -96.0000000000
11633 -95.0000000000
11641 -94.0000000000
11658 -93.0000000000
11687 -92.0000000000
11707 -91.0000000000
11712 -90.0000000000
11756 -89.0000000000
11805 -88.0000000000
11822 -87.0000000000
11834 -86.0000000000
11877 -85.0000000000
11886 -84.0000000000
11895 -83.0000000000
11972 -82.0000000000
12132 -81.0000000000
12210 -80.0000000000
12331 -79.0000000000
12359 -78.0000000000
12456 -77.0000000000
12505 -76.0000000000
12539 -75.0000000000
12548 -74.0000000000
12604 -73.0000000000
12642 -72.0000000000
12708 -71.0000000000
12713 -70.0000000000
12727 -69.0000000000
12741 -68.0000000000
12748 -67.0000000000
12821 -66.0000000000
12860 -65.0000000000
12862 -64.0000000000
12870 -63.0000000000
12873 -62.0000000000
12874 -61.0000000000
13017 -60.0000000000
13037 -59.0000000000
13087 -58.0000000000
13117 -57.0000000000
13121 -56.0000000000
13154 -55.0000000000
13282 -54.0000000000
13337 -53.0000000000
13381 -52.0000000000
13401 -51.0000000000
13454 -50.0000000000
13713 -49.0000000000
13748 -48.0000000000
13813 -47.0000000000
13916 -46.0000000000
13936 -45.0000000000
13947 -44.0000000000
13980 -43.0000000000
13987 -42.0000000000
14018 -41.0000000000
14058 -40.0000000000
14096 -39.0000000000
14115 -38.0000000000
14140 -37.0000000000
14167 -36.0000000000
14365 -35.0000000000
14412 -34.0000000000
14674 -33.0000000000
14719 -32.0000000000
14769 -31.0000000000
14827 -30.0000000000
14850 -29.0000000000
14965 -28.0000000000
15106 -27.0000000000
15190 -26.0000000000
15235 -25.0000000000
15261 -24.0000000000
15543 -23.0000000000
15552 -22.0000000000
15589 -21.0000000000
15839 -20.0000000000
15851 -19.0000000000
15989 -18.0000000000
16059 -17.0000000000
16097 -16.0000000000
16509 -15.0000000000
16610 -14.0000000000
16681 -13.0000000000
16791 -12.0000000000
16996 -11.0000000000
17040 -10.0000000000
17209 -9.0000000000
17519 -8.0000000000
17774 -7.0000000000
17836 -6.0000000000
17994 -5.0000000000
18192 -4.0000000000
18418 -3.0000000000
18487 -2.0000000000
18575 -1.0000000000
18782 115.4700000000
21062 135.7400000000
21065 139.1700000000
31219 142.2800000000
31228 146.7300000000
100001 -1.0000000000
evaluations raw_y
1 -2011.0000000000
4 -2010.0000000000
7 -2009.0000000000
9 -2008.0000000000
11 -2007.0000000000
14 -2006.0000000000
20 -2005.0000000000
21 -2004.0000000000
22 -2003.0000000000
23 -2002.0000000000
24 -2001.0000000000
25 -2000.0000000000
26 -1999.0000000000
27 -1998.0000000000
28 -1997.0000000000
29 -1996.0000000000
34 -1995.0000000000
36 -1994.0000000000
37 -1993.0000000000
41 -1992.0000000000
47 -1991.0000000000
48 -1990.0000000000
51 -1989.0000000000
53 -1988.0000000000
55 -1987.0000000000
56 -1986.0000000000
60 -1985.0000000000
64 -1984.0000000000
66 -1983.0000000000
69 -1982.0000000000
73 -1981.0000000000
75 -1980.0000000000
81 -1979.0000000000
82 -1978.0000000000
86 -1977.0000000000
87 -1976.0000000000
89 -1975.0000000000
90 -1974.0000000000
98 -1973.0000000000
101 -1972.0000000000
102 -1971.0000000000
103 -1970.0000000000
104 -1969.0000000000
110 -1968.0000000000
111 -1967.0000000000
113 -1966.0000000000
114 -1965.0000000000
115 -1964.0000000000
117 -1963.0000000000
119 -1962.0000000000
122 -1961.0000000000
123 -1960.0000000000
124 -1959.0000000000
125 -1958.0000000000
126 -1957.0000000000
127 -1956.0000000000
128 -1955.0000000000
129 -1954.0000000000
130 -1953.0000000000
134 -1952.0000000000
135 -1951.0000000000
138 -1950.0000000000
139 -1949.0000000000
140 -1948.0000000000
142 -1947.0000000000
144 -1946.0000000000
146 -1945.0000000000
147 -1944.0000000000
148 -1943.0000000000
149 -1942.0000000000
150 -1941.0000000000
152 -1940.0000000000
153 -1939.0000000000
154 -1938.0000000000
156 -1937.0000000000
160 -1936.0000000000
161 -1935.0000000000
164 -1934.0000000000
166 -1933.0000000000
172 -1932.0000000000
173 -1931.0000000000
177 -1930.0000000000
178 -1929.0000000000
184 -1928.0000000000
185 -1927.0000000000
188 -1926.0000000000
189 -1925.0000000000
190 -1924.0000000000
192 -1923.0000000000
193 -1922.0000000000
195 -1921.0000000000
200 -1920.0000000000
204 -1919.0000000000
205 -1918.0000000000
210 -1917.0000000000
214 -1916.0000000000
216 -1915.0000000000
220 -1914.0000000000
221 -1913.0000000000
222 -1912.0000000000
225 -1911.0000000000
226 -1910.0000000000
229 -1909.0000000000
231 -1908.0000000000
234 -1907.0000000000
236 -1906.0000000000
238 -1905.0000000000
239 -1904.0000000000
240 -1903.0000000000
241 -1902.0000000000
244 -1901.0000000000
249 -1900.0000000000
253 -1899.0000000000
254 -1898.0000000000
255 -1897.0000000000
258 -1896.0000000000
259 -1895.0000000000
260 -1894.0000000000
261 -1893.0000000000
262 -1892.0000000000
263 -1891.0000000000
264 -1890.0000000000
265 -1889.0000000000
266 -1888.0000000000
268 -1887.0000000000
270 -1886.0000000000
271 -1885.0000000000
272 -1884.0000000000
273 -1883.0000000000
274 -1882.0000000000
276 -1881.0000000000
280 -1880.0000000000
281 -1879.0000000000
283 -1878.0000000000
284 -1877.0000000000
288 -1876.0000000000
290 -1875.0000000000
294 -1874.0000000000
296 -1873.0000000000
298 -1872.0000000000
305 -1871.0000000000
306 -1870.0000000000
307 -1869.0000000000
310 -1868.0000000000
313 -1867.0000000000
314 -1866.0000000000
321 -1865.0000000000
323 -1864.0000000000
325 -1863.0000000000
326 -1862.0000000000
330 -1861.0000000000
332 -1860.0000000000
335 -1859.0000000000
338 -1858.0000000000
339 -1857.0000000000
343 -1856.0000000000
345 -1855.0000000000
346 -1854.0000000000
349 -1853.0000000000
350 -1852.0000000000
351 -1851.0000000000
352 -1850.0000000000
355 -1849.0000000000
356 -1848.0000000000
357 -1847.0000000000
358 -1846.0000000000
360 -1845.0000000000
361 -1844.0000000000
363 -1843.0000000000
366 -1842.0000000000
369 -1841.0000000000
370 -1840.0000000000
373 -1839.0000000000
376 -1838.0000000000
378 -1837.0000000000
379 -1836.0000000000
380 -1835.0000000000
381 -1834.0000000000
385 -1833.0000000000
387 -1832.0000000000
388 -1831.0000000000
389 -1830.0000000000
394 -1829.0000000000
396 -1828.0000000000
398 -1827.0000000000
399 -1826.0000000000
401 -1825.0000000000
402 -1824.0000000000
403 -1823.0000000000
405 -1822.0000000000
406 -1821.0000000000
410 -1820.0000000000
411 -1819.0000000000
413 -1818.0000000000
415 -1817.0000000000
416 -1816.0000000000
418 -1815.0000000000
421 -1814.0000000000
424 -1813.0000000000
425 -1812.0000000000
429 -1811.0000000000
431 -1810.0000000000
432 -1809.0000000000
436 -1808.0000000000
441 -1807.0000000000
444 -1806.0000000000
445 -1805.0000000000
447 -1804.0000000000
448 -1803.0000000000
449 -1802.0000000000
451 -1801.0000000000
453 -1800.0000000000
456 -1799.0000000000
460 -1798.0000000000
461 -1797.0000000000
462 -1796.0000000000
466 -1795.0000000000
469 -1794.0000000000
472 -1793.0000000000
475 -1792.0000000000
477 -1791.0000000000
478 -1790.0000000000
479 -1789.0000000000
483 -1788.0000000000
484 -1787.0000000000
486 -1786.0000000000
487 -1785.0000000000
494 -1784.0000000000
495 -1783.0000000000
499 -1782.0000000000
500 -1781.0000000000
501 -1780.0000000000
507 -1779.0000000000
508 -1778.0000000000
509 -1777.0000000000
511 -1776.0000000000
512 -1775.0000000000
516 -1774.0000000000
519 -1773.0000000000
520 -1772.0000000000
522 -1771.0000000000
525 -1770.0000000000
526 -1769.0000000000
527 -1768.0000000000
530 -1767.0000000000
531 -1766.0000000000
532 -1765.0000000000
533 -1764.0000000000
537 -1763.0000000000
540 -1762.0000000000
545 -1761.0000000000
546 -1760.0000000000
547 -1759.0000000000
548 -1758.0000000000
549 -1757.0000000000
550 -1756.0000000000
552 -1755.0000000000
554 -1754.0000000000
555 -1753.0000000000
558 -1752.0000000000
561 -1751.0000000000
563 -1750.0000000000
568 -1749.0000000000
569 -1748.0000000000
571 -1747.0000000000
572 -1746.0000000000
576 -1745.0000000000
577 -1744.0000000000
579 -1743.0000000000
580 -1742.0000000000
581 -1741.0000000000
585 -1740.0000000000
590 -1739.0000000000
591 -1738.0000000000
592 -1737.0000000000
595 -1736.0000000000
596 -1735.0000000000
597 -1734.0000000000
602 -1733.0000000000
606 -1732.0000000000
608 -1731.0000000000
614 -1730.0000000000
616 -1729.0000000000
622 -1728.0000000000
629 -1727.0000000000
630 -1726.0000000000
635 -1725.0000000000
636 -1724.0000000000
642 -1723.0000000000
643 -1722.0000000000
644 -1721.0000000000
645 -1720.0000000000
646 -1719.0000000000
647 -1718.0000000000
648 -1717.0000000000
651 -1716.0000000000
652 -1715.0000000000
654 -1714.0000000000
663 -1713.0000000000
665 -1712.0000000000
666 -1711.0000000000
668 -1710.0000000000
669 -1709.0000000000
671 -1708.0000000000
672 -1707.0000000000
673 -1706.0000000000
674 -1705.0000000000
676 -1704.0000000000
677 -1703.0000000000
681 -1702.0000000000
683 -1701.0000000000
684 -1700.0000000000
686 -1699.0000000000
689 -1698.0000000000
690 -1697.0000000000
691 -1696.0000000000
692 -1695.0000000000
695 -1694.0000000000
696 -1693.0000000000
700 -1692.0000000000
701 -1691.0000000000
702 -1690.0000000000
704 -1689.0000000000
706 -1688.0000000000
707 -1687.0000000000
708 -1686.0000000000
710 -1685.0000000000
712 -1684.0000000000
713 -1683.0000000000
717 -1682.0000000000
722 -1681.0000000000
723 -1680.0000000000
724 -1679.0000000000
725 -1678.0000000000
726 -1677.0000000000
730 -1676.0000000000
731 -1675.0000000000
733 -1674.0000000000
735 -1673.0000000000
736 -1672.0000000000
739 -1671.0000000000
741 -1670.0000000000
743 -1669.0000000000
748 -1668.0000000000
749 -1667.0000000000
750 -1666.0000000000
751 -1665.0000000000
758 -1664.0000000000
759 -1663.0000000000
760 -1662.0000000000
762 -1661.0000000000
763 -1660.0000000000
764 -1659.0000000000
767 -1658.0000000000
768 -1657.0000000000
773 -1656.0000000000
776 -1655.0000000000
778 -1654.0000000000
781 -1653.0000000000
782 -1652.0000000000
783 -1651.0000000000
784 -1650.0000000000
787 -1649.0000000000
793 -1648.0000000000
797 -1647.0000000000
804 -1646.0000000000
806 -1645.0000000000
810 -1644.0000000000
811 -1643.0000000000
816 -1642.0000000000
819 -1641.0000000000
820 -1640.0000000000
823 -1639.0000000000
824 -1638.0000000000
826 -1637.0000000000
828 -1636.0000000000
829 -1635.0000000000
830 -1634.0000000000
832 -1633.0000000000
836 -1632.0000000000
840 -1631.0000000000
849 -1630.0000000000
850 -1629.0000000000
852 -1628.0000000000
855 -1627.0000000000
856 -1626.0000000000
860 -1625.0000000000
861 -1624.0000000000
865 -1623.0000000000
872 -1622.0000000000
875 -1621.0000000000
877 -1620.0000000000
882 -1619.0000000000
883 -1618.0000000000
884 -1617.0000000000
892 -1616.0000000000
893 -1615.0000000000
894 -1614.0000000000
900 -1613.0000000000
902 -1612.0000000000
904 -1611.0000000000
905 -1610.0000000000
909 -1609.0000000000
911 -1608.0000000000
914 -1607.0000000000
915 -1606.0000000000
916 -1605.0000000000
917 -1604.0000000000
919 -1603.0000000000
920 -1602.0000000000
922 -1601.0000000000
926 -1600.0000000000
928 -1599.0000000000
931 -1598.0000000000
935 -1597.0000000000
936 -1596.0000000000
938 -1595.0000000000
939 -1594.0000000000
942 -1593.0000000000
943 -1592.0000000000
944 -1591.0000000000
946 -1590.0000000000
948 -1589.0000000000
950 -1588.0000000000
954 -1587.0000000000
956 -1586.0000000000
958 -1585.0000000000
962 -1584.0000000000
963 -1583.0000000000
964 -1582.0000000000
968 -1581.0000000000
969 -1580.0000000000
970 -1579.0000000000
971 -1578.0000000000
973 -1577.0000000000
978 -1576.0000000000
979 -1575.0000000000
982 -1574.0000000000
983 -1573.0000000000
991 -1572.0000000000
993 -1571.0000000000
996 -1570.0000000000
998 -1569.0000000000
999 -1568.0000000000
1001 -1567.0000000000
1002 -1566.0000000000
1003 -1565.0000000000
1008 -1564.0000000000
1011 -1563.0000000000
1013 -1562.0000000000
1018 -1561.0000000000
1021 -1560.0000000000
1022 -1559.0000000000
1023 -1558.0000000000
1027 -1557.0000000000
1039 -1556.0000000000
1041 -1555.0000000000
1043 -1554.0000000000
1047 -1553.0000000000
1048 -1552.0000000000
1049 -1551.0000000000
1051 -1550.0000000000
1054 -1549.0000000000
1057 -1548.0000000000
1061 -1547.0000000000
1065 -1546.0000000000
1067 -1545.0000000000
1069 -1544.0000000000
1070 -1543.0000000000
1073 -1542.0000000000
1074 -1541.0000000000
1076 -1540.0000000000
1079 -1539.0000000000
1082 -1538.0000000000
1083 -1537.0000000000
1084 -1536.0000000000
1086 -1535.0000000000
1087 -1534.0000000000
1088 -1533.0000000000
1089 -1532.0000000000
1090 -1531.0000000000
1094 -1530.0000000000
1098 -1529.0000000000
1108 -1528.0000000000
1112 -1527.0000000000
1113 -1526.0000000000
1115 -1525.0000000000
1117 -1524.0000000000
1119 -1523.0000000000
1122 -1522.0000000000
1123 -1521.0000000000
1125 -1520.0000000000
1126 -1519.0000000000
1127 -1518.0000000000
1128 -1517.0000000000
1129 -1516.0000000000
1134 -1515.0000000000
1137 -1514.0000000000
1138 -1513.0000000000
1139 -1512.0000000000
1142 -1511.0000000000
1143 -1510.0000000000
1146 -1509.0000000000
1147 -1508.0000000000
1148 -1507.0000000000
1149 -1506.0000000000
1152 -1505.0000000000
1153 -1504.0000000000
1154 -1503.0000000000
1159 -1502.0000000000
1160 -1501.0000000000
1161 -1500.0000000000
1164 -1499.0000000000
1166 -1498.0000000000
1168 -1497.0000000000
1170 -1496.0000000000
1171 -1495.0000000000
1172 -1494.0000000000
1173 -1493.0000000000
1175 -1492.0000000000
1176 -1491.0000000000
1178 -1490.0000000000
1180 -1489.0000000000
1181 -1488.0000000000
1189 -1487.0000000000
1190 -1486.0000000000
1191 -1485.0000000000
1192 -1484.0000000000
1193 -1483.0000000000
1194 -1482.0000000000
1198 -1481.0000000000
1201 -1480.0000000000
1204 -1479.0000000000
1206 -1478.0000000000
1207 -1477.0000000000
1208 -1476.0000000000
1210 -1475.0000000000
1215 -1474.0000000000
1216 -1473.0000000000
1220 -1472.0000000000
1224 -1471.0000000000
1225 -1470.0000000000
1226 -1469.0000000000
1230 -1468.0000000000
1234 -1467.0000000000
1235 -1466.0000000000
1236 -1465.0000000000
1238 -1464.0000000000
1240 -1463.0000000000
1243 -1462.0000000000
1246 -1461.0000000000
1248 -1460.0000000000
1252 -1459.0000000000
1253 -1458.0000000000
1259 -1457.0000000000
1261 -1456.0000000000
1262 -1455.0000000000
1265 -1454.0000000000
1268 -1453.0000000000
1272 -1452.0000000000
1273 -1451.0000000000
1274 -1450.0000000000
1275 -1449.0000000000
1276 -1448.0000000000
1277 -1447.0000000000
1278 -1446.0000000000
1281 -1445.0000000000
1283 -1444.0000000000
1287 -1443.0000000000
1288 -1442.0000000000
1290 -1441.0000000000
1291 -1440.0000000000
1292 -1439.0000000000
1298 -1438.0000000000
1299 -1437.0000000000
1300 -1436.0000000000
1302 -1435.0000000000
1305 -1434.0000000000
1313 -1433.0000000000
1318 -1432.0000000000
1320 -1431.0000000000
1323 -1430.0000000000
1325 -1429.0000000000
1326 -1428.0000000000
1328 -1427.0000000000
1329 -1426.0000000000
1333 -1425.0000000000
1343 -1424.0000000000
1347 -1423.0000000000
1349 -1422.0000000000
1356 -1421.0000000000
1357 -1420.0000000000
1359 -1419.0000000000
1360 -1418.0000000000
1364 -1417.0000000000
1373 -1416.0000000000
1386 -1415.0000000000
1388 -1414.0000000000
1390 -1413.0000000000
1395 -1412.0000000000
1396 -1411.0000000000
1404 -1410.0000000000
1408 -1409.0000000000
1409 -1408.0000000000
1417 -1407.0000000000
1418 -1406.0000000000
1423 -1405.0000000000
1429 -1404.0000000000
1432 -1403.0000000000
1436 -1402.0000000000
1437 -1401.0000000000
1444 -1400.0000000000
1446 -1399.0000000000
1449 -1398.0000000000
1450 -1397.0000000000
1451 -1396.0000000000
1453 -1395.0000000000
1454 -1394.0000000000
1455 -1393.0000000000
1460 -1392.0000000000
1461 -1391.0000000000
1463 -1390.0000000000
1464 -1389.0000000000
1466 -1388.0000000000
1470 -1387.0000000000
1472 -1386.0000000000
1477 -1385.0000000000
1478 -1384.0000000000
1480 -1383.0000000000
1492 -1382.0000000000
1493 -1381.0000000000
1496 -1380.0000000000
1497 -1379.0000000000
1502 -1378.0000000000
1503 -1377.0000000000
1504 -1376.0000000000
1506 -1375.0000000000
1512 -1374.0000000000
1513 -1373.0000000000
1515 -1372.0000000000
1518 -1371.0000000000
1523 -1370.0000000000
1524 -1369.0000000000
1529 -1368.0000000000
1531 -1367.0000000000
1533 -1366.0000000000
1538 -1365.0000000000
1540 -1364.0000000000
1547 -1363.0000000000
1548 -1362.0000000000
1549 -1361.0000000000
1550 -1360.0000000000
1552 -1359.0000000000
1560 -1358.0000000000
1562 -1357.0000000000
1564 -1356.0000000000
1572 -1355.0000000000
1580 -1354.0000000000
1582 -1353.0000000000
1584 -1352.0000000000
1585 -1351.0000000000
1591 -1350.0000000000
1592 -1349.0000000000
1593 -1348.0000000000
1594 -1347.0000000000
1595 -1346.0000000000
1596 -1345.0000000000
1598 -1344.0000000000
1599 -1343.0000000000
1600 -1342.0000000000
1603 -1341.0000000000
1606 -1340.0000000000
1607 -1339.0000000000
1608 -1338.0000000000
1613 -1337.0000000000
1614 -1336.0000000000
1616 -1335.0000000000
1617 -1334.0000000000
1618 -1333.0000000000
1619 -1332.0000000000
1625 -1331.0000000000
1628 -1330.0000000000
1631 -1329.0000000000
1632 -1328.0000000000
1634 -1327.0000000000
1635 -1326.0000000000
1638 -1325.0000000000
1640 -1324.0000000000
1643 -1323.0000000000
1647 -1322.0000000000
1652 -1321.0000000000
1658 -1320.0000000000
1662 -1319.0000000000
1664 -1318.0000000000
1671 -1317.0000000000
1676 -1316.0000000000
1677 -1315.0000000000
1678 -1314.0000000000
1680 -1313.0000000000
1685 -1312.0000000000
1686 -1311.0000000000
1687 -1310.0000000000
1690 -1309.0000000000
1691 -1308.0000000000
1695 -1307.0000000000
1696 -1306.0000000000
1697 -1305.0000000000
1701 -1304.0000000000
1707 -1303.0000000000
1711 -1302.0000000000
1712 -1301.0000000000
1716 -1300.0000000000
1717 -1299.0000000000
1718 -1298.0000000000
1719 -1297.0000000000
1723 -1296.0000000000
1726 -1295.0000000000
1735 -1294.0000000000
1744 -1293.0000000000
1749 -1292.0000000000
1750 -1291.0000000000
1752 -1290.0000000000
1755 -1289.0000000000
1757 -1288.0000000000
1761 -1287.0000000000
1769 -1286.0000000000
1775 -1285.0000000000
1776 -1284.0000000000
1777 -1283.0000000000
1778 -1282.0000000000
1779 -1281.0000000000
1780 -1280.0000000000
1781 -1279.0000000000
1782 -1278.0000000000
1788 -1277.0000000000
1791 -1276.0000000000
1796 -1275.0000000000
1801 -1274.0000000000
1806 -1273.0000000000
1808 -1272.0000000000
1809 -1271.0000000000
1811 -1270.0000000000
1814 -1269.0000000000
1815 -1268.0000000000
1819 -1267.0000000000
1822 -1266.0000000000
1827 -1265.0000000000
1831 -1264.0000000000
1834 -1263.0000000000
1840 -1262.0000000000
1841 -1261.0000000000
1843 -1260.0000000000
1844 -1259.0000000000
1846 -1258.0000000000
1848 -1257.0000000000
1851 -1256.0000000000
1854 -1255.0000000000
1857 -1254.0000000000
1862 -1253.0000000000
1869 -1252.0000000000
1872 -1251.0000000000
1875 -1250.0000000000
1877 -1249.0000000000
1885 -1248.0000000000
1892 -1247.0000000000
1896 -1246.0000000000
1898 -1245.0000000000
1900 -1244.0000000000
1904 -1243.0000000000
1905 -1242.0000000000
1908 -1241.0000000000
1909 -1240.0000000000
1917 -1239.0000000000
1920 -1238.0000000000
1923 -1237.0000000000
1926 -1236.0000000000
1930 -1235.0000000000
1932 -1234.0000000000
1936 -1233.0000000000
1937 -1232.0000000000
1938 -1231.0000000000
1939 -1230.0000000000
1940 -1229.0000000000
1942 -1228.0000000000
1949 -1227.0000000000
1950 -1226.0000000000
1953 -1225.0000000000
1956 -1224.0000000000
1957 -1223.0000000000
1960 -1222.0000000000
1964 -1221.0000000000
1980 -1220.0000000000
1981 -1219.0000000000
1982 -1218.0000000000
1984 -1217.0000000000
1985 -1216.0000000000
1987 -1215.0000000000
1988 -1214.0000000000
1990 -1213.0000000000
1992 -1212.0000000000
1993 -1211.0000000000
1998 -1210.0000000000
2001 -1209.0000000000
2010 -1208.0000000000
2012 -1207.0000000000
2016 -1206.0000000000
2019 -1205.0000000000
2020 -1204.0000000000
2022 -1203.0000000000
2023 -1202.0000000000
2027 -1201.0000000000
2031 -1200.0000000000
2034 -1199.0000000000
2041 -1198.0000000000
2043 -1197.0000000000
2053 -1196.0000000000
2055 -1195.0000000000
2056 -1194.0000000000
2058 -1193.0000000000
2061 -1192.0000000000
2062 -1191.0000000000
2063 -1190.0000000000
2065 -1189.0000000000
2068 -1188.0000000000
2069 -1187.0000000000
2072 -1186.0000000000
2075 -1185.0000000000
2076 -1184.0000000000
2083 -1183.0000000000
2087 -1182.0000000000
2088 -1181.0000000000
2093 -1180.0000000000
2094 -1179.0000000000
2096 -1178.0000000000
2098 -1177.0000000000
2101 -1176.0000000000
2107 -1175.0000000000
2109 -1174.0000000000
2110 -1173.0000000000
2115 -1172.0000000000
2116 -1171.0000000000
2120 -1170.0000000000
2121 -1169.0000000000
2124 -1168.0000000000
2125 -1167.0000000000
2127 -1166.0000000000
2129 -1165.0000000000
2132 -1164.0000000000
2136 -1163.0000000000
2138 -1162.0000000000
2140 -1161.0000000000
2142 -1160.0000000000
2148 -1159.0000000000
2150 -1158.0000000000
2151 -1157.0000000000
2161 -1156.0000000000
2165 -1155.0000000000
2173 -1154.0000000000
2179 -1153.0000000000
2180 -1152.0000000000
2182 -1151.0000000000
2190 -1150.0000000000
2191 -1149.0000000000
2192 -1148.0000000000
2201 -1147.0000000000
2202 -1146.0000000000
2203 -1145.0000000000
2208 -1144.0000000000
2209 -1143.0000000000
2211 -1142.0000000000
2224 -1141.0000000000
2227 -1140.0000000000
2228 -1139.0000000000
2232 -1138.0000000000
2234 -1137.0000000000
2241 -1136.0000000000
2242 -1135.0000000000
2244 -1134.0000000000
2246 -1133.0000000000
2248 -1132.0000000000
2256 -1131.0000000000
2262 -1130.0000000000
2263 -1129.0000000000
2268 -1128.0000000000
2269 -1127.0000000000
2274 -1126.0000000000
2277 -1125.0000000000
2278 -1124.0000000000
2279 -1123.0000000000
2282 -1122.0000000000
2283 -1121.0000000000
2286 -1120.0000000000
2287 -1119.0000000000
2297 -1118.0000000000
2310 -1117.0000000000
2314 -1116.0000000000
2317 -1115.0000000000
2320 -1114.0000000000
2328 -1113.0000000000
2335 -1112.0000000000
2336 -1111.0000000000
2345 -1110.0000000000
2351 -1109.0000000000
2363 -1108.0000000000
2364 -1107.0000000000
2370 -1106.0000000000
2373 -1105.0000000000
2380 -1104.0000000000
2393 -1103.0000000000
2399 -1102.0000000000
2401 -1101.0000000000
2410 -1100.0000000000
2411 -1099.0000000000
2412 -1098.0000000000
2413 -1097.0000000000
2414 -1096.0000000000
2416 -1095.0000000000
2421 -1094.0000000000
2436 -1093.0000000000
2438 -1092.0000000000
2445 -1091.0000000000
2449 -1090.0000000000
2453 -1089.0000000000
2455 -1088.0000000000
2457 -1087.0000000000
2459 -1086.0000000000
2470 -1085.0000000000
2474 -1084.0000000000
2480 -1083.0000000000
2485 -1082.0000000000
2491 -1081.0000000000
2502 -1080.0000000000
2503 -1079.0000000000
2512 -1078.0000000000
2515 -1077.0000000000
2521 -1076.0000000000
2524 -1075.0000000000
2527 -1074.0000000000
2528 -1073.0000000000
2533 -1072.0000000000
2541 -1071.0000000000
2542 -1070.0000000000
2543 -1069.0000000000
2548 -1068.0000000000
2549 -1067.0000000000
2550 -1066.0000000000
2556 -1065.0000000000
2557 -1064.0000000000
2564 -1063.0000000000
2576 -1062.0000000000
2578 -1061.0000000000
2583 -1060.0000000000
2586 -1059.0000000000
2589 -1058.0000000000
2594 -1057.0000000000
2603 -1056.0000000000
2604 -1055.0000000000
2606 -1054.0000000000
2612 -1053.0000000000
2613 -1052.0000000000
2614 -1051.0000000000
2626 -1050.0000000000
2630 -1049.0000000000
2632 -1048.0000000000
2645 -1047.0000000000
2651 -1046.0000000000
2658 -1045.0000000000
2662 -1044.0000000000
2664 -1043.0000000000
2668 -1042.0000000000
2671 -1041.0000000000
2674 -1040.0000000000
2676 -1039.0000000000
2677 -1038.0000000000
2681 -1037.0000000000
2683 -1036.0000000000
2686 -1035.0000000000
2687 -1034.0000000000
2690 -1033.0000000000
2700 -1032.0000000000
2705 -1031.0000000000
2711 -1030.0000000000
2712 -1029.0000000000
2722 -1028.0000000000
2725 -1027.0000000000
2731 -1026.0000000000
2732 -1025.0000000000
2735 -1024.0000000000
2741 -1023.0000000000
2746 -1022.0000000000
2750 -1021.0000000000
2754 -1020.0000000000
2756 -1019.0000000000
2767 -1018.0000000000
2770 -1017.0000000000
2772 -1016.0000000000
2773 -1015.0000000000
2775 -1014.0000000000
2783 -1013.0000000000
2786 -1012.0000000000
2796 -1011.0000000000
2799 -1010.0000000000
2801 -1009.0000000000
2803 -1008.0000000000
2804 -1007.0000000000
2805 -1006.0000000000
2806 -1005.0000000000
2811 -1004.0000000000
2817 -1003.0000000000
2820 -1002.0000000000
2822 -1001.0000000000
2830 -1000.0000000000
2833 -999.0000000000
2837 -998.0000000000
2840 -997.0000000000
2850 -996.0000000000
2853 -995.0000000000
2857 -994.0000000000
2858 -993.0000000000
2859 -992.0000000000
2861 -991.0000000000
2867 -990.0000000000
2869 -989.0000000000
2870 -988.0000000000
2871 -987.0000000000
2875 -986.0000000000
2883 -985.0000000000
2900 -984.0000000000
2904 -983.0000000000
2907 -982.0000000000
2921 -981.0000000000
2925 -980.0000000000
2926 -979.0000000000
2927 -978.0000000000
2934 -977.0000000000
2936 -976.0000000000
2937 -975.0000000000
2938 -974.0000000000
2942 -973.0000000000
2943 -972.0000000000
2948 -971.0000000000
2949 -970.0000000000
2950 -969.0000000000
2957 -968.0000000000
2958 -967.0000000000
2960 -966.0000000000
2961 -965.0000000000
2963 -964.0000000000
2966 -963.0000000000
2968 -962.0000000000
2970 -961.0000000000
2975 -960.0000000000
2977 -959.0000000000
2982 -958.0000000000
2985 -957.0000000000
2986 -956.0000000000
2996 -955.0000000000
3005 -954.0000000000
3017 -953.0000000000
3023 -952.0000000000
3029 -951.0000000000
3030 -950.0000000000
3031 -949.0000000000
3039 -948.0000000000
3041 -947.0000000000
3047 -946.0000000000
3058 -945.0000000000
3060 -944.0000000000
3061 -943.0000000000
3068 -942.0000000000
3073 -941.0000000000
3075 -940.0000000000
3082 -939.0000000000
3084 -938.0000000000
3088 -937.0000000000
3090 -936.0000000000
3092 -935.0000000000
3098 -934.0000000000
3099 -933.0000000000
3102 -932.0000000000
3105 -931.0000000000
3117 -930.0000000000
3120 -929.0000000000
3131 -928.0000000000
3133 -927.0000000000
3139 -926.0000000000
3140 -925.0000000000
3149 -924.0000000000
3158 -923.0000000000
3164 -922.0000000000
3172 -921.0000000000
3186 -920.0000000000
3194 -919.0000000000
3195 -918.0000000000
3196 -917.0000000000
3197 -916.0000000000
3207 -915.0000000000
3211 -914.0000000000
3212 -913.0000000000
3217 -912.0000000000
3221 -911.0000000000
3225 -910.0000000000
3227 -909.0000000000
3228 -908.0000000000
3230 -907.0000000000
3231 -906.0000000000
3232 -905.0000000000
3241 -904.0000000000
3252 -903.0000000000
3254 -902.0000000000
3261 -901.0000000000
3266 -900.0000000000
3274 -899.0000000000
3276 -898.0000000000
3277 -897.0000000000
3292 -896.0000000000
3294 -895.0000000000
3298 -894.0000000000
3300 -893.0000000000
3301 -892.0000000000
3304 -891.0000000000
3310 -890.0000000000
3311 -889.0000000000
3313 -888.0000000000
3318 -887.0000000000
3334 -886.0000000000
3346 -885.0000000000
3347 -884.0000000000
3349 -883.0000000000
3358 -882.0000000000
3359 -881.0000000000
3363 -880.0000000000
3367 -879.0000000000
3368 -878.0000000000
3370 -877.0000000000
3373 -876.0000000000
3378 -875.0000000000
3379 -874.0000000000
3380 -873.0000000000
3382 -872.0000000000
3383 -871.0000000000
3391 -870.0000000000
3396 -869.0000000000
3397 -868.0000000000
3398 -867.0000000000
3412 -866.0000000000
3414 -865.0000000000
3422 -864.0000000000
3425 -863.0000000000
3438 -862.0000000000
3441 -861.0000000000
3444 -860.0000000000
3446 -859.0000000000
3447 -858.0000000000
3457 -857.0000000000
3461 -856.0000000000
3463 -855.0000000000
3465 -854.0000000000
3470 -853.0000000000
3473 -852.0000000000
3482 -851.0000000000
3485 -850.0000000000
3491 -849.0000000000
3502 -848.0000000000
3509 -847.0000000000
3526 -846.0000000000
3536 -845.0000000000
3540 -844.0000000000
3543 -843.0000000000
3544 -842.0000000000
3551 -841.0000000000
3557 -840.0000000000
3558 -839.0000000000
3565 -838.0000000000
3571 -837.0000000000
3589 -836.0000000000
3596 -835.0000000000
3600 -834.0000000000
3603 -833.0000000000
3606 -832.0000000000
3607 -831.0000000000
3609 -830.0000000000
3620 -829.0000000000
3621 -828.0000000000
3622 -827.0000000000
3625 -826.0000000000
3631 -825.0000000000
3635 -824.0000000000
3636 -823.0000000000
3657 -822.0000000000
3660 -821.0000000000
3669 -820.0000000000
3670 -819.0000000000
3673 -818.0000000000
3675 -817.0000000000
3682 -816.0000000000
3685 -815.0000000000
3691 -814.0000000000
3697 -813.0000000000
3702 -812.0000000000
3703 -811.0000000000
3705 -810.0000000000
3711 -809.0000000000
3713 -808.0000000000
3721 -807.0000000000
3732 -806.0000000000
3741 -805.0000000000
3755 -804.0000000000
3758 -803.0000000000
3765 -802.0000000000
3768 -801.0000000000
3775 -800.0000000000
3777 -799.0000000000
3781 -798.0000000000
3784 -797.0000000000
3790 -796.0000000000
3791 -795.0000000000
3794 -794.0000000000
3799 -793.0000000000
3830 -792.0000000000
3833 -791.0000000000
3836 -790.0000000000
3837 -789.0000000000
3843 -788.0000000000
3844 -787.0000000000
3851 -786.0000000000
3864 -785.0000000000
3872 -784.0000000000
3878 -783.0000000000
3879 -782.0000000000
3881 -781.0000000000
3887 -780.0000000000
3890 -779.0000000000
3891 -778.0000000000
3894 -777.0000000000
3898 -776.0000000000
3909 -775.0000000000
3911 -774.0000000000
3912 -773.0000000000
3919 -772.0000000000
3921 -771.0000000000
3923 -770.0000000000
3927 -769.0000000000
3929 -768.0000000000
3931 -767.0000000000
3934 -766.0000000000
3959 -765.0000000000
3965 -764.0000000000
3966 -763.0000000000
3967 -762.0000000000
3971 -761.0000000000
3972 -760.0000000000
3973 -759.0000000000
3977 -758.0000000000
3979 -757.0000000000
3988 -756.0000000000
3990 -755.0000000000
3991 -754.0000000000
3994 -753.0000000000
3998 -752.0000000000
4003 -751.0000000000
4005 -750.0000000000
4012 -749.0000000000
4019 -748.0000000000
4027 -747.0000000000
4031 -746.0000000000
4037 -745.0000000000
4045 -744.0000000000
4049 -743.0000000000
4059 -742.0000000000
4061 -741.0000000000
4068 -740.0000000000
4079 -739.0000000000
4080 -738.0000000000
4082 -737.0000000000
4091 -736.0000000000
4094 -735.0000000000
4099 -734.0000000000
4105 -733.0000000000
4114 -732.0000000000
4116 -731.0000000000
4119 -730.0000000000
4120 -729.0000000000
4121 -728.0000000000
4125 -727.0000000000
4126 -726.0000000000
4128 -725.0000000000
4149 -724.0000000000
4150 -723.0000000000
4152 -722.0000000000
4165 -721.0000000000
4171 -720.0000000000
4176 -719.0000000000
4185 -718.0000000000
4191 -717.0000000000
4193 -716.0000000000
4194 -715.0000000000
4210 -714.0000000000
4212 -713.0000000000
4213 -712.0000000000
4220 -711.0000000000
4224 -710.0000000000
4233 -709.0000000000
4234 -708.0000000000
4236 -707.0000000000
4240 -706.0000000000
4241 -705.0000000000
4243 -704.0000000000
4256 -703.0000000000
4259 -702.0000000000
4260 -701.0000000000
4262 -700.0000000000
4263 -699.0000000000
4272 -698.0000000000
4273 -697.0000000000
4288 -696.0000000000
4304 -695.0000000000
4312 -694.0000000000
4314 -693.0000000000
4315 -692.0000000000
4326 -691.0000000000
4331 -690.0000000000
4363 -689.0000000000
4377 -688.0000000000
4379 -687.0000000000
4381 -686.0000000000
4391 -685.0000000000
4395 -684.0000000000
4407 -683.0000000000
4419 -682.0000000000
4424 -681.0000000000
4446 -680.0000000000
4453 -679.0000000000
4454 -678.0000000000
4457 -677.0000000000
4465 -676.0000000000
4469 -675.0000000000
4472 -674.0000000000
4482 -673.0000000000
4485 -672.0000000000
4493 -671.0000000000
4495 -670.0000000000
4507 -669.0000000000
4513 -668.0000000000
4514 -667.0000000000
4518 -666.0000000000
4539 -665.0000000000
4542 -664.0000000000
4556 -663.0000000000
4559 -662.0000000000
4561 -661.0000000000
4563 -660.0000000000
4578 -659.0000000000
4580 -658.0000000000
4589 -657.0000000000
4590 -656.0000000000
4592 -655.0000000000
4603 -654.0000000000
4605 -653.0000000000
4610 -652.0000000000
4618 -651.0000000000
4622 -650.0000000000
4624 -649.0000000000
4633 -648.0000000000
4634 -647.0000000000
4644 -646.0000000000
4649 -645.0000000000
4651 -644.0000000000
4679 -643.0000000000
4681 -642.0000000000
4686 -641.0000000000
4695 -640.0000000000
4706 -639.0000000000
4714 -638.0000000000
4715 -637.0000000000
4722 -636.0000000000
4724 -635.0000000000
4728 -634.0000000000
4733 -633.0000000000
4737 -632.0000000000
4741 -631.0000000000
4749 -630.0000000000
4754 -629.0000000000
4757 -628.0000000000
4760 -627.0000000000
4769 -626.0000000000
4783 -625.0000000000
4789 -624.0000000000
4792 -623.0000000000
4795 -622.0000000000
4801 -621.0000000000
4805 -620.0000000000
4824 -619.0000000000
4837 -618.0000000000
4858 -617.0000000000
4883 -616.0000000000
4887 -615.0000000000
4892 -614.0000000000
4895 -613.0000000000
4903 -612.0000000000
4906 -611.0000000000
4912 -610.0000000000
4944 -609.0000000000
4951 -608.0000000000
4953 -607.0000000000
4954 -606.0000000000
4970 -605.0000000000
4986 -604.0000000000
4989 -603.0000000000
5018 -602.0000000000
5020 -601.0000000000
5024 -600.0000000000
5032 -599.0000000000
5033 -598.0000000000
5041 -597.0000000000
5057 -596.0000000000
5059 -595.0000000000
5069 -594.0000000000
5075 -593.0000000000
5079 -592.0000000000
5085 -591.0000000000
5086 -590.0000000000
5088 -589.0000000000
5091 -588.0000000000
5092 -587.0000000000
5096 -586.0000000000
5103 -585.0000000000
5108 -584.0000000000
5120 -583.0000000000
5122 -582.0000000000
5124 -581.0000000000
5132 -580.0000000000
5148 -579.0000000000
5149 -578.0000000000
5153 -577.0000000000
5156 -576.0000000000
5159 -575.0000000000
5165 -574.0000000000
5169 -573.0000000000
5173 -572.0000000000
5183 -571.0000000000
5184 -570.0000000000
5187 -569.0000000000
5205 -568.0000000000
5213 -567.0000000000
5242 -566.0000000000
5246 -565.0000000000
5247 -564.0000000000
5251 -563.0000000000
5254 -562.0000000000
5297 -561.0000000000
5321 -560.0000000000
5328 -559.0000000000
5345 -558.0000000000
5357 -557.0000000000
5367 -556.0000000000
5385 -555.0000000000
5391 -554.0000000000
5397 -553.0000000000
5398 -552.0000000000
5404 -551.0000000000
5409 -550.0000000000
5416 -549.0000000000
5424 -548.0000000000
5426 -547.0000000000
5430 -546.0000000000
5431 -545.0000000000
5435 -544.0000000000
5440 -543.0000000000
5444 -542.0000000000
5446 -541.0000000000
5450 -540.0000000000
5454 -539.0000000000
5470 -538.0000000000
5471 -537.0000000000
5473 -536.0000000000
5476 -535.0000000000
5479 -534.0000000000
5482 -533.0000000000
5496 -532.0000000000
5502 -531.0000000000
5512 -530.0000000000
5519 -529.0000000000
5534 -528.0000000000
5563 -527.0000000000
5566 -526.0000000000
5578 -525.0000000000
5586 -524.0000000000
5588 -523.0000000000
5597 -522.0000000000
5600 -521.0000000000
5603 -520.0000000000
5606 -519.0000000000
5610 -518.0000000000
5615 -517.0000000000
5619 -516.0000000000
5620 -515.0000000000
5624 -514.0000000000
5629 -513.0000000000
5641 -512.0000000000
5644 -511.0000000000
5659 -510.0000000000
5665 -509.0000000000
5670 -508.0000000000
5673 -507.0000000000
5680 -506.0000000000
5684 -505.0000000000
5694 -504.0000000000
5701 -503.0000000000
5711 -502.0000000000
5727 -501.0000000000
5732 -500.0000000000
5735 -499.0000000000
5746 -498.0000000000
5759 -497.0000000000
5762 -496.0000000000
5770 -495.0000000000
5771 -494.0000000000
5775 -493.0000000000
5794 -492.0000000000
5803 -491.0000000000
5804 -490.0000000000
5815 -489.0000000000
5819 -488.0000000000
5821 -487.0000000000
5825 -486.0000000000
5828 -485.0000000000
5832 -484.0000000000
5834 -483.0000000000
5846 -482.0000000000
5856 -481.0000000000
5871 -480.0000000000
5890 -479.0000000000
5896 -478.0000000000
5905 -477.0000000000
5907 -476.0000000000
5910 -475.0000000000
5918 -474.0000000000
5923 -473.0000000000
5946 -472.0000000000
5947 -471.0000000000
5949 -470.0000000000
5956 -469.0000000000
5960 -468.0000000000
5967 -467.0000000000
5973 -466.0000000000
5976 -465.0000000000
5977 -464.0000000000
5985 -463.0000000000
6040 -462.0000000000
6047 -461.0000000000
6056 -460.0000000000
6057 -459.0000000000
6058 -458.0000000000
6066 -457.0000000000
6067 -456.0000000000
6078 -455.0000000000
6089 -454.0000000000
6097 -453.0000000000
6098 -452.0000000000
6127 -451.0000000000
6143 -450.0000000000
6180 -449.0000000000
6193 -448.0000000000
6194 -447.0000000000
6206 -446.0000000000
6226 -445.0000000000
6229 -444.0000000000
6237 -443.0000000000
6240 -442.0000000000
6241 -441.0000000000
6252 -440.0000000000
6254 -439.0000000000
6270 -438.0000000000
6276 -437.0000000000
6277 -436.0000000000
6283 -435.0000000000
6284 -434.0000000000
6289 -433.0000000000
6308 -432.0000000000
6327 -431.0000000000
6377 -430.0000000000
6401 -429.0000000000
6417 -428.0000000000
6430 -427.0000000000
6434 -426.0000000000
6465 -425.0000000000
6467 -424.0000000000
6469 -423.0000000000
6484 -422.0000000000
6489 -421.0000000000
6506 -420.0000000000
6507 -419.0000000000
6509 -418.0000000000
6522 -417.0000000000
6524 -416.0000000000
6527 -415.0000000000
6530 -414.0000000000
6534 -413.0000000000
6555 -412.0000000000
6556 -411.0000000000
6567 -410.0000000000
6573 -409.0000000000
6586 -408.0000000000
6640 -407.0000000000
6656 -406.0000000000
6675 -405.0000000000
6686 -404.0000000000
6693 -403.0000000000
6704 -402.0000000000
6707 -401.0000000000
6721 -400.0000000000
6725 -399.0000000000
6726 -398.0000000000
6732 -397.0000000000
6760 -396.0000000000
6761 -395.0000000000
6769 -394.0000000000
6772 -393.0000000000
6774 -392.0000000000
6775 -391.0000000000
6794 -390.0000000000
6815 -389.0000000000
6827 -388.0000000000
6864 -387.0000000000
6880 -386.0000000000
6885 -385.0000000000
6890 -384.0000000000
6893 -383.0000000000
6905 -382.0000000000
6928 -381.0000000000
6936 -380.0000000000
6946 -379.0000000000
6958 -378.0000000000
6975 -377.0000000000
6996 -376.0000000000
7007 -375.0000000000
7009 -374.0000000000
7032 -373.0000000000
7034 -372.0000000000
7039 -371.0000000000
7050 -370.0000000000
7057 -369.0000000000
7063 -368.0000000000
7084 -367.0000000000
7085 -366.0000000000
7103 -365.0000000000
7123 -364.0000000000
7132 -363.0000000000
7139 -362.0000000000
7147 -361.0000000000
7149 -360.0000000000
7152 -359.0000000000
7161 -358.0000000000
7162 -357.0000000000
7177 -356.0000000000
7186 -355.0000000000
7222 -354.0000000000
7241 -353.0000000000
7250 -352.0000000000
7251 -351.0000000000
7255 -350.0000000000
7258 -349.0000000000
7260 -348.0000000000
7280 -347.0000000000
7290 -346.0000000000
7302 -345.0000000000
7306 -344.0000000000
7323 -343.0000000000
7334 -342.0000000000
7343 -341.0000000000
7356 -340.0000000000
7366 -339.0000000000
7381 -338.0000000000
7404 -337.0000000000
7429 -336.0000000000
7430 -335.0000000000
7431 -334.0000000000
7436 -333.0000000000
7465 -332.0000000000
7469 -331.0000000000
7474 -330.0000000000
7475 -329.0000000000
7478 -328.0000000000
7490 -327.0000000000
7502 -326.0000000000
7523 -325.0000000000
7532 -324.0000000000
7542 -323.0000000000
7546 -322.0000000000
7595 -321.0000000000
7612 -320.0000000000
7615 -319.0000000000
7624 -318.0000000000
7645 -317.0000000000
7654 -316.0000000000
7657 -315.0000000000
7665 -314.0000000000
7700 -313.0000000000
7712 -312.0000000000
7722 -311.0000000000
7733 -310.0000000000
7740 -309.0000000000
7743 -308.0000000000
7746 -307.0000000000
7752 -306.0000000000
7755 -305.0000000000
7764 -304.0000000000
7790 -303.0000000000
7805 -302.0000000000
7841 -301.0000000000
7853 -300.0000000000
7867 -299.0000000000
7871 -298.0000000000
7907 -297.0000000000
7912 -296.0000000000
7916 -295.0000000000
7919 -294.0000000000
7950 -293.0000000000
7955 -292.0000000000
7956 -291.0000000000
7962 -290.0000000000
7967 -289.0000000000
7985 -288.0000000000
7993 -287.0000000000
8000 -286.0000000000
8006 -285.0000000000
8008 -284.0000000000
8012 -283.0000000000
8013 -282.0000000000
8029 -281.0000000000
8030 -280.0000000000
8060 -279.0000000000
8071 -278.0000000000
8078 -277.0000000000
8100 -276.0000000000
8104 -275.0000000000
8121 -274.0000000000
8122 -273.0000000000
8131 -272.0000000000
8143 -271.0000000000
8146 -270.0000000000
8156 -269.0000000000
8160 -268.0000000000
8164 -267.0000000000
8168 -266.0000000000
8194 -265.0000000000
8198 -264.0000000000
8232 -263.0000000000
8244 -262.0000000000
8252 -261.0000000000
8256 -260.0000000000
8309 -259.0000000000
8351 -258.0000000000
8355 -257.0000000000
8359 -256.0000000000
8363 -255.0000000000
8380 -254.0000000000
8402 -253.0000000000
8404 -252.0000000000
8416 -251.0000000000
8417 -250.0000000000
8429 -249.0000000000
8445 -248.0000000000
8454 -247.0000000000
8456 -246.0000000000
8481 -245.0000000000
8489 -244.0000000000
8507 -243.0000000000
8521 -242.0000000000
8529 -241.0000000000
8540 -240.0000000000
8549 -239.0000000000
8565 -238.0000000000
8568 -237.0000000000
8581 -236.0000000000
8595 -235.0000000000
8604 -234.0000000000
8606 -233.0000000000
8622 -232.0000000000
8623 -231.0000000000
8629 -230.0000000000
8645 -229.0000000000
8699 -228.0000000000
8705 -227.0000000000
8717 -226.0000000000
8721 -225.0000000000
8725 -224.0000000000
8726 -223.0000000000
8745 -222.0000000000
8750 -221.0000000000
8768 -220.0000000000
8773 -219.0000000000
8778 -218.0000000000
8793 -217.0000000000
8836 -216.0000000000
8848 -215.0000000000
8868 -214.0000000000
8883 -213.0000000000
8900 -212.0000000000
8949 -211.0000000000
8971 -210.0000000000
8977 -209.0000000000
9014 -208.0000000000
9025 -207.0000000000
9031 -206.0000000000
9167 -205.0000000000
9191 -204.0000000000
9198 -203.0000000000
9266 -202.0000000000
9267 -201.0000000000
9293 -200.0000000000
9329 -199.0000000000
9361 -198.0000000000
9398 -197.0000000000
9413 -196.0000000000
9419 -195.0000000000
9429 -194.0000000000
9438 -193.0000000000
9469 -192.0000000000
9475 -191.0000000000
9497 -190.0000000000
9559 -189.0000000000
9588 -188.0000000000
9593 -187.0000000000
9612 -186.0000000000
9616 -185.0000000000
9631 -184.0000000000
9634 -183.0000000000
9717 -182.0000000000
9721 -181.0000000000
9736 -180.0000000000
9754 -179.0000000000
9755 -178.0000000000
9759 -177.0000000000
9793 -176.0000000000
9901 -175.0000000000
9946 -174.0000000000
9967 -173.0000000000
10001 -172.0000000000
10009 -171.0000000000
10021 -170.0000000000
10030 -169.0000000000
10039 -168.0000000000
10041 -167.0000000000
10049 -166.0000000000
10064 -165.0000000000
10075 -164.0000000000
10086 -163.0000000000
10130 -162.0000000000
10135 -161.0000000000
10139 -160.0000000000
10151 -159.0000000000
10176 -158.0000000000
10184 -157.0000000000
10194 -156.0000000000
10198 -155.0000000000
10211 -154.0000000000
10292 -153.0000000000
10294 -152.0000000000
10431 -151.0000000000
10447 -150.0000000000
10494 -149.0000000000
10512 -148.0000000000
10516 -147.0000000000
10522 -146.0000000000
10527 -145.0000000000
10541 -144.0000000000
10593 -143.0000000000
10597 -142.0000000000
10623 -141.0000000000
10656 -140.0000000000
10726 -139.0000000000
10740 -138.0000000000
10755 -137.0000000000
10756 -136.0000000000
10764 -135.0000000000
10827 -134.0000000000
10858 -133.0000000000
10867 -132.0000000000
11012 -131.0000000000
11041 -130.0000000000
11048 -129.0000000000
11057 -128.0000000000
11131 -127.0000000000
11141 -126.0000000000
11189 -125.0000000000
11201 -124.0000000000
11228 -123.0000000000
11239 -122.0000000000
11258 -121.0000000000
11371 -120.0000000000
11392 -119.0000000000
11416 -118.0000000000
11435 -117.0000000000
11453 -116.0000000000
11462 -115.0000000000
11503 -114.0000000000
11505 -113.0000000000
11506 -112.0000000000
11516 -111.0000000000
11531 -110.0000000000
11574 -109.0000000000
11626 -108.0000000000
11641 -107.0000000000
11667 -106.0000000000
11669 -105.0000000000
11699 -104.0000000000
11741 -103.0000000000
11763 -102.0000000000
11799 -101.0000000000
11832 -100.0000000000
11855 -99.0000000000
11873 -98.0000000000
11874 -97.0000000000
11936 -96.0000000000
11940 -95.0000000000
12001 -94.0000000000
12072 -93.0000000000
12080 -92.0000000000
12087 -91.0000000000
12153 -90.0000000000
12191 -89.0000000000
12193 -88.0000000000
12272 -87.0000000000
12288 -86.0000000000
12296 -85.0000000000
12309 -84.0000000000
12347 -83.0000000000
12377 -82.0000000000
12417 -81.0000000000
12423 -80.0000000000
12458 -79.0000000000
12563 -78.0000000000
12571 -77.0000000000
12573 -76.0000000000
12578 -75.0000000000
12621 -74.0000000000
12656 -73.0000000000
12678 -72.0000000000
12683 -71.0000000000
12695 -70.0000000000
12699 -69.0000000000
12725 -68.0000000000
12789 -67.0000000000
12871 -66.0000000000
12881 -65.0000000000
12909 -64.0000000000
13031 -63.0000000000
13093 -62.0000000000
13106 -61.0000000000
13107 -60.0000000000
13112 -59.0000000000
13131 -58.0000000000
13132 -57.0000000000
13177 -56.0000000000
13225 -55.0000000000
13312 -54.0000000000
13328 -53.0000000000
13333 -52.0000000000
13411 -51.0000000000
13415 -50.0000000000
13474 -49.0000000000
13488 -48.0000000000
13554 -47.0000000000
13614 -46.0000000000
13722 -45.0000000000
13815 -44.0000000000
13867 -43.0000000000
13878 -42.0000000000
13955 -41.0000000000
14001 -40.0000000000
14084 -39.0000000000
14111 -38.0000000000
14168 -37.0000000000
14220 -36.0000000000
14344 -35.0000000000
14378 -34.0000000000
14635 -33.0000000000
14653 -32.0000000000
14710 -31.0000000000
14719 -30.0000000000
14751 -29.0000000000
14861 -28.0000000000
15069 -27.0000000000
15152 -26.0000000000
15227 -25.0000000000
15377 -24.0000000000
15499 -23.0000000000
15536 -22.0000000000
15614 -21.0000000000
15684 -20.0000000000
15753 -19.0000000000
16035 -18.0000000000
16112 -17.0000000000
16525 -16.0000000000
16676 -15.0000000000
16685 -14.0000000000
16693 -13.0000000000
16759 -12.0000000000
17147 -11.0000000000
17339 -10.0000000000
17550 -9.0000000000
17641 -8.0000000000
17667 -7.0000000000
17765 -6.0000000000
17874 -5.0000000000
17876 -4.0000000000
17958 -3.0000000000
18051 -2.0000000000
18392 -1.0000000000
18752 107.6100000000
21377 112.2600000000
21379 120.1000000000
100001 -1.0000000000
