evaluations raw_y
1 -284917.1000000000
4 -283149.1000000000
5 -281756.1000000000
7 -280933.1000000000
8 -279755.1000000000
14 -279529.1000000000
18 -278055.1000000000
19 -277665.1000000000
20 -277664.1000000000
25 -277515.1000000000
26 -277403.1000000000
33 -275509.1000000000
34 -272632.1000000000
37 -270767.1000000000
38 -270623.1000000000
39 -270470.1000000000
44 -269741.1000000000
47 -269641.1000000000
48 -268478.1000000000
49 -267755.1000000000
54 -267388.1000000000
56 -266913.1000000000
59 -265467.1000000000
62 -264733.1000000000
66 -261441.1000000000
67 -260707.1000000000
70 -260519.1000000000
74 -258675.1000000000
75 -258189.1000000000
76 -256289.1000000000
81 -255615.1000000000
89 -254022.1000000000
91 -253389.1000000000
96 -253022.1000000000
97 -252849.1000000000
100 -252493.1000000000
102 -250925.1000000000
106 -250564.1000000000
111 -249854.1000000000
114 -249266.1000000000
116 -249112.1000000000
118 -248124.1000000000
129 -247787.1000000000
137 -247197.1000000000
139 -247074.1000000000
140 -245456.1000000000
143 -244702.1000000000
144 -244397.1000000000
150 -244105.1000000000
151 -242829.1000000000
155 -239752.1000000000
159 -239552.1000000000
161 -237069.1000000000
162 -237067.1000000000
167 -237066.1000000000
172 -236380.1000000000
173 -231264.1000000000
174 -231233.1000000000
178 -229120.1000000000
180 -228120.1000000000
181 -225599.1000000000
188 -224666.1000000000
189 -224426.1000000000
208 -223938.1000000000
211 -222966.1000000000
214 -222191.1000000000
215 -220043.1000000000
220 -219886.1000000000
230 -216813.1000000000
248 -215436.1000000000
251 -213934.1000000000
261 -213274.1000000000
265 -212400.1000000000
268 -209084.1000000000
269 -207532.1000000000
277 -207506.1000000000
287 -207207.1000000000
288 -205845.1000000000
293 -202841.1000000000
305 -202637.1000000000
307 -202010.1000000000
320 -199143.1000000000
327 -198657.1000000000
337 -196739.1000000000
338 -196049.1000000000
339 -195487.1000000000
366 -194664.1000000000
374 -194354.1000000000
377 -194106.1000000000
382 -193761.1000000000
396 -190358.1000000000
412 -190279.1000000000
414 -189942.1000000000
423 -189174.1000000000
432 -188831.1000000000
437 -188327.1000000000
447 -187733.1000000000
453 -186249.1000000000
460 -182193.1000000000
465 -181459.1000000000
467 -180630.1000000000
470 -179277.1000000000
471 -177316.1000000000
472 -174426.1000000000
484 -174101.1000000000
485 -172633.1000000000
486 -170558.1000000000
487 -170458.1000000000
519 -167925.1000000000
532 -167814.1000000000
549 -167592.1000000000
550 -167112.1000000000
573 -166372.1000000000
575 -164904.1000000000
583 -164458.1000000000
596 -164247.1000000000
614 -163430.1000000000
615 -163329.1000000000
619 -163080.1000000000
622 -162799.1000000000
661 -161291.1000000000
662 -160111.1000000000
672 26289.6062008346
683 26564.5824907368
746 26600.4685134241
848 27004.7318673425
868 27085.1367581752
869 27453.9265490690
1172 27554.0171497777
1188 27655.5492452782
1253 27716.7969738618
1256 27856.9763653815
1260 27997.8486048126
1349 28015.7851240540
1592 28146.6726718440
1620 28274.5476002055
1686 28301.5734204138
1707 28502.0585719098
1786 28524.2124415693
2005 28664.2500434338
2429 29014.1600552995
2432 29042.9130408076
2448 29210.3618296093
2510 29216.4546976108
2644 29376.7121130539
2780 29409.3788036405
2826 29609.4753175572
3071 29708.3529358331
3107 29886.8799896042
3390 29943.2937331255
3411 29954.1865493438
3415 30098.7921640670
3492 30127.2727077067
4494 30176.2830498838
4588 30335.1266566954
5164 30600.6848243001
5596 30751.1663007295
5600 31039.0573565698
6056 31092.8730129464
6930 31163.8325223444
6958 31317.7021352738
7184 31322.9531435419
7927 31387.2540922978
7932 31436.0485798635
8188 31606.8714770474
10000 -161378.1000000000
evaluations raw_y
1 -266932.1000000000
5 -266488.1000000000
8 -265548.1000000000
9 -264370.1000000000
13 -263907.1000000000
18 -262098.1000000000
21 -261727.1000000000
22 -260069.1000000000
32 -260068.1000000000
33 -258784.1000000000
34 -257558.1000000000
35 -256292.1000000000
36 -255946.1000000000
37 -254306.1000000000
42 -250541.1000000000
51 -249797.1000000000
57 -249483.1000000000
64 -248863.1000000000
68 -248641.1000000000
70 -248639.1000000000
72 -247713.1000000000
79 -245451.1000000000
80 -244622.1000000000
81 -243176.1000000000
83 -243048.1000000000
85 -241758.1000000000
88 -240936.1000000000
96 -239503.1000000000
103 -238680.1000000000
104 -235314.1000000000
106 -233954.1000000000
110 -233743.1000000000
113 -232563.1000000000
115 -232001.1000000000
117 -230880.1000000000
127 -228069.1000000000
129 -227299.1000000000
132 -227180.1000000000
137 -226258.1000000000
139 -225645.1000000000
140 -224671.1000000000
142 -224389.1000000000
144 -223733.1000000000
153 -223633.1000000000
155 -223586.1000000000
158 -223114.1000000000
161 -221742.1000000000
171 -220315.1000000000
173 -218575.1000000000
183 -218373.1000000000
187 -218104.1000000000
188 -216210.1000000000
191 -215751.1000000000
199 -215084.1000000000
202 -215005.1000000000
206 -214999.1000000000
215 -214643.1000000000
218 -214015.1000000000
223 -213239.1000000000
224 -212906.1000000000
225 -211016.1000000000
227 -210772.1000000000
236 -210424.1000000000
249 -210087.1000000000
250 -210006.1000000000
255 -209417.1000000000
268 -208473.1000000000
276 -207599.1000000000
292 -203593.1000000000
293 -202643.1000000000
295 -202504.1000000000
296 -202017.1000000000
302 -201531.1000000000
311 -201108.1000000000
315 -200212.1000000000
316 -199623.1000000000
317 -199500.1000000000
336 -198045.1000000000
337 -195529.1000000000
350 -194941.1000000000
354 -194097.1000000000
356 -193653.1000000000
357 -193427.1000000000
367 -192799.1000000000
376 -192149.1000000000
380 -191277.1000000000
382 -191165.1000000000
392 -189940.1000000000
435 -185937.1000000000
443 -184647.1000000000
444 -183710.1000000000
446 -183699.1000000000
454 -183598.1000000000
457 -183188.1000000000
476 -182818.1000000000
478 -181995.1000000000
505 -181241.1000000000
508 -181124.1000000000
513 -180488.1000000000
514 -180388.1000000000
516 -179414.1000000000
563 -179200.1000000000
568 -178477.1000000000
570 -175970.1000000000
576 -174104.1000000000
583 -170788.1000000000
586 -169925.1000000000
591 -169150.1000000000
604 -168427.1000000000
614 -168035.1000000000
615 -165420.1000000000
625 -165232.1000000000
631 -164862.1000000000
644 -164087.1000000000
649 -163497.1000000000
663 -163183.1000000000
703 -161291.1000000000
725 -160601.1000000000
728 -160130.1000000000
743 24885.6894537508
760 24985.4577163570
787 25093.6998953971
803 25293.4877143139
1028 25493.2712786543
1223 25801.4187315438
1225 26107.2006843058
1237 26507.6285383030
1250 26626.6673307537
1281 26748.6576345092
1300 26850.5436181195
1306 26954.7373199562
1342 27063.7312777659
1380 27357.8261597386
1415 27423.5274947091
1416 27758.0593854753
1435 27878.6520291377
1806 27980.3064842106
2001 28125.8782901983
2294 28415.0386372917
2372 28526.9437224927
2488 28542.1039123688
2506 28779.1439749714
2520 28952.1247500484
2623 29052.1775943181
3327 29115.5217105603
3358 29219.5855675246
3850 29373.9593801893
4431 29414.1796356633
4871 29417.6004101726
5015 29576.6559381149
5416 29676.9530174114
5438 29789.7355943017
6096 29872.6560404214
6114 29906.0706813506
6218 30041.8663313362
6309 30174.0938212913
9121 30186.0672597516
10000 -160329.1000000000
evaluations raw_y
1 -263513.1000000000
4 -261669.1000000000
9 -261530.1000000000
20 -261330.1000000000
22 -259330.1000000000
23 -257714.1000000000
26 -255907.1000000000
31 -255097.1000000000
35 -254125.1000000000
39 -253209.1000000000
40 -250278.1000000000
46 -249798.1000000000
47 -249641.1000000000
48 -248308.1000000000
58 -247619.1000000000
59 -245961.1000000000
66 -245838.1000000000
67 -245697.1000000000
69 -245109.1000000000
73 -244654.1000000000
93 -241603.1000000000
94 -241109.1000000000
95 -238353.1000000000
102 -235573.1000000000
104 -234157.1000000000
107 -230312.1000000000
109 -228940.1000000000
110 -228189.1000000000
111 -226235.1000000000
113 -225747.1000000000
120 -225466.1000000000
124 -224246.1000000000
129 -222692.1000000000
138 -221938.1000000000
151 -219486.1000000000
166 -219392.1000000000
186 -218782.1000000000
194 -217230.1000000000
207 -217196.1000000000
209 -216604.1000000000
213 -214588.1000000000
216 -213714.1000000000
219 -213353.1000000000
225 -212865.1000000000
230 -212247.1000000000
235 -211524.1000000000
246 -210764.1000000000
248 -210619.1000000000
267 -209844.1000000000
270 -209788.1000000000
274 -209398.1000000000
280 -208575.1000000000
285 -207597.1000000000
286 -207205.1000000000
290 -206763.1000000000
291 -204180.1000000000
294 -202534.1000000000
298 -202480.1000000000
309 -200978.1000000000
312 -197686.1000000000
315 -197678.1000000000
317 -197373.1000000000
318 -197027.1000000000
324 -196702.1000000000
328 -196227.1000000000
330 -194893.1000000000
331 -194151.1000000000
335 -193781.1000000000
348 -192795.1000000000
349 -189909.1000000000
352 -189013.1000000000
371 -188642.1000000000
375 -187891.1000000000
386 -187589.1000000000
391 -187126.1000000000
392 -186167.1000000000
409 -185390.1000000000
443 -184968.1000000000
450 -184907.1000000000
456 -180867.1000000000
461 -178981.1000000000
477 -178034.1000000000
478 -177353.1000000000
480 -177119.1000000000
504 -176980.1000000000
528 -175283.1000000000
551 -173815.1000000000
556 -173505.1000000000
566 -172621.1000000000
570 -172155.1000000000
574 -171747.1000000000
580 -171716.1000000000
581 -170346.1000000000
582 -170342.1000000000
606 -169652.1000000000
628 -168709.1000000000
632 -168408.1000000000
640 -167667.1000000000
652 -167040.1000000000
653 -166883.1000000000
681 -165467.1000000000
682 -164699.1000000000
707 -163255.1000000000
720 -162950.1000000000
742 -162028.1000000000
745 -161252.1000000000
777 -160765.1000000000
779 -160610.1000000000
812 -160122.1000000000
823 26571.3161811230
870 26674.2101169279
1013 26774.5170614879
1371 26815.6357382081
1385 26977.2262215216
1460 27378.5157665589
2105 27481.4145722041
2237 27713.5864413824
2276 28004.9821899666
2430 28228.0786696359
3420 28423.8854812775
3484 28578.9534146513
4477 28692.6640765450
4788 28896.6555975661
5204 28914.7721982132
5347 28945.6459725051
5461 29026.7988511097
5571 29163.9167258485
6477 29203.7004005037
6616 29404.5855627584
6700 29541.0878723286
6827 29556.8028816985
6832 29722.0268576056
6850 29828.8270384892
6872 29848.9894365751
6889 29866.4219839573
6920 30176.3282024212
6926 30300.2740967316
7090 30303.8827263518
7145 30420.5117421380
7191 30425.9811935092
8024 30442.1996266333
8214 30589.1446931976
8319 30613.8757518850
8343 30842.8331844649
8355 30980.3156714749
8426 31222.6310658689
8614 31250.0593675107
8698 31281.1293706153
10000 -163783.1000000000
evaluations raw_y
1 -283551.1000000000
3 -283086.1000000000
4 -281896.1000000000
5 -280651.1000000000
6 -278275.1000000000
7 -277357.1000000000
10 -276759.1000000000
11 -275291.1000000000
13 -274231.1000000000
15 -273946.1000000000
19 -273720.1000000000
22 -272887.1000000000
23 -272067.1000000000
25 -271333.1000000000
27 -267581.1000000000
34 -265597.1000000000
38 -264151.1000000000
40 -260947.1000000000
46 -259029.1000000000
47 -257561.1000000000
53 -256827.1000000000
58 -254941.1000000000
62 -254935.1000000000
74 -253757.1000000000
75 -252883.1000000000
80 -250578.1000000000
83 -249297.1000000000
91 -247920.1000000000
93 -246368.1000000000
98 -242620.1000000000
103 -242616.1000000000
104 -242338.1000000000
107 -241852.1000000000
108 -241740.1000000000
112 -241260.1000000000
120 -240317.1000000000
125 -239627.1000000000
126 -237458.1000000000
127 -235978.1000000000
128 -234510.1000000000
133 -233980.1000000000
134 -233869.1000000000
135 -231709.1000000000
138 -231552.1000000000
145 -230885.1000000000
151 -230518.1000000000
166 -229010.1000000000
173 -228732.1000000000
178 -227518.1000000000
179 -226657.1000000000
180 -225813.1000000000
181 -222842.1000000000
183 -222280.1000000000
184 -221924.1000000000
197 -221149.1000000000
206 -220945.1000000000
210 -220643.1000000000
221 -219003.1000000000
226 -217587.1000000000
229 -217387.1000000000
247 -216799.1000000000
261 -216076.1000000000
267 -214033.1000000000
268 -213625.1000000000
269 -213037.1000000000
270 -212862.1000000000
272 -212387.1000000000
276 -211491.1000000000
280 -211269.1000000000
296 -209823.1000000000
297 -209419.1000000000
304 -209029.1000000000
305 -208288.1000000000
306 -207993.1000000000
312 -207075.1000000000
315 -206299.1000000000
321 -205587.1000000000
327 -205025.1000000000
334 -204875.1000000000
337 -204338.1000000000
339 -202576.1000000000
341 -202113.1000000000
344 -200933.1000000000
347 -200243.1000000000
362 -198363.1000000000
363 -197832.1000000000
367 -196947.1000000000
378 -196073.1000000000
389 -194427.1000000000
392 -192583.1000000000
401 -188445.1000000000
423 -188243.1000000000
435 -186741.1000000000
464 -186289.1000000000
468 -185466.1000000000
474 -184630.1000000000
479 -184349.1000000000
493 -183137.1000000000
494 -182528.1000000000
501 -180688.1000000000
506 -179716.1000000000
533 -178248.1000000000
535 -177274.1000000000
539 -176737.1000000000
583 -175504.1000000000
585 -175016.1000000000
593 -173842.1000000000
613 -173687.1000000000
627 -173287.1000000000
631 -171288.1000000000
654 -171187.1000000000
672 -171183.1000000000
698 -171136.1000000000
699 -170950.1000000000
708 -170261.1000000000
719 -169223.1000000000
743 -168729.1000000000
774 -168116.1000000000
789 -167116.1000000000
826 -167079.1000000000
830 -166938.1000000000
855 -165216.1000000000
872 -164588.1000000000
882 -162136.1000000000
897 -162135.1000000000
900 -160034.1000000000
901 24543.9535355361
950 24645.3752791049
1026 24745.1555955916
1107 24813.0925224027
1108 24830.9141281116
1109 24961.5589942378
1131 25090.5212289525
1146 25278.5570972459
1266 25379.9614078166
1403 25485.6626566604
1434 25884.9354122454
1497 25921.5703102848
1508 26097.1577191831
1531 26224.8265417025
1542 26245.0038723204
1579 26690.2436415641
1777 26791.6584367900
1799 26890.1953703307
1819 26999.8987564690
1843 27103.9950877495
1872 27215.8713309490
1939 27691.9509022043
1942 27839.7036042852
1998 27879.3403789311
2003 28098.7021793328
2054 28218.2012947793
2242 28330.2621739806
2245 28578.7347451633
2340 28865.4560927642
2400 28971.5673841866
2852 28978.5683526740
2862 29330.4735066496
2866 29627.2423923310
2996 29629.8450119877
3045 29754.9705173959
3586 29904.5914943231
3688 30025.8476454906
3933 30133.7963355806
4852 30168.2365102312
5009 30301.2820128632
6084 30530.8408978242
6143 30813.5296675724
6941 30854.5825536033
6998 31099.3793486281
7464 31340.1115672261
7938 31399.5902709594
10000 -162471.1000000000
evaluations raw_y
1 -278277.1000000000
4 -277797.1000000000
14 -276146.1000000000
17 -276099.1000000000
20 -273207.1000000000
22 -268062.1000000000
23 -266924.1000000000
25 -265736.1000000000
27 -264673.1000000000
28 -263383.1000000000
29 -262641.1000000000
34 -260080.1000000000
39 -259545.1000000000
48 -257679.1000000000
53 -257557.1000000000
60 -256741.1000000000
62 -256408.1000000000
68 -254210.1000000000
76 -251106.1000000000
80 -250351.1000000000
86 -249899.1000000000
88 -249613.1000000000
89 -248061.1000000000
95 -247715.1000000000
97 -246078.1000000000
100 -245490.1000000000
104 -242028.1000000000
118 -241294.1000000000
119 -241263.1000000000
121 -239929.1000000000
123 -238384.1000000000
125 -235068.1000000000
127 -233224.1000000000
128 -231861.1000000000
142 -231323.1000000000
145 -229604.1000000000
147 -228136.1000000000
152 -227936.1000000000
155 -227575.1000000000
156 -226055.1000000000
157 -225853.1000000000
158 -224061.1000000000
161 -223905.1000000000
163 -222917.1000000000
164 -222304.1000000000
167 -221742.1000000000
176 -221248.1000000000
177 -221239.1000000000
178 -221225.1000000000
179 -220762.1000000000
181 -219787.1000000000
182 -218994.1000000000
188 -217840.1000000000
189 -216586.1000000000
192 -216176.1000000000
194 -215448.1000000000
195 -214882.1000000000
203 -213680.1000000000
220 -213193.1000000000
224 -211167.1000000000
226 -210852.1000000000
231 -210612.1000000000
236 -208823.1000000000
237 -208753.1000000000
239 -207935.1000000000
242 -206931.1000000000
246 -205886.1000000000
247 -204596.1000000000
249 -204374.1000000000
252 -203940.1000000000
262 -202640.1000000000
263 -201516.1000000000
265 -201030.1000000000
275 -200797.1000000000
277 -199838.1000000000
283 -199557.1000000000
285 -198585.1000000000
287 -198554.1000000000
308 -195550.1000000000
320 -195442.1000000000
322 -194753.1000000000
331 -194448.1000000000
332 -193952.1000000000
336 -193592.1000000000
343 -189844.1000000000
349 -188844.1000000000
364 -187784.1000000000
380 -184340.1000000000
382 -184138.1000000000
385 -183062.1000000000
386 -182983.1000000000
397 -181567.1000000000
400 -181476.1000000000
403 -180799.1000000000
404 -177765.1000000000
418 -177285.1000000000
426 -176506.1000000000
428 -175876.1000000000
436 -175226.1000000000
439 -174967.1000000000
440 -174611.1000000000
445 -174472.1000000000
462 -174126.1000000000
475 -173168.1000000000
477 -173166.1000000000
479 -172579.1000000000
502 -170910.1000000000
508 -169329.1000000000
521 -168739.1000000000
534 -167237.1000000000
546 -166408.1000000000
562 -164995.1000000000
563 -164694.1000000000
575 -164615.1000000000
586 -163127.1000000000
603 -163027.1000000000
608 -161382.1000000000
609 -160521.1000000000
614 26933.5739680160
638 27063.3758938763
718 27293.2288990068
769 27547.9538477928
773 27551.7547360707
794 27818.1121885383
933 27920.5936163525
1081 28020.8641566933
1189 28168.4688021065
1328 28568.2985100664
1362 28679.4729673298
1631 28915.4853325144
1648 29317.1855106709
1741 29431.6697210540
1753 29564.4904964757
1790 29758.5004559639
1827 29917.8711994631
1871 30038.0665379204
2289 30309.7908648961
2298 30474.6888483092
2303 30491.7799420393
2844 30536.8256263245
3016 30637.2429384212
3103 30791.4470932945
3891 31052.7288737592
4431 31060.1241903972
4740 31150.0971799248
4824 31334.6354436988
5006 31384.4389591564
7732 31584.0488053237
7922 31748.3615745341
8157 31928.7038371536
9509 31929.6146839789
9811 31942.1222700967
10000 31942.1222700967
evaluations raw_y
1 -257670.1000000000
3 -255770.1000000000
4 -254352.1000000000
6 -252936.1000000000
7 -252461.1000000000
12 -252288.1000000000
15 -250808.1000000000
17 -249038.1000000000
18 -248733.1000000000
26 -245915.1000000000
29 -244735.1000000000
30 -244023.1000000000
40 -243601.1000000000
46 -243538.1000000000
47 -242616.1000000000
52 -241239.1000000000
53 -240313.1000000000
54 -239980.1000000000
55 -239613.1000000000
58 -239611.1000000000
59 -238737.1000000000
62 -237986.1000000000
66 -237065.1000000000
71 -234972.1000000000
74 -233128.1000000000
83 -232713.1000000000
86 -232556.1000000000
88 -228286.1000000000
94 -227314.1000000000
98 -227312.1000000000
111 -224961.1000000000
112 -224538.1000000000
118 -223950.1000000000
120 -223867.1000000000
125 -221511.1000000000
128 -220093.1000000000
131 -219453.1000000000
133 -218767.1000000000
146 -218397.1000000000
147 -216459.1000000000
153 -215598.1000000000
157 -215135.1000000000
160 -214454.1000000000
166 -213806.1000000000
175 -212884.1000000000
177 -211947.1000000000
185 -210657.1000000000
186 -208614.1000000000
190 -208583.1000000000
208 -207815.1000000000
211 -206153.1000000000
218 -205906.1000000000
219 -205166.1000000000
220 -204382.1000000000
229 -204320.1000000000
233 -203624.1000000000
264 -203257.1000000000
265 -202481.1000000000
279 -197570.1000000000
283 -194727.1000000000
287 -194060.1000000000
298 -193045.1000000000
308 -192537.1000000000
313 -192072.1000000000
320 -191672.1000000000
325 -191657.1000000000
331 -191251.1000000000
333 -190127.1000000000
349 -189367.1000000000
350 -187721.1000000000
365 -186543.1000000000
379 -183769.1000000000
390 -183149.1000000000
394 -182905.1000000000
395 -182513.1000000000
406 -181771.1000000000
408 -180962.1000000000
409 -179672.1000000000
414 -177220.1000000000
421 -176593.1000000000
431 -175689.1000000000
435 -175397.1000000000
478 -174475.1000000000
485 -174138.1000000000
501 -173658.1000000000
530 -172777.1000000000
532 -172575.1000000000
535 -172287.1000000000
539 -171873.1000000000
541 -171779.1000000000
560 -171134.1000000000
570 -169014.1000000000
585 -168695.1000000000
591 -168583.1000000000
615 -167650.1000000000
623 -166350.1000000000
625 -166062.1000000000
634 -162994.1000000000
637 -162648.1000000000
663 -161825.1000000000
678 -161002.1000000000
709 -160536.1000000000
723 25793.6557877045
746 26067.1663920978
765 26170.4743347801
805 26450.2337404032
822 26650.8982407277
1003 27052.2264695039
1010 27163.8458777619
1046 27266.8317465484
1118 27467.4762147416
1315 27550.3629471872
1371 27555.4973521423
1388 27905.2663685719
1419 28201.2379417774
1495 28315.6386304445
4332 28386.8763169044
4468 28571.2444296031
4483 28651.9480252829
4719 28707.2181874369
4727 28867.5112179462
4976 28886.1422507015
5038 29029.8991750358
5266 29033.4203399313
7276 29089.5945659942
7279 29306.2325206166
7902 29317.5232014824
7919 29506.5470060172
8091 29754.4093721087
8452 29781.9784686799
8524 29934.3196837335
8992 30034.8087144102
10000 -161112.1000000000
evaluations raw_y
1 -277828.1000000000
6 -275984.1000000000
7 -275171.1000000000
9 -273837.1000000000
10 -271895.1000000000
12 -271415.1000000000
15 -269170.1000000000
17 -268849.1000000000
22 -267365.1000000000
24 -266999.1000000000
29 -265099.1000000000
30 -263921.1000000000
32 -263153.1000000000
33 -261735.1000000000
39 -258731.1000000000
43 -258045.1000000000
50 -257959.1000000000
60 -257613.1000000000
62 -255843.1000000000
63 -255101.1000000000
66 -253925.1000000000
70 -253846.1000000000
72 -253691.1000000000
76 -251847.1000000000
77 -248955.1000000000
82 -248545.1000000000
85 -247983.1000000000
86 -246983.1000000000
87 -244403.1000000000
104 -243789.1000000000
124 -243381.1000000000
125 -243176.1000000000
134 -242934.1000000000
138 -240059.1000000000
139 -235929.1000000000
157 -235279.1000000000
169 -234025.1000000000
180 -232648.1000000000
181 -231825.1000000000
184 -230273.1000000000
189 -230025.1000000000
190 -228579.1000000000
193 -226627.1000000000
198 -226238.1000000000
203 -226108.1000000000
208 -222038.1000000000
209 -218594.1000000000
217 -218547.1000000000
220 -217027.1000000000
225 -216087.1000000000
231 -216048.1000000000
235 -214160.1000000000
238 -212524.1000000000
243 -209678.1000000000
244 -209008.1000000000
245 -205676.1000000000
260 -205675.1000000000
263 -205619.1000000000
266 -203901.1000000000
268 -203313.1000000000
274 -201798.1000000000
284 -201437.1000000000
289 -200972.1000000000
290 -200831.1000000000
293 -199605.1000000000
294 -198822.1000000000
300 -198728.1000000000
332 -196936.1000000000
338 -196234.1000000000
341 -196230.1000000000
343 -195840.1000000000
347 -194979.1000000000
350 -194954.1000000000
358 -193486.1000000000
364 -193153.1000000000
369 -192330.1000000000
370 -191621.1000000000
374 -191033.1000000000
376 -190400.1000000000
377 -189584.1000000000
395 -185812.1000000000
403 -185690.1000000000
406 -185070.1000000000
411 -184250.1000000000
413 -183913.1000000000
414 -183687.1000000000
416 -182943.1000000000
420 -180403.1000000000
436 -179713.1000000000
439 -178705.1000000000
442 -177289.1000000000
444 -174201.1000000000
466 -173127.1000000000
474 -172386.1000000000
490 -172019.1000000000
505 -171817.1000000000
508 -170873.1000000000
523 -168037.1000000000
526 -168031.1000000000
535 -166479.1000000000
545 -164471.1000000000
547 -163197.1000000000
557 -162731.1000000000
560 -162315.1000000000
568 -162215.1000000000
570 -161510.1000000000
583 -160332.1000000000
589 -160270.1000000000
599 25979.3005381644
605 26538.5514383098
671 26671.7021319218
696 26900.6480093932
855 27101.1959865293
978 27345.2989180407
999 27477.2395943443
1035 27477.5220478483
1058 27608.1774909929
1082 27717.6012262797
1106 27758.3870699357
1115 27920.1608488493
1280 28005.9803218612
1295 28195.8572682362
1421 28596.9651965258
2009 28631.9900679557
2011 28724.9344701843
2102 28996.1196539829
2553 29110.2966725343
2916 29210.5710093771
3081 29359.8897078027
3091 29499.1389385341
3728 29594.0004833288
3739 29693.9570814733
3863 29851.7768398019
3999 29955.1184406960
4075 29970.7328693655
4085 29977.9161443567
6341 30090.4640385267
6383 30112.5664518051
6486 30251.8427454860
6725 30335.9643431893
7289 30591.8678043578
7617 30713.9636781666
7925 30945.4611994599
8573 31009.0473334265
8584 31243.4105967661
8673 31251.6055124213
10000 31151.1264026188
evaluations raw_y
1 -284536.1000000000
3 -283724.1000000000
5 -282948.1000000000
9 -281854.1000000000
10 -280115.1000000000
11 -277118.1000000000
12 -276377.1000000000
14 -275905.1000000000
17 -273028.1000000000
19 -272925.1000000000
21 -272654.1000000000
24 -271008.1000000000
32 -270820.1000000000
34 -270410.1000000000
36 -269989.1000000000
40 -267189.1000000000
42 -266268.1000000000
47 -265645.1000000000
50 -264760.1000000000
52 -258988.1000000000
81 -257856.1000000000
83 -256555.1000000000
85 -255612.1000000000
86 -255241.1000000000
89 -254267.1000000000
94 -253492.1000000000
112 -251624.1000000000
117 -250274.1000000000
118 -248126.1000000000
124 -247230.1000000000
125 -246938.1000000000
127 -245718.1000000000
134 -245624.1000000000
136 -244650.1000000000
137 -244289.1000000000
140 -242110.1000000000
142 -242104.1000000000
143 -240607.1000000000
146 -240560.1000000000
152 -240214.1000000000
153 -239271.1000000000
164 -236452.1000000000
170 -235493.1000000000
187 -235171.1000000000
188 -233937.1000000000
190 -232128.1000000000
191 -229711.1000000000
197 -228061.1000000000
202 -225474.1000000000
206 -225472.1000000000
211 -225146.1000000000
224 -222820.1000000000
236 -222410.1000000000
240 -220964.1000000000
243 -217876.1000000000
244 -215990.1000000000
245 -215538.1000000000
260 -214821.1000000000
261 -213960.1000000000
262 -209974.1000000000
264 -209927.1000000000
271 -207567.1000000000
275 -206973.1000000000
278 -205595.1000000000
285 -204586.1000000000
302 -204264.1000000000
308 -202965.1000000000
309 -201340.1000000000
317 -201104.1000000000
318 -199693.1000000000
354 -199508.1000000000
360 -198822.1000000000
384 -195074.1000000000
389 -194314.1000000000
390 -192396.1000000000
395 -191952.1000000000
397 -191026.1000000000
398 -189775.1000000000
402 -189465.1000000000
405 -189129.1000000000
412 -188739.1000000000
424 -188287.1000000000
429 -187478.1000000000
432 -187477.1000000000
451 -185477.1000000000
461 -184788.1000000000
463 -184325.1000000000
465 -183071.1000000000
466 -181997.1000000000
487 -181935.1000000000
496 -181119.1000000000
514 -180997.1000000000
525 -180653.1000000000
528 -179706.1000000000
533 -177936.1000000000
550 -177271.1000000000
551 -174929.1000000000
559 -173955.1000000000
561 -172701.1000000000
574 -171872.1000000000
580 -171772.1000000000
585 -170900.1000000000
598 -170658.1000000000
608 -170656.1000000000
616 -170234.1000000000
635 -170187.1000000000
650 -170032.1000000000
676 -168806.1000000000
685 -168312.1000000000
694 -167904.1000000000
725 -167624.1000000000
726 -167201.1000000000
755 -166705.1000000000
785 -165982.1000000000
790 -165294.1000000000
796 -164550.1000000000
797 -164504.1000000000
807 -164393.1000000000
814 -163421.1000000000
840 -163173.1000000000
849 -162545.1000000000
855 -162208.1000000000
924 -161816.1000000000
950 -161336.1000000000
951 23889.1364666414
952 24073.3751826197
988 24248.4246226860
1004 24348.1052603569
1168 24547.4658126456
1250 25187.9487952781
1273 25420.0722128319
1384 25520.1068460012
1610 25540.9165074777
1661 25659.5375626709
1762 25859.7044308339
2237 25961.4072013234
2443 26179.4535509696
2600 26346.0789702203
2792 26477.8595047970
3008 26542.7995708816
3043 26711.9720057869
3105 26774.2440524328
3162 26915.9838336855
3371 26995.3956819286
3383 27260.7385605467
3450 27497.0708782371
3548 27499.5043418764
3681 27594.8855367360
3959 27704.9455007662
3987 27732.2913286407
3998 27832.5610614446
4446 27970.4917638347
5109 28138.4892373572
5140 28360.8341842958
5215 28498.9774676733
6169 28503.2501116550
6280 28701.7317893394
6727 28710.2413819350
6965 28742.9400687542
6966 28857.1971516385
7520 28911.1847224759
7560 29214.7742144884
7651 29225.9931568962
8073 29254.0969143044
8181 29272.9164057820
8549 29379.1864717507
8809 29418.3396953565
8869 29563.8460332219
8900 29713.0878653151
9572 29816.2866442859
10000 28839.0868118440
evaluations raw_y
1 -288834.1000000000
2 -288469.1000000000
3 -287519.1000000000
4 -287119.1000000000
7 -284409.1000000000
9 -284297.1000000000
11 -284055.1000000000
14 -283855.1000000000
20 -281593.1000000000
24 -281107.1000000000
27 -280659.1000000000
28 -279925.1000000000
29 -278481.1000000000
30 -277786.1000000000
31 -277176.1000000000
35 -276680.1000000000
40 -274880.1000000000
50 -274818.1000000000
51 -272235.1000000000
52 -268434.1000000000
61 -268073.1000000000
62 -267437.1000000000
63 -267035.1000000000
64 -266798.1000000000
67 -266185.1000000000
86 -265241.1000000000
88 -264993.1000000000
91 -263353.1000000000
97 -262381.1000000000
100 -259289.1000000000
101 -259285.1000000000
107 -256393.1000000000
118 -255905.1000000000
119 -255884.1000000000
121 -255150.1000000000
122 -254698.1000000000
123 -253472.1000000000
124 -250820.1000000000
130 -249346.1000000000
131 -248012.1000000000
133 -247012.1000000000
137 -246450.1000000000
141 -245674.1000000000
145 -244100.1000000000
148 -242728.1000000000
154 -238728.1000000000
168 -237176.1000000000
169 -236487.1000000000
170 -235663.1000000000
174 -234485.1000000000
175 -233744.1000000000
177 -233272.1000000000
180 -232639.1000000000
181 -232334.1000000000
182 -231148.1000000000
183 -230534.1000000000
185 -228730.1000000000
192 -227476.1000000000
199 -226526.1000000000
200 -224946.1000000000
218 -224750.1000000000
222 -223889.1000000000
233 -222032.1000000000
237 -221538.1000000000
244 -220950.1000000000
258 -220196.1000000000
263 -217820.1000000000
271 -214773.1000000000
279 -212592.1000000000
294 -211655.1000000000
299 -207585.1000000000
306 -206223.1000000000
332 -205537.1000000000
336 -202957.1000000000
341 -202420.1000000000
350 -202138.1000000000
352 -201242.1000000000
358 -200987.1000000000
359 -200869.1000000000
361 -200713.1000000000
363 -199977.1000000000
380 -199866.1000000000
390 -199394.1000000000
393 -199196.1000000000
395 -195084.1000000000
405 -194632.1000000000
409 -193658.1000000000
413 -192233.1000000000
418 -191022.1000000000
429 -187250.1000000000
437 -184922.1000000000
441 -184556.1000000000
445 -184170.1000000000
446 -184164.1000000000
450 -182957.1000000000
457 -182486.1000000000
475 -181927.1000000000
487 -180796.1000000000
488 -180163.1000000000
492 -178365.1000000000
493 -178349.1000000000
506 -177123.1000000000
509 -176391.1000000000
517 -175470.1000000000
525 -175103.1000000000
533 -173595.1000000000
571 -173284.1000000000
588 -173208.1000000000
590 -172265.1000000000
600 -172143.1000000000
605 -171606.1000000000
615 -171150.1000000000
621 -169648.1000000000
639 -168330.1000000000
648 -166960.1000000000
650 -165772.1000000000
661 -164530.1000000000
664 -163350.1000000000
677 -162854.1000000000
697 -162775.1000000000
703 24390.4279312590
705 24539.7850767331
849 24623.1329454848
855 24625.5385092493
859 24692.4692299087
977 24735.2773935967
980 25065.0188530582
995 25158.7937724014
1012 25163.3811820026
1033 25482.4943285799
1085 25563.4106858744
1087 25664.1040136166
1093 25975.1290805111
1162 26081.1879770871
1365 26206.6657847747
1379 26333.8020103911
1478 27278.3939590190
1568 27419.2635447956
1628 27521.7543767050
1798 27582.2265707642
1973 27722.3884380938
1994 27922.8820034382
2003 28031.9474053270
2483 28232.4237588164
2727 28311.3884359786
2731 28924.9745830699
2753 29070.6366619448
2810 29153.4707765091
2812 29315.7725989159
2896 29546.0572708103
3232 29621.3650697195
3766 29652.9871502763
3864 29784.9439606108
3910 30011.7507644262
4376 30069.7430956295
4475 30201.9790087699
4646 30332.8071485171
5673 30449.7553396855
5675 30579.7370993405
5753 30798.2098261505
7130 30821.6686026062
7837 30909.7615880809
8305 31072.0072282861
9210 31077.6341979511
9447 31159.8807951853
9450 31198.9588200020
9549 31436.1465362056
10000 -162234.1000000000
evaluations raw_y
1 -271179.1000000000
2 -270944.1000000000
4 -270184.1000000000
23 -270084.1000000000
26 -268910.1000000000
29 -266851.1000000000
31 -265405.1000000000
35 -263040.1000000000
37 -262144.1000000000
39 -261121.1000000000
46 -260508.1000000000
53 -259688.1000000000
54 -259222.1000000000
56 -257888.1000000000
61 -257429.1000000000
64 -255549.1000000000
73 -254235.1000000000
76 -253764.1000000000
81 -252118.1000000000
84 -251214.1000000000
88 -250540.1000000000
89 -250170.1000000000
95 -247908.1000000000
101 -247558.1000000000
103 -243150.1000000000
104 -242080.1000000000
105 -241453.1000000000
108 -240713.1000000000
110 -240511.1000000000
112 -239528.1000000000
123 -238654.1000000000
124 -237238.1000000000
125 -235476.1000000000
131 -233754.1000000000
143 -233192.1000000000
145 -232204.1000000000
147 -232031.1000000000
154 -229212.1000000000
155 -228197.1000000000
158 -227750.1000000000
160 -225980.1000000000
169 -225008.1000000000
171 -224296.1000000000
174 -222342.1000000000
178 -222230.1000000000
179 -221093.1000000000
187 -221019.1000000000
188 -217162.1000000000
195 -215014.1000000000
196 -214964.1000000000
204 -212016.1000000000
208 -211475.1000000000
213 -211105.1000000000
221 -210280.1000000000
230 -209466.1000000000
233 -208467.1000000000
236 -207668.1000000000
238 -207301.1000000000
246 -205661.1000000000
259 -204780.1000000000
265 -203720.1000000000
272 -203245.1000000000
280 -202765.1000000000
284 -202561.1000000000
289 -199805.1000000000
292 -198146.1000000000
300 -198083.1000000000
302 -196182.1000000000
305 -194674.1000000000
308 -192808.1000000000
315 -189920.1000000000
330 -189587.1000000000
332 -189135.1000000000
335 -189024.1000000000
336 -188374.1000000000
342 -188069.1000000000
344 -187677.1000000000
350 -186457.1000000000
355 -184955.1000000000
356 -184951.1000000000
357 -184331.1000000000
378 -183508.1000000000
382 -182675.1000000000
388 -182520.1000000000
395 -182183.1000000000
403 -180183.1000000000
406 -179593.1000000000
417 -179389.1000000000
443 -178903.1000000000
451 -178316.1000000000
459 -177495.1000000000
466 -177087.1000000000
467 -177005.1000000000
494 -175826.1000000000
502 -175145.1000000000
528 -173957.1000000000
532 -173715.1000000000
543 -173712.1000000000
544 -172335.1000000000
545 -171391.1000000000
548 -168939.1000000000
549 -168737.1000000000
556 -166975.1000000000
569 -165839.1000000000
582 -165288.1000000000
591 -163444.1000000000
603 -162700.1000000000
635 -162333.1000000000
651 25387.8982184490
652 25405.7782696549
693 25574.8874469813
714 25709.6554035373
728 25838.3690828561
763 25938.5355958091
1322 25993.3370033204
1358 26394.0460385786
1444 26517.6292692711
2491 26718.6373115103
4154 26736.4114410243
4159 27032.9475911117
4196 27171.6012745185
4313 27240.5761085260
4422 27348.6581888152
4513 27458.7398751235
4671 27598.5328196734
4839 27615.6985470178
4844 27906.8836905881
4899 27937.8587348524
4922 28149.6252730766
5101 28261.9174590244
5250 28362.6337104728
5502 28505.5901070724
5504 28786.6861462509
5535 28922.1637400932
6469 28938.2672303073
6546 29089.8874907550
7858 29212.1853499496
8814 29295.9542504267
9723 29365.0333366753
9778 29515.9513231690
9979 29764.8512116105
10000 29764.8512116105
evaluations raw_y
1 -283527.1000000000
4 -282900.1000000000
9 -282533.1000000000
11 -280961.1000000000
15 -280152.1000000000
19 -279815.1000000000
21 -277597.1000000000
22 -276615.1000000000
23 -274432.1000000000
24 -271990.1000000000
26 -271488.1000000000
27 -270860.1000000000
35 -269986.1000000000
37 -269533.1000000000
40 -266217.1000000000
41 -265483.1000000000
43 -263483.1000000000
45 -262031.1000000000
47 -260853.1000000000
49 -259294.1000000000
54 -257146.1000000000
57 -254143.1000000000
58 -253247.1000000000
61 -252614.1000000000
62 -251146.1000000000
64 -251046.1000000000
72 -250661.1000000000
74 -249284.1000000000
83 -249016.1000000000
85 -248545.1000000000
100 -248498.1000000000
104 -247809.1000000000
105 -245591.1000000000
107 -244665.1000000000
110 -244423.1000000000
122 -243051.1000000000
123 -241234.1000000000
128 -239404.1000000000
133 -237157.1000000000
134 -234448.1000000000
147 -232368.1000000000
148 -231769.1000000000
161 -231767.1000000000
165 -230944.1000000000
172 -229930.1000000000
197 -229450.1000000000
201 -224083.1000000000
208 -223881.1000000000
209 -222459.1000000000
212 -220510.1000000000
214 -220045.1000000000
216 -219304.1000000000
221 -218562.1000000000
228 -217802.1000000000
233 -214054.1000000000
234 -213981.1000000000
235 -212793.1000000000
247 -212671.1000000000
253 -211796.1000000000
256 -210909.1000000000
261 -209887.1000000000
280 -207052.1000000000
284 -206747.1000000000
291 -206635.1000000000
295 -206464.1000000000
301 -204694.1000000000
305 -203744.1000000000
312 -201701.1000000000
314 -200523.1000000000
317 -197631.1000000000
319 -195737.1000000000
320 -194447.1000000000
322 -190447.1000000000
323 -190077.1000000000
324 -189368.1000000000
325 -188774.1000000000
332 -188237.1000000000
334 -186753.1000000000
340 -185778.1000000000
341 -185245.1000000000
342 -183862.1000000000
352 -183286.1000000000
359 -182790.1000000000
392 -182668.1000000000
394 -182420.1000000000
399 -181597.1000000000
404 -180857.1000000000
408 -179917.1000000000
410 -179509.1000000000
411 -178922.1000000000
415 -177798.1000000000
417 -176600.1000000000
423 -176138.1000000000
431 -175313.1000000000
432 -175237.1000000000
435 -174304.1000000000
445 -172664.1000000000
467 -171930.1000000000
492 -171818.1000000000
512 -170758.1000000000
519 -170387.1000000000
523 -168941.1000000000
555 -168802.1000000000
588 -165512.1000000000
594 -163790.1000000000
601 -163678.1000000000
606 -162757.1000000000
617 -161876.1000000000
657 -161665.1000000000
664 -161360.1000000000
672 -160970.1000000000
675 -160320.1000000000
681 25037.2703884781
688 25275.3630423938
689 25376.1819716413
690 25476.9964780580
737 25561.4235624034
751 25816.6919312295
754 25987.4911244915
794 26067.7530343382
810 26213.0631335728
837 26321.1664624270
937 26524.3839096383
985 26896.1359879689
1000 27372.7273780685
1131 27479.7028589451
1201 27492.0737216328
1206 27598.8476172999
1725 27707.3359344043
1895 27766.0432719890
2066 28482.3928719059
2076 28965.0683742266
2085 29068.2350005069
2091 29206.2431413484
2657 29407.0070330653
3812 29411.5368531179
5673 29419.2497619765
5783 29567.6998256467
5807 29723.7151564756
6514 29724.1027067465
7309 29725.5070558031
10000 -161808.1000000000
evaluations raw_y
1 -289145.1000000000
3 -289043.1000000000
5 -287273.1000000000
9 -286336.1000000000
10 -284497.1000000000
13 -283225.1000000000
17 -282688.1000000000
18 -282377.1000000000
19 -281548.1000000000
25 -281407.1000000000
39 -279105.1000000000
40 -275661.1000000000
46 -275336.1000000000
53 -274966.1000000000
57 -273724.1000000000
59 -273612.1000000000
60 -271360.1000000000
63 -269360.1000000000
65 -267000.1000000000
66 -266266.1000000000
71 -265294.1000000000
81 -264828.1000000000
84 -262346.1000000000
89 -262344.1000000000
93 -260598.1000000000
94 -258003.1000000000
96 -257666.1000000000
99 -256488.1000000000
102 -256134.1000000000
103 -254298.1000000000
104 -253661.1000000000
114 -252371.1000000000
116 -251449.1000000000
118 -248054.1000000000
121 -248050.1000000000
124 -247736.1000000000
125 -245376.1000000000
129 -244749.1000000000
130 -244160.1000000000
131 -239496.1000000000
133 -239384.1000000000
135 -238992.1000000000
141 -237077.1000000000
143 -236654.1000000000
144 -235530.1000000000
146 -233768.1000000000
147 -233155.1000000000
148 -231653.1000000000
150 -231156.1000000000
154 -230318.1000000000
164 -229071.1000000000
169 -228764.1000000000
172 -226332.1000000000
173 -223434.1000000000
183 -222549.1000000000
184 -221729.1000000000
187 -220145.1000000000
191 -217429.1000000000
197 -216687.1000000000
211 -215943.1000000000
215 -215119.1000000000
216 -213407.1000000000
222 -213308.1000000000
224 -212533.1000000000
225 -211882.1000000000
226 -210130.1000000000
235 -209183.1000000000
239 -208209.1000000000
242 -208203.1000000000
263 -206977.1000000000
264 -206720.1000000000
268 -205542.1000000000
291 -202840.1000000000
295 -202154.1000000000
299 -200792.1000000000
302 -200202.1000000000
310 -200171.1000000000
315 -200170.1000000000
346 -199354.1000000000
347 -199092.1000000000
348 -195320.1000000000
358 -194048.1000000000
360 -194001.1000000000
371 -191549.1000000000
396 -191097.1000000000
398 -188261.1000000000
407 -187047.1000000000
409 -186126.1000000000
414 -185452.1000000000
423 -184972.1000000000
427 -184437.1000000000
429 -184057.1000000000
442 -182955.1000000000
451 -182319.1000000000
452 -181120.1000000000
461 -180242.1000000000
473 -179886.1000000000
475 -178943.1000000000
478 -178503.1000000000
495 -178403.1000000000
498 -178223.1000000000
525 -177896.1000000000
528 -176956.1000000000
530 -176546.1000000000
536 -172546.1000000000
537 -172344.1000000000
540 -171068.1000000000
542 -170172.1000000000
544 -169742.1000000000
550 -168240.1000000000
566 -166470.1000000000
568 -166331.1000000000
570 -165597.1000000000
582 -163966.1000000000
585 -163809.1000000000
590 -163686.1000000000
600 -163460.1000000000
621 -163256.1000000000
632 -162670.1000000000
643 -162262.1000000000
660 -162015.1000000000
661 -161678.1000000000
664 -161577.1000000000
695 -161272.1000000000
699 -160605.1000000000
723 -160272.1000000000
749 25087.6814063273
829 25187.9132686635
848 25381.8044188288
929 25481.6399824492
960 25599.6386661441
1115 25649.5101708735
1117 25750.8595683525
1137 25950.7292926373
1158 26037.9397336355
1193 26054.8300350041
1267 26140.8820798441
1337 26269.6120238199
1367 26469.3178833832
1463 26638.7737874691
1497 26742.4620957292
1505 27073.2398651854
2237 27224.1832706904
2552 27623.4695571264
2867 27707.8200444109
2916 27808.5897536647
2990 27812.8033778551
2999 27912.3939181394
3028 28011.4613326500
3078 28015.8256006485
3084 28121.0601091453
3130 28417.3153543354
3289 28521.7159356192
3325 28626.7888711867
3700 28783.9209377884
3708 28898.0700082028
3961 28955.0067666853
3984 28992.2224414997
4076 29089.2327956351
4203 29098.5542781069
5257 29287.7884835753
5281 29492.4620417647
6466 29495.0080893404
6607 29599.4593369602
6645 29766.0187383801
6648 30143.0391777090
6791 30250.6719011379
7048 30302.7570827583
7193 30530.1914223876
7199 30952.3300743236
7296 30954.5478791405
7543 31067.5556650085
7969 31131.6486867489
9204 31301.2945188479
9249 31440.9915949646
9497 31601.4550073413
9572 31860.6475794602
9865 31982.4152469807
10000 31982.4152469807
evaluations raw_y
1 -292111.1000000000
6 -290211.1000000000
7 -289723.1000000000
8 -283599.1000000000
11 -282902.1000000000
12 -281456.1000000000
14 -281213.1000000000
16 -279717.1000000000
19 -278992.1000000000
21 -277374.1000000000
24 -277257.1000000000
27 -277156.1000000000
28 -276704.1000000000
32 -273712.1000000000
34 -270708.1000000000
36 -270520.1000000000
37 -270110.1000000000
39 -268236.1000000000
43 -267259.1000000000
44 -266713.1000000000
45 -264261.1000000000
46 -261871.1000000000
49 -261162.1000000000
50 -260962.1000000000
52 -260453.1000000000
64 -259007.1000000000
66 -258253.1000000000
67 -255469.1000000000
68 -252134.1000000000
70 -249609.1000000000
74 -248923.1000000000
83 -248361.1000000000
87 -245688.1000000000
91 -245632.1000000000
97 -245585.1000000000
101 -241585.1000000000
106 -241363.1000000000
110 -240469.1000000000
118 -236728.1000000000
119 -236526.1000000000
120 -235997.1000000000
121 -235038.1000000000
125 -233670.1000000000
126 -230378.1000000000
127 -230278.1000000000
133 -229352.1000000000
135 -228758.1000000000
136 -227583.1000000000
142 -227183.1000000000
145 -226708.1000000000
147 -226585.1000000000
150 -225407.1000000000
152 -224480.1000000000
162 -224343.1000000000
168 -221239.1000000000
178 -220553.1000000000
180 -218523.1000000000
187 -218273.1000000000
188 -216551.1000000000
195 -214185.1000000000
200 -214029.1000000000
205 -213157.1000000000
213 -209713.1000000000
217 -208300.1000000000
218 -207112.1000000000
221 -206647.1000000000
225 -204855.1000000000
226 -201333.1000000000
229 -200383.1000000000
230 -200274.1000000000
232 -200159.1000000000
247 -199707.1000000000
254 -198795.1000000000
259 -198034.1000000000
260 -197724.1000000000
266 -195770.1000000000
275 -195667.1000000000
285 -194441.1000000000
288 -193299.1000000000
298 -190543.1000000000
307 -190176.1000000000
311 -189682.1000000000
319 -189326.1000000000
320 -188503.1000000000
331 -187443.1000000000
332 -187118.1000000000
337 -186317.1000000000
341 -184983.1000000000
347 -184612.1000000000
359 -183826.1000000000
363 -183058.1000000000
366 -182479.1000000000
371 -182008.1000000000
373 -181104.1000000000
374 -179850.1000000000
394 -179260.1000000000
420 -179060.1000000000
426 -178872.1000000000
427 -178331.1000000000
436 -177941.1000000000
437 -177910.1000000000
448 -177488.1000000000
484 -176036.1000000000
494 -174960.1000000000
496 -174712.1000000000
497 -173851.1000000000
506 -173263.1000000000
526 -173021.1000000000
531 -172103.1000000000
537 -171991.1000000000
545 -171106.1000000000
564 -170773.1000000000
566 -168445.1000000000
567 -167471.1000000000
574 -167127.1000000000
586 -166675.1000000000
598 -166502.1000000000
622 -165586.1000000000
631 -163987.1000000000
653 -163275.1000000000
665 -162328.1000000000
666 -161967.1000000000
702 -161281.1000000000
704 -161027.1000000000
706 25926.2901653822
742 26279.2918891399
745 26497.1003445915
801 26597.3252712997
918 26699.9350417769
1163 26739.2069633738
1221 26870.4138440762
1317 27015.6465291570
1327 27118.3529389429
1358 27130.1016126854
1489 27266.7515445966
1628 27453.2113744137
1706 27583.3830892289
1981 27717.1526540199
2033 27769.4597453832
2121 27880.9018659197
2127 27885.9564063571
2180 27996.1846921146
2206 28126.3763627261
2362 28245.9289340856
2947 28501.3328901029
3024 28654.0737328669
3094 28682.3591211084
3098 29006.9511172117
3121 29292.4407018009
3484 29344.2829504311
3485 29555.5628494035
3587 29607.9131975521
3636 29767.5547234479
3974 29899.4720492075
3983 30178.9152587033
4138 30191.7832434184
4674 30197.4620503506
4698 30328.9488169213
4766 30334.9464637375
4943 30392.5226325385
5267 30452.5099069572
5715 30633.4461375584
5758 30668.1551027154
6006 30899.9402944147
6105 30994.7370896591
6523 31087.3263682581
6852 31106.0991232491
7155 31119.4438936049
7464 31243.1504856720
8689 31349.1404908469
9071 31569.1627764460
9073 31716.1886406795
9249 31818.0352016200
9335 31895.4636660541
9696 31903.0373316565
10000 31250.1729128984
evaluations raw_y
1 -294395.1000000000
4 -293936.1000000000
6 -292384.1000000000
7 -292305.1000000000
8 -289549.1000000000
12 -289324.1000000000
14 -287078.1000000000
16 -285268.1000000000
19 -283098.1000000000
20 -281281.1000000000
22 -281214.1000000000
23 -281103.1000000000
27 -278651.1000000000
30 -277730.1000000000
33 -277023.1000000000
34 -275963.1000000000
36 -273587.1000000000
40 -272712.1000000000
42 -272474.1000000000
47 -271645.1000000000
50 -271066.1000000000
51 -270714.1000000000
55 -269925.1000000000
56 -268031.1000000000
61 -267290.1000000000
76 -267178.1000000000
81 -266355.1000000000
84 -265494.1000000000
85 -264858.1000000000
86 -264166.1000000000
87 -262986.1000000000
90 -262829.1000000000
93 -261428.1000000000
102 -258976.1000000000
103 -258008.1000000000
108 -257082.1000000000
109 -256725.1000000000
110 -255991.1000000000
117 -251991.1000000000
131 -249099.1000000000
134 -248486.1000000000
135 -247614.1000000000
145 -246036.1000000000
146 -245296.1000000000
153 -245161.1000000000
161 -243021.1000000000
168 -242611.1000000000
169 -240084.1000000000
170 -238692.1000000000
173 -236058.1000000000
175 -235777.1000000000
184 -235589.1000000000
185 -235488.1000000000
190 -233602.1000000000
198 -233190.1000000000
208 -232016.1000000000
210 -231655.1000000000
212 -229930.1000000000
213 -228160.1000000000
214 -227096.1000000000
216 -226540.1000000000
219 -226069.1000000000
220 -222965.1000000000
225 -222145.1000000000
226 -219995.1000000000
228 -217958.1000000000
234 -217338.1000000000
247 -216250.1000000000
252 -215623.1000000000
255 -211183.1000000000
257 -210640.1000000000
263 -209865.1000000000
265 -208561.1000000000
267 -208422.1000000000
271 -208302.1000000000
287 -206458.1000000000
296 -203647.1000000000
310 -203145.1000000000
316 -202369.1000000000
322 -201508.1000000000
332 -201226.1000000000
336 -200222.1000000000
340 -197960.1000000000
342 -197237.1000000000
347 -197037.1000000000
367 -196693.1000000000
371 -196239.1000000000
374 -195516.1000000000
377 -194772.1000000000
401 -193831.1000000000
426 -193583.1000000000
438 -192137.1000000000
442 -191667.1000000000
444 -190543.1000000000
447 -190464.1000000000
459 -189490.1000000000
461 -188756.1000000000
483 -188298.1000000000
489 -188292.1000000000
499 -186418.1000000000
509 -186062.1000000000
511 -183454.1000000000
512 -183232.1000000000
520 -183212.1000000000
533 -182253.1000000000
549 -181502.1000000000
567 -181015.1000000000
577 -179149.1000000000
605 -179049.1000000000
610 -177627.1000000000
614 -176804.1000000000
615 -176529.1000000000
624 -174486.1000000000
652 -172694.1000000000
669 -172004.1000000000
684 -171637.1000000000
687 -171543.1000000000
721 -171340.1000000000
734 -169962.1000000000
737 -169466.1000000000
745 -166304.1000000000
765 -165345.1000000000
779 -164941.1000000000
781 -163597.1000000000
795 -163386.1000000000
813 -163307.1000000000
825 25230.1050784722
842 25368.7649014989
861 25569.2132624140
877 25692.8276814537
893 25795.1651668271
1218 26105.5338084982
1246 26121.7540920682
1265 26240.0225565006
1307 26400.3901221231
1400 26599.3629426673
1687 26762.2304004956
1704 26786.0574175713
1756 26902.1761807708
1769 27213.9829233622
1881 27351.0239234531
1951 27357.3662592048
1971 27565.1218236866
1982 27756.5047335575
2462 27860.5094810277
2644 27997.9328262898
2698 28178.9039675083
2997 28274.1018063290
3037 28458.5144584107
3315 28603.0257221274
3432 28703.4640316261
3723 28759.4570102801
3764 28960.3264670941
3852 28963.6065665678
3865 29185.4162839245
4700 29321.6792772843
4848 29373.3083760410
4861 29598.3115105397
4970 29622.6023908573
5011 29622.6854204475
5030 29781.6638708829
5263 29929.9245048583
5442 30005.7676256240
5479 30116.4327342568
5506 30278.9909107539
5940 30405.0218699737
6706 30452.8230489437
7016 30604.9970679861
7162 30899.7046545180
7865 30963.5691427163
9524 31223.7244461658
9565 31438.4435559251
10000 -162871.1000000000
evaluations raw_y
1 -278596.1000000000
5 -277862.1000000000
6 -276529.1000000000
8 -275706.1000000000
16 -274375.1000000000
17 -273900.1000000000
23 -273508.1000000000
31 -271730.1000000000
32 -269370.1000000000
33 -266360.1000000000
35 -265727.1000000000
38 -263727.1000000000
50 -260568.1000000000
52 -260202.1000000000
55 -258722.1000000000
57 -257977.1000000000
58 -257040.1000000000
73 -255852.1000000000
78 -255554.1000000000
88 -254554.1000000000
98 -254091.1000000000
100 -253455.1000000000
104 -251985.1000000000
108 -251846.1000000000
109 -251156.1000000000
115 -250179.1000000000
116 -247342.1000000000
117 -244450.1000000000
120 -242822.1000000000
121 -241698.1000000000
124 -239812.1000000000
127 -238638.1000000000
130 -237815.1000000000
132 -237411.1000000000
135 -236798.1000000000
137 -235620.1000000000
145 -235519.1000000000
146 -235111.1000000000
149 -232444.1000000000
150 -231859.1000000000
151 -229965.1000000000
156 -229886.1000000000
157 -229399.1000000000
160 -228919.1000000000
161 -228177.1000000000
174 -226068.1000000000
178 -226012.1000000000
185 -224824.1000000000
187 -224820.1000000000
191 -221716.1000000000
193 -220999.1000000000
194 -218416.1000000000
201 -217814.1000000000
203 -216881.1000000000
204 -216409.1000000000
213 -215472.1000000000
219 -211381.1000000000
224 -210307.1000000000
225 -208973.1000000000
228 -208260.1000000000
229 -206342.1000000000
232 -205656.1000000000
238 -205515.1000000000
240 -204929.1000000000
241 -204301.1000000000
256 -203121.1000000000
258 -202203.1000000000
259 -202091.1000000000
264 -200433.1000000000
268 -200066.1000000000
270 -196417.1000000000
275 -195532.1000000000
288 -194606.1000000000
292 -193122.1000000000
295 -192808.1000000000
305 -192546.1000000000
314 -192138.1000000000
320 -191546.1000000000
326 -190879.1000000000
327 -189659.1000000000
328 -187397.1000000000
335 -186787.1000000000
344 -185886.1000000000
346 -185638.1000000000
353 -184436.1000000000
356 -184046.1000000000
377 -183889.1000000000
381 -182985.1000000000
383 -182533.1000000000
391 -182512.1000000000
398 -182025.1000000000
415 -181821.1000000000
417 -181619.1000000000
433 -179668.1000000000
436 -179570.1000000000
451 -179459.1000000000
457 -178050.1000000000
458 -174510.1000000000
475 -173629.1000000000
476 -173226.1000000000
478 -173038.1000000000
505 -171398.1000000000
519 -171336.1000000000
536 -168960.1000000000
551 -168599.1000000000
558 -168209.1000000000
563 -167721.1000000000
566 -167495.1000000000
567 -166435.1000000000
570 -165594.1000000000
588 -165482.1000000000
598 -164658.1000000000
632 -163673.1000000000
639 -163661.1000000000
645 -163190.1000000000
651 -162370.1000000000
661 -161449.1000000000
663 -161443.1000000000
681 -161217.1000000000
687 -160827.1000000000
703 -160239.1000000000
711 25017.4885016453
727 25045.7399218062
758 25237.3216224980
762 25498.2679373985
780 25893.0665410575
808 26315.3812990308
1023 26375.7336603299
1034 26418.6388750914
1053 26532.3668531635
1158 26640.8723904595
1171 26741.8448377438
1238 26742.1307982552
1459 26763.8135107555
1560 26966.5927494354
1585 27075.1575311111
2020 27176.2047206337
2182 27376.1118685667
2184 27728.7981909188
2233 27907.8787492687
2256 28000.2155814144
2277 28362.9931219724
2502 28445.1185125818
2503 28687.5539196428
2516 28838.3743005803
2544 29379.3818197815
3432 29449.8538640218
3478 29509.5202211833
3598 29624.0027843273
4322 29846.8566497783
4612 30093.2495091792
5085 30230.6620592894
5670 30280.4486650205
5722 30291.5173890306
5801 30389.9204661395
6054 30397.2355016436
6120 30627.5402775895
6366 30712.6922885520
6556 30745.7366049905
7795 30859.8573325109
7867 30976.0776764768
8000 31062.9580815600
8341 31073.8409213562
9107 31165.7392815443
9529 31284.0927117907
10000 31284.0927117907
evaluations raw_y
1 -282795.1000000000
7 -281978.1000000000
12 -281149.1000000000
17 -280739.1000000000
18 -279867.1000000000
19 -278600.1000000000
24 -278233.1000000000
29 -275422.1000000000
31 -270728.1000000000
32 -269422.1000000000
37 -265893.1000000000
38 -264397.1000000000
43 -263323.1000000000
44 -263274.1000000000
49 -260438.1000000000
51 -260135.1000000000
53 -259378.1000000000
57 -258200.1000000000
61 -257263.1000000000
63 -256675.1000000000
69 -255701.1000000000
70 -254751.1000000000
71 -253159.1000000000
74 -252285.1000000000
76 -251348.1000000000
80 -250604.1000000000
86 -249918.1000000000
92 -247356.1000000000
106 -246893.1000000000
110 -246889.1000000000
111 -246200.1000000000
114 -245797.1000000000
119 -245322.1000000000
121 -244742.1000000000
126 -244248.1000000000
133 -240886.1000000000
135 -240516.1000000000
141 -240331.1000000000
146 -239597.1000000000
147 -235849.1000000000
149 -234127.1000000000
151 -233724.1000000000
152 -232550.1000000000
155 -232494.1000000000
156 -229911.1000000000
157 -229088.1000000000
166 -227726.1000000000
175 -226783.1000000000
178 -225605.1000000000
181 -222670.1000000000
186 -222151.1000000000
188 -221605.1000000000
202 -217703.1000000000
205 -216099.1000000000
208 -216068.1000000000
212 -213180.1000000000
220 -213080.1000000000
225 -213078.1000000000
226 -212217.1000000000
227 -209343.1000000000
239 -206891.1000000000
240 -206082.1000000000
242 -205674.1000000000
247 -202586.1000000000
251 -201612.1000000000
253 -200577.1000000000
254 -199461.1000000000
257 -199132.1000000000
260 -198710.1000000000
273 -196514.1000000000
275 -194856.1000000000
292 -194676.1000000000
313 -194031.1000000000
316 -193031.1000000000
345 -193029.1000000000
350 -191675.1000000000
355 -191581.1000000000
356 -191579.1000000000
359 -190641.1000000000
365 -186465.1000000000
372 -183461.1000000000
377 -182719.1000000000
381 -180045.1000000000
387 -179831.1000000000
389 -179195.1000000000
397 -178791.1000000000
403 -178046.1000000000
406 -176993.1000000000
413 -175231.1000000000
415 -173377.1000000000
435 -172840.1000000000
439 -171936.1000000000
441 -170452.1000000000
457 -170250.1000000000
458 -169693.1000000000
466 -169131.1000000000
481 -169039.1000000000
496 -169001.1000000000
509 -167813.1000000000
513 -167691.1000000000
539 -165691.1000000000
553 -165283.1000000000
555 -163839.1000000000
556 -163534.1000000000
558 -162711.1000000000
560 -162610.1000000000
562 -162388.1000000000
591 -161900.1000000000
593 -161508.1000000000
629 -161282.1000000000
631 -161034.1000000000
641 26238.8636599433
663 26271.1480153184
666 26301.4433834175
680 26470.3938348015
736 26573.0026296201
817 26675.5875956357
873 26785.6475723817
895 26986.0189832897
1483 27120.5179856170
1529 27281.6619145430
1989 27531.0491701762
2009 27680.3178135839
2292 27880.8503622914
2380 28020.1642989003
3078 28037.3658073819
3162 28230.0069695537
3538 28365.3030642672
5081 28401.1171792825
5166 28551.5031180909
5341 28577.9694457666
5552 28612.4737147896
5568 28759.6433038144
5737 28787.6255010027
5748 28972.8081917035
5798 29121.2068025161
6779 29128.7275229945
6802 29264.0526807037
6807 29448.1777372045
6848 29592.2425904440
6894 29792.5740517613
6949 30008.4887787571
6965 30055.9369900172
7877 30092.2959373570
8315 30112.1463401202
9015 30137.8964322268
9263 30236.6253115992
9378 30247.6802256118
9795 30272.5004189672
9808 30504.8177933359
9872 30592.0518753306
9899 31016.7189299266
10000 -160480.1000000000
evaluations raw_y
1 -281082.1000000000
4 -280941.1000000000
5 -279061.1000000000
7 -275617.1000000000
10 -274696.1000000000
14 -273334.1000000000
22 -272362.1000000000
27 -270320.1000000000
28 -269380.1000000000
33 -267506.1000000000
34 -266330.1000000000
37 -266324.1000000000
40 -264176.1000000000
50 -261072.1000000000
53 -260321.1000000000
57 -259711.1000000000
59 -258891.1000000000
65 -257475.1000000000
66 -255955.1000000000
71 -254583.1000000000
73 -252687.1000000000
74 -250687.1000000000
82 -249373.1000000000
85 -248886.1000000000
86 -247931.1000000000
87 -247318.1000000000
89 -246371.1000000000
92 -245352.1000000000
93 -242772.1000000000
96 -238355.1000000000
97 -237694.1000000000
100 -237049.1000000000
104 -236360.1000000000
106 -235626.1000000000
119 -234372.1000000000
120 -233037.1000000000
121 -231845.1000000000
123 -231726.1000000000
128 -231356.1000000000
130 -231354.1000000000
133 -230525.1000000000
140 -229935.1000000000
145 -228755.1000000000
148 -227465.1000000000
155 -226690.1000000000
168 -225502.1000000000
174 -225192.1000000000
178 -224990.1000000000
182 -223268.1000000000
186 -222632.1000000000
190 -221454.1000000000
191 -221056.1000000000
195 -220593.1000000000
203 -219649.1000000000
204 -217066.1000000000
206 -217061.1000000000
209 -215195.1000000000
211 -214436.1000000000
212 -214065.1000000000
215 -214048.1000000000
221 -213739.1000000000
228 -213600.1000000000
243 -212769.1000000000
249 -212690.1000000000
252 -212134.1000000000
261 -211937.1000000000
263 -210279.1000000000
264 -207471.1000000000
272 -204594.1000000000
275 -204551.1000000000
294 -203164.1000000000
299 -201927.1000000000
314 -201772.1000000000
322 -201678.1000000000
326 -201116.1000000000
327 -200393.1000000000
332 -199333.1000000000
337 -197714.1000000000
340 -195338.1000000000
360 -193076.1000000000
363 -189304.1000000000
379 -188291.1000000000
380 -186783.1000000000
397 -185960.1000000000
404 -185568.1000000000
406 -183525.1000000000
420 -182835.1000000000
421 -182833.1000000000
429 -182353.1000000000
436 -181906.1000000000
448 -180969.1000000000
457 -179313.1000000000
461 -176944.1000000000
466 -176254.1000000000
481 -174786.1000000000
510 -174739.1000000000
512 -173871.1000000000
520 -173412.1000000000
528 -172602.1000000000
529 -171858.1000000000
533 -170940.1000000000
535 -170584.1000000000
549 -170396.1000000000
552 -169507.1000000000
555 -168684.1000000000
576 -168096.1000000000
597 -167121.1000000000
601 -166980.1000000000
620 -165218.1000000000
623 -163916.1000000000
641 -161105.1000000000
655 -160419.1000000000
666 25907.2562294283
773 25998.9045068824
777 26263.1612992136
884 26463.7264527184
1261 26664.2928937873
1299 26763.3539031518
1333 26863.6242897161
1684 26916.6289819097
1693 27134.8560446074
1737 27335.9192071251
2142 27598.2037786855
2177 27798.7386423529
2592 27931.6032774451
2644 28065.0657584453
2771 28177.5968004652
2829 28200.2449984443
2977 28426.7869296875
3202 28709.3496350713
3203 29111.0127413986
3346 29214.4452791767
3832 29259.6549411634
3855 29328.3446919179
3874 29545.5812036488
3913 29627.9827005529
4170 29766.4804974001
4218 30110.3619902869
6583 30134.6159117334
7595 30323.8609211866
7823 30471.6033093179
8201 30472.5591675773
8236 30574.2239260000
8243 30888.9944853808
8260 30997.0281992880
8275 31150.8085050536
9692 31239.8769924812
10000 -160125.1000000000
evaluations raw_y
1 -261361.1000000000
6 -259721.1000000000
11 -259674.1000000000
16 -259270.1000000000
17 -257203.1000000000
29 -256626.1000000000
32 -255552.1000000000
35 -255196.1000000000
37 -255085.1000000000
39 -254775.1000000000
40 -254126.1000000000
43 -253152.1000000000
46 -252410.1000000000
49 -251048.1000000000
50 -249828.1000000000
52 -249472.1000000000
58 -249135.1000000000
62 -248994.1000000000
73 -248531.1000000000
74 -247085.1000000000
76 -246883.1000000000
83 -245636.1000000000
85 -244813.1000000000
86 -243362.1000000000
91 -241860.1000000000
92 -241198.1000000000
94 -241192.1000000000
95 -240582.1000000000
104 -240520.1000000000
109 -239838.1000000000
121 -239129.1000000000
122 -238224.1000000000
128 -237416.1000000000
147 -236694.1000000000
150 -236081.1000000000
153 -235305.1000000000
155 -234482.1000000000
159 -233299.1000000000
163 -231507.1000000000
164 -229878.1000000000
171 -229061.1000000000
172 -228548.1000000000
177 -228383.1000000000
178 -228161.1000000000
185 -227472.1000000000
186 -226852.1000000000
187 -226456.1000000000
189 -225509.1000000000
195 -222295.1000000000
197 -220041.1000000000
207 -216639.1000000000
215 -214913.1000000000
220 -213237.1000000000
224 -213049.1000000000
225 -212898.1000000000
227 -212478.1000000000
233 -211842.1000000000
235 -211367.1000000000
246 -211167.1000000000
251 -210745.1000000000
255 -210118.1000000000
256 -209708.1000000000
269 -207697.1000000000
270 -204669.1000000000
279 -203787.1000000000
281 -203154.1000000000
282 -202877.1000000000
283 -202054.1000000000
288 -201568.1000000000
292 -199682.1000000000
293 -198024.1000000000
294 -197663.1000000000
301 -195063.1000000000
304 -194815.1000000000
317 -193919.1000000000
324 -192906.1000000000
336 -192879.1000000000
345 -192141.1000000000
349 -190974.1000000000
352 -189692.1000000000
355 -188516.1000000000
358 -187285.1000000000
359 -185908.1000000000
369 -185442.1000000000
375 -183548.1000000000
393 -182134.1000000000
398 -180260.1000000000
416 -179856.1000000000
423 -179397.1000000000
431 -178537.1000000000
432 -176693.1000000000
433 -175970.1000000000
456 -175280.1000000000
460 -173929.1000000000
461 -173925.1000000000
490 -173668.1000000000
492 -172728.1000000000
538 -172240.1000000000
544 -171915.1000000000
548 -171515.1000000000
570 -171404.1000000000
573 -169820.1000000000
584 -169453.1000000000
585 -169086.1000000000
593 -168590.1000000000
601 -167146.1000000000
604 -165678.1000000000
629 -165476.1000000000
643 -164142.1000000000
662 -163552.1000000000
703 -163169.1000000000
705 -163047.1000000000
730 -162595.1000000000
739 -161740.1000000000
744 -161318.1000000000
767 22425.3715591696
773 22525.5809409971
783 22576.7931380728
823 22581.1862885745
833 22608.4034784153
857 22630.2510885367
860 22651.4859112569
867 22709.9002631088
873 23233.9248139124
895 23429.3734137703
909 23505.9367174447
940 23601.3940215923
941 23702.2779873912
947 23901.7888434465
985 23966.8861047081
991 24194.3521853314
1058 24295.5127148754
1105 24391.0096952207
1376 24459.1422840644
1392 24564.1270682627
1449 24674.1900941356
1458 25073.6154320942
1573 25161.5321389399
1585 25364.0531621718
1598 25551.2540877578
1893 25595.8753935742
1957 25795.5633444510
1995 26009.8726549446
2197 26104.0809257847
2389 26469.8447600310
2403 26589.9825776678
2414 26809.3774485958
2480 26935.3301073576
2529 27887.5598794475
2532 28442.6442744535
4455 28492.7714779799
4472 28636.7079909857
4475 28685.9299837123
4527 28885.5690353415
4564 28931.5103578517
4575 29048.1066397414
4580 29409.7467444278
4851 29699.9248154879
5254 29719.7436854507
5373 29723.5783099166
5399 29901.7044096881
5627 29987.3438603624
5641 30097.7569733814
6995 30133.4003955547
7503 30269.5567881975
9056 30509.3909006508
9505 30547.7627003089
9634 30587.5570440938
9635 31037.3944555683
10000 31037.3944555683
evaluations raw_y
1 -264750.1000000000
4 -262584.1000000000
7 -261902.1000000000
8 -258332.1000000000
9 -257657.1000000000
11 -256724.1000000000
12 -255544.1000000000
13 -255230.1000000000
14 -250877.1000000000
18 -249664.1000000000
20 -248727.1000000000
21 -247087.1000000000
25 -246346.1000000000
28 -244878.1000000000
32 -244164.1000000000
36 -243602.1000000000
37 -238967.1000000000
39 -238281.1000000000
45 -237832.1000000000
54 -237527.1000000000
66 -237388.1000000000
69 -237116.1000000000
71 -236806.1000000000
72 -236341.1000000000
79 -235767.1000000000
80 -235736.1000000000
86 -231180.1000000000
87 -229802.1000000000
89 -226910.1000000000
91 -226274.1000000000
95 -226048.1000000000
96 -225387.1000000000
98 -224564.1000000000
100 -223951.1000000000
101 -222085.1000000000
102 -221345.1000000000
109 -218905.1000000000
115 -217891.1000000000
133 -216236.1000000000
136 -215248.1000000000
138 -214439.1000000000
141 -213308.1000000000
143 -209992.1000000000
146 -209584.1000000000
150 -208250.1000000000
151 -208156.1000000000
156 -207704.1000000000
159 -207229.1000000000
167 -204401.1000000000
168 -203480.1000000000
184 -203476.1000000000
186 -202996.1000000000
192 -202794.1000000000
202 -202402.1000000000
208 -202340.1000000000
216 -202100.1000000000
217 -201899.1000000000
218 -201271.1000000000
222 -200682.1000000000
230 -198518.1000000000
243 -197695.1000000000
263 -197328.1000000000
264 -196906.1000000000
266 -195572.1000000000
268 -195570.1000000000
274 -192030.1000000000
292 -191852.1000000000
302 -190572.1000000000
304 -188654.1000000000
307 -188042.1000000000
322 -187704.1000000000
331 -185252.1000000000
380 -183998.1000000000
381 -183898.1000000000
385 -181855.1000000000
403 -181288.1000000000
418 -180783.1000000000
437 -178991.1000000000
441 -177629.1000000000
462 -175045.1000000000
479 -173599.1000000000
485 -173568.1000000000
496 -172150.1000000000
502 -170841.1000000000
505 -170516.1000000000
507 -169048.1000000000
515 -168986.1000000000
541 -168805.1000000000
548 -168325.1000000000
560 -167873.1000000000
575 -167588.1000000000
576 -166608.1000000000
603 -165286.1000000000
608 -164673.1000000000
648 -164028.1000000000
654 -163028.1000000000
677 -160891.1000000000
679 24130.6756432536
763 24139.1072971758
779 24233.9583924469
782 24271.8923977608
873 24516.8489085343
877 24565.3816118536
931 24604.0875441307
932 24625.1853331059
941 24676.8035405056
984 24875.9108152697
995 24877.9079963419
1014 24942.4723094655
1034 25031.6169978090
1047 25514.2140407652
1061 25610.6428920069
1069 25692.7186999260
1085 25871.4535912588
1210 25912.9195525355
1216 26078.8798904246
1237 26127.4319004966
1239 26148.4185557234
1271 26274.9198717370
1365 26347.1224678524
1366 26448.8222130300
1369 26490.3786020771
1466 26495.9595498627
1475 26560.4890139788
1478 26655.8571399119
1492 26724.8097359306
1564 26728.8574852292
1565 26795.4560309204
1587 26888.4746023017
1593 26974.2429031965
1644 27061.3762788048
1850 27452.7870613841
2172 27477.7779641417
2299 27564.5033566633
2423 27746.4793166242
2766 27783.9640707436
2771 27844.3500236147
2828 27999.1463463680
2830 28033.3867222176
3411 28132.5976821665
3480 28217.2425408674
3906 28544.1799535126
4255 28636.5506477737
4332 28836.2935883705
4409 28863.7953573420
4528 28878.0367055536
4678 28973.9298847896
4760 29179.1685540385
4763 29302.4197218918
4927 29632.9807220574
5144 29642.2490731495
5542 29784.8366350729
5544 29812.1634402877
5579 29933.5743613910
5659 30041.3578664565
5756 30053.9875456775
6531 30132.0918487551
6622 30318.7843821687
7432 30437.4261220248
8570 30471.3256208749
8612 30666.4108668752
10000 -160295.1000000000
evaluations raw_y
1 -275543.1000000000
8 -275063.1000000000
11 -270908.1000000000
16 -270829.1000000000
21 -269911.1000000000
23 -269519.1000000000
25 -268316.1000000000
31 -264996.1000000000
34 -263993.1000000000
37 -262958.1000000000
50 -262478.1000000000
56 -262278.1000000000
59 -262277.1000000000
64 -262216.1000000000
68 -260898.1000000000
69 -260248.1000000000
73 -259762.1000000000
74 -258762.1000000000
75 -258514.1000000000
78 -250973.1000000000
84 -249785.1000000000
85 -249565.1000000000
88 -249283.1000000000
90 -247828.1000000000
92 -247438.1000000000
99 -247337.1000000000
101 -247252.1000000000
104 -245806.1000000000
107 -242163.1000000000
113 -241440.1000000000
114 -240846.1000000000
116 -239546.1000000000
117 -238256.1000000000
120 -236922.1000000000
122 -236856.1000000000
132 -236228.1000000000
136 -235698.1000000000
140 -235280.1000000000
144 -234060.1000000000
145 -233937.1000000000
155 -233858.1000000000
160 -232650.1000000000
172 -232524.1000000000
173 -229208.1000000000
174 -227779.1000000000
175 -227664.1000000000
176 -227314.1000000000
181 -225868.1000000000
186 -225255.1000000000
189 -224934.1000000000
200 -224887.1000000000
209 -224143.1000000000
219 -223570.1000000000
220 -222649.1000000000
230 -222174.1000000000
235 -222060.1000000000
237 -221213.1000000000
240 -221182.1000000000
248 -220722.1000000000
253 -220583.1000000000
254 -219256.1000000000
258 -218846.1000000000
266 -218604.1000000000
281 -216963.1000000000
283 -216171.1000000000
285 -213391.1000000000
291 -212211.1000000000
300 -210347.1000000000
315 -209335.1000000000
317 -209192.1000000000
319 -207902.1000000000
326 -207044.1000000000
346 -206431.1000000000
361 -205509.1000000000
362 -205099.1000000000
367 -204919.1000000000
377 -204715.1000000000
380 -203404.1000000000
387 -203231.1000000000
390 -202259.1000000000
391 -201326.1000000000
402 -200479.1000000000
430 -198679.1000000000
446 -197775.1000000000
449 -197424.1000000000
453 -196554.1000000000
458 -194172.1000000000
467 -192532.1000000000
468 -192210.1000000000
474 -191788.1000000000
489 -191198.1000000000
494 -188272.1000000000
502 -187807.1000000000
513 -187543.1000000000
522 -186087.1000000000
524 -185110.1000000000
527 -184236.1000000000
551 -183846.1000000000
562 -183172.1000000000
575 -182716.1000000000
577 -182444.1000000000
585 -181621.1000000000
617 -181288.1000000000
626 -181255.1000000000
636 -179656.1000000000
642 -178436.1000000000
679 -178122.1000000000
682 -177920.1000000000
721 -177358.1000000000
740 -177033.1000000000
760 -176801.1000000000
763 -176188.1000000000
776 -175900.1000000000
810 -174925.1000000000
815 -174619.1000000000
822 -174011.1000000000
824 -172565.1000000000
827 -170510.1000000000
873 -170304.1000000000
878 -167976.1000000000
896 -167788.1000000000
907 -167562.1000000000
908 -165943.1000000000
937 -165820.1000000000
957 -165665.1000000000
960 -165032.1000000000
978 -165001.1000000000
984 -164524.1000000000
999 -164461.1000000000
1032 -162993.1000000000
1034 -160690.1000000000
1036 24978.4946713264
1040 25431.1492265420
1041 25643.2363027204
1043 26085.3853356789
1044 26245.2038051587
1046 26577.0644413124
1050 27018.0436040343
1053 27121.5599673524
1055 27571.9957863765
1087 27724.0612300826
1297 27827.0371868674
1411 27831.7518771354
1754 28032.4368047563
2279 28288.0630121100
2667 28288.3974396748
2697 28488.1107338962
3018 28520.0441323099
3043 28904.8968462457
3904 28967.0165981749
4158 28993.0288260166
4608 29102.1112783875
4647 29247.6803561465
4698 29363.4856546781
4758 29507.5484806617
5006 29651.1238013264
5007 29809.7820243510
5564 29937.5938717331
6033 30053.0089380035
6375 30206.6783764899
7039 30261.5934879928
7767 30346.1930273725
8055 30361.8023053084
8154 30513.8446685966
8256 30621.0517885613
9555 30811.3503410357
9557 30982.3552232497
9589 31016.3521710582
9622 31167.6950632248
10000 -160673.1000000000
evaluations raw_y
1 -278053.1000000000
3 -277149.1000000000
5 -276482.1000000000
12 -275549.1000000000
13 -274177.1000000000
14 -273069.1000000000
15 -271069.1000000000
16 -270173.1000000000
17 -268611.1000000000
20 -268363.1000000000
23 -267211.1000000000
24 -266844.1000000000
26 -266618.1000000000
32 -266159.1000000000
33 -265233.1000000000
39 -263488.1000000000
42 -262514.1000000000
51 -261396.1000000000
52 -261079.1000000000
54 -260669.1000000000
57 -259846.1000000000
59 -255081.1000000000
60 -252514.1000000000
63 -250670.1000000000
69 -249224.1000000000
70 -248611.1000000000
73 -247791.1000000000
74 -247369.1000000000
75 -244558.1000000000
82 -243620.1000000000
84 -242140.1000000000
86 -241467.1000000000
88 -240327.1000000000
89 -239387.1000000000
95 -239263.1000000000
96 -239163.1000000000
102 -238870.1000000000
107 -238047.1000000000
112 -235719.1000000000
114 -235362.1000000000
119 -234596.1000000000
120 -234491.1000000000
122 -231768.1000000000
125 -231034.1000000000
131 -229744.1000000000
136 -229321.1000000000
137 -229074.1000000000
138 -226714.1000000000
142 -226437.1000000000
143 -225374.1000000000
144 -224805.1000000000
159 -224030.1000000000
160 -223112.1000000000
167 -222647.1000000000
168 -222436.1000000000
172 -222336.1000000000
177 -221024.1000000000
181 -220411.1000000000
185 -220050.1000000000
186 -219113.1000000000
187 -218256.1000000000
195 -215325.1000000000
196 -214970.1000000000
199 -214096.1000000000
201 -213625.1000000000
202 -213384.1000000000
209 -213267.1000000000
218 -212962.1000000000
221 -212930.1000000000
225 -211806.1000000000
226 -211797.1000000000
230 -211460.1000000000
232 -210989.1000000000
236 -210509.1000000000
240 -207926.1000000000
247 -206286.1000000000
255 -205886.1000000000
270 -205718.1000000000
272 -205404.1000000000
276 -205164.1000000000
282 -204883.1000000000
284 -202100.1000000000
297 -201253.1000000000
298 -199919.1000000000
304 -199229.1000000000
306 -196352.1000000000
307 -195786.1000000000
313 -195382.1000000000
315 -195180.1000000000
328 -195040.1000000000
339 -194867.1000000000
356 -193693.1000000000
361 -191819.1000000000
365 -191323.1000000000
366 -190351.1000000000
367 -189961.1000000000
373 -189622.1000000000
376 -188859.1000000000
381 -188119.1000000000
387 -185227.1000000000
390 -181783.1000000000
401 -180603.1000000000
407 -180029.1000000000
419 -179285.1000000000
430 -178960.1000000000
437 -178016.1000000000
439 -177923.1000000000
445 -176930.1000000000
482 -175850.1000000000
503 -173208.1000000000
514 -172269.1000000000
518 -171901.1000000000
541 -170601.1000000000
543 -170149.1000000000
546 -169017.1000000000
552 -166719.1000000000
562 -166275.1000000000
563 -165049.1000000000
569 -164861.1000000000
579 -164505.1000000000
582 -164499.1000000000
583 -160888.1000000000
586 25509.8537851543
590 25710.3996403697
591 26090.6789544547
607 26195.0379658878
608 26402.8124565450
968 26534.2656059593
1849 26734.3328312822
1899 26812.0735727097
2457 26828.3694094164
2534 26873.8588942612
2542 27074.6500880069
2745 27344.7993251144
2876 27647.9136840571
3301 27801.9520409396
3302 28000.7484243710
3313 28164.5458199237
3314 28291.4850002858
3372 28394.0028659961
3699 28483.7466510678
3944 28609.4905317022
4790 28912.9860985918
5444 28959.5474819553
5477 29288.7567697823
5523 29434.5932702200
6495 29646.5975054559
7024 29784.4720671275
7496 29794.5993018375
8140 29831.7316913340
8143 29981.9757296202
8718 30085.5438097049
8722 30283.0951810573
8826 30596.4908691903
8892 30796.3743061900
8946 30812.6866002991
8969 30838.8634270796
10000 30838.8634270796
evaluations raw_y
1 -287593.1000000000
6 -284794.1000000000
7 -284790.1000000000
14 -284015.1000000000
15 -283669.1000000000
22 -282915.1000000000
24 -281249.1000000000
26 -280944.1000000000
28 -278059.1000000000
35 -276344.1000000000
36 -275731.1000000000
37 -275111.1000000000
41 -274631.1000000000
46 -274210.1000000000
49 -272984.1000000000
51 -271730.1000000000
53 -271668.1000000000
55 -270544.1000000000
57 -269784.1000000000
61 -267332.1000000000
62 -267223.1000000000
64 -266400.1000000000
65 -266075.1000000000
67 -265835.1000000000
70 -264655.1000000000
74 -263644.1000000000
75 -259644.1000000000
76 -259590.1000000000
77 -258643.1000000000
79 -254867.1000000000
91 -251506.1000000000
93 -250765.1000000000
99 -250672.1000000000
100 -250312.1000000000
105 -250110.1000000000
106 -249899.1000000000
108 -249123.1000000000
114 -247745.1000000000
117 -247645.1000000000
126 -247182.1000000000
128 -245308.1000000000
144 -245261.1000000000
183 -244924.1000000000
189 -244362.1000000000
190 -242706.1000000000
191 -241420.1000000000
199 -240957.1000000000
200 -240946.1000000000
201 -239952.1000000000
204 -238764.1000000000
213 -236595.1000000000
231 -234977.1000000000
236 -232166.1000000000
238 -232086.1000000000
243 -231360.1000000000
255 -229720.1000000000
257 -228777.1000000000
271 -228127.1000000000
282 -226537.1000000000
287 -226200.1000000000
292 -225077.1000000000
293 -224333.1000000000
294 -223165.1000000000
305 -222348.1000000000
313 -218816.1000000000
317 -215712.1000000000
339 -215601.1000000000
343 -215397.1000000000
347 -214770.1000000000
350 -212527.1000000000
352 -211646.1000000000
353 -211108.1000000000
372 -210967.1000000000
375 -208863.1000000000
381 -208392.1000000000
383 -208359.1000000000
392 -207608.1000000000
394 -205714.1000000000
399 -205152.1000000000
411 -204952.1000000000
412 -204705.1000000000
413 -201389.1000000000
427 -200762.1000000000
450 -200639.1000000000
454 -197187.1000000000
457 -193415.1000000000
458 -193264.1000000000
463 -192590.1000000000
473 -192110.1000000000
477 -191580.1000000000
481 -190699.1000000000
487 -189365.1000000000
498 -188075.1000000000
499 -187465.1000000000
509 -186991.1000000000
522 -186054.1000000000
551 -184168.1000000000
553 -182688.1000000000
563 -182101.1000000000
568 -181205.1000000000
570 -180743.1000000000
580 -180588.1000000000
584 -179410.1000000000
585 -178236.1000000000
586 -177547.1000000000
613 -177191.1000000000
616 -175884.1000000000
631 -175461.1000000000
664 -174738.1000000000
672 -174258.1000000000
701 -173887.1000000000
730 -173201.1000000000
734 -172979.1000000000
737 -171649.1000000000
749 -170915.1000000000
757 -170836.1000000000
758 -170444.1000000000
762 -166696.1000000000
766 -165876.1000000000
768 -165666.1000000000
777 -164573.1000000000
815 -163625.1000000000
821 -163104.1000000000
824 -163098.1000000000
834 -161910.1000000000
836 24802.8479577298
838 24895.5953078637
850 24986.5819159326
853 25297.8186494803
867 25398.8074676768
870 25598.6105106381
920 25692.9630401373
1009 25785.0406276046
1241 25884.8360611567
1395 26050.9870883455
1483 26137.0027108111
1757 26536.2078797853
1856 26642.9496418443
1892 26651.9337652900
1894 26865.7403146682
1991 27097.8699354859
2042 27199.1193859544
2494 27301.6089084114
2860 27530.1508798177
2864 27535.2145224547
2905 27946.3698338846
2927 28146.9527448438
2948 28277.1325846373
3333 28285.2042171735
3356 28552.5444307581
3814 28732.7087030730
3834 28835.9907049307
3984 29061.6057631964
4265 29251.1255591919
4323 29389.3299922351
4435 29471.3403254807
6233 29473.9422007933
6660 29475.2136303194
6749 29678.8109111285
6872 29678.9080586889
7527 29687.7490608196
7528 29850.5168990141
7535 30215.0658150559
8010 30215.2434194692
9624 30289.7289898853
9627 30511.4710293613
10000 -161090.1000000000
evaluations raw_y
1 -272419.1000000000
2 -269540.1000000000
5 -269418.1000000000
6 -269130.1000000000
7 -267005.1000000000
10 -266264.1000000000
12 -263491.1000000000
16 -260560.1000000000
17 -259080.1000000000
18 -257482.1000000000
21 -256848.1000000000
22 -256181.1000000000
28 -256077.1000000000
30 -255866.1000000000
34 -255177.1000000000
36 -255146.1000000000
37 -254904.1000000000
47 -251823.1000000000
50 -250377.1000000000
58 -249461.1000000000
59 -248946.1000000000
60 -246190.1000000000
62 -245659.1000000000
64 -245651.1000000000
71 -242763.1000000000
79 -242684.1000000000
80 -241600.1000000000
82 -240984.1000000000
84 -238397.1000000000
96 -238050.1000000000
98 -235834.1000000000
102 -235382.1000000000
107 -235156.1000000000
109 -234220.1000000000
115 -232220.1000000000
116 -231797.1000000000
119 -230295.1000000000
131 -229323.1000000000
133 -228761.1000000000
147 -228001.1000000000
151 -227714.1000000000
162 -226972.1000000000
165 -225783.1000000000
169 -225324.1000000000
177 -225073.1000000000
178 -224932.1000000000
185 -224777.1000000000
191 -224289.1000000000
196 -223662.1000000000
201 -223182.1000000000
203 -222478.1000000000
217 -222173.1000000000
218 -219586.1000000000
219 -219030.1000000000
221 -218093.1000000000
223 -216649.1000000000
230 -215937.1000000000
233 -215343.1000000000
234 -215103.1000000000
242 -214180.1000000000
250 -213976.1000000000
271 -212696.1000000000
274 -211770.1000000000
276 -209382.1000000000
277 -208004.1000000000
280 -207100.1000000000
293 -206356.1000000000
294 -204698.1000000000
306 -203923.1000000000
308 -202799.1000000000
315 -201847.1000000000
321 -200875.1000000000
324 -199699.1000000000
325 -199291.1000000000
333 -196455.1000000000
337 -195680.1000000000
349 -194444.1000000000
355 -193082.1000000000
356 -192401.1000000000
362 -191991.1000000000
373 -191445.1000000000
377 -190722.1000000000
380 -190463.1000000000
381 -189525.1000000000
400 -187958.1000000000
401 -184418.1000000000
408 -183684.1000000000
410 -183362.1000000000
416 -183115.1000000000
435 -182143.1000000000
452 -181454.1000000000
454 -180804.1000000000
462 -179867.1000000000
463 -177483.1000000000
481 -175691.1000000000
490 -175381.1000000000
498 -171609.1000000000
501 -171089.1000000000
502 -170601.1000000000
505 -168735.1000000000
531 -167227.1000000000
535 -165353.1000000000
538 -164499.1000000000
543 -164198.1000000000
552 -164075.1000000000
575 -163558.1000000000
577 -163521.1000000000
578 -161677.1000000000
604 -160868.1000000000
606 24370.0159724254
607 24711.3522864944
612 24729.6962332340
613 24914.5139843122
677 25105.0753329250
733 25183.8871170826
736 25340.6659677564
779 25540.2148242556
839 25562.7939594125
842 25663.6735461585
899 25740.7896636642
905 26139.8388312296
958 26180.4811954378
990 26249.7103608376
991 26468.1784619651
995 26587.2348203443
1098 26660.5763174007
1101 26717.0248312038
1116 26917.6583591958
1137 27052.2023127798
1188 27152.2164465340
1218 27253.4707037321
1342 27271.3075456298
1385 27374.8329066910
1511 27480.8864116873
1689 27526.6419828543
1701 27675.3383568871
1719 28090.5173346374
1907 28252.5494061648
2133 28371.9049057337
2324 28455.5996829502
2777 28472.8260094037
2957 28928.3546200878
3328 29009.5359869204
3338 29220.6680887135
3374 29382.6487384885
3565 29403.0582784218
3620 29531.6143274592
3666 29655.7068515309
4228 29676.8482597647
4235 29684.8971234935
4251 29870.4154928703
4287 30397.2140100669
4295 30410.6544529215
4974 30430.0598979483
6080 30514.8301871566
6087 30977.5077065298
6180 31213.5675103289
6281 31271.6894659036
6310 31354.7166111535
6466 31471.5707884606
7018 31571.5882683466
7837 31759.6426539768
8315 31789.1042722067
8650 31791.6229052844
10000 -163641.1000000000
evaluations raw_y
1 -288544.1000000000
2 -287366.1000000000
4 -286615.1000000000
6 -286553.1000000000
8 -284617.1000000000
9 -283198.1000000000
12 -282701.1000000000
17 -280658.1000000000
21 -277183.1000000000
24 -276468.1000000000
25 -275509.1000000000
33 -274624.1000000000
38 -273867.1000000000
44 -273694.1000000000
53 -273250.1000000000
60 -272894.1000000000
61 -271894.1000000000
62 -270953.1000000000
65 -270950.1000000000
66 -270046.1000000000
69 -269524.1000000000
71 -267333.1000000000
82 -267330.1000000000
86 -265568.1000000000
89 -264945.1000000000
90 -261653.1000000000
92 -260363.1000000000
96 -259515.1000000000
98 -259478.1000000000
104 -259267.1000000000
106 -258844.1000000000
108 -257342.1000000000
109 -252698.1000000000
115 -252332.1000000000
125 -252038.1000000000
127 -251558.1000000000
130 -251099.1000000000
133 -249206.1000000000
134 -248718.1000000000
139 -246941.1000000000
140 -245075.1000000000
142 -244600.1000000000
147 -243030.1000000000
148 -242693.1000000000
154 -241746.1000000000
157 -240970.1000000000
160 -240096.1000000000
166 -238779.1000000000
167 -236199.1000000000
169 -235993.1000000000
176 -234456.1000000000
179 -233868.1000000000
185 -233108.1000000000
190 -232775.1000000000
191 -232007.1000000000
197 -231265.1000000000
199 -229797.1000000000
200 -228974.1000000000
210 -225904.1000000000
216 -225367.1000000000
222 -224434.1000000000
225 -224212.1000000000
226 -223523.1000000000
228 -222135.1000000000
238 -221712.1000000000
264 -220472.1000000000
267 -217466.1000000000
280 -216952.1000000000
282 -215129.1000000000
285 -213211.1000000000
289 -211691.1000000000
297 -211252.1000000000
298 -209888.1000000000
305 -209394.1000000000
307 -208660.1000000000
309 -207246.1000000000
314 -206524.1000000000
316 -205552.1000000000
319 -205521.1000000000
320 -204231.1000000000
324 -203744.1000000000
327 -202490.1000000000
329 -200959.1000000000
332 -200903.1000000000
336 -200313.1000000000
342 -198419.1000000000
353 -195103.1000000000
358 -194946.1000000000
361 -194767.1000000000
375 -194357.1000000000
387 -193174.1000000000
391 -192784.1000000000
392 -192575.1000000000
400 -191906.1000000000
403 -189644.1000000000
406 -189031.1000000000
413 -188091.1000000000
417 -187013.1000000000
423 -186290.1000000000
432 -182290.1000000000
433 -181721.1000000000
441 -180275.1000000000
451 -180104.1000000000
459 -179627.1000000000
462 -179097.1000000000
483 -179096.1000000000
505 -178387.1000000000
509 -178379.1000000000
515 -177734.1000000000
527 -176088.1000000000
532 -175170.1000000000
536 -175029.1000000000
540 -173724.1000000000
558 -172646.1000000000
577 -171905.1000000000
586 -170031.1000000000
614 -166817.1000000000
615 -165846.1000000000
622 -165745.1000000000
632 -165425.1000000000
635 -165313.1000000000
640 -163667.1000000000
663 -163206.1000000000
668 -160754.1000000000
684 -160631.1000000000
701 26768.1070631045
705 27034.3832631797
710 27178.3515209412
761 27305.8352328998
838 27406.0691946241
1298 27508.9493026666
1317 27521.9232074405
1322 27741.1632510256
1329 27872.2674926993
1348 28010.7026847002
1356 28071.5700427249
1385 28272.0262112073
1707 28380.5484499710
1736 28656.6587067894
1850 28661.3579297127
1855 28841.9595166276
1885 29012.7415466562
2477 29041.6022036518
2521 29094.8766166739
2604 29604.2681245406
2611 29876.8393508656
2666 30014.5164793740
2762 30018.4617116685
2848 30041.2526914464
3738 30215.0872156720
5132 30573.9114060222
5951 30686.9523294851
8554 30714.0572134330
8604 31015.9868350694
10000 -160670.1000000000
evaluations raw_y
1 -282596.1000000000
2 -282096.1000000000
4 -280922.1000000000
8 -279550.1000000000
12 -278809.1000000000
14 -278069.1000000000
21 -277990.1000000000
24 -276853.1000000000
25 -276029.1000000000
27 -275639.1000000000
28 -275579.1000000000
31 -274756.1000000000
32 -274262.1000000000
33 -274060.1000000000
36 -273060.1000000000
38 -269968.1000000000
39 -267157.1000000000
45 -266582.1000000000
46 -264493.1000000000
52 -263546.1000000000
57 -260609.1000000000
62 -260121.1000000000
65 -258941.1000000000
66 -258910.1000000000
68 -257997.1000000000
72 -256205.1000000000
74 -255813.1000000000
76 -253744.1000000000
78 -251564.1000000000
81 -250690.1000000000
82 -244542.1000000000
90 -243819.1000000000
102 -242933.1000000000
108 -242577.1000000000
110 -241453.1000000000
124 -241251.1000000000
125 -238978.1000000000
129 -237092.1000000000
135 -235773.1000000000
137 -235243.1000000000
141 -234554.1000000000
150 -234238.1000000000
155 -234082.1000000000
157 -233493.1000000000
158 -233212.1000000000
164 -230502.1000000000
167 -230340.1000000000
170 -229868.1000000000
175 -229039.1000000000
177 -228452.1000000000
182 -227965.1000000000
184 -226997.1000000000
189 -225346.1000000000
190 -223303.1000000000
191 -222768.1000000000
194 -221992.1000000000
201 -219326.1000000000
202 -219104.1000000000
205 -218329.1000000000
207 -215877.1000000000
218 -215123.1000000000
220 -214655.1000000000
221 -213679.1000000000
227 -213453.1000000000
240 -212680.1000000000
244 -210102.1000000000
255 -209435.1000000000
259 -209033.1000000000
262 -208751.1000000000
263 -208446.1000000000
264 -208290.1000000000
265 -206520.1000000000
270 -205831.1000000000
283 -204605.1000000000
285 -203317.1000000000
287 -201423.1000000000
289 -200701.1000000000
292 -197597.1000000000
293 -195917.1000000000
295 -194081.1000000000
312 -193691.1000000000
314 -190687.1000000000
315 -190037.1000000000
316 -189133.1000000000
320 -188389.1000000000
334 -187967.1000000000
335 -187340.1000000000
340 -186444.1000000000
343 -185624.1000000000
352 -184988.1000000000
364 -184909.1000000000
386 -180759.1000000000
400 -179898.1000000000
409 -179694.1000000000
411 -179454.1000000000
417 -178394.1000000000
421 -177567.1000000000
431 -174987.1000000000
440 -174019.1000000000
482 -173615.1000000000
496 -172925.1000000000
527 -172395.1000000000
529 -172364.1000000000
535 -172211.1000000000
537 -172135.1000000000
539 -171769.1000000000
551 -171764.1000000000
553 -171356.1000000000
555 -169585.1000000000
559 -167482.1000000000
565 -166849.1000000000
567 -166749.1000000000
584 -165303.1000000000
604 -165191.1000000000
605 -164216.1000000000
606 -163870.1000000000
622 -163500.1000000000
634 -162624.1000000000
642 -161636.1000000000
649 -161436.1000000000
696 -161190.1000000000
707 -160710.1000000000
716 -160083.1000000000
718 -160036.1000000000
720 25797.2231148556
766 25952.4895399060
790 25976.1408073778
884 26176.5556311304
1102 26279.2003704814
1306 26473.2829647916
1308 26918.0559336314
1374 26921.7399034670
1434 27024.5794360571
1525 27138.2118975896
1692 27145.9737177879
1698 27246.2388138902
1765 27357.9157083035
1776 27509.4606590378
1963 27621.4748508076
2018 27733.2072654984
2684 27737.0847737702
2813 27914.7701671716
2818 28049.6973132993
3075 28138.0688410461
3763 28141.4442940639
3840 28181.6479734973
3970 28217.1257635977
3983 28390.4245495462
4045 28624.2320033939
4068 28685.9517195862
4113 28775.5827547356
4115 29107.6870236383
4293 29245.9776954695
4725 29387.7324815921
4758 29583.0667595178
4842 29802.7604541251
4951 29985.2382149922
6979 30050.8192312378
7570 30120.8479993783
8002 30193.7299974999
8042 30194.0154222212
8262 30310.5503845894
8743 30343.1931478034
8853 30817.6823540129
8873 31138.7464621358
8996 31223.9340937055
9061 31281.9827720956
9075 31341.9652921572
9802 31493.8680240528
9990 31508.0877971948
10000 31508.0877971948
evaluations raw_y
1 -269743.1000000000
2 -265025.1000000000
11 -262442.1000000000
13 -261254.1000000000
14 -260321.1000000000
27 -259006.1000000000
31 -258780.1000000000
32 -256404.1000000000
34 -254478.1000000000
35 -253984.1000000000
37 -251544.1000000000
38 -251154.1000000000
39 -251060.1000000000
43 -247288.1000000000
48 -243341.1000000000
52 -242752.1000000000
58 -241992.1000000000
62 -239732.1000000000
63 -238755.1000000000
67 -237755.1000000000
72 -236925.1000000000
78 -236029.1000000000
80 -234143.1000000000
88 -233663.1000000000
94 -232989.1000000000
95 -232199.1000000000
98 -231662.1000000000
99 -231176.1000000000
100 -230871.1000000000
104 -229955.1000000000
110 -227144.1000000000
111 -226678.1000000000
112 -223816.1000000000
117 -223075.1000000000
131 -219631.1000000000
147 -217991.1000000000
148 -217455.1000000000
156 -215685.1000000000
161 -214764.1000000000
165 -214447.1000000000
166 -214073.1000000000
171 -213683.1000000000
172 -212472.1000000000
175 -212467.1000000000
177 -211220.1000000000
181 -208126.1000000000
188 -207816.1000000000
190 -206877.1000000000
196 -205973.1000000000
199 -204073.1000000000
209 -203484.1000000000
236 -200634.1000000000
241 -199660.1000000000
253 -199326.1000000000
261 -198676.1000000000
286 -196832.1000000000
296 -196675.1000000000
297 -195191.1000000000
298 -194561.1000000000
303 -194359.1000000000
309 -193994.1000000000
328 -192526.1000000000
332 -191545.1000000000
337 -191264.1000000000
340 -189850.1000000000
342 -189442.1000000000
350 -186868.1000000000
358 -186501.1000000000
363 -185480.1000000000
367 -184002.1000000000
371 -182584.1000000000
379 -180822.1000000000
389 -180466.1000000000
394 -180354.1000000000
395 -180335.1000000000
413 -175474.1000000000
427 -175009.1000000000
440 -174534.1000000000
447 -174004.1000000000
448 -173604.1000000000
465 -173603.1000000000
488 -172849.1000000000
505 -172019.1000000000
514 -171983.1000000000
523 -171576.1000000000
540 -171096.1000000000
545 -170373.1000000000
562 -170342.1000000000
563 -169296.1000000000
612 -168660.1000000000
620 -167775.1000000000
621 -164956.1000000000
631 -164234.1000000000
636 -161712.1000000000
647 -161656.1000000000
648 -161649.1000000000
649 -160907.1000000000
673 25061.2431029875
768 25261.4765226865
800 25461.7063125744
815 25707.1582514365
823 25748.6219447595
872 25864.4334769025
876 25969.0390729387
1102 26044.5689948225
1117 26167.1029821522
1144 26269.2993654838
1476 26483.2570941079
1482 26617.9403413536
1496 26920.8072446170
1542 27052.1421906041
1547 27292.1159094294
1833 27400.6545154012
1839 27524.5380097714
1939 27724.7963241106
2077 27815.2483181364
2089 28135.9934087633
2121 28199.7270741932
2497 28236.8584058258
2823 28530.9901861989
2861 28652.7705244146
3021 28901.3537631781
4938 28974.7329375111
4942 29268.8192286633
5065 29366.8001415149
5333 29494.3250688767
5343 29829.1407207397
6239 29982.4791319924
6520 30140.3389889068
6998 30255.8554413522
7007 30409.3905912681
7155 30483.7812306951
7169 30673.4807636375
7313 30797.9799577377
7702 30912.7735393722
8012 31049.1370223373
8240 31054.7310326736
8399 31457.4449361261
8401 31619.0033945523
8621 31782.2714851086
8712 31942.8766976547
8868 32036.1510806651
9074 32124.0172563225
9441 32212.9446292252
10000 -161220.1000000000
evaluations raw_y
1 -270360.1000000000
6 -269916.1000000000
8 -269516.1000000000
9 -268579.1000000000
13 -267718.1000000000
22 -263946.1000000000
23 -261894.1000000000
26 -259851.1000000000
27 -256746.1000000000
29 -256136.1000000000
30 -256133.1000000000
37 -255357.1000000000
38 -252216.1000000000
41 -251994.1000000000
43 -251272.1000000000
44 -250798.1000000000
54 -250015.1000000000
55 -249320.1000000000
59 -248987.1000000000
60 -247354.1000000000
66 -247323.1000000000
80 -246795.1000000000
86 -244364.1000000000
90 -241912.1000000000
92 -241657.1000000000
96 -240479.1000000000
100 -237587.1000000000
103 -235969.1000000000
108 -235868.1000000000
110 -235108.1000000000
112 -234664.1000000000
116 -233714.1000000000
123 -233184.1000000000
129 -232994.1000000000
137 -232571.1000000000
145 -232097.1000000000
149 -231449.1000000000
155 -230708.1000000000
163 -230608.1000000000
167 -228893.1000000000
170 -228645.1000000000
172 -227971.1000000000
174 -227830.1000000000
189 -224813.1000000000
193 -224317.1000000000
197 -224106.1000000000
200 -222772.1000000000
207 -221819.1000000000
210 -220898.1000000000
216 -220698.1000000000
218 -218824.1000000000
233 -216924.1000000000
241 -215736.1000000000
250 -215687.1000000000
252 -215576.1000000000
260 -214199.1000000000
269 -210839.1000000000
278 -208040.1000000000
284 -207370.1000000000
290 -206149.1000000000
301 -205923.1000000000
307 -200769.1000000000
312 -200283.1000000000
318 -199796.1000000000
332 -199473.1000000000
337 -198219.1000000000
339 -197282.1000000000
345 -196695.1000000000
347 -194745.1000000000
352 -193768.1000000000
371 -192622.1000000000
378 -191501.1000000000
388 -191131.1000000000
389 -189759.1000000000
395 -188548.1000000000
402 -188469.1000000000
411 -188467.1000000000
413 -187923.1000000000
419 -186208.1000000000
427 -186096.1000000000
428 -185718.1000000000
430 -185090.1000000000
432 -183136.1000000000
466 -182396.1000000000
471 -181170.1000000000
484 -180347.1000000000
491 -180113.1000000000
501 -180099.1000000000
508 -179471.1000000000
510 -178871.1000000000
511 -175894.1000000000
514 -175218.1000000000
523 -173772.1000000000
536 -172598.1000000000
539 -171889.1000000000
566 -171395.1000000000
571 -170932.1000000000
574 -170436.1000000000
586 -169842.1000000000
590 -169272.1000000000
609 -169177.1000000000
611 -168840.1000000000
617 -168200.1000000000
634 -167938.1000000000
635 -167318.1000000000
639 -166381.1000000000
640 -166010.1000000000
641 -164240.1000000000
650 -163597.1000000000
673 -162712.1000000000
683 -162624.1000000000
697 -161808.1000000000
705 -161118.1000000000
739 -160954.1000000000
807 -160405.1000000000
813 26314.3656013181
836 26713.7923793235
932 26913.5039107623
1168 26925.4274872678
1387 27023.3972141820
1578 27059.4030698282
1580 27151.5304756373
1630 27252.1563416128
1638 27461.8195490464
1640 28022.3541411662
1693 28136.0589416271
1998 28152.5558514847
2067 28282.4916710706
2202 28386.6329273068
2464 28422.8171468190
2751 28719.2044334862
2778 28867.1751336964
2864 29003.2461064661
2892 29145.7025906369
2946 29175.5792422334
2948 29209.5956883229
3800 29223.2444245045
3811 29345.8432598355
3863 29427.7738480577
3871 29524.9754076923
3930 29641.4458857250
4052 29764.3960426423
4496 29858.7186632935
4709 29992.2201773202
5481 30088.6224769287
6350 30193.9766418955
7068 30269.6491723276
7206 30664.6311581063
7279 30785.7635117674
7879 30829.0318263519
7886 30925.0214656822
7888 31092.0122207028
8362 31199.7900233504
10000 -161111.1000000000
evaluations raw_y
1 -264096.1000000000
2 -263647.1000000000
9 -263622.1000000000
10 -261722.1000000000
12 -260102.1000000000
14 -260055.1000000000
15 -258970.1000000000
22 -258699.1000000000
28 -257282.1000000000
29 -257193.1000000000
31 -254437.1000000000
37 -253791.1000000000
40 -252968.1000000000
41 -252931.1000000000
43 -252758.1000000000
48 -251511.1000000000
52 -250345.1000000000
57 -249285.1000000000
59 -248551.1000000000
75 -245447.1000000000
80 -244984.1000000000
85 -244058.1000000000
87 -241692.1000000000
91 -237729.1000000000
94 -237249.1000000000
99 -237148.1000000000
104 -236560.1000000000
105 -235784.1000000000
106 -235585.1000000000
116 -235126.1000000000
123 -232978.1000000000
124 -231752.1000000000
134 -231375.1000000000
136 -231357.1000000000
137 -229576.1000000000
142 -228068.1000000000
148 -226410.1000000000
149 -224367.1000000000
150 -222012.1000000000
157 -220544.1000000000
160 -219700.1000000000
169 -219569.1000000000
170 -219150.1000000000
175 -217946.1000000000
180 -216394.1000000000
182 -214508.1000000000
189 -214308.1000000000
196 -213120.1000000000
209 -212434.1000000000
215 -209982.1000000000
218 -209882.1000000000
234 -209375.1000000000
243 -209369.1000000000
247 -208397.1000000000
248 -206135.1000000000
250 -205909.1000000000
253 -205296.1000000000
257 -203422.1000000000
260 -202504.1000000000
264 -201330.1000000000
288 -200832.1000000000
289 -200205.1000000000
298 -199753.1000000000
303 -199108.1000000000
318 -198475.1000000000
325 -198352.1000000000
332 -197006.1000000000
341 -196164.1000000000
344 -195678.1000000000
358 -195490.1000000000
362 -194220.1000000000
363 -193245.1000000000
373 -192671.1000000000
386 -192319.1000000000
391 -190057.1000000000
407 -188265.1000000000
409 -187928.1000000000
415 -185077.1000000000
425 -184181.1000000000
427 -183568.1000000000
439 -183427.1000000000
452 -182659.1000000000
478 -181738.1000000000
485 -181669.1000000000
494 -180619.1000000000
498 -179151.1000000000
499 -177456.1000000000
501 -177362.1000000000
507 -174470.1000000000
509 -173694.1000000000
511 -172878.1000000000
524 -170679.1000000000
525 -170578.1000000000
531 -168938.1000000000
547 -168936.1000000000
558 -168348.1000000000
562 -168193.1000000000
563 -167243.1000000000
577 -166835.1000000000
600 -165847.1000000000
606 -165751.1000000000
616 -165429.1000000000
620 -164977.1000000000
642 -164277.1000000000
679 -163023.1000000000
686 -161179.1000000000
701 -159991.1000000000
709 24289.9251850569
725 24352.5283603243
732 24442.8325283448
783 24841.3104321220
790 25040.5464360074
844 25239.7774369820
963 25354.8685494828
1082 25440.5336694668
1275 25535.5595972305
1427 25703.3258261236
1461 25878.8635020266
1534 25926.0425885037
1535 25948.8376000014
1564 26319.4436227937
1576 26356.3207953596
1588 26461.6331647985
1603 26583.7246259191
1606 26908.7606852554
1638 27178.9892005208
1852 27279.5288381272
2034 27310.4737995745
2145 27793.5794247917
2150 27894.4740879027
2222 28050.8192880266
2231 28198.7431118960
2241 28424.2152245895
2370 28555.5492549088
2382 29029.8513150623
2471 29032.0341369365
2521 29134.3013587935
2740 29191.3270955384
3236 29496.8732195103
3270 29737.3303624545
3526 29995.5046188129
4706 30013.8766298020
4723 30239.5912409030
4812 30412.1953524320
6376 30585.9784312792
6605 30599.0387106442
6616 30938.6679098262
6812 31086.9415079847
7187 31448.6546953740
8926 31451.4733425794
8958 31729.8176978888
9983 31754.2184597050
10000 31754.2184597050
evaluations raw_y
1 -279731.1000000000
2 -278673.1000000000
3 -278142.1000000000
4 -276888.1000000000
5 -273817.1000000000
6 -272095.1000000000
7 -271703.1000000000
10 -271237.1000000000
15 -270781.1000000000
17 -269365.1000000000
23 -267897.1000000000
24 -266922.1000000000
26 -265370.1000000000
28 -265269.1000000000
30 -263389.1000000000
31 -263142.1000000000
32 -262198.1000000000
33 -258680.1000000000
39 -258553.1000000000
40 -257048.1000000000
45 -256303.1000000000
47 -256059.1000000000
48 -255917.1000000000
52 -254630.1000000000
57 -253949.1000000000
60 -253593.1000000000
68 -251331.1000000000
73 -249413.1000000000
76 -249313.1000000000
77 -248603.1000000000
82 -247765.1000000000
85 -247285.1000000000
91 -245884.1000000000
97 -245271.1000000000
108 -245170.1000000000
118 -245168.1000000000
127 -243965.1000000000
130 -242692.1000000000
133 -241472.1000000000
139 -238883.1000000000
143 -238142.1000000000
153 -236880.1000000000
155 -235756.1000000000
156 -235656.1000000000
159 -235575.1000000000
160 -235279.1000000000
169 -234717.1000000000
173 -233537.1000000000
177 -233458.1000000000
181 -230354.1000000000
185 -229610.1000000000
189 -227027.1000000000
190 -226004.1000000000
191 -224822.1000000000
193 -224489.1000000000
197 -224128.1000000000
203 -224124.1000000000
204 -223636.1000000000
206 -221260.1000000000
208 -217676.1000000000
209 -217535.1000000000
212 -216885.1000000000
214 -216015.1000000000
219 -214223.1000000000
227 -211869.1000000000
229 -210425.1000000000
238 -209973.1000000000
240 -208747.1000000000
244 -207025.1000000000
254 -206202.1000000000
256 -203750.1000000000
260 -203627.1000000000
261 -202899.1000000000
268 -201418.1000000000
283 -200446.1000000000
292 -198938.1000000000
294 -197080.1000000000
303 -196453.1000000000
308 -195967.1000000000
318 -195216.1000000000
320 -195150.1000000000
323 -194210.1000000000
326 -192726.1000000000
337 -192017.1000000000
339 -191328.1000000000
343 -190356.1000000000
359 -188118.1000000000
364 -187781.1000000000
373 -187021.1000000000
374 -186192.1000000000
376 -185129.1000000000
397 -183316.1000000000
402 -183314.1000000000
414 -182136.1000000000
426 -182074.1000000000
432 -182068.1000000000
435 -181478.1000000000
437 -181158.1000000000
445 -179441.1000000000
448 -178961.1000000000
469 -177984.1000000000
481 -177455.1000000000
486 -177198.1000000000
495 -176313.1000000000
501 -175890.1000000000
503 -173495.1000000000
509 -173214.1000000000
515 -170474.1000000000
532 -169740.1000000000
533 -168001.1000000000
538 -167799.1000000000
542 -167428.1000000000
553 -167240.1000000000
562 -167128.1000000000
567 -166541.1000000000
572 -166136.1000000000
578 -165769.1000000000
579 -164268.1000000000
584 -163394.1000000000
585 -163070.1000000000
594 -162084.1000000000
635 -161350.1000000000
637 -160665.1000000000
640 -160659.1000000000
646 -160046.1000000000
668 23285.8346902890
678 23387.7901774930
679 23567.2553581831
696 23577.5552288698
697 24694.0120393015
776 24893.8276078830
813 25131.3903339787
826 25842.3059854168
864 26013.6067966812
865 26072.9078101645
895 26182.2451933540
900 26434.7592036271
999 26542.1325184921
1423 26657.4256634521
1459 26759.8286111988
1478 26975.3449228051
1486 27021.5555326084
1591 27121.7358845072
1606 27445.6626532164
1629 27618.3085737012
1968 27684.7593606889
1973 27988.0403616433
1993 28260.3754179111
2269 28335.8068806302
2284 28470.2275455217
2583 28871.4524816258
3255 29089.0525804953
3293 29191.8390871076
3423 29212.9083289574
4816 29219.1637137705
4841 29354.3794633721
5121 29476.5375061457
5122 29589.4133035950
5129 29766.0282328161
5610 29790.4242850950
5760 29834.1914269026
5880 29920.4454547342
5881 30056.9911560851
5941 30064.3871369640
6288 30133.7618387852
6340 30269.8562057008
6373 30425.1449608352
7520 30566.2899813854
7598 30588.3398598898
8000 30793.2778866557
8168 30933.6792927206
8502 31081.3751354364
8769 31102.1618375175
8937 31270.6970919584
9350 31284.7918179275
9394 31322.4499290186
9413 31439.8324949099
9993 31544.0205462235
9997 31704.4133808780
10000 -163313.1000000000
evaluations raw_y
1 -268095.1000000000
2 -266929.1000000000
3 -262569.1000000000
4 -262236.1000000000
6 -261931.1000000000
16 -261689.1000000000
29 -258245.1000000000
33 -257972.1000000000
34 -256782.1000000000
37 -256311.1000000000
38 -254809.1000000000
40 -252471.1000000000
43 -251858.1000000000
50 -251435.1000000000
52 -250848.1000000000
53 -250636.1000000000
62 -249689.1000000000
66 -249209.1000000000
67 -247831.1000000000
70 -246351.1000000000
74 -245017.1000000000
79 -244263.1000000000
81 -243551.1000000000
82 -241677.1000000000
84 -241433.1000000000
96 -238541.1000000000
99 -236594.1000000000
112 -235304.1000000000
119 -232944.1000000000
120 -232084.1000000000
121 -231723.1000000000
124 -230623.1000000000
125 -230576.1000000000
136 -230464.1000000000
137 -226915.1000000000
140 -226559.1000000000
141 -223555.1000000000
143 -222846.1000000000
145 -221961.1000000000
147 -221424.1000000000
149 -220852.1000000000
150 -218809.1000000000
168 -218068.1000000000
170 -217678.1000000000
171 -217105.1000000000
175 -215553.1000000000
176 -211909.1000000000
182 -211037.1000000000
185 -210647.1000000000
187 -209573.1000000000
191 -209475.1000000000
227 -207575.1000000000
236 -206987.1000000000
237 -206253.1000000000
240 -205794.1000000000
244 -204920.1000000000
246 -203558.1000000000
249 -202996.1000000000
256 -202794.1000000000
265 -202715.1000000000
272 -201738.1000000000
276 -200437.1000000000
281 -197989.1000000000
282 -197497.1000000000
290 -197187.1000000000
298 -196599.1000000000
299 -196294.1000000000
302 -195534.1000000000
318 -192388.1000000000
332 -190920.1000000000
333 -190571.1000000000
334 -189938.1000000000
352 -189204.1000000000
368 -188481.1000000000
394 -188414.1000000000
400 -188413.1000000000
412 -187851.1000000000
418 -185907.1000000000
419 -182724.1000000000
426 -182672.1000000000
432 -182572.1000000000
434 -181173.1000000000
448 -180534.1000000000
460 -180395.1000000000
475 -179103.1000000000
487 -178747.1000000000
501 -178261.1000000000
512 -175999.1000000000
523 -174581.1000000000
528 -174349.1000000000
532 -173387.1000000000
546 -172806.1000000000
556 -172600.1000000000
564 -171682.1000000000
571 -170912.1000000000
585 -170910.1000000000
586 -170690.1000000000
593 -168096.1000000000
594 -167814.1000000000
595 -166893.1000000000
605 -166680.1000000000
612 -166236.1000000000
633 -164350.1000000000
636 -163683.1000000000
659 -162509.1000000000
667 -162462.1000000000
671 -162072.1000000000
725 -161825.1000000000
746 -161713.1000000000
774 -160537.1000000000
776 -160191.1000000000
790 23848.0254860658
814 24070.0351107868
820 24467.1478901016
825 24493.6959233942
841 24551.2969081065
870 24589.4711300418
882 24610.4601820692
888 24939.9403291865
896 25036.3006598399
900 25098.8396721396
927 25276.6079231123
934 25399.8924504548
945 25437.1755990493
967 25714.9020948353
971 25759.7528159084
980 26142.6450808521
982 26239.9464915275
1023 26309.2943782096
1046 26508.2935049711
1134 27217.7373583381
1135 27381.7795373760
1138 27487.0875422346
1185 27584.8482887080
1210 27685.2375498565
1329 27786.4439822201
1344 28177.4005652644
1371 28278.6113527310
1592 28387.7242579243
2157 28389.9724292604
2158 28575.8033881169
2440 28632.9456485115
2446 28865.5309154822
2764 28987.6193539544
2767 29414.7414872021
2830 29596.8532626037
3336 29797.7580373124
3511 30047.8258243427
3547 30192.4765447584
3581 30304.6536644156
4193 30413.2422701956
5642 30523.2326321730
6836 30570.6031024051
6870 30800.2123939918
7480 30881.3900940972
8585 30886.1998347609
8681 31039.9460183397
8825 31068.7518185731
9129 31082.0727436826
10000 -160406.1000000000
