evaluations raw_y
1 -2039.0000000000
2 -2038.0000000000
4 -2037.0000000000
5 -2036.0000000000
8 -2032.0000000000
9 -2031.0000000000
11 -2030.0000000000
13 -2029.0000000000
14 -2028.0000000000
15 -2027.0000000000
22 -2026.0000000000
26 -2025.0000000000
30 -2023.0000000000
34 -2022.0000000000
40 -2021.0000000000
43 -2020.0000000000
51 -2018.0000000000
52 -2017.0000000000
53 -2016.0000000000
56 -2015.0000000000
57 -2013.0000000000
64 -2012.0000000000
67 -2011.0000000000
69 -2009.0000000000
75 -2008.0000000000
77 -2007.0000000000
78 -2006.0000000000
80 -2005.0000000000
87 -2004.0000000000
89 -2003.0000000000
90 -2002.0000000000
99 -2001.0000000000
101 -2000.0000000000
105 -1999.0000000000
113 -1998.0000000000
114 -1997.0000000000
130 -1995.0000000000
133 -1994.0000000000
140 -1993.0000000000
142 -1992.0000000000
146 -1990.0000000000
147 -1988.0000000000
148 -1987.0000000000
157 -1986.0000000000
159 -1985.0000000000
164 -1984.0000000000
166 -1983.0000000000
169 -1982.0000000000
172 -1981.0000000000
175 -1980.0000000000
178 -1978.0000000000
183 -1977.0000000000
185 -1976.0000000000
187 -1974.0000000000
190 -1973.0000000000
191 -1971.0000000000
192 -1969.0000000000
193 -1968.0000000000
200 -1967.0000000000
202 -1966.0000000000
203 -1964.0000000000
207 -1960.0000000000
214 -1959.0000000000
218 -1958.0000000000
223 -1956.0000000000
225 -1955.0000000000
227 -1954.0000000000
228 -1952.0000000000
231 -1950.0000000000
232 -1949.0000000000
237 -1948.0000000000
240 -1947.0000000000
252 -1946.0000000000
259 -1945.0000000000
261 -1944.0000000000
266 -1943.0000000000
269 -1942.0000000000
271 -1941.0000000000
277 -1940.0000000000
279 -1939.0000000000
280 -1937.0000000000
282 -1936.0000000000
289 -1934.0000000000
290 -1933.0000000000
291 -1932.0000000000
292 -1931.0000000000
304 -1930.0000000000
322 -1929.0000000000
327 -1928.0000000000
330 -1927.0000000000
331 -1925.0000000000
335 -1924.0000000000
336 -1923.0000000000
337 -1922.0000000000
338 -1921.0000000000
339 -1920.0000000000
340 -1919.0000000000
346 -1918.0000000000
351 -1916.0000000000
355 -1915.0000000000
364 -1914.0000000000
372 -1913.0000000000
374 -1912.0000000000
377 -1911.0000000000
379 -1910.0000000000
382 -1909.0000000000
387 -1908.0000000000
393 -1907.0000000000
397 -1906.0000000000
398 -1905.0000000000
404 -1904.0000000000
408 -1903.0000000000
414 -1902.0000000000
419 -1901.0000000000
427 -1900.0000000000
428 -1899.0000000000
432 -1898.0000000000
435 -1897.0000000000
438 -1896.0000000000
440 -1894.0000000000
442 -1892.0000000000
448 -1891.0000000000
452 -1888.0000000000
460 -1886.0000000000
462 -1885.0000000000
463 -1884.0000000000
472 -1883.0000000000
476 -1882.0000000000
480 -1881.0000000000
487 -1880.0000000000
489 -1879.0000000000
492 -1878.0000000000
493 -1877.0000000000
498 -1875.0000000000
502 -1874.0000000000
504 -1873.0000000000
518 -1872.0000000000
522 -1871.0000000000
525 -1869.0000000000
526 -1868.0000000000
528 -1865.0000000000
530 -1864.0000000000
536 -1863.0000000000
537 -1861.0000000000
541 -1860.0000000000
542 -1859.0000000000
546 -1857.0000000000
550 -1856.0000000000
554 -1853.0000000000
555 -1852.0000000000
556 -1851.0000000000
557 -1850.0000000000
562 -1849.0000000000
567 -1847.0000000000
568 -1846.0000000000
571 -1845.0000000000
585 -1844.0000000000
586 -1842.0000000000
591 -1840.0000000000
599 -1839.0000000000
603 -1838.0000000000
606 -1837.0000000000
608 -1834.0000000000
611 -1832.0000000000
616 -1831.0000000000
619 -1830.0000000000
631 -1829.0000000000
634 -1828.0000000000
637 -1827.0000000000
641 -1826.0000000000
645 -1825.0000000000
646 -1822.0000000000
650 -1820.0000000000
652 -1817.0000000000
657 -1816.0000000000
665 -1814.0000000000
667 -1813.0000000000
669 -1812.0000000000
671 -1810.0000000000
672 -1809.0000000000
674 -1808.0000000000
681 -1807.0000000000
683 -1806.0000000000
685 -1805.0000000000
691 -1804.0000000000
698 -1803.0000000000
700 -1802.0000000000
705 -1800.0000000000
706 -1799.0000000000
709 -1798.0000000000
713 -1797.0000000000
716 -1795.0000000000
717 -1794.0000000000
718 -1793.0000000000
728 -1790.0000000000
730 -1787.0000000000
736 -1784.0000000000
737 -1782.0000000000
739 -1781.0000000000
741 -1780.0000000000
743 -1779.0000000000
744 -1778.0000000000
747 -1777.0000000000
753 -1776.0000000000
754 -1775.0000000000
758 -1774.0000000000
768 -1773.0000000000
771 -1772.0000000000
778 -1771.0000000000
781 -1770.0000000000
782 -1769.0000000000
790 -1768.0000000000
797 -1766.0000000000
800 -1765.0000000000
803 -1764.0000000000
808 -1763.0000000000
811 -1762.0000000000
819 -1761.0000000000
824 -1760.0000000000
827 -1758.0000000000
832 -1757.0000000000
835 -1756.0000000000
836 -1755.0000000000
842 -1754.0000000000
848 -1753.0000000000
849 -1751.0000000000
853 -1750.0000000000
854 -1749.0000000000
858 -1748.0000000000
859 -1747.0000000000
863 -1746.0000000000
865 -1745.0000000000
868 -1744.0000000000
874 -1743.0000000000
877 -1742.0000000000
882 -1741.0000000000
885 -1740.0000000000
893 -1739.0000000000
895 -1738.0000000000
901 -1737.0000000000
907 -1736.0000000000
917 -1735.0000000000
918 -1734.0000000000
921 -1733.0000000000
922 -1731.0000000000
928 -1730.0000000000
930 -1728.0000000000
932 -1727.0000000000
941 -1726.0000000000
946 -1725.0000000000
949 -1724.0000000000
950 -1723.0000000000
952 -1722.0000000000
954 -1721.0000000000
960 -1720.0000000000
963 -1719.0000000000
964 -1718.0000000000
973 -1717.0000000000
979 -1714.0000000000
981 -1713.0000000000
983 -1712.0000000000
989 -1711.0000000000
990 -1710.0000000000
1006 -1709.0000000000
1008 -1708.0000000000
1010 -1707.0000000000
1013 -1706.0000000000
1017 -1705.0000000000
1020 -1704.0000000000
1022 -1703.0000000000
1026 -1702.0000000000
1027 -1701.0000000000
1031 -1700.0000000000
1032 -1699.0000000000
1036 -1698.0000000000
1038 -1697.0000000000
1039 -1695.0000000000
1047 -1694.0000000000
1059 -1692.0000000000
1071 -1691.0000000000
1074 -1690.0000000000
1080 -1689.0000000000
1085 -1687.0000000000
1091 -1686.0000000000
1096 -1685.0000000000
1111 -1684.0000000000
1115 -1682.0000000000
1119 -1681.0000000000
1132 -1680.0000000000
1133 -1679.0000000000
1139 -1678.0000000000
1141 -1677.0000000000
1142 -1675.0000000000
1143 -1674.0000000000
1145 -1672.0000000000
1146 -1671.0000000000
1149 -1670.0000000000
1154 -1669.0000000000
1172 -1668.0000000000
1173 -1666.0000000000
1175 -1665.0000000000
1176 -1664.0000000000
1179 -1663.0000000000
1193 -1662.0000000000
1195 -1661.0000000000
1198 -1660.0000000000
1205 -1659.0000000000
1206 -1658.0000000000
1209 -1657.0000000000
1210 -1656.0000000000
1212 -1655.0000000000
1213 -1654.0000000000
1214 -1653.0000000000
1217 -1652.0000000000
1218 -1651.0000000000
1225 -1650.0000000000
1258 -1648.0000000000
1267 -1647.0000000000
1282 -1646.0000000000
1289 -1644.0000000000
1293 -1643.0000000000
1298 -1642.0000000000
1300 -1641.0000000000
1305 -1640.0000000000
1309 -1639.0000000000
1316 -1637.0000000000
1317 -1636.0000000000
1328 -1635.0000000000
1333 -1634.0000000000
1334 -1633.0000000000
1336 -1632.0000000000
1338 -1631.0000000000
1340 -1628.0000000000
1344 -1627.0000000000
1347 -1626.0000000000
1348 -1624.0000000000
1354 -1623.0000000000
1356 -1622.0000000000
1357 -1621.0000000000
1359 -1620.0000000000
1362 -1619.0000000000
1364 -1618.0000000000
1367 -1617.0000000000
1370 -1616.0000000000
1375 -1615.0000000000
1383 -1614.0000000000
1387 -1613.0000000000
1391 -1612.0000000000
1403 -1611.0000000000
1410 -1610.0000000000
1418 -1609.0000000000
1426 -1608.0000000000
1427 -1607.0000000000
1428 -1606.0000000000
1439 -1604.0000000000
1446 -1603.0000000000
1447 -1602.0000000000
1451 -1601.0000000000
1455 -1600.0000000000
1456 -1599.0000000000
1457 -1598.0000000000
1465 -1597.0000000000
1467 -1596.0000000000
1469 -1595.0000000000
1475 -1593.0000000000
1477 -1592.0000000000
1481 -1591.0000000000
1482 -1589.0000000000
1486 -1588.0000000000
1493 -1587.0000000000
1496 -1586.0000000000
1498 -1583.0000000000
1499 -1582.0000000000
1513 -1581.0000000000
1519 -1580.0000000000
1521 -1579.0000000000
1522 -1578.0000000000
1524 -1575.0000000000
1528 -1574.0000000000
1533 -1573.0000000000
1537 -1572.0000000000
1548 -1571.0000000000
1552 -1570.0000000000
1554 -1569.0000000000
1556 -1568.0000000000
1570 -1567.0000000000
1574 -1566.0000000000
1576 -1565.0000000000
1587 -1563.0000000000
1591 -1562.0000000000
1594 -1561.0000000000
1605 -1557.0000000000
1607 -1556.0000000000
1612 -1555.0000000000
1615 -1554.0000000000
1617 -1553.0000000000
1618 -1552.0000000000
1621 -1550.0000000000
1629 -1549.0000000000
1634 -1548.0000000000
1637 -1547.0000000000
1641 -1546.0000000000
1642 -1545.0000000000
1643 -1544.0000000000
1644 -1543.0000000000
1650 -1542.0000000000
1664 -1540.0000000000
1666 -1538.0000000000
1674 -1537.0000000000
1675 -1536.0000000000
1690 -1535.0000000000
1697 -1534.0000000000
1700 -1533.0000000000
1708 -1532.0000000000
1716 -1531.0000000000
1719 -1530.0000000000
1723 -1529.0000000000
1726 -1528.0000000000
1732 -1526.0000000000
1739 -1525.0000000000
1741 -1524.0000000000
1745 -1522.0000000000
1746 -1521.0000000000
1749 -1520.0000000000
1754 -1519.0000000000
1760 -1518.0000000000
1761 -1517.0000000000
1768 -1516.0000000000
1775 -1515.0000000000
1778 -1513.0000000000
1780 -1512.0000000000
1784 -1511.0000000000
1786 -1510.0000000000
1805 -1509.0000000000
1808 -1507.0000000000
1813 -1506.0000000000
1814 -1505.0000000000
1822 -1504.0000000000
1824 -1503.0000000000
1826 -1502.0000000000
1839 -1501.0000000000
1841 -1500.0000000000
1843 -1499.0000000000
1848 -1497.0000000000
1849 -1496.0000000000
1851 -1495.0000000000
1856 -1494.0000000000
1860 -1493.0000000000
1864 -1491.0000000000
1869 -1490.0000000000
1871 -1488.0000000000
1881 -1487.0000000000
1882 -1486.0000000000
1886 -1485.0000000000
1887 -1484.0000000000
1893 -1483.0000000000
1894 -1482.0000000000
1901 -1481.0000000000
1906 -1480.0000000000
1914 -1479.0000000000
1918 -1478.0000000000
1921 -1477.0000000000
1924 -1475.0000000000
1925 -1474.0000000000
1930 -1473.0000000000
1957 -1472.0000000000
1971 -1471.0000000000
1982 -1470.0000000000
1986 -1469.0000000000
1988 -1468.0000000000
2002 -1467.0000000000
2004 -1465.0000000000
2008 -1464.0000000000
2010 -1463.0000000000
2011 -1462.0000000000
2013 -1461.0000000000
2021 -1460.0000000000
2026 -1459.0000000000
2029 -1458.0000000000
2032 -1457.0000000000
2035 -1456.0000000000
2038 -1455.0000000000
2046 -1452.0000000000
2048 -1451.0000000000
2066 -1450.0000000000
2067 -1449.0000000000
2082 -1448.0000000000
2089 -1447.0000000000
2090 -1446.0000000000
2095 -1445.0000000000
2099 -1444.0000000000
2101 -1443.0000000000
2106 -1442.0000000000
2118 -1441.0000000000
2129 -1440.0000000000
2132 -1438.0000000000
2135 -1437.0000000000
2137 -1436.0000000000
2140 -1435.0000000000
2144 -1434.0000000000
2146 -1433.0000000000
2148 -1432.0000000000
2149 -1431.0000000000
2152 -1430.0000000000
2153 -1429.0000000000
2157 -1428.0000000000
2158 -1427.0000000000
2159 -1426.0000000000
2160 -1425.0000000000
2164 -1424.0000000000
2166 -1423.0000000000
2173 -1422.0000000000
2177 -1420.0000000000
2205 -1419.0000000000
2208 -1418.0000000000
2209 -1417.0000000000
2212 -1416.0000000000
2223 -1415.0000000000
2236 -1413.0000000000
2240 -1412.0000000000
2242 -1411.0000000000
2245 -1408.0000000000
2252 -1407.0000000000
2255 -1406.0000000000
2261 -1405.0000000000
2266 -1404.0000000000
2272 -1403.0000000000
2287 -1402.0000000000
2294 -1401.0000000000
2319 -1400.0000000000
2334 -1399.0000000000
2345 -1398.0000000000
2350 -1396.0000000000
2353 -1395.0000000000
2356 -1393.0000000000
2361 -1392.0000000000
2364 -1390.0000000000
2370 -1389.0000000000
2371 -1388.0000000000
2401 -1387.0000000000
2408 -1385.0000000000
2409 -1384.0000000000
2418 -1382.0000000000
2420 -1381.0000000000
2421 -1380.0000000000
2425 -1379.0000000000
2436 -1378.0000000000
2450 -1376.0000000000
2455 -1375.0000000000
2465 -1374.0000000000
2467 -1373.0000000000
2476 -1372.0000000000
2479 -1371.0000000000
2480 -1370.0000000000
2484 -1369.0000000000
2486 -1368.0000000000
2495 -1367.0000000000
2503 -1366.0000000000
2505 -1365.0000000000
2511 -1364.0000000000
2516 -1363.0000000000
2537 -1362.0000000000
2541 -1361.0000000000
2557 -1359.0000000000
2568 -1356.0000000000
2573 -1355.0000000000
2575 -1354.0000000000
2584 -1353.0000000000
2585 -1350.0000000000
2591 -1349.0000000000
2609 -1348.0000000000
2612 -1347.0000000000
2622 -1346.0000000000
2625 -1345.0000000000
2626 -1344.0000000000
2646 -1343.0000000000
2661 -1342.0000000000
2667 -1341.0000000000
2670 -1340.0000000000
2673 -1339.0000000000
2680 -1338.0000000000
2682 -1337.0000000000
2684 -1336.0000000000
2687 -1335.0000000000
2689 -1334.0000000000
2695 -1333.0000000000
2697 -1332.0000000000
2701 -1331.0000000000
2710 -1330.0000000000
2718 -1329.0000000000
2722 -1328.0000000000
2763 -1327.0000000000
2765 -1326.0000000000
2766 -1325.0000000000
2770 -1324.0000000000
2771 -1323.0000000000
2776 -1322.0000000000
2781 -1321.0000000000
2805 -1320.0000000000
2813 -1319.0000000000
2815 -1318.0000000000
2816 -1316.0000000000
2826 -1315.0000000000
2829 -1314.0000000000
2857 -1313.0000000000
2859 -1312.0000000000
2862 -1311.0000000000
2863 -1310.0000000000
2865 -1309.0000000000
2870 -1308.0000000000
2875 -1307.0000000000
2877 -1306.0000000000
2891 -1305.0000000000
2895 -1304.0000000000
2921 -1303.0000000000
2925 -1302.0000000000
2931 -1300.0000000000
2932 -1299.0000000000
2942 -1298.0000000000
2944 -1297.0000000000
2952 -1295.0000000000
2955 -1294.0000000000
2957 -1293.0000000000
2959 -1292.0000000000
2960 -1290.0000000000
2961 -1289.0000000000
2962 -1288.0000000000
2964 -1287.0000000000
2968 -1286.0000000000
2969 -1285.0000000000
2975 -1284.0000000000
2978 -1283.0000000000
2983 -1282.0000000000
2997 -1281.0000000000
3000 -1280.0000000000
3002 -1278.0000000000
3013 -1277.0000000000
3021 -1276.0000000000
3023 -1275.0000000000
3036 -1273.0000000000
3041 -1272.0000000000
3042 -1271.0000000000
3043 -1270.0000000000
3048 -1269.0000000000
3060 -1268.0000000000
3061 -1267.0000000000
3065 -1266.0000000000
3067 -1263.0000000000
3068 -1262.0000000000
3083 -1261.0000000000
3085 -1260.0000000000
3097 -1259.0000000000
3124 -1256.0000000000
3126 -1255.0000000000
3136 -1254.0000000000
3145 -1252.0000000000
3155 -1251.0000000000
3169 -1250.0000000000
3175 -1248.0000000000
3188 -1247.0000000000
3189 -1246.0000000000
3193 -1245.0000000000
3203 -1244.0000000000
3205 -1242.0000000000
3207 -1241.0000000000
3209 -1240.0000000000
3211 -1239.0000000000
3215 -1238.0000000000
3231 -1237.0000000000
3236 -1236.0000000000
3241 -1235.0000000000
3244 -1234.0000000000
3248 -1233.0000000000
3255 -1232.0000000000
3259 -1231.0000000000
3260 -1230.0000000000
3266 -1229.0000000000
3276 -1228.0000000000
3279 -1227.0000000000
3288 -1226.0000000000
3300 -1224.0000000000
3303 -1223.0000000000
3314 -1222.0000000000
3316 -1219.0000000000
3319 -1218.0000000000
3320 -1217.0000000000
3322 -1216.0000000000
3350 -1214.0000000000
3368 -1213.0000000000
3369 -1212.0000000000
3373 -1211.0000000000
3376 -1210.0000000000
3382 -1209.0000000000
3390 -1208.0000000000
3398 -1207.0000000000
3399 -1206.0000000000
3400 -1205.0000000000
3411 -1203.0000000000
3412 -1202.0000000000
3415 -1201.0000000000
3438 -1200.0000000000
3442 -1199.0000000000
3455 -1197.0000000000
3456 -1196.0000000000
3457 -1195.0000000000
3461 -1193.0000000000
3470 -1192.0000000000
3476 -1191.0000000000
3483 -1190.0000000000
3489 -1189.0000000000
3493 -1188.0000000000
3496 -1187.0000000000
3503 -1186.0000000000
3504 -1185.0000000000
3508 -1184.0000000000
3511 -1183.0000000000
3514 -1182.0000000000
3516 -1181.0000000000
3520 -1180.0000000000
3521 -1179.0000000000
3530 -1178.0000000000
3539 -1177.0000000000
3562 -1176.0000000000
3565 -1175.0000000000
3584 -1174.0000000000
3603 -1173.0000000000
3612 -1172.0000000000
3617 -1171.0000000000
3628 -1170.0000000000
3636 -1169.0000000000
3651 -1168.0000000000
3655 -1167.0000000000
3674 -1166.0000000000
3676 -1165.0000000000
3677 -1164.0000000000
3678 -1162.0000000000
3692 -1161.0000000000
3699 -1160.0000000000
3700 -1159.0000000000
3701 -1158.0000000000
3703 -1157.0000000000
3720 -1155.0000000000
3722 -1154.0000000000
3724 -1153.0000000000
3735 -1152.0000000000
3756 -1151.0000000000
3760 -1150.0000000000
3771 -1149.0000000000
3776 -1148.0000000000
3784 -1147.0000000000
3787 -1146.0000000000
3799 -1145.0000000000
3804 -1144.0000000000
3806 -1143.0000000000
3809 -1142.0000000000
3812 -1141.0000000000
3818 -1140.0000000000
3822 -1139.0000000000
3838 -1137.0000000000
3852 -1136.0000000000
3856 -1135.0000000000
3870 -1133.0000000000
3886 -1132.0000000000
3890 -1131.0000000000
3892 -1130.0000000000
3896 -1129.0000000000
3911 -1128.0000000000
3916 -1127.0000000000
3926 -1126.0000000000
3938 -1125.0000000000
3954 -1124.0000000000
3956 -1123.0000000000
3960 -1122.0000000000
3968 -1121.0000000000
3971 -1120.0000000000
3990 -1119.0000000000
3992 -1118.0000000000
4002 -1117.0000000000
4011 -1116.0000000000
4012 -1115.0000000000
4015 -1114.0000000000
4018 -1113.0000000000
4027 -1112.0000000000
4033 -1111.0000000000
4034 -1110.0000000000
4035 -1109.0000000000
4040 -1108.0000000000
4041 -1106.0000000000
4042 -1105.0000000000
4047 -1104.0000000000
4055 -1102.0000000000
4056 -1101.0000000000
4089 -1100.0000000000
4100 -1099.0000000000
4104 -1098.0000000000
4111 -1097.0000000000
4124 -1096.0000000000
4160 -1091.0000000000
4163 -1090.0000000000
4165 -1089.0000000000
4184 -1088.0000000000
4191 -1087.0000000000
4199 -1086.0000000000
4219 -1084.0000000000
4221 -1083.0000000000
4235 -1082.0000000000
4240 -1081.0000000000
4243 -1080.0000000000
4247 -1079.0000000000
4248 -1078.0000000000
4256 -1077.0000000000
4260 -1076.0000000000
4268 -1075.0000000000
4285 -1073.0000000000
4293 -1072.0000000000
4302 -1071.0000000000
4306 -1070.0000000000
4311 -1069.0000000000
4335 -1067.0000000000
4347 -1066.0000000000
4371 -1064.0000000000
4373 -1062.0000000000
4386 -1061.0000000000
4398 -1059.0000000000
4399 -1056.0000000000
4401 -1055.0000000000
4404 -1054.0000000000
4413 -1053.0000000000
4414 -1051.0000000000
4422 -1050.0000000000
4428 -1049.0000000000
4429 -1048.0000000000
4434 -1047.0000000000
4449 -1046.0000000000
4452 -1045.0000000000
4460 -1044.0000000000
4489 -1043.0000000000
4493 -1041.0000000000
4495 -1040.0000000000
4502 -1038.0000000000
4511 -1037.0000000000
4519 -1036.0000000000
4523 -1035.0000000000
4532 -1034.0000000000
4534 -1033.0000000000
4539 -1032.0000000000
4545 -1031.0000000000
4546 -1030.0000000000
4550 -1029.0000000000
4563 -1028.0000000000
4572 -1026.0000000000
4575 -1025.0000000000
4582 -1023.0000000000
4583 -1022.0000000000
4593 -1021.0000000000
4597 -1020.0000000000
4605 -1018.0000000000
4647 -1017.0000000000
4649 -1016.0000000000
4660 -1015.0000000000
4670 -1014.0000000000
4674 -1013.0000000000
4690 -1012.0000000000
4692 -1011.0000000000
4693 -1010.0000000000
4696 -1009.0000000000
4701 -1008.0000000000
4703 -1007.0000000000
4707 -1006.0000000000
4711 -1005.0000000000
4717 -1004.0000000000
4719 -1003.0000000000
4727 -1001.0000000000
4728 -1000.0000000000
4732 -999.0000000000
4737 -997.0000000000
4746 -996.0000000000
4749 -995.0000000000
4761 -994.0000000000
4765 -993.0000000000
4775 -992.0000000000
4784 -991.0000000000
4787 -990.0000000000
4795 -989.0000000000
4798 -988.0000000000
4834 -987.0000000000
4845 -986.0000000000
4849 -985.0000000000
4859 -984.0000000000
4873 -983.0000000000
4874 -982.0000000000
4878 -981.0000000000
4880 -980.0000000000
4883 -979.0000000000
4895 -978.0000000000
4900 -977.0000000000
4902 -976.0000000000
4906 -975.0000000000
4912 -974.0000000000
4931 -973.0000000000
4945 -972.0000000000
4969 -971.0000000000
4996 -970.0000000000
5014 -969.0000000000
5015 -968.0000000000
5042 -967.0000000000
5053 -966.0000000000
5072 -964.0000000000
5077 -962.0000000000
5087 -961.0000000000
5103 -960.0000000000
5106 -959.0000000000
5107 -958.0000000000
5110 -957.0000000000
5125 -956.0000000000
5134 -955.0000000000
5148 -954.0000000000
5157 -952.0000000000
5162 -951.0000000000
5168 -950.0000000000
5170 -949.0000000000
5181 -948.0000000000
5182 -947.0000000000
5201 -946.0000000000
5212 -945.0000000000
5215 -943.0000000000
5225 -942.0000000000
5227 -941.0000000000
5272 -940.0000000000
5273 -939.0000000000
5279 -938.0000000000
5282 -937.0000000000
5288 -936.0000000000
5291 -935.0000000000
5292 -934.0000000000
5300 -933.0000000000
5301 -932.0000000000
5373 -931.0000000000
5394 -930.0000000000
5436 -929.0000000000
5442 -927.0000000000
5448 -926.0000000000
5461 -924.0000000000
5464 -922.0000000000
5468 -920.0000000000
5480 -919.0000000000
5483 -917.0000000000
5487 -916.0000000000
5492 -915.0000000000
5503 -914.0000000000
5513 -913.0000000000
5515 -912.0000000000
5522 -911.0000000000
5532 -910.0000000000
5545 -909.0000000000
5554 -908.0000000000
5563 -906.0000000000
5569 -905.0000000000
5576 -904.0000000000
5581 -903.0000000000
5597 -902.0000000000
5604 -901.0000000000
5609 -900.0000000000
5610 -899.0000000000
5625 -898.0000000000
5648 -897.0000000000
5657 -895.0000000000
5670 -893.0000000000
5676 -892.0000000000
5681 -891.0000000000
5683 -890.0000000000
5684 -889.0000000000
5700 -887.0000000000
5720 -886.0000000000
5739 -885.0000000000
5742 -884.0000000000
5759 -883.0000000000
5790 -882.0000000000
5805 -881.0000000000
5817 -880.0000000000
5834 -879.0000000000
5840 -878.0000000000
5843 -877.0000000000
5871 -876.0000000000
5882 -875.0000000000
5885 -873.0000000000
5888 -872.0000000000
5896 -871.0000000000
5899 -870.0000000000
5910 -869.0000000000
5920 -868.0000000000
5933 -867.0000000000
5939 -866.0000000000
5951 -865.0000000000
5963 -864.0000000000
5975 -863.0000000000
5984 -862.0000000000
5986 -861.0000000000
5990 -860.0000000000
6022 -859.0000000000
6024 -858.0000000000
6036 -857.0000000000
6059 -856.0000000000
6074 -855.0000000000
6076 -854.0000000000
6098 -853.0000000000
6107 -852.0000000000
6112 -851.0000000000
6139 -850.0000000000
6147 -848.0000000000
6149 -847.0000000000
6184 -846.0000000000
6193 -845.0000000000
6202 -844.0000000000
6218 -842.0000000000
6221 -841.0000000000
6234 -840.0000000000
6240 -839.0000000000
6246 -837.0000000000
6258 -836.0000000000
6270 -835.0000000000
6292 -834.0000000000
6293 -833.0000000000
6294 -832.0000000000
6297 -831.0000000000
6317 -830.0000000000
6318 -829.0000000000
6324 -828.0000000000
6344 -827.0000000000
6360 -826.0000000000
6368 -825.0000000000
6377 -824.0000000000
6380 -823.0000000000
6385 -821.0000000000
6396 -820.0000000000
6407 -819.0000000000
6416 -818.0000000000
6419 -816.0000000000
6425 -815.0000000000
6430 -814.0000000000
6432 -813.0000000000
6455 -812.0000000000
6465 -811.0000000000
6474 -810.0000000000
6477 -809.0000000000
6479 -807.0000000000
6485 -806.0000000000
6490 -805.0000000000
6495 -804.0000000000
6513 -803.0000000000
6514 -802.0000000000
6535 -801.0000000000
6543 -800.0000000000
6550 -799.0000000000
6556 -798.0000000000
6566 -797.0000000000
6586 -796.0000000000
6592 -795.0000000000
6607 -794.0000000000
6631 -793.0000000000
6653 -792.0000000000
6660 -791.0000000000
6700 -790.0000000000
6707 -788.0000000000
6708 -787.0000000000
6734 -785.0000000000
6759 -784.0000000000
6765 -783.0000000000
6771 -782.0000000000
6781 -781.0000000000
6799 -780.0000000000
6816 -779.0000000000
6822 -778.0000000000
6839 -777.0000000000
6845 -776.0000000000
6854 -775.0000000000
6861 -774.0000000000
6865 -773.0000000000
6867 -772.0000000000
6875 -771.0000000000
6880 -770.0000000000
6885 -769.0000000000
6892 -767.0000000000
6895 -766.0000000000
6950 -765.0000000000
6965 -764.0000000000
6971 -763.0000000000
6972 -762.0000000000
6980 -761.0000000000
6983 -760.0000000000
6999 -759.0000000000
7004 -757.0000000000
7062 -756.0000000000
7065 -755.0000000000
7075 -754.0000000000
7093 -753.0000000000
7097 -752.0000000000
7106 -751.0000000000
7121 -750.0000000000
7126 -749.0000000000
7128 -747.0000000000
7137 -746.0000000000
7163 -745.0000000000
7168 -744.0000000000
7190 -743.0000000000
7212 -742.0000000000
7213 -741.0000000000
7221 -740.0000000000
7223 -739.0000000000
7224 -738.0000000000
7225 -737.0000000000
7228 -736.0000000000
7245 -735.0000000000
7252 -734.0000000000
7261 -733.0000000000
7294 -732.0000000000
7297 -730.0000000000
7301 -728.0000000000
7307 -727.0000000000
7309 -726.0000000000
7326 -725.0000000000
7330 -724.0000000000
7332 -723.0000000000
7340 -722.0000000000
7345 -721.0000000000
7356 -720.0000000000
7358 -719.0000000000
7399 -718.0000000000
7404 -717.0000000000
7407 -716.0000000000
7437 -715.0000000000
7515 -713.0000000000
7550 -711.0000000000
7572 -710.0000000000
7578 -709.0000000000
7582 -708.0000000000
7585 -707.0000000000
7592 -706.0000000000
7610 -705.0000000000
7618 -704.0000000000
7625 -703.0000000000
7635 -702.0000000000
7638 -701.0000000000
7647 -700.0000000000
7660 -699.0000000000
7675 -697.0000000000
7678 -696.0000000000
7680 -694.0000000000
7685 -693.0000000000
7686 -692.0000000000
7688 -690.0000000000
7704 -689.0000000000
7712 -688.0000000000
7713 -687.0000000000
7751 -686.0000000000
7761 -685.0000000000
7824 -684.0000000000
7825 -683.0000000000
7839 -682.0000000000
7890 -681.0000000000
7894 -680.0000000000
7896 -679.0000000000
7918 -678.0000000000
7924 -677.0000000000
7952 -676.0000000000
7954 -675.0000000000
7958 -674.0000000000
8001 -673.0000000000
8002 -672.0000000000
8019 -671.0000000000
8021 -670.0000000000
8022 -669.0000000000
8036 -668.0000000000
8049 -666.0000000000
8058 -665.0000000000
8061 -664.0000000000
8067 -663.0000000000
8093 -662.0000000000
8123 -661.0000000000
8140 -660.0000000000
8144 -658.0000000000
8161 -657.0000000000
8183 -656.0000000000
8189 -655.0000000000
8211 -654.0000000000
8214 -653.0000000000
8217 -652.0000000000
8228 -651.0000000000
8236 -650.0000000000
8241 -649.0000000000
8267 -648.0000000000
8314 -647.0000000000
8339 -646.0000000000
8346 -645.0000000000
8372 -644.0000000000
8388 -643.0000000000
8392 -642.0000000000
8407 -641.0000000000
8420 -640.0000000000
8436 -639.0000000000
8456 -638.0000000000
8491 -637.0000000000
8493 -636.0000000000
8507 -635.0000000000
8521 -634.0000000000
8541 -633.0000000000
8556 -632.0000000000
8609 -631.0000000000
8617 -630.0000000000
8664 -629.0000000000
8665 -628.0000000000
8666 -627.0000000000
8667 -626.0000000000
8676 -625.0000000000
8717 -624.0000000000
8721 -623.0000000000
8724 -622.0000000000
8763 -621.0000000000
8803 -620.0000000000
8833 -619.0000000000
8834 -618.0000000000
8844 -616.0000000000
8850 -615.0000000000
8881 -614.0000000000
8890 -613.0000000000
8897 -612.0000000000
8960 -611.0000000000
8974 -609.0000000000
9001 -608.0000000000
9049 -607.0000000000
9055 -606.0000000000
9072 -605.0000000000
9073 -604.0000000000
9099 -603.0000000000
9109 -602.0000000000
9110 -600.0000000000
9112 -598.0000000000
9113 -597.0000000000
9126 -596.0000000000
9139 -595.0000000000
9156 -594.0000000000
9169 -593.0000000000
9180 -592.0000000000
9186 -591.0000000000
9193 -590.0000000000
9216 -589.0000000000
9221 -588.0000000000
9241 -587.0000000000
9251 -586.0000000000
9375 -585.0000000000
9384 -584.0000000000
9413 -583.0000000000
9428 -582.0000000000
9455 -581.0000000000
9467 -580.0000000000
9497 -579.0000000000
9499 -578.0000000000
9507 -576.0000000000
9512 -575.0000000000
9515 -574.0000000000
9543 -573.0000000000
9570 -572.0000000000
9597 -571.0000000000
9609 -570.0000000000
9628 -569.0000000000
9635 -567.0000000000
9659 -566.0000000000
9692 -565.0000000000
9747 -564.0000000000
9762 -563.0000000000
9773 -562.0000000000
9791 -561.0000000000
9803 -560.0000000000
9839 -559.0000000000
9875 -558.0000000000
9920 -557.0000000000
9933 -556.0000000000
10000 -557.0000000000
evaluations raw_y
1 -2054.0000000000
6 -2052.0000000000
7 -2049.0000000000
8 -2048.0000000000
11 -2047.0000000000
13 -2045.0000000000
16 -2044.0000000000
21 -2042.0000000000
30 -2041.0000000000
35 -2040.0000000000
37 -2039.0000000000
38 -2038.0000000000
45 -2037.0000000000
46 -2035.0000000000
51 -2034.0000000000
52 -2033.0000000000
57 -2031.0000000000
60 -2030.0000000000
61 -2029.0000000000
63 -2027.0000000000
65 -2026.0000000000
78 -2025.0000000000
83 -2022.0000000000
90 -2021.0000000000
92 -2020.0000000000
97 -2019.0000000000
101 -2018.0000000000
103 -2017.0000000000
109 -2016.0000000000
111 -2015.0000000000
113 -2014.0000000000
118 -2013.0000000000
124 -2012.0000000000
125 -2011.0000000000
133 -2009.0000000000
135 -2008.0000000000
136 -2007.0000000000
137 -2006.0000000000
142 -2004.0000000000
149 -2002.0000000000
153 -2001.0000000000
156 -2000.0000000000
159 -1998.0000000000
162 -1997.0000000000
163 -1996.0000000000
167 -1993.0000000000
177 -1992.0000000000
190 -1991.0000000000
199 -1990.0000000000
200 -1989.0000000000
204 -1988.0000000000
205 -1987.0000000000
206 -1985.0000000000
209 -1982.0000000000
213 -1981.0000000000
214 -1980.0000000000
234 -1979.0000000000
241 -1978.0000000000
242 -1977.0000000000
244 -1976.0000000000
247 -1975.0000000000
248 -1974.0000000000
252 -1973.0000000000
263 -1972.0000000000
265 -1971.0000000000
267 -1970.0000000000
268 -1968.0000000000
274 -1965.0000000000
278 -1964.0000000000
283 -1963.0000000000
287 -1961.0000000000
295 -1960.0000000000
296 -1959.0000000000
297 -1958.0000000000
309 -1957.0000000000
314 -1956.0000000000
321 -1955.0000000000
323 -1954.0000000000
325 -1953.0000000000
327 -1950.0000000000
334 -1949.0000000000
340 -1948.0000000000
342 -1947.0000000000
347 -1946.0000000000
351 -1945.0000000000
370 -1944.0000000000
374 -1943.0000000000
377 -1942.0000000000
378 -1941.0000000000
381 -1940.0000000000
382 -1939.0000000000
390 -1938.0000000000
397 -1937.0000000000
405 -1936.0000000000
408 -1935.0000000000
409 -1934.0000000000
413 -1933.0000000000
415 -1932.0000000000
421 -1931.0000000000
431 -1930.0000000000
436 -1929.0000000000
445 -1928.0000000000
446 -1927.0000000000
448 -1926.0000000000
450 -1925.0000000000
451 -1924.0000000000
455 -1923.0000000000
457 -1922.0000000000
464 -1920.0000000000
465 -1919.0000000000
466 -1918.0000000000
468 -1915.0000000000
475 -1914.0000000000
481 -1913.0000000000
483 -1911.0000000000
489 -1910.0000000000
494 -1909.0000000000
496 -1908.0000000000
501 -1907.0000000000
511 -1906.0000000000
512 -1905.0000000000
516 -1903.0000000000
518 -1902.0000000000
519 -1901.0000000000
520 -1900.0000000000
528 -1899.0000000000
531 -1898.0000000000
537 -1897.0000000000
542 -1894.0000000000
553 -1893.0000000000
561 -1892.0000000000
564 -1890.0000000000
567 -1889.0000000000
576 -1888.0000000000
579 -1887.0000000000
580 -1886.0000000000
581 -1885.0000000000
591 -1884.0000000000
593 -1882.0000000000
595 -1879.0000000000
601 -1878.0000000000
608 -1877.0000000000
616 -1876.0000000000
617 -1874.0000000000
625 -1873.0000000000
627 -1872.0000000000
637 -1871.0000000000
638 -1870.0000000000
650 -1869.0000000000
653 -1868.0000000000
654 -1867.0000000000
656 -1866.0000000000
659 -1863.0000000000
662 -1861.0000000000
674 -1860.0000000000
678 -1859.0000000000
682 -1858.0000000000
688 -1857.0000000000
691 -1856.0000000000
692 -1855.0000000000
695 -1854.0000000000
696 -1853.0000000000
697 -1852.0000000000
700 -1851.0000000000
701 -1850.0000000000
710 -1848.0000000000
712 -1847.0000000000
714 -1846.0000000000
720 -1845.0000000000
724 -1843.0000000000
733 -1842.0000000000
734 -1841.0000000000
743 -1840.0000000000
744 -1839.0000000000
750 -1838.0000000000
762 -1837.0000000000
772 -1835.0000000000
774 -1834.0000000000
779 -1832.0000000000
781 -1831.0000000000
785 -1829.0000000000
786 -1828.0000000000
788 -1827.0000000000
789 -1826.0000000000
790 -1825.0000000000
793 -1824.0000000000
794 -1822.0000000000
796 -1821.0000000000
797 -1819.0000000000
800 -1818.0000000000
824 -1817.0000000000
831 -1815.0000000000
834 -1814.0000000000
835 -1813.0000000000
837 -1812.0000000000
845 -1811.0000000000
846 -1810.0000000000
847 -1809.0000000000
852 -1808.0000000000
857 -1807.0000000000
860 -1806.0000000000
863 -1805.0000000000
872 -1804.0000000000
880 -1803.0000000000
881 -1802.0000000000
886 -1801.0000000000
888 -1800.0000000000
890 -1799.0000000000
891 -1798.0000000000
901 -1797.0000000000
915 -1795.0000000000
930 -1794.0000000000
931 -1793.0000000000
933 -1792.0000000000
937 -1791.0000000000
939 -1788.0000000000
942 -1787.0000000000
945 -1786.0000000000
950 -1785.0000000000
956 -1784.0000000000
958 -1783.0000000000
963 -1782.0000000000
966 -1781.0000000000
967 -1780.0000000000
969 -1777.0000000000
971 -1776.0000000000
983 -1775.0000000000
986 -1774.0000000000
989 -1772.0000000000
990 -1771.0000000000
996 -1769.0000000000
997 -1768.0000000000
1001 -1767.0000000000
1003 -1766.0000000000
1006 -1765.0000000000
1010 -1764.0000000000
1014 -1763.0000000000
1015 -1761.0000000000
1018 -1760.0000000000
1021 -1759.0000000000
1024 -1757.0000000000
1032 -1756.0000000000
1034 -1755.0000000000
1038 -1754.0000000000
1043 -1753.0000000000
1052 -1752.0000000000
1055 -1751.0000000000
1056 -1749.0000000000
1067 -1748.0000000000
1068 -1747.0000000000
1069 -1746.0000000000
1073 -1745.0000000000
1075 -1744.0000000000
1080 -1743.0000000000
1081 -1742.0000000000
1088 -1740.0000000000
1093 -1739.0000000000
1103 -1738.0000000000
1109 -1737.0000000000
1115 -1736.0000000000
1130 -1735.0000000000
1134 -1734.0000000000
1136 -1733.0000000000
1138 -1732.0000000000
1143 -1731.0000000000
1144 -1730.0000000000
1158 -1729.0000000000
1161 -1728.0000000000
1166 -1726.0000000000
1179 -1725.0000000000
1191 -1724.0000000000
1198 -1723.0000000000
1203 -1722.0000000000
1204 -1721.0000000000
1212 -1719.0000000000
1216 -1718.0000000000
1217 -1717.0000000000
1221 -1716.0000000000
1230 -1715.0000000000
1232 -1714.0000000000
1233 -1713.0000000000
1235 -1711.0000000000
1246 -1710.0000000000
1253 -1709.0000000000
1261 -1708.0000000000
1265 -1706.0000000000
1272 -1705.0000000000
1278 -1704.0000000000
1282 -1703.0000000000
1284 -1701.0000000000
1287 -1700.0000000000
1301 -1699.0000000000
1303 -1698.0000000000
1313 -1696.0000000000
1324 -1695.0000000000
1327 -1694.0000000000
1332 -1692.0000000000
1334 -1691.0000000000
1340 -1690.0000000000
1349 -1689.0000000000
1351 -1688.0000000000
1352 -1687.0000000000
1356 -1686.0000000000
1368 -1684.0000000000
1370 -1683.0000000000
1371 -1682.0000000000
1376 -1681.0000000000
1384 -1679.0000000000
1390 -1678.0000000000
1396 -1677.0000000000
1399 -1676.0000000000
1403 -1675.0000000000
1404 -1674.0000000000
1406 -1672.0000000000
1411 -1671.0000000000
1423 -1670.0000000000
1430 -1669.0000000000
1437 -1666.0000000000
1440 -1665.0000000000
1441 -1664.0000000000
1452 -1663.0000000000
1453 -1662.0000000000
1456 -1661.0000000000
1460 -1660.0000000000
1471 -1658.0000000000
1473 -1657.0000000000
1488 -1656.0000000000
1492 -1655.0000000000
1495 -1654.0000000000
1506 -1653.0000000000
1511 -1651.0000000000
1512 -1650.0000000000
1513 -1649.0000000000
1515 -1646.0000000000
1521 -1644.0000000000
1526 -1643.0000000000
1528 -1642.0000000000
1534 -1641.0000000000
1536 -1640.0000000000
1543 -1638.0000000000
1551 -1637.0000000000
1567 -1636.0000000000
1572 -1634.0000000000
1573 -1633.0000000000
1579 -1632.0000000000
1582 -1631.0000000000
1585 -1630.0000000000
1589 -1629.0000000000
1590 -1628.0000000000
1597 -1627.0000000000
1603 -1626.0000000000
1605 -1625.0000000000
1606 -1624.0000000000
1609 -1623.0000000000
1613 -1621.0000000000
1625 -1620.0000000000
1627 -1619.0000000000
1628 -1618.0000000000
1633 -1617.0000000000
1638 -1616.0000000000
1662 -1614.0000000000
1663 -1612.0000000000
1665 -1611.0000000000
1669 -1610.0000000000
1675 -1609.0000000000
1676 -1608.0000000000
1679 -1607.0000000000
1680 -1606.0000000000
1683 -1605.0000000000
1686 -1604.0000000000
1687 -1603.0000000000
1695 -1602.0000000000
1698 -1601.0000000000
1700 -1600.0000000000
1702 -1599.0000000000
1708 -1598.0000000000
1711 -1597.0000000000
1713 -1596.0000000000
1715 -1595.0000000000
1716 -1593.0000000000
1720 -1591.0000000000
1722 -1590.0000000000
1724 -1589.0000000000
1736 -1587.0000000000
1740 -1586.0000000000
1746 -1585.0000000000
1748 -1583.0000000000
1765 -1582.0000000000
1767 -1581.0000000000
1769 -1580.0000000000
1777 -1579.0000000000
1779 -1578.0000000000
1780 -1577.0000000000
1788 -1576.0000000000
1790 -1575.0000000000
1791 -1574.0000000000
1797 -1573.0000000000
1812 -1572.0000000000
1813 -1571.0000000000
1815 -1570.0000000000
1820 -1568.0000000000
1823 -1566.0000000000
1826 -1565.0000000000
1829 -1564.0000000000
1830 -1563.0000000000
1832 -1562.0000000000
1834 -1560.0000000000
1846 -1559.0000000000
1847 -1558.0000000000
1850 -1557.0000000000
1859 -1556.0000000000
1862 -1555.0000000000
1866 -1554.0000000000
1875 -1553.0000000000
1883 -1552.0000000000
1886 -1551.0000000000
1889 -1550.0000000000
1891 -1547.0000000000
1907 -1546.0000000000
1940 -1545.0000000000
1946 -1544.0000000000
1949 -1542.0000000000
1952 -1541.0000000000
1955 -1540.0000000000
1962 -1539.0000000000
1968 -1538.0000000000
1969 -1537.0000000000
1973 -1536.0000000000
1977 -1534.0000000000
1981 -1533.0000000000
1989 -1532.0000000000
1998 -1531.0000000000
2002 -1530.0000000000
2007 -1529.0000000000
2011 -1528.0000000000
2012 -1527.0000000000
2018 -1526.0000000000
2021 -1525.0000000000
2023 -1524.0000000000
2024 -1522.0000000000
2026 -1520.0000000000
2030 -1519.0000000000
2032 -1518.0000000000
2048 -1517.0000000000
2049 -1516.0000000000
2051 -1515.0000000000
2056 -1514.0000000000
2067 -1513.0000000000
2071 -1512.0000000000
2080 -1511.0000000000
2086 -1510.0000000000
2092 -1509.0000000000
2111 -1508.0000000000
2117 -1506.0000000000
2135 -1505.0000000000
2136 -1504.0000000000
2137 -1503.0000000000
2148 -1502.0000000000
2157 -1501.0000000000
2167 -1499.0000000000
2172 -1498.0000000000
2195 -1497.0000000000
2196 -1496.0000000000
2209 -1495.0000000000
2210 -1494.0000000000
2218 -1491.0000000000
2236 -1489.0000000000
2242 -1488.0000000000
2249 -1487.0000000000
2250 -1486.0000000000
2254 -1485.0000000000
2259 -1483.0000000000
2278 -1481.0000000000
2289 -1480.0000000000
2295 -1479.0000000000
2303 -1478.0000000000
2305 -1477.0000000000
2309 -1476.0000000000
2323 -1475.0000000000
2328 -1474.0000000000
2330 -1473.0000000000
2334 -1472.0000000000
2340 -1471.0000000000
2341 -1470.0000000000
2346 -1469.0000000000
2349 -1468.0000000000
2370 -1467.0000000000
2373 -1466.0000000000
2388 -1465.0000000000
2391 -1464.0000000000
2392 -1463.0000000000
2396 -1462.0000000000
2397 -1461.0000000000
2402 -1460.0000000000
2403 -1459.0000000000
2408 -1458.0000000000
2409 -1457.0000000000
2412 -1455.0000000000
2413 -1454.0000000000
2425 -1453.0000000000
2428 -1451.0000000000
2436 -1450.0000000000
2438 -1449.0000000000
2439 -1448.0000000000
2442 -1447.0000000000
2446 -1446.0000000000
2448 -1445.0000000000
2449 -1443.0000000000
2465 -1442.0000000000
2498 -1441.0000000000
2500 -1440.0000000000
2512 -1438.0000000000
2516 -1437.0000000000
2526 -1436.0000000000
2527 -1435.0000000000
2530 -1434.0000000000
2535 -1432.0000000000
2536 -1431.0000000000
2537 -1429.0000000000
2539 -1428.0000000000
2546 -1427.0000000000
2550 -1426.0000000000
2555 -1425.0000000000
2566 -1424.0000000000
2568 -1423.0000000000
2577 -1422.0000000000
2580 -1421.0000000000
2582 -1420.0000000000
2587 -1419.0000000000
2592 -1418.0000000000
2600 -1417.0000000000
2610 -1416.0000000000
2611 -1415.0000000000
2614 -1414.0000000000
2619 -1413.0000000000
2622 -1412.0000000000
2625 -1411.0000000000
2632 -1410.0000000000
2638 -1409.0000000000
2644 -1408.0000000000
2646 -1407.0000000000
2648 -1406.0000000000
2658 -1405.0000000000
2665 -1404.0000000000
2670 -1403.0000000000
2674 -1402.0000000000
2678 -1401.0000000000
2680 -1400.0000000000
2685 -1398.0000000000
2690 -1397.0000000000
2700 -1396.0000000000
2701 -1395.0000000000
2702 -1394.0000000000
2708 -1392.0000000000
2717 -1391.0000000000
2725 -1390.0000000000
2728 -1389.0000000000
2731 -1388.0000000000
2742 -1387.0000000000
2744 -1386.0000000000
2748 -1384.0000000000
2750 -1383.0000000000
2751 -1382.0000000000
2759 -1381.0000000000
2762 -1380.0000000000
2766 -1379.0000000000
2777 -1378.0000000000
2779 -1377.0000000000
2786 -1376.0000000000
2788 -1375.0000000000
2797 -1374.0000000000
2805 -1373.0000000000
2807 -1372.0000000000
2809 -1371.0000000000
2813 -1370.0000000000
2818 -1369.0000000000
2821 -1368.0000000000
2823 -1367.0000000000
2824 -1366.0000000000
2826 -1365.0000000000
2829 -1364.0000000000
2834 -1363.0000000000
2855 -1361.0000000000
2858 -1359.0000000000
2859 -1358.0000000000
2868 -1357.0000000000
2875 -1355.0000000000
2877 -1354.0000000000
2880 -1353.0000000000
2898 -1352.0000000000
2902 -1351.0000000000
2903 -1349.0000000000
2906 -1348.0000000000
2911 -1347.0000000000
2912 -1346.0000000000
2915 -1345.0000000000
2919 -1344.0000000000
2935 -1343.0000000000
2937 -1342.0000000000
2943 -1341.0000000000
2956 -1340.0000000000
2957 -1339.0000000000
2960 -1338.0000000000
2964 -1337.0000000000
2979 -1336.0000000000
2989 -1335.0000000000
3007 -1334.0000000000
3020 -1333.0000000000
3021 -1332.0000000000
3024 -1331.0000000000
3028 -1330.0000000000
3030 -1329.0000000000
3033 -1328.0000000000
3034 -1327.0000000000
3037 -1326.0000000000
3038 -1325.0000000000
3055 -1324.0000000000
3063 -1323.0000000000
3066 -1321.0000000000
3077 -1320.0000000000
3083 -1319.0000000000
3084 -1318.0000000000
3092 -1317.0000000000
3096 -1316.0000000000
3098 -1315.0000000000
3108 -1314.0000000000
3121 -1313.0000000000
3130 -1312.0000000000
3138 -1311.0000000000
3139 -1310.0000000000
3141 -1308.0000000000
3146 -1307.0000000000
3151 -1306.0000000000
3155 -1305.0000000000
3174 -1304.0000000000
3187 -1303.0000000000
3188 -1302.0000000000
3190 -1301.0000000000
3194 -1300.0000000000
3206 -1299.0000000000
3210 -1298.0000000000
3224 -1297.0000000000
3225 -1296.0000000000
3231 -1295.0000000000
3243 -1294.0000000000
3253 -1293.0000000000
3255 -1292.0000000000
3275 -1291.0000000000
3281 -1290.0000000000
3283 -1289.0000000000
3299 -1288.0000000000
3308 -1287.0000000000
3311 -1286.0000000000
3318 -1285.0000000000
3320 -1284.0000000000
3324 -1281.0000000000
3325 -1280.0000000000
3328 -1279.0000000000
3334 -1278.0000000000
3352 -1277.0000000000
3360 -1276.0000000000
3367 -1275.0000000000
3370 -1274.0000000000
3372 -1272.0000000000
3373 -1271.0000000000
3376 -1270.0000000000
3382 -1268.0000000000
3387 -1266.0000000000
3391 -1265.0000000000
3392 -1264.0000000000
3410 -1263.0000000000
3416 -1261.0000000000
3423 -1260.0000000000
3428 -1259.0000000000
3431 -1258.0000000000
3445 -1256.0000000000
3460 -1255.0000000000
3461 -1253.0000000000
3466 -1251.0000000000
3471 -1248.0000000000
3476 -1247.0000000000
3482 -1246.0000000000
3483 -1245.0000000000
3490 -1244.0000000000
3495 -1243.0000000000
3503 -1242.0000000000
3505 -1241.0000000000
3506 -1240.0000000000
3515 -1239.0000000000
3517 -1238.0000000000
3521 -1237.0000000000
3522 -1236.0000000000
3527 -1235.0000000000
3530 -1234.0000000000
3532 -1233.0000000000
3539 -1232.0000000000
3547 -1231.0000000000
3553 -1229.0000000000
3559 -1228.0000000000
3574 -1227.0000000000
3578 -1226.0000000000
3580 -1225.0000000000
3587 -1224.0000000000
3591 -1223.0000000000
3593 -1222.0000000000
3612 -1220.0000000000
3614 -1219.0000000000
3637 -1218.0000000000
3640 -1217.0000000000
3642 -1216.0000000000
3644 -1215.0000000000
3648 -1214.0000000000
3658 -1213.0000000000
3670 -1212.0000000000
3671 -1211.0000000000
3685 -1209.0000000000
3688 -1208.0000000000
3691 -1207.0000000000
3698 -1206.0000000000
3707 -1205.0000000000
3715 -1204.0000000000
3717 -1203.0000000000
3727 -1202.0000000000
3730 -1201.0000000000
3733 -1199.0000000000
3747 -1198.0000000000
3750 -1197.0000000000
3751 -1196.0000000000
3769 -1195.0000000000
3778 -1192.0000000000
3791 -1191.0000000000
3793 -1190.0000000000
3813 -1189.0000000000
3817 -1188.0000000000
3842 -1187.0000000000
3846 -1186.0000000000
3866 -1185.0000000000
3867 -1184.0000000000
3876 -1182.0000000000
3894 -1180.0000000000
3927 -1178.0000000000
3932 -1177.0000000000
3937 -1176.0000000000
3943 -1175.0000000000
3945 -1174.0000000000
3949 -1173.0000000000
3957 -1172.0000000000
3961 -1170.0000000000
3964 -1169.0000000000
3965 -1168.0000000000
3968 -1167.0000000000
3973 -1166.0000000000
3975 -1165.0000000000
3981 -1164.0000000000
3986 -1163.0000000000
3990 -1162.0000000000
3993 -1161.0000000000
4000 -1160.0000000000
4004 -1159.0000000000
4006 -1158.0000000000
4016 -1157.0000000000
4027 -1156.0000000000
4034 -1155.0000000000
4037 -1154.0000000000
4044 -1152.0000000000
4052 -1151.0000000000
4057 -1150.0000000000
4060 -1149.0000000000
4066 -1148.0000000000
4067 -1147.0000000000
4069 -1146.0000000000
4090 -1144.0000000000
4093 -1143.0000000000
4120 -1142.0000000000
4121 -1141.0000000000
4126 -1140.0000000000
4129 -1139.0000000000
4133 -1138.0000000000
4148 -1137.0000000000
4149 -1136.0000000000
4151 -1135.0000000000
4154 -1134.0000000000
4155 -1133.0000000000
4164 -1131.0000000000
4166 -1130.0000000000
4173 -1128.0000000000
4178 -1127.0000000000
4187 -1126.0000000000
4205 -1125.0000000000
4208 -1124.0000000000
4218 -1123.0000000000
4219 -1122.0000000000
4224 -1121.0000000000
4226 -1120.0000000000
4227 -1119.0000000000
4236 -1118.0000000000
4245 -1117.0000000000
4256 -1116.0000000000
4272 -1115.0000000000
4279 -1114.0000000000
4281 -1113.0000000000
4287 -1112.0000000000
4302 -1111.0000000000
4317 -1109.0000000000
4321 -1108.0000000000
4338 -1107.0000000000
4343 -1106.0000000000
4346 -1104.0000000000
4352 -1103.0000000000
4355 -1101.0000000000
4361 -1100.0000000000
4363 -1099.0000000000
4367 -1098.0000000000
4380 -1097.0000000000
4409 -1096.0000000000
4415 -1095.0000000000
4422 -1094.0000000000
4425 -1093.0000000000
4426 -1092.0000000000
4427 -1090.0000000000
4442 -1089.0000000000
4445 -1088.0000000000
4451 -1087.0000000000
4469 -1086.0000000000
4483 -1085.0000000000
4485 -1084.0000000000
4496 -1083.0000000000
4513 -1082.0000000000
4518 -1080.0000000000
4520 -1079.0000000000
4525 -1077.0000000000
4532 -1076.0000000000
4535 -1074.0000000000
4541 -1073.0000000000
4569 -1072.0000000000
4577 -1071.0000000000
4578 -1070.0000000000
4587 -1068.0000000000
4590 -1067.0000000000
4591 -1066.0000000000
4592 -1064.0000000000
4603 -1062.0000000000
4625 -1061.0000000000
4634 -1060.0000000000
4647 -1059.0000000000
4648 -1058.0000000000
4652 -1056.0000000000
4666 -1055.0000000000
4674 -1054.0000000000
4676 -1053.0000000000
4685 -1052.0000000000
4709 -1051.0000000000
4713 -1050.0000000000
4718 -1049.0000000000
4723 -1048.0000000000
4738 -1047.0000000000
4739 -1046.0000000000
4750 -1045.0000000000
4760 -1044.0000000000
4762 -1043.0000000000
4785 -1042.0000000000
4786 -1041.0000000000
4789 -1040.0000000000
4806 -1038.0000000000
4808 -1037.0000000000
4825 -1036.0000000000
4848 -1035.0000000000
4852 -1034.0000000000
4853 -1033.0000000000
4870 -1032.0000000000
4874 -1031.0000000000
4886 -1030.0000000000
4902 -1028.0000000000
4905 -1026.0000000000
4906 -1025.0000000000
4916 -1023.0000000000
4919 -1022.0000000000
4940 -1021.0000000000
4949 -1020.0000000000
4953 -1019.0000000000
4968 -1018.0000000000
4976 -1017.0000000000
4993 -1016.0000000000
4996 -1015.0000000000
4999 -1014.0000000000
5006 -1013.0000000000
5013 -1012.0000000000
5027 -1011.0000000000
5034 -1010.0000000000
5042 -1008.0000000000
5050 -1007.0000000000
5055 -1006.0000000000
5075 -1005.0000000000
5079 -1004.0000000000
5088 -1003.0000000000
5090 -1002.0000000000
5111 -1001.0000000000
5137 -1000.0000000000
5141 -999.0000000000
5149 -997.0000000000
5184 -996.0000000000
5190 -995.0000000000
5198 -994.0000000000
5221 -993.0000000000
5229 -992.0000000000
5236 -991.0000000000
5237 -990.0000000000
5245 -989.0000000000
5258 -988.0000000000
5261 -987.0000000000
5262 -986.0000000000
5266 -984.0000000000
5268 -983.0000000000
5273 -982.0000000000
5287 -981.0000000000
5288 -980.0000000000
5297 -979.0000000000
5300 -978.0000000000
5308 -977.0000000000
5317 -976.0000000000
5326 -975.0000000000
5330 -973.0000000000
5350 -972.0000000000
5352 -971.0000000000
5366 -970.0000000000
5387 -969.0000000000
5395 -968.0000000000
5401 -967.0000000000
5409 -965.0000000000
5412 -964.0000000000
5417 -961.0000000000
5422 -960.0000000000
5423 -959.0000000000
5434 -958.0000000000
5444 -957.0000000000
5446 -956.0000000000
5447 -955.0000000000
5456 -954.0000000000
5473 -953.0000000000
5477 -952.0000000000
5486 -951.0000000000
5524 -950.0000000000
5531 -949.0000000000
5537 -948.0000000000
5557 -945.0000000000
5563 -944.0000000000
5564 -942.0000000000
5567 -941.0000000000
5568 -939.0000000000
5573 -937.0000000000
5586 -935.0000000000
5594 -934.0000000000
5608 -933.0000000000
5609 -932.0000000000
5612 -931.0000000000
5617 -930.0000000000
5622 -929.0000000000
5627 -927.0000000000
5691 -926.0000000000
5709 -925.0000000000
5724 -924.0000000000
5730 -923.0000000000
5754 -922.0000000000
5771 -921.0000000000
5789 -918.0000000000
5801 -917.0000000000
5811 -915.0000000000
5824 -914.0000000000
5825 -913.0000000000
5848 -912.0000000000
5857 -911.0000000000
5863 -910.0000000000
5864 -909.0000000000
5875 -908.0000000000
5876 -907.0000000000
5881 -906.0000000000
5883 -905.0000000000
5893 -904.0000000000
5896 -903.0000000000
5901 -902.0000000000
5905 -901.0000000000
5915 -900.0000000000
5930 -899.0000000000
5933 -897.0000000000
5939 -896.0000000000
5946 -895.0000000000
5953 -894.0000000000
5957 -893.0000000000
5975 -892.0000000000
5979 -891.0000000000
5988 -890.0000000000
5992 -888.0000000000
6001 -887.0000000000
6023 -886.0000000000
6041 -885.0000000000
6045 -884.0000000000
6046 -883.0000000000
6061 -882.0000000000
6072 -881.0000000000
6074 -880.0000000000
6077 -879.0000000000
6084 -878.0000000000
6089 -877.0000000000
6097 -876.0000000000
6116 -875.0000000000
6130 -874.0000000000
6156 -873.0000000000
6157 -872.0000000000
6169 -869.0000000000
6176 -868.0000000000
6221 -867.0000000000
6224 -866.0000000000
6226 -865.0000000000
6230 -864.0000000000
6234 -862.0000000000
6235 -861.0000000000
6236 -860.0000000000
6238 -859.0000000000
6240 -858.0000000000
6255 -857.0000000000
6271 -856.0000000000
6275 -855.0000000000
6297 -854.0000000000
6310 -853.0000000000
6337 -851.0000000000
6343 -850.0000000000
6350 -849.0000000000
6358 -848.0000000000
6360 -847.0000000000
6366 -845.0000000000
6380 -844.0000000000
6393 -843.0000000000
6399 -842.0000000000
6402 -841.0000000000
6410 -840.0000000000
6422 -839.0000000000
6431 -838.0000000000
6464 -836.0000000000
6466 -835.0000000000
6473 -834.0000000000
6476 -833.0000000000
6490 -832.0000000000
6502 -831.0000000000
6520 -830.0000000000
6522 -829.0000000000
6551 -827.0000000000
6560 -826.0000000000
6581 -825.0000000000
6582 -824.0000000000
6641 -823.0000000000
6656 -821.0000000000
6658 -820.0000000000
6665 -819.0000000000
6667 -818.0000000000
6675 -817.0000000000
6696 -816.0000000000
6707 -815.0000000000
6717 -814.0000000000
6718 -813.0000000000
6730 -812.0000000000
6740 -811.0000000000
6750 -810.0000000000
6763 -809.0000000000
6795 -808.0000000000
6809 -807.0000000000
6811 -806.0000000000
6817 -805.0000000000
6819 -804.0000000000
6847 -802.0000000000
6851 -801.0000000000
6854 -800.0000000000
6862 -799.0000000000
6871 -798.0000000000
6886 -797.0000000000
6896 -796.0000000000
6898 -794.0000000000
6901 -792.0000000000
6906 -791.0000000000
6950 -790.0000000000
6955 -789.0000000000
6960 -788.0000000000
6964 -787.0000000000
6969 -786.0000000000
6970 -785.0000000000
6971 -784.0000000000
7007 -783.0000000000
7028 -782.0000000000
7051 -781.0000000000
7087 -780.0000000000
7092 -779.0000000000
7112 -778.0000000000
7119 -777.0000000000
7121 -776.0000000000
7135 -775.0000000000
7139 -774.0000000000
7152 -773.0000000000
7161 -772.0000000000
7168 -771.0000000000
7170 -770.0000000000
7208 -769.0000000000
7272 -768.0000000000
7273 -767.0000000000
7275 -766.0000000000
7278 -765.0000000000
7282 -764.0000000000
7285 -763.0000000000
7289 -762.0000000000
7299 -761.0000000000
7305 -760.0000000000
7306 -759.0000000000
7309 -758.0000000000
7338 -757.0000000000
7344 -756.0000000000
7373 -755.0000000000
7385 -754.0000000000
7406 -753.0000000000
7407 -752.0000000000
7417 -751.0000000000
7423 -750.0000000000
7429 -749.0000000000
7442 -748.0000000000
7452 -747.0000000000
7473 -745.0000000000
7478 -744.0000000000
7491 -743.0000000000
7511 -742.0000000000
7516 -741.0000000000
7529 -740.0000000000
7546 -739.0000000000
7571 -738.0000000000
7584 -736.0000000000
7589 -735.0000000000
7601 -734.0000000000
7617 -733.0000000000
7645 -732.0000000000
7647 -731.0000000000
7671 -730.0000000000
7679 -729.0000000000
7683 -728.0000000000
7692 -727.0000000000
7700 -726.0000000000
7732 -725.0000000000
7743 -724.0000000000
7757 -723.0000000000
7761 -722.0000000000
7762 -720.0000000000
7793 -718.0000000000
7798 -717.0000000000
7830 -716.0000000000
7840 -715.0000000000
7853 -714.0000000000
7854 -712.0000000000
7870 -711.0000000000
7872 -710.0000000000
7889 -709.0000000000
7894 -708.0000000000
7895 -707.0000000000
7908 -705.0000000000
7909 -704.0000000000
7927 -703.0000000000
7934 -702.0000000000
7944 -701.0000000000
7967 -700.0000000000
7974 -699.0000000000
8002 -698.0000000000
8028 -697.0000000000
8045 -695.0000000000
8051 -693.0000000000
8061 -692.0000000000
8065 -691.0000000000
8128 -690.0000000000
8138 -689.0000000000
8153 -688.0000000000
8156 -687.0000000000
8159 -686.0000000000
8160 -685.0000000000
8167 -684.0000000000
8176 -683.0000000000
8190 -682.0000000000
8198 -681.0000000000
8220 -680.0000000000
8221 -679.0000000000
8223 -678.0000000000
8241 -677.0000000000
8259 -676.0000000000
8281 -675.0000000000
8294 -674.0000000000
8309 -673.0000000000
8317 -672.0000000000
8337 -671.0000000000
8355 -670.0000000000
8359 -669.0000000000
8360 -668.0000000000
8389 -667.0000000000
8426 -666.0000000000
8428 -665.0000000000
8434 -664.0000000000
8435 -663.0000000000
8447 -662.0000000000
8451 -661.0000000000
8463 -660.0000000000
8474 -659.0000000000
8476 -658.0000000000
8510 -657.0000000000
8517 -655.0000000000
8560 -654.0000000000
8563 -653.0000000000
8564 -652.0000000000
8568 -651.0000000000
8587 -650.0000000000
8601 -649.0000000000
8613 -648.0000000000
8654 -647.0000000000
8667 -646.0000000000
8668 -645.0000000000
8671 -644.0000000000
8681 -643.0000000000
8731 -642.0000000000
8734 -641.0000000000
8771 -640.0000000000
8812 -639.0000000000
8822 -638.0000000000
8829 -637.0000000000
8833 -636.0000000000
8841 -635.0000000000
8847 -634.0000000000
8853 -633.0000000000
8854 -632.0000000000
8872 -631.0000000000
8891 -630.0000000000
8898 -629.0000000000
8907 -627.0000000000
8913 -626.0000000000
8945 -625.0000000000
8947 -624.0000000000
8991 -623.0000000000
9022 -622.0000000000
9026 -621.0000000000
9027 -620.0000000000
9036 -619.0000000000
9044 -618.0000000000
9047 -617.0000000000
9054 -616.0000000000
9064 -615.0000000000
9069 -614.0000000000
9073 -613.0000000000
9075 -612.0000000000
9110 -611.0000000000
9114 -610.0000000000
9118 -609.0000000000
9150 -608.0000000000
9153 -607.0000000000
9175 -605.0000000000
9176 -604.0000000000
9210 -603.0000000000
9223 -601.0000000000
9224 -600.0000000000
9229 -599.0000000000
9284 -598.0000000000
9294 -596.0000000000
9298 -595.0000000000
9323 -594.0000000000
9344 -593.0000000000
9348 -592.0000000000
9366 -591.0000000000
9379 -590.0000000000
9385 -589.0000000000
9423 -587.0000000000
9445 -586.0000000000
9460 -585.0000000000
9529 -584.0000000000
9540 -583.0000000000
9547 -582.0000000000
9569 -581.0000000000
9586 -580.0000000000
9591 -579.0000000000
9627 -578.0000000000
9644 -577.0000000000
9648 -576.0000000000
9662 -575.0000000000
9670 -573.0000000000
9700 -572.0000000000
9704 -571.0000000000
9751 -570.0000000000
9752 -569.0000000000
9760 -568.0000000000
9779 -567.0000000000
9801 -566.0000000000
9808 -565.0000000000
9810 -564.0000000000
9892 -563.0000000000
9900 -562.0000000000
9911 -561.0000000000
9926 -560.0000000000
9931 -559.0000000000
9938 -557.0000000000
9967 -555.0000000000
10000 -556.0000000000
evaluations raw_y
1 -2011.0000000000
3 -2010.0000000000
7 -2009.0000000000
8 -2008.0000000000
9 -2007.0000000000
15 -2006.0000000000
19 -2005.0000000000
20 -2004.0000000000
26 -2001.0000000000
27 -2000.0000000000
28 -1999.0000000000
33 -1998.0000000000
37 -1997.0000000000
38 -1995.0000000000
39 -1994.0000000000
41 -1993.0000000000
42 -1991.0000000000
50 -1990.0000000000
51 -1989.0000000000
52 -1988.0000000000
53 -1987.0000000000
54 -1986.0000000000
56 -1985.0000000000
57 -1982.0000000000
59 -1981.0000000000
64 -1980.0000000000
66 -1979.0000000000
67 -1977.0000000000
69 -1976.0000000000
78 -1975.0000000000
79 -1974.0000000000
82 -1972.0000000000
87 -1971.0000000000
90 -1970.0000000000
92 -1969.0000000000
94 -1967.0000000000
96 -1966.0000000000
97 -1964.0000000000
99 -1963.0000000000
102 -1962.0000000000
104 -1961.0000000000
107 -1960.0000000000
113 -1959.0000000000
125 -1958.0000000000
127 -1957.0000000000
134 -1955.0000000000
135 -1953.0000000000
136 -1952.0000000000
137 -1951.0000000000
140 -1950.0000000000
148 -1949.0000000000
153 -1948.0000000000
158 -1947.0000000000
159 -1946.0000000000
165 -1945.0000000000
171 -1942.0000000000
175 -1941.0000000000
201 -1940.0000000000
204 -1939.0000000000
210 -1938.0000000000
215 -1936.0000000000
216 -1934.0000000000
221 -1933.0000000000
223 -1932.0000000000
225 -1931.0000000000
226 -1930.0000000000
227 -1929.0000000000
235 -1928.0000000000
240 -1926.0000000000
246 -1925.0000000000
248 -1924.0000000000
249 -1923.0000000000
258 -1922.0000000000
259 -1920.0000000000
261 -1917.0000000000
264 -1916.0000000000
265 -1915.0000000000
273 -1914.0000000000
274 -1913.0000000000
279 -1912.0000000000
282 -1911.0000000000
288 -1910.0000000000
292 -1908.0000000000
302 -1907.0000000000
305 -1906.0000000000
308 -1905.0000000000
309 -1904.0000000000
314 -1902.0000000000
316 -1901.0000000000
320 -1898.0000000000
325 -1897.0000000000
329 -1896.0000000000
331 -1895.0000000000
340 -1894.0000000000
344 -1893.0000000000
345 -1892.0000000000
346 -1890.0000000000
347 -1887.0000000000
348 -1885.0000000000
355 -1884.0000000000
356 -1883.0000000000
358 -1882.0000000000
360 -1881.0000000000
367 -1880.0000000000
371 -1879.0000000000
375 -1878.0000000000
385 -1877.0000000000
392 -1876.0000000000
393 -1873.0000000000
398 -1872.0000000000
406 -1870.0000000000
408 -1869.0000000000
412 -1868.0000000000
414 -1867.0000000000
418 -1866.0000000000
419 -1864.0000000000
420 -1862.0000000000
428 -1861.0000000000
429 -1858.0000000000
430 -1857.0000000000
432 -1856.0000000000
446 -1854.0000000000
447 -1852.0000000000
452 -1851.0000000000
457 -1850.0000000000
461 -1849.0000000000
464 -1848.0000000000
476 -1847.0000000000
477 -1845.0000000000
479 -1844.0000000000
483 -1841.0000000000
484 -1840.0000000000
486 -1839.0000000000
488 -1838.0000000000
494 -1837.0000000000
497 -1836.0000000000
507 -1835.0000000000
512 -1834.0000000000
513 -1833.0000000000
525 -1832.0000000000
526 -1831.0000000000
531 -1830.0000000000
534 -1829.0000000000
535 -1828.0000000000
542 -1827.0000000000
547 -1826.0000000000
549 -1825.0000000000
552 -1824.0000000000
558 -1823.0000000000
559 -1822.0000000000
562 -1821.0000000000
563 -1819.0000000000
564 -1818.0000000000
567 -1817.0000000000
569 -1816.0000000000
572 -1815.0000000000
578 -1814.0000000000
580 -1809.0000000000
593 -1807.0000000000
601 -1806.0000000000
602 -1805.0000000000
603 -1804.0000000000
609 -1803.0000000000
615 -1802.0000000000
616 -1801.0000000000
618 -1800.0000000000
630 -1799.0000000000
641 -1797.0000000000
650 -1796.0000000000
652 -1794.0000000000
655 -1793.0000000000
656 -1792.0000000000
658 -1791.0000000000
659 -1790.0000000000
661 -1789.0000000000
676 -1788.0000000000
678 -1787.0000000000
681 -1786.0000000000
687 -1784.0000000000
689 -1783.0000000000
692 -1782.0000000000
697 -1779.0000000000
702 -1778.0000000000
712 -1777.0000000000
714 -1776.0000000000
729 -1774.0000000000
732 -1773.0000000000
733 -1772.0000000000
734 -1770.0000000000
740 -1769.0000000000
745 -1768.0000000000
748 -1767.0000000000
750 -1766.0000000000
754 -1765.0000000000
755 -1764.0000000000
775 -1762.0000000000
776 -1761.0000000000
781 -1760.0000000000
785 -1759.0000000000
807 -1758.0000000000
809 -1756.0000000000
815 -1755.0000000000
824 -1754.0000000000
825 -1752.0000000000
831 -1750.0000000000
835 -1748.0000000000
853 -1747.0000000000
861 -1746.0000000000
866 -1745.0000000000
867 -1744.0000000000
869 -1743.0000000000
870 -1742.0000000000
879 -1741.0000000000
886 -1740.0000000000
891 -1739.0000000000
897 -1738.0000000000
901 -1737.0000000000
909 -1736.0000000000
914 -1734.0000000000
921 -1732.0000000000
922 -1730.0000000000
927 -1729.0000000000
928 -1728.0000000000
932 -1727.0000000000
939 -1726.0000000000
940 -1725.0000000000
944 -1724.0000000000
947 -1723.0000000000
952 -1722.0000000000
955 -1721.0000000000
957 -1720.0000000000
959 -1719.0000000000
962 -1718.0000000000
963 -1717.0000000000
970 -1716.0000000000
971 -1715.0000000000
972 -1713.0000000000
986 -1712.0000000000
992 -1710.0000000000
1002 -1709.0000000000
1004 -1708.0000000000
1017 -1707.0000000000
1019 -1706.0000000000
1023 -1705.0000000000
1026 -1704.0000000000
1028 -1703.0000000000
1034 -1702.0000000000
1044 -1701.0000000000
1045 -1700.0000000000
1047 -1699.0000000000
1050 -1698.0000000000
1051 -1697.0000000000
1052 -1696.0000000000
1058 -1695.0000000000
1059 -1694.0000000000
1064 -1693.0000000000
1065 -1691.0000000000
1074 -1688.0000000000
1076 -1687.0000000000
1080 -1685.0000000000
1088 -1684.0000000000
1090 -1683.0000000000
1092 -1681.0000000000
1096 -1680.0000000000
1097 -1679.0000000000
1110 -1678.0000000000
1111 -1677.0000000000
1113 -1675.0000000000
1117 -1674.0000000000
1119 -1673.0000000000
1124 -1672.0000000000
1129 -1670.0000000000
1135 -1668.0000000000
1138 -1667.0000000000
1139 -1666.0000000000
1142 -1665.0000000000
1143 -1664.0000000000
1154 -1662.0000000000
1160 -1661.0000000000
1165 -1660.0000000000
1169 -1659.0000000000
1174 -1658.0000000000
1178 -1656.0000000000
1187 -1655.0000000000
1188 -1654.0000000000
1190 -1653.0000000000
1195 -1652.0000000000
1198 -1650.0000000000
1200 -1649.0000000000
1206 -1647.0000000000
1209 -1646.0000000000
1210 -1645.0000000000
1218 -1644.0000000000
1234 -1643.0000000000
1247 -1642.0000000000
1250 -1641.0000000000
1259 -1640.0000000000
1269 -1639.0000000000
1272 -1638.0000000000
1277 -1637.0000000000
1283 -1636.0000000000
1288 -1634.0000000000
1293 -1633.0000000000
1294 -1632.0000000000
1296 -1631.0000000000
1299 -1630.0000000000
1304 -1629.0000000000
1306 -1628.0000000000
1309 -1627.0000000000
1311 -1626.0000000000
1313 -1625.0000000000
1318 -1623.0000000000
1333 -1622.0000000000
1334 -1621.0000000000
1335 -1620.0000000000
1346 -1619.0000000000
1348 -1618.0000000000
1350 -1616.0000000000
1353 -1615.0000000000
1365 -1614.0000000000
1368 -1613.0000000000
1369 -1612.0000000000
1373 -1610.0000000000
1389 -1609.0000000000
1397 -1608.0000000000
1404 -1607.0000000000
1408 -1606.0000000000
1409 -1605.0000000000
1410 -1604.0000000000
1437 -1603.0000000000
1438 -1602.0000000000
1440 -1601.0000000000
1444 -1600.0000000000
1445 -1599.0000000000
1461 -1598.0000000000
1463 -1597.0000000000
1464 -1596.0000000000
1473 -1595.0000000000
1483 -1594.0000000000
1485 -1593.0000000000
1486 -1592.0000000000
1491 -1591.0000000000
1499 -1589.0000000000
1502 -1588.0000000000
1505 -1587.0000000000
1506 -1586.0000000000
1523 -1585.0000000000
1526 -1584.0000000000
1531 -1583.0000000000
1534 -1582.0000000000
1552 -1581.0000000000
1555 -1580.0000000000
1557 -1579.0000000000
1559 -1578.0000000000
1562 -1577.0000000000
1566 -1576.0000000000
1583 -1574.0000000000
1586 -1573.0000000000
1590 -1572.0000000000
1599 -1571.0000000000
1601 -1570.0000000000
1602 -1569.0000000000
1604 -1568.0000000000
1605 -1566.0000000000
1610 -1564.0000000000
1611 -1563.0000000000
1612 -1562.0000000000
1613 -1561.0000000000
1614 -1560.0000000000
1622 -1559.0000000000
1639 -1558.0000000000
1643 -1557.0000000000
1644 -1556.0000000000
1645 -1554.0000000000
1648 -1553.0000000000
1650 -1552.0000000000
1653 -1551.0000000000
1655 -1550.0000000000
1664 -1549.0000000000
1669 -1548.0000000000
1670 -1546.0000000000
1686 -1545.0000000000
1690 -1544.0000000000
1691 -1543.0000000000
1694 -1542.0000000000
1699 -1540.0000000000
1704 -1538.0000000000
1717 -1536.0000000000
1728 -1535.0000000000
1731 -1533.0000000000
1733 -1532.0000000000
1741 -1530.0000000000
1743 -1529.0000000000
1757 -1528.0000000000
1766 -1527.0000000000
1772 -1526.0000000000
1775 -1524.0000000000
1792 -1523.0000000000
1798 -1522.0000000000
1804 -1521.0000000000
1813 -1520.0000000000
1826 -1519.0000000000
1829 -1518.0000000000
1832 -1517.0000000000
1840 -1516.0000000000
1841 -1515.0000000000
1842 -1514.0000000000
1845 -1513.0000000000
1847 -1512.0000000000
1853 -1511.0000000000
1858 -1510.0000000000
1859 -1509.0000000000
1861 -1508.0000000000
1864 -1507.0000000000
1873 -1506.0000000000
1882 -1504.0000000000
1888 -1503.0000000000
1890 -1500.0000000000
1891 -1499.0000000000
1897 -1498.0000000000
1903 -1496.0000000000
1907 -1495.0000000000
1908 -1494.0000000000
1910 -1493.0000000000
1917 -1492.0000000000
1918 -1489.0000000000
1919 -1488.0000000000
1921 -1487.0000000000
1935 -1486.0000000000
1939 -1485.0000000000
1942 -1484.0000000000
1943 -1483.0000000000
1954 -1482.0000000000
1959 -1481.0000000000
1961 -1480.0000000000
1963 -1479.0000000000
1964 -1478.0000000000
1967 -1477.0000000000
1972 -1476.0000000000
1975 -1475.0000000000
1977 -1474.0000000000
1979 -1472.0000000000
1987 -1471.0000000000
1990 -1469.0000000000
1998 -1467.0000000000
1999 -1466.0000000000
2002 -1465.0000000000
2006 -1464.0000000000
2009 -1463.0000000000
2011 -1462.0000000000
2012 -1460.0000000000
2020 -1458.0000000000
2023 -1457.0000000000
2026 -1455.0000000000
2031 -1454.0000000000
2034 -1453.0000000000
2036 -1452.0000000000
2038 -1451.0000000000
2043 -1450.0000000000
2069 -1449.0000000000
2079 -1448.0000000000
2084 -1447.0000000000
2086 -1446.0000000000
2087 -1445.0000000000
2097 -1444.0000000000
2102 -1443.0000000000
2109 -1442.0000000000
2111 -1440.0000000000
2113 -1439.0000000000
2120 -1438.0000000000
2124 -1437.0000000000
2125 -1435.0000000000
2126 -1434.0000000000
2129 -1433.0000000000
2138 -1431.0000000000
2139 -1430.0000000000
2143 -1429.0000000000
2154 -1428.0000000000
2159 -1427.0000000000
2172 -1426.0000000000
2173 -1425.0000000000
2192 -1424.0000000000
2193 -1421.0000000000
2207 -1419.0000000000
2209 -1418.0000000000
2210 -1417.0000000000
2218 -1415.0000000000
2222 -1413.0000000000
2224 -1412.0000000000
2225 -1410.0000000000
2227 -1409.0000000000
2249 -1407.0000000000
2252 -1406.0000000000
2254 -1405.0000000000
2262 -1404.0000000000
2265 -1403.0000000000
2274 -1402.0000000000
2275 -1401.0000000000
2283 -1400.0000000000
2286 -1399.0000000000
2293 -1398.0000000000
2297 -1397.0000000000
2311 -1396.0000000000
2312 -1395.0000000000
2314 -1394.0000000000
2317 -1393.0000000000
2318 -1392.0000000000
2323 -1391.0000000000
2330 -1390.0000000000
2337 -1389.0000000000
2344 -1388.0000000000
2346 -1387.0000000000
2350 -1386.0000000000
2354 -1385.0000000000
2360 -1383.0000000000
2365 -1382.0000000000
2374 -1381.0000000000
2375 -1380.0000000000
2389 -1379.0000000000
2398 -1378.0000000000
2400 -1374.0000000000
2403 -1373.0000000000
2429 -1372.0000000000
2445 -1371.0000000000
2449 -1369.0000000000
2453 -1368.0000000000
2455 -1367.0000000000
2456 -1366.0000000000
2460 -1365.0000000000
2469 -1364.0000000000
2479 -1363.0000000000
2488 -1362.0000000000
2489 -1361.0000000000
2492 -1359.0000000000
2493 -1358.0000000000
2500 -1357.0000000000
2503 -1356.0000000000
2512 -1355.0000000000
2513 -1354.0000000000
2514 -1353.0000000000
2540 -1351.0000000000
2545 -1350.0000000000
2546 -1349.0000000000
2549 -1348.0000000000
2557 -1347.0000000000
2579 -1346.0000000000
2583 -1345.0000000000
2589 -1344.0000000000
2592 -1343.0000000000
2593 -1342.0000000000
2597 -1341.0000000000
2599 -1340.0000000000
2605 -1339.0000000000
2607 -1338.0000000000
2613 -1337.0000000000
2618 -1336.0000000000
2626 -1335.0000000000
2627 -1334.0000000000
2636 -1333.0000000000
2638 -1332.0000000000
2641 -1331.0000000000
2642 -1330.0000000000
2654 -1329.0000000000
2660 -1328.0000000000
2671 -1327.0000000000
2678 -1326.0000000000
2692 -1325.0000000000
2700 -1324.0000000000
2708 -1323.0000000000
2712 -1321.0000000000
2714 -1320.0000000000
2719 -1319.0000000000
2722 -1318.0000000000
2723 -1317.0000000000
2726 -1316.0000000000
2728 -1315.0000000000
2729 -1314.0000000000
2741 -1313.0000000000
2744 -1312.0000000000
2748 -1311.0000000000
2758 -1310.0000000000
2777 -1309.0000000000
2782 -1308.0000000000
2784 -1307.0000000000
2786 -1306.0000000000
2797 -1305.0000000000
2799 -1304.0000000000
2800 -1303.0000000000
2805 -1302.0000000000
2827 -1301.0000000000
2830 -1300.0000000000
2836 -1299.0000000000
2844 -1298.0000000000
2861 -1297.0000000000
2869 -1296.0000000000
2870 -1295.0000000000
2872 -1294.0000000000
2873 -1293.0000000000
2876 -1292.0000000000
2887 -1291.0000000000
2894 -1290.0000000000
2902 -1289.0000000000
2905 -1288.0000000000
2907 -1285.0000000000
2914 -1284.0000000000
2921 -1283.0000000000
2922 -1282.0000000000
2933 -1281.0000000000
2962 -1280.0000000000
2984 -1279.0000000000
2988 -1278.0000000000
3001 -1277.0000000000
3005 -1275.0000000000
3013 -1274.0000000000
3024 -1273.0000000000
3027 -1272.0000000000
3038 -1270.0000000000
3055 -1269.0000000000
3059 -1268.0000000000
3061 -1267.0000000000
3063 -1266.0000000000
3070 -1265.0000000000
3073 -1264.0000000000
3082 -1263.0000000000
3096 -1261.0000000000
3106 -1260.0000000000
3113 -1259.0000000000
3127 -1258.0000000000
3129 -1257.0000000000
3138 -1256.0000000000
3140 -1255.0000000000
3144 -1254.0000000000
3153 -1252.0000000000
3159 -1250.0000000000
3160 -1248.0000000000
3165 -1247.0000000000
3169 -1246.0000000000
3172 -1245.0000000000
3177 -1244.0000000000
3188 -1243.0000000000
3193 -1242.0000000000
3200 -1241.0000000000
3202 -1240.0000000000
3205 -1239.0000000000
3208 -1238.0000000000
3218 -1237.0000000000
3223 -1236.0000000000
3239 -1235.0000000000
3241 -1234.0000000000
3246 -1233.0000000000
3250 -1231.0000000000
3251 -1230.0000000000
3254 -1229.0000000000
3259 -1228.0000000000
3260 -1226.0000000000
3266 -1225.0000000000
3267 -1223.0000000000
3273 -1221.0000000000
3277 -1220.0000000000
3286 -1219.0000000000
3299 -1218.0000000000
3300 -1217.0000000000
3311 -1216.0000000000
3317 -1215.0000000000
3318 -1214.0000000000
3326 -1213.0000000000
3329 -1212.0000000000
3333 -1211.0000000000
3335 -1210.0000000000
3338 -1208.0000000000
3345 -1207.0000000000
3346 -1206.0000000000
3352 -1205.0000000000
3356 -1204.0000000000
3360 -1203.0000000000
3365 -1202.0000000000
3377 -1201.0000000000
3379 -1200.0000000000
3393 -1199.0000000000
3396 -1198.0000000000
3405 -1197.0000000000
3416 -1196.0000000000
3418 -1195.0000000000
3429 -1194.0000000000
3430 -1193.0000000000
3434 -1192.0000000000
3448 -1191.0000000000
3451 -1190.0000000000
3457 -1189.0000000000
3470 -1187.0000000000
3483 -1186.0000000000
3491 -1185.0000000000
3510 -1184.0000000000
3511 -1183.0000000000
3514 -1182.0000000000
3519 -1180.0000000000
3521 -1178.0000000000
3525 -1177.0000000000
3533 -1176.0000000000
3545 -1175.0000000000
3550 -1174.0000000000
3559 -1172.0000000000
3560 -1171.0000000000
3562 -1170.0000000000
3563 -1169.0000000000
3575 -1168.0000000000
3586 -1167.0000000000
3592 -1166.0000000000
3602 -1165.0000000000
3608 -1164.0000000000
3630 -1162.0000000000
3644 -1161.0000000000
3647 -1160.0000000000
3656 -1159.0000000000
3663 -1158.0000000000
3676 -1156.0000000000
3683 -1155.0000000000
3692 -1154.0000000000
3694 -1153.0000000000
3714 -1152.0000000000
3725 -1151.0000000000
3726 -1150.0000000000
3736 -1149.0000000000
3741 -1148.0000000000
3767 -1147.0000000000
3785 -1146.0000000000
3793 -1145.0000000000
3794 -1144.0000000000
3801 -1141.0000000000
3802 -1140.0000000000
3814 -1139.0000000000
3817 -1138.0000000000
3828 -1137.0000000000
3833 -1136.0000000000
3834 -1135.0000000000
3870 -1134.0000000000
3886 -1133.0000000000
3893 -1132.0000000000
3932 -1131.0000000000
3953 -1130.0000000000
3955 -1129.0000000000
3960 -1128.0000000000
3966 -1127.0000000000
3968 -1126.0000000000
3969 -1125.0000000000
3974 -1124.0000000000
3986 -1123.0000000000
3990 -1122.0000000000
4005 -1121.0000000000
4015 -1120.0000000000
4018 -1119.0000000000
4022 -1118.0000000000
4033 -1117.0000000000
4040 -1116.0000000000
4055 -1115.0000000000
4084 -1114.0000000000
4087 -1112.0000000000
4097 -1111.0000000000
4101 -1110.0000000000
4104 -1109.0000000000
4114 -1108.0000000000
4117 -1107.0000000000
4130 -1106.0000000000
4131 -1105.0000000000
4140 -1104.0000000000
4142 -1103.0000000000
4152 -1102.0000000000
4154 -1101.0000000000
4161 -1100.0000000000
4165 -1099.0000000000
4171 -1098.0000000000
4179 -1097.0000000000
4182 -1096.0000000000
4194 -1095.0000000000
4202 -1094.0000000000
4208 -1093.0000000000
4211 -1092.0000000000
4215 -1091.0000000000
4216 -1090.0000000000
4223 -1089.0000000000
4231 -1088.0000000000
4234 -1087.0000000000
4237 -1086.0000000000
4273 -1085.0000000000
4284 -1084.0000000000
4286 -1083.0000000000
4288 -1082.0000000000
4294 -1081.0000000000
4302 -1080.0000000000
4305 -1079.0000000000
4311 -1078.0000000000
4312 -1077.0000000000
4314 -1076.0000000000
4317 -1075.0000000000
4328 -1074.0000000000
4334 -1073.0000000000
4355 -1072.0000000000
4387 -1071.0000000000
4388 -1070.0000000000
4389 -1069.0000000000
4409 -1068.0000000000
4417 -1067.0000000000
4418 -1065.0000000000
4436 -1064.0000000000
4439 -1063.0000000000
4444 -1062.0000000000
4464 -1061.0000000000
4475 -1060.0000000000
4483 -1059.0000000000
4490 -1058.0000000000
4506 -1056.0000000000
4521 -1055.0000000000
4522 -1054.0000000000
4526 -1053.0000000000
4527 -1052.0000000000
4528 -1051.0000000000
4535 -1050.0000000000
4540 -1049.0000000000
4561 -1048.0000000000
4575 -1047.0000000000
4595 -1046.0000000000
4611 -1045.0000000000
4625 -1042.0000000000
4630 -1041.0000000000
4631 -1040.0000000000
4634 -1039.0000000000
4639 -1038.0000000000
4649 -1037.0000000000
4672 -1036.0000000000
4677 -1035.0000000000
4681 -1033.0000000000
4684 -1032.0000000000
4690 -1031.0000000000
4696 -1030.0000000000
4711 -1029.0000000000
4713 -1028.0000000000
4723 -1026.0000000000
4732 -1024.0000000000
4740 -1023.0000000000
4758 -1022.0000000000
4762 -1021.0000000000
4773 -1020.0000000000
4775 -1019.0000000000
4778 -1018.0000000000
4780 -1017.0000000000
4782 -1016.0000000000
4783 -1015.0000000000
4787 -1014.0000000000
4789 -1013.0000000000
4811 -1012.0000000000
4813 -1011.0000000000
4816 -1009.0000000000
4832 -1008.0000000000
4847 -1007.0000000000
4851 -1006.0000000000
4855 -1005.0000000000
4857 -1004.0000000000
4863 -1003.0000000000
4870 -1002.0000000000
4879 -1001.0000000000
4884 -1000.0000000000
4890 -999.0000000000
4901 -998.0000000000
4904 -997.0000000000
4906 -996.0000000000
4909 -995.0000000000
4917 -994.0000000000
4924 -992.0000000000
4936 -991.0000000000
4938 -990.0000000000
4942 -988.0000000000
4958 -987.0000000000
4965 -986.0000000000
4966 -985.0000000000
4971 -984.0000000000
4978 -983.0000000000
4988 -982.0000000000
4995 -981.0000000000
5007 -980.0000000000
5008 -979.0000000000
5033 -978.0000000000
5035 -977.0000000000
5081 -976.0000000000
5094 -975.0000000000
5104 -974.0000000000
5106 -973.0000000000
5117 -972.0000000000
5128 -971.0000000000
5139 -970.0000000000
5162 -969.0000000000
5178 -968.0000000000
5182 -967.0000000000
5188 -966.0000000000
5195 -965.0000000000
5196 -964.0000000000
5199 -963.0000000000
5200 -962.0000000000
5201 -961.0000000000
5203 -960.0000000000
5226 -959.0000000000
5227 -958.0000000000
5232 -957.0000000000
5246 -956.0000000000
5247 -955.0000000000
5257 -954.0000000000
5263 -953.0000000000
5267 -952.0000000000
5269 -951.0000000000
5272 -950.0000000000
5274 -949.0000000000
5290 -948.0000000000
5308 -947.0000000000
5315 -946.0000000000
5319 -945.0000000000
5327 -944.0000000000
5330 -943.0000000000
5368 -942.0000000000
5376 -941.0000000000
5389 -940.0000000000
5398 -939.0000000000
5399 -938.0000000000
5401 -937.0000000000
5402 -936.0000000000
5411 -935.0000000000
5414 -934.0000000000
5424 -933.0000000000
5426 -932.0000000000
5430 -931.0000000000
5432 -930.0000000000
5435 -928.0000000000
5440 -927.0000000000
5441 -926.0000000000
5442 -925.0000000000
5465 -924.0000000000
5479 -923.0000000000
5485 -922.0000000000
5488 -921.0000000000
5490 -920.0000000000
5495 -919.0000000000
5510 -918.0000000000
5512 -916.0000000000
5515 -915.0000000000
5562 -914.0000000000
5563 -913.0000000000
5564 -912.0000000000
5571 -911.0000000000
5572 -910.0000000000
5575 -909.0000000000
5588 -908.0000000000
5600 -907.0000000000
5633 -906.0000000000
5639 -905.0000000000
5640 -904.0000000000
5643 -903.0000000000
5656 -902.0000000000
5659 -901.0000000000
5677 -900.0000000000
5710 -899.0000000000
5720 -898.0000000000
5722 -897.0000000000
5726 -896.0000000000
5738 -895.0000000000
5740 -894.0000000000
5744 -893.0000000000
5749 -892.0000000000
5757 -891.0000000000
5787 -890.0000000000
5792 -889.0000000000
5803 -888.0000000000
5820 -886.0000000000
5821 -885.0000000000
5824 -884.0000000000
5830 -883.0000000000
5836 -882.0000000000
5847 -881.0000000000
5850 -880.0000000000
5858 -879.0000000000
5861 -878.0000000000
5863 -877.0000000000
5869 -876.0000000000
5872 -875.0000000000
5873 -874.0000000000
5880 -873.0000000000
5905 -872.0000000000
5907 -870.0000000000
5915 -869.0000000000
5928 -868.0000000000
5930 -867.0000000000
5934 -866.0000000000
5954 -865.0000000000
5982 -864.0000000000
5986 -863.0000000000
5987 -862.0000000000
5988 -861.0000000000
5999 -860.0000000000
6006 -858.0000000000
6029 -857.0000000000
6053 -856.0000000000
6061 -855.0000000000
6072 -854.0000000000
6076 -853.0000000000
6085 -852.0000000000
6090 -851.0000000000
6113 -850.0000000000
6126 -849.0000000000
6133 -847.0000000000
6138 -845.0000000000
6140 -844.0000000000
6153 -843.0000000000
6174 -842.0000000000
6186 -841.0000000000
6190 -840.0000000000
6194 -839.0000000000
6222 -838.0000000000
6224 -837.0000000000
6228 -836.0000000000
6231 -835.0000000000
6232 -834.0000000000
6234 -833.0000000000
6253 -832.0000000000
6262 -831.0000000000
6266 -830.0000000000
6268 -829.0000000000
6320 -828.0000000000
6324 -827.0000000000
6337 -826.0000000000
6343 -825.0000000000
6366 -824.0000000000
6380 -823.0000000000
6385 -822.0000000000
6387 -821.0000000000
6396 -820.0000000000
6450 -819.0000000000
6455 -818.0000000000
6468 -817.0000000000
6473 -816.0000000000
6475 -815.0000000000
6495 -814.0000000000
6499 -813.0000000000
6500 -812.0000000000
6504 -810.0000000000
6516 -809.0000000000
6520 -808.0000000000
6555 -806.0000000000
6557 -805.0000000000
6558 -804.0000000000
6562 -802.0000000000
6589 -801.0000000000
6604 -800.0000000000
6608 -799.0000000000
6627 -798.0000000000
6628 -797.0000000000
6632 -796.0000000000
6634 -795.0000000000
6636 -794.0000000000
6638 -793.0000000000
6674 -792.0000000000
6678 -791.0000000000
6681 -790.0000000000
6692 -789.0000000000
6694 -788.0000000000
6695 -786.0000000000
6702 -785.0000000000
6705 -784.0000000000
6712 -783.0000000000
6727 -782.0000000000
6743 -781.0000000000
6770 -780.0000000000
6796 -779.0000000000
6809 -777.0000000000
6813 -775.0000000000
6827 -774.0000000000
6830 -773.0000000000
6858 -772.0000000000
6894 -771.0000000000
6899 -770.0000000000
6904 -769.0000000000
6906 -768.0000000000
6916 -767.0000000000
6921 -766.0000000000
6936 -765.0000000000
6939 -764.0000000000
6941 -763.0000000000
6953 -762.0000000000
6957 -761.0000000000
6960 -760.0000000000
6970 -759.0000000000
6972 -758.0000000000
6974 -757.0000000000
7010 -756.0000000000
7039 -755.0000000000
7052 -753.0000000000
7069 -752.0000000000
7087 -751.0000000000
7093 -749.0000000000
7098 -748.0000000000
7111 -747.0000000000
7114 -746.0000000000
7128 -744.0000000000
7129 -743.0000000000
7132 -742.0000000000
7138 -741.0000000000
7143 -739.0000000000
7158 -738.0000000000
7164 -737.0000000000
7166 -736.0000000000
7169 -735.0000000000
7171 -734.0000000000
7178 -733.0000000000
7188 -732.0000000000
7200 -731.0000000000
7238 -729.0000000000
7259 -728.0000000000
7271 -727.0000000000
7274 -725.0000000000
7275 -724.0000000000
7301 -723.0000000000
7304 -722.0000000000
7314 -721.0000000000
7346 -720.0000000000
7381 -719.0000000000
7384 -718.0000000000
7397 -717.0000000000
7409 -716.0000000000
7425 -715.0000000000
7446 -714.0000000000
7455 -713.0000000000
7457 -712.0000000000
7466 -711.0000000000
7473 -709.0000000000
7480 -708.0000000000
7506 -707.0000000000
7507 -706.0000000000
7516 -704.0000000000
7533 -703.0000000000
7534 -701.0000000000
7541 -700.0000000000
7562 -699.0000000000
7563 -698.0000000000
7569 -697.0000000000
7572 -696.0000000000
7573 -695.0000000000
7580 -694.0000000000
7616 -693.0000000000
7638 -692.0000000000
7650 -691.0000000000
7653 -690.0000000000
7657 -689.0000000000
7674 -688.0000000000
7698 -687.0000000000
7746 -686.0000000000
7761 -685.0000000000
7769 -684.0000000000
7775 -683.0000000000
7797 -682.0000000000
7810 -681.0000000000
7813 -680.0000000000
7826 -679.0000000000
7830 -678.0000000000
7831 -677.0000000000
7845 -676.0000000000
7851 -675.0000000000
7884 -674.0000000000
7903 -673.0000000000
7904 -672.0000000000
7926 -671.0000000000
7943 -670.0000000000
7946 -669.0000000000
7983 -668.0000000000
8000 -667.0000000000
8002 -666.0000000000
8025 -665.0000000000
8054 -664.0000000000
8076 -663.0000000000
8085 -662.0000000000
8086 -661.0000000000
8087 -660.0000000000
8105 -659.0000000000
8108 -658.0000000000
8154 -657.0000000000
8176 -655.0000000000
8180 -653.0000000000
8186 -652.0000000000
8194 -651.0000000000
8196 -650.0000000000
8197 -649.0000000000
8209 -648.0000000000
8227 -647.0000000000
8250 -646.0000000000
8265 -645.0000000000
8281 -644.0000000000
8285 -643.0000000000
8287 -642.0000000000
8322 -641.0000000000
8324 -640.0000000000
8329 -639.0000000000
8416 -638.0000000000
8434 -637.0000000000
8463 -636.0000000000
8472 -635.0000000000
8476 -634.0000000000
8486 -633.0000000000
8494 -632.0000000000
8515 -631.0000000000
8537 -630.0000000000
8542 -629.0000000000
8543 -628.0000000000
8547 -627.0000000000
8553 -626.0000000000
8588 -625.0000000000
8593 -624.0000000000
8602 -623.0000000000
8627 -622.0000000000
8628 -621.0000000000
8648 -620.0000000000
8652 -619.0000000000
8660 -618.0000000000
8742 -617.0000000000
8748 -616.0000000000
8760 -615.0000000000
8777 -614.0000000000
8803 -613.0000000000
8821 -612.0000000000
8865 -611.0000000000
8867 -610.0000000000
8918 -609.0000000000
8936 -608.0000000000
8962 -607.0000000000
8978 -606.0000000000
8995 -605.0000000000
8996 -604.0000000000
9001 -603.0000000000
9007 -602.0000000000
9057 -601.0000000000
9088 -600.0000000000
9108 -598.0000000000
9122 -597.0000000000
9127 -596.0000000000
9143 -595.0000000000
9157 -594.0000000000
9177 -593.0000000000
9178 -592.0000000000
9204 -591.0000000000
9251 -590.0000000000
9257 -589.0000000000
9258 -587.0000000000
9284 -585.0000000000
9308 -584.0000000000
9332 -583.0000000000
9355 -581.0000000000
9393 -580.0000000000
9404 -579.0000000000
9406 -577.0000000000
9407 -576.0000000000
9423 -575.0000000000
9432 -574.0000000000
9453 -573.0000000000
9462 -572.0000000000
9477 -571.0000000000
9485 -570.0000000000
9495 -569.0000000000
9499 -568.0000000000
9515 -567.0000000000
9582 -566.0000000000
9591 -565.0000000000
9659 -564.0000000000
9712 -563.0000000000
9715 -562.0000000000
9722 -561.0000000000
9743 -560.0000000000
9758 -559.0000000000
9762 -558.0000000000
9765 -557.0000000000
9822 -556.0000000000
9854 -555.0000000000
9857 -554.0000000000
9874 -553.0000000000
9880 -552.0000000000
9906 -551.0000000000
9945 -549.0000000000
9960 -548.0000000000
9962 -547.0000000000
9973 -546.0000000000
9981 -545.0000000000
10000 -546.0000000000
evaluations raw_y
1 -2012.0000000000
2 -2011.0000000000
3 -2010.0000000000
9 -2009.0000000000
16 -2007.0000000000
17 -2006.0000000000
18 -2005.0000000000
19 -2003.0000000000
21 -2002.0000000000
24 -2000.0000000000
26 -1999.0000000000
30 -1998.0000000000
31 -1996.0000000000
32 -1995.0000000000
35 -1993.0000000000
36 -1992.0000000000
37 -1991.0000000000
39 -1987.0000000000
48 -1985.0000000000
54 -1984.0000000000
56 -1982.0000000000
57 -1981.0000000000
66 -1980.0000000000
70 -1978.0000000000
73 -1974.0000000000
76 -1973.0000000000
81 -1972.0000000000
85 -1971.0000000000
90 -1969.0000000000
92 -1968.0000000000
94 -1967.0000000000
99 -1966.0000000000
100 -1965.0000000000
103 -1964.0000000000
107 -1963.0000000000
118 -1961.0000000000
119 -1960.0000000000
123 -1959.0000000000
124 -1958.0000000000
126 -1957.0000000000
127 -1955.0000000000
129 -1954.0000000000
130 -1953.0000000000
132 -1952.0000000000
134 -1951.0000000000
138 -1950.0000000000
139 -1948.0000000000
142 -1947.0000000000
167 -1946.0000000000
172 -1945.0000000000
173 -1944.0000000000
175 -1943.0000000000
178 -1941.0000000000
180 -1940.0000000000
183 -1937.0000000000
197 -1936.0000000000
198 -1935.0000000000
200 -1934.0000000000
201 -1933.0000000000
204 -1932.0000000000
207 -1931.0000000000
209 -1930.0000000000
211 -1928.0000000000
216 -1927.0000000000
217 -1926.0000000000
219 -1924.0000000000
220 -1922.0000000000
221 -1921.0000000000
223 -1919.0000000000
237 -1918.0000000000
241 -1917.0000000000
245 -1916.0000000000
248 -1915.0000000000
253 -1914.0000000000
255 -1913.0000000000
257 -1912.0000000000
263 -1911.0000000000
264 -1909.0000000000
269 -1908.0000000000
270 -1906.0000000000
271 -1905.0000000000
273 -1904.0000000000
275 -1902.0000000000
276 -1901.0000000000
277 -1900.0000000000
278 -1899.0000000000
284 -1898.0000000000
292 -1897.0000000000
300 -1895.0000000000
301 -1893.0000000000
304 -1892.0000000000
308 -1890.0000000000
311 -1888.0000000000
315 -1887.0000000000
320 -1886.0000000000
322 -1885.0000000000
323 -1883.0000000000
332 -1881.0000000000
335 -1880.0000000000
337 -1879.0000000000
338 -1877.0000000000
340 -1876.0000000000
346 -1875.0000000000
365 -1874.0000000000
370 -1873.0000000000
371 -1872.0000000000
373 -1871.0000000000
382 -1870.0000000000
387 -1869.0000000000
393 -1868.0000000000
400 -1867.0000000000
403 -1866.0000000000
404 -1865.0000000000
410 -1864.0000000000
414 -1863.0000000000
415 -1862.0000000000
429 -1861.0000000000
430 -1860.0000000000
435 -1859.0000000000
438 -1858.0000000000
442 -1857.0000000000
443 -1856.0000000000
447 -1855.0000000000
455 -1854.0000000000
457 -1853.0000000000
459 -1851.0000000000
460 -1850.0000000000
466 -1849.0000000000
480 -1848.0000000000
487 -1847.0000000000
488 -1845.0000000000
495 -1844.0000000000
497 -1843.0000000000
502 -1842.0000000000
504 -1840.0000000000
505 -1839.0000000000
511 -1838.0000000000
517 -1836.0000000000
518 -1835.0000000000
522 -1834.0000000000
524 -1832.0000000000
526 -1831.0000000000
530 -1829.0000000000
532 -1826.0000000000
534 -1823.0000000000
538 -1822.0000000000
545 -1818.0000000000
553 -1817.0000000000
556 -1816.0000000000
557 -1815.0000000000
559 -1814.0000000000
560 -1812.0000000000
567 -1811.0000000000
575 -1810.0000000000
588 -1809.0000000000
600 -1808.0000000000
601 -1807.0000000000
608 -1806.0000000000
618 -1805.0000000000
620 -1802.0000000000
628 -1801.0000000000
640 -1800.0000000000
644 -1799.0000000000
649 -1798.0000000000
650 -1797.0000000000
655 -1796.0000000000
656 -1795.0000000000
660 -1794.0000000000
671 -1793.0000000000
675 -1792.0000000000
686 -1791.0000000000
687 -1790.0000000000
689 -1789.0000000000
700 -1788.0000000000
703 -1787.0000000000
704 -1786.0000000000
707 -1785.0000000000
708 -1784.0000000000
712 -1783.0000000000
713 -1782.0000000000
714 -1780.0000000000
716 -1779.0000000000
717 -1778.0000000000
725 -1777.0000000000
731 -1775.0000000000
733 -1774.0000000000
736 -1773.0000000000
751 -1772.0000000000
753 -1771.0000000000
755 -1770.0000000000
759 -1769.0000000000
760 -1768.0000000000
765 -1767.0000000000
767 -1766.0000000000
769 -1765.0000000000
770 -1764.0000000000
775 -1762.0000000000
776 -1761.0000000000
777 -1760.0000000000
779 -1759.0000000000
780 -1757.0000000000
781 -1756.0000000000
788 -1755.0000000000
794 -1754.0000000000
797 -1753.0000000000
798 -1752.0000000000
805 -1751.0000000000
816 -1750.0000000000
817 -1749.0000000000
823 -1747.0000000000
825 -1746.0000000000
827 -1745.0000000000
829 -1743.0000000000
831 -1742.0000000000
834 -1741.0000000000
841 -1740.0000000000
848 -1739.0000000000
849 -1738.0000000000
853 -1736.0000000000
856 -1735.0000000000
858 -1733.0000000000
862 -1732.0000000000
871 -1731.0000000000
883 -1730.0000000000
884 -1728.0000000000
895 -1727.0000000000
903 -1725.0000000000
908 -1724.0000000000
914 -1723.0000000000
917 -1722.0000000000
919 -1718.0000000000
924 -1717.0000000000
925 -1716.0000000000
926 -1714.0000000000
932 -1713.0000000000
937 -1711.0000000000
940 -1710.0000000000
941 -1709.0000000000
942 -1708.0000000000
948 -1707.0000000000
951 -1706.0000000000
952 -1705.0000000000
964 -1704.0000000000
985 -1702.0000000000
986 -1700.0000000000
988 -1698.0000000000
999 -1696.0000000000
1004 -1694.0000000000
1015 -1693.0000000000
1016 -1692.0000000000
1017 -1691.0000000000
1018 -1690.0000000000
1020 -1689.0000000000
1028 -1688.0000000000
1033 -1687.0000000000
1037 -1686.0000000000
1038 -1685.0000000000
1048 -1684.0000000000
1050 -1683.0000000000
1055 -1681.0000000000
1057 -1680.0000000000
1058 -1678.0000000000
1062 -1677.0000000000
1064 -1676.0000000000
1069 -1674.0000000000
1072 -1672.0000000000
1073 -1671.0000000000
1079 -1670.0000000000
1083 -1669.0000000000
1089 -1668.0000000000
1090 -1665.0000000000
1097 -1663.0000000000
1098 -1662.0000000000
1100 -1661.0000000000
1104 -1659.0000000000
1111 -1657.0000000000
1114 -1656.0000000000
1115 -1655.0000000000
1116 -1654.0000000000
1117 -1653.0000000000
1123 -1652.0000000000
1126 -1651.0000000000
1127 -1649.0000000000
1129 -1648.0000000000
1132 -1647.0000000000
1136 -1646.0000000000
1140 -1644.0000000000
1142 -1643.0000000000
1143 -1642.0000000000
1146 -1640.0000000000
1152 -1639.0000000000
1153 -1638.0000000000
1162 -1637.0000000000
1163 -1636.0000000000
1171 -1635.0000000000
1172 -1634.0000000000
1177 -1633.0000000000
1185 -1632.0000000000
1186 -1631.0000000000
1189 -1630.0000000000
1194 -1629.0000000000
1195 -1628.0000000000
1198 -1627.0000000000
1205 -1626.0000000000
1207 -1625.0000000000
1208 -1624.0000000000
1209 -1623.0000000000
1221 -1622.0000000000
1230 -1621.0000000000
1232 -1620.0000000000
1233 -1619.0000000000
1237 -1618.0000000000
1243 -1617.0000000000
1244 -1616.0000000000
1251 -1615.0000000000
1259 -1614.0000000000
1265 -1613.0000000000
1267 -1612.0000000000
1271 -1611.0000000000
1276 -1610.0000000000
1278 -1608.0000000000
1280 -1607.0000000000
1282 -1606.0000000000
1286 -1605.0000000000
1287 -1604.0000000000
1292 -1603.0000000000
1294 -1601.0000000000
1295 -1600.0000000000
1299 -1599.0000000000
1300 -1598.0000000000
1301 -1597.0000000000
1303 -1596.0000000000
1310 -1595.0000000000
1312 -1594.0000000000
1326 -1593.0000000000
1329 -1592.0000000000
1333 -1591.0000000000
1334 -1590.0000000000
1338 -1589.0000000000
1341 -1588.0000000000
1349 -1587.0000000000
1350 -1586.0000000000
1351 -1585.0000000000
1353 -1584.0000000000
1358 -1583.0000000000
1360 -1580.0000000000
1361 -1579.0000000000
1367 -1578.0000000000
1373 -1577.0000000000
1384 -1576.0000000000
1385 -1575.0000000000
1388 -1573.0000000000
1390 -1572.0000000000
1391 -1571.0000000000
1394 -1570.0000000000
1397 -1569.0000000000
1400 -1567.0000000000
1401 -1566.0000000000
1407 -1565.0000000000
1416 -1564.0000000000
1419 -1563.0000000000
1420 -1562.0000000000
1421 -1561.0000000000
1430 -1559.0000000000
1434 -1558.0000000000
1437 -1557.0000000000
1438 -1556.0000000000
1440 -1555.0000000000
1444 -1553.0000000000
1451 -1552.0000000000
1463 -1551.0000000000
1469 -1550.0000000000
1472 -1549.0000000000
1476 -1548.0000000000
1483 -1547.0000000000
1485 -1546.0000000000
1489 -1545.0000000000
1497 -1544.0000000000
1501 -1543.0000000000
1506 -1542.0000000000
1513 -1541.0000000000
1518 -1540.0000000000
1520 -1539.0000000000
1528 -1538.0000000000
1536 -1537.0000000000
1543 -1536.0000000000
1546 -1535.0000000000
1547 -1534.0000000000
1553 -1533.0000000000
1557 -1532.0000000000
1569 -1531.0000000000
1570 -1530.0000000000
1577 -1529.0000000000
1578 -1527.0000000000
1590 -1526.0000000000
1593 -1525.0000000000
1598 -1524.0000000000
1611 -1523.0000000000
1613 -1522.0000000000
1615 -1521.0000000000
1619 -1520.0000000000
1621 -1519.0000000000
1624 -1518.0000000000
1633 -1517.0000000000
1635 -1516.0000000000
1639 -1515.0000000000
1641 -1514.0000000000
1642 -1513.0000000000
1645 -1512.0000000000
1651 -1511.0000000000
1656 -1510.0000000000
1659 -1509.0000000000
1661 -1508.0000000000
1662 -1507.0000000000
1663 -1506.0000000000
1664 -1505.0000000000
1670 -1504.0000000000
1675 -1503.0000000000
1680 -1502.0000000000
1686 -1501.0000000000
1691 -1500.0000000000
1694 -1499.0000000000
1699 -1498.0000000000
1700 -1497.0000000000
1712 -1496.0000000000
1724 -1495.0000000000
1727 -1494.0000000000
1733 -1493.0000000000
1738 -1492.0000000000
1761 -1491.0000000000
1766 -1490.0000000000
1768 -1489.0000000000
1771 -1488.0000000000
1774 -1487.0000000000
1777 -1485.0000000000
1785 -1484.0000000000
1792 -1483.0000000000
1797 -1482.0000000000
1800 -1481.0000000000
1803 -1480.0000000000
1804 -1479.0000000000
1814 -1478.0000000000
1832 -1476.0000000000
1835 -1475.0000000000
1842 -1474.0000000000
1846 -1473.0000000000
1852 -1472.0000000000
1853 -1471.0000000000
1857 -1470.0000000000
1858 -1468.0000000000
1861 -1466.0000000000
1866 -1465.0000000000
1867 -1464.0000000000
1868 -1463.0000000000
1875 -1462.0000000000
1886 -1460.0000000000
1897 -1459.0000000000
1898 -1457.0000000000
1903 -1456.0000000000
1923 -1455.0000000000
1925 -1454.0000000000
1931 -1453.0000000000
1937 -1452.0000000000
1945 -1451.0000000000
1948 -1449.0000000000
1953 -1447.0000000000
1957 -1446.0000000000
1958 -1445.0000000000
1969 -1444.0000000000
1978 -1443.0000000000
1979 -1442.0000000000
1983 -1441.0000000000
1984 -1440.0000000000
1985 -1439.0000000000
1988 -1438.0000000000
2004 -1437.0000000000
2016 -1435.0000000000
2019 -1434.0000000000
2023 -1433.0000000000
2036 -1432.0000000000
2046 -1431.0000000000
2057 -1430.0000000000
2068 -1429.0000000000
2072 -1428.0000000000
2076 -1426.0000000000
2085 -1425.0000000000
2086 -1424.0000000000
2087 -1423.0000000000
2102 -1422.0000000000
2106 -1421.0000000000
2110 -1420.0000000000
2112 -1419.0000000000
2124 -1418.0000000000
2126 -1417.0000000000
2148 -1416.0000000000
2150 -1415.0000000000
2159 -1414.0000000000
2163 -1413.0000000000
2168 -1412.0000000000
2196 -1411.0000000000
2203 -1410.0000000000
2211 -1409.0000000000
2224 -1408.0000000000
2228 -1406.0000000000
2250 -1405.0000000000
2251 -1404.0000000000
2258 -1403.0000000000
2279 -1401.0000000000
2287 -1400.0000000000
2288 -1399.0000000000
2298 -1398.0000000000
2305 -1397.0000000000
2314 -1396.0000000000
2317 -1395.0000000000
2326 -1394.0000000000
2328 -1393.0000000000
2345 -1392.0000000000
2348 -1391.0000000000
2350 -1390.0000000000
2354 -1389.0000000000
2365 -1388.0000000000
2372 -1387.0000000000
2374 -1386.0000000000
2385 -1385.0000000000
2390 -1383.0000000000
2393 -1382.0000000000
2425 -1381.0000000000
2428 -1380.0000000000
2446 -1378.0000000000
2450 -1377.0000000000
2451 -1376.0000000000
2458 -1375.0000000000
2463 -1374.0000000000
2466 -1373.0000000000
2467 -1372.0000000000
2470 -1370.0000000000
2476 -1369.0000000000
2486 -1368.0000000000
2493 -1367.0000000000
2497 -1366.0000000000
2499 -1365.0000000000
2505 -1363.0000000000
2506 -1361.0000000000
2507 -1360.0000000000
2508 -1359.0000000000
2512 -1358.0000000000
2514 -1357.0000000000
2516 -1356.0000000000
2520 -1355.0000000000
2525 -1354.0000000000
2533 -1353.0000000000
2542 -1352.0000000000
2550 -1351.0000000000
2555 -1347.0000000000
2559 -1346.0000000000
2560 -1344.0000000000
2568 -1343.0000000000
2574 -1342.0000000000
2575 -1341.0000000000
2580 -1340.0000000000
2581 -1339.0000000000
2590 -1337.0000000000
2591 -1335.0000000000
2598 -1332.0000000000
2600 -1331.0000000000
2602 -1330.0000000000
2606 -1329.0000000000
2610 -1328.0000000000
2613 -1327.0000000000
2620 -1326.0000000000
2629 -1325.0000000000
2639 -1324.0000000000
2646 -1321.0000000000
2650 -1320.0000000000
2652 -1319.0000000000
2659 -1318.0000000000
2666 -1317.0000000000
2674 -1316.0000000000
2682 -1315.0000000000
2683 -1313.0000000000
2685 -1312.0000000000
2690 -1311.0000000000
2691 -1310.0000000000
2707 -1309.0000000000
2708 -1307.0000000000
2712 -1306.0000000000
2724 -1305.0000000000
2727 -1304.0000000000
2728 -1303.0000000000
2741 -1302.0000000000
2742 -1301.0000000000
2744 -1300.0000000000
2747 -1299.0000000000
2763 -1298.0000000000
2764 -1296.0000000000
2774 -1295.0000000000
2786 -1294.0000000000
2790 -1293.0000000000
2794 -1292.0000000000
2799 -1291.0000000000
2809 -1290.0000000000
2813 -1289.0000000000
2817 -1288.0000000000
2819 -1287.0000000000
2822 -1286.0000000000
2826 -1285.0000000000
2829 -1284.0000000000
2842 -1281.0000000000
2844 -1280.0000000000
2847 -1279.0000000000
2850 -1278.0000000000
2851 -1277.0000000000
2852 -1276.0000000000
2853 -1275.0000000000
2856 -1274.0000000000
2882 -1273.0000000000
2893 -1272.0000000000
2895 -1271.0000000000
2911 -1270.0000000000
2912 -1269.0000000000
2914 -1268.0000000000
2923 -1267.0000000000
2925 -1265.0000000000
2926 -1264.0000000000
2932 -1263.0000000000
2934 -1262.0000000000
2937 -1261.0000000000
2950 -1260.0000000000
2965 -1259.0000000000
2972 -1258.0000000000
2973 -1257.0000000000
2975 -1256.0000000000
2983 -1255.0000000000
2999 -1254.0000000000
3000 -1253.0000000000
3003 -1251.0000000000
3004 -1250.0000000000
3005 -1249.0000000000
3012 -1248.0000000000
3016 -1247.0000000000
3021 -1246.0000000000
3032 -1244.0000000000
3043 -1242.0000000000
3044 -1241.0000000000
3048 -1240.0000000000
3051 -1239.0000000000
3053 -1237.0000000000
3055 -1236.0000000000
3059 -1235.0000000000
3072 -1234.0000000000
3078 -1233.0000000000
3082 -1232.0000000000
3083 -1231.0000000000
3085 -1230.0000000000
3095 -1229.0000000000
3105 -1228.0000000000
3108 -1227.0000000000
3109 -1226.0000000000
3110 -1225.0000000000
3112 -1224.0000000000
3118 -1222.0000000000
3120 -1221.0000000000
3123 -1220.0000000000
3129 -1219.0000000000
3130 -1218.0000000000
3131 -1215.0000000000
3142 -1214.0000000000
3144 -1213.0000000000
3149 -1212.0000000000
3155 -1210.0000000000
3157 -1209.0000000000
3163 -1208.0000000000
3170 -1205.0000000000
3171 -1203.0000000000
3174 -1201.0000000000
3181 -1200.0000000000
3189 -1199.0000000000
3190 -1198.0000000000
3195 -1197.0000000000
3208 -1196.0000000000
3212 -1195.0000000000
3224 -1194.0000000000
3230 -1193.0000000000
3237 -1191.0000000000
3247 -1190.0000000000
3258 -1188.0000000000
3264 -1187.0000000000
3271 -1186.0000000000
3281 -1185.0000000000
3284 -1184.0000000000
3289 -1183.0000000000
3291 -1181.0000000000
3299 -1180.0000000000
3301 -1178.0000000000
3308 -1177.0000000000
3313 -1176.0000000000
3318 -1175.0000000000
3319 -1174.0000000000
3326 -1173.0000000000
3333 -1172.0000000000
3341 -1171.0000000000
3350 -1170.0000000000
3351 -1169.0000000000
3364 -1167.0000000000
3393 -1166.0000000000
3403 -1165.0000000000
3445 -1164.0000000000
3472 -1163.0000000000
3482 -1162.0000000000
3490 -1160.0000000000
3498 -1159.0000000000
3508 -1158.0000000000
3513 -1157.0000000000
3534 -1156.0000000000
3545 -1155.0000000000
3549 -1154.0000000000
3561 -1152.0000000000
3567 -1151.0000000000
3572 -1150.0000000000
3577 -1149.0000000000
3599 -1148.0000000000
3605 -1147.0000000000
3609 -1146.0000000000
3613 -1145.0000000000
3622 -1143.0000000000
3624 -1142.0000000000
3639 -1141.0000000000
3640 -1140.0000000000
3657 -1139.0000000000
3666 -1138.0000000000
3667 -1137.0000000000
3685 -1136.0000000000
3686 -1135.0000000000
3688 -1133.0000000000
3689 -1132.0000000000
3696 -1131.0000000000
3698 -1130.0000000000
3705 -1129.0000000000
3706 -1128.0000000000
3711 -1127.0000000000
3712 -1126.0000000000
3721 -1125.0000000000
3729 -1123.0000000000
3730 -1122.0000000000
3731 -1121.0000000000
3763 -1120.0000000000
3764 -1119.0000000000
3768 -1118.0000000000
3783 -1117.0000000000
3791 -1116.0000000000
3794 -1114.0000000000
3798 -1113.0000000000
3800 -1112.0000000000
3805 -1111.0000000000
3817 -1110.0000000000
3825 -1109.0000000000
3826 -1107.0000000000
3838 -1106.0000000000
3840 -1105.0000000000
3855 -1104.0000000000
3856 -1103.0000000000
3866 -1101.0000000000
3869 -1099.0000000000
3874 -1097.0000000000
3886 -1096.0000000000
3887 -1093.0000000000
3902 -1092.0000000000
3913 -1091.0000000000
3919 -1090.0000000000
3923 -1089.0000000000
3925 -1088.0000000000
3945 -1087.0000000000
3956 -1086.0000000000
3961 -1085.0000000000
3965 -1083.0000000000
3980 -1082.0000000000
3996 -1081.0000000000
4003 -1080.0000000000
4010 -1079.0000000000
4017 -1078.0000000000
4020 -1077.0000000000
4029 -1076.0000000000
4050 -1075.0000000000
4067 -1074.0000000000
4068 -1073.0000000000
4074 -1072.0000000000
4077 -1071.0000000000
4078 -1069.0000000000
4082 -1068.0000000000
4088 -1067.0000000000
4089 -1066.0000000000
4097 -1065.0000000000
4101 -1064.0000000000
4102 -1063.0000000000
4103 -1062.0000000000
4115 -1061.0000000000
4117 -1059.0000000000
4129 -1058.0000000000
4131 -1056.0000000000
4156 -1055.0000000000
4162 -1054.0000000000
4165 -1053.0000000000
4169 -1052.0000000000
4173 -1051.0000000000
4203 -1050.0000000000
4220 -1049.0000000000
4259 -1048.0000000000
4265 -1047.0000000000
4272 -1046.0000000000
4274 -1045.0000000000
4275 -1044.0000000000
4280 -1043.0000000000
4285 -1042.0000000000
4295 -1041.0000000000
4300 -1040.0000000000
4306 -1039.0000000000
4307 -1038.0000000000
4322 -1037.0000000000
4323 -1036.0000000000
4364 -1035.0000000000
4376 -1033.0000000000
4377 -1032.0000000000
4401 -1031.0000000000
4415 -1030.0000000000
4418 -1029.0000000000
4448 -1027.0000000000
4449 -1026.0000000000
4476 -1024.0000000000
4479 -1023.0000000000
4488 -1021.0000000000
4498 -1019.0000000000
4500 -1018.0000000000
4501 -1017.0000000000
4503 -1016.0000000000
4511 -1014.0000000000
4513 -1012.0000000000
4535 -1011.0000000000
4547 -1010.0000000000
4550 -1009.0000000000
4569 -1008.0000000000
4573 -1007.0000000000
4597 -1006.0000000000
4600 -1005.0000000000
4601 -1004.0000000000
4604 -1003.0000000000
4607 -1002.0000000000
4618 -1001.0000000000
4642 -999.0000000000
4644 -998.0000000000
4661 -997.0000000000
4669 -996.0000000000
4675 -995.0000000000
4676 -994.0000000000
4678 -993.0000000000
4679 -992.0000000000
4688 -990.0000000000
4701 -989.0000000000
4718 -988.0000000000
4724 -987.0000000000
4729 -986.0000000000
4739 -985.0000000000
4750 -984.0000000000
4772 -982.0000000000
4781 -981.0000000000
4789 -980.0000000000
4795 -979.0000000000
4799 -978.0000000000
4800 -977.0000000000
4805 -976.0000000000
4814 -975.0000000000
4820 -974.0000000000
4825 -973.0000000000
4831 -972.0000000000
4852 -971.0000000000
4855 -970.0000000000
4857 -967.0000000000
4883 -966.0000000000
4891 -965.0000000000
4921 -964.0000000000
4923 -963.0000000000
4954 -962.0000000000
4957 -961.0000000000
4972 -960.0000000000
4974 -959.0000000000
4975 -958.0000000000
4998 -956.0000000000
5002 -955.0000000000
5021 -953.0000000000
5029 -952.0000000000
5043 -951.0000000000
5046 -950.0000000000
5051 -949.0000000000
5060 -948.0000000000
5064 -947.0000000000
5068 -946.0000000000
5089 -945.0000000000
5105 -944.0000000000
5114 -943.0000000000
5153 -941.0000000000
5164 -940.0000000000
5168 -939.0000000000
5180 -938.0000000000
5190 -937.0000000000
5195 -936.0000000000
5217 -935.0000000000
5224 -933.0000000000
5227 -932.0000000000
5228 -931.0000000000
5234 -930.0000000000
5239 -929.0000000000
5240 -927.0000000000
5242 -926.0000000000
5260 -925.0000000000
5273 -924.0000000000
5279 -923.0000000000
5280 -922.0000000000
5285 -921.0000000000
5290 -920.0000000000
5295 -919.0000000000
5307 -918.0000000000
5309 -917.0000000000
5317 -916.0000000000
5321 -915.0000000000
5339 -914.0000000000
5340 -913.0000000000
5364 -912.0000000000
5390 -911.0000000000
5424 -910.0000000000
5437 -909.0000000000
5445 -908.0000000000
5454 -907.0000000000
5461 -906.0000000000
5462 -905.0000000000
5481 -904.0000000000
5494 -903.0000000000
5500 -902.0000000000
5502 -900.0000000000
5538 -899.0000000000
5554 -897.0000000000
5559 -896.0000000000
5564 -895.0000000000
5572 -894.0000000000
5577 -893.0000000000
5590 -892.0000000000
5591 -891.0000000000
5592 -890.0000000000
5603 -889.0000000000
5620 -888.0000000000
5624 -887.0000000000
5628 -886.0000000000
5649 -884.0000000000
5654 -883.0000000000
5659 -882.0000000000
5662 -881.0000000000
5663 -879.0000000000
5669 -878.0000000000
5676 -877.0000000000
5682 -876.0000000000
5688 -875.0000000000
5696 -874.0000000000
5722 -872.0000000000
5727 -869.0000000000
5751 -867.0000000000
5761 -866.0000000000
5763 -865.0000000000
5776 -864.0000000000
5781 -863.0000000000
5795 -862.0000000000
5805 -860.0000000000
5808 -859.0000000000
5836 -858.0000000000
5856 -857.0000000000
5863 -856.0000000000
5872 -855.0000000000
5874 -854.0000000000
5878 -853.0000000000
5897 -852.0000000000
5901 -851.0000000000
5902 -849.0000000000
5903 -848.0000000000
5907 -847.0000000000
5916 -844.0000000000
5917 -843.0000000000
5943 -842.0000000000
5958 -841.0000000000
5981 -840.0000000000
5992 -838.0000000000
6007 -837.0000000000
6014 -836.0000000000
6023 -835.0000000000
6027 -834.0000000000
6035 -833.0000000000
6048 -832.0000000000
6050 -831.0000000000
6063 -830.0000000000
6071 -829.0000000000
6072 -828.0000000000
6077 -827.0000000000
6084 -826.0000000000
6089 -823.0000000000
6090 -822.0000000000
6092 -821.0000000000
6097 -820.0000000000
6112 -818.0000000000
6121 -817.0000000000
6128 -816.0000000000
6131 -815.0000000000
6134 -814.0000000000
6135 -813.0000000000
6157 -812.0000000000
6202 -811.0000000000
6220 -810.0000000000
6234 -809.0000000000
6252 -808.0000000000
6254 -807.0000000000
6267 -806.0000000000
6269 -805.0000000000
6275 -804.0000000000
6295 -803.0000000000
6302 -802.0000000000
6314 -801.0000000000
6327 -800.0000000000
6334 -799.0000000000
6341 -798.0000000000
6345 -796.0000000000
6354 -795.0000000000
6355 -794.0000000000
6375 -793.0000000000
6382 -792.0000000000
6392 -791.0000000000
6398 -790.0000000000
6436 -789.0000000000
6460 -788.0000000000
6488 -787.0000000000
6505 -786.0000000000
6543 -785.0000000000
6544 -784.0000000000
6550 -783.0000000000
6553 -782.0000000000
6563 -781.0000000000
6576 -780.0000000000
6578 -779.0000000000
6579 -777.0000000000
6581 -776.0000000000
6602 -774.0000000000
6627 -773.0000000000
6629 -772.0000000000
6656 -771.0000000000
6657 -770.0000000000
6666 -769.0000000000
6684 -768.0000000000
6686 -767.0000000000
6702 -766.0000000000
6710 -765.0000000000
6722 -764.0000000000
6741 -763.0000000000
6775 -762.0000000000
6781 -761.0000000000
6791 -759.0000000000
6800 -758.0000000000
6822 -756.0000000000
6826 -755.0000000000
6831 -754.0000000000
6840 -753.0000000000
6864 -752.0000000000
6872 -751.0000000000
6876 -750.0000000000
6891 -749.0000000000
6912 -748.0000000000
6936 -747.0000000000
6938 -746.0000000000
6947 -745.0000000000
6949 -744.0000000000
6954 -743.0000000000
6966 -742.0000000000
6973 -741.0000000000
6988 -740.0000000000
6999 -739.0000000000
7009 -738.0000000000
7013 -737.0000000000
7026 -735.0000000000
7051 -734.0000000000
7113 -733.0000000000
7131 -730.0000000000
7149 -729.0000000000
7156 -728.0000000000
7195 -727.0000000000
7198 -725.0000000000
7214 -724.0000000000
7224 -722.0000000000
7230 -721.0000000000
7232 -720.0000000000
7242 -719.0000000000
7245 -717.0000000000
7262 -716.0000000000
7270 -715.0000000000
7288 -714.0000000000
7293 -713.0000000000
7295 -712.0000000000
7325 -711.0000000000
7328 -710.0000000000
7362 -708.0000000000
7411 -707.0000000000
7412 -706.0000000000
7456 -705.0000000000
7460 -704.0000000000
7467 -703.0000000000
7469 -702.0000000000
7471 -701.0000000000
7481 -700.0000000000
7491 -699.0000000000
7509 -698.0000000000
7528 -697.0000000000
7535 -696.0000000000
7542 -695.0000000000
7550 -694.0000000000
7564 -693.0000000000
7601 -691.0000000000
7631 -690.0000000000
7634 -689.0000000000
7698 -688.0000000000
7718 -686.0000000000
7725 -685.0000000000
7752 -684.0000000000
7756 -683.0000000000
7796 -682.0000000000
7813 -681.0000000000
7815 -679.0000000000
7832 -678.0000000000
7851 -677.0000000000
7856 -676.0000000000
7858 -675.0000000000
7864 -674.0000000000
7887 -673.0000000000
7910 -672.0000000000
7941 -671.0000000000
7945 -670.0000000000
7946 -669.0000000000
7951 -668.0000000000
7963 -667.0000000000
7969 -666.0000000000
7970 -665.0000000000
7979 -663.0000000000
7982 -661.0000000000
7989 -660.0000000000
8002 -659.0000000000
8043 -658.0000000000
8044 -657.0000000000
8048 -656.0000000000
8056 -655.0000000000
8071 -653.0000000000
8126 -651.0000000000
8140 -650.0000000000
8141 -649.0000000000
8146 -648.0000000000
8195 -647.0000000000
8214 -646.0000000000
8219 -645.0000000000
8221 -644.0000000000
8229 -643.0000000000
8238 -642.0000000000
8252 -641.0000000000
8260 -640.0000000000
8266 -639.0000000000
8273 -638.0000000000
8290 -637.0000000000
8308 -635.0000000000
8328 -634.0000000000
8333 -633.0000000000
8335 -632.0000000000
8377 -631.0000000000
8382 -630.0000000000
8387 -629.0000000000
8389 -628.0000000000
8410 -627.0000000000
8430 -626.0000000000
8462 -625.0000000000
8467 -624.0000000000
8498 -623.0000000000
8500 -622.0000000000
8527 -620.0000000000
8544 -619.0000000000
8568 -618.0000000000
8579 -617.0000000000
8592 -616.0000000000
8599 -614.0000000000
8610 -613.0000000000
8650 -612.0000000000
8661 -611.0000000000
8683 -610.0000000000
8693 -609.0000000000
8700 -608.0000000000
8708 -607.0000000000
8727 -606.0000000000
8737 -605.0000000000
8752 -603.0000000000
8756 -601.0000000000
8763 -600.0000000000
8769 -599.0000000000
8777 -598.0000000000
8788 -597.0000000000
8808 -595.0000000000
8834 -594.0000000000
8846 -593.0000000000
8847 -592.0000000000
8882 -591.0000000000
8934 -590.0000000000
8944 -589.0000000000
8977 -588.0000000000
8994 -587.0000000000
9016 -586.0000000000
9077 -585.0000000000
9088 -584.0000000000
9111 -583.0000000000
9124 -582.0000000000
9138 -581.0000000000
9171 -579.0000000000
9197 -578.0000000000
9199 -577.0000000000
9232 -576.0000000000
9245 -575.0000000000
9338 -574.0000000000
9416 -573.0000000000
9453 -572.0000000000
9465 -571.0000000000
9469 -570.0000000000
9518 -569.0000000000
9527 -568.0000000000
9532 -567.0000000000
9534 -566.0000000000
9541 -565.0000000000
9542 -564.0000000000
9543 -563.0000000000
9561 -561.0000000000
9571 -560.0000000000
9580 -559.0000000000
9591 -558.0000000000
9605 -557.0000000000
9636 -555.0000000000
9656 -554.0000000000
9659 -553.0000000000
9661 -552.0000000000
9685 -551.0000000000
9726 -550.0000000000
9741 -549.0000000000
9751 -548.0000000000
9755 -547.0000000000
9776 -546.0000000000
9791 -545.0000000000
9816 -543.0000000000
9832 -542.0000000000
9852 -541.0000000000
9891 -540.0000000000
9915 -539.0000000000
9934 -538.0000000000
9938 -537.0000000000
9959 -536.0000000000
9972 -535.0000000000
10000 -535.0000000000
evaluations raw_y
1 -2030.0000000000
4 -2028.0000000000
7 -2026.0000000000
10 -2025.0000000000
13 -2024.0000000000
15 -2023.0000000000
17 -2021.0000000000
27 -2019.0000000000
33 -2018.0000000000
34 -2017.0000000000
37 -2015.0000000000
39 -2014.0000000000
42 -2013.0000000000
47 -2012.0000000000
48 -2011.0000000000
52 -2010.0000000000
54 -2009.0000000000
58 -2008.0000000000
61 -2007.0000000000
69 -2006.0000000000
71 -2005.0000000000
76 -2004.0000000000
81 -2003.0000000000
91 -2002.0000000000
95 -2001.0000000000
96 -2000.0000000000
99 -1999.0000000000
101 -1998.0000000000
103 -1997.0000000000
104 -1996.0000000000
109 -1995.0000000000
114 -1994.0000000000
119 -1993.0000000000
126 -1992.0000000000
127 -1991.0000000000
128 -1990.0000000000
130 -1989.0000000000
131 -1988.0000000000
135 -1987.0000000000
136 -1986.0000000000
138 -1984.0000000000
139 -1983.0000000000
147 -1982.0000000000
149 -1981.0000000000
151 -1980.0000000000
154 -1979.0000000000
159 -1978.0000000000
163 -1977.0000000000
165 -1976.0000000000
168 -1975.0000000000
170 -1974.0000000000
171 -1973.0000000000
172 -1972.0000000000
177 -1971.0000000000
183 -1970.0000000000
187 -1968.0000000000
200 -1967.0000000000
201 -1966.0000000000
203 -1965.0000000000
204 -1964.0000000000
205 -1963.0000000000
209 -1962.0000000000
210 -1960.0000000000
215 -1959.0000000000
216 -1957.0000000000
227 -1956.0000000000
238 -1955.0000000000
244 -1954.0000000000
250 -1953.0000000000
255 -1952.0000000000
256 -1949.0000000000
258 -1948.0000000000
265 -1947.0000000000
275 -1945.0000000000
278 -1944.0000000000
282 -1943.0000000000
283 -1942.0000000000
287 -1941.0000000000
293 -1940.0000000000
295 -1938.0000000000
296 -1937.0000000000
304 -1935.0000000000
305 -1933.0000000000
320 -1932.0000000000
322 -1931.0000000000
326 -1930.0000000000
328 -1929.0000000000
329 -1928.0000000000
341 -1927.0000000000
347 -1924.0000000000
349 -1922.0000000000
351 -1920.0000000000
352 -1918.0000000000
353 -1917.0000000000
360 -1916.0000000000
363 -1915.0000000000
371 -1914.0000000000
372 -1913.0000000000
377 -1912.0000000000
384 -1911.0000000000
386 -1910.0000000000
388 -1909.0000000000
390 -1908.0000000000
392 -1907.0000000000
394 -1906.0000000000
396 -1905.0000000000
404 -1904.0000000000
405 -1903.0000000000
408 -1902.0000000000
409 -1901.0000000000
411 -1900.0000000000
413 -1899.0000000000
415 -1898.0000000000
416 -1897.0000000000
418 -1896.0000000000
420 -1894.0000000000
423 -1892.0000000000
425 -1891.0000000000
430 -1890.0000000000
435 -1889.0000000000
449 -1888.0000000000
451 -1887.0000000000
454 -1886.0000000000
461 -1884.0000000000
463 -1882.0000000000
467 -1880.0000000000
474 -1879.0000000000
475 -1877.0000000000
484 -1876.0000000000
494 -1875.0000000000
496 -1874.0000000000
497 -1873.0000000000
499 -1872.0000000000
502 -1871.0000000000
506 -1870.0000000000
516 -1869.0000000000
520 -1867.0000000000
521 -1865.0000000000
524 -1863.0000000000
525 -1862.0000000000
535 -1861.0000000000
536 -1860.0000000000
538 -1859.0000000000
539 -1858.0000000000
546 -1857.0000000000
547 -1856.0000000000
550 -1855.0000000000
555 -1854.0000000000
561 -1852.0000000000
571 -1851.0000000000
573 -1849.0000000000
576 -1847.0000000000
579 -1846.0000000000
583 -1845.0000000000
590 -1844.0000000000
598 -1843.0000000000
604 -1842.0000000000
605 -1841.0000000000
614 -1840.0000000000
616 -1839.0000000000
617 -1838.0000000000
621 -1837.0000000000
627 -1836.0000000000
629 -1835.0000000000
631 -1834.0000000000
632 -1833.0000000000
634 -1830.0000000000
640 -1828.0000000000
641 -1826.0000000000
646 -1825.0000000000
658 -1823.0000000000
662 -1822.0000000000
664 -1821.0000000000
667 -1819.0000000000
676 -1818.0000000000
686 -1817.0000000000
692 -1816.0000000000
693 -1815.0000000000
697 -1814.0000000000
708 -1813.0000000000
709 -1812.0000000000
711 -1811.0000000000
726 -1810.0000000000
731 -1809.0000000000
737 -1808.0000000000
738 -1807.0000000000
741 -1806.0000000000
743 -1805.0000000000
744 -1804.0000000000
745 -1803.0000000000
759 -1802.0000000000
760 -1801.0000000000
761 -1799.0000000000
770 -1798.0000000000
773 -1797.0000000000
780 -1796.0000000000
781 -1795.0000000000
789 -1794.0000000000
792 -1793.0000000000
795 -1792.0000000000
800 -1791.0000000000
802 -1790.0000000000
803 -1789.0000000000
805 -1788.0000000000
806 -1787.0000000000
813 -1786.0000000000
815 -1785.0000000000
830 -1784.0000000000
834 -1783.0000000000
837 -1782.0000000000
838 -1781.0000000000
843 -1780.0000000000
861 -1779.0000000000
864 -1778.0000000000
874 -1777.0000000000
877 -1776.0000000000
881 -1775.0000000000
890 -1774.0000000000
897 -1773.0000000000
904 -1772.0000000000
905 -1771.0000000000
908 -1770.0000000000
909 -1769.0000000000
910 -1768.0000000000
913 -1767.0000000000
916 -1765.0000000000
920 -1764.0000000000
924 -1763.0000000000
926 -1762.0000000000
928 -1761.0000000000
931 -1760.0000000000
940 -1759.0000000000
944 -1758.0000000000
945 -1755.0000000000
949 -1754.0000000000
951 -1753.0000000000
952 -1752.0000000000
958 -1751.0000000000
963 -1750.0000000000
971 -1749.0000000000
972 -1747.0000000000
973 -1746.0000000000
974 -1745.0000000000
977 -1744.0000000000
979 -1743.0000000000
980 -1742.0000000000
982 -1741.0000000000
989 -1740.0000000000
995 -1739.0000000000
996 -1738.0000000000
997 -1737.0000000000
999 -1736.0000000000
1000 -1735.0000000000
1012 -1734.0000000000
1013 -1733.0000000000
1016 -1731.0000000000
1018 -1730.0000000000
1029 -1729.0000000000
1050 -1728.0000000000
1052 -1727.0000000000
1057 -1726.0000000000
1065 -1725.0000000000
1070 -1724.0000000000
1089 -1723.0000000000
1095 -1722.0000000000
1102 -1721.0000000000
1103 -1720.0000000000
1107 -1719.0000000000
1110 -1718.0000000000
1112 -1716.0000000000
1115 -1715.0000000000
1120 -1714.0000000000
1133 -1713.0000000000
1135 -1712.0000000000
1139 -1711.0000000000
1142 -1710.0000000000
1147 -1707.0000000000
1151 -1705.0000000000
1154 -1704.0000000000
1156 -1703.0000000000
1157 -1702.0000000000
1167 -1701.0000000000
1170 -1700.0000000000
1180 -1699.0000000000
1187 -1698.0000000000
1195 -1697.0000000000
1197 -1695.0000000000
1205 -1694.0000000000
1207 -1692.0000000000
1209 -1691.0000000000
1212 -1690.0000000000
1214 -1689.0000000000
1229 -1688.0000000000
1233 -1687.0000000000
1245 -1686.0000000000
1247 -1684.0000000000
1250 -1683.0000000000
1251 -1682.0000000000
1252 -1680.0000000000
1255 -1679.0000000000
1260 -1677.0000000000
1263 -1676.0000000000
1274 -1675.0000000000
1278 -1674.0000000000
1279 -1673.0000000000
1280 -1671.0000000000
1287 -1670.0000000000
1288 -1669.0000000000
1291 -1668.0000000000
1292 -1667.0000000000
1295 -1666.0000000000
1304 -1665.0000000000
1307 -1664.0000000000
1324 -1663.0000000000
1327 -1662.0000000000
1332 -1661.0000000000
1344 -1660.0000000000
1346 -1659.0000000000
1350 -1658.0000000000
1356 -1657.0000000000
1366 -1654.0000000000
1372 -1653.0000000000
1377 -1652.0000000000
1379 -1651.0000000000
1387 -1650.0000000000
1388 -1649.0000000000
1394 -1648.0000000000
1397 -1647.0000000000
1399 -1646.0000000000
1401 -1645.0000000000
1405 -1644.0000000000
1424 -1643.0000000000
1427 -1642.0000000000
1428 -1641.0000000000
1429 -1640.0000000000
1435 -1639.0000000000
1436 -1637.0000000000
1444 -1636.0000000000
1447 -1635.0000000000
1449 -1634.0000000000
1453 -1633.0000000000
1468 -1632.0000000000
1476 -1631.0000000000
1482 -1630.0000000000
1483 -1629.0000000000
1488 -1627.0000000000
1490 -1625.0000000000
1492 -1624.0000000000
1497 -1623.0000000000
1498 -1622.0000000000
1501 -1621.0000000000
1506 -1620.0000000000
1514 -1618.0000000000
1515 -1617.0000000000
1519 -1616.0000000000
1522 -1615.0000000000
1532 -1614.0000000000
1536 -1612.0000000000
1538 -1611.0000000000
1546 -1610.0000000000
1547 -1609.0000000000
1551 -1608.0000000000
1552 -1607.0000000000
1562 -1606.0000000000
1570 -1605.0000000000
1574 -1604.0000000000
1575 -1603.0000000000
1585 -1601.0000000000
1589 -1600.0000000000
1596 -1599.0000000000
1600 -1597.0000000000
1601 -1596.0000000000
1614 -1595.0000000000
1616 -1594.0000000000
1626 -1592.0000000000
1627 -1591.0000000000
1628 -1590.0000000000
1630 -1588.0000000000
1634 -1587.0000000000
1640 -1586.0000000000
1643 -1584.0000000000
1647 -1582.0000000000
1650 -1581.0000000000
1654 -1580.0000000000
1664 -1579.0000000000
1667 -1578.0000000000
1670 -1577.0000000000
1679 -1576.0000000000
1684 -1575.0000000000
1686 -1574.0000000000
1693 -1573.0000000000
1694 -1571.0000000000
1702 -1570.0000000000
1704 -1569.0000000000
1707 -1568.0000000000
1709 -1566.0000000000
1718 -1565.0000000000
1719 -1564.0000000000
1727 -1563.0000000000
1728 -1562.0000000000
1734 -1561.0000000000
1738 -1560.0000000000
1741 -1559.0000000000
1743 -1557.0000000000
1755 -1556.0000000000
1762 -1555.0000000000
1763 -1554.0000000000
1767 -1553.0000000000
1772 -1552.0000000000
1783 -1550.0000000000
1786 -1549.0000000000
1792 -1548.0000000000
1793 -1545.0000000000
1796 -1544.0000000000
1799 -1542.0000000000
1802 -1541.0000000000
1807 -1539.0000000000
1809 -1538.0000000000
1820 -1537.0000000000
1824 -1536.0000000000
1825 -1535.0000000000
1830 -1534.0000000000
1831 -1533.0000000000
1832 -1532.0000000000
1836 -1531.0000000000
1838 -1529.0000000000
1843 -1528.0000000000
1847 -1527.0000000000
1849 -1526.0000000000
1852 -1525.0000000000
1866 -1524.0000000000
1880 -1523.0000000000
1882 -1522.0000000000
1893 -1521.0000000000
1906 -1520.0000000000
1907 -1519.0000000000
1914 -1518.0000000000
1917 -1517.0000000000
1923 -1515.0000000000
1931 -1513.0000000000
1932 -1512.0000000000
1948 -1511.0000000000
1956 -1510.0000000000
1958 -1508.0000000000
1962 -1507.0000000000
1963 -1506.0000000000
1965 -1505.0000000000
1969 -1504.0000000000
1970 -1503.0000000000
1977 -1502.0000000000
1978 -1501.0000000000
1982 -1499.0000000000
1984 -1498.0000000000
1985 -1497.0000000000
1988 -1495.0000000000
1991 -1494.0000000000
1998 -1492.0000000000
1999 -1491.0000000000
2001 -1490.0000000000
2002 -1489.0000000000
2003 -1488.0000000000
2006 -1487.0000000000
2009 -1486.0000000000
2015 -1485.0000000000
2026 -1484.0000000000
2041 -1483.0000000000
2052 -1482.0000000000
2062 -1481.0000000000
2065 -1480.0000000000
2066 -1478.0000000000
2075 -1477.0000000000
2079 -1476.0000000000
2085 -1475.0000000000
2086 -1474.0000000000
2092 -1473.0000000000
2095 -1472.0000000000
2108 -1471.0000000000
2116 -1470.0000000000
2117 -1469.0000000000
2127 -1468.0000000000
2129 -1467.0000000000
2132 -1466.0000000000
2138 -1465.0000000000
2141 -1463.0000000000
2142 -1462.0000000000
2152 -1461.0000000000
2156 -1460.0000000000
2157 -1459.0000000000
2173 -1458.0000000000
2194 -1457.0000000000
2195 -1456.0000000000
2203 -1455.0000000000
2214 -1454.0000000000
2215 -1453.0000000000
2224 -1452.0000000000
2225 -1450.0000000000
2231 -1449.0000000000
2244 -1448.0000000000
2256 -1447.0000000000
2257 -1446.0000000000
2259 -1445.0000000000
2265 -1444.0000000000
2266 -1443.0000000000
2269 -1441.0000000000
2277 -1440.0000000000
2278 -1439.0000000000
2287 -1438.0000000000
2289 -1437.0000000000
2294 -1436.0000000000
2295 -1435.0000000000
2297 -1434.0000000000
2299 -1433.0000000000
2311 -1431.0000000000
2320 -1430.0000000000
2323 -1428.0000000000
2331 -1427.0000000000
2340 -1425.0000000000
2342 -1424.0000000000
2344 -1423.0000000000
2362 -1422.0000000000
2369 -1421.0000000000
2372 -1420.0000000000
2377 -1419.0000000000
2378 -1418.0000000000
2379 -1417.0000000000
2387 -1415.0000000000
2397 -1414.0000000000
2404 -1413.0000000000
2405 -1412.0000000000
2414 -1411.0000000000
2419 -1410.0000000000
2432 -1409.0000000000
2436 -1408.0000000000
2437 -1407.0000000000
2441 -1406.0000000000
2442 -1405.0000000000
2451 -1404.0000000000
2462 -1402.0000000000
2463 -1401.0000000000
2464 -1400.0000000000
2465 -1399.0000000000
2466 -1398.0000000000
2478 -1397.0000000000
2486 -1396.0000000000
2489 -1394.0000000000
2494 -1392.0000000000
2497 -1390.0000000000
2500 -1389.0000000000
2504 -1388.0000000000
2505 -1387.0000000000
2519 -1386.0000000000
2521 -1385.0000000000
2527 -1384.0000000000
2528 -1383.0000000000
2532 -1381.0000000000
2539 -1380.0000000000
2542 -1379.0000000000
2543 -1378.0000000000
2546 -1377.0000000000
2577 -1376.0000000000
2585 -1375.0000000000
2587 -1374.0000000000
2589 -1373.0000000000
2593 -1372.0000000000
2595 -1371.0000000000
2599 -1370.0000000000
2601 -1369.0000000000
2604 -1368.0000000000
2616 -1367.0000000000
2619 -1366.0000000000
2620 -1365.0000000000
2626 -1363.0000000000
2628 -1362.0000000000
2633 -1360.0000000000
2636 -1359.0000000000
2640 -1358.0000000000
2645 -1356.0000000000
2646 -1355.0000000000
2663 -1354.0000000000
2668 -1353.0000000000
2672 -1352.0000000000
2689 -1351.0000000000
2693 -1350.0000000000
2695 -1349.0000000000
2705 -1343.0000000000
2709 -1342.0000000000
2716 -1341.0000000000
2741 -1340.0000000000
2742 -1339.0000000000
2746 -1338.0000000000
2750 -1336.0000000000
2755 -1335.0000000000
2757 -1334.0000000000
2758 -1333.0000000000
2766 -1331.0000000000
2770 -1330.0000000000
2775 -1329.0000000000
2789 -1328.0000000000
2791 -1326.0000000000
2794 -1325.0000000000
2798 -1324.0000000000
2799 -1323.0000000000
2806 -1322.0000000000
2810 -1321.0000000000
2811 -1320.0000000000
2814 -1319.0000000000
2816 -1318.0000000000
2820 -1316.0000000000
2826 -1315.0000000000
2830 -1314.0000000000
2837 -1312.0000000000
2848 -1309.0000000000
2849 -1308.0000000000
2850 -1307.0000000000
2853 -1306.0000000000
2855 -1305.0000000000
2857 -1304.0000000000
2864 -1303.0000000000
2874 -1302.0000000000
2875 -1301.0000000000
2878 -1300.0000000000
2904 -1299.0000000000
2930 -1298.0000000000
2933 -1297.0000000000
2934 -1296.0000000000
2939 -1295.0000000000
2941 -1294.0000000000
2948 -1293.0000000000
2963 -1292.0000000000
2984 -1291.0000000000
2997 -1290.0000000000
2998 -1289.0000000000
2999 -1288.0000000000
3010 -1287.0000000000
3012 -1286.0000000000
3013 -1285.0000000000
3017 -1284.0000000000
3019 -1283.0000000000
3023 -1282.0000000000
3031 -1281.0000000000
3037 -1280.0000000000
3038 -1279.0000000000
3045 -1276.0000000000
3056 -1275.0000000000
3060 -1274.0000000000
3062 -1273.0000000000
3079 -1272.0000000000
3080 -1270.0000000000
3082 -1269.0000000000
3083 -1268.0000000000
3090 -1267.0000000000
3092 -1266.0000000000
3094 -1265.0000000000
3099 -1263.0000000000
3103 -1262.0000000000
3106 -1261.0000000000
3113 -1259.0000000000
3123 -1258.0000000000
3129 -1257.0000000000
3131 -1256.0000000000
3138 -1255.0000000000
3144 -1254.0000000000
3151 -1253.0000000000
3152 -1252.0000000000
3159 -1251.0000000000
3168 -1250.0000000000
3188 -1249.0000000000
3193 -1248.0000000000
3207 -1247.0000000000
3210 -1246.0000000000
3212 -1243.0000000000
3214 -1242.0000000000
3215 -1241.0000000000
3224 -1240.0000000000
3227 -1239.0000000000
3229 -1238.0000000000
3231 -1237.0000000000
3236 -1234.0000000000
3237 -1232.0000000000
3239 -1231.0000000000
3240 -1230.0000000000
3244 -1229.0000000000
3247 -1227.0000000000
3248 -1226.0000000000
3250 -1225.0000000000
3258 -1224.0000000000
3271 -1223.0000000000
3281 -1222.0000000000
3283 -1221.0000000000
3292 -1220.0000000000
3302 -1218.0000000000
3316 -1217.0000000000
3319 -1216.0000000000
3326 -1215.0000000000
3336 -1214.0000000000
3346 -1213.0000000000
3347 -1212.0000000000
3348 -1211.0000000000
3349 -1210.0000000000
3354 -1209.0000000000
3363 -1208.0000000000
3364 -1207.0000000000
3366 -1206.0000000000
3367 -1205.0000000000
3373 -1204.0000000000
3390 -1202.0000000000
3397 -1201.0000000000
3404 -1200.0000000000
3413 -1199.0000000000
3416 -1198.0000000000
3428 -1197.0000000000
3433 -1196.0000000000
3434 -1194.0000000000
3446 -1193.0000000000
3452 -1192.0000000000
3458 -1191.0000000000
3461 -1190.0000000000
3467 -1188.0000000000
3482 -1187.0000000000
3501 -1184.0000000000
3509 -1183.0000000000
3515 -1182.0000000000
3521 -1180.0000000000
3529 -1179.0000000000
3560 -1178.0000000000
3563 -1177.0000000000
3566 -1176.0000000000
3570 -1175.0000000000
3580 -1174.0000000000
3583 -1173.0000000000
3586 -1172.0000000000
3588 -1171.0000000000
3593 -1170.0000000000
3595 -1168.0000000000
3597 -1166.0000000000
3602 -1165.0000000000
3603 -1164.0000000000
3614 -1163.0000000000
3625 -1162.0000000000
3627 -1161.0000000000
3631 -1160.0000000000
3633 -1159.0000000000
3636 -1158.0000000000
3648 -1157.0000000000
3652 -1156.0000000000
3683 -1155.0000000000
3691 -1154.0000000000
3692 -1153.0000000000
3706 -1152.0000000000
3729 -1151.0000000000
3740 -1149.0000000000
3752 -1147.0000000000
3755 -1146.0000000000
3777 -1144.0000000000
3780 -1143.0000000000
3784 -1142.0000000000
3810 -1141.0000000000
3815 -1140.0000000000
3822 -1139.0000000000
3823 -1138.0000000000
3843 -1137.0000000000
3846 -1135.0000000000
3863 -1134.0000000000
3868 -1133.0000000000
3869 -1132.0000000000
3873 -1130.0000000000
3876 -1129.0000000000
3881 -1128.0000000000
3883 -1127.0000000000
3886 -1126.0000000000
3887 -1125.0000000000
3890 -1124.0000000000
3910 -1123.0000000000
3911 -1122.0000000000
3914 -1121.0000000000
3918 -1120.0000000000
3921 -1119.0000000000
3931 -1118.0000000000
3932 -1116.0000000000
3935 -1115.0000000000
3941 -1114.0000000000
3948 -1113.0000000000
3950 -1110.0000000000
3951 -1109.0000000000
3987 -1108.0000000000
4016 -1107.0000000000
4019 -1106.0000000000
4050 -1105.0000000000
4053 -1104.0000000000
4056 -1102.0000000000
4066 -1101.0000000000
4072 -1100.0000000000
4074 -1099.0000000000
4075 -1098.0000000000
4080 -1097.0000000000
4084 -1096.0000000000
4092 -1095.0000000000
4095 -1093.0000000000
4105 -1092.0000000000
4124 -1091.0000000000
4132 -1089.0000000000
4133 -1087.0000000000
4134 -1085.0000000000
4156 -1084.0000000000
4176 -1083.0000000000
4177 -1082.0000000000
4213 -1081.0000000000
4214 -1080.0000000000
4218 -1079.0000000000
4221 -1077.0000000000
4222 -1076.0000000000
4226 -1075.0000000000
4232 -1074.0000000000
4274 -1073.0000000000
4275 -1072.0000000000
4282 -1071.0000000000
4299 -1070.0000000000
4325 -1069.0000000000
4338 -1068.0000000000
4349 -1067.0000000000
4350 -1066.0000000000
4360 -1065.0000000000
4373 -1064.0000000000
4374 -1063.0000000000
4377 -1062.0000000000
4391 -1060.0000000000
4410 -1059.0000000000
4411 -1058.0000000000
4413 -1057.0000000000
4423 -1056.0000000000
4427 -1055.0000000000
4429 -1054.0000000000
4443 -1053.0000000000
4457 -1052.0000000000
4468 -1051.0000000000
4476 -1050.0000000000
4481 -1049.0000000000
4485 -1047.0000000000
4517 -1046.0000000000
4534 -1045.0000000000
4536 -1044.0000000000
4539 -1043.0000000000
4549 -1042.0000000000
4554 -1041.0000000000
4555 -1039.0000000000
4556 -1038.0000000000
4566 -1037.0000000000
4577 -1036.0000000000
4581 -1035.0000000000
4595 -1034.0000000000
4599 -1033.0000000000
4604 -1032.0000000000
4605 -1031.0000000000
4622 -1030.0000000000
4623 -1029.0000000000
4634 -1028.0000000000
4646 -1027.0000000000
4647 -1026.0000000000
4658 -1025.0000000000
4672 -1024.0000000000
4673 -1023.0000000000
4707 -1022.0000000000
4726 -1021.0000000000
4736 -1020.0000000000
4760 -1019.0000000000
4766 -1018.0000000000
4795 -1017.0000000000
4798 -1016.0000000000
4799 -1015.0000000000
4801 -1014.0000000000
4802 -1012.0000000000
4841 -1011.0000000000
4842 -1010.0000000000
4847 -1009.0000000000
4850 -1008.0000000000
4856 -1007.0000000000
4859 -1006.0000000000
4864 -1005.0000000000
4865 -1004.0000000000
4873 -1003.0000000000
4878 -1002.0000000000
4881 -1000.0000000000
4884 -999.0000000000
4892 -997.0000000000
4913 -994.0000000000
4916 -993.0000000000
4917 -992.0000000000
4935 -991.0000000000
4949 -990.0000000000
4974 -989.0000000000
4975 -988.0000000000
4988 -987.0000000000
5001 -986.0000000000
5005 -985.0000000000
5007 -984.0000000000
5026 -982.0000000000
5031 -979.0000000000
5041 -978.0000000000
5043 -976.0000000000
5088 -975.0000000000
5100 -974.0000000000
5103 -973.0000000000
5110 -972.0000000000
5122 -971.0000000000
5128 -970.0000000000
5129 -969.0000000000
5151 -968.0000000000
5155 -967.0000000000
5176 -965.0000000000
5194 -964.0000000000
5195 -961.0000000000
5208 -960.0000000000
5210 -958.0000000000
5218 -957.0000000000
5229 -956.0000000000
5230 -955.0000000000
5246 -954.0000000000
5271 -953.0000000000
5273 -952.0000000000
5276 -950.0000000000
5281 -949.0000000000
5290 -948.0000000000
5294 -946.0000000000
5300 -945.0000000000
5306 -944.0000000000
5308 -943.0000000000
5318 -941.0000000000
5337 -940.0000000000
5350 -939.0000000000
5365 -938.0000000000
5378 -937.0000000000
5387 -936.0000000000
5389 -935.0000000000
5419 -934.0000000000
5420 -933.0000000000
5422 -932.0000000000
5441 -931.0000000000
5446 -930.0000000000
5449 -929.0000000000
5457 -928.0000000000
5468 -927.0000000000
5485 -926.0000000000
5491 -925.0000000000
5506 -924.0000000000
5512 -923.0000000000
5515 -922.0000000000
5519 -921.0000000000
5521 -920.0000000000
5530 -919.0000000000
5533 -917.0000000000
5539 -916.0000000000
5547 -915.0000000000
5563 -914.0000000000
5574 -913.0000000000
5575 -912.0000000000
5587 -911.0000000000
5591 -910.0000000000
5592 -909.0000000000
5593 -908.0000000000
5608 -907.0000000000
5611 -906.0000000000
5626 -905.0000000000
5630 -904.0000000000
5631 -903.0000000000
5634 -902.0000000000
5650 -901.0000000000
5703 -900.0000000000
5709 -897.0000000000
5737 -896.0000000000
5743 -895.0000000000
5745 -893.0000000000
5754 -892.0000000000
5770 -891.0000000000
5795 -890.0000000000
5822 -889.0000000000
5832 -888.0000000000
5836 -887.0000000000
5839 -886.0000000000
5843 -885.0000000000
5844 -884.0000000000
5849 -883.0000000000
5852 -882.0000000000
5863 -881.0000000000
5864 -880.0000000000
5874 -879.0000000000
5880 -878.0000000000
5889 -877.0000000000
5891 -876.0000000000
5896 -875.0000000000
5920 -874.0000000000
5963 -873.0000000000
5976 -872.0000000000
5990 -871.0000000000
6006 -869.0000000000
6010 -868.0000000000
6029 -867.0000000000
6040 -866.0000000000
6048 -865.0000000000
6050 -864.0000000000
6060 -862.0000000000
6063 -861.0000000000
6099 -860.0000000000
6101 -859.0000000000
6114 -858.0000000000
6122 -857.0000000000
6124 -856.0000000000
6142 -855.0000000000
6151 -854.0000000000
6158 -853.0000000000
6160 -852.0000000000
6180 -851.0000000000
6193 -850.0000000000
6199 -849.0000000000
6204 -848.0000000000
6219 -847.0000000000
6230 -846.0000000000
6242 -845.0000000000
6250 -843.0000000000
6252 -842.0000000000
6264 -841.0000000000
6266 -839.0000000000
6271 -838.0000000000
6274 -837.0000000000
6291 -836.0000000000
6311 -835.0000000000
6315 -834.0000000000
6329 -833.0000000000
6337 -832.0000000000
6353 -831.0000000000
6361 -830.0000000000
6366 -829.0000000000
6367 -828.0000000000
6390 -827.0000000000
6394 -826.0000000000
6395 -825.0000000000
6433 -824.0000000000
6436 -823.0000000000
6442 -822.0000000000
6444 -821.0000000000
6450 -820.0000000000
6451 -819.0000000000
6507 -818.0000000000
6518 -817.0000000000
6522 -816.0000000000
6531 -814.0000000000
6569 -813.0000000000
6578 -812.0000000000
6582 -811.0000000000
6612 -810.0000000000
6617 -809.0000000000
6637 -807.0000000000
6649 -806.0000000000
6656 -805.0000000000
6660 -804.0000000000
6662 -803.0000000000
6687 -802.0000000000
6689 -801.0000000000
6707 -800.0000000000
6708 -799.0000000000
6729 -798.0000000000
6736 -797.0000000000
6739 -796.0000000000
6749 -795.0000000000
6755 -794.0000000000
6757 -793.0000000000
6760 -792.0000000000
6763 -791.0000000000
6764 -788.0000000000
6790 -787.0000000000
6820 -786.0000000000
6839 -785.0000000000
6852 -784.0000000000
6866 -783.0000000000
6878 -781.0000000000
6888 -780.0000000000
6905 -779.0000000000
6907 -778.0000000000
6926 -777.0000000000
6933 -776.0000000000
6943 -775.0000000000
6951 -774.0000000000
6969 -773.0000000000
6980 -772.0000000000
6988 -771.0000000000
7001 -770.0000000000
7033 -769.0000000000
7040 -768.0000000000
7059 -767.0000000000
7116 -766.0000000000
7139 -764.0000000000
7147 -763.0000000000
7151 -762.0000000000
7153 -761.0000000000
7169 -760.0000000000
7198 -759.0000000000
7200 -758.0000000000
7215 -757.0000000000
7218 -755.0000000000
7246 -754.0000000000
7249 -752.0000000000
7252 -751.0000000000
7270 -750.0000000000
7272 -748.0000000000
7281 -747.0000000000
7292 -746.0000000000
7298 -745.0000000000
7301 -744.0000000000
7306 -743.0000000000
7323 -742.0000000000
7352 -741.0000000000
7359 -739.0000000000
7361 -738.0000000000
7365 -737.0000000000
7373 -736.0000000000
7374 -735.0000000000
7405 -734.0000000000
7416 -733.0000000000
7420 -732.0000000000
7435 -731.0000000000
7436 -730.0000000000
7448 -729.0000000000
7494 -728.0000000000
7555 -727.0000000000
7562 -726.0000000000
7564 -725.0000000000
7569 -724.0000000000
7609 -723.0000000000
7637 -722.0000000000
7647 -721.0000000000
7651 -720.0000000000
7665 -719.0000000000
7668 -716.0000000000
7685 -715.0000000000
7700 -714.0000000000
7715 -713.0000000000
7716 -712.0000000000
7717 -711.0000000000
7722 -710.0000000000
7730 -709.0000000000
7741 -708.0000000000
7743 -707.0000000000
7750 -706.0000000000
7751 -705.0000000000
7752 -703.0000000000
7767 -702.0000000000
7780 -701.0000000000
7836 -700.0000000000
7857 -699.0000000000
7862 -698.0000000000
7875 -697.0000000000
7879 -696.0000000000
7891 -695.0000000000
7893 -694.0000000000
7908 -693.0000000000
7910 -692.0000000000
7914 -691.0000000000
7922 -690.0000000000
7942 -689.0000000000
7959 -688.0000000000
7977 -687.0000000000
7993 -686.0000000000
8005 -685.0000000000
8006 -684.0000000000
8027 -681.0000000000
8043 -680.0000000000
8081 -679.0000000000
8109 -678.0000000000
8112 -677.0000000000
8131 -676.0000000000
8142 -675.0000000000
8145 -674.0000000000
8170 -673.0000000000
8218 -672.0000000000
8220 -671.0000000000
8229 -670.0000000000
8242 -669.0000000000
8245 -668.0000000000
8303 -667.0000000000
8309 -666.0000000000
8314 -665.0000000000
8328 -664.0000000000
8340 -663.0000000000
8343 -662.0000000000
8353 -661.0000000000
8359 -660.0000000000
8398 -659.0000000000
8420 -658.0000000000
8421 -657.0000000000
8423 -656.0000000000
8430 -655.0000000000
8435 -653.0000000000
8438 -652.0000000000
8446 -651.0000000000
8467 -650.0000000000
8488 -649.0000000000
8503 -648.0000000000
8507 -646.0000000000
8510 -645.0000000000
8533 -644.0000000000
8605 -643.0000000000
8633 -642.0000000000
8644 -641.0000000000
8646 -640.0000000000
8661 -639.0000000000
8672 -638.0000000000
8674 -636.0000000000
8688 -635.0000000000
8737 -634.0000000000
8739 -633.0000000000
8798 -632.0000000000
8807 -631.0000000000
8829 -630.0000000000
8838 -629.0000000000
8850 -628.0000000000
8912 -627.0000000000
8924 -626.0000000000
8935 -624.0000000000
8948 -623.0000000000
8951 -622.0000000000
8967 -621.0000000000
8971 -620.0000000000
8984 -619.0000000000
8985 -618.0000000000
9000 -617.0000000000
9021 -616.0000000000
9028 -615.0000000000
9042 -614.0000000000
9052 -612.0000000000
9058 -611.0000000000
9078 -610.0000000000
9102 -608.0000000000
9109 -607.0000000000
9117 -605.0000000000
9138 -604.0000000000
9159 -603.0000000000
9162 -602.0000000000
9163 -601.0000000000
9172 -600.0000000000
9181 -599.0000000000
9202 -598.0000000000
9205 -597.0000000000
9254 -596.0000000000
9261 -595.0000000000
9308 -594.0000000000
9311 -593.0000000000
9316 -592.0000000000
9344 -591.0000000000
9360 -590.0000000000
9367 -589.0000000000
9396 -588.0000000000
9413 -587.0000000000
9424 -586.0000000000
9441 -585.0000000000
9451 -584.0000000000
9537 -583.0000000000
9549 -582.0000000000
9560 -581.0000000000
9562 -580.0000000000
9570 -579.0000000000
9573 -578.0000000000
9574 -577.0000000000
9603 -576.0000000000
9604 -575.0000000000
9622 -574.0000000000
9627 -573.0000000000
9654 -572.0000000000
9664 -571.0000000000
9697 -570.0000000000
9719 -569.0000000000
9750 -568.0000000000
9751 -567.0000000000
9774 -566.0000000000
9778 -565.0000000000
9792 -564.0000000000
9798 -563.0000000000
9808 -562.0000000000
9815 -561.0000000000
9843 -560.0000000000
9849 -559.0000000000
9854 -558.0000000000
9883 -557.0000000000
9890 -556.0000000000
9900 -555.0000000000
9949 -553.0000000000
9964 -552.0000000000
9984 -551.0000000000
10000 -551.0000000000
evaluations raw_y
1 -2014.0000000000
7 -2013.0000000000
13 -2012.0000000000
14 -2011.0000000000
16 -2009.0000000000
19 -2007.0000000000
27 -2006.0000000000
37 -2005.0000000000
40 -2003.0000000000
48 -2002.0000000000
53 -2000.0000000000
59 -1999.0000000000
62 -1997.0000000000
64 -1996.0000000000
66 -1995.0000000000
67 -1994.0000000000
73 -1993.0000000000
75 -1992.0000000000
77 -1991.0000000000
80 -1990.0000000000
83 -1989.0000000000
85 -1988.0000000000
89 -1987.0000000000
98 -1986.0000000000
102 -1984.0000000000
106 -1983.0000000000
109 -1982.0000000000
117 -1981.0000000000
120 -1980.0000000000
121 -1979.0000000000
123 -1978.0000000000
124 -1977.0000000000
134 -1976.0000000000
143 -1975.0000000000
147 -1974.0000000000
154 -1972.0000000000
157 -1971.0000000000
158 -1969.0000000000
160 -1968.0000000000
163 -1966.0000000000
172 -1965.0000000000
173 -1964.0000000000
176 -1963.0000000000
180 -1961.0000000000
183 -1960.0000000000
188 -1958.0000000000
199 -1956.0000000000
200 -1955.0000000000
202 -1954.0000000000
205 -1953.0000000000
207 -1952.0000000000
208 -1951.0000000000
210 -1950.0000000000
213 -1949.0000000000
217 -1948.0000000000
218 -1947.0000000000
225 -1946.0000000000
227 -1945.0000000000
228 -1944.0000000000
232 -1943.0000000000
233 -1942.0000000000
239 -1941.0000000000
242 -1940.0000000000
249 -1939.0000000000
256 -1938.0000000000
257 -1937.0000000000
258 -1936.0000000000
262 -1935.0000000000
265 -1932.0000000000
267 -1930.0000000000
269 -1927.0000000000
274 -1926.0000000000
275 -1924.0000000000
277 -1923.0000000000
286 -1922.0000000000
287 -1921.0000000000
294 -1920.0000000000
295 -1917.0000000000
296 -1915.0000000000
300 -1914.0000000000
318 -1913.0000000000
319 -1912.0000000000
322 -1911.0000000000
325 -1909.0000000000
327 -1908.0000000000
334 -1906.0000000000
337 -1905.0000000000
338 -1902.0000000000
339 -1901.0000000000
348 -1900.0000000000
349 -1899.0000000000
352 -1898.0000000000
355 -1897.0000000000
356 -1894.0000000000
359 -1893.0000000000
360 -1892.0000000000
363 -1891.0000000000
366 -1890.0000000000
372 -1889.0000000000
375 -1888.0000000000
376 -1887.0000000000
378 -1886.0000000000
382 -1885.0000000000
385 -1884.0000000000
393 -1883.0000000000
394 -1882.0000000000
395 -1881.0000000000
405 -1880.0000000000
411 -1879.0000000000
424 -1878.0000000000
427 -1877.0000000000
430 -1874.0000000000
433 -1873.0000000000
434 -1872.0000000000
452 -1871.0000000000
454 -1870.0000000000
458 -1869.0000000000
461 -1868.0000000000
464 -1867.0000000000
502 -1866.0000000000
503 -1865.0000000000
506 -1863.0000000000
508 -1862.0000000000
512 -1860.0000000000
517 -1859.0000000000
526 -1858.0000000000
528 -1857.0000000000
529 -1855.0000000000
531 -1854.0000000000
535 -1853.0000000000
538 -1852.0000000000
539 -1850.0000000000
540 -1849.0000000000
541 -1848.0000000000
543 -1847.0000000000
545 -1846.0000000000
546 -1845.0000000000
548 -1844.0000000000
566 -1843.0000000000
571 -1842.0000000000
574 -1841.0000000000
575 -1839.0000000000
581 -1838.0000000000
582 -1837.0000000000
583 -1836.0000000000
586 -1835.0000000000
589 -1833.0000000000
590 -1832.0000000000
598 -1830.0000000000
601 -1829.0000000000
605 -1826.0000000000
606 -1825.0000000000
607 -1823.0000000000
613 -1822.0000000000
620 -1821.0000000000
625 -1820.0000000000
626 -1818.0000000000
631 -1816.0000000000
635 -1815.0000000000
643 -1814.0000000000
646 -1813.0000000000
648 -1812.0000000000
657 -1811.0000000000
660 -1810.0000000000
661 -1808.0000000000
663 -1807.0000000000
669 -1806.0000000000
676 -1805.0000000000
687 -1804.0000000000
699 -1803.0000000000
704 -1802.0000000000
711 -1801.0000000000
712 -1800.0000000000
714 -1799.0000000000
716 -1797.0000000000
730 -1796.0000000000
736 -1795.0000000000
737 -1794.0000000000
741 -1792.0000000000
742 -1790.0000000000
743 -1788.0000000000
745 -1787.0000000000
757 -1786.0000000000
760 -1785.0000000000
762 -1784.0000000000
771 -1783.0000000000
773 -1782.0000000000
776 -1781.0000000000
784 -1779.0000000000
787 -1777.0000000000
791 -1776.0000000000
795 -1775.0000000000
809 -1774.0000000000
812 -1773.0000000000
813 -1771.0000000000
824 -1770.0000000000
827 -1769.0000000000
832 -1768.0000000000
842 -1767.0000000000
844 -1766.0000000000
845 -1765.0000000000
847 -1763.0000000000
853 -1762.0000000000
855 -1760.0000000000
863 -1759.0000000000
864 -1758.0000000000
869 -1757.0000000000
871 -1756.0000000000
874 -1755.0000000000
877 -1754.0000000000
895 -1753.0000000000
898 -1751.0000000000
899 -1750.0000000000
901 -1749.0000000000
904 -1748.0000000000
907 -1747.0000000000
911 -1746.0000000000
912 -1745.0000000000
917 -1744.0000000000
920 -1743.0000000000
921 -1742.0000000000
926 -1740.0000000000
927 -1739.0000000000
933 -1738.0000000000
934 -1737.0000000000
937 -1735.0000000000
941 -1734.0000000000
944 -1733.0000000000
945 -1732.0000000000
948 -1731.0000000000
950 -1729.0000000000
955 -1728.0000000000
956 -1727.0000000000
966 -1726.0000000000
969 -1724.0000000000
975 -1723.0000000000
977 -1722.0000000000
980 -1720.0000000000
983 -1718.0000000000
990 -1717.0000000000
995 -1716.0000000000
997 -1715.0000000000
1003 -1714.0000000000
1004 -1712.0000000000
1011 -1711.0000000000
1013 -1709.0000000000
1017 -1708.0000000000
1018 -1707.0000000000
1019 -1706.0000000000
1021 -1705.0000000000
1024 -1704.0000000000
1025 -1703.0000000000
1031 -1702.0000000000
1038 -1701.0000000000
1039 -1700.0000000000
1041 -1698.0000000000
1045 -1697.0000000000
1046 -1696.0000000000
1060 -1695.0000000000
1061 -1694.0000000000
1065 -1693.0000000000
1069 -1692.0000000000
1080 -1691.0000000000
1090 -1690.0000000000
1094 -1689.0000000000
1095 -1688.0000000000
1108 -1686.0000000000
1112 -1685.0000000000
1120 -1683.0000000000
1127 -1682.0000000000
1129 -1681.0000000000
1142 -1679.0000000000
1147 -1678.0000000000
1155 -1676.0000000000
1157 -1675.0000000000
1162 -1674.0000000000
1165 -1673.0000000000
1166 -1672.0000000000
1167 -1670.0000000000
1169 -1669.0000000000
1170 -1667.0000000000
1172 -1666.0000000000
1175 -1665.0000000000
1179 -1664.0000000000
1186 -1663.0000000000
1188 -1661.0000000000
1193 -1660.0000000000
1195 -1659.0000000000
1199 -1658.0000000000
1203 -1657.0000000000
1208 -1656.0000000000
1210 -1655.0000000000
1215 -1654.0000000000
1218 -1653.0000000000
1224 -1652.0000000000
1232 -1651.0000000000
1235 -1650.0000000000
1240 -1649.0000000000
1244 -1648.0000000000
1245 -1647.0000000000
1265 -1645.0000000000
1270 -1644.0000000000
1273 -1643.0000000000
1278 -1642.0000000000
1282 -1641.0000000000
1284 -1640.0000000000
1286 -1639.0000000000
1288 -1638.0000000000
1299 -1637.0000000000
1306 -1635.0000000000
1307 -1634.0000000000
1309 -1633.0000000000
1313 -1631.0000000000
1314 -1630.0000000000
1316 -1628.0000000000
1317 -1627.0000000000
1322 -1626.0000000000
1323 -1624.0000000000
1337 -1623.0000000000
1338 -1622.0000000000
1339 -1621.0000000000
1341 -1620.0000000000
1344 -1619.0000000000
1352 -1618.0000000000
1355 -1617.0000000000
1361 -1616.0000000000
1365 -1615.0000000000
1366 -1614.0000000000
1379 -1613.0000000000
1380 -1612.0000000000
1381 -1611.0000000000
1391 -1610.0000000000
1392 -1608.0000000000
1412 -1607.0000000000
1424 -1606.0000000000
1426 -1605.0000000000
1427 -1604.0000000000
1429 -1602.0000000000
1433 -1601.0000000000
1435 -1600.0000000000
1438 -1599.0000000000
1442 -1598.0000000000
1444 -1597.0000000000
1446 -1596.0000000000
1448 -1595.0000000000
1450 -1594.0000000000
1455 -1593.0000000000
1465 -1592.0000000000
1466 -1591.0000000000
1467 -1590.0000000000
1468 -1587.0000000000
1470 -1586.0000000000
1471 -1585.0000000000
1475 -1584.0000000000
1477 -1583.0000000000
1482 -1581.0000000000
1484 -1580.0000000000
1488 -1578.0000000000
1497 -1577.0000000000
1500 -1576.0000000000
1506 -1575.0000000000
1515 -1574.0000000000
1516 -1573.0000000000
1518 -1572.0000000000
1520 -1571.0000000000
1541 -1570.0000000000
1552 -1569.0000000000
1561 -1568.0000000000
1571 -1566.0000000000
1574 -1565.0000000000
1577 -1564.0000000000
1582 -1563.0000000000
1588 -1562.0000000000
1590 -1561.0000000000
1592 -1560.0000000000
1602 -1559.0000000000
1607 -1558.0000000000
1610 -1557.0000000000
1612 -1556.0000000000
1614 -1555.0000000000
1619 -1554.0000000000
1621 -1553.0000000000
1627 -1552.0000000000
1629 -1551.0000000000
1635 -1550.0000000000
1647 -1549.0000000000
1660 -1548.0000000000
1661 -1547.0000000000
1663 -1546.0000000000
1665 -1545.0000000000
1666 -1544.0000000000
1668 -1543.0000000000
1675 -1542.0000000000
1688 -1541.0000000000
1699 -1540.0000000000
1707 -1539.0000000000
1712 -1538.0000000000
1715 -1537.0000000000
1716 -1536.0000000000
1717 -1535.0000000000
1720 -1532.0000000000
1723 -1530.0000000000
1733 -1529.0000000000
1743 -1527.0000000000
1749 -1526.0000000000
1750 -1523.0000000000
1762 -1522.0000000000
1770 -1520.0000000000
1774 -1519.0000000000
1778 -1518.0000000000
1780 -1517.0000000000
1781 -1515.0000000000
1782 -1513.0000000000
1784 -1512.0000000000
1805 -1511.0000000000
1807 -1510.0000000000
1819 -1509.0000000000
1825 -1507.0000000000
1831 -1506.0000000000
1834 -1505.0000000000
1841 -1504.0000000000
1845 -1503.0000000000
1850 -1502.0000000000
1866 -1501.0000000000
1868 -1500.0000000000
1869 -1498.0000000000
1871 -1496.0000000000
1884 -1495.0000000000
1889 -1494.0000000000
1893 -1493.0000000000
1917 -1492.0000000000
1922 -1490.0000000000
1925 -1489.0000000000
1944 -1488.0000000000
1945 -1487.0000000000
1952 -1486.0000000000
1956 -1485.0000000000
1961 -1484.0000000000
1964 -1483.0000000000
1968 -1482.0000000000
1971 -1480.0000000000
1974 -1478.0000000000
1981 -1477.0000000000
1982 -1475.0000000000
1987 -1474.0000000000
1989 -1473.0000000000
1990 -1472.0000000000
1995 -1470.0000000000
1997 -1468.0000000000
2004 -1467.0000000000
2009 -1466.0000000000
2012 -1465.0000000000
2015 -1464.0000000000
2021 -1463.0000000000
2026 -1462.0000000000
2029 -1461.0000000000
2035 -1460.0000000000
2039 -1459.0000000000
2040 -1458.0000000000
2045 -1457.0000000000
2048 -1456.0000000000
2055 -1455.0000000000
2059 -1453.0000000000
2060 -1452.0000000000
2062 -1450.0000000000
2063 -1449.0000000000
2074 -1448.0000000000
2075 -1447.0000000000
2079 -1445.0000000000
2093 -1444.0000000000
2098 -1442.0000000000
2106 -1440.0000000000
2110 -1439.0000000000
2112 -1438.0000000000
2121 -1437.0000000000
2125 -1436.0000000000
2128 -1435.0000000000
2137 -1434.0000000000
2139 -1433.0000000000
2147 -1432.0000000000
2148 -1431.0000000000
2156 -1430.0000000000
2171 -1429.0000000000
2181 -1428.0000000000
2188 -1427.0000000000
2193 -1426.0000000000
2194 -1425.0000000000
2200 -1424.0000000000
2201 -1423.0000000000
2202 -1421.0000000000
2205 -1420.0000000000
2223 -1418.0000000000
2224 -1417.0000000000
2228 -1416.0000000000
2229 -1414.0000000000
2230 -1413.0000000000
2240 -1411.0000000000
2241 -1410.0000000000
2251 -1408.0000000000
2255 -1407.0000000000
2266 -1406.0000000000
2271 -1405.0000000000
2274 -1404.0000000000
2282 -1403.0000000000
2283 -1402.0000000000
2288 -1401.0000000000
2292 -1399.0000000000
2300 -1397.0000000000
2302 -1396.0000000000
2311 -1395.0000000000
2315 -1394.0000000000
2321 -1393.0000000000
2331 -1392.0000000000
2333 -1391.0000000000
2335 -1390.0000000000
2344 -1389.0000000000
2346 -1388.0000000000
2350 -1387.0000000000
2360 -1386.0000000000
2370 -1384.0000000000
2374 -1383.0000000000
2376 -1382.0000000000
2387 -1380.0000000000
2412 -1379.0000000000
2414 -1378.0000000000
2418 -1377.0000000000
2423 -1376.0000000000
2427 -1375.0000000000
2429 -1374.0000000000
2433 -1373.0000000000
2444 -1372.0000000000
2448 -1371.0000000000
2459 -1370.0000000000
2470 -1369.0000000000
2487 -1368.0000000000
2489 -1366.0000000000
2495 -1365.0000000000
2496 -1364.0000000000
2505 -1363.0000000000
2523 -1361.0000000000
2526 -1360.0000000000
2528 -1359.0000000000
2543 -1358.0000000000
2544 -1357.0000000000
2567 -1356.0000000000
2575 -1355.0000000000
2588 -1354.0000000000
2591 -1353.0000000000
2593 -1352.0000000000
2598 -1351.0000000000
2599 -1350.0000000000
2606 -1349.0000000000
2608 -1348.0000000000
2612 -1347.0000000000
2616 -1346.0000000000
2619 -1345.0000000000
2625 -1344.0000000000
2627 -1343.0000000000
2629 -1341.0000000000
2631 -1340.0000000000
2637 -1336.0000000000
2641 -1335.0000000000
2650 -1334.0000000000
2652 -1333.0000000000
2661 -1332.0000000000
2668 -1331.0000000000
2673 -1330.0000000000
2675 -1329.0000000000
2678 -1328.0000000000
2682 -1327.0000000000
2687 -1326.0000000000
2689 -1325.0000000000
2692 -1324.0000000000
2698 -1323.0000000000
2700 -1320.0000000000
2703 -1319.0000000000
2710 -1318.0000000000
2716 -1316.0000000000
2717 -1315.0000000000
2718 -1314.0000000000
2744 -1313.0000000000
2745 -1312.0000000000
2746 -1310.0000000000
2750 -1309.0000000000
2751 -1308.0000000000
2754 -1307.0000000000
2760 -1306.0000000000
2763 -1304.0000000000
2768 -1303.0000000000
2777 -1302.0000000000
2784 -1299.0000000000
2791 -1297.0000000000
2802 -1296.0000000000
2806 -1294.0000000000
2807 -1293.0000000000
2808 -1291.0000000000
2809 -1290.0000000000
2810 -1289.0000000000
2813 -1288.0000000000
2818 -1286.0000000000
2824 -1285.0000000000
2830 -1284.0000000000
2838 -1282.0000000000
2840 -1281.0000000000
2841 -1280.0000000000
2843 -1279.0000000000
2844 -1278.0000000000
2847 -1277.0000000000
2870 -1275.0000000000
2876 -1274.0000000000
2882 -1273.0000000000
2885 -1272.0000000000
2892 -1271.0000000000
2920 -1270.0000000000
2922 -1269.0000000000
2925 -1268.0000000000
2931 -1267.0000000000
2957 -1266.0000000000
2964 -1265.0000000000
2965 -1264.0000000000
2973 -1263.0000000000
2980 -1262.0000000000
2983 -1261.0000000000
2989 -1260.0000000000
2993 -1259.0000000000
3005 -1258.0000000000
3010 -1257.0000000000
3016 -1255.0000000000
3023 -1254.0000000000
3034 -1253.0000000000
3042 -1252.0000000000
3044 -1251.0000000000
3054 -1249.0000000000
3059 -1247.0000000000
3061 -1246.0000000000
3065 -1245.0000000000
3072 -1243.0000000000
3077 -1241.0000000000
3081 -1240.0000000000
3090 -1239.0000000000
3098 -1236.0000000000
3099 -1235.0000000000
3123 -1234.0000000000
3127 -1233.0000000000
3135 -1231.0000000000
3147 -1229.0000000000
3159 -1228.0000000000
3160 -1227.0000000000
3161 -1226.0000000000
3162 -1225.0000000000
3163 -1224.0000000000
3164 -1223.0000000000
3179 -1222.0000000000
3184 -1221.0000000000
3188 -1220.0000000000
3191 -1218.0000000000
3196 -1217.0000000000
3205 -1214.0000000000
3213 -1212.0000000000
3214 -1211.0000000000
3219 -1210.0000000000
3220 -1209.0000000000
3229 -1208.0000000000
3232 -1207.0000000000
3238 -1206.0000000000
3246 -1205.0000000000
3250 -1204.0000000000
3257 -1201.0000000000
3260 -1199.0000000000
3278 -1197.0000000000
3285 -1195.0000000000
3288 -1194.0000000000
3292 -1193.0000000000
3303 -1192.0000000000
3318 -1191.0000000000
3333 -1190.0000000000
3342 -1189.0000000000
3352 -1188.0000000000
3376 -1187.0000000000
3386 -1185.0000000000
3399 -1184.0000000000
3403 -1183.0000000000
3423 -1182.0000000000
3425 -1181.0000000000
3432 -1180.0000000000
3445 -1179.0000000000
3454 -1178.0000000000
3456 -1177.0000000000
3459 -1176.0000000000
3461 -1175.0000000000
3471 -1174.0000000000
3475 -1173.0000000000
3493 -1172.0000000000
3506 -1171.0000000000
3523 -1170.0000000000
3553 -1169.0000000000
3555 -1168.0000000000
3559 -1167.0000000000
3572 -1166.0000000000
3576 -1165.0000000000
3580 -1164.0000000000
3581 -1162.0000000000
3587 -1161.0000000000
3601 -1160.0000000000
3602 -1159.0000000000
3606 -1157.0000000000
3609 -1155.0000000000
3611 -1154.0000000000
3629 -1153.0000000000
3632 -1151.0000000000
3634 -1150.0000000000
3636 -1148.0000000000
3645 -1147.0000000000
3647 -1146.0000000000
3660 -1145.0000000000
3664 -1144.0000000000
3666 -1143.0000000000
3683 -1142.0000000000
3692 -1141.0000000000
3701 -1140.0000000000
3724 -1139.0000000000
3728 -1138.0000000000
3732 -1137.0000000000
3751 -1136.0000000000
3758 -1135.0000000000
3763 -1133.0000000000
3774 -1132.0000000000
3776 -1131.0000000000
3787 -1130.0000000000
3789 -1129.0000000000
3812 -1127.0000000000
3814 -1124.0000000000
3821 -1122.0000000000
3855 -1121.0000000000
3872 -1119.0000000000
3876 -1118.0000000000
3881 -1117.0000000000
3882 -1115.0000000000
3883 -1114.0000000000
3888 -1113.0000000000
3889 -1111.0000000000
3892 -1110.0000000000
3898 -1109.0000000000
3906 -1108.0000000000
3912 -1107.0000000000
3922 -1106.0000000000
3926 -1105.0000000000
3928 -1104.0000000000
3932 -1103.0000000000
3934 -1102.0000000000
3939 -1101.0000000000
3955 -1100.0000000000
3968 -1098.0000000000
3976 -1097.0000000000
3977 -1096.0000000000
3985 -1095.0000000000
3995 -1094.0000000000
4005 -1093.0000000000
4006 -1092.0000000000
4009 -1091.0000000000
4038 -1090.0000000000
4046 -1089.0000000000
4049 -1088.0000000000
4071 -1087.0000000000
4076 -1086.0000000000
4083 -1085.0000000000
4092 -1084.0000000000
4107 -1083.0000000000
4110 -1082.0000000000
4113 -1081.0000000000
4114 -1080.0000000000
4117 -1079.0000000000
4136 -1077.0000000000
4141 -1076.0000000000
4144 -1075.0000000000
4151 -1074.0000000000
4202 -1073.0000000000
4203 -1072.0000000000
4213 -1071.0000000000
4228 -1070.0000000000
4236 -1069.0000000000
4244 -1068.0000000000
4266 -1067.0000000000
4274 -1066.0000000000
4277 -1065.0000000000
4282 -1064.0000000000
4304 -1063.0000000000
4308 -1062.0000000000
4314 -1061.0000000000
4325 -1060.0000000000
4338 -1059.0000000000
4341 -1058.0000000000
4344 -1057.0000000000
4354 -1056.0000000000
4361 -1055.0000000000
4365 -1054.0000000000
4368 -1053.0000000000
4379 -1052.0000000000
4388 -1051.0000000000
4390 -1050.0000000000
4400 -1049.0000000000
4416 -1047.0000000000
4440 -1046.0000000000
4454 -1045.0000000000
4456 -1042.0000000000
4460 -1041.0000000000
4468 -1040.0000000000
4497 -1039.0000000000
4529 -1038.0000000000
4552 -1037.0000000000
4555 -1036.0000000000
4560 -1035.0000000000
4563 -1034.0000000000
4564 -1033.0000000000
4571 -1032.0000000000
4572 -1031.0000000000
4577 -1030.0000000000
4589 -1029.0000000000
4625 -1028.0000000000
4629 -1027.0000000000
4641 -1026.0000000000
4643 -1025.0000000000
4644 -1024.0000000000
4645 -1023.0000000000
4657 -1022.0000000000
4658 -1021.0000000000
4665 -1020.0000000000
4681 -1019.0000000000
4690 -1018.0000000000
4705 -1017.0000000000
4714 -1016.0000000000
4720 -1015.0000000000
4729 -1014.0000000000
4731 -1013.0000000000
4741 -1012.0000000000
4745 -1011.0000000000
4753 -1010.0000000000
4754 -1009.0000000000
4761 -1008.0000000000
4763 -1007.0000000000
4772 -1006.0000000000
4794 -1005.0000000000
4798 -1004.0000000000
4815 -1003.0000000000
4819 -1002.0000000000
4833 -1001.0000000000
4845 -1000.0000000000
4846 -999.0000000000
4856 -998.0000000000
4858 -996.0000000000
4860 -995.0000000000
4876 -994.0000000000
4893 -993.0000000000
4906 -992.0000000000
4919 -991.0000000000
4936 -990.0000000000
4950 -989.0000000000
4969 -987.0000000000
4979 -986.0000000000
4996 -985.0000000000
4997 -984.0000000000
4999 -983.0000000000
5004 -982.0000000000
5020 -981.0000000000
5042 -980.0000000000
5048 -979.0000000000
5066 -978.0000000000
5067 -977.0000000000
5075 -976.0000000000
5085 -975.0000000000
5094 -974.0000000000
5098 -973.0000000000
5103 -972.0000000000
5104 -971.0000000000
5107 -970.0000000000
5122 -968.0000000000
5123 -967.0000000000
5126 -966.0000000000
5137 -965.0000000000
5138 -964.0000000000
5140 -963.0000000000
5147 -961.0000000000
5156 -960.0000000000
5196 -959.0000000000
5199 -958.0000000000
5207 -957.0000000000
5218 -955.0000000000
5222 -954.0000000000
5225 -953.0000000000
5226 -952.0000000000
5230 -951.0000000000
5232 -949.0000000000
5241 -948.0000000000
5269 -947.0000000000
5278 -946.0000000000
5281 -945.0000000000
5283 -944.0000000000
5303 -943.0000000000
5320 -942.0000000000
5327 -941.0000000000
5335 -940.0000000000
5363 -939.0000000000
5366 -938.0000000000
5388 -937.0000000000
5396 -936.0000000000
5403 -935.0000000000
5428 -933.0000000000
5431 -932.0000000000
5453 -931.0000000000
5456 -930.0000000000
5490 -929.0000000000
5493 -928.0000000000
5531 -927.0000000000
5538 -926.0000000000
5543 -925.0000000000
5544 -924.0000000000
5553 -923.0000000000
5560 -922.0000000000
5565 -921.0000000000
5566 -920.0000000000
5570 -919.0000000000
5581 -918.0000000000
5589 -917.0000000000
5608 -916.0000000000
5612 -915.0000000000
5615 -914.0000000000
5622 -913.0000000000
5639 -912.0000000000
5660 -911.0000000000
5661 -909.0000000000
5667 -908.0000000000
5670 -907.0000000000
5682 -906.0000000000
5685 -904.0000000000
5686 -903.0000000000
5688 -902.0000000000
5689 -901.0000000000
5693 -899.0000000000
5704 -898.0000000000
5705 -897.0000000000
5719 -896.0000000000
5722 -895.0000000000
5725 -894.0000000000
5731 -893.0000000000
5775 -892.0000000000
5785 -891.0000000000
5825 -889.0000000000
5827 -888.0000000000
5856 -887.0000000000
5867 -886.0000000000
5873 -885.0000000000
5887 -884.0000000000
5896 -883.0000000000
5898 -882.0000000000
5904 -881.0000000000
5906 -880.0000000000
5907 -879.0000000000
5912 -878.0000000000
5931 -877.0000000000
5932 -876.0000000000
5933 -875.0000000000
5934 -873.0000000000
5961 -872.0000000000
5964 -871.0000000000
5984 -870.0000000000
5993 -869.0000000000
5999 -868.0000000000
6002 -866.0000000000
6004 -865.0000000000
6010 -864.0000000000
6026 -863.0000000000
6033 -862.0000000000
6036 -861.0000000000
6047 -860.0000000000
6066 -859.0000000000
6070 -858.0000000000
6095 -857.0000000000
6111 -856.0000000000
6126 -855.0000000000
6129 -854.0000000000
6132 -853.0000000000
6135 -852.0000000000
6147 -851.0000000000
6154 -849.0000000000
6158 -848.0000000000
6170 -847.0000000000
6194 -845.0000000000
6196 -844.0000000000
6203 -843.0000000000
6207 -842.0000000000
6208 -840.0000000000
6211 -839.0000000000
6212 -838.0000000000
6235 -837.0000000000
6252 -835.0000000000
6257 -834.0000000000
6277 -833.0000000000
6286 -832.0000000000
6289 -831.0000000000
6306 -830.0000000000
6307 -829.0000000000
6311 -828.0000000000
6323 -827.0000000000
6386 -826.0000000000
6393 -825.0000000000
6407 -824.0000000000
6413 -823.0000000000
6416 -822.0000000000
6420 -821.0000000000
6427 -820.0000000000
6443 -819.0000000000
6454 -818.0000000000
6459 -817.0000000000
6461 -815.0000000000
6463 -814.0000000000
6480 -813.0000000000
6519 -812.0000000000
6554 -811.0000000000
6563 -810.0000000000
6568 -809.0000000000
6576 -808.0000000000
6586 -807.0000000000
6609 -806.0000000000
6613 -805.0000000000
6630 -804.0000000000
6639 -803.0000000000
6640 -802.0000000000
6645 -801.0000000000
6647 -800.0000000000
6651 -799.0000000000
6652 -798.0000000000
6653 -797.0000000000
6655 -796.0000000000
6677 -795.0000000000
6690 -794.0000000000
6719 -793.0000000000
6741 -792.0000000000
6744 -791.0000000000
6766 -790.0000000000
6774 -789.0000000000
6786 -788.0000000000
6805 -787.0000000000
6807 -786.0000000000
6811 -784.0000000000
6832 -783.0000000000
6841 -782.0000000000
6842 -781.0000000000
6845 -780.0000000000
6846 -779.0000000000
6850 -778.0000000000
6853 -777.0000000000
6857 -774.0000000000
6860 -772.0000000000
6874 -771.0000000000
6885 -770.0000000000
6901 -769.0000000000
6916 -768.0000000000
6935 -767.0000000000
6946 -766.0000000000
6957 -765.0000000000
6970 -764.0000000000
6982 -763.0000000000
6987 -762.0000000000
7005 -761.0000000000
7023 -760.0000000000
7039 -759.0000000000
7043 -758.0000000000
7044 -757.0000000000
7048 -756.0000000000
7051 -755.0000000000
7074 -754.0000000000
7097 -753.0000000000
7103 -752.0000000000
7117 -751.0000000000
7118 -750.0000000000
7125 -749.0000000000
7128 -748.0000000000
7130 -747.0000000000
7142 -746.0000000000
7145 -744.0000000000
7150 -743.0000000000
7165 -742.0000000000
7168 -741.0000000000
7183 -740.0000000000
7188 -739.0000000000
7197 -738.0000000000
7258 -737.0000000000
7265 -736.0000000000
7279 -735.0000000000
7293 -734.0000000000
7302 -733.0000000000
7305 -732.0000000000
7321 -731.0000000000
7323 -730.0000000000
7326 -729.0000000000
7328 -728.0000000000
7340 -727.0000000000
7385 -726.0000000000
7432 -725.0000000000
7433 -724.0000000000
7440 -723.0000000000
7448 -722.0000000000
7459 -721.0000000000
7464 -720.0000000000
7473 -719.0000000000
7485 -718.0000000000
7501 -717.0000000000
7523 -716.0000000000
7527 -715.0000000000
7535 -713.0000000000
7563 -712.0000000000
7590 -711.0000000000
7593 -710.0000000000
7617 -709.0000000000
7630 -708.0000000000
7631 -707.0000000000
7638 -705.0000000000
7652 -704.0000000000
7658 -703.0000000000
7697 -702.0000000000
7711 -701.0000000000
7714 -700.0000000000
7732 -699.0000000000
7771 -698.0000000000
7799 -696.0000000000
7805 -695.0000000000
7810 -694.0000000000
7817 -693.0000000000
7833 -692.0000000000
7839 -691.0000000000
7848 -690.0000000000
7851 -689.0000000000
7865 -688.0000000000
7873 -687.0000000000
7886 -686.0000000000
7893 -685.0000000000
7908 -684.0000000000
7910 -683.0000000000
7916 -682.0000000000
7930 -681.0000000000
7932 -680.0000000000
7976 -679.0000000000
8000 -678.0000000000
8015 -677.0000000000
8016 -676.0000000000
8030 -675.0000000000
8056 -674.0000000000
8062 -673.0000000000
8086 -672.0000000000
8087 -671.0000000000
8126 -669.0000000000
8137 -668.0000000000
8147 -667.0000000000
8153 -666.0000000000
8164 -665.0000000000
8187 -664.0000000000
8208 -663.0000000000
8239 -662.0000000000
8240 -661.0000000000
8244 -660.0000000000
8256 -659.0000000000
8258 -658.0000000000
8268 -657.0000000000
8283 -656.0000000000
8333 -655.0000000000
8351 -654.0000000000
8361 -653.0000000000
8362 -652.0000000000
8371 -651.0000000000
8383 -650.0000000000
8389 -649.0000000000
8397 -648.0000000000
8460 -647.0000000000
8463 -645.0000000000
8466 -644.0000000000
8488 -643.0000000000
8516 -642.0000000000
8528 -641.0000000000
8538 -640.0000000000
8543 -639.0000000000
8546 -638.0000000000
8551 -637.0000000000
8567 -636.0000000000
8593 -634.0000000000
8622 -633.0000000000
8629 -632.0000000000
8690 -631.0000000000
8702 -630.0000000000
8752 -629.0000000000
8761 -628.0000000000
8787 -626.0000000000
8809 -625.0000000000
8830 -624.0000000000
8842 -623.0000000000
8855 -622.0000000000
8858 -621.0000000000
8862 -620.0000000000
8884 -619.0000000000
8932 -618.0000000000
8953 -617.0000000000
8971 -616.0000000000
8973 -615.0000000000
9017 -614.0000000000
9034 -613.0000000000
9038 -611.0000000000
9057 -610.0000000000
9092 -609.0000000000
9095 -608.0000000000
9129 -607.0000000000
9135 -606.0000000000
9153 -605.0000000000
9162 -604.0000000000
9180 -603.0000000000
9183 -602.0000000000
9186 -601.0000000000
9195 -599.0000000000
9208 -598.0000000000
9257 -597.0000000000
9282 -596.0000000000
9346 -595.0000000000
9350 -594.0000000000
9371 -592.0000000000
9376 -591.0000000000
9385 -590.0000000000
9388 -589.0000000000
9437 -588.0000000000
9486 -587.0000000000
9489 -586.0000000000
9498 -585.0000000000
9502 -584.0000000000
9519 -583.0000000000
9533 -582.0000000000
9535 -581.0000000000
9539 -580.0000000000
9553 -579.0000000000
9555 -578.0000000000
9566 -577.0000000000
9574 -576.0000000000
9598 -575.0000000000
9645 -574.0000000000
9696 -573.0000000000
9697 -572.0000000000
9706 -571.0000000000
9743 -570.0000000000
9745 -569.0000000000
9756 -568.0000000000
9770 -567.0000000000
9782 -566.0000000000
9810 -565.0000000000
9811 -564.0000000000
9848 -563.0000000000
9862 -562.0000000000
9868 -561.0000000000
9877 -560.0000000000
9895 -559.0000000000
9897 -558.0000000000
9911 -557.0000000000
9914 -556.0000000000
9943 -555.0000000000
9952 -554.0000000000
9987 -553.0000000000
9989 -552.0000000000
9994 -551.0000000000
9996 -550.0000000000
9999 -549.0000000000
10000 -550.0000000000
evaluations raw_y
1 -1984.0000000000
2 -1983.0000000000
5 -1982.0000000000
8 -1980.0000000000
27 -1978.0000000000
29 -1977.0000000000
30 -1976.0000000000
33 -1975.0000000000
38 -1974.0000000000
39 -1973.0000000000
46 -1971.0000000000
49 -1970.0000000000
54 -1969.0000000000
58 -1968.0000000000
61 -1967.0000000000
64 -1966.0000000000
66 -1965.0000000000
71 -1963.0000000000
73 -1961.0000000000
75 -1960.0000000000
77 -1959.0000000000
82 -1958.0000000000
83 -1955.0000000000
84 -1954.0000000000
89 -1951.0000000000
97 -1950.0000000000
100 -1949.0000000000
115 -1948.0000000000
117 -1947.0000000000
120 -1946.0000000000
122 -1945.0000000000
125 -1944.0000000000
132 -1943.0000000000
133 -1942.0000000000
140 -1941.0000000000
144 -1940.0000000000
145 -1939.0000000000
146 -1938.0000000000
151 -1937.0000000000
154 -1936.0000000000
155 -1935.0000000000
161 -1934.0000000000
162 -1933.0000000000
163 -1932.0000000000
167 -1930.0000000000
168 -1929.0000000000
186 -1927.0000000000
191 -1926.0000000000
199 -1925.0000000000
201 -1924.0000000000
207 -1921.0000000000
212 -1918.0000000000
214 -1915.0000000000
224 -1914.0000000000
227 -1912.0000000000
228 -1911.0000000000
232 -1910.0000000000
235 -1909.0000000000
238 -1908.0000000000
258 -1906.0000000000
260 -1904.0000000000
262 -1903.0000000000
264 -1902.0000000000
265 -1900.0000000000
270 -1898.0000000000
272 -1896.0000000000
277 -1895.0000000000
278 -1893.0000000000
285 -1892.0000000000
286 -1891.0000000000
287 -1890.0000000000
293 -1889.0000000000
300 -1888.0000000000
310 -1887.0000000000
313 -1884.0000000000
320 -1883.0000000000
321 -1882.0000000000
326 -1881.0000000000
333 -1880.0000000000
336 -1879.0000000000
338 -1878.0000000000
339 -1876.0000000000
341 -1875.0000000000
343 -1874.0000000000
344 -1873.0000000000
349 -1871.0000000000
351 -1870.0000000000
356 -1869.0000000000
357 -1868.0000000000
360 -1867.0000000000
361 -1866.0000000000
362 -1865.0000000000
365 -1864.0000000000
366 -1863.0000000000
382 -1862.0000000000
387 -1861.0000000000
391 -1859.0000000000
393 -1858.0000000000
396 -1857.0000000000
398 -1856.0000000000
402 -1854.0000000000
407 -1853.0000000000
408 -1850.0000000000
411 -1849.0000000000
413 -1848.0000000000
415 -1847.0000000000
423 -1846.0000000000
425 -1845.0000000000
429 -1843.0000000000
438 -1841.0000000000
446 -1840.0000000000
447 -1839.0000000000
458 -1838.0000000000
470 -1837.0000000000
471 -1836.0000000000
473 -1833.0000000000
479 -1832.0000000000
484 -1831.0000000000
487 -1829.0000000000
492 -1828.0000000000
498 -1826.0000000000
499 -1824.0000000000
505 -1823.0000000000
507 -1822.0000000000
510 -1821.0000000000
518 -1819.0000000000
519 -1818.0000000000
521 -1817.0000000000
537 -1816.0000000000
539 -1815.0000000000
548 -1814.0000000000
549 -1813.0000000000
555 -1809.0000000000
560 -1808.0000000000
561 -1807.0000000000
562 -1806.0000000000
566 -1805.0000000000
568 -1804.0000000000
569 -1803.0000000000
573 -1802.0000000000
576 -1801.0000000000
580 -1799.0000000000
583 -1795.0000000000
593 -1794.0000000000
595 -1793.0000000000
596 -1792.0000000000
597 -1791.0000000000
602 -1790.0000000000
611 -1789.0000000000
615 -1788.0000000000
616 -1786.0000000000
620 -1785.0000000000
623 -1783.0000000000
624 -1781.0000000000
627 -1779.0000000000
629 -1778.0000000000
630 -1775.0000000000
631 -1774.0000000000
641 -1773.0000000000
649 -1772.0000000000
651 -1771.0000000000
652 -1769.0000000000
659 -1768.0000000000
663 -1767.0000000000
665 -1765.0000000000
666 -1764.0000000000
669 -1763.0000000000
677 -1762.0000000000
685 -1761.0000000000
686 -1760.0000000000
692 -1759.0000000000
694 -1758.0000000000
695 -1756.0000000000
696 -1755.0000000000
702 -1754.0000000000
704 -1752.0000000000
705 -1751.0000000000
710 -1750.0000000000
716 -1749.0000000000
718 -1748.0000000000
726 -1747.0000000000
742 -1745.0000000000
757 -1743.0000000000
758 -1742.0000000000
762 -1741.0000000000
772 -1740.0000000000
776 -1739.0000000000
777 -1737.0000000000
778 -1736.0000000000
780 -1735.0000000000
786 -1733.0000000000
789 -1732.0000000000
792 -1731.0000000000
793 -1730.0000000000
802 -1729.0000000000
804 -1728.0000000000
806 -1727.0000000000
810 -1726.0000000000
811 -1725.0000000000
814 -1724.0000000000
821 -1722.0000000000
823 -1721.0000000000
825 -1720.0000000000
831 -1719.0000000000
840 -1717.0000000000
841 -1716.0000000000
842 -1714.0000000000
848 -1712.0000000000
852 -1711.0000000000
855 -1710.0000000000
860 -1709.0000000000
865 -1708.0000000000
868 -1707.0000000000
870 -1706.0000000000
878 -1705.0000000000
881 -1704.0000000000
882 -1703.0000000000
886 -1702.0000000000
892 -1701.0000000000
894 -1700.0000000000
901 -1699.0000000000
903 -1698.0000000000
907 -1696.0000000000
911 -1695.0000000000
914 -1693.0000000000
916 -1692.0000000000
929 -1691.0000000000
935 -1690.0000000000
936 -1689.0000000000
940 -1688.0000000000
949 -1687.0000000000
956 -1686.0000000000
959 -1685.0000000000
963 -1683.0000000000
964 -1682.0000000000
967 -1681.0000000000
970 -1680.0000000000
972 -1679.0000000000
973 -1678.0000000000
975 -1677.0000000000
984 -1676.0000000000
1006 -1675.0000000000
1013 -1674.0000000000
1016 -1673.0000000000
1024 -1672.0000000000
1026 -1671.0000000000
1030 -1670.0000000000
1033 -1668.0000000000
1046 -1667.0000000000
1052 -1665.0000000000
1053 -1664.0000000000
1054 -1662.0000000000
1055 -1661.0000000000
1060 -1659.0000000000
1061 -1657.0000000000
1070 -1656.0000000000
1073 -1655.0000000000
1077 -1653.0000000000
1086 -1652.0000000000
1093 -1651.0000000000
1101 -1649.0000000000
1112 -1648.0000000000
1117 -1647.0000000000
1118 -1646.0000000000
1119 -1645.0000000000
1125 -1644.0000000000
1137 -1643.0000000000
1145 -1642.0000000000
1146 -1641.0000000000
1148 -1639.0000000000
1154 -1638.0000000000
1155 -1637.0000000000
1158 -1636.0000000000
1161 -1635.0000000000
1164 -1634.0000000000
1168 -1633.0000000000
1175 -1632.0000000000
1182 -1631.0000000000
1184 -1630.0000000000
1185 -1629.0000000000
1195 -1628.0000000000
1197 -1627.0000000000
1203 -1626.0000000000
1211 -1625.0000000000
1212 -1624.0000000000
1227 -1623.0000000000
1232 -1622.0000000000
1236 -1621.0000000000
1237 -1620.0000000000
1238 -1619.0000000000
1241 -1618.0000000000
1246 -1617.0000000000
1247 -1616.0000000000
1249 -1615.0000000000
1256 -1614.0000000000
1257 -1613.0000000000
1262 -1612.0000000000
1263 -1611.0000000000
1265 -1609.0000000000
1267 -1608.0000000000
1274 -1607.0000000000
1277 -1604.0000000000
1280 -1603.0000000000
1287 -1602.0000000000
1289 -1601.0000000000
1292 -1599.0000000000
1296 -1598.0000000000
1299 -1597.0000000000
1300 -1595.0000000000
1310 -1594.0000000000
1311 -1593.0000000000
1318 -1592.0000000000
1321 -1591.0000000000
1332 -1590.0000000000
1334 -1589.0000000000
1345 -1588.0000000000
1352 -1587.0000000000
1353 -1586.0000000000
1356 -1583.0000000000
1362 -1582.0000000000
1365 -1581.0000000000
1366 -1580.0000000000
1381 -1578.0000000000
1383 -1577.0000000000
1394 -1576.0000000000
1409 -1575.0000000000
1411 -1574.0000000000
1413 -1573.0000000000
1424 -1572.0000000000
1432 -1571.0000000000
1434 -1570.0000000000
1437 -1569.0000000000
1439 -1568.0000000000
1443 -1567.0000000000
1452 -1565.0000000000
1453 -1564.0000000000
1455 -1563.0000000000
1456 -1562.0000000000
1458 -1561.0000000000
1463 -1560.0000000000
1477 -1558.0000000000
1481 -1557.0000000000
1484 -1556.0000000000
1492 -1555.0000000000
1496 -1553.0000000000
1499 -1552.0000000000
1514 -1550.0000000000
1521 -1549.0000000000
1523 -1548.0000000000
1526 -1547.0000000000
1534 -1546.0000000000
1539 -1545.0000000000
1540 -1544.0000000000
1542 -1543.0000000000
1546 -1542.0000000000
1551 -1541.0000000000
1553 -1540.0000000000
1554 -1539.0000000000
1557 -1537.0000000000
1558 -1536.0000000000
1566 -1534.0000000000
1568 -1533.0000000000
1571 -1532.0000000000
1572 -1531.0000000000
1575 -1530.0000000000
1577 -1529.0000000000
1578 -1528.0000000000
1580 -1527.0000000000
1588 -1526.0000000000
1589 -1525.0000000000
1595 -1524.0000000000
1603 -1523.0000000000
1614 -1522.0000000000
1615 -1521.0000000000
1619 -1520.0000000000
1620 -1518.0000000000
1627 -1517.0000000000
1629 -1516.0000000000
1631 -1515.0000000000
1641 -1514.0000000000
1642 -1513.0000000000
1646 -1512.0000000000
1650 -1511.0000000000
1653 -1510.0000000000
1654 -1509.0000000000
1656 -1508.0000000000
1664 -1507.0000000000
1665 -1506.0000000000
1669 -1505.0000000000
1677 -1504.0000000000
1679 -1503.0000000000
1680 -1502.0000000000
1682 -1500.0000000000
1683 -1498.0000000000
1688 -1497.0000000000
1700 -1496.0000000000
1703 -1495.0000000000
1719 -1494.0000000000
1730 -1493.0000000000
1732 -1492.0000000000
1734 -1490.0000000000
1738 -1489.0000000000
1740 -1488.0000000000
1754 -1487.0000000000
1755 -1486.0000000000
1757 -1485.0000000000
1759 -1482.0000000000
1763 -1481.0000000000
1765 -1480.0000000000
1775 -1479.0000000000
1781 -1478.0000000000
1796 -1477.0000000000
1806 -1476.0000000000
1807 -1475.0000000000
1809 -1474.0000000000
1813 -1473.0000000000
1819 -1472.0000000000
1831 -1470.0000000000
1838 -1469.0000000000
1849 -1468.0000000000
1850 -1465.0000000000
1853 -1463.0000000000
1861 -1462.0000000000
1872 -1461.0000000000
1876 -1459.0000000000
1884 -1458.0000000000
1885 -1456.0000000000
1887 -1455.0000000000
1896 -1454.0000000000
1898 -1453.0000000000
1901 -1452.0000000000
1904 -1451.0000000000
1909 -1450.0000000000
1919 -1449.0000000000
1924 -1448.0000000000
1926 -1447.0000000000
1932 -1446.0000000000
1933 -1445.0000000000
1937 -1444.0000000000
1939 -1443.0000000000
1951 -1442.0000000000
1952 -1441.0000000000
1960 -1439.0000000000
1966 -1438.0000000000
1972 -1437.0000000000
1976 -1436.0000000000
1979 -1435.0000000000
1987 -1433.0000000000
1990 -1432.0000000000
1991 -1431.0000000000
1994 -1430.0000000000
1997 -1429.0000000000
2012 -1428.0000000000
2015 -1427.0000000000
2016 -1426.0000000000
2018 -1425.0000000000
2035 -1424.0000000000
2036 -1423.0000000000
2037 -1422.0000000000
2038 -1421.0000000000
2039 -1420.0000000000
2052 -1418.0000000000
2053 -1415.0000000000
2054 -1414.0000000000
2064 -1413.0000000000
2080 -1412.0000000000
2082 -1410.0000000000
2083 -1409.0000000000
2084 -1407.0000000000
2093 -1406.0000000000
2100 -1405.0000000000
2103 -1404.0000000000
2105 -1403.0000000000
2123 -1402.0000000000
2137 -1401.0000000000
2152 -1400.0000000000
2162 -1399.0000000000
2166 -1398.0000000000
2179 -1397.0000000000
2181 -1396.0000000000
2191 -1395.0000000000
2208 -1394.0000000000
2216 -1392.0000000000
2227 -1391.0000000000
2231 -1390.0000000000
2235 -1389.0000000000
2238 -1387.0000000000
2242 -1386.0000000000
2249 -1385.0000000000
2260 -1384.0000000000
2265 -1383.0000000000
2281 -1382.0000000000
2296 -1381.0000000000
2297 -1380.0000000000
2308 -1378.0000000000
2313 -1375.0000000000
2316 -1374.0000000000
2330 -1373.0000000000
2335 -1372.0000000000
2337 -1370.0000000000
2339 -1369.0000000000
2345 -1368.0000000000
2349 -1367.0000000000
2352 -1366.0000000000
2354 -1365.0000000000
2356 -1364.0000000000
2357 -1363.0000000000
2368 -1361.0000000000
2377 -1360.0000000000
2379 -1359.0000000000
2401 -1358.0000000000
2403 -1357.0000000000
2411 -1355.0000000000
2420 -1354.0000000000
2429 -1353.0000000000
2437 -1351.0000000000
2444 -1350.0000000000
2451 -1349.0000000000
2460 -1348.0000000000
2465 -1347.0000000000
2480 -1346.0000000000
2490 -1345.0000000000
2493 -1344.0000000000
2506 -1343.0000000000
2512 -1341.0000000000
2513 -1340.0000000000
2516 -1339.0000000000
2523 -1338.0000000000
2529 -1337.0000000000
2534 -1336.0000000000
2548 -1335.0000000000
2568 -1334.0000000000
2576 -1333.0000000000
2588 -1332.0000000000
2590 -1331.0000000000
2594 -1330.0000000000
2595 -1329.0000000000
2601 -1328.0000000000
2602 -1327.0000000000
2607 -1326.0000000000
2608 -1325.0000000000
2611 -1324.0000000000
2622 -1323.0000000000
2626 -1322.0000000000
2638 -1321.0000000000
2650 -1320.0000000000
2652 -1319.0000000000
2657 -1318.0000000000
2662 -1316.0000000000
2664 -1315.0000000000
2672 -1314.0000000000
2687 -1313.0000000000
2692 -1312.0000000000
2709 -1311.0000000000
2710 -1310.0000000000
2713 -1309.0000000000
2726 -1308.0000000000
2731 -1307.0000000000
2736 -1306.0000000000
2737 -1305.0000000000
2738 -1304.0000000000
2742 -1303.0000000000
2744 -1302.0000000000
2746 -1301.0000000000
2747 -1300.0000000000
2748 -1299.0000000000
2752 -1298.0000000000
2754 -1297.0000000000
2756 -1296.0000000000
2757 -1294.0000000000
2759 -1293.0000000000
2761 -1292.0000000000
2767 -1291.0000000000
2773 -1290.0000000000
2775 -1289.0000000000
2787 -1288.0000000000
2794 -1287.0000000000
2800 -1286.0000000000
2806 -1285.0000000000
2807 -1283.0000000000
2835 -1282.0000000000
2839 -1281.0000000000
2842 -1280.0000000000
2843 -1279.0000000000
2846 -1278.0000000000
2855 -1277.0000000000
2856 -1276.0000000000
2860 -1275.0000000000
2862 -1274.0000000000
2869 -1273.0000000000
2871 -1272.0000000000
2872 -1271.0000000000
2878 -1270.0000000000
2880 -1269.0000000000
2881 -1268.0000000000
2884 -1267.0000000000
2890 -1266.0000000000
2892 -1265.0000000000
2899 -1264.0000000000
2904 -1263.0000000000
2908 -1262.0000000000
2915 -1261.0000000000
2937 -1260.0000000000
2942 -1259.0000000000
2948 -1258.0000000000
2954 -1257.0000000000
2959 -1255.0000000000
2960 -1254.0000000000
2961 -1253.0000000000
2974 -1252.0000000000
2976 -1251.0000000000
2988 -1250.0000000000
3007 -1248.0000000000
3016 -1247.0000000000
3046 -1246.0000000000
3050 -1245.0000000000
3064 -1244.0000000000
3071 -1243.0000000000
3072 -1241.0000000000
3093 -1240.0000000000
3096 -1239.0000000000
3104 -1238.0000000000
3105 -1237.0000000000
3106 -1236.0000000000
3112 -1234.0000000000
3124 -1233.0000000000
3129 -1232.0000000000
3130 -1231.0000000000
3132 -1230.0000000000
3138 -1229.0000000000
3139 -1228.0000000000
3140 -1227.0000000000
3150 -1226.0000000000
3156 -1225.0000000000
3164 -1224.0000000000
3165 -1223.0000000000
3167 -1222.0000000000
3184 -1220.0000000000
3197 -1219.0000000000
3206 -1218.0000000000
3208 -1217.0000000000
3211 -1216.0000000000
3239 -1215.0000000000
3256 -1214.0000000000
3261 -1213.0000000000
3265 -1212.0000000000
3272 -1211.0000000000
3276 -1210.0000000000
3277 -1209.0000000000
3301 -1208.0000000000
3303 -1206.0000000000
3305 -1205.0000000000
3307 -1204.0000000000
3333 -1203.0000000000
3337 -1201.0000000000
3345 -1200.0000000000
3361 -1199.0000000000
3367 -1197.0000000000
3377 -1196.0000000000
3383 -1194.0000000000
3390 -1193.0000000000
3401 -1192.0000000000
3404 -1191.0000000000
3409 -1189.0000000000
3428 -1188.0000000000
3437 -1187.0000000000
3447 -1186.0000000000
3455 -1185.0000000000
3463 -1184.0000000000
3465 -1183.0000000000
3476 -1182.0000000000
3480 -1181.0000000000
3484 -1179.0000000000
3494 -1178.0000000000
3495 -1177.0000000000
3497 -1175.0000000000
3503 -1174.0000000000
3504 -1173.0000000000
3523 -1172.0000000000
3527 -1169.0000000000
3535 -1168.0000000000
3561 -1167.0000000000
3562 -1166.0000000000
3565 -1164.0000000000
3566 -1163.0000000000
3577 -1162.0000000000
3578 -1161.0000000000
3582 -1159.0000000000
3599 -1158.0000000000
3604 -1157.0000000000
3606 -1156.0000000000
3607 -1155.0000000000
3616 -1154.0000000000
3620 -1153.0000000000
3625 -1152.0000000000
3627 -1151.0000000000
3629 -1150.0000000000
3636 -1149.0000000000
3650 -1148.0000000000
3653 -1147.0000000000
3662 -1145.0000000000
3664 -1144.0000000000
3666 -1143.0000000000
3674 -1142.0000000000
3676 -1140.0000000000
3677 -1139.0000000000
3683 -1138.0000000000
3684 -1137.0000000000
3689 -1136.0000000000
3694 -1135.0000000000
3726 -1134.0000000000
3734 -1133.0000000000
3740 -1132.0000000000
3743 -1131.0000000000
3762 -1130.0000000000
3767 -1129.0000000000
3776 -1128.0000000000
3787 -1127.0000000000
3788 -1126.0000000000
3794 -1125.0000000000
3806 -1124.0000000000
3815 -1123.0000000000
3817 -1122.0000000000
3830 -1121.0000000000
3837 -1120.0000000000
3850 -1119.0000000000
3858 -1118.0000000000
3890 -1117.0000000000
3899 -1116.0000000000
3916 -1115.0000000000
3921 -1113.0000000000
3929 -1112.0000000000
3931 -1111.0000000000
3935 -1110.0000000000
3941 -1109.0000000000
3943 -1108.0000000000
3946 -1107.0000000000
3952 -1106.0000000000
3961 -1105.0000000000
3965 -1104.0000000000
3987 -1103.0000000000
3991 -1102.0000000000
3999 -1101.0000000000
4004 -1099.0000000000
4016 -1098.0000000000
4021 -1096.0000000000
4029 -1095.0000000000
4048 -1092.0000000000
4053 -1091.0000000000
4062 -1090.0000000000
4072 -1089.0000000000
4074 -1088.0000000000
4076 -1087.0000000000
4090 -1086.0000000000
4091 -1085.0000000000
4101 -1084.0000000000
4118 -1082.0000000000
4119 -1081.0000000000
4127 -1080.0000000000
4129 -1079.0000000000
4140 -1078.0000000000
4169 -1077.0000000000
4171 -1076.0000000000
4179 -1075.0000000000
4201 -1073.0000000000
4211 -1072.0000000000
4213 -1070.0000000000
4221 -1068.0000000000
4226 -1067.0000000000
4235 -1066.0000000000
4259 -1065.0000000000
4262 -1064.0000000000
4266 -1063.0000000000
4279 -1062.0000000000
4285 -1060.0000000000
4298 -1059.0000000000
4300 -1058.0000000000
4315 -1057.0000000000
4329 -1056.0000000000
4338 -1055.0000000000
4347 -1054.0000000000
4356 -1053.0000000000
4362 -1052.0000000000
4392 -1051.0000000000
4410 -1050.0000000000
4418 -1049.0000000000
4432 -1048.0000000000
4453 -1047.0000000000
4468 -1046.0000000000
4469 -1044.0000000000
4485 -1043.0000000000
4487 -1042.0000000000
4497 -1040.0000000000
4507 -1038.0000000000
4509 -1037.0000000000
4510 -1036.0000000000
4521 -1035.0000000000
4524 -1034.0000000000
4525 -1033.0000000000
4529 -1032.0000000000
4530 -1031.0000000000
4533 -1030.0000000000
4544 -1029.0000000000
4552 -1028.0000000000
4558 -1027.0000000000
4595 -1026.0000000000
4598 -1025.0000000000
4604 -1024.0000000000
4605 -1023.0000000000
4609 -1022.0000000000
4612 -1021.0000000000
4617 -1020.0000000000
4633 -1019.0000000000
4647 -1017.0000000000
4654 -1016.0000000000
4657 -1015.0000000000
4658 -1014.0000000000
4663 -1013.0000000000
4675 -1012.0000000000
4684 -1011.0000000000
4689 -1010.0000000000
4699 -1009.0000000000
4717 -1008.0000000000
4729 -1007.0000000000
4731 -1005.0000000000
4732 -1004.0000000000
4740 -1003.0000000000
4748 -1002.0000000000
4751 -1001.0000000000
4758 -1000.0000000000
4763 -998.0000000000
4767 -997.0000000000
4773 -995.0000000000
4775 -993.0000000000
4794 -991.0000000000
4804 -990.0000000000
4806 -988.0000000000
4819 -987.0000000000
4824 -986.0000000000
4832 -985.0000000000
4841 -984.0000000000
4852 -983.0000000000
4877 -982.0000000000
4921 -981.0000000000
4942 -980.0000000000
4964 -979.0000000000
4986 -978.0000000000
4993 -977.0000000000
4999 -976.0000000000
5002 -975.0000000000
5009 -974.0000000000
5013 -973.0000000000
5030 -972.0000000000
5033 -971.0000000000
5045 -970.0000000000
5050 -969.0000000000
5052 -968.0000000000
5061 -967.0000000000
5065 -966.0000000000
5067 -965.0000000000
5069 -963.0000000000
5115 -962.0000000000
5129 -961.0000000000
5141 -960.0000000000
5160 -959.0000000000
5173 -957.0000000000
5175 -955.0000000000
5176 -954.0000000000
5190 -953.0000000000
5192 -952.0000000000
5204 -951.0000000000
5206 -950.0000000000
5211 -949.0000000000
5220 -948.0000000000
5225 -947.0000000000
5235 -946.0000000000
5247 -945.0000000000
5264 -944.0000000000
5277 -943.0000000000
5278 -942.0000000000
5284 -941.0000000000
5291 -940.0000000000
5292 -938.0000000000
5308 -937.0000000000
5309 -936.0000000000
5321 -935.0000000000
5322 -934.0000000000
5326 -932.0000000000
5327 -931.0000000000
5334 -930.0000000000
5335 -928.0000000000
5344 -927.0000000000
5356 -926.0000000000
5368 -925.0000000000
5381 -924.0000000000
5385 -922.0000000000
5395 -921.0000000000
5401 -920.0000000000
5407 -919.0000000000
5418 -918.0000000000
5420 -917.0000000000
5426 -916.0000000000
5429 -915.0000000000
5439 -914.0000000000
5447 -913.0000000000
5454 -912.0000000000
5462 -911.0000000000
5471 -910.0000000000
5477 -909.0000000000
5478 -908.0000000000
5499 -907.0000000000
5507 -906.0000000000
5509 -905.0000000000
5511 -904.0000000000
5512 -903.0000000000
5517 -901.0000000000
5524 -900.0000000000
5525 -899.0000000000
5527 -898.0000000000
5534 -897.0000000000
5559 -896.0000000000
5560 -895.0000000000
5562 -894.0000000000
5565 -893.0000000000
5585 -892.0000000000
5587 -891.0000000000
5601 -890.0000000000
5616 -888.0000000000
5617 -887.0000000000
5624 -886.0000000000
5632 -885.0000000000
5645 -884.0000000000
5650 -882.0000000000
5652 -880.0000000000
5654 -878.0000000000
5658 -877.0000000000
5673 -876.0000000000
5689 -875.0000000000
5712 -874.0000000000
5789 -873.0000000000
5805 -872.0000000000
5809 -871.0000000000
5812 -870.0000000000
5820 -869.0000000000
5832 -867.0000000000
5837 -866.0000000000
5839 -865.0000000000
5845 -864.0000000000
5848 -863.0000000000
5856 -862.0000000000
5859 -861.0000000000
5867 -860.0000000000
5878 -858.0000000000
5880 -857.0000000000
5882 -855.0000000000
5893 -854.0000000000
5894 -853.0000000000
5898 -852.0000000000
5899 -851.0000000000
5902 -850.0000000000
5904 -849.0000000000
5907 -848.0000000000
5909 -847.0000000000
5978 -846.0000000000
5989 -845.0000000000
5996 -844.0000000000
6019 -843.0000000000
6027 -842.0000000000
6031 -841.0000000000
6046 -840.0000000000
6053 -839.0000000000
6054 -838.0000000000
6064 -837.0000000000
6074 -836.0000000000
6105 -835.0000000000
6127 -834.0000000000
6128 -833.0000000000
6144 -832.0000000000
6160 -831.0000000000
6170 -830.0000000000
6177 -829.0000000000
6179 -827.0000000000
6184 -826.0000000000
6198 -824.0000000000
6204 -823.0000000000
6205 -822.0000000000
6206 -821.0000000000
6216 -820.0000000000
6249 -819.0000000000
6253 -818.0000000000
6307 -817.0000000000
6311 -816.0000000000
6315 -815.0000000000
6317 -813.0000000000
6326 -812.0000000000
6356 -811.0000000000
6360 -809.0000000000
6361 -808.0000000000
6365 -807.0000000000
6389 -806.0000000000
6391 -805.0000000000
6444 -804.0000000000
6455 -803.0000000000
6458 -802.0000000000
6460 -801.0000000000
6475 -800.0000000000
6519 -799.0000000000
6526 -798.0000000000
6529 -797.0000000000
6534 -796.0000000000
6537 -795.0000000000
6560 -793.0000000000
6584 -791.0000000000
6604 -790.0000000000
6605 -788.0000000000
6624 -787.0000000000
6630 -786.0000000000
6657 -785.0000000000
6666 -784.0000000000
6671 -783.0000000000
6673 -782.0000000000
6697 -780.0000000000
6701 -779.0000000000
6715 -778.0000000000
6730 -777.0000000000
6735 -776.0000000000
6774 -775.0000000000
6795 -774.0000000000
6799 -773.0000000000
6809 -772.0000000000
6838 -771.0000000000
6841 -769.0000000000
6842 -768.0000000000
6850 -767.0000000000
6867 -766.0000000000
6883 -765.0000000000
6885 -764.0000000000
6902 -763.0000000000
6911 -762.0000000000
6927 -760.0000000000
6930 -759.0000000000
6932 -758.0000000000
6936 -757.0000000000
6942 -756.0000000000
6982 -755.0000000000
6986 -754.0000000000
6994 -753.0000000000
7004 -752.0000000000
7019 -751.0000000000
7026 -750.0000000000
7054 -748.0000000000
7059 -747.0000000000
7066 -746.0000000000
7075 -745.0000000000
7084 -744.0000000000
7092 -743.0000000000
7107 -741.0000000000
7109 -739.0000000000
7117 -738.0000000000
7157 -737.0000000000
7177 -736.0000000000
7214 -734.0000000000
7259 -732.0000000000
7267 -731.0000000000
7269 -730.0000000000
7298 -729.0000000000
7300 -727.0000000000
7343 -726.0000000000
7345 -725.0000000000
7408 -724.0000000000
7464 -723.0000000000
7473 -722.0000000000
7476 -721.0000000000
7481 -720.0000000000
7490 -719.0000000000
7500 -718.0000000000
7509 -717.0000000000
7510 -716.0000000000
7546 -715.0000000000
7584 -714.0000000000
7593 -712.0000000000
7597 -710.0000000000
7602 -709.0000000000
7607 -708.0000000000
7634 -707.0000000000
7645 -706.0000000000
7646 -705.0000000000
7654 -704.0000000000
7656 -703.0000000000
7664 -702.0000000000
7670 -701.0000000000
7701 -700.0000000000
7722 -699.0000000000
7727 -698.0000000000
7739 -697.0000000000
7740 -696.0000000000
7741 -695.0000000000
7742 -694.0000000000
7760 -693.0000000000
7786 -692.0000000000
7790 -691.0000000000
7797 -689.0000000000
7819 -688.0000000000
7842 -687.0000000000
7847 -686.0000000000
7868 -685.0000000000
7884 -684.0000000000
7891 -683.0000000000
7908 -682.0000000000
7909 -681.0000000000
7911 -680.0000000000
7931 -679.0000000000
7935 -678.0000000000
7971 -677.0000000000
7996 -675.0000000000
7997 -674.0000000000
7998 -673.0000000000
8008 -672.0000000000
8038 -671.0000000000
8090 -670.0000000000
8101 -668.0000000000
8107 -667.0000000000
8114 -666.0000000000
8130 -665.0000000000
8131 -664.0000000000
8140 -663.0000000000
8150 -662.0000000000
8151 -661.0000000000
8172 -660.0000000000
8196 -659.0000000000
8218 -658.0000000000
8252 -657.0000000000
8254 -656.0000000000
8272 -655.0000000000
8284 -654.0000000000
8310 -653.0000000000
8314 -652.0000000000
8332 -651.0000000000
8342 -650.0000000000
8346 -649.0000000000
8361 -648.0000000000
8368 -647.0000000000
8371 -646.0000000000
8373 -644.0000000000
8399 -643.0000000000
8412 -642.0000000000
8428 -641.0000000000
8459 -640.0000000000
8470 -639.0000000000
8487 -638.0000000000
8510 -637.0000000000
8511 -636.0000000000
8519 -635.0000000000
8530 -634.0000000000
8536 -633.0000000000
8549 -632.0000000000
8570 -631.0000000000
8576 -630.0000000000
8598 -628.0000000000
8603 -627.0000000000
8605 -626.0000000000
8653 -625.0000000000
8656 -624.0000000000
8678 -623.0000000000
8700 -621.0000000000
8708 -620.0000000000
8709 -619.0000000000
8717 -618.0000000000
8732 -617.0000000000
8753 -616.0000000000
8755 -615.0000000000
8789 -614.0000000000
8812 -613.0000000000
8815 -611.0000000000
8841 -609.0000000000
8859 -608.0000000000
8884 -607.0000000000
8903 -606.0000000000
8913 -605.0000000000
8916 -604.0000000000
8921 -603.0000000000
8936 -602.0000000000
8956 -601.0000000000
8980 -600.0000000000
8989 -598.0000000000
9017 -597.0000000000
9025 -596.0000000000
9053 -594.0000000000
9067 -593.0000000000
9085 -592.0000000000
9101 -589.0000000000
9108 -588.0000000000
9111 -587.0000000000
9113 -586.0000000000
9123 -584.0000000000
9138 -583.0000000000
9151 -582.0000000000
9154 -581.0000000000
9159 -580.0000000000
9169 -579.0000000000
9209 -578.0000000000
9226 -577.0000000000
9228 -576.0000000000
9260 -575.0000000000
9269 -574.0000000000
9275 -573.0000000000
9285 -572.0000000000
9287 -571.0000000000
9304 -570.0000000000
9328 -569.0000000000
9334 -568.0000000000
9338 -567.0000000000
9345 -566.0000000000
9363 -565.0000000000
9378 -564.0000000000
9423 -563.0000000000
9425 -562.0000000000
9494 -561.0000000000
9497 -560.0000000000
9504 -559.0000000000
9516 -558.0000000000
9543 -557.0000000000
9556 -556.0000000000
9564 -555.0000000000
9573 -554.0000000000
9596 -553.0000000000
9650 -552.0000000000
9660 -551.0000000000
9663 -550.0000000000
9678 -548.0000000000
9703 -547.0000000000
9718 -546.0000000000
9738 -545.0000000000
9761 -544.0000000000
9763 -543.0000000000
9766 -542.0000000000
9769 -541.0000000000
9770 -540.0000000000
9778 -539.0000000000
9800 -538.0000000000
9809 -537.0000000000
9813 -536.0000000000
9827 -535.0000000000
9858 -534.0000000000
9883 -533.0000000000
9886 -532.0000000000
9889 -531.0000000000
9909 -530.0000000000
9912 -529.0000000000
10000 -530.0000000000
evaluations raw_y
1 -2039.0000000000
5 -2038.0000000000
9 -2037.0000000000
11 -2036.0000000000
16 -2035.0000000000
18 -2034.0000000000
19 -2033.0000000000
22 -2032.0000000000
23 -2031.0000000000
25 -2030.0000000000
26 -2029.0000000000
27 -2028.0000000000
30 -2027.0000000000
34 -2026.0000000000
36 -2025.0000000000
37 -2024.0000000000
39 -2023.0000000000
50 -2021.0000000000
58 -2019.0000000000
66 -2018.0000000000
73 -2017.0000000000
77 -2016.0000000000
79 -2015.0000000000
82 -2014.0000000000
85 -2013.0000000000
86 -2012.0000000000
87 -2010.0000000000
90 -2007.0000000000
92 -2006.0000000000
93 -2005.0000000000
103 -2004.0000000000
106 -2003.0000000000
115 -2001.0000000000
120 -2000.0000000000
121 -1999.0000000000
122 -1998.0000000000
123 -1997.0000000000
124 -1996.0000000000
127 -1995.0000000000
128 -1994.0000000000
129 -1992.0000000000
131 -1991.0000000000
132 -1985.0000000000
134 -1983.0000000000
137 -1982.0000000000
143 -1981.0000000000
149 -1980.0000000000
151 -1978.0000000000
153 -1977.0000000000
154 -1975.0000000000
155 -1974.0000000000
158 -1972.0000000000
163 -1970.0000000000
164 -1968.0000000000
165 -1967.0000000000
171 -1965.0000000000
191 -1963.0000000000
192 -1962.0000000000
195 -1960.0000000000
199 -1959.0000000000
204 -1958.0000000000
207 -1957.0000000000
208 -1956.0000000000
211 -1955.0000000000
214 -1952.0000000000
217 -1949.0000000000
221 -1947.0000000000
224 -1946.0000000000
228 -1945.0000000000
230 -1944.0000000000
235 -1942.0000000000
238 -1941.0000000000
250 -1940.0000000000
254 -1939.0000000000
257 -1935.0000000000
260 -1933.0000000000
263 -1931.0000000000
266 -1929.0000000000
270 -1928.0000000000
273 -1927.0000000000
275 -1925.0000000000
277 -1924.0000000000
287 -1923.0000000000
291 -1922.0000000000
297 -1921.0000000000
303 -1920.0000000000
304 -1919.0000000000
309 -1917.0000000000
317 -1915.0000000000
323 -1914.0000000000
330 -1913.0000000000
333 -1912.0000000000
337 -1911.0000000000
354 -1909.0000000000
356 -1908.0000000000
365 -1907.0000000000
367 -1906.0000000000
368 -1905.0000000000
377 -1904.0000000000
381 -1902.0000000000
383 -1901.0000000000
389 -1900.0000000000
390 -1897.0000000000
395 -1896.0000000000
396 -1895.0000000000
397 -1894.0000000000
398 -1893.0000000000
399 -1892.0000000000
406 -1891.0000000000
409 -1890.0000000000
413 -1889.0000000000
416 -1887.0000000000
420 -1886.0000000000
422 -1885.0000000000
427 -1884.0000000000
431 -1883.0000000000
433 -1882.0000000000
435 -1881.0000000000
437 -1880.0000000000
439 -1879.0000000000
440 -1878.0000000000
444 -1877.0000000000
449 -1876.0000000000
459 -1874.0000000000
466 -1873.0000000000
467 -1872.0000000000
471 -1871.0000000000
475 -1870.0000000000
476 -1869.0000000000
482 -1868.0000000000
484 -1867.0000000000
485 -1866.0000000000
488 -1865.0000000000
492 -1864.0000000000
498 -1863.0000000000
500 -1862.0000000000
505 -1861.0000000000
507 -1860.0000000000
508 -1859.0000000000
509 -1858.0000000000
512 -1857.0000000000
515 -1855.0000000000
521 -1854.0000000000
522 -1853.0000000000
525 -1852.0000000000
528 -1851.0000000000
530 -1849.0000000000
537 -1847.0000000000
543 -1846.0000000000
558 -1845.0000000000
559 -1844.0000000000
561 -1843.0000000000
567 -1842.0000000000
568 -1841.0000000000
571 -1840.0000000000
572 -1839.0000000000
575 -1838.0000000000
579 -1837.0000000000
594 -1836.0000000000
595 -1835.0000000000
597 -1834.0000000000
598 -1831.0000000000
608 -1830.0000000000
611 -1829.0000000000
619 -1828.0000000000
622 -1827.0000000000
625 -1826.0000000000
631 -1825.0000000000
638 -1824.0000000000
642 -1823.0000000000
644 -1822.0000000000
647 -1820.0000000000
652 -1819.0000000000
664 -1818.0000000000
670 -1817.0000000000
672 -1816.0000000000
675 -1814.0000000000
691 -1813.0000000000
694 -1812.0000000000
702 -1811.0000000000
703 -1809.0000000000
710 -1808.0000000000
722 -1807.0000000000
723 -1805.0000000000
726 -1804.0000000000
728 -1802.0000000000
732 -1801.0000000000
734 -1800.0000000000
739 -1798.0000000000
749 -1797.0000000000
753 -1795.0000000000
765 -1794.0000000000
777 -1793.0000000000
781 -1791.0000000000
783 -1790.0000000000
785 -1789.0000000000
788 -1788.0000000000
789 -1786.0000000000
796 -1785.0000000000
801 -1783.0000000000
802 -1782.0000000000
803 -1781.0000000000
809 -1779.0000000000
816 -1778.0000000000
820 -1777.0000000000
822 -1776.0000000000
824 -1775.0000000000
827 -1773.0000000000
830 -1772.0000000000
835 -1771.0000000000
836 -1770.0000000000
839 -1769.0000000000
851 -1768.0000000000
855 -1767.0000000000
858 -1766.0000000000
875 -1765.0000000000
878 -1764.0000000000
885 -1761.0000000000
893 -1760.0000000000
894 -1759.0000000000
895 -1758.0000000000
897 -1757.0000000000
899 -1756.0000000000
902 -1755.0000000000
905 -1754.0000000000
909 -1752.0000000000
912 -1751.0000000000
921 -1750.0000000000
931 -1748.0000000000
932 -1747.0000000000
934 -1746.0000000000
936 -1745.0000000000
943 -1744.0000000000
945 -1743.0000000000
948 -1739.0000000000
950 -1738.0000000000
952 -1737.0000000000
959 -1736.0000000000
962 -1734.0000000000
964 -1733.0000000000
969 -1732.0000000000
970 -1731.0000000000
976 -1729.0000000000
990 -1728.0000000000
997 -1727.0000000000
1002 -1725.0000000000
1007 -1724.0000000000
1013 -1721.0000000000
1016 -1720.0000000000
1022 -1719.0000000000
1046 -1717.0000000000
1049 -1716.0000000000
1051 -1715.0000000000
1052 -1714.0000000000
1055 -1713.0000000000
1058 -1711.0000000000
1061 -1710.0000000000
1070 -1709.0000000000
1077 -1707.0000000000
1090 -1705.0000000000
1092 -1704.0000000000
1093 -1703.0000000000
1106 -1702.0000000000
1112 -1701.0000000000
1117 -1700.0000000000
1118 -1699.0000000000
1121 -1698.0000000000
1136 -1696.0000000000
1138 -1695.0000000000
1158 -1694.0000000000
1161 -1693.0000000000
1167 -1692.0000000000
1171 -1691.0000000000
1173 -1690.0000000000
1179 -1689.0000000000
1189 -1688.0000000000
1191 -1687.0000000000
1192 -1686.0000000000
1193 -1683.0000000000
1194 -1682.0000000000
1204 -1680.0000000000
1205 -1678.0000000000
1208 -1677.0000000000
1224 -1676.0000000000
1231 -1675.0000000000
1232 -1674.0000000000
1242 -1673.0000000000
1249 -1672.0000000000
1253 -1671.0000000000
1254 -1670.0000000000
1262 -1669.0000000000
1269 -1668.0000000000
1284 -1667.0000000000
1285 -1666.0000000000
1297 -1665.0000000000
1298 -1663.0000000000
1300 -1662.0000000000
1302 -1661.0000000000
1307 -1660.0000000000
1311 -1659.0000000000
1315 -1658.0000000000
1316 -1657.0000000000
1317 -1655.0000000000
1320 -1654.0000000000
1327 -1652.0000000000
1328 -1651.0000000000
1334 -1650.0000000000
1347 -1649.0000000000
1351 -1648.0000000000
1353 -1647.0000000000
1355 -1646.0000000000
1360 -1645.0000000000
1365 -1644.0000000000
1378 -1643.0000000000
1381 -1642.0000000000
1391 -1641.0000000000
1393 -1640.0000000000
1397 -1638.0000000000
1406 -1636.0000000000
1410 -1635.0000000000
1412 -1634.0000000000
1417 -1633.0000000000
1421 -1632.0000000000
1424 -1631.0000000000
1435 -1630.0000000000
1436 -1628.0000000000
1449 -1627.0000000000
1456 -1625.0000000000
1457 -1624.0000000000
1458 -1623.0000000000
1459 -1621.0000000000
1463 -1620.0000000000
1466 -1619.0000000000
1471 -1618.0000000000
1474 -1616.0000000000
1475 -1614.0000000000
1486 -1612.0000000000
1487 -1611.0000000000
1489 -1610.0000000000
1495 -1609.0000000000
1506 -1608.0000000000
1516 -1607.0000000000
1517 -1606.0000000000
1519 -1605.0000000000
1521 -1604.0000000000
1522 -1603.0000000000
1529 -1602.0000000000
1532 -1601.0000000000
1533 -1599.0000000000
1536 -1598.0000000000
1552 -1597.0000000000
1560 -1596.0000000000
1562 -1595.0000000000
1564 -1594.0000000000
1566 -1593.0000000000
1567 -1592.0000000000
1574 -1591.0000000000
1576 -1590.0000000000
1581 -1589.0000000000
1593 -1588.0000000000
1605 -1587.0000000000
1606 -1585.0000000000
1616 -1584.0000000000
1618 -1583.0000000000
1619 -1582.0000000000
1622 -1580.0000000000
1623 -1579.0000000000
1638 -1578.0000000000
1655 -1577.0000000000
1657 -1575.0000000000
1660 -1574.0000000000
1667 -1573.0000000000
1672 -1572.0000000000
1679 -1571.0000000000
1681 -1570.0000000000
1690 -1569.0000000000
1693 -1566.0000000000
1703 -1565.0000000000
1704 -1563.0000000000
1705 -1562.0000000000
1707 -1560.0000000000
1714 -1559.0000000000
1717 -1557.0000000000
1721 -1556.0000000000
1726 -1555.0000000000
1727 -1554.0000000000
1729 -1552.0000000000
1735 -1551.0000000000
1751 -1550.0000000000
1753 -1549.0000000000
1754 -1548.0000000000
1758 -1546.0000000000
1759 -1545.0000000000
1763 -1544.0000000000
1765 -1543.0000000000
1767 -1542.0000000000
1795 -1541.0000000000
1802 -1539.0000000000
1814 -1538.0000000000
1825 -1537.0000000000
1836 -1535.0000000000
1842 -1534.0000000000
1848 -1533.0000000000
1861 -1532.0000000000
1874 -1531.0000000000
1875 -1529.0000000000
1877 -1528.0000000000
1879 -1527.0000000000
1881 -1525.0000000000
1893 -1524.0000000000
1894 -1523.0000000000
1897 -1522.0000000000
1904 -1520.0000000000
1908 -1519.0000000000
1911 -1518.0000000000
1912 -1517.0000000000
1920 -1516.0000000000
1929 -1515.0000000000
1935 -1514.0000000000
1950 -1513.0000000000
1953 -1512.0000000000
1954 -1510.0000000000
1963 -1509.0000000000
1969 -1508.0000000000
1970 -1507.0000000000
1973 -1506.0000000000
1985 -1505.0000000000
1986 -1503.0000000000
2001 -1499.0000000000
2010 -1498.0000000000
2011 -1497.0000000000
2013 -1496.0000000000
2014 -1495.0000000000
2016 -1494.0000000000
2021 -1492.0000000000
2025 -1490.0000000000
2027 -1489.0000000000
2034 -1488.0000000000
2036 -1487.0000000000
2040 -1486.0000000000
2042 -1485.0000000000
2059 -1484.0000000000
2060 -1483.0000000000
2062 -1482.0000000000
2072 -1481.0000000000
2083 -1478.0000000000
2091 -1477.0000000000
2095 -1476.0000000000
2099 -1474.0000000000
2102 -1473.0000000000
2108 -1472.0000000000
2110 -1471.0000000000
2111 -1470.0000000000
2114 -1469.0000000000
2121 -1468.0000000000
2123 -1467.0000000000
2128 -1466.0000000000
2141 -1465.0000000000
2150 -1464.0000000000
2161 -1463.0000000000
2168 -1461.0000000000
2169 -1460.0000000000
2170 -1459.0000000000
2183 -1458.0000000000
2190 -1457.0000000000
2198 -1456.0000000000
2202 -1455.0000000000
2203 -1453.0000000000
2207 -1452.0000000000
2210 -1451.0000000000
2211 -1450.0000000000
2216 -1448.0000000000
2217 -1447.0000000000
2221 -1446.0000000000
2235 -1445.0000000000
2242 -1443.0000000000
2244 -1442.0000000000
2246 -1441.0000000000
2249 -1440.0000000000
2255 -1439.0000000000
2256 -1438.0000000000
2259 -1437.0000000000
2265 -1436.0000000000
2279 -1434.0000000000
2287 -1433.0000000000
2289 -1432.0000000000
2290 -1431.0000000000
2296 -1430.0000000000
2304 -1429.0000000000
2305 -1427.0000000000
2307 -1426.0000000000
2311 -1425.0000000000
2313 -1423.0000000000
2315 -1422.0000000000
2316 -1421.0000000000
2317 -1420.0000000000
2345 -1419.0000000000
2346 -1418.0000000000
2348 -1416.0000000000
2360 -1414.0000000000
2374 -1412.0000000000
2376 -1411.0000000000
2384 -1409.0000000000
2386 -1408.0000000000
2391 -1407.0000000000
2395 -1406.0000000000
2406 -1405.0000000000
2413 -1404.0000000000
2416 -1403.0000000000
2423 -1402.0000000000
2427 -1401.0000000000
2436 -1400.0000000000
2437 -1399.0000000000
2439 -1398.0000000000
2456 -1397.0000000000
2459 -1396.0000000000
2479 -1395.0000000000
2483 -1394.0000000000
2492 -1393.0000000000
2493 -1392.0000000000
2501 -1390.0000000000
2502 -1389.0000000000
2505 -1388.0000000000
2506 -1387.0000000000
2514 -1386.0000000000
2521 -1385.0000000000
2526 -1384.0000000000
2527 -1383.0000000000
2528 -1382.0000000000
2530 -1381.0000000000
2531 -1380.0000000000
2532 -1379.0000000000
2534 -1378.0000000000
2536 -1377.0000000000
2544 -1376.0000000000
2563 -1375.0000000000
2564 -1374.0000000000
2565 -1373.0000000000
2571 -1372.0000000000
2572 -1371.0000000000
2580 -1370.0000000000
2581 -1369.0000000000
2582 -1368.0000000000
2590 -1367.0000000000
2592 -1366.0000000000
2601 -1365.0000000000
2615 -1363.0000000000
2617 -1362.0000000000
2620 -1361.0000000000
2627 -1360.0000000000
2639 -1359.0000000000
2648 -1358.0000000000
2649 -1356.0000000000
2655 -1355.0000000000
2658 -1354.0000000000
2664 -1353.0000000000
2665 -1352.0000000000
2673 -1351.0000000000
2687 -1350.0000000000
2692 -1349.0000000000
2695 -1347.0000000000
2700 -1346.0000000000
2701 -1345.0000000000
2714 -1344.0000000000
2727 -1343.0000000000
2735 -1342.0000000000
2747 -1341.0000000000
2748 -1340.0000000000
2760 -1339.0000000000
2761 -1338.0000000000
2765 -1337.0000000000
2776 -1336.0000000000
2781 -1335.0000000000
2791 -1334.0000000000
2801 -1333.0000000000
2809 -1332.0000000000
2821 -1331.0000000000
2822 -1329.0000000000
2829 -1328.0000000000
2830 -1327.0000000000
2847 -1326.0000000000
2850 -1325.0000000000
2853 -1322.0000000000
2868 -1321.0000000000
2869 -1320.0000000000
2877 -1319.0000000000
2880 -1318.0000000000
2895 -1317.0000000000
2903 -1316.0000000000
2914 -1315.0000000000
2916 -1314.0000000000
2925 -1313.0000000000
2940 -1312.0000000000
2942 -1311.0000000000
2943 -1310.0000000000
2947 -1309.0000000000
2958 -1308.0000000000
2963 -1306.0000000000
2964 -1305.0000000000
2968 -1304.0000000000
2970 -1303.0000000000
2971 -1302.0000000000
2976 -1300.0000000000
2977 -1299.0000000000
2985 -1298.0000000000
2996 -1296.0000000000
2999 -1295.0000000000
3000 -1293.0000000000
3005 -1292.0000000000
3016 -1291.0000000000
3028 -1289.0000000000
3040 -1288.0000000000
3046 -1287.0000000000
3047 -1286.0000000000
3052 -1284.0000000000
3053 -1283.0000000000
3067 -1282.0000000000
3069 -1280.0000000000
3075 -1279.0000000000
3082 -1278.0000000000
3098 -1277.0000000000
3099 -1276.0000000000
3104 -1275.0000000000
3113 -1274.0000000000
3121 -1272.0000000000
3123 -1271.0000000000
3124 -1270.0000000000
3129 -1268.0000000000
3137 -1267.0000000000
3140 -1266.0000000000
3151 -1265.0000000000
3157 -1264.0000000000
3160 -1263.0000000000
3167 -1262.0000000000
3174 -1261.0000000000
3188 -1260.0000000000
3189 -1259.0000000000
3193 -1258.0000000000
3194 -1257.0000000000
3196 -1256.0000000000
3200 -1255.0000000000
3205 -1254.0000000000
3206 -1253.0000000000
3221 -1252.0000000000
3225 -1251.0000000000
3228 -1250.0000000000
3230 -1249.0000000000
3231 -1248.0000000000
3242 -1247.0000000000
3248 -1246.0000000000
3269 -1245.0000000000
3272 -1244.0000000000
3279 -1243.0000000000
3282 -1242.0000000000
3286 -1241.0000000000
3361 -1240.0000000000
3369 -1239.0000000000
3374 -1238.0000000000
3385 -1237.0000000000
3392 -1236.0000000000
3405 -1235.0000000000
3408 -1234.0000000000
3409 -1233.0000000000
3419 -1232.0000000000
3422 -1230.0000000000
3426 -1229.0000000000
3466 -1228.0000000000
3467 -1226.0000000000
3468 -1225.0000000000
3472 -1224.0000000000
3486 -1223.0000000000
3490 -1222.0000000000
3511 -1220.0000000000
3514 -1218.0000000000
3518 -1216.0000000000
3527 -1215.0000000000
3531 -1214.0000000000
3533 -1213.0000000000
3539 -1212.0000000000
3540 -1210.0000000000
3551 -1209.0000000000
3581 -1208.0000000000
3584 -1206.0000000000
3585 -1205.0000000000
3593 -1204.0000000000
3596 -1203.0000000000
3603 -1201.0000000000
3605 -1200.0000000000
3607 -1199.0000000000
3616 -1197.0000000000
3618 -1196.0000000000
3621 -1194.0000000000
3626 -1193.0000000000
3633 -1192.0000000000
3645 -1191.0000000000
3647 -1190.0000000000
3655 -1189.0000000000
3656 -1188.0000000000
3662 -1187.0000000000
3670 -1186.0000000000
3674 -1185.0000000000
3676 -1184.0000000000
3681 -1183.0000000000
3682 -1182.0000000000
3687 -1181.0000000000
3706 -1179.0000000000
3718 -1178.0000000000
3728 -1177.0000000000
3736 -1175.0000000000
3737 -1174.0000000000
3744 -1173.0000000000
3748 -1172.0000000000
3763 -1171.0000000000
3765 -1170.0000000000
3775 -1169.0000000000
3778 -1168.0000000000
3779 -1167.0000000000
3782 -1166.0000000000
3786 -1164.0000000000
3791 -1163.0000000000
3812 -1162.0000000000
3813 -1161.0000000000
3816 -1160.0000000000
3817 -1159.0000000000
3824 -1158.0000000000
3828 -1157.0000000000
3841 -1156.0000000000
3843 -1155.0000000000
3846 -1154.0000000000
3871 -1153.0000000000
3875 -1152.0000000000
3892 -1151.0000000000
3899 -1150.0000000000
3902 -1149.0000000000
3903 -1148.0000000000
3905 -1146.0000000000
3912 -1145.0000000000
3928 -1144.0000000000
3930 -1143.0000000000
3933 -1142.0000000000
3935 -1141.0000000000
3939 -1140.0000000000
3941 -1139.0000000000
3948 -1138.0000000000
3949 -1136.0000000000
3978 -1135.0000000000
3990 -1134.0000000000
3997 -1133.0000000000
3999 -1132.0000000000
4003 -1131.0000000000
4007 -1130.0000000000
4008 -1129.0000000000
4011 -1128.0000000000
4014 -1127.0000000000
4029 -1126.0000000000
4034 -1125.0000000000
4046 -1124.0000000000
4059 -1123.0000000000
4084 -1122.0000000000
4137 -1121.0000000000
4142 -1120.0000000000
4176 -1119.0000000000
4197 -1118.0000000000
4200 -1117.0000000000
4202 -1116.0000000000
4204 -1114.0000000000
4218 -1113.0000000000
4225 -1112.0000000000
4233 -1111.0000000000
4256 -1109.0000000000
4260 -1107.0000000000
4264 -1106.0000000000
4268 -1105.0000000000
4279 -1104.0000000000
4280 -1103.0000000000
4289 -1102.0000000000
4294 -1100.0000000000
4297 -1099.0000000000
4310 -1098.0000000000
4317 -1097.0000000000
4323 -1096.0000000000
4334 -1095.0000000000
4350 -1093.0000000000
4351 -1092.0000000000
4352 -1091.0000000000
4355 -1090.0000000000
4356 -1089.0000000000
4368 -1087.0000000000
4369 -1086.0000000000
4370 -1085.0000000000
4374 -1084.0000000000
4381 -1082.0000000000
4382 -1081.0000000000
4392 -1080.0000000000
4410 -1079.0000000000
4420 -1078.0000000000
4427 -1077.0000000000
4429 -1076.0000000000
4446 -1075.0000000000
4467 -1073.0000000000
4474 -1072.0000000000
4475 -1071.0000000000
4486 -1070.0000000000
4506 -1069.0000000000
4517 -1068.0000000000
4518 -1067.0000000000
4548 -1066.0000000000
4550 -1065.0000000000
4568 -1064.0000000000
4576 -1063.0000000000
4616 -1062.0000000000
4623 -1061.0000000000
4629 -1059.0000000000
4632 -1057.0000000000
4656 -1055.0000000000
4662 -1053.0000000000
4664 -1052.0000000000
4673 -1051.0000000000
4678 -1050.0000000000
4680 -1049.0000000000
4686 -1048.0000000000
4691 -1047.0000000000
4708 -1046.0000000000
4709 -1045.0000000000
4743 -1044.0000000000
4781 -1043.0000000000
4782 -1042.0000000000
4784 -1040.0000000000
4799 -1039.0000000000
4814 -1038.0000000000
4820 -1037.0000000000
4822 -1036.0000000000
4840 -1035.0000000000
4845 -1034.0000000000
4848 -1033.0000000000
4854 -1032.0000000000
4858 -1031.0000000000
4870 -1030.0000000000
4880 -1029.0000000000
4890 -1028.0000000000
4893 -1027.0000000000
4897 -1026.0000000000
4913 -1025.0000000000
4921 -1024.0000000000
4935 -1023.0000000000
4941 -1022.0000000000
4942 -1021.0000000000
4961 -1020.0000000000
4964 -1019.0000000000
4967 -1017.0000000000
4979 -1016.0000000000
4993 -1015.0000000000
5001 -1013.0000000000
5008 -1012.0000000000
5012 -1011.0000000000
5018 -1010.0000000000
5019 -1009.0000000000
5030 -1008.0000000000
5034 -1007.0000000000
5038 -1006.0000000000
5067 -1005.0000000000
5069 -1003.0000000000
5073 -1002.0000000000
5076 -1001.0000000000
5095 -1000.0000000000
5097 -998.0000000000
5111 -996.0000000000
5123 -995.0000000000
5135 -994.0000000000
5142 -993.0000000000
5148 -992.0000000000
5149 -991.0000000000
5153 -990.0000000000
5158 -989.0000000000
5169 -988.0000000000
5174 -987.0000000000
5181 -986.0000000000
5197 -985.0000000000
5224 -984.0000000000
5230 -983.0000000000
5237 -982.0000000000
5247 -981.0000000000
5252 -980.0000000000
5266 -978.0000000000
5274 -977.0000000000
5278 -976.0000000000
5281 -975.0000000000
5282 -974.0000000000
5304 -973.0000000000
5317 -971.0000000000
5331 -970.0000000000
5337 -969.0000000000
5365 -968.0000000000
5366 -966.0000000000
5390 -965.0000000000
5393 -964.0000000000
5400 -963.0000000000
5403 -962.0000000000
5410 -961.0000000000
5418 -960.0000000000
5436 -959.0000000000
5440 -958.0000000000
5447 -957.0000000000
5448 -956.0000000000
5471 -955.0000000000
5476 -954.0000000000
5478 -953.0000000000
5484 -952.0000000000
5503 -951.0000000000
5556 -950.0000000000
5575 -949.0000000000
5582 -948.0000000000
5609 -947.0000000000
5611 -946.0000000000
5616 -945.0000000000
5646 -943.0000000000
5649 -942.0000000000
5653 -941.0000000000
5663 -939.0000000000
5664 -938.0000000000
5673 -937.0000000000
5716 -936.0000000000
5723 -935.0000000000
5725 -934.0000000000
5752 -933.0000000000
5755 -932.0000000000
5757 -930.0000000000
5772 -929.0000000000
5807 -928.0000000000
5811 -927.0000000000
5814 -925.0000000000
5817 -924.0000000000
5831 -923.0000000000
5852 -922.0000000000
5883 -921.0000000000
5930 -919.0000000000
5934 -918.0000000000
5950 -917.0000000000
5957 -916.0000000000
5974 -915.0000000000
5977 -914.0000000000
5979 -913.0000000000
5990 -912.0000000000
6003 -911.0000000000
6017 -910.0000000000
6033 -909.0000000000
6035 -908.0000000000
6038 -907.0000000000
6041 -906.0000000000
6051 -904.0000000000
6052 -903.0000000000
6053 -902.0000000000
6065 -901.0000000000
6073 -900.0000000000
6090 -899.0000000000
6105 -898.0000000000
6112 -897.0000000000
6154 -896.0000000000
6166 -895.0000000000
6176 -894.0000000000
6182 -893.0000000000
6198 -892.0000000000
6209 -891.0000000000
6210 -890.0000000000
6226 -889.0000000000
6236 -888.0000000000
6241 -887.0000000000
6242 -886.0000000000
6255 -885.0000000000
6267 -884.0000000000
6280 -883.0000000000
6295 -882.0000000000
6300 -881.0000000000
6301 -880.0000000000
6306 -879.0000000000
6312 -878.0000000000
6315 -877.0000000000
6318 -876.0000000000
6319 -875.0000000000
6327 -874.0000000000
6338 -872.0000000000
6339 -871.0000000000
6366 -870.0000000000
6374 -869.0000000000
6375 -868.0000000000
6392 -867.0000000000
6394 -866.0000000000
6415 -865.0000000000
6429 -864.0000000000
6430 -863.0000000000
6439 -862.0000000000
6444 -861.0000000000
6449 -860.0000000000
6452 -859.0000000000
6458 -858.0000000000
6474 -857.0000000000
6485 -856.0000000000
6496 -855.0000000000
6516 -854.0000000000
6532 -853.0000000000
6547 -851.0000000000
6559 -849.0000000000
6592 -848.0000000000
6596 -846.0000000000
6605 -845.0000000000
6609 -844.0000000000
6619 -842.0000000000
6624 -841.0000000000
6650 -840.0000000000
6689 -839.0000000000
6696 -838.0000000000
6752 -837.0000000000
6760 -836.0000000000
6764 -835.0000000000
6770 -834.0000000000
6772 -833.0000000000
6797 -832.0000000000
6798 -831.0000000000
6800 -830.0000000000
6811 -827.0000000000
6835 -826.0000000000
6856 -825.0000000000
6865 -824.0000000000
6868 -823.0000000000
6883 -822.0000000000
6903 -821.0000000000
6904 -820.0000000000
6910 -819.0000000000
6928 -817.0000000000
6929 -815.0000000000
6947 -813.0000000000
6948 -812.0000000000
6960 -811.0000000000
6994 -810.0000000000
7015 -809.0000000000
7072 -808.0000000000
7102 -807.0000000000
7106 -806.0000000000
7124 -805.0000000000
7148 -804.0000000000
7184 -803.0000000000
7189 -801.0000000000
7268 -800.0000000000
7275 -798.0000000000
7303 -797.0000000000
7304 -796.0000000000
7305 -795.0000000000
7308 -794.0000000000
7326 -793.0000000000
7331 -792.0000000000
7348 -791.0000000000
7349 -790.0000000000
7360 -789.0000000000
7383 -788.0000000000
7386 -787.0000000000
7393 -786.0000000000
7396 -785.0000000000
7404 -784.0000000000
7405 -783.0000000000
7408 -782.0000000000
7411 -781.0000000000
7423 -780.0000000000
7437 -779.0000000000
7449 -776.0000000000
7450 -775.0000000000
7489 -774.0000000000
7494 -773.0000000000
7503 -772.0000000000
7508 -770.0000000000
7509 -769.0000000000
7542 -768.0000000000
7545 -766.0000000000
7547 -765.0000000000
7550 -764.0000000000
7570 -763.0000000000
7597 -762.0000000000
7606 -761.0000000000
7624 -760.0000000000
7628 -759.0000000000
7643 -758.0000000000
7648 -757.0000000000
7679 -756.0000000000
7703 -755.0000000000
7710 -754.0000000000
7721 -753.0000000000
7724 -752.0000000000
7744 -751.0000000000
7756 -750.0000000000
7763 -749.0000000000
7766 -748.0000000000
7786 -746.0000000000
7791 -745.0000000000
7802 -744.0000000000
7837 -743.0000000000
7840 -742.0000000000
7847 -741.0000000000
7864 -740.0000000000
7874 -739.0000000000
7889 -738.0000000000
7891 -737.0000000000
7906 -736.0000000000
7938 -735.0000000000
7974 -734.0000000000
7979 -733.0000000000
7986 -732.0000000000
7993 -731.0000000000
7995 -730.0000000000
8011 -729.0000000000
8016 -728.0000000000
8031 -727.0000000000
8034 -725.0000000000
8038 -724.0000000000
8051 -723.0000000000
8052 -722.0000000000
8072 -721.0000000000
8086 -720.0000000000
8133 -719.0000000000
8148 -717.0000000000
8152 -716.0000000000
8182 -715.0000000000
8187 -714.0000000000
8193 -713.0000000000
8201 -712.0000000000
8204 -711.0000000000
8212 -710.0000000000
8231 -709.0000000000
8244 -708.0000000000
8254 -707.0000000000
8269 -706.0000000000
8284 -705.0000000000
8286 -704.0000000000
8301 -703.0000000000
8303 -702.0000000000
8329 -701.0000000000
8333 -700.0000000000
8339 -699.0000000000
8355 -698.0000000000
8366 -697.0000000000
8367 -696.0000000000
8419 -695.0000000000
8427 -694.0000000000
8428 -693.0000000000
8436 -692.0000000000
8437 -691.0000000000
8447 -689.0000000000
8462 -688.0000000000
8472 -686.0000000000
8473 -685.0000000000
8491 -684.0000000000
8492 -683.0000000000
8496 -682.0000000000
8510 -681.0000000000
8518 -680.0000000000
8528 -679.0000000000
8544 -678.0000000000
8553 -677.0000000000
8564 -676.0000000000
8583 -675.0000000000
8591 -673.0000000000
8608 -672.0000000000
8617 -671.0000000000
8646 -670.0000000000
8654 -669.0000000000
8667 -668.0000000000
8672 -667.0000000000
8685 -666.0000000000
8698 -665.0000000000
8715 -664.0000000000
8725 -663.0000000000
8732 -662.0000000000
8739 -661.0000000000
8741 -660.0000000000
8747 -659.0000000000
8769 -658.0000000000
8775 -657.0000000000
8780 -656.0000000000
8813 -655.0000000000
8828 -654.0000000000
8862 -653.0000000000
8874 -652.0000000000
8892 -651.0000000000
8894 -650.0000000000
8917 -649.0000000000
8939 -648.0000000000
8941 -647.0000000000
8948 -646.0000000000
8962 -645.0000000000
8964 -644.0000000000
8980 -643.0000000000
9004 -642.0000000000
9007 -641.0000000000
9041 -640.0000000000
9055 -639.0000000000
9062 -638.0000000000
9079 -637.0000000000
9083 -636.0000000000
9087 -635.0000000000
9097 -634.0000000000
9125 -633.0000000000
9126 -632.0000000000
9133 -631.0000000000
9157 -630.0000000000
9181 -629.0000000000
9186 -628.0000000000
9194 -627.0000000000
9202 -626.0000000000
9208 -625.0000000000
9237 -624.0000000000
9270 -623.0000000000
9276 -622.0000000000
9285 -621.0000000000
9304 -620.0000000000
9313 -619.0000000000
9359 -618.0000000000
9409 -617.0000000000
9451 -616.0000000000
9463 -614.0000000000
9531 -613.0000000000
9583 -612.0000000000
9626 -611.0000000000
9637 -610.0000000000
9639 -609.0000000000
9640 -608.0000000000
9690 -607.0000000000
9693 -606.0000000000
9700 -605.0000000000
9716 -604.0000000000
9730 -603.0000000000
9738 -602.0000000000
9739 -601.0000000000
9742 -600.0000000000
9748 -599.0000000000
9762 -598.0000000000
9823 -597.0000000000
9906 -596.0000000000
9916 -595.0000000000
9952 -594.0000000000
9968 -593.0000000000
9995 -592.0000000000
10000 -595.0000000000
evaluations raw_y
1 -2010.0000000000
4 -2008.0000000000
11 -2007.0000000000
14 -2006.0000000000
20 -2005.0000000000
25 -2004.0000000000
26 -2003.0000000000
31 -2002.0000000000
47 -2000.0000000000
53 -1999.0000000000
57 -1997.0000000000
63 -1996.0000000000
66 -1995.0000000000
70 -1994.0000000000
73 -1993.0000000000
77 -1992.0000000000
86 -1991.0000000000
87 -1989.0000000000
88 -1988.0000000000
92 -1987.0000000000
94 -1986.0000000000
97 -1985.0000000000
102 -1984.0000000000
106 -1981.0000000000
115 -1980.0000000000
124 -1979.0000000000
137 -1978.0000000000
138 -1977.0000000000
141 -1976.0000000000
153 -1975.0000000000
161 -1973.0000000000
165 -1972.0000000000
167 -1968.0000000000
168 -1967.0000000000
169 -1966.0000000000
174 -1965.0000000000
176 -1964.0000000000
178 -1963.0000000000
182 -1961.0000000000
185 -1960.0000000000
186 -1959.0000000000
192 -1958.0000000000
193 -1957.0000000000
201 -1956.0000000000
203 -1955.0000000000
210 -1954.0000000000
219 -1953.0000000000
220 -1952.0000000000
222 -1950.0000000000
228 -1949.0000000000
242 -1948.0000000000
247 -1947.0000000000
251 -1946.0000000000
256 -1945.0000000000
257 -1944.0000000000
267 -1943.0000000000
273 -1942.0000000000
274 -1941.0000000000
277 -1940.0000000000
278 -1939.0000000000
279 -1938.0000000000
280 -1937.0000000000
283 -1935.0000000000
285 -1934.0000000000
286 -1933.0000000000
289 -1932.0000000000
291 -1931.0000000000
294 -1930.0000000000
296 -1929.0000000000
297 -1928.0000000000
298 -1927.0000000000
301 -1926.0000000000
312 -1924.0000000000
315 -1923.0000000000
317 -1922.0000000000
323 -1921.0000000000
332 -1920.0000000000
342 -1918.0000000000
353 -1915.0000000000
356 -1914.0000000000
360 -1912.0000000000
365 -1911.0000000000
367 -1910.0000000000
369 -1909.0000000000
382 -1908.0000000000
383 -1906.0000000000
385 -1905.0000000000
386 -1904.0000000000
390 -1903.0000000000
393 -1902.0000000000
395 -1901.0000000000
399 -1900.0000000000
401 -1897.0000000000
404 -1896.0000000000
410 -1895.0000000000
412 -1894.0000000000
416 -1893.0000000000
420 -1890.0000000000
439 -1889.0000000000
440 -1888.0000000000
441 -1887.0000000000
444 -1886.0000000000
451 -1883.0000000000
454 -1882.0000000000
461 -1881.0000000000
468 -1880.0000000000
472 -1879.0000000000
480 -1878.0000000000
485 -1877.0000000000
495 -1876.0000000000
497 -1875.0000000000
498 -1874.0000000000
499 -1872.0000000000
505 -1871.0000000000
508 -1870.0000000000
511 -1869.0000000000
512 -1868.0000000000
516 -1865.0000000000
517 -1864.0000000000
520 -1863.0000000000
521 -1862.0000000000
529 -1861.0000000000
547 -1860.0000000000
548 -1859.0000000000
549 -1858.0000000000
552 -1856.0000000000
554 -1855.0000000000
560 -1854.0000000000
561 -1853.0000000000
564 -1852.0000000000
575 -1851.0000000000
586 -1850.0000000000
600 -1849.0000000000
603 -1847.0000000000
612 -1846.0000000000
615 -1845.0000000000
619 -1844.0000000000
620 -1843.0000000000
626 -1842.0000000000
645 -1841.0000000000
647 -1840.0000000000
651 -1839.0000000000
652 -1838.0000000000
654 -1836.0000000000
656 -1835.0000000000
659 -1834.0000000000
663 -1833.0000000000
669 -1832.0000000000
676 -1831.0000000000
686 -1830.0000000000
690 -1829.0000000000
691 -1828.0000000000
693 -1827.0000000000
696 -1825.0000000000
697 -1824.0000000000
700 -1823.0000000000
706 -1822.0000000000
708 -1820.0000000000
712 -1819.0000000000
719 -1818.0000000000
720 -1817.0000000000
723 -1816.0000000000
726 -1815.0000000000
727 -1814.0000000000
730 -1813.0000000000
731 -1811.0000000000
732 -1810.0000000000
739 -1809.0000000000
745 -1807.0000000000
758 -1806.0000000000
761 -1804.0000000000
771 -1803.0000000000
777 -1802.0000000000
779 -1801.0000000000
782 -1800.0000000000
787 -1798.0000000000
792 -1796.0000000000
796 -1795.0000000000
803 -1794.0000000000
809 -1792.0000000000
811 -1791.0000000000
814 -1790.0000000000
824 -1788.0000000000
829 -1787.0000000000
835 -1785.0000000000
836 -1784.0000000000
840 -1783.0000000000
842 -1782.0000000000
845 -1781.0000000000
854 -1779.0000000000
859 -1778.0000000000
864 -1777.0000000000
875 -1775.0000000000
879 -1774.0000000000
880 -1772.0000000000
885 -1771.0000000000
895 -1770.0000000000
901 -1769.0000000000
914 -1767.0000000000
925 -1766.0000000000
933 -1764.0000000000
938 -1763.0000000000
940 -1762.0000000000
942 -1761.0000000000
944 -1760.0000000000
948 -1759.0000000000
954 -1758.0000000000
956 -1756.0000000000
958 -1755.0000000000
964 -1754.0000000000
974 -1753.0000000000
978 -1752.0000000000
979 -1751.0000000000
988 -1749.0000000000
990 -1747.0000000000
1000 -1745.0000000000
1003 -1744.0000000000
1008 -1742.0000000000
1010 -1741.0000000000
1018 -1739.0000000000
1023 -1738.0000000000
1032 -1737.0000000000
1034 -1736.0000000000
1035 -1735.0000000000
1038 -1734.0000000000
1039 -1733.0000000000
1040 -1732.0000000000
1043 -1731.0000000000
1053 -1730.0000000000
1062 -1729.0000000000
1064 -1728.0000000000
1089 -1726.0000000000
1096 -1725.0000000000
1097 -1724.0000000000
1099 -1722.0000000000
1102 -1721.0000000000
1104 -1720.0000000000
1115 -1719.0000000000
1117 -1717.0000000000
1121 -1716.0000000000
1123 -1715.0000000000
1137 -1714.0000000000
1146 -1712.0000000000
1148 -1711.0000000000
1149 -1710.0000000000
1151 -1709.0000000000
1153 -1708.0000000000
1154 -1706.0000000000
1155 -1705.0000000000
1157 -1703.0000000000
1158 -1702.0000000000
1168 -1701.0000000000
1170 -1700.0000000000
1172 -1699.0000000000
1176 -1697.0000000000
1177 -1696.0000000000
1183 -1695.0000000000
1184 -1694.0000000000
1186 -1693.0000000000
1189 -1692.0000000000
1191 -1691.0000000000
1193 -1689.0000000000
1195 -1688.0000000000
1211 -1686.0000000000
1212 -1685.0000000000
1222 -1684.0000000000
1224 -1683.0000000000
1227 -1681.0000000000
1231 -1680.0000000000
1239 -1678.0000000000
1241 -1676.0000000000
1243 -1675.0000000000
1246 -1674.0000000000
1250 -1673.0000000000
1256 -1672.0000000000
1257 -1671.0000000000
1261 -1670.0000000000
1276 -1669.0000000000
1283 -1667.0000000000
1287 -1666.0000000000
1290 -1665.0000000000
1291 -1663.0000000000
1297 -1662.0000000000
1301 -1660.0000000000
1305 -1659.0000000000
1306 -1658.0000000000
1307 -1657.0000000000
1308 -1655.0000000000
1311 -1654.0000000000
1319 -1653.0000000000
1322 -1652.0000000000
1325 -1650.0000000000
1338 -1649.0000000000
1345 -1648.0000000000
1347 -1647.0000000000
1351 -1645.0000000000
1353 -1644.0000000000
1354 -1643.0000000000
1355 -1642.0000000000
1356 -1640.0000000000
1359 -1639.0000000000
1360 -1638.0000000000
1363 -1637.0000000000
1364 -1636.0000000000
1368 -1634.0000000000
1377 -1633.0000000000
1378 -1632.0000000000
1383 -1631.0000000000
1399 -1629.0000000000
1401 -1628.0000000000
1411 -1627.0000000000
1412 -1626.0000000000
1414 -1625.0000000000
1429 -1624.0000000000
1431 -1623.0000000000
1452 -1622.0000000000
1454 -1621.0000000000
1470 -1620.0000000000
1471 -1619.0000000000
1472 -1618.0000000000
1474 -1617.0000000000
1476 -1616.0000000000
1483 -1615.0000000000
1486 -1614.0000000000
1489 -1613.0000000000
1509 -1611.0000000000
1512 -1610.0000000000
1515 -1608.0000000000
1516 -1606.0000000000
1523 -1605.0000000000
1526 -1603.0000000000
1534 -1602.0000000000
1535 -1601.0000000000
1537 -1600.0000000000
1540 -1599.0000000000
1542 -1598.0000000000
1545 -1597.0000000000
1546 -1596.0000000000
1547 -1595.0000000000
1552 -1594.0000000000
1559 -1593.0000000000
1563 -1592.0000000000
1564 -1591.0000000000
1576 -1590.0000000000
1586 -1589.0000000000
1597 -1588.0000000000
1605 -1587.0000000000
1615 -1586.0000000000
1616 -1585.0000000000
1619 -1584.0000000000
1620 -1582.0000000000
1627 -1581.0000000000
1632 -1580.0000000000
1636 -1579.0000000000
1640 -1578.0000000000
1654 -1577.0000000000
1657 -1576.0000000000
1660 -1575.0000000000
1668 -1574.0000000000
1672 -1573.0000000000
1679 -1572.0000000000
1686 -1570.0000000000
1688 -1568.0000000000
1691 -1567.0000000000
1696 -1566.0000000000
1702 -1565.0000000000
1704 -1564.0000000000
1728 -1561.0000000000
1734 -1560.0000000000
1735 -1559.0000000000
1739 -1558.0000000000
1741 -1557.0000000000
1745 -1555.0000000000
1746 -1554.0000000000
1748 -1553.0000000000
1749 -1552.0000000000
1754 -1551.0000000000
1757 -1550.0000000000
1758 -1549.0000000000
1760 -1547.0000000000
1763 -1546.0000000000
1765 -1545.0000000000
1766 -1544.0000000000
1767 -1543.0000000000
1773 -1542.0000000000
1781 -1541.0000000000
1783 -1540.0000000000
1784 -1539.0000000000
1786 -1538.0000000000
1793 -1537.0000000000
1798 -1536.0000000000
1800 -1535.0000000000
1826 -1534.0000000000
1828 -1533.0000000000
1829 -1532.0000000000
1830 -1531.0000000000
1832 -1530.0000000000
1837 -1529.0000000000
1860 -1528.0000000000
1862 -1524.0000000000
1867 -1523.0000000000
1874 -1521.0000000000
1879 -1520.0000000000
1884 -1519.0000000000
1888 -1517.0000000000
1904 -1515.0000000000
1908 -1514.0000000000
1914 -1513.0000000000
1915 -1512.0000000000
1916 -1510.0000000000
1918 -1509.0000000000
1923 -1508.0000000000
1940 -1506.0000000000
1960 -1503.0000000000
1963 -1502.0000000000
1966 -1501.0000000000
1969 -1500.0000000000
1971 -1499.0000000000
1976 -1498.0000000000
1978 -1497.0000000000
1984 -1496.0000000000
1999 -1495.0000000000
2010 -1494.0000000000
2017 -1493.0000000000
2024 -1492.0000000000
2025 -1491.0000000000
2031 -1489.0000000000
2036 -1488.0000000000
2040 -1487.0000000000
2044 -1486.0000000000
2045 -1485.0000000000
2051 -1484.0000000000
2063 -1483.0000000000
2068 -1482.0000000000
2071 -1480.0000000000
2082 -1479.0000000000
2085 -1478.0000000000
2089 -1476.0000000000
2092 -1475.0000000000
2098 -1474.0000000000
2100 -1473.0000000000
2111 -1472.0000000000
2114 -1471.0000000000
2118 -1470.0000000000
2120 -1469.0000000000
2126 -1468.0000000000
2137 -1467.0000000000
2146 -1466.0000000000
2147 -1465.0000000000
2148 -1464.0000000000
2152 -1463.0000000000
2155 -1462.0000000000
2161 -1461.0000000000
2176 -1460.0000000000
2177 -1459.0000000000
2178 -1458.0000000000
2180 -1457.0000000000
2185 -1456.0000000000
2187 -1455.0000000000
2189 -1452.0000000000
2201 -1451.0000000000
2221 -1450.0000000000
2226 -1449.0000000000
2241 -1448.0000000000
2266 -1447.0000000000
2272 -1446.0000000000
2281 -1445.0000000000
2286 -1444.0000000000
2288 -1443.0000000000
2292 -1442.0000000000
2294 -1441.0000000000
2305 -1440.0000000000
2306 -1438.0000000000
2308 -1437.0000000000
2311 -1436.0000000000
2314 -1434.0000000000
2317 -1433.0000000000
2323 -1432.0000000000
2338 -1431.0000000000
2340 -1430.0000000000
2348 -1429.0000000000
2351 -1427.0000000000
2352 -1426.0000000000
2356 -1425.0000000000
2360 -1424.0000000000
2366 -1423.0000000000
2367 -1422.0000000000
2371 -1421.0000000000
2373 -1419.0000000000
2390 -1418.0000000000
2397 -1417.0000000000
2398 -1416.0000000000
2400 -1415.0000000000
2401 -1414.0000000000
2403 -1413.0000000000
2407 -1411.0000000000
2414 -1409.0000000000
2415 -1408.0000000000
2417 -1407.0000000000
2418 -1406.0000000000
2424 -1405.0000000000
2459 -1404.0000000000
2475 -1403.0000000000
2477 -1402.0000000000
2496 -1401.0000000000
2509 -1399.0000000000
2526 -1398.0000000000
2550 -1397.0000000000
2552 -1396.0000000000
2557 -1395.0000000000
2560 -1394.0000000000
2563 -1393.0000000000
2567 -1392.0000000000
2568 -1391.0000000000
2576 -1390.0000000000
2580 -1389.0000000000
2592 -1388.0000000000
2604 -1387.0000000000
2618 -1386.0000000000
2620 -1385.0000000000
2631 -1384.0000000000
2635 -1382.0000000000
2650 -1381.0000000000
2655 -1380.0000000000
2662 -1379.0000000000
2665 -1377.0000000000
2682 -1376.0000000000
2685 -1375.0000000000
2691 -1374.0000000000
2698 -1373.0000000000
2699 -1372.0000000000
2700 -1371.0000000000
2707 -1370.0000000000
2708 -1369.0000000000
2716 -1368.0000000000
2717 -1367.0000000000
2718 -1365.0000000000
2729 -1364.0000000000
2730 -1363.0000000000
2736 -1362.0000000000
2742 -1361.0000000000
2745 -1360.0000000000
2747 -1359.0000000000
2750 -1358.0000000000
2755 -1357.0000000000
2763 -1355.0000000000
2765 -1354.0000000000
2766 -1353.0000000000
2773 -1352.0000000000
2782 -1349.0000000000
2786 -1348.0000000000
2788 -1346.0000000000
2802 -1345.0000000000
2817 -1344.0000000000
2824 -1343.0000000000
2826 -1342.0000000000
2835 -1341.0000000000
2836 -1340.0000000000
2838 -1339.0000000000
2840 -1338.0000000000
2841 -1337.0000000000
2848 -1336.0000000000
2855 -1335.0000000000
2857 -1333.0000000000
2859 -1332.0000000000
2860 -1330.0000000000
2861 -1329.0000000000
2868 -1328.0000000000
2870 -1326.0000000000
2872 -1324.0000000000
2875 -1323.0000000000
2879 -1321.0000000000
2881 -1320.0000000000
2889 -1319.0000000000
2890 -1318.0000000000
2891 -1317.0000000000
2906 -1316.0000000000
2910 -1314.0000000000
2919 -1313.0000000000
2924 -1311.0000000000
2933 -1310.0000000000
2947 -1309.0000000000
2949 -1308.0000000000
2963 -1307.0000000000
2969 -1306.0000000000
2972 -1305.0000000000
2974 -1304.0000000000
2983 -1302.0000000000
2986 -1301.0000000000
2991 -1300.0000000000
2994 -1299.0000000000
2998 -1298.0000000000
3003 -1297.0000000000
3008 -1296.0000000000
3009 -1294.0000000000
3011 -1293.0000000000
3012 -1292.0000000000
3020 -1291.0000000000
3027 -1289.0000000000
3034 -1288.0000000000
3039 -1287.0000000000
3045 -1286.0000000000
3048 -1285.0000000000
3049 -1284.0000000000
3052 -1283.0000000000
3064 -1282.0000000000
3069 -1281.0000000000
3079 -1280.0000000000
3084 -1279.0000000000
3090 -1278.0000000000
3111 -1277.0000000000
3114 -1276.0000000000
3116 -1274.0000000000
3121 -1273.0000000000
3124 -1272.0000000000
3127 -1271.0000000000
3129 -1270.0000000000
3138 -1269.0000000000
3142 -1268.0000000000
3159 -1267.0000000000
3168 -1266.0000000000
3169 -1265.0000000000
3172 -1264.0000000000
3177 -1263.0000000000
3181 -1262.0000000000
3184 -1261.0000000000
3186 -1260.0000000000
3194 -1259.0000000000
3201 -1258.0000000000
3205 -1257.0000000000
3216 -1255.0000000000
3218 -1254.0000000000
3224 -1253.0000000000
3246 -1251.0000000000
3257 -1250.0000000000
3265 -1249.0000000000
3267 -1248.0000000000
3273 -1247.0000000000
3278 -1246.0000000000
3284 -1245.0000000000
3302 -1244.0000000000
3305 -1243.0000000000
3309 -1242.0000000000
3316 -1241.0000000000
3325 -1240.0000000000
3330 -1239.0000000000
3334 -1238.0000000000
3337 -1237.0000000000
3339 -1236.0000000000
3341 -1235.0000000000
3351 -1234.0000000000
3356 -1233.0000000000
3363 -1231.0000000000
3364 -1230.0000000000
3366 -1229.0000000000
3370 -1228.0000000000
3372 -1227.0000000000
3377 -1226.0000000000
3379 -1224.0000000000
3382 -1223.0000000000
3383 -1222.0000000000
3385 -1221.0000000000
3386 -1220.0000000000
3399 -1219.0000000000
3406 -1217.0000000000
3409 -1216.0000000000
3423 -1215.0000000000
3428 -1214.0000000000
3457 -1213.0000000000
3458 -1212.0000000000
3465 -1211.0000000000
3474 -1210.0000000000
3483 -1209.0000000000
3498 -1208.0000000000
3504 -1207.0000000000
3523 -1206.0000000000
3535 -1205.0000000000
3557 -1204.0000000000
3577 -1202.0000000000
3579 -1201.0000000000
3582 -1200.0000000000
3588 -1199.0000000000
3592 -1198.0000000000
3596 -1197.0000000000
3602 -1196.0000000000
3607 -1195.0000000000
3624 -1194.0000000000
3653 -1193.0000000000
3657 -1192.0000000000
3661 -1191.0000000000
3685 -1190.0000000000
3701 -1189.0000000000
3710 -1188.0000000000
3722 -1187.0000000000
3725 -1186.0000000000
3727 -1185.0000000000
3731 -1184.0000000000
3734 -1183.0000000000
3736 -1182.0000000000
3745 -1181.0000000000
3756 -1180.0000000000
3758 -1179.0000000000
3764 -1178.0000000000
3765 -1177.0000000000
3774 -1175.0000000000
3787 -1174.0000000000
3788 -1173.0000000000
3792 -1172.0000000000
3793 -1171.0000000000
3797 -1170.0000000000
3802 -1169.0000000000
3803 -1168.0000000000
3822 -1167.0000000000
3840 -1165.0000000000
3843 -1164.0000000000
3847 -1162.0000000000
3858 -1160.0000000000
3863 -1159.0000000000
3864 -1158.0000000000
3868 -1157.0000000000
3875 -1155.0000000000
3879 -1154.0000000000
3883 -1153.0000000000
3884 -1151.0000000000
3899 -1150.0000000000
3905 -1149.0000000000
3909 -1148.0000000000
3912 -1147.0000000000
3915 -1146.0000000000
3917 -1145.0000000000
3921 -1144.0000000000
3922 -1143.0000000000
3928 -1142.0000000000
3932 -1141.0000000000
3940 -1140.0000000000
3962 -1139.0000000000
3967 -1138.0000000000
3968 -1137.0000000000
3971 -1136.0000000000
3980 -1135.0000000000
3990 -1134.0000000000
4004 -1133.0000000000
4006 -1132.0000000000
4007 -1131.0000000000
4008 -1130.0000000000
4014 -1129.0000000000
4021 -1128.0000000000
4039 -1127.0000000000
4044 -1126.0000000000
4045 -1125.0000000000
4047 -1124.0000000000
4053 -1122.0000000000
4070 -1120.0000000000
4077 -1119.0000000000
4088 -1118.0000000000
4099 -1117.0000000000
4100 -1116.0000000000
4103 -1115.0000000000
4104 -1114.0000000000
4107 -1113.0000000000
4115 -1112.0000000000
4118 -1111.0000000000
4127 -1110.0000000000
4128 -1109.0000000000
4131 -1108.0000000000
4136 -1107.0000000000
4140 -1106.0000000000
4148 -1105.0000000000
4150 -1104.0000000000
4158 -1103.0000000000
4160 -1102.0000000000
4164 -1101.0000000000
4170 -1100.0000000000
4173 -1098.0000000000
4174 -1097.0000000000
4187 -1096.0000000000
4207 -1094.0000000000
4215 -1092.0000000000
4219 -1091.0000000000
4239 -1090.0000000000
4240 -1088.0000000000
4247 -1087.0000000000
4248 -1085.0000000000
4250 -1084.0000000000
4262 -1083.0000000000
4291 -1082.0000000000
4296 -1081.0000000000
4309 -1079.0000000000
4312 -1078.0000000000
4315 -1077.0000000000
4325 -1076.0000000000
4328 -1075.0000000000
4329 -1073.0000000000
4335 -1071.0000000000
4341 -1070.0000000000
4348 -1069.0000000000
4349 -1068.0000000000
4351 -1067.0000000000
4353 -1066.0000000000
4354 -1065.0000000000
4361 -1064.0000000000
4363 -1063.0000000000
4365 -1062.0000000000
4366 -1060.0000000000
4377 -1059.0000000000
4383 -1057.0000000000
4393 -1056.0000000000
4421 -1054.0000000000
4438 -1053.0000000000
4445 -1052.0000000000
4448 -1051.0000000000
4456 -1050.0000000000
4458 -1049.0000000000
4459 -1048.0000000000
4465 -1047.0000000000
4466 -1046.0000000000
4477 -1045.0000000000
4499 -1044.0000000000
4502 -1043.0000000000
4511 -1042.0000000000
4519 -1041.0000000000
4522 -1040.0000000000
4523 -1038.0000000000
4532 -1037.0000000000
4535 -1036.0000000000
4556 -1035.0000000000
4563 -1034.0000000000
4583 -1033.0000000000
4590 -1032.0000000000
4595 -1031.0000000000
4607 -1030.0000000000
4613 -1029.0000000000
4624 -1028.0000000000
4630 -1027.0000000000
4636 -1026.0000000000
4637 -1025.0000000000
4639 -1024.0000000000
4649 -1023.0000000000
4661 -1022.0000000000
4674 -1021.0000000000
4676 -1019.0000000000
4681 -1018.0000000000
4690 -1017.0000000000
4692 -1016.0000000000
4694 -1015.0000000000
4719 -1014.0000000000
4735 -1013.0000000000
4767 -1012.0000000000
4770 -1009.0000000000
4771 -1008.0000000000
4777 -1007.0000000000
4781 -1006.0000000000
4785 -1005.0000000000
4792 -1004.0000000000
4798 -1003.0000000000
4802 -1002.0000000000
4809 -1001.0000000000
4825 -1000.0000000000
4827 -999.0000000000
4835 -998.0000000000
4845 -997.0000000000
4851 -996.0000000000
4877 -995.0000000000
4892 -994.0000000000
4893 -993.0000000000
4897 -992.0000000000
4899 -991.0000000000
4901 -990.0000000000
4903 -989.0000000000
4904 -988.0000000000
4907 -987.0000000000
4916 -986.0000000000
4918 -985.0000000000
4927 -984.0000000000
4928 -983.0000000000
4939 -982.0000000000
4943 -980.0000000000
4956 -979.0000000000
4970 -978.0000000000
4971 -977.0000000000
4973 -976.0000000000
4982 -975.0000000000
4993 -974.0000000000
4999 -973.0000000000
5000 -971.0000000000
5010 -970.0000000000
5027 -969.0000000000
5031 -968.0000000000
5056 -967.0000000000
5062 -966.0000000000
5063 -965.0000000000
5076 -964.0000000000
5080 -963.0000000000
5091 -962.0000000000
5092 -961.0000000000
5095 -960.0000000000
5102 -959.0000000000
5109 -958.0000000000
5141 -957.0000000000
5180 -956.0000000000
5191 -955.0000000000
5217 -954.0000000000
5223 -953.0000000000
5225 -952.0000000000
5227 -951.0000000000
5230 -950.0000000000
5236 -949.0000000000
5269 -948.0000000000
5274 -947.0000000000
5275 -946.0000000000
5280 -945.0000000000
5300 -943.0000000000
5315 -942.0000000000
5318 -941.0000000000
5328 -940.0000000000
5337 -939.0000000000
5391 -938.0000000000
5393 -937.0000000000
5398 -936.0000000000
5406 -935.0000000000
5416 -934.0000000000
5421 -932.0000000000
5422 -930.0000000000
5424 -928.0000000000
5426 -926.0000000000
5443 -925.0000000000
5459 -923.0000000000
5462 -922.0000000000
5475 -921.0000000000
5476 -920.0000000000
5477 -919.0000000000
5485 -917.0000000000
5491 -916.0000000000
5521 -915.0000000000
5526 -913.0000000000
5528 -912.0000000000
5532 -911.0000000000
5538 -910.0000000000
5544 -909.0000000000
5563 -908.0000000000
5575 -907.0000000000
5588 -906.0000000000
5590 -905.0000000000
5624 -904.0000000000
5626 -903.0000000000
5629 -902.0000000000
5637 -901.0000000000
5638 -900.0000000000
5641 -899.0000000000
5644 -898.0000000000
5659 -896.0000000000
5667 -895.0000000000
5676 -894.0000000000
5695 -893.0000000000
5711 -891.0000000000
5724 -890.0000000000
5733 -889.0000000000
5758 -888.0000000000
5765 -887.0000000000
5782 -886.0000000000
5809 -885.0000000000
5824 -884.0000000000
5829 -883.0000000000
5833 -882.0000000000
5857 -881.0000000000
5897 -879.0000000000
5909 -878.0000000000
5923 -877.0000000000
5924 -876.0000000000
5926 -875.0000000000
5954 -874.0000000000
5967 -873.0000000000
5972 -872.0000000000
5975 -871.0000000000
5978 -870.0000000000
5984 -869.0000000000
5986 -868.0000000000
5996 -866.0000000000
6000 -864.0000000000
6070 -863.0000000000
6071 -862.0000000000
6081 -861.0000000000
6088 -859.0000000000
6142 -858.0000000000
6146 -857.0000000000
6187 -855.0000000000
6192 -854.0000000000
6202 -853.0000000000
6207 -852.0000000000
6221 -851.0000000000
6249 -850.0000000000
6267 -849.0000000000
6273 -848.0000000000
6277 -847.0000000000
6304 -846.0000000000
6313 -845.0000000000
6318 -844.0000000000
6325 -843.0000000000
6346 -842.0000000000
6351 -841.0000000000
6413 -839.0000000000
6420 -838.0000000000
6449 -837.0000000000
6451 -836.0000000000
6452 -835.0000000000
6457 -834.0000000000
6497 -833.0000000000
6513 -832.0000000000
6519 -831.0000000000
6526 -830.0000000000
6534 -829.0000000000
6538 -828.0000000000
6540 -827.0000000000
6554 -826.0000000000
6561 -825.0000000000
6564 -824.0000000000
6602 -823.0000000000
6606 -822.0000000000
6615 -821.0000000000
6618 -820.0000000000
6645 -819.0000000000
6646 -818.0000000000
6660 -817.0000000000
6672 -816.0000000000
6685 -815.0000000000
6690 -814.0000000000
6695 -813.0000000000
6751 -812.0000000000
6761 -811.0000000000
6777 -810.0000000000
6790 -809.0000000000
6800 -808.0000000000
6801 -807.0000000000
6802 -806.0000000000
6806 -805.0000000000
6820 -804.0000000000
6823 -803.0000000000
6855 -801.0000000000
6867 -800.0000000000
6897 -799.0000000000
6917 -798.0000000000
6942 -797.0000000000
6945 -796.0000000000
6963 -795.0000000000
6975 -794.0000000000
6984 -793.0000000000
6985 -792.0000000000
7013 -791.0000000000
7019 -790.0000000000
7026 -789.0000000000
7034 -788.0000000000
7047 -787.0000000000
7071 -786.0000000000
7074 -785.0000000000
7077 -784.0000000000
7081 -783.0000000000
7085 -782.0000000000
7094 -781.0000000000
7095 -780.0000000000
7106 -779.0000000000
7112 -778.0000000000
7132 -776.0000000000
7135 -775.0000000000
7138 -774.0000000000
7150 -773.0000000000
7154 -772.0000000000
7177 -770.0000000000
7198 -769.0000000000
7200 -768.0000000000
7215 -767.0000000000
7223 -765.0000000000
7225 -764.0000000000
7242 -763.0000000000
7247 -762.0000000000
7255 -761.0000000000
7276 -760.0000000000
7295 -759.0000000000
7311 -757.0000000000
7356 -755.0000000000
7359 -754.0000000000
7373 -753.0000000000
7377 -752.0000000000
7396 -751.0000000000
7398 -750.0000000000
7403 -749.0000000000
7423 -748.0000000000
7428 -747.0000000000
7445 -746.0000000000
7447 -745.0000000000
7457 -744.0000000000
7466 -743.0000000000
7483 -742.0000000000
7487 -741.0000000000
7490 -740.0000000000
7501 -739.0000000000
7524 -738.0000000000
7535 -737.0000000000
7545 -736.0000000000
7550 -735.0000000000
7572 -734.0000000000
7577 -733.0000000000
7580 -732.0000000000
7591 -731.0000000000
7606 -730.0000000000
7632 -729.0000000000
7638 -728.0000000000
7644 -727.0000000000
7650 -725.0000000000
7660 -724.0000000000
7666 -723.0000000000
7667 -721.0000000000
7709 -720.0000000000
7712 -719.0000000000
7714 -718.0000000000
7727 -717.0000000000
7735 -716.0000000000
7760 -715.0000000000
7768 -714.0000000000
7769 -713.0000000000
7773 -712.0000000000
7794 -711.0000000000
7812 -710.0000000000
7814 -708.0000000000
7836 -707.0000000000
7847 -706.0000000000
7865 -705.0000000000
7886 -703.0000000000
7914 -702.0000000000
7936 -701.0000000000
7968 -700.0000000000
7982 -699.0000000000
7987 -697.0000000000
7993 -696.0000000000
8005 -695.0000000000
8011 -694.0000000000
8024 -693.0000000000
8041 -692.0000000000
8057 -691.0000000000
8059 -690.0000000000
8080 -689.0000000000
8104 -687.0000000000
8111 -686.0000000000
8115 -685.0000000000
8117 -684.0000000000
8121 -683.0000000000
8125 -682.0000000000
8154 -681.0000000000
8165 -680.0000000000
8181 -679.0000000000
8195 -678.0000000000
8202 -677.0000000000
8213 -676.0000000000
8215 -675.0000000000
8255 -674.0000000000
8269 -672.0000000000
8271 -671.0000000000
8285 -670.0000000000
8288 -669.0000000000
8297 -668.0000000000
8299 -667.0000000000
8327 -666.0000000000
8332 -665.0000000000
8341 -664.0000000000
8344 -663.0000000000
8360 -662.0000000000
8392 -661.0000000000
8394 -660.0000000000
8395 -659.0000000000
8398 -658.0000000000
8402 -657.0000000000
8425 -655.0000000000
8433 -654.0000000000
8435 -653.0000000000
8444 -652.0000000000
8453 -650.0000000000
8462 -649.0000000000
8485 -648.0000000000
8503 -647.0000000000
8505 -646.0000000000
8512 -645.0000000000
8515 -644.0000000000
8518 -643.0000000000
8546 -642.0000000000
8547 -641.0000000000
8567 -640.0000000000
8572 -639.0000000000
8580 -638.0000000000
8581 -637.0000000000
8597 -636.0000000000
8604 -635.0000000000
8623 -634.0000000000
8634 -633.0000000000
8651 -632.0000000000
8670 -631.0000000000
8684 -630.0000000000
8697 -629.0000000000
8699 -628.0000000000
8721 -627.0000000000
8732 -626.0000000000
8740 -625.0000000000
8765 -624.0000000000
8778 -623.0000000000
8782 -622.0000000000
8787 -621.0000000000
8790 -620.0000000000
8805 -619.0000000000
8819 -618.0000000000
8830 -617.0000000000
8869 -616.0000000000
8874 -615.0000000000
8883 -614.0000000000
8897 -611.0000000000
8945 -610.0000000000
8956 -609.0000000000
8963 -608.0000000000
8990 -607.0000000000
9003 -606.0000000000
9016 -605.0000000000
9022 -604.0000000000
9028 -603.0000000000
9039 -602.0000000000
9100 -601.0000000000
9120 -600.0000000000
9122 -599.0000000000
9130 -598.0000000000
9155 -597.0000000000
9165 -596.0000000000
9174 -595.0000000000
9195 -594.0000000000
9209 -593.0000000000
9222 -592.0000000000
9234 -591.0000000000
9270 -590.0000000000
9301 -589.0000000000
9306 -588.0000000000
9319 -587.0000000000
9322 -586.0000000000
9331 -585.0000000000
9341 -584.0000000000
9347 -583.0000000000
9359 -582.0000000000
9394 -581.0000000000
9415 -580.0000000000
9427 -579.0000000000
9428 -578.0000000000
9458 -577.0000000000
9461 -576.0000000000
9463 -575.0000000000
9466 -574.0000000000
9476 -573.0000000000
9484 -572.0000000000
9503 -571.0000000000
9510 -570.0000000000
9512 -569.0000000000
9514 -568.0000000000
9516 -567.0000000000
9519 -565.0000000000
9546 -563.0000000000
9553 -562.0000000000
9586 -561.0000000000
9589 -560.0000000000
9624 -559.0000000000
9627 -558.0000000000
9643 -557.0000000000
9679 -556.0000000000
9685 -555.0000000000
9725 -554.0000000000
9743 -553.0000000000
9744 -551.0000000000
9789 -550.0000000000
9790 -549.0000000000
9798 -548.0000000000
9845 -547.0000000000
9847 -546.0000000000
9850 -545.0000000000
9856 -544.0000000000
9857 -543.0000000000
9858 -542.0000000000
9873 -541.0000000000
9889 -540.0000000000
9904 -539.0000000000
9913 -538.0000000000
9928 -537.0000000000
9929 -536.0000000000
9931 -535.0000000000
9944 -534.0000000000
9946 -533.0000000000
9950 -532.0000000000
9973 -531.0000000000
9984 -530.0000000000
9985 -529.0000000000
9993 -527.0000000000
10000 -527.0000000000
evaluations raw_y
1 -1963.0000000000
3 -1962.0000000000
5 -1960.0000000000
17 -1959.0000000000
23 -1958.0000000000
28 -1957.0000000000
30 -1956.0000000000
35 -1955.0000000000
36 -1954.0000000000
39 -1953.0000000000
45 -1952.0000000000
52 -1950.0000000000
53 -1949.0000000000
58 -1947.0000000000
60 -1946.0000000000
63 -1944.0000000000
78 -1943.0000000000
81 -1941.0000000000
87 -1940.0000000000
88 -1938.0000000000
89 -1937.0000000000
95 -1936.0000000000
99 -1935.0000000000
102 -1934.0000000000
106 -1933.0000000000
118 -1932.0000000000
119 -1930.0000000000
122 -1929.0000000000
123 -1928.0000000000
130 -1927.0000000000
131 -1926.0000000000
136 -1925.0000000000
148 -1924.0000000000
151 -1923.0000000000
155 -1922.0000000000
160 -1920.0000000000
162 -1919.0000000000
163 -1918.0000000000
165 -1917.0000000000
168 -1916.0000000000
169 -1914.0000000000
175 -1913.0000000000
176 -1911.0000000000
184 -1910.0000000000
188 -1909.0000000000
189 -1908.0000000000
190 -1907.0000000000
191 -1905.0000000000
193 -1904.0000000000
202 -1903.0000000000
204 -1902.0000000000
206 -1901.0000000000
209 -1900.0000000000
211 -1899.0000000000
213 -1898.0000000000
214 -1896.0000000000
215 -1895.0000000000
219 -1894.0000000000
221 -1893.0000000000
224 -1892.0000000000
226 -1890.0000000000
230 -1889.0000000000
238 -1887.0000000000
242 -1886.0000000000
243 -1885.0000000000
244 -1884.0000000000
245 -1883.0000000000
248 -1882.0000000000
252 -1881.0000000000
254 -1878.0000000000
255 -1876.0000000000
260 -1875.0000000000
263 -1874.0000000000
264 -1873.0000000000
269 -1871.0000000000
275 -1870.0000000000
279 -1869.0000000000
283 -1868.0000000000
288 -1867.0000000000
290 -1865.0000000000
291 -1864.0000000000
296 -1863.0000000000
307 -1862.0000000000
311 -1861.0000000000
312 -1860.0000000000
315 -1858.0000000000
316 -1857.0000000000
319 -1856.0000000000
324 -1855.0000000000
327 -1854.0000000000
330 -1853.0000000000
337 -1852.0000000000
340 -1851.0000000000
342 -1850.0000000000
346 -1848.0000000000
348 -1847.0000000000
352 -1846.0000000000
354 -1845.0000000000
355 -1844.0000000000
356 -1843.0000000000
359 -1842.0000000000
367 -1841.0000000000
373 -1840.0000000000
386 -1839.0000000000
394 -1837.0000000000
395 -1836.0000000000
403 -1835.0000000000
407 -1834.0000000000
416 -1833.0000000000
419 -1832.0000000000
422 -1829.0000000000
423 -1828.0000000000
424 -1827.0000000000
446 -1826.0000000000
449 -1825.0000000000
454 -1823.0000000000
460 -1822.0000000000
465 -1820.0000000000
469 -1819.0000000000
472 -1818.0000000000
476 -1817.0000000000
477 -1816.0000000000
481 -1814.0000000000
483 -1813.0000000000
485 -1812.0000000000
501 -1811.0000000000
503 -1810.0000000000
505 -1809.0000000000
514 -1808.0000000000
515 -1807.0000000000
529 -1806.0000000000
532 -1804.0000000000
542 -1802.0000000000
543 -1800.0000000000
571 -1799.0000000000
576 -1798.0000000000
577 -1797.0000000000
587 -1796.0000000000
589 -1795.0000000000
593 -1794.0000000000
596 -1793.0000000000
598 -1792.0000000000
607 -1791.0000000000
611 -1790.0000000000
613 -1789.0000000000
614 -1787.0000000000
619 -1785.0000000000
621 -1784.0000000000
625 -1783.0000000000
631 -1782.0000000000
643 -1781.0000000000
648 -1778.0000000000
649 -1774.0000000000
650 -1773.0000000000
654 -1772.0000000000
655 -1771.0000000000
663 -1770.0000000000
665 -1769.0000000000
668 -1767.0000000000
676 -1766.0000000000
681 -1765.0000000000
685 -1764.0000000000
692 -1763.0000000000
700 -1762.0000000000
706 -1761.0000000000
708 -1760.0000000000
710 -1759.0000000000
713 -1758.0000000000
731 -1757.0000000000
734 -1756.0000000000
735 -1754.0000000000
740 -1753.0000000000
742 -1752.0000000000
744 -1751.0000000000
751 -1750.0000000000
754 -1749.0000000000
765 -1747.0000000000
770 -1746.0000000000
773 -1745.0000000000
777 -1744.0000000000
778 -1743.0000000000
781 -1742.0000000000
784 -1741.0000000000
791 -1739.0000000000
793 -1738.0000000000
799 -1737.0000000000
803 -1736.0000000000
808 -1735.0000000000
812 -1734.0000000000
816 -1733.0000000000
830 -1732.0000000000
831 -1731.0000000000
833 -1730.0000000000
835 -1729.0000000000
837 -1728.0000000000
840 -1727.0000000000
842 -1726.0000000000
854 -1725.0000000000
861 -1724.0000000000
863 -1722.0000000000
865 -1721.0000000000
870 -1719.0000000000
871 -1718.0000000000
872 -1716.0000000000
877 -1715.0000000000
902 -1714.0000000000
904 -1713.0000000000
908 -1712.0000000000
910 -1711.0000000000
918 -1710.0000000000
922 -1709.0000000000
930 -1708.0000000000
931 -1707.0000000000
938 -1705.0000000000
946 -1703.0000000000
950 -1702.0000000000
953 -1700.0000000000
954 -1698.0000000000
957 -1697.0000000000
959 -1696.0000000000
962 -1695.0000000000
971 -1694.0000000000
975 -1693.0000000000
978 -1691.0000000000
981 -1690.0000000000
986 -1689.0000000000
995 -1688.0000000000
998 -1687.0000000000
1001 -1686.0000000000
1003 -1684.0000000000
1004 -1683.0000000000
1010 -1682.0000000000
1013 -1681.0000000000
1035 -1680.0000000000
1038 -1679.0000000000
1040 -1678.0000000000
1042 -1677.0000000000
1043 -1676.0000000000
1047 -1675.0000000000
1053 -1674.0000000000
1061 -1672.0000000000
1071 -1670.0000000000
1074 -1667.0000000000
1076 -1666.0000000000
1079 -1665.0000000000
1085 -1664.0000000000
1087 -1663.0000000000
1088 -1662.0000000000
1089 -1660.0000000000
1091 -1659.0000000000
1093 -1658.0000000000
1094 -1656.0000000000
1095 -1655.0000000000
1103 -1654.0000000000
1107 -1653.0000000000
1111 -1652.0000000000
1114 -1650.0000000000
1115 -1648.0000000000
1124 -1647.0000000000
1126 -1646.0000000000
1132 -1645.0000000000
1136 -1644.0000000000
1138 -1643.0000000000
1139 -1642.0000000000
1143 -1641.0000000000
1146 -1638.0000000000
1154 -1637.0000000000
1156 -1636.0000000000
1158 -1635.0000000000
1162 -1634.0000000000
1168 -1633.0000000000
1174 -1632.0000000000
1189 -1631.0000000000
1196 -1630.0000000000
1197 -1628.0000000000
1198 -1627.0000000000
1202 -1626.0000000000
1216 -1625.0000000000
1219 -1622.0000000000
1221 -1621.0000000000
1228 -1620.0000000000
1231 -1619.0000000000
1233 -1618.0000000000
1237 -1617.0000000000
1238 -1615.0000000000
1239 -1614.0000000000
1240 -1613.0000000000
1244 -1611.0000000000
1260 -1610.0000000000
1266 -1609.0000000000
1268 -1608.0000000000
1276 -1607.0000000000
1277 -1606.0000000000
1279 -1605.0000000000
1280 -1604.0000000000
1284 -1603.0000000000
1288 -1602.0000000000
1300 -1601.0000000000
1303 -1599.0000000000
1304 -1597.0000000000
1305 -1596.0000000000
1310 -1595.0000000000
1314 -1594.0000000000
1316 -1593.0000000000
1329 -1592.0000000000
1330 -1591.0000000000
1334 -1590.0000000000
1337 -1589.0000000000
1338 -1586.0000000000
1345 -1584.0000000000
1350 -1583.0000000000
1351 -1582.0000000000
1352 -1581.0000000000
1354 -1580.0000000000
1358 -1579.0000000000
1372 -1577.0000000000
1373 -1576.0000000000
1379 -1575.0000000000
1388 -1573.0000000000
1398 -1572.0000000000
1401 -1571.0000000000
1402 -1570.0000000000
1403 -1569.0000000000
1414 -1567.0000000000
1416 -1566.0000000000
1419 -1565.0000000000
1430 -1564.0000000000
1436 -1563.0000000000
1440 -1562.0000000000
1441 -1561.0000000000
1443 -1560.0000000000
1445 -1559.0000000000
1457 -1557.0000000000
1462 -1556.0000000000
1466 -1554.0000000000
1468 -1553.0000000000
1470 -1552.0000000000
1471 -1551.0000000000
1478 -1550.0000000000
1480 -1549.0000000000
1484 -1548.0000000000
1486 -1547.0000000000
1488 -1546.0000000000
1489 -1544.0000000000
1493 -1542.0000000000
1495 -1541.0000000000
1500 -1540.0000000000
1509 -1539.0000000000
1517 -1537.0000000000
1529 -1536.0000000000
1533 -1535.0000000000
1535 -1534.0000000000
1540 -1533.0000000000
1544 -1531.0000000000
1548 -1530.0000000000
1550 -1529.0000000000
1554 -1528.0000000000
1557 -1527.0000000000
1567 -1526.0000000000
1570 -1525.0000000000
1572 -1524.0000000000
1575 -1523.0000000000
1579 -1520.0000000000
1584 -1519.0000000000
1594 -1517.0000000000
1602 -1516.0000000000
1615 -1515.0000000000
1620 -1514.0000000000
1629 -1513.0000000000
1630 -1512.0000000000
1633 -1511.0000000000
1635 -1510.0000000000
1636 -1509.0000000000
1637 -1508.0000000000
1638 -1507.0000000000
1642 -1506.0000000000
1651 -1505.0000000000
1655 -1504.0000000000
1659 -1503.0000000000
1679 -1502.0000000000
1681 -1501.0000000000
1682 -1500.0000000000
1683 -1499.0000000000
1684 -1498.0000000000
1686 -1497.0000000000
1691 -1496.0000000000
1696 -1495.0000000000
1706 -1494.0000000000
1708 -1493.0000000000
1710 -1492.0000000000
1714 -1490.0000000000
1715 -1489.0000000000
1720 -1488.0000000000
1728 -1487.0000000000
1732 -1485.0000000000
1734 -1484.0000000000
1738 -1483.0000000000
1750 -1482.0000000000
1752 -1481.0000000000
1761 -1480.0000000000
1766 -1478.0000000000
1774 -1477.0000000000
1782 -1476.0000000000
1784 -1473.0000000000
1786 -1472.0000000000
1790 -1471.0000000000
1793 -1470.0000000000
1802 -1469.0000000000
1809 -1468.0000000000
1822 -1466.0000000000
1824 -1465.0000000000
1849 -1464.0000000000
1862 -1461.0000000000
1867 -1460.0000000000
1871 -1459.0000000000
1877 -1458.0000000000
1881 -1457.0000000000
1882 -1456.0000000000
1897 -1455.0000000000
1905 -1454.0000000000
1913 -1453.0000000000
1915 -1452.0000000000
1916 -1451.0000000000
1926 -1450.0000000000
1936 -1449.0000000000
1944 -1448.0000000000
1946 -1446.0000000000
1952 -1445.0000000000
1957 -1443.0000000000
1968 -1442.0000000000
1969 -1441.0000000000
1999 -1440.0000000000
2002 -1438.0000000000
2010 -1437.0000000000
2017 -1436.0000000000
2018 -1435.0000000000
2028 -1432.0000000000
2029 -1431.0000000000
2030 -1430.0000000000
2038 -1429.0000000000
2041 -1428.0000000000
2044 -1427.0000000000
2047 -1426.0000000000
2051 -1423.0000000000
2060 -1422.0000000000
2061 -1421.0000000000
2062 -1420.0000000000
2093 -1418.0000000000
2097 -1417.0000000000
2098 -1416.0000000000
2104 -1415.0000000000
2105 -1414.0000000000
2106 -1412.0000000000
2120 -1411.0000000000
2126 -1409.0000000000
2128 -1408.0000000000
2161 -1405.0000000000
2162 -1404.0000000000
2168 -1403.0000000000
2169 -1402.0000000000
2171 -1401.0000000000
2174 -1400.0000000000
2181 -1399.0000000000
2186 -1398.0000000000
2196 -1397.0000000000
2201 -1396.0000000000
2203 -1395.0000000000
2206 -1394.0000000000
2208 -1393.0000000000
2210 -1392.0000000000
2220 -1390.0000000000
2221 -1389.0000000000
2224 -1388.0000000000
2230 -1387.0000000000
2231 -1385.0000000000
2237 -1384.0000000000
2240 -1383.0000000000
2252 -1382.0000000000
2265 -1381.0000000000
2268 -1380.0000000000
2273 -1379.0000000000
2281 -1378.0000000000
2283 -1377.0000000000
2288 -1376.0000000000
2292 -1375.0000000000
2302 -1374.0000000000
2307 -1373.0000000000
2321 -1372.0000000000
2337 -1371.0000000000
2363 -1370.0000000000
2367 -1369.0000000000
2375 -1368.0000000000
2384 -1367.0000000000
2392 -1366.0000000000
2399 -1365.0000000000
2401 -1364.0000000000
2402 -1363.0000000000
2416 -1362.0000000000
2423 -1361.0000000000
2429 -1360.0000000000
2448 -1359.0000000000
2451 -1358.0000000000
2452 -1356.0000000000
2456 -1355.0000000000
2467 -1354.0000000000
2471 -1353.0000000000
2482 -1352.0000000000
2503 -1351.0000000000
2505 -1349.0000000000
2528 -1348.0000000000
2538 -1345.0000000000
2553 -1343.0000000000
2554 -1342.0000000000
2558 -1340.0000000000
2559 -1339.0000000000
2564 -1338.0000000000
2571 -1337.0000000000
2572 -1336.0000000000
2598 -1335.0000000000
2606 -1334.0000000000
2607 -1333.0000000000
2627 -1331.0000000000
2637 -1330.0000000000
2638 -1328.0000000000
2654 -1327.0000000000
2655 -1326.0000000000
2660 -1325.0000000000
2671 -1324.0000000000
2681 -1323.0000000000
2683 -1322.0000000000
2687 -1321.0000000000
2691 -1319.0000000000
2705 -1318.0000000000
2708 -1315.0000000000
2711 -1313.0000000000
2714 -1312.0000000000
2716 -1311.0000000000
2729 -1310.0000000000
2732 -1308.0000000000
2751 -1307.0000000000
2754 -1306.0000000000
2759 -1305.0000000000
2766 -1303.0000000000
2769 -1302.0000000000
2770 -1301.0000000000
2771 -1300.0000000000
2772 -1299.0000000000
2773 -1296.0000000000
2777 -1295.0000000000
2784 -1294.0000000000
2785 -1293.0000000000
2788 -1292.0000000000
2789 -1291.0000000000
2798 -1290.0000000000
2799 -1289.0000000000
2802 -1287.0000000000
2804 -1285.0000000000
2817 -1284.0000000000
2825 -1282.0000000000
2831 -1281.0000000000
2833 -1280.0000000000
2837 -1279.0000000000
2844 -1278.0000000000
2845 -1277.0000000000
2852 -1276.0000000000
2853 -1274.0000000000
2864 -1273.0000000000
2868 -1272.0000000000
2873 -1271.0000000000
2877 -1270.0000000000
2881 -1269.0000000000
2887 -1268.0000000000
2890 -1267.0000000000
2894 -1266.0000000000
2896 -1264.0000000000
2915 -1263.0000000000
2922 -1261.0000000000
2937 -1260.0000000000
2950 -1259.0000000000
2951 -1258.0000000000
2954 -1256.0000000000
2958 -1255.0000000000
2962 -1254.0000000000
2963 -1253.0000000000
2967 -1252.0000000000
2974 -1251.0000000000
2976 -1250.0000000000
2978 -1249.0000000000
2979 -1247.0000000000
2982 -1245.0000000000
2983 -1243.0000000000
2989 -1242.0000000000
2992 -1241.0000000000
2993 -1240.0000000000
2996 -1239.0000000000
2998 -1238.0000000000
3005 -1237.0000000000
3038 -1236.0000000000
3049 -1235.0000000000
3056 -1234.0000000000
3063 -1233.0000000000
3079 -1232.0000000000
3080 -1231.0000000000
3091 -1229.0000000000
3092 -1228.0000000000
3096 -1227.0000000000
3100 -1226.0000000000
3104 -1225.0000000000
3107 -1224.0000000000
3113 -1223.0000000000
3119 -1222.0000000000
3124 -1221.0000000000
3125 -1220.0000000000
3133 -1218.0000000000
3135 -1217.0000000000
3136 -1216.0000000000
3138 -1215.0000000000
3140 -1213.0000000000
3161 -1211.0000000000
3162 -1210.0000000000
3166 -1209.0000000000
3172 -1208.0000000000
3177 -1207.0000000000
3185 -1205.0000000000
3200 -1204.0000000000
3212 -1203.0000000000
3215 -1201.0000000000
3220 -1199.0000000000
3225 -1198.0000000000
3237 -1197.0000000000
3250 -1196.0000000000
3257 -1195.0000000000
3266 -1194.0000000000
3272 -1193.0000000000
3275 -1192.0000000000
3285 -1190.0000000000
3299 -1188.0000000000
3309 -1187.0000000000
3315 -1186.0000000000
3319 -1185.0000000000
3320 -1183.0000000000
3323 -1181.0000000000
3324 -1180.0000000000
3328 -1178.0000000000
3333 -1177.0000000000
3335 -1176.0000000000
3336 -1174.0000000000
3342 -1173.0000000000
3347 -1172.0000000000
3358 -1170.0000000000
3359 -1169.0000000000
3373 -1168.0000000000
3388 -1167.0000000000
3393 -1165.0000000000
3397 -1164.0000000000
3399 -1163.0000000000
3429 -1162.0000000000
3430 -1161.0000000000
3436 -1160.0000000000
3458 -1159.0000000000
3462 -1158.0000000000
3464 -1157.0000000000
3487 -1156.0000000000
3508 -1155.0000000000
3513 -1154.0000000000
3522 -1152.0000000000
3523 -1151.0000000000
3527 -1149.0000000000
3530 -1148.0000000000
3531 -1147.0000000000
3537 -1146.0000000000
3550 -1145.0000000000
3563 -1144.0000000000
3568 -1143.0000000000
3570 -1142.0000000000
3575 -1141.0000000000
3583 -1138.0000000000
3586 -1137.0000000000
3591 -1136.0000000000
3593 -1135.0000000000
3600 -1134.0000000000
3607 -1133.0000000000
3617 -1132.0000000000
3619 -1131.0000000000
3629 -1129.0000000000
3636 -1128.0000000000
3648 -1127.0000000000
3657 -1126.0000000000
3665 -1125.0000000000
3676 -1124.0000000000
3679 -1123.0000000000
3683 -1122.0000000000
3691 -1121.0000000000
3699 -1120.0000000000
3707 -1119.0000000000
3715 -1118.0000000000
3717 -1117.0000000000
3732 -1116.0000000000
3748 -1114.0000000000
3769 -1113.0000000000
3772 -1112.0000000000
3776 -1111.0000000000
3787 -1110.0000000000
3806 -1109.0000000000
3813 -1108.0000000000
3816 -1105.0000000000
3818 -1103.0000000000
3820 -1102.0000000000
3837 -1101.0000000000
3845 -1100.0000000000
3850 -1099.0000000000
3857 -1098.0000000000
3864 -1096.0000000000
3871 -1095.0000000000
3898 -1094.0000000000
3899 -1092.0000000000
3900 -1091.0000000000
3903 -1089.0000000000
3911 -1087.0000000000
3912 -1086.0000000000
3919 -1084.0000000000
3923 -1083.0000000000
3929 -1082.0000000000
3936 -1081.0000000000
3937 -1080.0000000000
3939 -1079.0000000000
3943 -1078.0000000000
3952 -1077.0000000000
3953 -1075.0000000000
3971 -1074.0000000000
3978 -1072.0000000000
3991 -1071.0000000000
4000 -1070.0000000000
4003 -1069.0000000000
4014 -1068.0000000000
4015 -1067.0000000000
4030 -1066.0000000000
4037 -1065.0000000000
4040 -1064.0000000000
4048 -1063.0000000000
4054 -1062.0000000000
4055 -1061.0000000000
4057 -1060.0000000000
4059 -1058.0000000000
4060 -1057.0000000000
4076 -1056.0000000000
4079 -1055.0000000000
4081 -1054.0000000000
4090 -1053.0000000000
4098 -1052.0000000000
4101 -1051.0000000000
4125 -1050.0000000000
4171 -1049.0000000000
4180 -1048.0000000000
4184 -1047.0000000000
4191 -1046.0000000000
4194 -1045.0000000000
4198 -1044.0000000000
4218 -1042.0000000000
4221 -1041.0000000000
4232 -1040.0000000000
4240 -1039.0000000000
4254 -1037.0000000000
4262 -1036.0000000000
4267 -1035.0000000000
4271 -1034.0000000000
4272 -1033.0000000000
4301 -1032.0000000000
4304 -1031.0000000000
4311 -1029.0000000000
4325 -1028.0000000000
4329 -1027.0000000000
4353 -1026.0000000000
4359 -1025.0000000000
4361 -1024.0000000000
4366 -1023.0000000000
4386 -1022.0000000000
4390 -1021.0000000000
4405 -1020.0000000000
4421 -1019.0000000000
4438 -1018.0000000000
4479 -1017.0000000000
4480 -1016.0000000000
4483 -1015.0000000000
4486 -1014.0000000000
4499 -1013.0000000000
4508 -1012.0000000000
4522 -1011.0000000000
4551 -1010.0000000000
4552 -1009.0000000000
4553 -1008.0000000000
4577 -1007.0000000000
4589 -1006.0000000000
4593 -1005.0000000000
4594 -1004.0000000000
4600 -1003.0000000000
4604 -1001.0000000000
4608 -1000.0000000000
4625 -999.0000000000
4635 -998.0000000000
4639 -996.0000000000
4641 -995.0000000000
4645 -994.0000000000
4660 -992.0000000000
4666 -991.0000000000
4693 -990.0000000000
4694 -989.0000000000
4709 -988.0000000000
4724 -987.0000000000
4752 -986.0000000000
4761 -985.0000000000
4765 -983.0000000000
4766 -982.0000000000
4768 -981.0000000000
4769 -980.0000000000
4771 -979.0000000000
4783 -977.0000000000
4786 -976.0000000000
4796 -975.0000000000
4800 -973.0000000000
4802 -971.0000000000
4807 -970.0000000000
4821 -969.0000000000
4824 -968.0000000000
4832 -967.0000000000
4838 -966.0000000000
4859 -965.0000000000
4861 -964.0000000000
4867 -963.0000000000
4870 -962.0000000000
4872 -961.0000000000
4880 -960.0000000000
4912 -959.0000000000
4913 -958.0000000000
4914 -957.0000000000
4915 -956.0000000000
4919 -954.0000000000
4934 -953.0000000000
4953 -952.0000000000
4961 -951.0000000000
4970 -950.0000000000
4976 -949.0000000000
4984 -948.0000000000
5027 -947.0000000000
5045 -946.0000000000
5068 -945.0000000000
5070 -944.0000000000
5071 -943.0000000000
5072 -942.0000000000
5091 -941.0000000000
5094 -938.0000000000
5110 -937.0000000000
5128 -936.0000000000
5135 -935.0000000000
5150 -934.0000000000
5156 -933.0000000000
5192 -932.0000000000
5198 -931.0000000000
5212 -930.0000000000
5214 -929.0000000000
5215 -928.0000000000
5222 -927.0000000000
5224 -926.0000000000
5238 -925.0000000000
5239 -924.0000000000
5250 -923.0000000000
5252 -922.0000000000
5258 -921.0000000000
5261 -920.0000000000
5270 -919.0000000000
5283 -918.0000000000
5292 -917.0000000000
5304 -916.0000000000
5321 -915.0000000000
5326 -914.0000000000
5339 -913.0000000000
5343 -912.0000000000
5351 -911.0000000000
5355 -910.0000000000
5365 -909.0000000000
5366 -908.0000000000
5376 -907.0000000000
5391 -906.0000000000
5396 -905.0000000000
5404 -904.0000000000
5415 -903.0000000000
5416 -902.0000000000
5418 -901.0000000000
5429 -900.0000000000
5435 -899.0000000000
5445 -898.0000000000
5451 -897.0000000000
5452 -896.0000000000
5487 -894.0000000000
5491 -891.0000000000
5492 -890.0000000000
5495 -889.0000000000
5499 -888.0000000000
5514 -887.0000000000
5548 -886.0000000000
5550 -885.0000000000
5552 -884.0000000000
5566 -883.0000000000
5568 -882.0000000000
5591 -880.0000000000
5597 -878.0000000000
5622 -877.0000000000
5641 -876.0000000000
5647 -875.0000000000
5672 -874.0000000000
5687 -873.0000000000
5695 -872.0000000000
5706 -870.0000000000
5720 -869.0000000000
5728 -868.0000000000
5735 -867.0000000000
5745 -866.0000000000
5805 -863.0000000000
5811 -862.0000000000
5817 -861.0000000000
5820 -860.0000000000
5828 -859.0000000000
5837 -858.0000000000
5842 -857.0000000000
5853 -856.0000000000
5854 -855.0000000000
5920 -854.0000000000
5923 -853.0000000000
5924 -852.0000000000
5926 -851.0000000000
5927 -850.0000000000
5929 -848.0000000000
5942 -846.0000000000
5950 -845.0000000000
5960 -844.0000000000
5961 -843.0000000000
5968 -842.0000000000
5976 -841.0000000000
5981 -840.0000000000
5984 -839.0000000000
5995 -838.0000000000
6019 -836.0000000000
6028 -835.0000000000
6033 -834.0000000000
6044 -833.0000000000
6077 -832.0000000000
6086 -831.0000000000
6091 -830.0000000000
6102 -829.0000000000
6118 -828.0000000000
6120 -827.0000000000
6121 -826.0000000000
6129 -825.0000000000
6135 -824.0000000000
6137 -823.0000000000
6143 -822.0000000000
6144 -821.0000000000
6148 -820.0000000000
6151 -819.0000000000
6159 -818.0000000000
6161 -817.0000000000
6166 -816.0000000000
6167 -815.0000000000
6168 -813.0000000000
6179 -811.0000000000
6183 -810.0000000000
6192 -809.0000000000
6203 -808.0000000000
6241 -807.0000000000
6245 -806.0000000000
6262 -805.0000000000
6274 -804.0000000000
6281 -803.0000000000
6286 -802.0000000000
6289 -800.0000000000
6290 -799.0000000000
6296 -798.0000000000
6300 -796.0000000000
6310 -794.0000000000
6329 -793.0000000000
6339 -792.0000000000
6352 -791.0000000000
6358 -790.0000000000
6373 -789.0000000000
6395 -788.0000000000
6409 -787.0000000000
6427 -786.0000000000
6431 -785.0000000000
6434 -783.0000000000
6446 -781.0000000000
6450 -780.0000000000
6465 -779.0000000000
6480 -778.0000000000
6482 -777.0000000000
6489 -776.0000000000
6497 -775.0000000000
6502 -774.0000000000
6529 -773.0000000000
6537 -772.0000000000
6540 -771.0000000000
6544 -770.0000000000
6580 -769.0000000000
6585 -768.0000000000
6601 -767.0000000000
6605 -766.0000000000
6617 -765.0000000000
6625 -763.0000000000
6627 -761.0000000000
6629 -760.0000000000
6630 -759.0000000000
6636 -758.0000000000
6637 -757.0000000000
6640 -756.0000000000
6647 -755.0000000000
6684 -754.0000000000
6687 -753.0000000000
6702 -752.0000000000
6729 -751.0000000000
6732 -750.0000000000
6742 -749.0000000000
6746 -748.0000000000
6747 -747.0000000000
6754 -745.0000000000
6763 -744.0000000000
6772 -743.0000000000
6782 -742.0000000000
6790 -741.0000000000
6846 -740.0000000000
6864 -739.0000000000
6870 -738.0000000000
6898 -736.0000000000
6900 -735.0000000000
6906 -734.0000000000
6914 -733.0000000000
6915 -732.0000000000
6916 -731.0000000000
6931 -730.0000000000
6975 -729.0000000000
6981 -728.0000000000
6992 -727.0000000000
7007 -726.0000000000
7016 -725.0000000000
7018 -724.0000000000
7022 -722.0000000000
7039 -721.0000000000
7044 -720.0000000000
7056 -719.0000000000
7067 -718.0000000000
7069 -717.0000000000
7070 -716.0000000000
7111 -715.0000000000
7126 -714.0000000000
7129 -713.0000000000
7150 -712.0000000000
7165 -711.0000000000
7177 -710.0000000000
7185 -709.0000000000
7194 -708.0000000000
7215 -705.0000000000
7216 -704.0000000000
7249 -703.0000000000
7260 -702.0000000000
7273 -701.0000000000
7298 -700.0000000000
7304 -699.0000000000
7305 -698.0000000000
7315 -697.0000000000
7321 -696.0000000000
7322 -695.0000000000
7324 -694.0000000000
7327 -693.0000000000
7355 -692.0000000000
7362 -691.0000000000
7388 -690.0000000000
7391 -689.0000000000
7422 -688.0000000000
7441 -685.0000000000
7469 -684.0000000000
7487 -682.0000000000
7493 -681.0000000000
7498 -680.0000000000
7526 -679.0000000000
7536 -678.0000000000
7542 -676.0000000000
7543 -675.0000000000
7550 -674.0000000000
7565 -673.0000000000
7577 -672.0000000000
7613 -671.0000000000
7646 -670.0000000000
7675 -669.0000000000
7693 -668.0000000000
7763 -667.0000000000
7776 -666.0000000000
7777 -665.0000000000
7828 -664.0000000000
7872 -663.0000000000
7892 -662.0000000000
7893 -661.0000000000
7944 -660.0000000000
7956 -659.0000000000
7995 -658.0000000000
8014 -657.0000000000
8019 -656.0000000000
8022 -655.0000000000
8078 -654.0000000000
8097 -653.0000000000
8108 -652.0000000000
8144 -651.0000000000
8154 -650.0000000000
8156 -649.0000000000
8162 -648.0000000000
8174 -647.0000000000
8184 -645.0000000000
8209 -644.0000000000
8219 -643.0000000000
8224 -642.0000000000
8248 -641.0000000000
8260 -640.0000000000
8273 -639.0000000000
8318 -638.0000000000
8329 -637.0000000000
8360 -636.0000000000
8367 -635.0000000000
8392 -634.0000000000
8395 -633.0000000000
8425 -632.0000000000
8449 -631.0000000000
8469 -630.0000000000
8473 -629.0000000000
8476 -628.0000000000
8479 -627.0000000000
8487 -626.0000000000
8494 -625.0000000000
8528 -624.0000000000
8535 -623.0000000000
8540 -622.0000000000
8582 -621.0000000000
8589 -620.0000000000
8597 -619.0000000000
8641 -618.0000000000
8670 -617.0000000000
8700 -616.0000000000
8710 -615.0000000000
8727 -614.0000000000
8734 -613.0000000000
8746 -612.0000000000
8748 -611.0000000000
8803 -610.0000000000
8807 -609.0000000000
8820 -608.0000000000
8821 -607.0000000000
8823 -606.0000000000
8829 -605.0000000000
8831 -604.0000000000
8849 -603.0000000000
8867 -602.0000000000
8874 -601.0000000000
8887 -600.0000000000
8914 -599.0000000000
8933 -598.0000000000
8934 -597.0000000000
8940 -596.0000000000
8959 -595.0000000000
8964 -594.0000000000
8968 -593.0000000000
8977 -592.0000000000
8988 -591.0000000000
9006 -590.0000000000
9036 -589.0000000000
9038 -588.0000000000
9047 -587.0000000000
9053 -585.0000000000
9068 -584.0000000000
9079 -583.0000000000
9144 -582.0000000000
9174 -581.0000000000
9213 -580.0000000000
9220 -579.0000000000
9234 -578.0000000000
9239 -577.0000000000
9240 -576.0000000000
9243 -575.0000000000
9251 -574.0000000000
9269 -573.0000000000
9280 -572.0000000000
9282 -571.0000000000
9289 -570.0000000000
9303 -568.0000000000
9307 -567.0000000000
9353 -565.0000000000
9372 -564.0000000000
9430 -563.0000000000
9437 -562.0000000000
9494 -561.0000000000
9511 -560.0000000000
9516 -559.0000000000
9524 -558.0000000000
9526 -557.0000000000
9540 -556.0000000000
9547 -555.0000000000
9557 -554.0000000000
9566 -553.0000000000
9574 -552.0000000000
9579 -550.0000000000
9581 -549.0000000000
9609 -548.0000000000
9625 -547.0000000000
9636 -546.0000000000
9652 -545.0000000000
9676 -544.0000000000
9713 -543.0000000000
9714 -542.0000000000
9725 -541.0000000000
9732 -540.0000000000
9752 -539.0000000000
9791 -538.0000000000
9820 -537.0000000000
9832 -536.0000000000
9839 -535.0000000000
9848 -534.0000000000
9865 -533.0000000000
9870 -532.0000000000
9911 -531.0000000000
9946 -530.0000000000
9989 -529.0000000000
10000 -529.0000000000
evaluations raw_y
1 -2041.0000000000
5 -2040.0000000000
13 -2039.0000000000
16 -2037.0000000000
18 -2036.0000000000
23 -2035.0000000000
24 -2034.0000000000
25 -2033.0000000000
26 -2032.0000000000
27 -2031.0000000000
29 -2030.0000000000
31 -2029.0000000000
37 -2028.0000000000
40 -2027.0000000000
42 -2026.0000000000
48 -2025.0000000000
62 -2024.0000000000
65 -2023.0000000000
66 -2022.0000000000
68 -2021.0000000000
71 -2020.0000000000
73 -2019.0000000000
77 -2018.0000000000
81 -2017.0000000000
82 -2016.0000000000
85 -2015.0000000000
89 -2014.0000000000
94 -2013.0000000000
98 -2012.0000000000
100 -2010.0000000000
104 -2007.0000000000
106 -2006.0000000000
109 -2005.0000000000
111 -2004.0000000000
115 -2002.0000000000
116 -2000.0000000000
122 -1999.0000000000
123 -1998.0000000000
127 -1997.0000000000
132 -1996.0000000000
134 -1995.0000000000
142 -1994.0000000000
143 -1993.0000000000
145 -1992.0000000000
146 -1991.0000000000
148 -1990.0000000000
150 -1989.0000000000
159 -1988.0000000000
160 -1986.0000000000
161 -1985.0000000000
163 -1984.0000000000
165 -1982.0000000000
168 -1981.0000000000
170 -1980.0000000000
174 -1979.0000000000
182 -1978.0000000000
183 -1977.0000000000
185 -1976.0000000000
192 -1975.0000000000
195 -1973.0000000000
198 -1971.0000000000
199 -1970.0000000000
212 -1969.0000000000
222 -1968.0000000000
223 -1966.0000000000
224 -1965.0000000000
227 -1964.0000000000
228 -1961.0000000000
233 -1959.0000000000
243 -1957.0000000000
244 -1956.0000000000
246 -1955.0000000000
247 -1954.0000000000
251 -1953.0000000000
254 -1950.0000000000
258 -1949.0000000000
266 -1948.0000000000
268 -1947.0000000000
273 -1946.0000000000
274 -1945.0000000000
275 -1944.0000000000
278 -1943.0000000000
280 -1942.0000000000
284 -1941.0000000000
290 -1940.0000000000
291 -1938.0000000000
293 -1937.0000000000
296 -1936.0000000000
301 -1935.0000000000
304 -1934.0000000000
308 -1933.0000000000
310 -1931.0000000000
311 -1930.0000000000
315 -1928.0000000000
316 -1927.0000000000
320 -1926.0000000000
333 -1923.0000000000
335 -1922.0000000000
341 -1921.0000000000
342 -1919.0000000000
362 -1916.0000000000
366 -1915.0000000000
368 -1913.0000000000
372 -1912.0000000000
376 -1911.0000000000
379 -1910.0000000000
380 -1909.0000000000
385 -1908.0000000000
386 -1906.0000000000
389 -1904.0000000000
396 -1903.0000000000
402 -1902.0000000000
412 -1901.0000000000
413 -1900.0000000000
414 -1899.0000000000
424 -1898.0000000000
425 -1895.0000000000
429 -1894.0000000000
431 -1893.0000000000
436 -1892.0000000000
439 -1891.0000000000
440 -1890.0000000000
446 -1888.0000000000
447 -1887.0000000000
449 -1886.0000000000
450 -1885.0000000000
452 -1884.0000000000
455 -1883.0000000000
459 -1882.0000000000
461 -1881.0000000000
472 -1879.0000000000
475 -1877.0000000000
478 -1876.0000000000
482 -1875.0000000000
487 -1874.0000000000
497 -1873.0000000000
498 -1871.0000000000
501 -1870.0000000000
502 -1869.0000000000
512 -1868.0000000000
514 -1867.0000000000
516 -1866.0000000000
518 -1864.0000000000
524 -1863.0000000000
527 -1862.0000000000
531 -1860.0000000000
535 -1858.0000000000
537 -1857.0000000000
541 -1856.0000000000
545 -1855.0000000000
546 -1853.0000000000
549 -1852.0000000000
550 -1851.0000000000
555 -1850.0000000000
557 -1848.0000000000
560 -1847.0000000000
565 -1846.0000000000
570 -1845.0000000000
576 -1844.0000000000
577 -1843.0000000000
582 -1842.0000000000
587 -1841.0000000000
588 -1840.0000000000
590 -1838.0000000000
593 -1836.0000000000
595 -1835.0000000000
604 -1834.0000000000
608 -1833.0000000000
611 -1831.0000000000
612 -1830.0000000000
615 -1829.0000000000
616 -1828.0000000000
622 -1826.0000000000
623 -1825.0000000000
634 -1824.0000000000
635 -1823.0000000000
638 -1822.0000000000
644 -1821.0000000000
645 -1820.0000000000
649 -1819.0000000000
651 -1818.0000000000
654 -1817.0000000000
665 -1816.0000000000
667 -1815.0000000000
668 -1812.0000000000
671 -1811.0000000000
673 -1810.0000000000
675 -1809.0000000000
685 -1808.0000000000
694 -1805.0000000000
700 -1804.0000000000
705 -1802.0000000000
707 -1799.0000000000
708 -1798.0000000000
709 -1795.0000000000
719 -1794.0000000000
721 -1793.0000000000
733 -1792.0000000000
735 -1791.0000000000
742 -1790.0000000000
751 -1789.0000000000
754 -1788.0000000000
755 -1787.0000000000
756 -1786.0000000000
761 -1785.0000000000
766 -1784.0000000000
773 -1783.0000000000
780 -1782.0000000000
784 -1781.0000000000
785 -1780.0000000000
787 -1779.0000000000
789 -1778.0000000000
792 -1777.0000000000
794 -1775.0000000000
798 -1774.0000000000
800 -1773.0000000000
806 -1772.0000000000
811 -1771.0000000000
812 -1770.0000000000
815 -1769.0000000000
817 -1768.0000000000
818 -1767.0000000000
826 -1766.0000000000
832 -1764.0000000000
835 -1763.0000000000
859 -1762.0000000000
863 -1761.0000000000
865 -1760.0000000000
868 -1759.0000000000
869 -1758.0000000000
870 -1757.0000000000
872 -1756.0000000000
876 -1755.0000000000
885 -1753.0000000000
892 -1752.0000000000
893 -1750.0000000000
897 -1749.0000000000
907 -1748.0000000000
909 -1747.0000000000
910 -1746.0000000000
912 -1745.0000000000
916 -1744.0000000000
917 -1743.0000000000
924 -1742.0000000000
925 -1741.0000000000
946 -1740.0000000000
952 -1739.0000000000
958 -1738.0000000000
966 -1737.0000000000
967 -1736.0000000000
979 -1735.0000000000
981 -1734.0000000000
995 -1733.0000000000
996 -1732.0000000000
997 -1731.0000000000
1001 -1730.0000000000
1004 -1728.0000000000
1017 -1727.0000000000
1018 -1726.0000000000
1019 -1725.0000000000
1021 -1721.0000000000
1025 -1720.0000000000
1026 -1719.0000000000
1031 -1718.0000000000
1033 -1717.0000000000
1037 -1716.0000000000
1045 -1715.0000000000
1048 -1714.0000000000
1049 -1713.0000000000
1051 -1712.0000000000
1053 -1711.0000000000
1068 -1710.0000000000
1074 -1709.0000000000
1078 -1708.0000000000
1085 -1706.0000000000
1092 -1705.0000000000
1094 -1703.0000000000
1097 -1702.0000000000
1100 -1699.0000000000
1107 -1698.0000000000
1119 -1697.0000000000
1126 -1696.0000000000
1131 -1695.0000000000
1133 -1694.0000000000
1140 -1693.0000000000
1152 -1692.0000000000
1154 -1691.0000000000
1157 -1690.0000000000
1159 -1689.0000000000
1165 -1688.0000000000
1170 -1687.0000000000
1178 -1686.0000000000
1179 -1685.0000000000
1180 -1684.0000000000
1191 -1683.0000000000
1193 -1682.0000000000
1207 -1681.0000000000
1212 -1680.0000000000
1214 -1679.0000000000
1233 -1678.0000000000
1235 -1677.0000000000
1241 -1676.0000000000
1247 -1675.0000000000
1251 -1674.0000000000
1261 -1673.0000000000
1262 -1671.0000000000
1264 -1670.0000000000
1267 -1668.0000000000
1269 -1667.0000000000
1272 -1664.0000000000
1274 -1661.0000000000
1277 -1660.0000000000
1287 -1659.0000000000
1288 -1658.0000000000
1289 -1657.0000000000
1291 -1656.0000000000
1292 -1655.0000000000
1300 -1654.0000000000
1305 -1652.0000000000
1306 -1651.0000000000
1310 -1650.0000000000
1312 -1648.0000000000
1332 -1647.0000000000
1346 -1646.0000000000
1349 -1645.0000000000
1362 -1644.0000000000
1364 -1643.0000000000
1368 -1642.0000000000
1369 -1641.0000000000
1370 -1640.0000000000
1372 -1639.0000000000
1375 -1638.0000000000
1376 -1637.0000000000
1379 -1636.0000000000
1381 -1635.0000000000
1382 -1633.0000000000
1399 -1632.0000000000
1401 -1631.0000000000
1403 -1630.0000000000
1405 -1629.0000000000
1411 -1628.0000000000
1413 -1627.0000000000
1414 -1626.0000000000
1418 -1624.0000000000
1422 -1623.0000000000
1423 -1622.0000000000
1431 -1621.0000000000
1433 -1620.0000000000
1444 -1619.0000000000
1450 -1618.0000000000
1466 -1617.0000000000
1469 -1616.0000000000
1470 -1615.0000000000
1473 -1614.0000000000
1477 -1613.0000000000
1478 -1612.0000000000
1482 -1611.0000000000
1485 -1610.0000000000
1507 -1609.0000000000
1509 -1608.0000000000
1515 -1607.0000000000
1516 -1606.0000000000
1523 -1605.0000000000
1526 -1604.0000000000
1527 -1603.0000000000
1528 -1602.0000000000
1529 -1601.0000000000
1533 -1599.0000000000
1542 -1598.0000000000
1544 -1597.0000000000
1551 -1595.0000000000
1553 -1594.0000000000
1557 -1593.0000000000
1560 -1592.0000000000
1573 -1591.0000000000
1582 -1590.0000000000
1584 -1589.0000000000
1596 -1588.0000000000
1606 -1587.0000000000
1607 -1586.0000000000
1609 -1585.0000000000
1611 -1583.0000000000
1614 -1582.0000000000
1615 -1581.0000000000
1629 -1578.0000000000
1643 -1577.0000000000
1655 -1576.0000000000
1662 -1575.0000000000
1672 -1574.0000000000
1676 -1573.0000000000
1686 -1572.0000000000
1687 -1571.0000000000
1693 -1570.0000000000
1702 -1569.0000000000
1711 -1568.0000000000
1713 -1567.0000000000
1714 -1566.0000000000
1722 -1565.0000000000
1730 -1563.0000000000
1733 -1562.0000000000
1735 -1561.0000000000
1744 -1560.0000000000
1748 -1559.0000000000
1759 -1558.0000000000
1765 -1557.0000000000
1768 -1556.0000000000
1771 -1555.0000000000
1777 -1553.0000000000
1789 -1552.0000000000
1790 -1551.0000000000
1796 -1550.0000000000
1799 -1549.0000000000
1802 -1548.0000000000
1803 -1547.0000000000
1804 -1546.0000000000
1806 -1545.0000000000
1827 -1544.0000000000
1843 -1543.0000000000
1847 -1542.0000000000
1854 -1541.0000000000
1855 -1539.0000000000
1857 -1538.0000000000
1860 -1537.0000000000
1863 -1536.0000000000
1867 -1534.0000000000
1873 -1533.0000000000
1889 -1532.0000000000
1906 -1531.0000000000
1910 -1530.0000000000
1919 -1529.0000000000
1922 -1528.0000000000
1924 -1527.0000000000
1928 -1526.0000000000
1929 -1524.0000000000
1930 -1523.0000000000
1934 -1522.0000000000
1937 -1521.0000000000
1941 -1520.0000000000
1943 -1519.0000000000
1952 -1518.0000000000
1963 -1517.0000000000
1970 -1516.0000000000
1971 -1515.0000000000
1975 -1514.0000000000
1986 -1513.0000000000
1989 -1512.0000000000
1990 -1511.0000000000
2002 -1510.0000000000
2005 -1509.0000000000
2007 -1507.0000000000
2009 -1506.0000000000
2013 -1505.0000000000
2015 -1503.0000000000
2024 -1502.0000000000
2028 -1501.0000000000
2029 -1500.0000000000
2030 -1499.0000000000
2031 -1497.0000000000
2038 -1496.0000000000
2040 -1495.0000000000
2041 -1494.0000000000
2052 -1493.0000000000
2057 -1492.0000000000
2060 -1491.0000000000
2068 -1490.0000000000
2075 -1489.0000000000
2084 -1488.0000000000
2085 -1487.0000000000
2095 -1486.0000000000
2102 -1485.0000000000
2105 -1484.0000000000
2107 -1483.0000000000
2111 -1481.0000000000
2112 -1480.0000000000
2117 -1479.0000000000
2120 -1478.0000000000
2132 -1477.0000000000
2150 -1475.0000000000
2152 -1473.0000000000
2153 -1472.0000000000
2154 -1471.0000000000
2155 -1470.0000000000
2159 -1469.0000000000
2161 -1468.0000000000
2168 -1467.0000000000
2171 -1466.0000000000
2178 -1465.0000000000
2180 -1464.0000000000
2182 -1463.0000000000
2192 -1462.0000000000
2194 -1461.0000000000
2222 -1460.0000000000
2223 -1459.0000000000
2231 -1458.0000000000
2235 -1457.0000000000
2251 -1455.0000000000
2263 -1454.0000000000
2267 -1453.0000000000
2281 -1452.0000000000
2283 -1451.0000000000
2288 -1449.0000000000
2292 -1448.0000000000
2296 -1447.0000000000
2297 -1446.0000000000
2306 -1445.0000000000
2315 -1444.0000000000
2320 -1443.0000000000
2324 -1442.0000000000
2332 -1441.0000000000
2333 -1439.0000000000
2337 -1438.0000000000
2339 -1436.0000000000
2341 -1434.0000000000
2344 -1433.0000000000
2347 -1432.0000000000
2350 -1431.0000000000
2351 -1430.0000000000
2354 -1428.0000000000
2355 -1426.0000000000
2360 -1425.0000000000
2362 -1424.0000000000
2363 -1423.0000000000
2368 -1422.0000000000
2369 -1421.0000000000
2376 -1420.0000000000
2378 -1419.0000000000
2390 -1418.0000000000
2398 -1417.0000000000
2399 -1416.0000000000
2410 -1415.0000000000
2411 -1414.0000000000
2418 -1413.0000000000
2419 -1411.0000000000
2424 -1410.0000000000
2425 -1409.0000000000
2426 -1408.0000000000
2429 -1407.0000000000
2441 -1406.0000000000
2442 -1404.0000000000
2445 -1403.0000000000
2449 -1402.0000000000
2467 -1400.0000000000
2482 -1399.0000000000
2486 -1398.0000000000
2494 -1396.0000000000
2499 -1395.0000000000
2515 -1394.0000000000
2524 -1393.0000000000
2526 -1392.0000000000
2528 -1391.0000000000
2532 -1389.0000000000
2533 -1386.0000000000
2535 -1385.0000000000
2538 -1384.0000000000
2545 -1382.0000000000
2550 -1381.0000000000
2559 -1380.0000000000
2560 -1378.0000000000
2574 -1377.0000000000
2585 -1375.0000000000
2596 -1374.0000000000
2601 -1373.0000000000
2610 -1371.0000000000
2614 -1369.0000000000
2621 -1368.0000000000
2622 -1367.0000000000
2626 -1366.0000000000
2633 -1365.0000000000
2642 -1364.0000000000
2649 -1362.0000000000
2650 -1361.0000000000
2652 -1359.0000000000
2653 -1358.0000000000
2660 -1357.0000000000
2670 -1356.0000000000
2673 -1355.0000000000
2678 -1354.0000000000
2690 -1352.0000000000
2699 -1351.0000000000
2701 -1350.0000000000
2710 -1349.0000000000
2724 -1348.0000000000
2725 -1347.0000000000
2727 -1346.0000000000
2729 -1345.0000000000
2736 -1343.0000000000
2740 -1342.0000000000
2741 -1341.0000000000
2743 -1340.0000000000
2746 -1339.0000000000
2758 -1337.0000000000
2760 -1336.0000000000
2761 -1335.0000000000
2768 -1334.0000000000
2777 -1333.0000000000
2778 -1332.0000000000
2784 -1330.0000000000
2793 -1329.0000000000
2794 -1328.0000000000
2800 -1327.0000000000
2807 -1326.0000000000
2808 -1325.0000000000
2824 -1324.0000000000
2825 -1323.0000000000
2828 -1322.0000000000
2842 -1321.0000000000
2844 -1320.0000000000
2848 -1319.0000000000
2849 -1318.0000000000
2853 -1317.0000000000
2855 -1316.0000000000
2858 -1315.0000000000
2881 -1314.0000000000
2884 -1313.0000000000
2891 -1311.0000000000
2901 -1310.0000000000
2907 -1309.0000000000
2913 -1308.0000000000
2915 -1306.0000000000
2929 -1305.0000000000
2934 -1304.0000000000
2938 -1303.0000000000
2945 -1302.0000000000
2947 -1301.0000000000
2951 -1300.0000000000
2958 -1299.0000000000
2971 -1298.0000000000
2995 -1297.0000000000
3010 -1296.0000000000
3016 -1295.0000000000
3020 -1294.0000000000
3028 -1293.0000000000
3031 -1292.0000000000
3036 -1291.0000000000
3039 -1290.0000000000
3042 -1289.0000000000
3052 -1288.0000000000
3059 -1287.0000000000
3062 -1286.0000000000
3073 -1285.0000000000
3085 -1284.0000000000
3094 -1282.0000000000
3095 -1281.0000000000
3097 -1280.0000000000
3100 -1279.0000000000
3105 -1278.0000000000
3112 -1277.0000000000
3113 -1276.0000000000
3121 -1275.0000000000
3123 -1274.0000000000
3129 -1273.0000000000
3137 -1271.0000000000
3147 -1269.0000000000
3160 -1268.0000000000
3166 -1267.0000000000
3167 -1266.0000000000
3176 -1265.0000000000
3192 -1263.0000000000
3195 -1262.0000000000
3199 -1261.0000000000
3201 -1260.0000000000
3207 -1258.0000000000
3221 -1257.0000000000
3228 -1255.0000000000
3242 -1254.0000000000
3245 -1253.0000000000
3251 -1252.0000000000
3259 -1251.0000000000
3265 -1250.0000000000
3284 -1249.0000000000
3288 -1248.0000000000
3291 -1247.0000000000
3304 -1246.0000000000
3316 -1245.0000000000
3332 -1244.0000000000
3333 -1243.0000000000
3339 -1242.0000000000
3354 -1241.0000000000
3362 -1240.0000000000
3370 -1239.0000000000
3372 -1238.0000000000
3373 -1236.0000000000
3378 -1235.0000000000
3379 -1234.0000000000
3389 -1231.0000000000
3393 -1230.0000000000
3396 -1229.0000000000
3398 -1228.0000000000
3401 -1227.0000000000
3404 -1226.0000000000
3410 -1225.0000000000
3413 -1224.0000000000
3417 -1223.0000000000
3420 -1222.0000000000
3421 -1221.0000000000
3422 -1220.0000000000
3432 -1219.0000000000
3442 -1218.0000000000
3449 -1217.0000000000
3459 -1216.0000000000
3463 -1215.0000000000
3469 -1214.0000000000
3472 -1213.0000000000
3479 -1212.0000000000
3485 -1211.0000000000
3502 -1210.0000000000
3507 -1209.0000000000
3515 -1208.0000000000
3519 -1207.0000000000
3521 -1206.0000000000
3523 -1205.0000000000
3527 -1204.0000000000
3550 -1203.0000000000
3561 -1202.0000000000
3569 -1201.0000000000
3581 -1200.0000000000
3592 -1199.0000000000
3594 -1198.0000000000
3596 -1197.0000000000
3598 -1196.0000000000
3602 -1195.0000000000
3603 -1194.0000000000
3605 -1193.0000000000
3616 -1192.0000000000
3617 -1191.0000000000
3625 -1190.0000000000
3632 -1189.0000000000
3646 -1188.0000000000
3650 -1187.0000000000
3654 -1186.0000000000
3669 -1185.0000000000
3670 -1184.0000000000
3675 -1182.0000000000
3680 -1181.0000000000
3681 -1180.0000000000
3703 -1179.0000000000
3708 -1177.0000000000
3714 -1176.0000000000
3716 -1175.0000000000
3720 -1174.0000000000
3724 -1173.0000000000
3735 -1170.0000000000
3738 -1169.0000000000
3748 -1168.0000000000
3750 -1167.0000000000
3757 -1166.0000000000
3763 -1165.0000000000
3767 -1164.0000000000
3773 -1163.0000000000
3788 -1162.0000000000
3797 -1161.0000000000
3799 -1160.0000000000
3803 -1159.0000000000
3811 -1158.0000000000
3830 -1157.0000000000
3831 -1156.0000000000
3835 -1155.0000000000
3839 -1154.0000000000
3842 -1152.0000000000
3848 -1151.0000000000
3862 -1150.0000000000
3864 -1149.0000000000
3865 -1148.0000000000
3866 -1147.0000000000
3869 -1146.0000000000
3871 -1145.0000000000
3876 -1143.0000000000
3877 -1142.0000000000
3894 -1141.0000000000
3901 -1140.0000000000
3903 -1139.0000000000
3904 -1138.0000000000
3909 -1137.0000000000
3919 -1136.0000000000
3922 -1135.0000000000
3928 -1134.0000000000
3931 -1132.0000000000
3954 -1131.0000000000
3957 -1129.0000000000
3958 -1128.0000000000
3963 -1127.0000000000
3972 -1126.0000000000
3975 -1125.0000000000
3978 -1124.0000000000
3994 -1123.0000000000
4002 -1121.0000000000
4003 -1120.0000000000
4006 -1119.0000000000
4009 -1118.0000000000
4013 -1116.0000000000
4015 -1115.0000000000
4019 -1114.0000000000
4021 -1113.0000000000
4029 -1112.0000000000
4034 -1111.0000000000
4038 -1110.0000000000
4058 -1109.0000000000
4059 -1106.0000000000
4076 -1105.0000000000
4084 -1104.0000000000
4096 -1103.0000000000
4109 -1102.0000000000
4114 -1101.0000000000
4121 -1100.0000000000
4129 -1099.0000000000
4133 -1098.0000000000
4136 -1097.0000000000
4147 -1095.0000000000
4165 -1094.0000000000
4174 -1093.0000000000
4175 -1092.0000000000
4176 -1090.0000000000
4182 -1089.0000000000
4183 -1087.0000000000
4195 -1086.0000000000
4197 -1085.0000000000
4202 -1084.0000000000
4204 -1083.0000000000
4222 -1082.0000000000
4242 -1081.0000000000
4243 -1080.0000000000
4248 -1079.0000000000
4251 -1077.0000000000
4265 -1076.0000000000
4274 -1074.0000000000
4277 -1073.0000000000
4286 -1071.0000000000
4289 -1069.0000000000
4304 -1068.0000000000
4311 -1067.0000000000
4314 -1066.0000000000
4315 -1065.0000000000
4321 -1064.0000000000
4328 -1063.0000000000
4334 -1062.0000000000
4336 -1061.0000000000
4337 -1060.0000000000
4355 -1059.0000000000
4363 -1058.0000000000
4364 -1057.0000000000
4366 -1056.0000000000
4372 -1055.0000000000
4379 -1054.0000000000
4382 -1053.0000000000
4394 -1052.0000000000
4396 -1051.0000000000
4417 -1050.0000000000
4418 -1049.0000000000
4423 -1048.0000000000
4428 -1047.0000000000
4432 -1046.0000000000
4443 -1045.0000000000
4474 -1044.0000000000
4481 -1043.0000000000
4482 -1042.0000000000
4492 -1041.0000000000
4496 -1040.0000000000
4498 -1039.0000000000
4500 -1038.0000000000
4519 -1037.0000000000
4520 -1036.0000000000
4524 -1034.0000000000
4530 -1033.0000000000
4538 -1032.0000000000
4540 -1031.0000000000
4541 -1030.0000000000
4543 -1029.0000000000
4552 -1028.0000000000
4554 -1027.0000000000
4559 -1026.0000000000
4562 -1024.0000000000
4567 -1023.0000000000
4568 -1022.0000000000
4578 -1020.0000000000
4583 -1019.0000000000
4595 -1018.0000000000
4600 -1017.0000000000
4623 -1015.0000000000
4653 -1014.0000000000
4661 -1013.0000000000
4684 -1012.0000000000
4704 -1011.0000000000
4708 -1010.0000000000
4709 -1008.0000000000
4714 -1007.0000000000
4716 -1006.0000000000
4729 -1005.0000000000
4735 -1004.0000000000
4739 -1003.0000000000
4743 -1002.0000000000
4748 -998.0000000000
4761 -997.0000000000
4763 -996.0000000000
4769 -995.0000000000
4793 -994.0000000000
4795 -993.0000000000
4797 -991.0000000000
4800 -990.0000000000
4814 -989.0000000000
4835 -988.0000000000
4840 -986.0000000000
4841 -985.0000000000
4853 -984.0000000000
4856 -983.0000000000
4869 -982.0000000000
4890 -981.0000000000
4897 -980.0000000000
4905 -979.0000000000
4927 -978.0000000000
4930 -977.0000000000
4931 -976.0000000000
4934 -975.0000000000
4946 -974.0000000000
4957 -972.0000000000
4960 -970.0000000000
4962 -969.0000000000
4981 -968.0000000000
4986 -967.0000000000
4987 -966.0000000000
4991 -965.0000000000
5007 -964.0000000000
5031 -962.0000000000
5079 -961.0000000000
5080 -960.0000000000
5113 -959.0000000000
5133 -958.0000000000
5153 -957.0000000000
5154 -955.0000000000
5166 -954.0000000000
5171 -952.0000000000
5194 -951.0000000000
5199 -950.0000000000
5221 -949.0000000000
5232 -948.0000000000
5238 -946.0000000000
5245 -945.0000000000
5249 -943.0000000000
5256 -942.0000000000
5262 -940.0000000000
5286 -939.0000000000
5287 -937.0000000000
5292 -936.0000000000
5294 -935.0000000000
5299 -934.0000000000
5301 -933.0000000000
5309 -931.0000000000
5311 -930.0000000000
5313 -929.0000000000
5316 -928.0000000000
5333 -927.0000000000
5343 -925.0000000000
5346 -924.0000000000
5352 -922.0000000000
5368 -920.0000000000
5376 -919.0000000000
5387 -917.0000000000
5388 -916.0000000000
5390 -915.0000000000
5403 -913.0000000000
5405 -912.0000000000
5416 -911.0000000000
5421 -910.0000000000
5438 -909.0000000000
5450 -908.0000000000
5465 -907.0000000000
5480 -906.0000000000
5512 -905.0000000000
5521 -904.0000000000
5531 -903.0000000000
5543 -901.0000000000
5550 -900.0000000000
5573 -899.0000000000
5578 -898.0000000000
5588 -897.0000000000
5616 -896.0000000000
5621 -895.0000000000
5623 -894.0000000000
5626 -893.0000000000
5628 -892.0000000000
5633 -891.0000000000
5649 -890.0000000000
5651 -889.0000000000
5668 -887.0000000000
5677 -885.0000000000
5707 -884.0000000000
5712 -883.0000000000
5716 -882.0000000000
5722 -881.0000000000
5734 -880.0000000000
5736 -878.0000000000
5746 -876.0000000000
5756 -875.0000000000
5762 -874.0000000000
5771 -873.0000000000
5772 -872.0000000000
5778 -871.0000000000
5792 -870.0000000000
5810 -869.0000000000
5819 -868.0000000000
5829 -867.0000000000
5833 -866.0000000000
5836 -863.0000000000
5840 -862.0000000000
5851 -861.0000000000
5854 -860.0000000000
5857 -859.0000000000
5860 -858.0000000000
5870 -857.0000000000
5881 -856.0000000000
5882 -855.0000000000
5887 -854.0000000000
5892 -853.0000000000
5916 -852.0000000000
5918 -851.0000000000
5920 -850.0000000000
5929 -849.0000000000
5934 -848.0000000000
5946 -847.0000000000
5962 -845.0000000000
5984 -844.0000000000
5989 -843.0000000000
5997 -842.0000000000
6007 -841.0000000000
6009 -840.0000000000
6016 -839.0000000000
6028 -838.0000000000
6032 -837.0000000000
6036 -836.0000000000
6046 -834.0000000000
6050 -833.0000000000
6063 -832.0000000000
6074 -831.0000000000
6080 -830.0000000000
6101 -829.0000000000
6105 -828.0000000000
6108 -827.0000000000
6116 -826.0000000000
6131 -825.0000000000
6137 -824.0000000000
6165 -823.0000000000
6190 -822.0000000000
6196 -821.0000000000
6200 -820.0000000000
6225 -819.0000000000
6229 -818.0000000000
6234 -816.0000000000
6262 -815.0000000000
6263 -814.0000000000
6272 -813.0000000000
6280 -812.0000000000
6300 -811.0000000000
6324 -810.0000000000
6334 -809.0000000000
6336 -808.0000000000
6352 -807.0000000000
6354 -806.0000000000
6363 -805.0000000000
6385 -804.0000000000
6403 -803.0000000000
6421 -802.0000000000
6437 -801.0000000000
6452 -800.0000000000
6471 -799.0000000000
6484 -798.0000000000
6489 -797.0000000000
6494 -796.0000000000
6500 -795.0000000000
6506 -794.0000000000
6572 -793.0000000000
6573 -792.0000000000
6585 -791.0000000000
6599 -790.0000000000
6606 -788.0000000000
6692 -787.0000000000
6701 -786.0000000000
6704 -785.0000000000
6710 -784.0000000000
6736 -783.0000000000
6756 -782.0000000000
6814 -781.0000000000
6850 -780.0000000000
6856 -779.0000000000
6888 -777.0000000000
6902 -775.0000000000
6903 -774.0000000000
6921 -773.0000000000
6938 -772.0000000000
6948 -771.0000000000
6949 -770.0000000000
6951 -769.0000000000
6957 -768.0000000000
6964 -767.0000000000
6973 -766.0000000000
6975 -765.0000000000
6988 -764.0000000000
6992 -763.0000000000
7022 -762.0000000000
7042 -760.0000000000
7050 -759.0000000000
7057 -758.0000000000
7062 -757.0000000000
7072 -756.0000000000
7077 -755.0000000000
7082 -754.0000000000
7085 -753.0000000000
7086 -752.0000000000
7090 -751.0000000000
7100 -750.0000000000
7104 -749.0000000000
7134 -748.0000000000
7150 -747.0000000000
7154 -746.0000000000
7165 -745.0000000000
7169 -744.0000000000
7172 -743.0000000000
7181 -742.0000000000
7204 -741.0000000000
7216 -740.0000000000
7224 -739.0000000000
7251 -738.0000000000
7256 -737.0000000000
7272 -736.0000000000
7273 -735.0000000000
7275 -734.0000000000
7280 -733.0000000000
7299 -732.0000000000
7301 -731.0000000000
7309 -730.0000000000
7320 -729.0000000000
7321 -728.0000000000
7341 -727.0000000000
7342 -726.0000000000
7370 -725.0000000000
7380 -724.0000000000
7388 -723.0000000000
7389 -722.0000000000
7404 -721.0000000000
7405 -720.0000000000
7417 -718.0000000000
7429 -717.0000000000
7438 -716.0000000000
7448 -715.0000000000
7450 -714.0000000000
7458 -713.0000000000
7466 -712.0000000000
7467 -711.0000000000
7472 -710.0000000000
7489 -709.0000000000
7499 -708.0000000000
7503 -707.0000000000
7522 -706.0000000000
7525 -705.0000000000
7527 -704.0000000000
7545 -703.0000000000
7549 -702.0000000000
7561 -701.0000000000
7570 -700.0000000000
7573 -699.0000000000
7575 -698.0000000000
7578 -697.0000000000
7584 -695.0000000000
7586 -694.0000000000
7588 -693.0000000000
7595 -692.0000000000
7624 -691.0000000000
7635 -690.0000000000
7648 -689.0000000000
7664 -688.0000000000
7715 -687.0000000000
7733 -686.0000000000
7738 -685.0000000000
7743 -684.0000000000
7751 -683.0000000000
7757 -682.0000000000
7768 -681.0000000000
7775 -680.0000000000
7778 -679.0000000000
7789 -678.0000000000
7796 -676.0000000000
7810 -674.0000000000
7820 -673.0000000000
7827 -672.0000000000
7830 -671.0000000000
7835 -670.0000000000
7850 -669.0000000000
7853 -668.0000000000
7894 -667.0000000000
7908 -665.0000000000
7909 -664.0000000000
7946 -663.0000000000
7952 -662.0000000000
7954 -661.0000000000
7992 -660.0000000000
7997 -658.0000000000
8017 -657.0000000000
8020 -655.0000000000
8037 -654.0000000000
8044 -653.0000000000
8050 -652.0000000000
8062 -651.0000000000
8075 -650.0000000000
8082 -649.0000000000
8093 -646.0000000000
8134 -645.0000000000
8140 -644.0000000000
8195 -643.0000000000
8198 -642.0000000000
8237 -641.0000000000
8265 -640.0000000000
8292 -639.0000000000
8296 -638.0000000000
8297 -637.0000000000
8312 -636.0000000000
8316 -635.0000000000
8340 -634.0000000000
8358 -633.0000000000
8379 -632.0000000000
8384 -631.0000000000
8388 -630.0000000000
8392 -629.0000000000
8401 -627.0000000000
8406 -626.0000000000
8415 -625.0000000000
8432 -624.0000000000
8435 -623.0000000000
8443 -622.0000000000
8444 -621.0000000000
8465 -620.0000000000
8466 -619.0000000000
8485 -618.0000000000
8487 -617.0000000000
8495 -616.0000000000
8508 -615.0000000000
8512 -614.0000000000
8560 -613.0000000000
8565 -612.0000000000
8607 -611.0000000000
8610 -610.0000000000
8611 -609.0000000000
8641 -608.0000000000
8655 -606.0000000000
8663 -605.0000000000
8672 -604.0000000000
8679 -603.0000000000
8681 -601.0000000000
8694 -600.0000000000
8699 -599.0000000000
8715 -598.0000000000
8726 -597.0000000000
8736 -596.0000000000
8819 -595.0000000000
8822 -594.0000000000
8828 -593.0000000000
8836 -592.0000000000
8857 -591.0000000000
8870 -590.0000000000
8877 -589.0000000000
8887 -588.0000000000
8895 -586.0000000000
8904 -585.0000000000
8908 -584.0000000000
8912 -583.0000000000
8943 -582.0000000000
8977 -581.0000000000
9011 -580.0000000000
9048 -579.0000000000
9061 -577.0000000000
9063 -576.0000000000
9118 -575.0000000000
9152 -574.0000000000
9157 -573.0000000000
9160 -572.0000000000
9161 -571.0000000000
9165 -570.0000000000
9205 -569.0000000000
9215 -568.0000000000
9269 -567.0000000000
9287 -566.0000000000
9294 -565.0000000000
9298 -564.0000000000
9306 -563.0000000000
9309 -562.0000000000
9312 -561.0000000000
9320 -560.0000000000
9325 -559.0000000000
9332 -558.0000000000
9354 -557.0000000000
9371 -556.0000000000
9408 -555.0000000000
9418 -554.0000000000
9431 -552.0000000000
9441 -551.0000000000
9443 -550.0000000000
9453 -549.0000000000
9466 -548.0000000000
9467 -546.0000000000
9501 -545.0000000000
9521 -544.0000000000
9534 -543.0000000000
9571 -542.0000000000
9578 -541.0000000000
9684 -539.0000000000
9705 -538.0000000000
9711 -537.0000000000
9716 -536.0000000000
9718 -535.0000000000
9744 -534.0000000000
9755 -533.0000000000
9756 -532.0000000000
9778 -531.0000000000
9871 -530.0000000000
9878 -529.0000000000
9886 -528.0000000000
9911 -527.0000000000
9918 -525.0000000000
9938 -524.0000000000
9953 -523.0000000000
9976 -522.0000000000
9985 -521.0000000000
10000 -522.0000000000
evaluations raw_y
1 -2011.0000000000
4 -2010.0000000000
6 -2008.0000000000
8 -2007.0000000000
9 -2006.0000000000
10 -2003.0000000000
14 -2002.0000000000
16 -2000.0000000000
17 -1999.0000000000
18 -1998.0000000000
19 -1997.0000000000
20 -1996.0000000000
27 -1993.0000000000
36 -1992.0000000000
38 -1991.0000000000
41 -1990.0000000000
47 -1989.0000000000
48 -1988.0000000000
53 -1987.0000000000
54 -1986.0000000000
57 -1984.0000000000
63 -1983.0000000000
67 -1982.0000000000
71 -1981.0000000000
74 -1980.0000000000
79 -1979.0000000000
80 -1977.0000000000
84 -1976.0000000000
85 -1974.0000000000
87 -1972.0000000000
88 -1971.0000000000
93 -1970.0000000000
97 -1969.0000000000
98 -1968.0000000000
99 -1967.0000000000
102 -1965.0000000000
104 -1964.0000000000
106 -1963.0000000000
107 -1962.0000000000
110 -1961.0000000000
120 -1960.0000000000
121 -1959.0000000000
122 -1958.0000000000
123 -1957.0000000000
127 -1955.0000000000
130 -1954.0000000000
132 -1953.0000000000
141 -1952.0000000000
147 -1951.0000000000
150 -1950.0000000000
155 -1949.0000000000
164 -1947.0000000000
166 -1946.0000000000
167 -1944.0000000000
170 -1943.0000000000
171 -1942.0000000000
174 -1941.0000000000
180 -1940.0000000000
184 -1938.0000000000
189 -1937.0000000000
192 -1936.0000000000
194 -1935.0000000000
196 -1934.0000000000
202 -1932.0000000000
205 -1930.0000000000
215 -1929.0000000000
222 -1928.0000000000
225 -1926.0000000000
228 -1925.0000000000
231 -1924.0000000000
232 -1923.0000000000
236 -1922.0000000000
240 -1921.0000000000
250 -1920.0000000000
253 -1919.0000000000
255 -1917.0000000000
258 -1916.0000000000
260 -1915.0000000000
264 -1913.0000000000
267 -1912.0000000000
271 -1911.0000000000
273 -1910.0000000000
274 -1909.0000000000
282 -1908.0000000000
283 -1906.0000000000
285 -1905.0000000000
289 -1903.0000000000
292 -1901.0000000000
296 -1900.0000000000
297 -1899.0000000000
307 -1898.0000000000
310 -1897.0000000000
315 -1896.0000000000
316 -1895.0000000000
317 -1894.0000000000
335 -1893.0000000000
345 -1890.0000000000
351 -1887.0000000000
352 -1886.0000000000
355 -1885.0000000000
357 -1883.0000000000
358 -1882.0000000000
359 -1881.0000000000
360 -1880.0000000000
361 -1879.0000000000
373 -1878.0000000000
376 -1877.0000000000
384 -1876.0000000000
393 -1875.0000000000
395 -1874.0000000000
396 -1873.0000000000
402 -1872.0000000000
404 -1870.0000000000
406 -1869.0000000000
407 -1868.0000000000
411 -1867.0000000000
415 -1866.0000000000
416 -1865.0000000000
417 -1864.0000000000
418 -1863.0000000000
425 -1862.0000000000
434 -1860.0000000000
435 -1859.0000000000
442 -1858.0000000000
443 -1857.0000000000
448 -1856.0000000000
449 -1855.0000000000
456 -1854.0000000000
458 -1853.0000000000
459 -1852.0000000000
474 -1851.0000000000
479 -1850.0000000000
480 -1848.0000000000
494 -1846.0000000000
505 -1845.0000000000
506 -1844.0000000000
507 -1843.0000000000
508 -1842.0000000000
509 -1841.0000000000
512 -1839.0000000000
517 -1838.0000000000
526 -1837.0000000000
533 -1836.0000000000
549 -1835.0000000000
551 -1834.0000000000
553 -1833.0000000000
554 -1832.0000000000
556 -1829.0000000000
569 -1828.0000000000
570 -1827.0000000000
574 -1826.0000000000
575 -1825.0000000000
576 -1823.0000000000
579 -1822.0000000000
580 -1821.0000000000
583 -1820.0000000000
590 -1819.0000000000
601 -1818.0000000000
612 -1817.0000000000
614 -1816.0000000000
619 -1815.0000000000
620 -1814.0000000000
625 -1813.0000000000
634 -1812.0000000000
636 -1811.0000000000
637 -1809.0000000000
639 -1808.0000000000
642 -1807.0000000000
650 -1806.0000000000
658 -1805.0000000000
659 -1804.0000000000
671 -1802.0000000000
674 -1801.0000000000
676 -1800.0000000000
677 -1799.0000000000
689 -1798.0000000000
693 -1797.0000000000
696 -1796.0000000000
700 -1795.0000000000
705 -1794.0000000000
706 -1793.0000000000
708 -1791.0000000000
717 -1790.0000000000
721 -1789.0000000000
722 -1788.0000000000
723 -1786.0000000000
725 -1785.0000000000
726 -1782.0000000000
731 -1781.0000000000
732 -1780.0000000000
738 -1778.0000000000
742 -1777.0000000000
744 -1776.0000000000
772 -1775.0000000000
780 -1774.0000000000
782 -1772.0000000000
797 -1770.0000000000
799 -1769.0000000000
801 -1768.0000000000
811 -1767.0000000000
815 -1766.0000000000
817 -1765.0000000000
820 -1764.0000000000
824 -1763.0000000000
826 -1761.0000000000
827 -1760.0000000000
832 -1758.0000000000
840 -1757.0000000000
845 -1756.0000000000
847 -1755.0000000000
848 -1754.0000000000
849 -1753.0000000000
852 -1752.0000000000
854 -1751.0000000000
857 -1750.0000000000
864 -1749.0000000000
867 -1747.0000000000
868 -1746.0000000000
869 -1745.0000000000
870 -1744.0000000000
873 -1742.0000000000
876 -1741.0000000000
881 -1739.0000000000
882 -1738.0000000000
886 -1737.0000000000
906 -1736.0000000000
907 -1735.0000000000
908 -1733.0000000000
909 -1732.0000000000
911 -1731.0000000000
912 -1729.0000000000
914 -1726.0000000000
917 -1725.0000000000
921 -1723.0000000000
922 -1721.0000000000
934 -1720.0000000000
937 -1719.0000000000
938 -1718.0000000000
944 -1717.0000000000
950 -1716.0000000000
969 -1715.0000000000
972 -1714.0000000000
973 -1713.0000000000
987 -1712.0000000000
991 -1711.0000000000
992 -1710.0000000000
1001 -1709.0000000000
1003 -1708.0000000000
1004 -1707.0000000000
1014 -1706.0000000000
1015 -1704.0000000000
1025 -1703.0000000000
1051 -1702.0000000000
1065 -1701.0000000000
1069 -1700.0000000000
1072 -1699.0000000000
1078 -1698.0000000000
1085 -1696.0000000000
1086 -1695.0000000000
1089 -1694.0000000000
1094 -1693.0000000000
1098 -1692.0000000000
1102 -1691.0000000000
1108 -1690.0000000000
1115 -1689.0000000000
1131 -1688.0000000000
1133 -1686.0000000000
1136 -1685.0000000000
1138 -1684.0000000000
1142 -1683.0000000000
1144 -1681.0000000000
1159 -1680.0000000000
1162 -1678.0000000000
1172 -1677.0000000000
1176 -1675.0000000000
1184 -1674.0000000000
1190 -1672.0000000000
1192 -1671.0000000000
1197 -1669.0000000000
1200 -1668.0000000000
1203 -1667.0000000000
1216 -1666.0000000000
1221 -1665.0000000000
1227 -1664.0000000000
1234 -1663.0000000000
1238 -1662.0000000000
1243 -1661.0000000000
1248 -1659.0000000000
1252 -1658.0000000000
1265 -1657.0000000000
1266 -1656.0000000000
1269 -1655.0000000000
1276 -1653.0000000000
1277 -1651.0000000000
1278 -1649.0000000000
1292 -1648.0000000000
1302 -1647.0000000000
1305 -1646.0000000000
1310 -1645.0000000000
1316 -1644.0000000000
1328 -1643.0000000000
1332 -1642.0000000000
1333 -1641.0000000000
1347 -1640.0000000000
1351 -1639.0000000000
1359 -1638.0000000000
1367 -1637.0000000000
1369 -1636.0000000000
1376 -1635.0000000000
1377 -1634.0000000000
1380 -1633.0000000000
1387 -1632.0000000000
1393 -1631.0000000000
1400 -1630.0000000000
1401 -1629.0000000000
1407 -1628.0000000000
1412 -1627.0000000000
1413 -1626.0000000000
1422 -1625.0000000000
1428 -1624.0000000000
1429 -1623.0000000000
1437 -1622.0000000000
1441 -1621.0000000000
1445 -1620.0000000000
1449 -1619.0000000000
1460 -1618.0000000000
1466 -1617.0000000000
1469 -1616.0000000000
1470 -1615.0000000000
1472 -1614.0000000000
1477 -1613.0000000000
1478 -1612.0000000000
1480 -1611.0000000000
1481 -1610.0000000000
1483 -1609.0000000000
1494 -1608.0000000000
1501 -1606.0000000000
1503 -1605.0000000000
1512 -1603.0000000000
1513 -1602.0000000000
1519 -1601.0000000000
1520 -1600.0000000000
1525 -1599.0000000000
1532 -1597.0000000000
1534 -1596.0000000000
1546 -1595.0000000000
1550 -1594.0000000000
1552 -1593.0000000000
1562 -1592.0000000000
1567 -1591.0000000000
1575 -1590.0000000000
1578 -1589.0000000000
1582 -1588.0000000000
1587 -1587.0000000000
1588 -1586.0000000000
1590 -1585.0000000000
1591 -1584.0000000000
1596 -1583.0000000000
1597 -1582.0000000000
1605 -1581.0000000000
1609 -1580.0000000000
1611 -1579.0000000000
1612 -1578.0000000000
1616 -1576.0000000000
1618 -1574.0000000000
1630 -1573.0000000000
1633 -1571.0000000000
1637 -1570.0000000000
1643 -1569.0000000000
1652 -1567.0000000000
1654 -1566.0000000000
1660 -1565.0000000000
1667 -1564.0000000000
1668 -1563.0000000000
1670 -1561.0000000000
1674 -1560.0000000000
1675 -1559.0000000000
1682 -1558.0000000000
1686 -1557.0000000000
1690 -1556.0000000000
1694 -1555.0000000000
1699 -1554.0000000000
1710 -1552.0000000000
1713 -1551.0000000000
1718 -1550.0000000000
1720 -1549.0000000000
1725 -1548.0000000000
1732 -1547.0000000000
1735 -1546.0000000000
1747 -1545.0000000000
1757 -1544.0000000000
1758 -1543.0000000000
1766 -1541.0000000000
1767 -1540.0000000000
1768 -1538.0000000000
1772 -1537.0000000000
1774 -1536.0000000000
1782 -1535.0000000000
1785 -1534.0000000000
1811 -1533.0000000000
1828 -1532.0000000000
1837 -1531.0000000000
1839 -1530.0000000000
1841 -1529.0000000000
1845 -1528.0000000000
1847 -1527.0000000000
1852 -1526.0000000000
1856 -1525.0000000000
1870 -1524.0000000000
1871 -1522.0000000000
1891 -1521.0000000000
1899 -1519.0000000000
1902 -1518.0000000000
1907 -1517.0000000000
1909 -1516.0000000000
1910 -1515.0000000000
1912 -1514.0000000000
1915 -1512.0000000000
1917 -1511.0000000000
1922 -1509.0000000000
1924 -1508.0000000000
1925 -1507.0000000000
1927 -1505.0000000000
1930 -1504.0000000000
1937 -1503.0000000000
1951 -1502.0000000000
1952 -1501.0000000000
1953 -1500.0000000000
1961 -1499.0000000000
1962 -1498.0000000000
1972 -1497.0000000000
1973 -1495.0000000000
1976 -1494.0000000000
1977 -1493.0000000000
1979 -1491.0000000000
1985 -1490.0000000000
1993 -1489.0000000000
1996 -1488.0000000000
1999 -1486.0000000000
2004 -1485.0000000000
2005 -1484.0000000000
2015 -1483.0000000000
2018 -1481.0000000000
2020 -1480.0000000000
2034 -1479.0000000000
2036 -1478.0000000000
2043 -1477.0000000000
2048 -1476.0000000000
2050 -1475.0000000000
2054 -1474.0000000000
2055 -1473.0000000000
2057 -1472.0000000000
2071 -1471.0000000000
2082 -1469.0000000000
2093 -1468.0000000000
2099 -1467.0000000000
2104 -1466.0000000000
2106 -1464.0000000000
2110 -1463.0000000000
2111 -1462.0000000000
2122 -1460.0000000000
2129 -1458.0000000000
2130 -1457.0000000000
2134 -1456.0000000000
2136 -1455.0000000000
2138 -1454.0000000000
2139 -1453.0000000000
2142 -1452.0000000000
2143 -1451.0000000000
2152 -1450.0000000000
2162 -1449.0000000000
2181 -1447.0000000000
2182 -1446.0000000000
2188 -1443.0000000000
2192 -1442.0000000000
2199 -1441.0000000000
2204 -1440.0000000000
2207 -1439.0000000000
2217 -1438.0000000000
2224 -1437.0000000000
2237 -1436.0000000000
2243 -1435.0000000000
2256 -1434.0000000000
2257 -1433.0000000000
2260 -1432.0000000000
2263 -1431.0000000000
2286 -1430.0000000000
2288 -1429.0000000000
2291 -1428.0000000000
2295 -1426.0000000000
2297 -1424.0000000000
2311 -1423.0000000000
2318 -1422.0000000000
2319 -1421.0000000000
2328 -1420.0000000000
2329 -1418.0000000000
2333 -1417.0000000000
2335 -1415.0000000000
2346 -1414.0000000000
2351 -1413.0000000000
2353 -1411.0000000000
2354 -1410.0000000000
2357 -1409.0000000000
2363 -1407.0000000000
2366 -1406.0000000000
2368 -1404.0000000000
2371 -1403.0000000000
2374 -1402.0000000000
2376 -1401.0000000000
2386 -1399.0000000000
2387 -1398.0000000000
2388 -1397.0000000000
2395 -1396.0000000000
2397 -1395.0000000000
2398 -1394.0000000000
2402 -1393.0000000000
2405 -1391.0000000000
2416 -1389.0000000000
2419 -1388.0000000000
2426 -1387.0000000000
2433 -1386.0000000000
2434 -1385.0000000000
2447 -1384.0000000000
2457 -1383.0000000000
2458 -1382.0000000000
2467 -1381.0000000000
2468 -1380.0000000000
2500 -1379.0000000000
2508 -1378.0000000000
2512 -1377.0000000000
2521 -1376.0000000000
2522 -1375.0000000000
2523 -1374.0000000000
2531 -1373.0000000000
2535 -1371.0000000000
2553 -1370.0000000000
2558 -1369.0000000000
2561 -1368.0000000000
2563 -1367.0000000000
2564 -1366.0000000000
2568 -1365.0000000000
2570 -1364.0000000000
2578 -1363.0000000000
2582 -1362.0000000000
2588 -1361.0000000000
2589 -1359.0000000000
2592 -1358.0000000000
2593 -1357.0000000000
2597 -1356.0000000000
2601 -1355.0000000000
2604 -1353.0000000000
2615 -1352.0000000000
2623 -1351.0000000000
2625 -1350.0000000000
2637 -1349.0000000000
2644 -1348.0000000000
2652 -1347.0000000000
2656 -1346.0000000000
2665 -1345.0000000000
2666 -1344.0000000000
2669 -1342.0000000000
2670 -1340.0000000000
2671 -1339.0000000000
2677 -1338.0000000000
2690 -1336.0000000000
2701 -1335.0000000000
2729 -1334.0000000000
2735 -1333.0000000000
2737 -1331.0000000000
2740 -1328.0000000000
2742 -1327.0000000000
2746 -1326.0000000000
2758 -1325.0000000000
2759 -1324.0000000000
2763 -1322.0000000000
2782 -1321.0000000000
2787 -1320.0000000000
2789 -1319.0000000000
2802 -1318.0000000000
2822 -1317.0000000000
2829 -1316.0000000000
2835 -1315.0000000000
2838 -1314.0000000000
2841 -1312.0000000000
2842 -1311.0000000000
2843 -1310.0000000000
2853 -1309.0000000000
2863 -1308.0000000000
2867 -1307.0000000000
2871 -1306.0000000000
2878 -1305.0000000000
2892 -1304.0000000000
2893 -1303.0000000000
2900 -1302.0000000000
2915 -1301.0000000000
2930 -1300.0000000000
2932 -1299.0000000000
2941 -1298.0000000000
2943 -1297.0000000000
2944 -1296.0000000000
2946 -1295.0000000000
2957 -1294.0000000000
2961 -1293.0000000000
2978 -1292.0000000000
2997 -1291.0000000000
3000 -1290.0000000000
3003 -1289.0000000000
3029 -1288.0000000000
3030 -1287.0000000000
3031 -1286.0000000000
3050 -1285.0000000000
3052 -1284.0000000000
3062 -1283.0000000000
3068 -1282.0000000000
3072 -1281.0000000000
3089 -1280.0000000000
3107 -1279.0000000000
3113 -1278.0000000000
3119 -1277.0000000000
3120 -1276.0000000000
3122 -1275.0000000000
3133 -1274.0000000000
3138 -1272.0000000000
3151 -1271.0000000000
3160 -1270.0000000000
3168 -1269.0000000000
3172 -1268.0000000000
3175 -1267.0000000000
3177 -1266.0000000000
3184 -1265.0000000000
3187 -1264.0000000000
3188 -1263.0000000000
3192 -1262.0000000000
3193 -1261.0000000000
3195 -1258.0000000000
3240 -1257.0000000000
3270 -1256.0000000000
3283 -1255.0000000000
3290 -1254.0000000000
3303 -1253.0000000000
3305 -1252.0000000000
3310 -1251.0000000000
3314 -1250.0000000000
3323 -1249.0000000000
3332 -1248.0000000000
3333 -1246.0000000000
3337 -1245.0000000000
3342 -1244.0000000000
3350 -1243.0000000000
3351 -1242.0000000000
3357 -1241.0000000000
3360 -1240.0000000000
3372 -1239.0000000000
3373 -1238.0000000000
3379 -1237.0000000000
3381 -1236.0000000000
3395 -1234.0000000000
3403 -1233.0000000000
3409 -1231.0000000000
3414 -1230.0000000000
3420 -1229.0000000000
3422 -1228.0000000000
3425 -1226.0000000000
3439 -1225.0000000000
3442 -1224.0000000000
3444 -1223.0000000000
3457 -1222.0000000000
3458 -1221.0000000000
3464 -1220.0000000000
3466 -1219.0000000000
3476 -1218.0000000000
3480 -1217.0000000000
3484 -1215.0000000000
3488 -1214.0000000000
3492 -1213.0000000000
3512 -1212.0000000000
3514 -1211.0000000000
3518 -1210.0000000000
3526 -1209.0000000000
3527 -1208.0000000000
3531 -1207.0000000000
3537 -1205.0000000000
3547 -1204.0000000000
3548 -1203.0000000000
3556 -1202.0000000000
3557 -1201.0000000000
3566 -1200.0000000000
3574 -1199.0000000000
3588 -1197.0000000000
3609 -1196.0000000000
3614 -1195.0000000000
3618 -1194.0000000000
3630 -1193.0000000000
3636 -1192.0000000000
3643 -1191.0000000000
3646 -1190.0000000000
3648 -1189.0000000000
3655 -1188.0000000000
3671 -1187.0000000000
3683 -1186.0000000000
3685 -1185.0000000000
3701 -1184.0000000000
3708 -1180.0000000000
3711 -1179.0000000000
3718 -1178.0000000000
3725 -1177.0000000000
3729 -1176.0000000000
3730 -1175.0000000000
3735 -1174.0000000000
3740 -1173.0000000000
3742 -1172.0000000000
3749 -1171.0000000000
3755 -1170.0000000000
3756 -1168.0000000000
3766 -1167.0000000000
3777 -1166.0000000000
3788 -1165.0000000000
3795 -1162.0000000000
3800 -1161.0000000000
3812 -1160.0000000000
3836 -1159.0000000000
3838 -1158.0000000000
3844 -1157.0000000000
3846 -1156.0000000000
3854 -1154.0000000000
3855 -1153.0000000000
3857 -1151.0000000000
3862 -1150.0000000000
3867 -1149.0000000000
3889 -1148.0000000000
3892 -1147.0000000000
3920 -1146.0000000000
3929 -1145.0000000000
3931 -1143.0000000000
3936 -1142.0000000000
3953 -1139.0000000000
3959 -1138.0000000000
3965 -1137.0000000000
3966 -1136.0000000000
3972 -1135.0000000000
3989 -1134.0000000000
3997 -1133.0000000000
4013 -1132.0000000000
4021 -1131.0000000000
4022 -1130.0000000000
4027 -1128.0000000000
4044 -1127.0000000000
4057 -1126.0000000000
4081 -1124.0000000000
4082 -1123.0000000000
4085 -1122.0000000000
4089 -1121.0000000000
4109 -1120.0000000000
4117 -1119.0000000000
4122 -1118.0000000000
4145 -1117.0000000000
4155 -1116.0000000000
4169 -1115.0000000000
4170 -1113.0000000000
4171 -1111.0000000000
4176 -1110.0000000000
4184 -1109.0000000000
4195 -1107.0000000000
4201 -1106.0000000000
4204 -1105.0000000000
4213 -1104.0000000000
4227 -1101.0000000000
4232 -1100.0000000000
4263 -1099.0000000000
4270 -1098.0000000000
4282 -1097.0000000000
4290 -1096.0000000000
4296 -1095.0000000000
4306 -1094.0000000000
4315 -1093.0000000000
4326 -1092.0000000000
4334 -1091.0000000000
4338 -1090.0000000000
4341 -1089.0000000000
4345 -1088.0000000000
4351 -1087.0000000000
4358 -1086.0000000000
4361 -1084.0000000000
4364 -1083.0000000000
4365 -1082.0000000000
4378 -1081.0000000000
4379 -1080.0000000000
4383 -1078.0000000000
4388 -1077.0000000000
4394 -1076.0000000000
4406 -1075.0000000000
4407 -1074.0000000000
4410 -1073.0000000000
4421 -1072.0000000000
4422 -1071.0000000000
4433 -1070.0000000000
4438 -1069.0000000000
4439 -1068.0000000000
4441 -1067.0000000000
4444 -1066.0000000000
4463 -1065.0000000000
4468 -1064.0000000000
4471 -1063.0000000000
4473 -1062.0000000000
4475 -1061.0000000000
4477 -1059.0000000000
4481 -1058.0000000000
4483 -1057.0000000000
4491 -1056.0000000000
4504 -1054.0000000000
4513 -1053.0000000000
4514 -1052.0000000000
4520 -1051.0000000000
4521 -1050.0000000000
4537 -1049.0000000000
4541 -1048.0000000000
4544 -1047.0000000000
4557 -1046.0000000000
4558 -1045.0000000000
4559 -1044.0000000000
4583 -1043.0000000000
4588 -1042.0000000000
4598 -1040.0000000000
4599 -1039.0000000000
4614 -1038.0000000000
4644 -1037.0000000000
4656 -1036.0000000000
4667 -1035.0000000000
4678 -1034.0000000000
4681 -1033.0000000000
4689 -1031.0000000000
4691 -1030.0000000000
4707 -1029.0000000000
4726 -1027.0000000000
4734 -1026.0000000000
4748 -1025.0000000000
4754 -1024.0000000000
4758 -1023.0000000000
4769 -1022.0000000000
4778 -1021.0000000000
4785 -1020.0000000000
4796 -1019.0000000000
4826 -1018.0000000000
4847 -1017.0000000000
4851 -1016.0000000000
4856 -1015.0000000000
4857 -1014.0000000000
4900 -1013.0000000000
4908 -1012.0000000000
4921 -1011.0000000000
4922 -1010.0000000000
4928 -1009.0000000000
4938 -1008.0000000000
4939 -1007.0000000000
4940 -1006.0000000000
4966 -1005.0000000000
4975 -1004.0000000000
4995 -1003.0000000000
4996 -1002.0000000000
4999 -1001.0000000000
5016 -1000.0000000000
5024 -999.0000000000
5027 -997.0000000000
5042 -996.0000000000
5047 -995.0000000000
5054 -994.0000000000
5057 -992.0000000000
5058 -990.0000000000
5059 -989.0000000000
5062 -988.0000000000
5064 -987.0000000000
5076 -986.0000000000
5079 -984.0000000000
5082 -983.0000000000
5095 -982.0000000000
5096 -980.0000000000
5117 -979.0000000000
5118 -978.0000000000
5128 -976.0000000000
5132 -975.0000000000
5142 -974.0000000000
5157 -973.0000000000
5160 -972.0000000000
5164 -971.0000000000
5174 -970.0000000000
5192 -969.0000000000
5201 -967.0000000000
5205 -966.0000000000
5221 -965.0000000000
5241 -964.0000000000
5244 -963.0000000000
5245 -962.0000000000
5250 -961.0000000000
5264 -960.0000000000
5269 -959.0000000000
5277 -958.0000000000
5283 -956.0000000000
5288 -955.0000000000
5292 -954.0000000000
5301 -953.0000000000
5306 -952.0000000000
5319 -951.0000000000
5328 -950.0000000000
5333 -949.0000000000
5351 -946.0000000000
5357 -945.0000000000
5358 -944.0000000000
5363 -943.0000000000
5369 -941.0000000000
5373 -940.0000000000
5386 -939.0000000000
5393 -938.0000000000
5396 -937.0000000000
5416 -936.0000000000
5418 -935.0000000000
5452 -934.0000000000
5466 -933.0000000000
5475 -932.0000000000
5479 -931.0000000000
5480 -930.0000000000
5487 -929.0000000000
5491 -928.0000000000
5507 -927.0000000000
5511 -926.0000000000
5514 -925.0000000000
5515 -924.0000000000
5522 -923.0000000000
5534 -922.0000000000
5535 -921.0000000000
5563 -920.0000000000
5566 -919.0000000000
5605 -917.0000000000
5615 -916.0000000000
5622 -915.0000000000
5626 -914.0000000000
5643 -913.0000000000
5656 -912.0000000000
5658 -910.0000000000
5659 -908.0000000000
5662 -907.0000000000
5671 -906.0000000000
5672 -905.0000000000
5673 -904.0000000000
5685 -903.0000000000
5689 -902.0000000000
5699 -901.0000000000
5700 -900.0000000000
5702 -899.0000000000
5724 -898.0000000000
5727 -897.0000000000
5806 -896.0000000000
5807 -895.0000000000
5810 -894.0000000000
5814 -893.0000000000
5821 -892.0000000000
5824 -891.0000000000
5835 -890.0000000000
5836 -889.0000000000
5837 -888.0000000000
5849 -887.0000000000
5850 -886.0000000000
5855 -885.0000000000
5864 -884.0000000000
5894 -883.0000000000
5900 -882.0000000000
5916 -881.0000000000
5918 -879.0000000000
5928 -878.0000000000
5931 -877.0000000000
5947 -876.0000000000
5953 -875.0000000000
5958 -874.0000000000
5964 -873.0000000000
5973 -872.0000000000
5999 -871.0000000000
6000 -869.0000000000
6042 -868.0000000000
6047 -867.0000000000
6056 -865.0000000000
6057 -864.0000000000
6068 -863.0000000000
6078 -862.0000000000
6084 -861.0000000000
6089 -860.0000000000
6090 -859.0000000000
6101 -858.0000000000
6133 -857.0000000000
6135 -856.0000000000
6159 -855.0000000000
6162 -854.0000000000
6167 -853.0000000000
6183 -852.0000000000
6191 -851.0000000000
6198 -850.0000000000
6219 -848.0000000000
6222 -847.0000000000
6225 -846.0000000000
6238 -845.0000000000
6244 -844.0000000000
6246 -843.0000000000
6268 -842.0000000000
6279 -841.0000000000
6280 -840.0000000000
6286 -839.0000000000
6293 -838.0000000000
6329 -837.0000000000
6332 -836.0000000000
6333 -835.0000000000
6336 -834.0000000000
6339 -833.0000000000
6349 -832.0000000000
6353 -831.0000000000
6362 -830.0000000000
6383 -829.0000000000
6389 -828.0000000000
6398 -827.0000000000
6404 -826.0000000000
6411 -825.0000000000
6419 -824.0000000000
6436 -822.0000000000
6451 -820.0000000000
6452 -819.0000000000
6453 -818.0000000000
6459 -817.0000000000
6479 -816.0000000000
6481 -815.0000000000
6520 -814.0000000000
6521 -813.0000000000
6533 -812.0000000000
6537 -811.0000000000
6563 -810.0000000000
6571 -808.0000000000
6613 -807.0000000000
6615 -806.0000000000
6622 -805.0000000000
6638 -804.0000000000
6645 -803.0000000000
6659 -802.0000000000
6665 -801.0000000000
6667 -800.0000000000
6673 -799.0000000000
6683 -798.0000000000
6688 -797.0000000000
6693 -796.0000000000
6723 -795.0000000000
6727 -794.0000000000
6728 -793.0000000000
6738 -792.0000000000
6752 -791.0000000000
6763 -789.0000000000
6781 -788.0000000000
6813 -787.0000000000
6825 -786.0000000000
6828 -785.0000000000
6842 -784.0000000000
6854 -783.0000000000
6874 -782.0000000000
6881 -781.0000000000
6884 -780.0000000000
6888 -779.0000000000
6892 -778.0000000000
6900 -776.0000000000
6903 -775.0000000000
6904 -774.0000000000
6911 -773.0000000000
6919 -772.0000000000
6921 -771.0000000000
6924 -770.0000000000
6929 -769.0000000000
6939 -768.0000000000
6948 -767.0000000000
6951 -766.0000000000
6995 -765.0000000000
6997 -764.0000000000
6999 -763.0000000000
7012 -762.0000000000
7042 -761.0000000000
7043 -760.0000000000
7067 -757.0000000000
7078 -756.0000000000
7122 -754.0000000000
7131 -753.0000000000
7136 -752.0000000000
7139 -751.0000000000
7140 -749.0000000000
7165 -748.0000000000
7171 -746.0000000000
7179 -745.0000000000
7188 -744.0000000000
7198 -743.0000000000
7199 -742.0000000000
7218 -741.0000000000
7236 -740.0000000000
7247 -739.0000000000
7261 -738.0000000000
7262 -737.0000000000
7295 -736.0000000000
7298 -735.0000000000
7307 -734.0000000000
7308 -733.0000000000
7317 -732.0000000000
7322 -731.0000000000
7334 -730.0000000000
7343 -729.0000000000
7357 -728.0000000000
7371 -727.0000000000
7375 -726.0000000000
7382 -725.0000000000
7392 -723.0000000000
7395 -722.0000000000
7404 -721.0000000000
7413 -720.0000000000
7418 -719.0000000000
7451 -718.0000000000
7462 -717.0000000000
7463 -716.0000000000
7477 -715.0000000000
7479 -714.0000000000
7507 -713.0000000000
7515 -712.0000000000
7535 -711.0000000000
7548 -710.0000000000
7554 -709.0000000000
7576 -708.0000000000
7583 -707.0000000000
7587 -706.0000000000
7617 -705.0000000000
7633 -704.0000000000
7646 -703.0000000000
7654 -702.0000000000
7663 -701.0000000000
7685 -700.0000000000
7708 -699.0000000000
7718 -697.0000000000
7750 -696.0000000000
7758 -695.0000000000
7772 -694.0000000000
7782 -692.0000000000
7825 -691.0000000000
7837 -690.0000000000
7850 -689.0000000000
7855 -687.0000000000
7863 -686.0000000000
7880 -685.0000000000
7941 -684.0000000000
7942 -683.0000000000
7989 -682.0000000000
8000 -681.0000000000
8003 -680.0000000000
8020 -678.0000000000
8034 -677.0000000000
8035 -676.0000000000
8036 -675.0000000000
8040 -674.0000000000
8052 -673.0000000000
8058 -672.0000000000
8071 -671.0000000000
8080 -670.0000000000
8096 -669.0000000000
8100 -668.0000000000
8114 -667.0000000000
8117 -666.0000000000
8154 -665.0000000000
8165 -663.0000000000
8169 -662.0000000000
8183 -660.0000000000
8187 -659.0000000000
8192 -658.0000000000
8200 -657.0000000000
8228 -656.0000000000
8229 -655.0000000000
8236 -654.0000000000
8239 -653.0000000000
8243 -652.0000000000
8248 -651.0000000000
8252 -650.0000000000
8258 -649.0000000000
8263 -648.0000000000
8280 -647.0000000000
8283 -646.0000000000
8299 -645.0000000000
8303 -644.0000000000
8304 -643.0000000000
8337 -642.0000000000
8363 -641.0000000000
8366 -640.0000000000
8372 -639.0000000000
8381 -636.0000000000
8400 -635.0000000000
8417 -634.0000000000
8418 -633.0000000000
8436 -632.0000000000
8457 -631.0000000000
8473 -630.0000000000
8474 -629.0000000000
8480 -627.0000000000
8510 -626.0000000000
8515 -625.0000000000
8532 -624.0000000000
8536 -623.0000000000
8544 -622.0000000000
8550 -621.0000000000
8554 -620.0000000000
8571 -619.0000000000
8580 -617.0000000000
8603 -616.0000000000
8615 -615.0000000000
8617 -614.0000000000
8637 -613.0000000000
8658 -612.0000000000
8664 -611.0000000000
8666 -610.0000000000
8686 -609.0000000000
8698 -608.0000000000
8700 -607.0000000000
8726 -606.0000000000
8748 -605.0000000000
8755 -604.0000000000
8762 -603.0000000000
8787 -602.0000000000
8791 -600.0000000000
8808 -598.0000000000
8815 -596.0000000000
8831 -595.0000000000
8835 -594.0000000000
8852 -593.0000000000
8853 -592.0000000000
8860 -591.0000000000
8869 -590.0000000000
8875 -589.0000000000
8876 -588.0000000000
8890 -586.0000000000
8898 -585.0000000000
8900 -584.0000000000
8916 -583.0000000000
8947 -582.0000000000
8951 -580.0000000000
8997 -579.0000000000
9065 -578.0000000000
9070 -577.0000000000
9071 -576.0000000000
9088 -575.0000000000
9093 -574.0000000000
9132 -573.0000000000
9144 -572.0000000000
9151 -571.0000000000
9164 -569.0000000000
9166 -568.0000000000
9206 -567.0000000000
9212 -566.0000000000
9227 -565.0000000000
9235 -564.0000000000
9236 -562.0000000000
9239 -561.0000000000
9265 -560.0000000000
9276 -559.0000000000
9280 -558.0000000000
9308 -557.0000000000
9325 -556.0000000000
9371 -555.0000000000
9373 -554.0000000000
9381 -553.0000000000
9387 -552.0000000000
9423 -551.0000000000
9453 -550.0000000000
9466 -549.0000000000
9475 -548.0000000000
9529 -547.0000000000
9568 -546.0000000000
9571 -545.0000000000
9581 -544.0000000000
9615 -542.0000000000
9621 -541.0000000000
9625 -540.0000000000
9635 -539.0000000000
9637 -538.0000000000
9656 -537.0000000000
9705 -536.0000000000
9711 -535.0000000000
9715 -534.0000000000
9720 -533.0000000000
9767 -531.0000000000
9778 -529.0000000000
9779 -527.0000000000
9814 -526.0000000000
9823 -525.0000000000
9827 -524.0000000000
9832 -523.0000000000
9856 -522.0000000000
9860 -521.0000000000
9890 -520.0000000000
9891 -519.0000000000
9897 -518.0000000000
9904 -517.0000000000
9914 -516.0000000000
9918 -515.0000000000
9964 -514.0000000000
9978 -513.0000000000
9981 -512.0000000000
9995 -511.0000000000
9996 -510.0000000000
10000 -511.0000000000
evaluations raw_y
1 -2041.0000000000
6 -2040.0000000000
9 -2039.0000000000
11 -2038.0000000000
12 -2037.0000000000
15 -2034.0000000000
23 -2033.0000000000
25 -2032.0000000000
30 -2031.0000000000
31 -2030.0000000000
34 -2028.0000000000
37 -2027.0000000000
41 -2026.0000000000
42 -2025.0000000000
43 -2024.0000000000
44 -2023.0000000000
45 -2020.0000000000
48 -2019.0000000000
52 -2018.0000000000
54 -2017.0000000000
55 -2016.0000000000
56 -2015.0000000000
60 -2014.0000000000
61 -2013.0000000000
62 -2012.0000000000
63 -2011.0000000000
65 -2010.0000000000
70 -2009.0000000000
86 -2008.0000000000
87 -2007.0000000000
89 -2006.0000000000
91 -2004.0000000000
92 -2003.0000000000
95 -2002.0000000000
96 -2001.0000000000
97 -2000.0000000000
99 -1999.0000000000
101 -1998.0000000000
102 -1997.0000000000
106 -1996.0000000000
112 -1995.0000000000
113 -1993.0000000000
114 -1992.0000000000
127 -1991.0000000000
136 -1990.0000000000
137 -1989.0000000000
147 -1988.0000000000
152 -1986.0000000000
153 -1985.0000000000
154 -1984.0000000000
158 -1982.0000000000
162 -1980.0000000000
163 -1979.0000000000
165 -1976.0000000000
167 -1975.0000000000
177 -1974.0000000000
178 -1973.0000000000
184 -1972.0000000000
185 -1971.0000000000
195 -1970.0000000000
196 -1969.0000000000
201 -1968.0000000000
209 -1967.0000000000
211 -1966.0000000000
212 -1964.0000000000
213 -1963.0000000000
214 -1962.0000000000
218 -1961.0000000000
222 -1960.0000000000
224 -1959.0000000000
227 -1958.0000000000
230 -1956.0000000000
235 -1955.0000000000
236 -1954.0000000000
241 -1953.0000000000
244 -1952.0000000000
245 -1950.0000000000
246 -1949.0000000000
249 -1947.0000000000
250 -1946.0000000000
253 -1945.0000000000
255 -1944.0000000000
256 -1941.0000000000
257 -1940.0000000000
258 -1938.0000000000
263 -1937.0000000000
264 -1936.0000000000
267 -1935.0000000000
270 -1934.0000000000
271 -1933.0000000000
272 -1932.0000000000
277 -1930.0000000000
278 -1929.0000000000
281 -1928.0000000000
287 -1927.0000000000
288 -1926.0000000000
291 -1925.0000000000
295 -1924.0000000000
297 -1923.0000000000
300 -1922.0000000000
307 -1921.0000000000
309 -1920.0000000000
314 -1918.0000000000
319 -1917.0000000000
322 -1916.0000000000
324 -1914.0000000000
325 -1913.0000000000
331 -1912.0000000000
334 -1911.0000000000
343 -1910.0000000000
351 -1909.0000000000
353 -1908.0000000000
355 -1907.0000000000
358 -1906.0000000000
360 -1905.0000000000
362 -1904.0000000000
370 -1902.0000000000
376 -1901.0000000000
386 -1899.0000000000
391 -1898.0000000000
393 -1897.0000000000
395 -1896.0000000000
399 -1895.0000000000
400 -1894.0000000000
401 -1893.0000000000
403 -1890.0000000000
408 -1889.0000000000
420 -1888.0000000000
429 -1887.0000000000
432 -1886.0000000000
448 -1885.0000000000
452 -1884.0000000000
453 -1883.0000000000
455 -1881.0000000000
464 -1880.0000000000
465 -1879.0000000000
469 -1878.0000000000
471 -1877.0000000000
472 -1876.0000000000
478 -1875.0000000000
484 -1874.0000000000
491 -1873.0000000000
492 -1872.0000000000
496 -1871.0000000000
499 -1870.0000000000
500 -1868.0000000000
504 -1867.0000000000
515 -1865.0000000000
518 -1864.0000000000
522 -1863.0000000000
525 -1862.0000000000
531 -1861.0000000000
532 -1860.0000000000
533 -1859.0000000000
535 -1858.0000000000
539 -1856.0000000000
541 -1854.0000000000
545 -1852.0000000000
555 -1851.0000000000
559 -1850.0000000000
561 -1849.0000000000
566 -1848.0000000000
567 -1847.0000000000
568 -1846.0000000000
570 -1845.0000000000
574 -1844.0000000000
578 -1843.0000000000
581 -1842.0000000000
585 -1841.0000000000
588 -1840.0000000000
591 -1839.0000000000
592 -1838.0000000000
595 -1837.0000000000
599 -1836.0000000000
609 -1835.0000000000
614 -1834.0000000000
615 -1833.0000000000
616 -1832.0000000000
625 -1830.0000000000
626 -1829.0000000000
629 -1828.0000000000
635 -1827.0000000000
638 -1826.0000000000
641 -1825.0000000000
642 -1824.0000000000
643 -1823.0000000000
648 -1822.0000000000
658 -1820.0000000000
662 -1819.0000000000
667 -1818.0000000000
669 -1817.0000000000
681 -1816.0000000000
686 -1814.0000000000
689 -1812.0000000000
701 -1810.0000000000
709 -1809.0000000000
710 -1807.0000000000
713 -1806.0000000000
724 -1805.0000000000
725 -1804.0000000000
729 -1803.0000000000
730 -1802.0000000000
739 -1801.0000000000
748 -1798.0000000000
760 -1797.0000000000
761 -1796.0000000000
762 -1795.0000000000
763 -1793.0000000000
764 -1792.0000000000
769 -1790.0000000000
778 -1789.0000000000
789 -1788.0000000000
790 -1787.0000000000
792 -1786.0000000000
793 -1785.0000000000
795 -1784.0000000000
809 -1783.0000000000
817 -1782.0000000000
823 -1781.0000000000
830 -1780.0000000000
837 -1779.0000000000
843 -1778.0000000000
846 -1777.0000000000
851 -1776.0000000000
853 -1775.0000000000
856 -1774.0000000000
857 -1773.0000000000
860 -1771.0000000000
862 -1770.0000000000
870 -1769.0000000000
871 -1767.0000000000
874 -1766.0000000000
876 -1765.0000000000
879 -1764.0000000000
882 -1763.0000000000
884 -1761.0000000000
887 -1759.0000000000
894 -1758.0000000000
895 -1757.0000000000
910 -1756.0000000000
913 -1755.0000000000
918 -1754.0000000000
929 -1753.0000000000
934 -1751.0000000000
936 -1749.0000000000
937 -1747.0000000000
939 -1746.0000000000
943 -1745.0000000000
944 -1743.0000000000
955 -1742.0000000000
958 -1741.0000000000
962 -1739.0000000000
965 -1738.0000000000
980 -1735.0000000000
996 -1734.0000000000
997 -1733.0000000000
1001 -1732.0000000000
1004 -1731.0000000000
1005 -1730.0000000000
1006 -1728.0000000000
1009 -1727.0000000000
1012 -1725.0000000000
1018 -1724.0000000000
1023 -1723.0000000000
1032 -1722.0000000000
1036 -1721.0000000000
1040 -1719.0000000000
1042 -1717.0000000000
1048 -1716.0000000000
1052 -1715.0000000000
1055 -1714.0000000000
1056 -1713.0000000000
1062 -1712.0000000000
1063 -1711.0000000000
1064 -1709.0000000000
1067 -1707.0000000000
1068 -1706.0000000000
1071 -1705.0000000000
1072 -1704.0000000000
1075 -1703.0000000000
1076 -1702.0000000000
1079 -1701.0000000000
1101 -1698.0000000000
1106 -1697.0000000000
1116 -1696.0000000000
1117 -1694.0000000000
1119 -1693.0000000000
1121 -1691.0000000000
1124 -1689.0000000000
1129 -1688.0000000000
1133 -1687.0000000000
1134 -1686.0000000000
1148 -1685.0000000000
1150 -1682.0000000000
1151 -1680.0000000000
1155 -1679.0000000000
1158 -1678.0000000000
1160 -1677.0000000000
1164 -1675.0000000000
1169 -1674.0000000000
1176 -1673.0000000000
1178 -1671.0000000000
1179 -1670.0000000000
1186 -1669.0000000000
1194 -1668.0000000000
1196 -1667.0000000000
1205 -1665.0000000000
1207 -1664.0000000000
1214 -1663.0000000000
1217 -1662.0000000000
1222 -1661.0000000000
1228 -1660.0000000000
1236 -1659.0000000000
1237 -1658.0000000000
1238 -1657.0000000000
1239 -1656.0000000000
1258 -1655.0000000000
1259 -1654.0000000000
1274 -1653.0000000000
1280 -1652.0000000000
1281 -1651.0000000000
1284 -1649.0000000000
1285 -1648.0000000000
1286 -1647.0000000000
1289 -1646.0000000000
1291 -1645.0000000000
1294 -1644.0000000000
1299 -1643.0000000000
1300 -1640.0000000000
1304 -1638.0000000000
1306 -1637.0000000000
1324 -1636.0000000000
1331 -1634.0000000000
1332 -1632.0000000000
1333 -1630.0000000000
1336 -1629.0000000000
1340 -1628.0000000000
1341 -1626.0000000000
1344 -1625.0000000000
1350 -1624.0000000000
1356 -1623.0000000000
1358 -1622.0000000000
1362 -1621.0000000000
1379 -1619.0000000000
1381 -1618.0000000000
1384 -1615.0000000000
1387 -1614.0000000000
1389 -1613.0000000000
1394 -1611.0000000000
1396 -1610.0000000000
1400 -1609.0000000000
1404 -1608.0000000000
1406 -1607.0000000000
1408 -1606.0000000000
1417 -1605.0000000000
1423 -1604.0000000000
1432 -1603.0000000000
1433 -1602.0000000000
1435 -1601.0000000000
1439 -1600.0000000000
1442 -1599.0000000000
1445 -1598.0000000000
1446 -1597.0000000000
1448 -1596.0000000000
1463 -1595.0000000000
1466 -1594.0000000000
1484 -1592.0000000000
1487 -1591.0000000000
1488 -1589.0000000000
1491 -1588.0000000000
1497 -1587.0000000000
1502 -1585.0000000000
1504 -1584.0000000000
1516 -1582.0000000000
1520 -1581.0000000000
1525 -1580.0000000000
1527 -1579.0000000000
1528 -1577.0000000000
1535 -1576.0000000000
1536 -1575.0000000000
1543 -1574.0000000000
1545 -1573.0000000000
1556 -1572.0000000000
1564 -1571.0000000000
1566 -1570.0000000000
1572 -1569.0000000000
1580 -1568.0000000000
1589 -1567.0000000000
1591 -1566.0000000000
1592 -1565.0000000000
1596 -1564.0000000000
1598 -1563.0000000000
1638 -1562.0000000000
1640 -1561.0000000000
1642 -1559.0000000000
1643 -1558.0000000000
1647 -1557.0000000000
1649 -1556.0000000000
1657 -1555.0000000000
1664 -1552.0000000000
1669 -1551.0000000000
1680 -1550.0000000000
1684 -1548.0000000000
1699 -1547.0000000000
1705 -1546.0000000000
1711 -1545.0000000000
1718 -1544.0000000000
1722 -1543.0000000000
1724 -1541.0000000000
1745 -1539.0000000000
1751 -1538.0000000000
1757 -1537.0000000000
1759 -1536.0000000000
1761 -1533.0000000000
1763 -1532.0000000000
1774 -1531.0000000000
1775 -1530.0000000000
1782 -1529.0000000000
1785 -1528.0000000000
1788 -1527.0000000000
1793 -1526.0000000000
1797 -1525.0000000000
1801 -1524.0000000000
1808 -1523.0000000000
1810 -1522.0000000000
1811 -1521.0000000000
1812 -1520.0000000000
1816 -1519.0000000000
1822 -1518.0000000000
1827 -1517.0000000000
1828 -1515.0000000000
1834 -1514.0000000000
1838 -1513.0000000000
1841 -1512.0000000000
1848 -1511.0000000000
1852 -1509.0000000000
1868 -1508.0000000000
1875 -1507.0000000000
1877 -1506.0000000000
1883 -1505.0000000000
1885 -1504.0000000000
1886 -1503.0000000000
1889 -1501.0000000000
1894 -1500.0000000000
1898 -1499.0000000000
1901 -1498.0000000000
1907 -1497.0000000000
1913 -1496.0000000000
1925 -1495.0000000000
1940 -1494.0000000000
1944 -1492.0000000000
1945 -1488.0000000000
1951 -1487.0000000000
1954 -1486.0000000000
1957 -1485.0000000000
1959 -1484.0000000000
1964 -1483.0000000000
1971 -1482.0000000000
1973 -1481.0000000000
1974 -1479.0000000000
1976 -1478.0000000000
1983 -1476.0000000000
1986 -1475.0000000000
1991 -1474.0000000000
1998 -1473.0000000000
1999 -1472.0000000000
2011 -1469.0000000000
2028 -1468.0000000000
2045 -1467.0000000000
2055 -1466.0000000000
2066 -1464.0000000000
2075 -1463.0000000000
2085 -1462.0000000000
2089 -1461.0000000000
2096 -1460.0000000000
2105 -1459.0000000000
2106 -1457.0000000000
2108 -1456.0000000000
2116 -1455.0000000000
2122 -1454.0000000000
2135 -1453.0000000000
2137 -1451.0000000000
2138 -1450.0000000000
2147 -1448.0000000000
2149 -1447.0000000000
2154 -1446.0000000000
2162 -1445.0000000000
2179 -1444.0000000000
2186 -1442.0000000000
2193 -1441.0000000000
2198 -1440.0000000000
2206 -1439.0000000000
2210 -1438.0000000000
2217 -1437.0000000000
2219 -1436.0000000000
2223 -1433.0000000000
2224 -1432.0000000000
2228 -1429.0000000000
2230 -1428.0000000000
2234 -1426.0000000000
2235 -1425.0000000000
2245 -1424.0000000000
2251 -1423.0000000000
2257 -1422.0000000000
2267 -1420.0000000000
2270 -1419.0000000000
2279 -1418.0000000000
2290 -1417.0000000000
2297 -1416.0000000000
2301 -1415.0000000000
2308 -1414.0000000000
2312 -1413.0000000000
2313 -1412.0000000000
2321 -1411.0000000000
2329 -1410.0000000000
2336 -1409.0000000000
2337 -1408.0000000000
2340 -1407.0000000000
2341 -1406.0000000000
2351 -1405.0000000000
2353 -1404.0000000000
2357 -1403.0000000000
2362 -1402.0000000000
2365 -1401.0000000000
2367 -1400.0000000000
2369 -1398.0000000000
2371 -1396.0000000000
2379 -1395.0000000000
2386 -1394.0000000000
2388 -1393.0000000000
2392 -1392.0000000000
2402 -1391.0000000000
2405 -1390.0000000000
2411 -1388.0000000000
2415 -1387.0000000000
2442 -1386.0000000000
2444 -1385.0000000000
2450 -1384.0000000000
2462 -1382.0000000000
2463 -1381.0000000000
2469 -1379.0000000000
2482 -1378.0000000000
2483 -1377.0000000000
2494 -1374.0000000000
2501 -1373.0000000000
2503 -1372.0000000000
2506 -1371.0000000000
2507 -1370.0000000000
2511 -1369.0000000000
2514 -1368.0000000000
2520 -1367.0000000000
2528 -1366.0000000000
2534 -1365.0000000000
2537 -1364.0000000000
2538 -1363.0000000000
2543 -1362.0000000000
2554 -1361.0000000000
2555 -1360.0000000000
2567 -1358.0000000000
2578 -1357.0000000000
2579 -1356.0000000000
2589 -1355.0000000000
2594 -1354.0000000000
2601 -1353.0000000000
2610 -1352.0000000000
2611 -1350.0000000000
2617 -1349.0000000000
2621 -1348.0000000000
2622 -1347.0000000000
2625 -1346.0000000000
2631 -1345.0000000000
2642 -1344.0000000000
2643 -1343.0000000000
2657 -1342.0000000000
2662 -1341.0000000000
2665 -1340.0000000000
2669 -1339.0000000000
2676 -1338.0000000000
2684 -1337.0000000000
2688 -1336.0000000000
2693 -1335.0000000000
2694 -1331.0000000000
2700 -1329.0000000000
2718 -1327.0000000000
2749 -1326.0000000000
2751 -1325.0000000000
2754 -1324.0000000000
2758 -1323.0000000000
2761 -1322.0000000000
2766 -1320.0000000000
2769 -1319.0000000000
2773 -1318.0000000000
2786 -1317.0000000000
2794 -1316.0000000000
2830 -1314.0000000000
2835 -1312.0000000000
2839 -1311.0000000000
2846 -1310.0000000000
2865 -1309.0000000000
2869 -1308.0000000000
2875 -1307.0000000000
2878 -1305.0000000000
2880 -1304.0000000000
2883 -1302.0000000000
2884 -1301.0000000000
2897 -1300.0000000000
2908 -1299.0000000000
2914 -1298.0000000000
2916 -1297.0000000000
2918 -1296.0000000000
2932 -1295.0000000000
2939 -1293.0000000000
2947 -1292.0000000000
2962 -1291.0000000000
2963 -1290.0000000000
2979 -1289.0000000000
2981 -1288.0000000000
2983 -1287.0000000000
2988 -1286.0000000000
2989 -1284.0000000000
2992 -1283.0000000000
2995 -1282.0000000000
2998 -1281.0000000000
3000 -1280.0000000000
3001 -1279.0000000000
3002 -1278.0000000000
3004 -1277.0000000000
3013 -1276.0000000000
3016 -1275.0000000000
3017 -1274.0000000000
3018 -1273.0000000000
3035 -1272.0000000000
3036 -1270.0000000000
3037 -1269.0000000000
3039 -1267.0000000000
3042 -1266.0000000000
3055 -1265.0000000000
3070 -1264.0000000000
3076 -1263.0000000000
3078 -1262.0000000000
3081 -1260.0000000000
3089 -1259.0000000000
3093 -1258.0000000000
3098 -1257.0000000000
3101 -1255.0000000000
3103 -1254.0000000000
3107 -1253.0000000000
3115 -1251.0000000000
3120 -1250.0000000000
3125 -1249.0000000000
3135 -1248.0000000000
3141 -1247.0000000000
3147 -1246.0000000000
3150 -1245.0000000000
3152 -1244.0000000000
3153 -1243.0000000000
3157 -1241.0000000000
3159 -1240.0000000000
3162 -1238.0000000000
3171 -1236.0000000000
3174 -1235.0000000000
3177 -1234.0000000000
3181 -1232.0000000000
3192 -1231.0000000000
3206 -1230.0000000000
3209 -1229.0000000000
3212 -1228.0000000000
3225 -1227.0000000000
3226 -1226.0000000000
3249 -1225.0000000000
3272 -1224.0000000000
3276 -1223.0000000000
3282 -1222.0000000000
3291 -1221.0000000000
3297 -1220.0000000000
3300 -1219.0000000000
3313 -1218.0000000000
3327 -1217.0000000000
3338 -1216.0000000000
3340 -1215.0000000000
3342 -1213.0000000000
3348 -1212.0000000000
3350 -1211.0000000000
3351 -1210.0000000000
3359 -1209.0000000000
3372 -1208.0000000000
3384 -1205.0000000000
3385 -1204.0000000000
3389 -1203.0000000000
3412 -1202.0000000000
3416 -1201.0000000000
3424 -1200.0000000000
3427 -1199.0000000000
3428 -1198.0000000000
3432 -1197.0000000000
3434 -1196.0000000000
3449 -1195.0000000000
3457 -1193.0000000000
3459 -1192.0000000000
3468 -1191.0000000000
3481 -1190.0000000000
3499 -1189.0000000000
3502 -1188.0000000000
3505 -1187.0000000000
3506 -1186.0000000000
3511 -1185.0000000000
3533 -1184.0000000000
3548 -1183.0000000000
3549 -1181.0000000000
3552 -1179.0000000000
3587 -1178.0000000000
3589 -1177.0000000000
3596 -1176.0000000000
3607 -1175.0000000000
3627 -1174.0000000000
3630 -1173.0000000000
3640 -1172.0000000000
3664 -1170.0000000000
3671 -1169.0000000000
3674 -1168.0000000000
3686 -1167.0000000000
3690 -1166.0000000000
3695 -1165.0000000000
3697 -1164.0000000000
3700 -1163.0000000000
3704 -1162.0000000000
3709 -1161.0000000000
3715 -1160.0000000000
3716 -1159.0000000000
3733 -1158.0000000000
3740 -1157.0000000000
3750 -1156.0000000000
3769 -1155.0000000000
3778 -1154.0000000000
3791 -1153.0000000000
3793 -1152.0000000000
3795 -1151.0000000000
3797 -1150.0000000000
3799 -1149.0000000000
3802 -1148.0000000000
3804 -1147.0000000000
3813 -1146.0000000000
3815 -1145.0000000000
3824 -1144.0000000000
3830 -1142.0000000000
3848 -1141.0000000000
3849 -1140.0000000000
3855 -1139.0000000000
3864 -1138.0000000000
3866 -1137.0000000000
3867 -1136.0000000000
3868 -1135.0000000000
3876 -1134.0000000000
3891 -1133.0000000000
3895 -1132.0000000000
3902 -1131.0000000000
3904 -1130.0000000000
3927 -1129.0000000000
3939 -1128.0000000000
3941 -1127.0000000000
3943 -1126.0000000000
3952 -1125.0000000000
3954 -1124.0000000000
3955 -1123.0000000000
3958 -1122.0000000000
3961 -1121.0000000000
3964 -1120.0000000000
3985 -1119.0000000000
3987 -1118.0000000000
3994 -1117.0000000000
4039 -1115.0000000000
4046 -1114.0000000000
4051 -1113.0000000000
4060 -1112.0000000000
4065 -1111.0000000000
4068 -1110.0000000000
4082 -1109.0000000000
4083 -1108.0000000000
4090 -1107.0000000000
4094 -1106.0000000000
4096 -1105.0000000000
4104 -1104.0000000000
4109 -1103.0000000000
4115 -1102.0000000000
4118 -1101.0000000000
4123 -1100.0000000000
4146 -1099.0000000000
4149 -1098.0000000000
4150 -1097.0000000000
4155 -1096.0000000000
4158 -1095.0000000000
4166 -1094.0000000000
4173 -1093.0000000000
4176 -1092.0000000000
4199 -1091.0000000000
4201 -1090.0000000000
4211 -1089.0000000000
4213 -1088.0000000000
4215 -1086.0000000000
4225 -1084.0000000000
4244 -1083.0000000000
4266 -1082.0000000000
4267 -1081.0000000000
4273 -1080.0000000000
4278 -1079.0000000000
4283 -1078.0000000000
4298 -1077.0000000000
4308 -1076.0000000000
4309 -1075.0000000000
4321 -1073.0000000000
4337 -1072.0000000000
4350 -1071.0000000000
4354 -1070.0000000000
4360 -1069.0000000000
4368 -1068.0000000000
4373 -1066.0000000000
4382 -1065.0000000000
4386 -1064.0000000000
4390 -1063.0000000000
4401 -1061.0000000000
4412 -1060.0000000000
4417 -1059.0000000000
4419 -1058.0000000000
4446 -1057.0000000000
4451 -1056.0000000000
4462 -1055.0000000000
4472 -1054.0000000000
4473 -1053.0000000000
4512 -1052.0000000000
4520 -1051.0000000000
4538 -1050.0000000000
4545 -1049.0000000000
4558 -1048.0000000000
4564 -1047.0000000000
4571 -1046.0000000000
4589 -1045.0000000000
4602 -1044.0000000000
4613 -1043.0000000000
4623 -1041.0000000000
4624 -1040.0000000000
4634 -1039.0000000000
4679 -1038.0000000000
4689 -1037.0000000000
4697 -1035.0000000000
4705 -1034.0000000000
4710 -1033.0000000000
4718 -1032.0000000000
4724 -1030.0000000000
4741 -1029.0000000000
4746 -1028.0000000000
4747 -1027.0000000000
4759 -1025.0000000000
4763 -1024.0000000000
4771 -1023.0000000000
4772 -1021.0000000000
4775 -1020.0000000000
4777 -1018.0000000000
4780 -1017.0000000000
4782 -1016.0000000000
4785 -1015.0000000000
4825 -1014.0000000000
4838 -1012.0000000000
4843 -1011.0000000000
4857 -1010.0000000000
4864 -1009.0000000000
4869 -1007.0000000000
4870 -1006.0000000000
4878 -1005.0000000000
4883 -1004.0000000000
4894 -1003.0000000000
4901 -1002.0000000000
4905 -1001.0000000000
4909 -1000.0000000000
4927 -999.0000000000
4941 -998.0000000000
4946 -997.0000000000
4954 -996.0000000000
4958 -995.0000000000
4970 -994.0000000000
4972 -993.0000000000
4986 -992.0000000000
5005 -991.0000000000
5009 -989.0000000000
5011 -988.0000000000
5033 -987.0000000000
5042 -986.0000000000
5044 -985.0000000000
5047 -984.0000000000
5058 -983.0000000000
5085 -982.0000000000
5090 -981.0000000000
5106 -980.0000000000
5109 -978.0000000000
5144 -977.0000000000
5148 -976.0000000000
5150 -975.0000000000
5167 -973.0000000000
5172 -972.0000000000
5195 -971.0000000000
5196 -970.0000000000
5197 -969.0000000000
5224 -968.0000000000
5237 -967.0000000000
5244 -966.0000000000
5260 -965.0000000000
5271 -964.0000000000
5289 -963.0000000000
5291 -962.0000000000
5304 -961.0000000000
5316 -960.0000000000
5317 -959.0000000000
5319 -957.0000000000
5325 -956.0000000000
5330 -955.0000000000
5340 -954.0000000000
5350 -953.0000000000
5352 -951.0000000000
5356 -950.0000000000
5358 -949.0000000000
5362 -948.0000000000
5370 -947.0000000000
5384 -946.0000000000
5397 -944.0000000000
5401 -943.0000000000
5423 -942.0000000000
5432 -941.0000000000
5436 -940.0000000000
5440 -939.0000000000
5486 -938.0000000000
5506 -937.0000000000
5511 -936.0000000000
5519 -935.0000000000
5521 -934.0000000000
5540 -933.0000000000
5548 -932.0000000000
5558 -930.0000000000
5565 -929.0000000000
5575 -928.0000000000
5584 -927.0000000000
5594 -926.0000000000
5612 -925.0000000000
5620 -924.0000000000
5622 -922.0000000000
5626 -921.0000000000
5638 -920.0000000000
5647 -919.0000000000
5648 -918.0000000000
5651 -917.0000000000
5658 -916.0000000000
5661 -914.0000000000
5671 -913.0000000000
5673 -912.0000000000
5680 -911.0000000000
5696 -910.0000000000
5697 -909.0000000000
5703 -907.0000000000
5707 -906.0000000000
5714 -905.0000000000
5723 -904.0000000000
5731 -903.0000000000
5744 -902.0000000000
5753 -900.0000000000
5757 -899.0000000000
5759 -898.0000000000
5767 -897.0000000000
5775 -896.0000000000
5801 -895.0000000000
5806 -894.0000000000
5832 -893.0000000000
5836 -892.0000000000
5837 -890.0000000000
5840 -889.0000000000
5843 -888.0000000000
5846 -886.0000000000
5852 -885.0000000000
5905 -884.0000000000
5926 -883.0000000000
5942 -882.0000000000
5947 -881.0000000000
5949 -880.0000000000
5979 -879.0000000000
5981 -876.0000000000
5986 -875.0000000000
6000 -874.0000000000
6001 -873.0000000000
6005 -872.0000000000
6019 -871.0000000000
6025 -870.0000000000
6035 -869.0000000000
6043 -868.0000000000
6063 -867.0000000000
6075 -866.0000000000
6077 -865.0000000000
6087 -863.0000000000
6097 -862.0000000000
6104 -861.0000000000
6105 -860.0000000000
6110 -859.0000000000
6121 -858.0000000000
6129 -857.0000000000
6137 -856.0000000000
6180 -855.0000000000
6181 -854.0000000000
6183 -853.0000000000
6205 -852.0000000000
6216 -851.0000000000
6236 -850.0000000000
6241 -849.0000000000
6249 -848.0000000000
6253 -847.0000000000
6259 -845.0000000000
6269 -844.0000000000
6285 -843.0000000000
6315 -842.0000000000
6330 -841.0000000000
6341 -840.0000000000
6367 -839.0000000000
6376 -838.0000000000
6381 -837.0000000000
6386 -836.0000000000
6412 -835.0000000000
6424 -834.0000000000
6442 -833.0000000000
6449 -831.0000000000
6452 -830.0000000000
6476 -829.0000000000
6514 -828.0000000000
6518 -827.0000000000
6521 -826.0000000000
6526 -825.0000000000
6539 -824.0000000000
6545 -823.0000000000
6547 -822.0000000000
6572 -821.0000000000
6577 -820.0000000000
6604 -819.0000000000
6616 -818.0000000000
6634 -817.0000000000
6643 -816.0000000000
6654 -815.0000000000
6677 -814.0000000000
6688 -812.0000000000
6711 -811.0000000000
6727 -810.0000000000
6733 -809.0000000000
6739 -808.0000000000
6746 -807.0000000000
6769 -806.0000000000
6775 -804.0000000000
6810 -803.0000000000
6812 -802.0000000000
6821 -801.0000000000
6824 -800.0000000000
6835 -799.0000000000
6843 -798.0000000000
6852 -797.0000000000
6876 -796.0000000000
6905 -795.0000000000
6923 -794.0000000000
6940 -791.0000000000
6960 -790.0000000000
6986 -789.0000000000
7027 -788.0000000000
7032 -787.0000000000
7042 -786.0000000000
7045 -785.0000000000
7047 -784.0000000000
7060 -782.0000000000
7068 -781.0000000000
7072 -780.0000000000
7089 -779.0000000000
7098 -778.0000000000
7125 -776.0000000000
7129 -775.0000000000
7147 -774.0000000000
7154 -773.0000000000
7161 -772.0000000000
7164 -771.0000000000
7182 -770.0000000000
7185 -769.0000000000
7192 -768.0000000000
7199 -766.0000000000
7219 -765.0000000000
7221 -764.0000000000
7227 -762.0000000000
7233 -761.0000000000
7252 -760.0000000000
7263 -759.0000000000
7292 -758.0000000000
7318 -757.0000000000
7322 -756.0000000000
7355 -755.0000000000
7405 -754.0000000000
7406 -753.0000000000
7415 -752.0000000000
7417 -751.0000000000
7460 -749.0000000000
7467 -748.0000000000
7501 -747.0000000000
7502 -746.0000000000
7510 -745.0000000000
7516 -744.0000000000
7535 -743.0000000000
7536 -742.0000000000
7541 -741.0000000000
7545 -740.0000000000
7561 -739.0000000000
7563 -738.0000000000
7570 -737.0000000000
7584 -736.0000000000
7595 -735.0000000000
7606 -734.0000000000
7615 -733.0000000000
7617 -732.0000000000
7633 -730.0000000000
7641 -729.0000000000
7646 -728.0000000000
7651 -727.0000000000
7660 -726.0000000000
7665 -724.0000000000
7676 -723.0000000000
7685 -722.0000000000
7690 -721.0000000000
7699 -720.0000000000
7710 -719.0000000000
7711 -718.0000000000
7741 -717.0000000000
7745 -716.0000000000
7775 -715.0000000000
7797 -714.0000000000
7819 -713.0000000000
7821 -712.0000000000
7860 -711.0000000000
7870 -710.0000000000
7872 -709.0000000000
7875 -708.0000000000
7893 -707.0000000000
7934 -706.0000000000
7952 -705.0000000000
7954 -704.0000000000
7967 -703.0000000000
7998 -702.0000000000
7999 -701.0000000000
8010 -700.0000000000
8016 -699.0000000000
8019 -698.0000000000
8050 -697.0000000000
8065 -696.0000000000
8073 -695.0000000000
8076 -693.0000000000
8083 -692.0000000000
8104 -691.0000000000
8122 -689.0000000000
8138 -688.0000000000
8153 -687.0000000000
8163 -686.0000000000
8168 -685.0000000000
8173 -684.0000000000
8186 -683.0000000000
8205 -682.0000000000
8214 -681.0000000000
8230 -680.0000000000
8232 -679.0000000000
8240 -678.0000000000
8284 -677.0000000000
8288 -676.0000000000
8312 -675.0000000000
8321 -674.0000000000
8326 -673.0000000000
8331 -672.0000000000
8333 -671.0000000000
8334 -670.0000000000
8355 -668.0000000000
8374 -667.0000000000
8375 -666.0000000000
8381 -665.0000000000
8414 -664.0000000000
8447 -663.0000000000
8460 -662.0000000000
8477 -661.0000000000
8486 -660.0000000000
8528 -659.0000000000
8532 -658.0000000000
8541 -657.0000000000
8553 -656.0000000000
8580 -655.0000000000
8588 -654.0000000000
8590 -653.0000000000
8634 -652.0000000000
8636 -651.0000000000
8655 -650.0000000000
8658 -649.0000000000
8662 -648.0000000000
8691 -647.0000000000
8693 -646.0000000000
8771 -645.0000000000
8789 -644.0000000000
8792 -643.0000000000
8795 -642.0000000000
8797 -641.0000000000
8800 -639.0000000000
8874 -638.0000000000
8875 -637.0000000000
8898 -636.0000000000
8904 -635.0000000000
8908 -634.0000000000
8931 -633.0000000000
8996 -632.0000000000
9015 -631.0000000000
9017 -629.0000000000
9032 -628.0000000000
9039 -627.0000000000
9062 -626.0000000000
9095 -625.0000000000
9119 -624.0000000000
9122 -623.0000000000
9162 -622.0000000000
9169 -621.0000000000
9171 -620.0000000000
9174 -619.0000000000
9184 -618.0000000000
9196 -617.0000000000
9200 -616.0000000000
9235 -615.0000000000
9245 -614.0000000000
9253 -613.0000000000
9259 -612.0000000000
9263 -611.0000000000
9275 -610.0000000000
9280 -609.0000000000
9285 -608.0000000000
9307 -605.0000000000
9321 -604.0000000000
9327 -603.0000000000
9381 -602.0000000000
9383 -601.0000000000
9387 -599.0000000000
9392 -597.0000000000
9413 -596.0000000000
9416 -595.0000000000
9420 -594.0000000000
9430 -592.0000000000
9449 -591.0000000000
9482 -590.0000000000
9501 -589.0000000000
9502 -588.0000000000
9507 -587.0000000000
9509 -586.0000000000
9547 -585.0000000000
9553 -582.0000000000
9569 -581.0000000000
9608 -580.0000000000
9613 -579.0000000000
9626 -578.0000000000
9652 -577.0000000000
9657 -576.0000000000
9666 -575.0000000000
9669 -574.0000000000
9677 -573.0000000000
9725 -572.0000000000
9739 -571.0000000000
9748 -570.0000000000
9753 -569.0000000000
9757 -568.0000000000
9762 -567.0000000000
9768 -566.0000000000
9852 -565.0000000000
9859 -564.0000000000
9882 -563.0000000000
9890 -562.0000000000
9900 -561.0000000000
9916 -560.0000000000
9940 -558.0000000000
9964 -557.0000000000
9970 -556.0000000000
9975 -555.0000000000
9990 -554.0000000000
10000 -555.0000000000
evaluations raw_y
1 -1957.0000000000
4 -1956.0000000000
9 -1954.0000000000
10 -1953.0000000000
23 -1952.0000000000
25 -1951.0000000000
29 -1950.0000000000
37 -1948.0000000000
43 -1947.0000000000
46 -1945.0000000000
51 -1944.0000000000
52 -1943.0000000000
57 -1942.0000000000
61 -1941.0000000000
63 -1940.0000000000
65 -1937.0000000000
67 -1936.0000000000
78 -1935.0000000000
85 -1933.0000000000
91 -1932.0000000000
94 -1930.0000000000
95 -1929.0000000000
97 -1927.0000000000
98 -1926.0000000000
100 -1925.0000000000
101 -1923.0000000000
103 -1922.0000000000
111 -1921.0000000000
116 -1920.0000000000
118 -1919.0000000000
121 -1918.0000000000
122 -1917.0000000000
127 -1916.0000000000
128 -1915.0000000000
129 -1914.0000000000
131 -1913.0000000000
135 -1912.0000000000
138 -1911.0000000000
144 -1909.0000000000
145 -1908.0000000000
149 -1907.0000000000
154 -1906.0000000000
158 -1905.0000000000
163 -1904.0000000000
167 -1903.0000000000
168 -1902.0000000000
181 -1901.0000000000
183 -1899.0000000000
194 -1897.0000000000
195 -1896.0000000000
207 -1895.0000000000
209 -1894.0000000000
211 -1893.0000000000
213 -1892.0000000000
214 -1889.0000000000
219 -1888.0000000000
231 -1887.0000000000
243 -1883.0000000000
249 -1881.0000000000
251 -1879.0000000000
253 -1878.0000000000
259 -1876.0000000000
264 -1875.0000000000
266 -1874.0000000000
285 -1873.0000000000
286 -1870.0000000000
287 -1869.0000000000
293 -1868.0000000000
299 -1867.0000000000
304 -1865.0000000000
316 -1864.0000000000
318 -1863.0000000000
325 -1861.0000000000
326 -1860.0000000000
327 -1859.0000000000
337 -1858.0000000000
341 -1857.0000000000
344 -1856.0000000000
345 -1855.0000000000
346 -1853.0000000000
347 -1851.0000000000
354 -1850.0000000000
359 -1849.0000000000
361 -1847.0000000000
362 -1846.0000000000
367 -1845.0000000000
373 -1844.0000000000
382 -1843.0000000000
387 -1842.0000000000
395 -1841.0000000000
402 -1840.0000000000
404 -1838.0000000000
407 -1835.0000000000
411 -1833.0000000000
414 -1832.0000000000
419 -1831.0000000000
423 -1830.0000000000
436 -1829.0000000000
437 -1827.0000000000
440 -1825.0000000000
457 -1824.0000000000
458 -1822.0000000000
465 -1821.0000000000
468 -1820.0000000000
479 -1818.0000000000
487 -1815.0000000000
492 -1814.0000000000
500 -1813.0000000000
505 -1812.0000000000
512 -1811.0000000000
522 -1809.0000000000
531 -1808.0000000000
533 -1807.0000000000
543 -1806.0000000000
548 -1805.0000000000
551 -1803.0000000000
555 -1802.0000000000
560 -1801.0000000000
561 -1800.0000000000
565 -1799.0000000000
566 -1798.0000000000
569 -1797.0000000000
570 -1796.0000000000
574 -1795.0000000000
575 -1794.0000000000
577 -1792.0000000000
582 -1790.0000000000
587 -1789.0000000000
590 -1788.0000000000
591 -1787.0000000000
594 -1786.0000000000
598 -1785.0000000000
601 -1784.0000000000
604 -1782.0000000000
615 -1781.0000000000
616 -1780.0000000000
620 -1779.0000000000
623 -1778.0000000000
627 -1777.0000000000
628 -1776.0000000000
630 -1773.0000000000
633 -1772.0000000000
637 -1771.0000000000
657 -1770.0000000000
658 -1769.0000000000
660 -1766.0000000000
675 -1765.0000000000
687 -1764.0000000000
693 -1763.0000000000
696 -1762.0000000000
701 -1760.0000000000
703 -1759.0000000000
726 -1758.0000000000
729 -1757.0000000000
730 -1755.0000000000
732 -1754.0000000000
734 -1753.0000000000
740 -1752.0000000000
742 -1751.0000000000
744 -1750.0000000000
747 -1749.0000000000
749 -1748.0000000000
753 -1747.0000000000
757 -1745.0000000000
758 -1742.0000000000
761 -1740.0000000000
765 -1739.0000000000
774 -1738.0000000000
792 -1737.0000000000
803 -1736.0000000000
815 -1734.0000000000
817 -1733.0000000000
818 -1732.0000000000
820 -1731.0000000000
827 -1730.0000000000
832 -1729.0000000000
841 -1728.0000000000
845 -1727.0000000000
852 -1726.0000000000
853 -1724.0000000000
854 -1722.0000000000
858 -1721.0000000000
874 -1720.0000000000
875 -1719.0000000000
882 -1718.0000000000
886 -1717.0000000000
888 -1716.0000000000
893 -1715.0000000000
894 -1714.0000000000
898 -1713.0000000000
899 -1712.0000000000
900 -1711.0000000000
908 -1709.0000000000
912 -1708.0000000000
914 -1707.0000000000
924 -1706.0000000000
925 -1705.0000000000
926 -1704.0000000000
944 -1702.0000000000
945 -1701.0000000000
948 -1699.0000000000
949 -1698.0000000000
954 -1696.0000000000
960 -1695.0000000000
962 -1694.0000000000
963 -1693.0000000000
973 -1692.0000000000
986 -1691.0000000000
989 -1690.0000000000
991 -1689.0000000000
1003 -1688.0000000000
1004 -1685.0000000000
1014 -1684.0000000000
1018 -1682.0000000000
1029 -1681.0000000000
1035 -1680.0000000000
1037 -1679.0000000000
1040 -1678.0000000000
1044 -1677.0000000000
1045 -1675.0000000000
1048 -1674.0000000000
1050 -1673.0000000000
1052 -1672.0000000000
1053 -1671.0000000000
1062 -1670.0000000000
1063 -1669.0000000000
1064 -1668.0000000000
1066 -1667.0000000000
1075 -1665.0000000000
1077 -1664.0000000000
1081 -1663.0000000000
1091 -1662.0000000000
1097 -1661.0000000000
1098 -1659.0000000000
1100 -1657.0000000000
1101 -1656.0000000000
1110 -1655.0000000000
1113 -1654.0000000000
1116 -1653.0000000000
1117 -1652.0000000000
1130 -1651.0000000000
1135 -1650.0000000000
1136 -1649.0000000000
1146 -1648.0000000000
1147 -1645.0000000000
1151 -1644.0000000000
1156 -1643.0000000000
1157 -1642.0000000000
1160 -1641.0000000000
1161 -1640.0000000000
1165 -1639.0000000000
1176 -1638.0000000000
1179 -1636.0000000000
1193 -1635.0000000000
1194 -1632.0000000000
1195 -1631.0000000000
1196 -1629.0000000000
1197 -1628.0000000000
1198 -1627.0000000000
1203 -1626.0000000000
1213 -1625.0000000000
1219 -1624.0000000000
1223 -1622.0000000000
1225 -1621.0000000000
1228 -1619.0000000000
1233 -1618.0000000000
1241 -1617.0000000000
1252 -1616.0000000000
1260 -1615.0000000000
1276 -1614.0000000000
1277 -1613.0000000000
1278 -1612.0000000000
1279 -1611.0000000000
1280 -1610.0000000000
1285 -1608.0000000000
1287 -1607.0000000000
1289 -1606.0000000000
1293 -1605.0000000000
1297 -1604.0000000000
1299 -1603.0000000000
1311 -1602.0000000000
1312 -1600.0000000000
1315 -1599.0000000000
1324 -1598.0000000000
1330 -1597.0000000000
1335 -1596.0000000000
1340 -1595.0000000000
1351 -1594.0000000000
1352 -1593.0000000000
1370 -1592.0000000000
1371 -1591.0000000000
1379 -1589.0000000000
1380 -1588.0000000000
1393 -1587.0000000000
1401 -1584.0000000000
1404 -1582.0000000000
1406 -1580.0000000000
1408 -1578.0000000000
1410 -1577.0000000000
1419 -1575.0000000000
1433 -1574.0000000000
1446 -1573.0000000000
1454 -1572.0000000000
1468 -1571.0000000000
1470 -1570.0000000000
1473 -1569.0000000000
1481 -1568.0000000000
1488 -1567.0000000000
1490 -1566.0000000000
1491 -1565.0000000000
1493 -1563.0000000000
1494 -1562.0000000000
1500 -1561.0000000000
1502 -1560.0000000000
1504 -1559.0000000000
1505 -1558.0000000000
1509 -1557.0000000000
1517 -1556.0000000000
1525 -1554.0000000000
1526 -1553.0000000000
1528 -1552.0000000000
1529 -1551.0000000000
1531 -1549.0000000000
1532 -1548.0000000000
1533 -1547.0000000000
1535 -1546.0000000000
1539 -1545.0000000000
1544 -1544.0000000000
1550 -1543.0000000000
1564 -1541.0000000000
1581 -1540.0000000000
1585 -1538.0000000000
1586 -1537.0000000000
1589 -1536.0000000000
1591 -1535.0000000000
1600 -1534.0000000000
1605 -1533.0000000000
1637 -1532.0000000000
1642 -1531.0000000000
1643 -1530.0000000000
1651 -1529.0000000000
1655 -1528.0000000000
1658 -1527.0000000000
1661 -1526.0000000000
1663 -1525.0000000000
1667 -1524.0000000000
1670 -1522.0000000000
1672 -1521.0000000000
1684 -1520.0000000000
1685 -1519.0000000000
1690 -1518.0000000000
1693 -1517.0000000000
1696 -1515.0000000000
1697 -1514.0000000000
1702 -1513.0000000000
1709 -1512.0000000000
1714 -1510.0000000000
1716 -1509.0000000000
1726 -1507.0000000000
1728 -1506.0000000000
1732 -1504.0000000000
1735 -1503.0000000000
1739 -1502.0000000000
1744 -1501.0000000000
1745 -1500.0000000000
1750 -1499.0000000000
1751 -1498.0000000000
1755 -1497.0000000000
1756 -1496.0000000000
1758 -1495.0000000000
1763 -1494.0000000000
1764 -1493.0000000000
1773 -1492.0000000000
1775 -1491.0000000000
1781 -1490.0000000000
1804 -1489.0000000000
1808 -1488.0000000000
1809 -1487.0000000000
1810 -1485.0000000000
1812 -1484.0000000000
1814 -1482.0000000000
1817 -1481.0000000000
1818 -1480.0000000000
1820 -1478.0000000000
1825 -1477.0000000000
1827 -1476.0000000000
1828 -1475.0000000000
1837 -1474.0000000000
1849 -1473.0000000000
1853 -1472.0000000000
1858 -1471.0000000000
1860 -1470.0000000000
1865 -1469.0000000000
1866 -1468.0000000000
1869 -1467.0000000000
1873 -1466.0000000000
1876 -1464.0000000000
1885 -1463.0000000000
1886 -1462.0000000000
1895 -1461.0000000000
1897 -1460.0000000000
1899 -1458.0000000000
1908 -1457.0000000000
1917 -1456.0000000000
1918 -1454.0000000000
1930 -1453.0000000000
1941 -1452.0000000000
1942 -1451.0000000000
1951 -1450.0000000000
1953 -1449.0000000000
1959 -1448.0000000000
1969 -1445.0000000000
1976 -1444.0000000000
1977 -1443.0000000000
1979 -1442.0000000000
1982 -1441.0000000000
1984 -1440.0000000000
1990 -1439.0000000000
1997 -1438.0000000000
1998 -1437.0000000000
2001 -1436.0000000000
2004 -1435.0000000000
2022 -1434.0000000000
2024 -1433.0000000000
2027 -1432.0000000000
2029 -1431.0000000000
2038 -1430.0000000000
2043 -1429.0000000000
2044 -1428.0000000000
2047 -1427.0000000000
2048 -1426.0000000000
2050 -1425.0000000000
2055 -1424.0000000000
2060 -1423.0000000000
2061 -1422.0000000000
2064 -1421.0000000000
2069 -1420.0000000000
2072 -1419.0000000000
2078 -1418.0000000000
2087 -1417.0000000000
2088 -1416.0000000000
2097 -1415.0000000000
2101 -1414.0000000000
2114 -1413.0000000000
2121 -1411.0000000000
2125 -1410.0000000000
2133 -1409.0000000000
2147 -1408.0000000000
2152 -1407.0000000000
2162 -1406.0000000000
2176 -1405.0000000000
2191 -1404.0000000000
2210 -1403.0000000000
2211 -1402.0000000000
2213 -1401.0000000000
2223 -1400.0000000000
2248 -1398.0000000000
2253 -1397.0000000000
2255 -1395.0000000000
2264 -1394.0000000000
2275 -1393.0000000000
2281 -1392.0000000000
2283 -1391.0000000000
2286 -1390.0000000000
2287 -1389.0000000000
2289 -1388.0000000000
2292 -1387.0000000000
2300 -1386.0000000000
2301 -1384.0000000000
2303 -1382.0000000000
2310 -1381.0000000000
2313 -1380.0000000000
2314 -1379.0000000000
2318 -1378.0000000000
2334 -1377.0000000000
2342 -1376.0000000000
2347 -1375.0000000000
2353 -1373.0000000000
2358 -1372.0000000000
2362 -1371.0000000000
2365 -1370.0000000000
2368 -1369.0000000000
2374 -1368.0000000000
2380 -1367.0000000000
2387 -1366.0000000000
2388 -1365.0000000000
2393 -1364.0000000000
2399 -1362.0000000000
2404 -1361.0000000000
2412 -1360.0000000000
2422 -1358.0000000000
2423 -1357.0000000000
2428 -1356.0000000000
2433 -1354.0000000000
2451 -1352.0000000000
2453 -1351.0000000000
2455 -1350.0000000000
2461 -1349.0000000000
2469 -1348.0000000000
2472 -1346.0000000000
2496 -1344.0000000000
2514 -1343.0000000000
2528 -1342.0000000000
2547 -1341.0000000000
2548 -1339.0000000000
2559 -1338.0000000000
2566 -1337.0000000000
2568 -1336.0000000000
2572 -1335.0000000000
2583 -1333.0000000000
2588 -1332.0000000000
2593 -1331.0000000000
2598 -1330.0000000000
2603 -1328.0000000000
2613 -1327.0000000000
2636 -1326.0000000000
2639 -1325.0000000000
2642 -1324.0000000000
2643 -1323.0000000000
2646 -1322.0000000000
2657 -1321.0000000000
2663 -1320.0000000000
2674 -1319.0000000000
2675 -1318.0000000000
2682 -1317.0000000000
2697 -1316.0000000000
2709 -1315.0000000000
2712 -1314.0000000000
2714 -1313.0000000000
2715 -1312.0000000000
2719 -1311.0000000000
2727 -1310.0000000000
2730 -1309.0000000000
2742 -1308.0000000000
2757 -1307.0000000000
2758 -1306.0000000000
2762 -1305.0000000000
2771 -1304.0000000000
2772 -1303.0000000000
2779 -1301.0000000000
2792 -1300.0000000000
2804 -1299.0000000000
2807 -1298.0000000000
2811 -1297.0000000000
2814 -1296.0000000000
2817 -1295.0000000000
2818 -1294.0000000000
2822 -1293.0000000000
2844 -1292.0000000000
2845 -1291.0000000000
2847 -1290.0000000000
2856 -1289.0000000000
2858 -1288.0000000000
2869 -1287.0000000000
2870 -1286.0000000000
2884 -1285.0000000000
2911 -1284.0000000000
2913 -1283.0000000000
2914 -1281.0000000000
2921 -1280.0000000000
2922 -1279.0000000000
2923 -1278.0000000000
2924 -1277.0000000000
2948 -1276.0000000000
2962 -1274.0000000000
2966 -1273.0000000000
2986 -1272.0000000000
3001 -1270.0000000000
3013 -1269.0000000000
3033 -1268.0000000000
3034 -1267.0000000000
3036 -1266.0000000000
3039 -1265.0000000000
3047 -1263.0000000000
3066 -1262.0000000000
3071 -1261.0000000000
3081 -1260.0000000000
3083 -1258.0000000000
3089 -1257.0000000000
3094 -1256.0000000000
3097 -1255.0000000000
3100 -1254.0000000000
3104 -1253.0000000000
3111 -1252.0000000000
3112 -1251.0000000000
3115 -1250.0000000000
3116 -1249.0000000000
3118 -1248.0000000000
3124 -1247.0000000000
3137 -1246.0000000000
3148 -1245.0000000000
3152 -1244.0000000000
3153 -1243.0000000000
3156 -1242.0000000000
3160 -1241.0000000000
3174 -1240.0000000000
3184 -1239.0000000000
3185 -1238.0000000000
3205 -1237.0000000000
3215 -1236.0000000000
3218 -1235.0000000000
3219 -1234.0000000000
3231 -1232.0000000000
3235 -1231.0000000000
3240 -1230.0000000000
3254 -1229.0000000000
3271 -1227.0000000000
3285 -1226.0000000000
3286 -1225.0000000000
3305 -1223.0000000000
3315 -1222.0000000000
3318 -1221.0000000000
3332 -1220.0000000000
3342 -1219.0000000000
3351 -1218.0000000000
3353 -1217.0000000000
3370 -1216.0000000000
3371 -1215.0000000000
3378 -1213.0000000000
3379 -1212.0000000000
3380 -1211.0000000000
3400 -1210.0000000000
3407 -1209.0000000000
3413 -1208.0000000000
3420 -1207.0000000000
3433 -1206.0000000000
3441 -1205.0000000000
3446 -1204.0000000000
3448 -1202.0000000000
3461 -1201.0000000000
3462 -1200.0000000000
3464 -1199.0000000000
3465 -1198.0000000000
3472 -1197.0000000000
3481 -1195.0000000000
3485 -1194.0000000000
3489 -1193.0000000000
3492 -1191.0000000000
3522 -1190.0000000000
3539 -1189.0000000000
3558 -1188.0000000000
3564 -1186.0000000000
3566 -1185.0000000000
3569 -1184.0000000000
3574 -1183.0000000000
3580 -1182.0000000000
3587 -1181.0000000000
3589 -1180.0000000000
3594 -1179.0000000000
3615 -1177.0000000000
3626 -1176.0000000000
3644 -1175.0000000000
3646 -1174.0000000000
3648 -1173.0000000000
3680 -1172.0000000000
3690 -1171.0000000000
3719 -1170.0000000000
3724 -1169.0000000000
3731 -1168.0000000000
3733 -1167.0000000000
3743 -1166.0000000000
3748 -1165.0000000000
3749 -1164.0000000000
3758 -1163.0000000000
3762 -1162.0000000000
3773 -1161.0000000000
3782 -1160.0000000000
3784 -1158.0000000000
3788 -1157.0000000000
3789 -1156.0000000000
3790 -1155.0000000000
3794 -1154.0000000000
3806 -1153.0000000000
3807 -1152.0000000000
3808 -1151.0000000000
3810 -1150.0000000000
3817 -1149.0000000000
3831 -1148.0000000000
3834 -1146.0000000000
3835 -1145.0000000000
3838 -1144.0000000000
3850 -1142.0000000000
3855 -1141.0000000000
3862 -1140.0000000000
3865 -1139.0000000000
3872 -1138.0000000000
3878 -1137.0000000000
3880 -1136.0000000000
3881 -1135.0000000000
3883 -1134.0000000000
3886 -1133.0000000000
3893 -1132.0000000000
3895 -1131.0000000000
3902 -1130.0000000000
3934 -1129.0000000000
3936 -1128.0000000000
3946 -1127.0000000000
3954 -1126.0000000000
3959 -1124.0000000000
3964 -1123.0000000000
3971 -1122.0000000000
3988 -1121.0000000000
3995 -1119.0000000000
3997 -1118.0000000000
4012 -1117.0000000000
4014 -1116.0000000000
4016 -1115.0000000000
4018 -1114.0000000000
4038 -1113.0000000000
4040 -1112.0000000000
4072 -1111.0000000000
4074 -1110.0000000000
4081 -1109.0000000000
4082 -1107.0000000000
4087 -1106.0000000000
4090 -1105.0000000000
4093 -1104.0000000000
4100 -1103.0000000000
4101 -1102.0000000000
4113 -1101.0000000000
4123 -1099.0000000000
4124 -1098.0000000000
4125 -1097.0000000000
4137 -1096.0000000000
4140 -1095.0000000000
4145 -1094.0000000000
4153 -1093.0000000000
4169 -1092.0000000000
4185 -1090.0000000000
4200 -1089.0000000000
4201 -1088.0000000000
4223 -1087.0000000000
4228 -1086.0000000000
4232 -1085.0000000000
4237 -1084.0000000000
4244 -1082.0000000000
4254 -1080.0000000000
4270 -1078.0000000000
4273 -1076.0000000000
4279 -1075.0000000000
4287 -1074.0000000000
4296 -1073.0000000000
4307 -1072.0000000000
4316 -1071.0000000000
4332 -1070.0000000000
4334 -1069.0000000000
4339 -1068.0000000000
4360 -1067.0000000000
4361 -1066.0000000000
4368 -1065.0000000000
4401 -1064.0000000000
4407 -1063.0000000000
4443 -1062.0000000000
4446 -1060.0000000000
4448 -1059.0000000000
4467 -1058.0000000000
4470 -1057.0000000000
4476 -1056.0000000000
4481 -1055.0000000000
4489 -1054.0000000000
4494 -1053.0000000000
4495 -1051.0000000000
4503 -1050.0000000000
4509 -1049.0000000000
4512 -1048.0000000000
4537 -1047.0000000000
4538 -1046.0000000000
4551 -1045.0000000000
4565 -1044.0000000000
4569 -1043.0000000000
4571 -1042.0000000000
4573 -1041.0000000000
4576 -1040.0000000000
4578 -1039.0000000000
4584 -1038.0000000000
4587 -1037.0000000000
4599 -1036.0000000000
4602 -1035.0000000000
4627 -1034.0000000000
4638 -1033.0000000000
4642 -1032.0000000000
4652 -1030.0000000000
4658 -1029.0000000000
4673 -1028.0000000000
4677 -1027.0000000000
4682 -1026.0000000000
4687 -1025.0000000000
4697 -1024.0000000000
4701 -1022.0000000000
4707 -1021.0000000000
4712 -1020.0000000000
4713 -1019.0000000000
4715 -1018.0000000000
4721 -1015.0000000000
4734 -1014.0000000000
4740 -1013.0000000000
4742 -1012.0000000000
4762 -1011.0000000000
4768 -1009.0000000000
4770 -1008.0000000000
4772 -1007.0000000000
4796 -1006.0000000000
4810 -1005.0000000000
4813 -1004.0000000000
4821 -1003.0000000000
4848 -1002.0000000000
4869 -1001.0000000000
4888 -1000.0000000000
4900 -998.0000000000
4903 -997.0000000000
4904 -996.0000000000
4928 -995.0000000000
4956 -993.0000000000
4958 -992.0000000000
4964 -991.0000000000
4978 -990.0000000000
5000 -988.0000000000
5011 -987.0000000000
5027 -986.0000000000
5031 -985.0000000000
5048 -984.0000000000
5082 -982.0000000000
5087 -981.0000000000
5094 -980.0000000000
5101 -979.0000000000
5105 -977.0000000000
5112 -976.0000000000
5114 -975.0000000000
5120 -974.0000000000
5122 -973.0000000000
5127 -972.0000000000
5133 -971.0000000000
5139 -970.0000000000
5140 -968.0000000000
5162 -967.0000000000
5167 -966.0000000000
5173 -965.0000000000
5194 -964.0000000000
5227 -963.0000000000
5262 -962.0000000000
5265 -961.0000000000
5278 -959.0000000000
5283 -958.0000000000
5289 -957.0000000000
5294 -956.0000000000
5306 -955.0000000000
5309 -954.0000000000
5318 -953.0000000000
5322 -952.0000000000
5338 -951.0000000000
5375 -950.0000000000
5393 -949.0000000000
5394 -948.0000000000
5403 -947.0000000000
5422 -946.0000000000
5426 -945.0000000000
5447 -944.0000000000
5453 -943.0000000000
5465 -942.0000000000
5471 -941.0000000000
5477 -940.0000000000
5483 -938.0000000000
5489 -937.0000000000
5520 -936.0000000000
5541 -935.0000000000
5545 -934.0000000000
5562 -933.0000000000
5612 -932.0000000000
5629 -931.0000000000
5630 -930.0000000000
5632 -929.0000000000
5658 -928.0000000000
5674 -927.0000000000
5680 -926.0000000000
5681 -925.0000000000
5689 -924.0000000000
5694 -923.0000000000
5701 -922.0000000000
5710 -920.0000000000
5727 -919.0000000000
5733 -917.0000000000
5742 -916.0000000000
5748 -915.0000000000
5750 -914.0000000000
5751 -912.0000000000
5772 -911.0000000000
5787 -909.0000000000
5797 -908.0000000000
5803 -907.0000000000
5812 -906.0000000000
5824 -905.0000000000
5847 -904.0000000000
5871 -903.0000000000
5876 -902.0000000000
5889 -901.0000000000
5893 -900.0000000000
5910 -899.0000000000
5913 -898.0000000000
5916 -897.0000000000
5978 -896.0000000000
6000 -895.0000000000
6021 -894.0000000000
6022 -893.0000000000
6024 -892.0000000000
6027 -891.0000000000
6033 -890.0000000000
6034 -889.0000000000
6041 -888.0000000000
6072 -887.0000000000
6077 -886.0000000000
6084 -885.0000000000
6131 -884.0000000000
6134 -883.0000000000
6164 -882.0000000000
6184 -881.0000000000
6191 -880.0000000000
6200 -879.0000000000
6205 -878.0000000000
6211 -877.0000000000
6216 -876.0000000000
6229 -875.0000000000
6230 -874.0000000000
6234 -873.0000000000
6252 -872.0000000000
6271 -871.0000000000
6272 -870.0000000000
6275 -869.0000000000
6276 -868.0000000000
6291 -867.0000000000
6303 -866.0000000000
6308 -865.0000000000
6315 -864.0000000000
6320 -863.0000000000
6322 -862.0000000000
6330 -861.0000000000
6361 -860.0000000000
6365 -859.0000000000
6368 -858.0000000000
6372 -857.0000000000
6380 -856.0000000000
6385 -855.0000000000
6386 -854.0000000000
6387 -853.0000000000
6450 -852.0000000000
6468 -851.0000000000
6494 -850.0000000000
6528 -848.0000000000
6531 -847.0000000000
6543 -846.0000000000
6549 -845.0000000000
6556 -844.0000000000
6564 -843.0000000000
6568 -842.0000000000
6575 -841.0000000000
6611 -840.0000000000
6622 -839.0000000000
6630 -838.0000000000
6641 -837.0000000000
6652 -836.0000000000
6674 -834.0000000000
6695 -833.0000000000
6696 -832.0000000000
6706 -831.0000000000
6708 -829.0000000000
6715 -828.0000000000
6718 -827.0000000000
6722 -826.0000000000
6723 -825.0000000000
6727 -824.0000000000
6728 -823.0000000000
6741 -822.0000000000
6745 -820.0000000000
6755 -819.0000000000
6757 -818.0000000000
6794 -817.0000000000
6801 -816.0000000000
6813 -814.0000000000
6842 -812.0000000000
6845 -810.0000000000
6848 -809.0000000000
6862 -808.0000000000
6864 -807.0000000000
6865 -806.0000000000
6873 -804.0000000000
6874 -803.0000000000
6918 -802.0000000000
6925 -801.0000000000
6927 -800.0000000000
6931 -799.0000000000
6951 -798.0000000000
6960 -797.0000000000
6962 -794.0000000000
6994 -793.0000000000
7024 -792.0000000000
7031 -790.0000000000
7061 -788.0000000000
7062 -787.0000000000
7063 -786.0000000000
7071 -784.0000000000
7074 -783.0000000000
7097 -782.0000000000
7102 -781.0000000000
7147 -780.0000000000
7151 -779.0000000000
7162 -777.0000000000
7164 -776.0000000000
7169 -775.0000000000
7245 -774.0000000000
7258 -773.0000000000
7260 -772.0000000000
7264 -771.0000000000
7272 -770.0000000000
7317 -768.0000000000
7321 -767.0000000000
7343 -766.0000000000
7361 -765.0000000000
7385 -764.0000000000
7404 -763.0000000000
7407 -762.0000000000
7422 -759.0000000000
7438 -757.0000000000
7440 -756.0000000000
7445 -755.0000000000
7469 -754.0000000000
7476 -753.0000000000
7483 -752.0000000000
7500 -751.0000000000
7566 -750.0000000000
7572 -749.0000000000
7583 -748.0000000000
7593 -747.0000000000
7600 -746.0000000000
7602 -745.0000000000
7609 -744.0000000000
7624 -743.0000000000
7629 -742.0000000000
7638 -741.0000000000
7662 -740.0000000000
7664 -739.0000000000
7683 -738.0000000000
7696 -737.0000000000
7704 -736.0000000000
7711 -735.0000000000
7716 -734.0000000000
7733 -733.0000000000
7756 -732.0000000000
7757 -731.0000000000
7758 -730.0000000000
7759 -729.0000000000
7777 -728.0000000000
7827 -727.0000000000
7837 -725.0000000000
7857 -724.0000000000
7866 -723.0000000000
7869 -722.0000000000
7895 -721.0000000000
7902 -720.0000000000
7905 -719.0000000000
7909 -718.0000000000
7912 -717.0000000000
7915 -716.0000000000
7923 -715.0000000000
7924 -714.0000000000
7932 -713.0000000000
7960 -712.0000000000
7987 -711.0000000000
7996 -710.0000000000
8036 -709.0000000000
8108 -708.0000000000
8121 -707.0000000000
8123 -706.0000000000
8127 -705.0000000000
8135 -704.0000000000
8139 -703.0000000000
8148 -701.0000000000
8156 -700.0000000000
8160 -699.0000000000
8167 -698.0000000000
8178 -697.0000000000
8193 -696.0000000000
8208 -695.0000000000
8216 -694.0000000000
8269 -693.0000000000
8275 -691.0000000000
8290 -690.0000000000
8307 -689.0000000000
8311 -688.0000000000
8313 -687.0000000000
8331 -686.0000000000
8357 -685.0000000000
8393 -684.0000000000
8400 -683.0000000000
8407 -682.0000000000
8439 -681.0000000000
8472 -680.0000000000
8495 -679.0000000000
8509 -678.0000000000
8584 -677.0000000000
8618 -676.0000000000
8635 -674.0000000000
8642 -673.0000000000
8649 -672.0000000000
8653 -671.0000000000
8678 -670.0000000000
8679 -669.0000000000
8689 -667.0000000000
8708 -666.0000000000
8755 -665.0000000000
8758 -663.0000000000
8767 -662.0000000000
8774 -661.0000000000
8776 -660.0000000000
8782 -659.0000000000
8783 -658.0000000000
8788 -657.0000000000
8846 -656.0000000000
8854 -655.0000000000
8857 -654.0000000000
8869 -653.0000000000
8885 -652.0000000000
8904 -651.0000000000
8919 -650.0000000000
8920 -649.0000000000
8957 -648.0000000000
8959 -647.0000000000
8986 -646.0000000000
8996 -645.0000000000
9007 -644.0000000000
9010 -643.0000000000
9014 -642.0000000000
9020 -641.0000000000
9033 -640.0000000000
9035 -639.0000000000
9049 -638.0000000000
9050 -636.0000000000
9051 -635.0000000000
9057 -634.0000000000
9067 -633.0000000000
9086 -632.0000000000
9134 -631.0000000000
9149 -630.0000000000
9209 -629.0000000000
9238 -627.0000000000
9251 -626.0000000000
9274 -625.0000000000
9288 -622.0000000000
9292 -620.0000000000
9301 -619.0000000000
9308 -618.0000000000
9317 -617.0000000000
9321 -616.0000000000
9324 -615.0000000000
9355 -614.0000000000
9356 -613.0000000000
9374 -612.0000000000
9377 -611.0000000000
9379 -609.0000000000
9389 -608.0000000000
9423 -607.0000000000
9475 -606.0000000000
9509 -605.0000000000
9514 -604.0000000000
9537 -603.0000000000
9563 -602.0000000000
9565 -601.0000000000
9597 -600.0000000000
9598 -599.0000000000
9600 -598.0000000000
9608 -596.0000000000
9611 -595.0000000000
9650 -594.0000000000
9680 -593.0000000000
9690 -592.0000000000
9721 -591.0000000000
9748 -590.0000000000
9750 -589.0000000000
9773 -588.0000000000
9790 -587.0000000000
9822 -586.0000000000
9859 -585.0000000000
9874 -584.0000000000
9904 -583.0000000000
9941 -582.0000000000
9957 -581.0000000000
9958 -580.0000000000
9970 -579.0000000000
9971 -577.0000000000
9973 -575.0000000000
9975 -574.0000000000
9999 -573.0000000000
10000 -574.0000000000
evaluations raw_y
1 -2016.0000000000
3 -2014.0000000000
5 -2013.0000000000
6 -2012.0000000000
9 -2011.0000000000
11 -2010.0000000000
13 -2009.0000000000
14 -2008.0000000000
19 -2006.0000000000
20 -2005.0000000000
21 -2004.0000000000
27 -2003.0000000000
32 -2002.0000000000
36 -2000.0000000000
37 -1999.0000000000
38 -1998.0000000000
39 -1997.0000000000
42 -1996.0000000000
46 -1995.0000000000
47 -1994.0000000000
54 -1992.0000000000
61 -1991.0000000000
62 -1989.0000000000
65 -1987.0000000000
74 -1985.0000000000
75 -1983.0000000000
82 -1982.0000000000
86 -1981.0000000000
88 -1980.0000000000
90 -1979.0000000000
96 -1978.0000000000
97 -1977.0000000000
99 -1976.0000000000
102 -1975.0000000000
105 -1974.0000000000
131 -1973.0000000000
133 -1972.0000000000
138 -1970.0000000000
139 -1969.0000000000
140 -1967.0000000000
147 -1966.0000000000
150 -1964.0000000000
156 -1963.0000000000
160 -1962.0000000000
165 -1961.0000000000
169 -1960.0000000000
173 -1959.0000000000
177 -1958.0000000000
179 -1957.0000000000
180 -1956.0000000000
184 -1954.0000000000
189 -1952.0000000000
190 -1949.0000000000
196 -1948.0000000000
197 -1946.0000000000
203 -1944.0000000000
204 -1942.0000000000
208 -1940.0000000000
214 -1938.0000000000
220 -1937.0000000000
228 -1936.0000000000
231 -1935.0000000000
234 -1934.0000000000
238 -1929.0000000000
243 -1928.0000000000
244 -1927.0000000000
245 -1926.0000000000
250 -1924.0000000000
251 -1923.0000000000
252 -1922.0000000000
265 -1920.0000000000
266 -1919.0000000000
267 -1918.0000000000
270 -1917.0000000000
278 -1916.0000000000
291 -1913.0000000000
299 -1912.0000000000
302 -1911.0000000000
303 -1910.0000000000
306 -1909.0000000000
309 -1908.0000000000
311 -1906.0000000000
317 -1905.0000000000
320 -1902.0000000000
321 -1900.0000000000
322 -1899.0000000000
329 -1898.0000000000
334 -1897.0000000000
336 -1895.0000000000
341 -1894.0000000000
343 -1892.0000000000
344 -1890.0000000000
349 -1889.0000000000
351 -1888.0000000000
352 -1887.0000000000
354 -1886.0000000000
357 -1885.0000000000
359 -1884.0000000000
386 -1883.0000000000
400 -1881.0000000000
407 -1880.0000000000
408 -1878.0000000000
410 -1877.0000000000
417 -1875.0000000000
428 -1874.0000000000
432 -1871.0000000000
433 -1870.0000000000
437 -1869.0000000000
439 -1868.0000000000
440 -1867.0000000000
443 -1865.0000000000
444 -1864.0000000000
447 -1863.0000000000
448 -1862.0000000000
450 -1860.0000000000
453 -1859.0000000000
459 -1858.0000000000
466 -1857.0000000000
467 -1855.0000000000
469 -1853.0000000000
476 -1852.0000000000
482 -1850.0000000000
484 -1849.0000000000
509 -1848.0000000000
515 -1846.0000000000
517 -1845.0000000000
519 -1842.0000000000
525 -1841.0000000000
526 -1840.0000000000
530 -1839.0000000000
531 -1837.0000000000
534 -1836.0000000000
537 -1835.0000000000
542 -1834.0000000000
543 -1833.0000000000
546 -1832.0000000000
549 -1831.0000000000
550 -1830.0000000000
551 -1829.0000000000
560 -1828.0000000000
566 -1827.0000000000
567 -1826.0000000000
569 -1825.0000000000
584 -1823.0000000000
586 -1822.0000000000
588 -1819.0000000000
589 -1818.0000000000
592 -1817.0000000000
594 -1814.0000000000
597 -1813.0000000000
599 -1812.0000000000
601 -1811.0000000000
612 -1810.0000000000
618 -1809.0000000000
626 -1808.0000000000
627 -1807.0000000000
628 -1806.0000000000
631 -1805.0000000000
641 -1804.0000000000
644 -1803.0000000000
647 -1802.0000000000
652 -1800.0000000000
674 -1799.0000000000
675 -1798.0000000000
681 -1797.0000000000
688 -1796.0000000000
690 -1795.0000000000
691 -1793.0000000000
693 -1792.0000000000
695 -1791.0000000000
702 -1790.0000000000
704 -1789.0000000000
714 -1788.0000000000
721 -1787.0000000000
723 -1786.0000000000
727 -1784.0000000000
729 -1783.0000000000
730 -1782.0000000000
735 -1780.0000000000
738 -1778.0000000000
740 -1777.0000000000
743 -1775.0000000000
746 -1774.0000000000
748 -1773.0000000000
753 -1772.0000000000
757 -1771.0000000000
758 -1769.0000000000
760 -1768.0000000000
762 -1766.0000000000
771 -1765.0000000000
772 -1764.0000000000
774 -1763.0000000000
788 -1762.0000000000
791 -1761.0000000000
800 -1760.0000000000
805 -1759.0000000000
806 -1758.0000000000
809 -1757.0000000000
813 -1756.0000000000
814 -1755.0000000000
815 -1754.0000000000
816 -1752.0000000000
834 -1751.0000000000
839 -1750.0000000000
842 -1749.0000000000
853 -1748.0000000000
855 -1747.0000000000
858 -1746.0000000000
865 -1745.0000000000
868 -1744.0000000000
874 -1743.0000000000
881 -1742.0000000000
882 -1741.0000000000
886 -1740.0000000000
906 -1739.0000000000
909 -1738.0000000000
917 -1737.0000000000
927 -1736.0000000000
936 -1735.0000000000
937 -1734.0000000000
938 -1733.0000000000
939 -1730.0000000000
940 -1729.0000000000
941 -1728.0000000000
947 -1727.0000000000
949 -1726.0000000000
951 -1723.0000000000
953 -1721.0000000000
956 -1720.0000000000
967 -1719.0000000000
972 -1717.0000000000
975 -1716.0000000000
976 -1715.0000000000
977 -1713.0000000000
979 -1712.0000000000
984 -1711.0000000000
986 -1710.0000000000
993 -1708.0000000000
1001 -1707.0000000000
1002 -1706.0000000000
1005 -1705.0000000000
1007 -1704.0000000000
1018 -1703.0000000000
1026 -1702.0000000000
1034 -1701.0000000000
1038 -1700.0000000000
1039 -1699.0000000000
1040 -1698.0000000000
1063 -1697.0000000000
1083 -1696.0000000000
1085 -1695.0000000000
1086 -1694.0000000000
1089 -1692.0000000000
1093 -1691.0000000000
1096 -1690.0000000000
1101 -1688.0000000000
1105 -1687.0000000000
1109 -1686.0000000000
1111 -1685.0000000000
1118 -1684.0000000000
1130 -1683.0000000000
1133 -1682.0000000000
1138 -1681.0000000000
1140 -1680.0000000000
1146 -1679.0000000000
1147 -1678.0000000000
1150 -1676.0000000000
1158 -1675.0000000000
1160 -1674.0000000000
1162 -1672.0000000000
1163 -1671.0000000000
1167 -1670.0000000000
1169 -1669.0000000000
1178 -1668.0000000000
1183 -1666.0000000000
1184 -1665.0000000000
1186 -1664.0000000000
1187 -1663.0000000000
1191 -1662.0000000000
1193 -1661.0000000000
1223 -1660.0000000000
1227 -1659.0000000000
1230 -1658.0000000000
1232 -1657.0000000000
1244 -1656.0000000000
1245 -1655.0000000000
1249 -1654.0000000000
1254 -1653.0000000000
1259 -1652.0000000000
1262 -1651.0000000000
1264 -1650.0000000000
1269 -1649.0000000000
1280 -1646.0000000000
1281 -1645.0000000000
1289 -1644.0000000000
1291 -1643.0000000000
1292 -1642.0000000000
1294 -1641.0000000000
1296 -1640.0000000000
1313 -1639.0000000000
1314 -1638.0000000000
1317 -1637.0000000000
1323 -1635.0000000000
1324 -1634.0000000000
1329 -1633.0000000000
1331 -1632.0000000000
1335 -1631.0000000000
1340 -1630.0000000000
1345 -1629.0000000000
1354 -1628.0000000000
1355 -1627.0000000000
1357 -1626.0000000000
1362 -1625.0000000000
1367 -1624.0000000000
1370 -1622.0000000000
1372 -1621.0000000000
1373 -1620.0000000000
1377 -1619.0000000000
1378 -1618.0000000000
1384 -1617.0000000000
1386 -1616.0000000000
1405 -1615.0000000000
1406 -1614.0000000000
1412 -1613.0000000000
1413 -1612.0000000000
1425 -1610.0000000000
1427 -1609.0000000000
1429 -1608.0000000000
1437 -1607.0000000000
1440 -1605.0000000000
1444 -1604.0000000000
1450 -1603.0000000000
1457 -1602.0000000000
1458 -1601.0000000000
1460 -1600.0000000000
1463 -1599.0000000000
1466 -1598.0000000000
1468 -1597.0000000000
1471 -1596.0000000000
1472 -1595.0000000000
1482 -1593.0000000000
1484 -1591.0000000000
1495 -1590.0000000000
1504 -1589.0000000000
1512 -1588.0000000000
1513 -1587.0000000000
1525 -1586.0000000000
1532 -1585.0000000000
1536 -1584.0000000000
1541 -1583.0000000000
1542 -1582.0000000000
1550 -1580.0000000000
1556 -1579.0000000000
1559 -1578.0000000000
1566 -1577.0000000000
1579 -1576.0000000000
1588 -1575.0000000000
1590 -1574.0000000000
1593 -1572.0000000000
1595 -1571.0000000000
1599 -1570.0000000000
1602 -1569.0000000000
1604 -1567.0000000000
1613 -1566.0000000000
1632 -1562.0000000000
1639 -1561.0000000000
1662 -1560.0000000000
1665 -1559.0000000000
1673 -1558.0000000000
1674 -1557.0000000000
1678 -1556.0000000000
1680 -1555.0000000000
1681 -1554.0000000000
1682 -1553.0000000000
1683 -1552.0000000000
1684 -1551.0000000000
1698 -1550.0000000000
1700 -1549.0000000000
1704 -1548.0000000000
1713 -1547.0000000000
1714 -1546.0000000000
1721 -1545.0000000000
1722 -1544.0000000000
1725 -1543.0000000000
1734 -1542.0000000000
1749 -1540.0000000000
1753 -1539.0000000000
1759 -1538.0000000000
1769 -1537.0000000000
1773 -1536.0000000000
1788 -1535.0000000000
1791 -1534.0000000000
1793 -1532.0000000000
1802 -1531.0000000000
1808 -1530.0000000000
1822 -1529.0000000000
1830 -1528.0000000000
1834 -1527.0000000000
1835 -1526.0000000000
1845 -1525.0000000000
1858 -1524.0000000000
1862 -1523.0000000000
1863 -1522.0000000000
1868 -1521.0000000000
1871 -1520.0000000000
1875 -1519.0000000000
1877 -1518.0000000000
1882 -1517.0000000000
1884 -1516.0000000000
1887 -1515.0000000000
1899 -1514.0000000000
1908 -1513.0000000000
1916 -1512.0000000000
1917 -1510.0000000000
1923 -1507.0000000000
1926 -1505.0000000000
1931 -1504.0000000000
1935 -1503.0000000000
1941 -1502.0000000000
1943 -1501.0000000000
1946 -1499.0000000000
1948 -1498.0000000000
1955 -1497.0000000000
1957 -1496.0000000000
1968 -1494.0000000000
1972 -1492.0000000000
1981 -1490.0000000000
1982 -1489.0000000000
1983 -1488.0000000000
1992 -1487.0000000000
1997 -1486.0000000000
2002 -1485.0000000000
2011 -1484.0000000000
2012 -1483.0000000000
2015 -1482.0000000000
2023 -1480.0000000000
2024 -1479.0000000000
2026 -1478.0000000000
2043 -1477.0000000000
2060 -1476.0000000000
2062 -1475.0000000000
2070 -1473.0000000000
2073 -1472.0000000000
2075 -1470.0000000000
2102 -1469.0000000000
2104 -1468.0000000000
2107 -1467.0000000000
2116 -1466.0000000000
2117 -1465.0000000000
2123 -1464.0000000000
2127 -1463.0000000000
2141 -1462.0000000000
2145 -1461.0000000000
2147 -1460.0000000000
2148 -1459.0000000000
2150 -1458.0000000000
2156 -1457.0000000000
2166 -1455.0000000000
2171 -1454.0000000000
2176 -1452.0000000000
2180 -1451.0000000000
2186 -1450.0000000000
2188 -1449.0000000000
2189 -1448.0000000000
2190 -1447.0000000000
2196 -1446.0000000000
2200 -1444.0000000000
2204 -1443.0000000000
2209 -1442.0000000000
2213 -1441.0000000000
2225 -1440.0000000000
2226 -1439.0000000000
2228 -1438.0000000000
2230 -1437.0000000000
2232 -1436.0000000000
2235 -1435.0000000000
2236 -1433.0000000000
2241 -1432.0000000000
2246 -1431.0000000000
2253 -1430.0000000000
2263 -1429.0000000000
2272 -1428.0000000000
2289 -1427.0000000000
2294 -1426.0000000000
2297 -1425.0000000000
2321 -1424.0000000000
2323 -1423.0000000000
2340 -1422.0000000000
2347 -1421.0000000000
2353 -1419.0000000000
2354 -1418.0000000000
2358 -1417.0000000000
2359 -1416.0000000000
2360 -1415.0000000000
2377 -1414.0000000000
2384 -1413.0000000000
2387 -1412.0000000000
2392 -1411.0000000000
2398 -1410.0000000000
2409 -1409.0000000000
2412 -1408.0000000000
2413 -1407.0000000000
2414 -1405.0000000000
2421 -1404.0000000000
2425 -1403.0000000000
2429 -1402.0000000000
2441 -1400.0000000000
2455 -1399.0000000000
2463 -1398.0000000000
2468 -1397.0000000000
2472 -1396.0000000000
2485 -1395.0000000000
2489 -1394.0000000000
2497 -1393.0000000000
2500 -1392.0000000000
2502 -1391.0000000000
2504 -1390.0000000000
2505 -1388.0000000000
2506 -1387.0000000000
2508 -1386.0000000000
2517 -1385.0000000000
2522 -1384.0000000000
2538 -1383.0000000000
2542 -1382.0000000000
2544 -1380.0000000000
2546 -1379.0000000000
2556 -1378.0000000000
2568 -1377.0000000000
2570 -1376.0000000000
2576 -1375.0000000000
2582 -1374.0000000000
2588 -1373.0000000000
2599 -1372.0000000000
2608 -1371.0000000000
2628 -1370.0000000000
2634 -1369.0000000000
2640 -1368.0000000000
2649 -1367.0000000000
2651 -1366.0000000000
2665 -1365.0000000000
2672 -1363.0000000000
2681 -1362.0000000000
2682 -1360.0000000000
2693 -1359.0000000000
2694 -1358.0000000000
2695 -1357.0000000000
2700 -1356.0000000000
2714 -1355.0000000000
2715 -1354.0000000000
2717 -1353.0000000000
2734 -1352.0000000000
2735 -1351.0000000000
2743 -1350.0000000000
2755 -1349.0000000000
2758 -1348.0000000000
2768 -1347.0000000000
2772 -1346.0000000000
2778 -1345.0000000000
2782 -1344.0000000000
2784 -1343.0000000000
2798 -1342.0000000000
2803 -1340.0000000000
2805 -1339.0000000000
2807 -1338.0000000000
2814 -1337.0000000000
2820 -1336.0000000000
2822 -1335.0000000000
2823 -1332.0000000000
2831 -1331.0000000000
2835 -1330.0000000000
2837 -1329.0000000000
2843 -1328.0000000000
2848 -1327.0000000000
2851 -1326.0000000000
2856 -1325.0000000000
2858 -1324.0000000000
2862 -1323.0000000000
2869 -1322.0000000000
2873 -1320.0000000000
2880 -1318.0000000000
2885 -1317.0000000000
2892 -1316.0000000000
2895 -1315.0000000000
2899 -1314.0000000000
2904 -1312.0000000000
2914 -1311.0000000000
2943 -1309.0000000000
2944 -1308.0000000000
2946 -1307.0000000000
2957 -1306.0000000000
2969 -1305.0000000000
2987 -1304.0000000000
2988 -1303.0000000000
2990 -1302.0000000000
2998 -1301.0000000000
3004 -1300.0000000000
3015 -1299.0000000000
3016 -1298.0000000000
3018 -1296.0000000000
3019 -1295.0000000000
3024 -1294.0000000000
3025 -1292.0000000000
3029 -1289.0000000000
3045 -1288.0000000000
3046 -1287.0000000000
3048 -1286.0000000000
3051 -1285.0000000000
3053 -1284.0000000000
3060 -1283.0000000000
3067 -1282.0000000000
3071 -1280.0000000000
3079 -1279.0000000000
3086 -1278.0000000000
3104 -1277.0000000000
3113 -1276.0000000000
3114 -1274.0000000000
3118 -1273.0000000000
3125 -1272.0000000000
3142 -1271.0000000000
3146 -1270.0000000000
3155 -1269.0000000000
3161 -1268.0000000000
3171 -1267.0000000000
3183 -1265.0000000000
3186 -1264.0000000000
3190 -1263.0000000000
3195 -1261.0000000000
3198 -1260.0000000000
3202 -1259.0000000000
3228 -1258.0000000000
3230 -1257.0000000000
3233 -1256.0000000000
3243 -1255.0000000000
3259 -1254.0000000000
3262 -1252.0000000000
3264 -1251.0000000000
3273 -1250.0000000000
3274 -1249.0000000000
3278 -1248.0000000000
3279 -1247.0000000000
3282 -1245.0000000000
3294 -1244.0000000000
3309 -1243.0000000000
3313 -1242.0000000000
3314 -1241.0000000000
3328 -1240.0000000000
3330 -1239.0000000000
3337 -1238.0000000000
3339 -1236.0000000000
3348 -1233.0000000000
3349 -1231.0000000000
3360 -1229.0000000000
3361 -1228.0000000000
3374 -1227.0000000000
3375 -1224.0000000000
3385 -1223.0000000000
3396 -1222.0000000000
3402 -1221.0000000000
3420 -1220.0000000000
3421 -1218.0000000000
3423 -1217.0000000000
3430 -1216.0000000000
3436 -1215.0000000000
3445 -1214.0000000000
3447 -1213.0000000000
3450 -1212.0000000000
3451 -1211.0000000000
3452 -1210.0000000000
3453 -1209.0000000000
3469 -1208.0000000000
3482 -1207.0000000000
3485 -1206.0000000000
3498 -1205.0000000000
3500 -1204.0000000000
3508 -1203.0000000000
3510 -1202.0000000000
3534 -1201.0000000000
3537 -1200.0000000000
3542 -1199.0000000000
3552 -1198.0000000000
3553 -1197.0000000000
3555 -1195.0000000000
3557 -1194.0000000000
3561 -1193.0000000000
3563 -1191.0000000000
3567 -1190.0000000000
3573 -1189.0000000000
3577 -1188.0000000000
3583 -1187.0000000000
3587 -1186.0000000000
3590 -1185.0000000000
3611 -1183.0000000000
3612 -1182.0000000000
3617 -1181.0000000000
3634 -1180.0000000000
3651 -1179.0000000000
3661 -1178.0000000000
3675 -1177.0000000000
3678 -1176.0000000000
3686 -1175.0000000000
3692 -1174.0000000000
3695 -1173.0000000000
3700 -1172.0000000000
3705 -1171.0000000000
3708 -1170.0000000000
3710 -1169.0000000000
3717 -1168.0000000000
3720 -1167.0000000000
3749 -1166.0000000000
3757 -1164.0000000000
3759 -1163.0000000000
3767 -1162.0000000000
3783 -1161.0000000000
3787 -1160.0000000000
3788 -1159.0000000000
3793 -1158.0000000000
3805 -1157.0000000000
3814 -1155.0000000000
3816 -1154.0000000000
3830 -1152.0000000000
3834 -1151.0000000000
3835 -1150.0000000000
3840 -1149.0000000000
3845 -1148.0000000000
3847 -1147.0000000000
3863 -1145.0000000000
3868 -1144.0000000000
3873 -1143.0000000000
3886 -1142.0000000000
3891 -1140.0000000000
3893 -1139.0000000000
3899 -1137.0000000000
3921 -1136.0000000000
3940 -1134.0000000000
3942 -1133.0000000000
3943 -1132.0000000000
3944 -1131.0000000000
3945 -1130.0000000000
3968 -1129.0000000000
3981 -1128.0000000000
3997 -1127.0000000000
4000 -1126.0000000000
4002 -1125.0000000000
4007 -1123.0000000000
4029 -1122.0000000000
4042 -1120.0000000000
4043 -1119.0000000000
4056 -1118.0000000000
4060 -1117.0000000000
4067 -1116.0000000000
4072 -1115.0000000000
4075 -1114.0000000000
4077 -1113.0000000000
4096 -1112.0000000000
4099 -1111.0000000000
4107 -1110.0000000000
4109 -1109.0000000000
4116 -1108.0000000000
4119 -1106.0000000000
4123 -1105.0000000000
4127 -1104.0000000000
4134 -1102.0000000000
4136 -1101.0000000000
4137 -1100.0000000000
4147 -1099.0000000000
4148 -1098.0000000000
4153 -1097.0000000000
4157 -1096.0000000000
4158 -1095.0000000000
4167 -1094.0000000000
4168 -1093.0000000000
4171 -1092.0000000000
4172 -1091.0000000000
4173 -1090.0000000000
4174 -1089.0000000000
4175 -1088.0000000000
4176 -1087.0000000000
4182 -1086.0000000000
4191 -1085.0000000000
4193 -1084.0000000000
4196 -1083.0000000000
4198 -1082.0000000000
4217 -1081.0000000000
4224 -1080.0000000000
4227 -1078.0000000000
4229 -1077.0000000000
4236 -1076.0000000000
4252 -1075.0000000000
4256 -1074.0000000000
4260 -1073.0000000000
4268 -1071.0000000000
4271 -1069.0000000000
4274 -1068.0000000000
4288 -1067.0000000000
4289 -1066.0000000000
4291 -1065.0000000000
4304 -1064.0000000000
4320 -1063.0000000000
4326 -1062.0000000000
4328 -1061.0000000000
4331 -1059.0000000000
4334 -1058.0000000000
4343 -1057.0000000000
4348 -1056.0000000000
4351 -1055.0000000000
4352 -1054.0000000000
4355 -1053.0000000000
4356 -1052.0000000000
4360 -1051.0000000000
4378 -1050.0000000000
4386 -1049.0000000000
4391 -1048.0000000000
4402 -1047.0000000000
4404 -1046.0000000000
4405 -1045.0000000000
4415 -1044.0000000000
4418 -1043.0000000000
4426 -1042.0000000000
4428 -1041.0000000000
4440 -1040.0000000000
4467 -1039.0000000000
4469 -1038.0000000000
4472 -1037.0000000000
4479 -1036.0000000000
4495 -1035.0000000000
4521 -1034.0000000000
4522 -1033.0000000000
4551 -1032.0000000000
4564 -1030.0000000000
4571 -1029.0000000000
4579 -1027.0000000000
4587 -1025.0000000000
4594 -1024.0000000000
4603 -1023.0000000000
4611 -1022.0000000000
4635 -1021.0000000000
4647 -1020.0000000000
4663 -1019.0000000000
4676 -1017.0000000000
4678 -1016.0000000000
4682 -1015.0000000000
4697 -1014.0000000000
4700 -1013.0000000000
4711 -1012.0000000000
4717 -1011.0000000000
4720 -1010.0000000000
4739 -1009.0000000000
4740 -1008.0000000000
4745 -1007.0000000000
4750 -1006.0000000000
4780 -1005.0000000000
4781 -1004.0000000000
4783 -1003.0000000000
4786 -1002.0000000000
4790 -1000.0000000000
4793 -999.0000000000
4797 -998.0000000000
4800 -997.0000000000
4801 -995.0000000000
4818 -994.0000000000
4832 -992.0000000000
4850 -989.0000000000
4851 -987.0000000000
4882 -986.0000000000
4884 -985.0000000000
4912 -984.0000000000
4918 -982.0000000000
4919 -980.0000000000
4956 -979.0000000000
4959 -978.0000000000
4991 -976.0000000000
4997 -975.0000000000
5014 -973.0000000000
5022 -970.0000000000
5027 -969.0000000000
5029 -968.0000000000
5039 -967.0000000000
5041 -966.0000000000
5060 -965.0000000000
5061 -964.0000000000
5063 -963.0000000000
5065 -962.0000000000
5068 -960.0000000000
5078 -959.0000000000
5083 -958.0000000000
5091 -957.0000000000
5118 -956.0000000000
5123 -955.0000000000
5151 -954.0000000000
5163 -952.0000000000
5172 -951.0000000000
5185 -950.0000000000
5196 -949.0000000000
5217 -948.0000000000
5246 -947.0000000000
5250 -946.0000000000
5271 -945.0000000000
5277 -944.0000000000
5290 -943.0000000000
5300 -942.0000000000
5321 -941.0000000000
5324 -940.0000000000
5340 -939.0000000000
5345 -938.0000000000
5346 -937.0000000000
5368 -936.0000000000
5389 -935.0000000000
5390 -934.0000000000
5391 -933.0000000000
5411 -932.0000000000
5414 -931.0000000000
5416 -930.0000000000
5419 -929.0000000000
5431 -928.0000000000
5438 -927.0000000000
5439 -926.0000000000
5449 -925.0000000000
5461 -924.0000000000
5462 -922.0000000000
5477 -920.0000000000
5487 -919.0000000000
5488 -918.0000000000
5491 -917.0000000000
5495 -915.0000000000
5505 -914.0000000000
5508 -913.0000000000
5515 -912.0000000000
5522 -911.0000000000
5535 -910.0000000000
5536 -909.0000000000
5538 -908.0000000000
5553 -907.0000000000
5557 -906.0000000000
5586 -905.0000000000
5594 -903.0000000000
5626 -902.0000000000
5630 -900.0000000000
5631 -899.0000000000
5633 -898.0000000000
5640 -897.0000000000
5655 -896.0000000000
5658 -895.0000000000
5659 -894.0000000000
5662 -893.0000000000
5694 -892.0000000000
5715 -891.0000000000
5729 -890.0000000000
5730 -889.0000000000
5732 -888.0000000000
5752 -887.0000000000
5753 -886.0000000000
5755 -885.0000000000
5762 -884.0000000000
5823 -883.0000000000
5833 -882.0000000000
5841 -881.0000000000
5846 -880.0000000000
5861 -878.0000000000
5875 -877.0000000000
5894 -876.0000000000
5896 -874.0000000000
5908 -873.0000000000
5931 -872.0000000000
5935 -871.0000000000
5955 -870.0000000000
5979 -869.0000000000
5980 -867.0000000000
5981 -866.0000000000
5993 -864.0000000000
6002 -863.0000000000
6009 -862.0000000000
6022 -861.0000000000
6025 -860.0000000000
6031 -859.0000000000
6033 -858.0000000000
6035 -857.0000000000
6046 -856.0000000000
6054 -855.0000000000
6063 -854.0000000000
6064 -853.0000000000
6065 -852.0000000000
6072 -851.0000000000
6079 -850.0000000000
6084 -849.0000000000
6100 -848.0000000000
6105 -847.0000000000
6118 -846.0000000000
6119 -845.0000000000
6122 -842.0000000000
6126 -840.0000000000
6137 -839.0000000000
6146 -836.0000000000
6152 -835.0000000000
6156 -834.0000000000
6186 -833.0000000000
6201 -832.0000000000
6202 -831.0000000000
6205 -830.0000000000
6208 -829.0000000000
6223 -828.0000000000
6227 -827.0000000000
6237 -826.0000000000
6264 -825.0000000000
6274 -824.0000000000
6276 -822.0000000000
6282 -821.0000000000
6283 -820.0000000000
6290 -819.0000000000
6303 -817.0000000000
6304 -816.0000000000
6325 -815.0000000000
6338 -814.0000000000
6369 -813.0000000000
6375 -812.0000000000
6383 -811.0000000000
6390 -810.0000000000
6394 -809.0000000000
6413 -808.0000000000
6417 -807.0000000000
6418 -806.0000000000
6421 -805.0000000000
6424 -804.0000000000
6449 -803.0000000000
6467 -802.0000000000
6474 -801.0000000000
6478 -800.0000000000
6494 -799.0000000000
6504 -798.0000000000
6515 -797.0000000000
6539 -796.0000000000
6547 -795.0000000000
6551 -794.0000000000
6574 -793.0000000000
6575 -792.0000000000
6581 -791.0000000000
6582 -790.0000000000
6585 -789.0000000000
6590 -788.0000000000
6596 -787.0000000000
6601 -786.0000000000
6639 -785.0000000000
6642 -784.0000000000
6649 -782.0000000000
6664 -781.0000000000
6674 -780.0000000000
6677 -779.0000000000
6686 -778.0000000000
6699 -777.0000000000
6714 -776.0000000000
6724 -775.0000000000
6725 -774.0000000000
6762 -773.0000000000
6772 -772.0000000000
6782 -771.0000000000
6790 -768.0000000000
6795 -767.0000000000
6830 -766.0000000000
6839 -765.0000000000
6844 -764.0000000000
6855 -763.0000000000
6870 -762.0000000000
6873 -761.0000000000
6880 -760.0000000000
6885 -759.0000000000
6886 -758.0000000000
6909 -757.0000000000
6931 -756.0000000000
6941 -755.0000000000
6948 -754.0000000000
6953 -753.0000000000
6967 -752.0000000000
6972 -751.0000000000
6986 -750.0000000000
7009 -749.0000000000
7021 -748.0000000000
7026 -747.0000000000
7059 -746.0000000000
7076 -745.0000000000
7112 -744.0000000000
7123 -742.0000000000
7148 -741.0000000000
7159 -740.0000000000
7160 -738.0000000000
7163 -737.0000000000
7169 -736.0000000000
7173 -734.0000000000
7197 -733.0000000000
7204 -732.0000000000
7216 -731.0000000000
7240 -730.0000000000
7269 -729.0000000000
7277 -728.0000000000
7288 -727.0000000000
7301 -726.0000000000
7305 -725.0000000000
7306 -724.0000000000
7375 -723.0000000000
7376 -722.0000000000
7413 -721.0000000000
7415 -720.0000000000
7432 -719.0000000000
7473 -718.0000000000
7503 -717.0000000000
7526 -716.0000000000
7567 -715.0000000000
7569 -714.0000000000
7584 -713.0000000000
7591 -712.0000000000
7595 -711.0000000000
7599 -710.0000000000
7621 -709.0000000000
7652 -708.0000000000
7663 -707.0000000000
7668 -706.0000000000
7680 -705.0000000000
7712 -704.0000000000
7732 -703.0000000000
7736 -702.0000000000
7771 -701.0000000000
7778 -700.0000000000
7779 -699.0000000000
7786 -698.0000000000
7789 -697.0000000000
7798 -696.0000000000
7802 -695.0000000000
7819 -694.0000000000
7833 -693.0000000000
7867 -692.0000000000
7907 -690.0000000000
7910 -689.0000000000
7920 -688.0000000000
7926 -687.0000000000
7930 -686.0000000000
7941 -685.0000000000
7944 -684.0000000000
7951 -683.0000000000
7959 -682.0000000000
7978 -681.0000000000
8004 -680.0000000000
8008 -679.0000000000
8019 -678.0000000000
8020 -677.0000000000
8042 -676.0000000000
8064 -675.0000000000
8065 -674.0000000000
8075 -673.0000000000
8085 -672.0000000000
8104 -671.0000000000
8114 -670.0000000000
8115 -669.0000000000
8117 -668.0000000000
8146 -667.0000000000
8158 -666.0000000000
8188 -665.0000000000
8189 -664.0000000000
8232 -663.0000000000
8257 -662.0000000000
8274 -661.0000000000
8287 -660.0000000000
8309 -659.0000000000
8315 -658.0000000000
8317 -657.0000000000
8343 -656.0000000000
8362 -655.0000000000
8369 -654.0000000000
8371 -653.0000000000
8385 -652.0000000000
8386 -651.0000000000
8388 -650.0000000000
8390 -649.0000000000
8410 -648.0000000000
8429 -647.0000000000
8431 -645.0000000000
8438 -644.0000000000
8439 -643.0000000000
8465 -642.0000000000
8468 -640.0000000000
8478 -639.0000000000
8494 -637.0000000000
8497 -635.0000000000
8500 -634.0000000000
8501 -633.0000000000
8518 -632.0000000000
8525 -631.0000000000
8526 -630.0000000000
8535 -629.0000000000
8559 -628.0000000000
8564 -627.0000000000
8575 -626.0000000000
8585 -625.0000000000
8587 -624.0000000000
8602 -622.0000000000
8610 -621.0000000000
8626 -620.0000000000
8706 -619.0000000000
8752 -618.0000000000
8777 -617.0000000000
8781 -616.0000000000
8829 -615.0000000000
8839 -614.0000000000
8856 -613.0000000000
8870 -612.0000000000
8908 -611.0000000000
8925 -610.0000000000
8984 -609.0000000000
9022 -608.0000000000
9032 -607.0000000000
9037 -606.0000000000
9043 -605.0000000000
9046 -604.0000000000
9054 -603.0000000000
9066 -602.0000000000
9067 -600.0000000000
9076 -599.0000000000
9088 -598.0000000000
9111 -597.0000000000
9146 -596.0000000000
9174 -595.0000000000
9189 -594.0000000000
9210 -593.0000000000
9237 -592.0000000000
9246 -591.0000000000
9250 -590.0000000000
9258 -589.0000000000
9283 -588.0000000000
9284 -587.0000000000
9287 -586.0000000000
9308 -585.0000000000
9328 -584.0000000000
9354 -583.0000000000
9357 -582.0000000000
9366 -581.0000000000
9384 -580.0000000000
9385 -579.0000000000
9388 -578.0000000000
9403 -577.0000000000
9404 -576.0000000000
9407 -574.0000000000
9417 -573.0000000000
9439 -572.0000000000
9441 -571.0000000000
9463 -570.0000000000
9487 -569.0000000000
9508 -568.0000000000
9516 -566.0000000000
9535 -565.0000000000
9540 -564.0000000000
9547 -563.0000000000
9600 -562.0000000000
9607 -561.0000000000
9650 -560.0000000000
9665 -558.0000000000
9667 -557.0000000000
9686 -556.0000000000
9725 -555.0000000000
9734 -554.0000000000
9744 -553.0000000000
9751 -552.0000000000
9780 -551.0000000000
9801 -550.0000000000
9814 -549.0000000000
9817 -548.0000000000
9827 -547.0000000000
9831 -546.0000000000
9861 -544.0000000000
9863 -543.0000000000
9887 -542.0000000000
9891 -541.0000000000
9894 -540.0000000000
9904 -539.0000000000
9941 -538.0000000000
9949 -537.0000000000
9959 -536.0000000000
9963 -535.0000000000
9996 -534.0000000000
10000 -534.0000000000
evaluations raw_y
1 -1981.0000000000
14 -1980.0000000000
18 -1979.0000000000
26 -1978.0000000000
29 -1977.0000000000
32 -1975.0000000000
33 -1974.0000000000
35 -1973.0000000000
36 -1972.0000000000
38 -1971.0000000000
43 -1970.0000000000
45 -1969.0000000000
47 -1967.0000000000
48 -1966.0000000000
52 -1965.0000000000
54 -1964.0000000000
61 -1963.0000000000
62 -1962.0000000000
63 -1961.0000000000
75 -1960.0000000000
76 -1959.0000000000
77 -1957.0000000000
90 -1956.0000000000
97 -1953.0000000000
98 -1952.0000000000
101 -1951.0000000000
103 -1950.0000000000
104 -1949.0000000000
123 -1948.0000000000
128 -1946.0000000000
132 -1945.0000000000
133 -1944.0000000000
150 -1943.0000000000
153 -1942.0000000000
156 -1941.0000000000
157 -1940.0000000000
166 -1939.0000000000
173 -1938.0000000000
182 -1937.0000000000
185 -1936.0000000000
189 -1934.0000000000
197 -1933.0000000000
202 -1932.0000000000
203 -1931.0000000000
209 -1930.0000000000
212 -1929.0000000000
214 -1927.0000000000
215 -1926.0000000000
221 -1925.0000000000
222 -1923.0000000000
225 -1922.0000000000
228 -1920.0000000000
231 -1919.0000000000
232 -1917.0000000000
234 -1916.0000000000
235 -1915.0000000000
248 -1914.0000000000
250 -1913.0000000000
252 -1912.0000000000
254 -1911.0000000000
255 -1910.0000000000
258 -1909.0000000000
259 -1908.0000000000
264 -1907.0000000000
265 -1905.0000000000
271 -1904.0000000000
276 -1903.0000000000
277 -1902.0000000000
280 -1901.0000000000
284 -1900.0000000000
286 -1899.0000000000
288 -1898.0000000000
289 -1897.0000000000
296 -1895.0000000000
298 -1894.0000000000
308 -1893.0000000000
314 -1892.0000000000
315 -1888.0000000000
317 -1887.0000000000
321 -1884.0000000000
325 -1883.0000000000
332 -1882.0000000000
338 -1881.0000000000
339 -1879.0000000000
344 -1878.0000000000
347 -1877.0000000000
348 -1876.0000000000
352 -1875.0000000000
358 -1874.0000000000
359 -1873.0000000000
368 -1872.0000000000
372 -1871.0000000000
377 -1870.0000000000
379 -1869.0000000000
389 -1868.0000000000
390 -1867.0000000000
393 -1866.0000000000
397 -1865.0000000000
401 -1864.0000000000
404 -1863.0000000000
411 -1862.0000000000
417 -1861.0000000000
423 -1860.0000000000
431 -1859.0000000000
436 -1858.0000000000
437 -1856.0000000000
439 -1855.0000000000
441 -1854.0000000000
445 -1853.0000000000
446 -1851.0000000000
449 -1849.0000000000
450 -1848.0000000000
451 -1847.0000000000
455 -1846.0000000000
457 -1845.0000000000
458 -1844.0000000000
465 -1842.0000000000
476 -1841.0000000000
479 -1840.0000000000
482 -1839.0000000000
484 -1838.0000000000
494 -1836.0000000000
499 -1835.0000000000
501 -1834.0000000000
508 -1833.0000000000
510 -1832.0000000000
522 -1831.0000000000
529 -1827.0000000000
534 -1826.0000000000
539 -1825.0000000000
542 -1823.0000000000
545 -1822.0000000000
546 -1821.0000000000
547 -1820.0000000000
553 -1819.0000000000
561 -1818.0000000000
562 -1817.0000000000
563 -1816.0000000000
564 -1815.0000000000
565 -1814.0000000000
569 -1813.0000000000
571 -1811.0000000000
572 -1810.0000000000
575 -1809.0000000000
577 -1808.0000000000
586 -1807.0000000000
588 -1806.0000000000
589 -1805.0000000000
594 -1804.0000000000
599 -1802.0000000000
602 -1801.0000000000
603 -1799.0000000000
604 -1797.0000000000
612 -1796.0000000000
614 -1795.0000000000
620 -1794.0000000000
621 -1792.0000000000
627 -1791.0000000000
629 -1790.0000000000
631 -1789.0000000000
632 -1788.0000000000
638 -1787.0000000000
639 -1786.0000000000
652 -1784.0000000000
658 -1783.0000000000
667 -1782.0000000000
675 -1779.0000000000
681 -1777.0000000000
682 -1775.0000000000
683 -1772.0000000000
691 -1771.0000000000
704 -1769.0000000000
706 -1768.0000000000
707 -1766.0000000000
708 -1765.0000000000
710 -1764.0000000000
714 -1762.0000000000
715 -1761.0000000000
717 -1760.0000000000
721 -1758.0000000000
729 -1756.0000000000
730 -1755.0000000000
734 -1754.0000000000
737 -1753.0000000000
743 -1751.0000000000
744 -1750.0000000000
745 -1749.0000000000
748 -1748.0000000000
751 -1747.0000000000
753 -1746.0000000000
758 -1745.0000000000
762 -1744.0000000000
768 -1743.0000000000
772 -1742.0000000000
779 -1739.0000000000
783 -1738.0000000000
787 -1737.0000000000
788 -1736.0000000000
794 -1735.0000000000
796 -1733.0000000000
798 -1732.0000000000
802 -1731.0000000000
811 -1730.0000000000
812 -1729.0000000000
813 -1727.0000000000
814 -1726.0000000000
817 -1725.0000000000
820 -1723.0000000000
839 -1721.0000000000
841 -1719.0000000000
842 -1717.0000000000
844 -1716.0000000000
852 -1715.0000000000
853 -1714.0000000000
859 -1713.0000000000
863 -1711.0000000000
865 -1709.0000000000
870 -1708.0000000000
871 -1707.0000000000
872 -1706.0000000000
881 -1704.0000000000
882 -1702.0000000000
892 -1701.0000000000
904 -1700.0000000000
905 -1699.0000000000
910 -1698.0000000000
911 -1697.0000000000
914 -1696.0000000000
916 -1695.0000000000
917 -1694.0000000000
926 -1693.0000000000
928 -1692.0000000000
931 -1691.0000000000
943 -1690.0000000000
949 -1689.0000000000
959 -1688.0000000000
968 -1687.0000000000
974 -1686.0000000000
975 -1685.0000000000
981 -1684.0000000000
996 -1683.0000000000
1012 -1681.0000000000
1017 -1680.0000000000
1021 -1678.0000000000
1024 -1677.0000000000
1025 -1676.0000000000
1033 -1675.0000000000
1039 -1674.0000000000
1042 -1672.0000000000
1045 -1671.0000000000
1048 -1670.0000000000
1052 -1669.0000000000
1060 -1664.0000000000
1064 -1663.0000000000
1065 -1662.0000000000
1070 -1661.0000000000
1073 -1659.0000000000
1077 -1658.0000000000
1078 -1657.0000000000
1079 -1655.0000000000
1083 -1654.0000000000
1088 -1652.0000000000
1090 -1650.0000000000
1097 -1649.0000000000
1101 -1648.0000000000
1102 -1647.0000000000
1107 -1646.0000000000
1110 -1645.0000000000
1120 -1644.0000000000
1122 -1643.0000000000
1123 -1641.0000000000
1126 -1640.0000000000
1131 -1639.0000000000
1133 -1636.0000000000
1138 -1635.0000000000
1139 -1633.0000000000
1143 -1632.0000000000
1144 -1630.0000000000
1146 -1629.0000000000
1152 -1628.0000000000
1154 -1627.0000000000
1155 -1626.0000000000
1178 -1625.0000000000
1191 -1624.0000000000
1207 -1623.0000000000
1215 -1622.0000000000
1216 -1621.0000000000
1226 -1620.0000000000
1232 -1619.0000000000
1246 -1618.0000000000
1251 -1617.0000000000
1265 -1616.0000000000
1272 -1615.0000000000
1289 -1612.0000000000
1292 -1611.0000000000
1293 -1610.0000000000
1298 -1608.0000000000
1309 -1607.0000000000
1314 -1606.0000000000
1322 -1604.0000000000
1328 -1603.0000000000
1338 -1602.0000000000
1350 -1601.0000000000
1352 -1600.0000000000
1357 -1599.0000000000
1373 -1598.0000000000
1376 -1597.0000000000
1379 -1596.0000000000
1383 -1594.0000000000
1397 -1593.0000000000
1402 -1592.0000000000
1410 -1591.0000000000
1411 -1590.0000000000
1420 -1589.0000000000
1422 -1587.0000000000
1435 -1586.0000000000
1438 -1585.0000000000
1442 -1584.0000000000
1444 -1583.0000000000
1448 -1582.0000000000
1450 -1580.0000000000
1454 -1579.0000000000
1455 -1578.0000000000
1456 -1577.0000000000
1461 -1576.0000000000
1473 -1575.0000000000
1475 -1574.0000000000
1476 -1572.0000000000
1478 -1571.0000000000
1480 -1570.0000000000
1484 -1569.0000000000
1487 -1568.0000000000
1492 -1566.0000000000
1493 -1565.0000000000
1497 -1564.0000000000
1502 -1563.0000000000
1506 -1560.0000000000
1507 -1559.0000000000
1512 -1558.0000000000
1529 -1557.0000000000
1539 -1556.0000000000
1544 -1555.0000000000
1557 -1554.0000000000
1564 -1553.0000000000
1565 -1552.0000000000
1566 -1551.0000000000
1569 -1550.0000000000
1570 -1549.0000000000
1572 -1548.0000000000
1573 -1547.0000000000
1574 -1546.0000000000
1579 -1545.0000000000
1580 -1544.0000000000
1583 -1543.0000000000
1585 -1542.0000000000
1599 -1540.0000000000
1604 -1539.0000000000
1606 -1538.0000000000
1619 -1537.0000000000
1635 -1536.0000000000
1639 -1534.0000000000
1643 -1533.0000000000
1652 -1532.0000000000
1667 -1531.0000000000
1669 -1530.0000000000
1672 -1529.0000000000
1674 -1528.0000000000
1690 -1527.0000000000
1692 -1526.0000000000
1700 -1524.0000000000
1704 -1523.0000000000
1705 -1521.0000000000
1710 -1519.0000000000
1711 -1517.0000000000
1712 -1516.0000000000
1719 -1515.0000000000
1720 -1514.0000000000
1722 -1513.0000000000
1723 -1512.0000000000
1727 -1511.0000000000
1728 -1510.0000000000
1743 -1509.0000000000
1749 -1508.0000000000
1752 -1507.0000000000
1754 -1506.0000000000
1759 -1505.0000000000
1764 -1504.0000000000
1776 -1502.0000000000
1780 -1500.0000000000
1781 -1499.0000000000
1784 -1498.0000000000
1785 -1497.0000000000
1788 -1496.0000000000
1793 -1495.0000000000
1797 -1494.0000000000
1801 -1493.0000000000
1806 -1492.0000000000
1809 -1491.0000000000
1812 -1490.0000000000
1819 -1489.0000000000
1822 -1488.0000000000
1830 -1487.0000000000
1835 -1486.0000000000
1844 -1485.0000000000
1851 -1484.0000000000
1860 -1483.0000000000
1867 -1482.0000000000
1870 -1481.0000000000
1873 -1480.0000000000
1874 -1479.0000000000
1887 -1478.0000000000
1889 -1477.0000000000
1893 -1476.0000000000
1897 -1475.0000000000
1899 -1474.0000000000
1901 -1473.0000000000
1905 -1472.0000000000
1909 -1471.0000000000
1910 -1470.0000000000
1916 -1469.0000000000
1918 -1468.0000000000
1919 -1466.0000000000
1922 -1465.0000000000
1923 -1463.0000000000
1931 -1462.0000000000
1932 -1460.0000000000
1933 -1459.0000000000
1940 -1458.0000000000
1943 -1457.0000000000
1945 -1456.0000000000
1956 -1455.0000000000
1963 -1454.0000000000
1987 -1452.0000000000
1998 -1451.0000000000
2004 -1449.0000000000
2010 -1447.0000000000
2013 -1446.0000000000
2014 -1445.0000000000
2016 -1443.0000000000
2018 -1442.0000000000
2019 -1441.0000000000
2020 -1440.0000000000
2022 -1439.0000000000
2028 -1438.0000000000
2036 -1437.0000000000
2047 -1436.0000000000
2059 -1435.0000000000
2061 -1434.0000000000
2076 -1433.0000000000
2077 -1432.0000000000
2080 -1430.0000000000
2093 -1429.0000000000
2121 -1427.0000000000
2136 -1426.0000000000
2145 -1425.0000000000
2147 -1424.0000000000
2149 -1422.0000000000
2157 -1421.0000000000
2162 -1420.0000000000
2163 -1418.0000000000
2164 -1417.0000000000
2167 -1415.0000000000
2171 -1414.0000000000
2173 -1413.0000000000
2178 -1412.0000000000
2180 -1411.0000000000
2182 -1410.0000000000
2186 -1409.0000000000
2187 -1408.0000000000
2188 -1407.0000000000
2189 -1405.0000000000
2202 -1402.0000000000
2203 -1401.0000000000
2207 -1400.0000000000
2211 -1398.0000000000
2222 -1397.0000000000
2229 -1396.0000000000
2230 -1395.0000000000
2233 -1393.0000000000
2237 -1392.0000000000
2249 -1390.0000000000
2252 -1389.0000000000
2257 -1388.0000000000
2283 -1387.0000000000
2306 -1386.0000000000
2307 -1385.0000000000
2314 -1384.0000000000
2316 -1383.0000000000
2321 -1382.0000000000
2327 -1381.0000000000
2357 -1380.0000000000
2360 -1379.0000000000
2364 -1378.0000000000
2366 -1377.0000000000
2375 -1376.0000000000
2376 -1375.0000000000
2377 -1374.0000000000
2384 -1373.0000000000
2385 -1372.0000000000
2387 -1370.0000000000
2392 -1369.0000000000
2399 -1368.0000000000
2404 -1367.0000000000
2408 -1366.0000000000
2412 -1365.0000000000
2414 -1364.0000000000
2415 -1363.0000000000
2421 -1362.0000000000
2424 -1361.0000000000
2432 -1360.0000000000
2435 -1359.0000000000
2437 -1356.0000000000
2443 -1354.0000000000
2445 -1353.0000000000
2452 -1352.0000000000
2453 -1350.0000000000
2461 -1349.0000000000
2467 -1348.0000000000
2471 -1347.0000000000
2472 -1346.0000000000
2475 -1345.0000000000
2478 -1343.0000000000
2479 -1341.0000000000
2480 -1339.0000000000
2481 -1338.0000000000
2483 -1337.0000000000
2494 -1336.0000000000
2501 -1335.0000000000
2511 -1334.0000000000
2515 -1333.0000000000
2526 -1332.0000000000
2528 -1331.0000000000
2533 -1330.0000000000
2543 -1329.0000000000
2548 -1327.0000000000
2559 -1324.0000000000
2594 -1323.0000000000
2629 -1322.0000000000
2633 -1321.0000000000
2641 -1320.0000000000
2648 -1319.0000000000
2652 -1318.0000000000
2654 -1317.0000000000
2655 -1316.0000000000
2656 -1315.0000000000
2673 -1314.0000000000
2677 -1313.0000000000
2690 -1311.0000000000
2694 -1310.0000000000
2695 -1309.0000000000
2697 -1308.0000000000
2701 -1307.0000000000
2702 -1306.0000000000
2708 -1305.0000000000
2709 -1304.0000000000
2717 -1303.0000000000
2738 -1302.0000000000
2753 -1301.0000000000
2767 -1300.0000000000
2770 -1299.0000000000
2775 -1297.0000000000
2777 -1296.0000000000
2779 -1295.0000000000
2781 -1294.0000000000
2793 -1293.0000000000
2803 -1292.0000000000
2807 -1289.0000000000
2812 -1288.0000000000
2813 -1287.0000000000
2814 -1286.0000000000
2830 -1285.0000000000
2839 -1284.0000000000
2860 -1283.0000000000
2868 -1282.0000000000
2870 -1281.0000000000
2899 -1280.0000000000
2901 -1279.0000000000
2903 -1278.0000000000
2906 -1277.0000000000
2922 -1276.0000000000
2927 -1275.0000000000
2930 -1274.0000000000
2932 -1273.0000000000
2940 -1272.0000000000
2949 -1271.0000000000
2975 -1270.0000000000
2980 -1269.0000000000
2981 -1268.0000000000
2983 -1267.0000000000
2992 -1266.0000000000
2993 -1265.0000000000
2995 -1264.0000000000
2997 -1263.0000000000
3006 -1262.0000000000
3020 -1260.0000000000
3021 -1259.0000000000
3026 -1257.0000000000
3029 -1255.0000000000
3067 -1254.0000000000
3073 -1253.0000000000
3077 -1252.0000000000
3082 -1251.0000000000
3088 -1250.0000000000
3093 -1248.0000000000
3094 -1247.0000000000
3097 -1246.0000000000
3100 -1244.0000000000
3103 -1243.0000000000
3110 -1242.0000000000
3122 -1241.0000000000
3129 -1240.0000000000
3134 -1239.0000000000
3136 -1238.0000000000
3155 -1237.0000000000
3160 -1236.0000000000
3164 -1235.0000000000
3187 -1234.0000000000
3188 -1232.0000000000
3197 -1231.0000000000
3212 -1230.0000000000
3214 -1229.0000000000
3220 -1228.0000000000
3243 -1227.0000000000
3250 -1225.0000000000
3253 -1224.0000000000
3257 -1223.0000000000
3267 -1221.0000000000
3285 -1220.0000000000
3287 -1219.0000000000
3298 -1218.0000000000
3299 -1216.0000000000
3300 -1215.0000000000
3302 -1214.0000000000
3304 -1213.0000000000
3305 -1211.0000000000
3309 -1210.0000000000
3314 -1209.0000000000
3326 -1208.0000000000
3328 -1207.0000000000
3333 -1206.0000000000
3337 -1205.0000000000
3339 -1204.0000000000
3342 -1203.0000000000
3348 -1202.0000000000
3353 -1201.0000000000
3357 -1200.0000000000
3368 -1199.0000000000
3382 -1198.0000000000
3395 -1197.0000000000
3398 -1196.0000000000
3399 -1195.0000000000
3408 -1194.0000000000
3409 -1193.0000000000
3417 -1192.0000000000
3426 -1191.0000000000
3428 -1190.0000000000
3437 -1188.0000000000
3440 -1187.0000000000
3443 -1186.0000000000
3451 -1185.0000000000
3457 -1184.0000000000
3459 -1183.0000000000
3463 -1182.0000000000
3471 -1180.0000000000
3479 -1179.0000000000
3482 -1177.0000000000
3483 -1176.0000000000
3496 -1175.0000000000
3497 -1174.0000000000
3509 -1173.0000000000
3514 -1172.0000000000
3530 -1171.0000000000
3534 -1170.0000000000
3542 -1169.0000000000
3544 -1168.0000000000
3555 -1167.0000000000
3557 -1166.0000000000
3559 -1165.0000000000
3561 -1164.0000000000
3576 -1163.0000000000
3581 -1162.0000000000
3583 -1161.0000000000
3587 -1160.0000000000
3592 -1159.0000000000
3598 -1158.0000000000
3605 -1156.0000000000
3607 -1155.0000000000
3609 -1154.0000000000
3612 -1153.0000000000
3618 -1152.0000000000
3619 -1151.0000000000
3641 -1150.0000000000
3653 -1148.0000000000
3669 -1147.0000000000
3674 -1146.0000000000
3676 -1145.0000000000
3683 -1144.0000000000
3689 -1142.0000000000
3697 -1141.0000000000
3700 -1140.0000000000
3709 -1139.0000000000
3713 -1138.0000000000
3715 -1136.0000000000
3729 -1134.0000000000
3731 -1133.0000000000
3734 -1132.0000000000
3736 -1131.0000000000
3740 -1130.0000000000
3748 -1129.0000000000
3755 -1128.0000000000
3760 -1126.0000000000
3769 -1125.0000000000
3770 -1124.0000000000
3777 -1123.0000000000
3780 -1122.0000000000
3825 -1121.0000000000
3842 -1120.0000000000
3851 -1119.0000000000
3867 -1118.0000000000
3885 -1117.0000000000
3914 -1116.0000000000
3923 -1115.0000000000
3934 -1114.0000000000
3939 -1113.0000000000
3945 -1112.0000000000
3956 -1111.0000000000
3957 -1110.0000000000
3963 -1109.0000000000
3975 -1107.0000000000
3987 -1104.0000000000
3992 -1103.0000000000
3994 -1102.0000000000
3997 -1101.0000000000
3999 -1099.0000000000
4004 -1098.0000000000
4012 -1097.0000000000
4014 -1096.0000000000
4015 -1095.0000000000
4017 -1094.0000000000
4022 -1093.0000000000
4041 -1092.0000000000
4055 -1091.0000000000
4065 -1090.0000000000
4071 -1089.0000000000
4072 -1088.0000000000
4078 -1087.0000000000
4088 -1086.0000000000
4093 -1085.0000000000
4094 -1084.0000000000
4115 -1083.0000000000
4123 -1082.0000000000
4136 -1081.0000000000
4141 -1080.0000000000
4148 -1079.0000000000
4150 -1078.0000000000
4153 -1077.0000000000
4157 -1076.0000000000
4163 -1074.0000000000
4167 -1073.0000000000
4178 -1072.0000000000
4179 -1071.0000000000
4181 -1070.0000000000
4195 -1068.0000000000
4199 -1067.0000000000
4204 -1066.0000000000
4215 -1065.0000000000
4217 -1064.0000000000
4229 -1063.0000000000
4230 -1062.0000000000
4231 -1061.0000000000
4246 -1060.0000000000
4252 -1059.0000000000
4253 -1058.0000000000
4254 -1057.0000000000
4255 -1055.0000000000
4258 -1054.0000000000
4262 -1053.0000000000
4264 -1052.0000000000
4266 -1051.0000000000
4269 -1049.0000000000
4271 -1048.0000000000
4275 -1047.0000000000
4298 -1046.0000000000
4303 -1045.0000000000
4305 -1044.0000000000
4307 -1043.0000000000
4323 -1042.0000000000
4324 -1041.0000000000
4327 -1040.0000000000
4328 -1039.0000000000
4334 -1038.0000000000
4339 -1037.0000000000
4344 -1036.0000000000
4350 -1035.0000000000
4353 -1034.0000000000
4355 -1033.0000000000
4363 -1032.0000000000
4364 -1031.0000000000
4372 -1030.0000000000
4386 -1029.0000000000
4391 -1028.0000000000
4395 -1027.0000000000
4399 -1025.0000000000
4409 -1023.0000000000
4427 -1022.0000000000
4431 -1021.0000000000
4438 -1020.0000000000
4449 -1018.0000000000
4455 -1017.0000000000
4464 -1015.0000000000
4477 -1014.0000000000
4506 -1013.0000000000
4511 -1012.0000000000
4517 -1011.0000000000
4520 -1010.0000000000
4526 -1009.0000000000
4527 -1008.0000000000
4529 -1007.0000000000
4546 -1006.0000000000
4549 -1005.0000000000
4550 -1004.0000000000
4573 -1002.0000000000
4577 -1001.0000000000
4578 -1000.0000000000
4580 -999.0000000000
4601 -998.0000000000
4614 -997.0000000000
4619 -996.0000000000
4623 -995.0000000000
4626 -994.0000000000
4628 -993.0000000000
4637 -992.0000000000
4639 -991.0000000000
4646 -989.0000000000
4659 -988.0000000000
4668 -987.0000000000
4681 -986.0000000000
4695 -985.0000000000
4698 -984.0000000000
4707 -983.0000000000
4713 -982.0000000000
4716 -981.0000000000
4728 -980.0000000000
4748 -978.0000000000
4756 -977.0000000000
4759 -975.0000000000
4779 -974.0000000000
4809 -973.0000000000
4810 -972.0000000000
4835 -971.0000000000
4842 -970.0000000000
4848 -969.0000000000
4849 -968.0000000000
4850 -967.0000000000
4861 -966.0000000000
4871 -965.0000000000
4877 -964.0000000000
4883 -963.0000000000
4889 -962.0000000000
4891 -961.0000000000
4895 -960.0000000000
4904 -959.0000000000
4908 -958.0000000000
4915 -957.0000000000
4957 -956.0000000000
4959 -955.0000000000
4974 -954.0000000000
4995 -953.0000000000
5015 -952.0000000000
5025 -951.0000000000
5026 -950.0000000000
5032 -949.0000000000
5046 -947.0000000000
5049 -946.0000000000
5052 -945.0000000000
5060 -943.0000000000
5061 -942.0000000000
5062 -940.0000000000
5079 -939.0000000000
5082 -938.0000000000
5100 -937.0000000000
5102 -936.0000000000
5105 -934.0000000000
5123 -933.0000000000
5137 -932.0000000000
5141 -931.0000000000
5143 -930.0000000000
5146 -929.0000000000
5156 -927.0000000000
5168 -926.0000000000
5175 -925.0000000000
5185 -924.0000000000
5205 -923.0000000000
5208 -922.0000000000
5210 -921.0000000000
5216 -920.0000000000
5217 -919.0000000000
5221 -918.0000000000
5233 -917.0000000000
5237 -915.0000000000
5253 -914.0000000000
5259 -913.0000000000
5267 -912.0000000000
5274 -911.0000000000
5281 -909.0000000000
5287 -908.0000000000
5303 -906.0000000000
5304 -905.0000000000
5306 -904.0000000000
5312 -903.0000000000
5318 -902.0000000000
5320 -901.0000000000
5323 -900.0000000000
5336 -899.0000000000
5348 -898.0000000000
5351 -896.0000000000
5354 -895.0000000000
5369 -894.0000000000
5389 -893.0000000000
5392 -892.0000000000
5397 -891.0000000000
5413 -890.0000000000
5420 -889.0000000000
5427 -888.0000000000
5434 -887.0000000000
5464 -885.0000000000
5471 -884.0000000000
5494 -883.0000000000
5500 -882.0000000000
5504 -881.0000000000
5533 -880.0000000000
5546 -879.0000000000
5568 -878.0000000000
5576 -877.0000000000
5581 -876.0000000000
5597 -875.0000000000
5617 -874.0000000000
5620 -873.0000000000
5629 -872.0000000000
5632 -871.0000000000
5645 -870.0000000000
5651 -869.0000000000
5656 -868.0000000000
5674 -867.0000000000
5679 -865.0000000000
5688 -864.0000000000
5707 -862.0000000000
5712 -861.0000000000
5720 -860.0000000000
5726 -859.0000000000
5743 -858.0000000000
5747 -857.0000000000
5748 -856.0000000000
5749 -855.0000000000
5750 -854.0000000000
5756 -853.0000000000
5761 -852.0000000000
5763 -851.0000000000
5765 -850.0000000000
5768 -849.0000000000
5771 -848.0000000000
5779 -847.0000000000
5782 -846.0000000000
5784 -845.0000000000
5793 -844.0000000000
5798 -843.0000000000
5807 -842.0000000000
5815 -841.0000000000
5824 -840.0000000000
5832 -839.0000000000
5846 -837.0000000000
5859 -836.0000000000
5866 -835.0000000000
5875 -834.0000000000
5887 -833.0000000000
5895 -831.0000000000
5955 -830.0000000000
5960 -829.0000000000
5975 -828.0000000000
5981 -827.0000000000
5983 -826.0000000000
6002 -825.0000000000
6004 -824.0000000000
6040 -823.0000000000
6043 -822.0000000000
6058 -820.0000000000
6064 -819.0000000000
6067 -818.0000000000
6077 -817.0000000000
6107 -815.0000000000
6116 -814.0000000000
6129 -813.0000000000
6157 -812.0000000000
6168 -811.0000000000
6182 -810.0000000000
6185 -809.0000000000
6201 -808.0000000000
6215 -807.0000000000
6219 -806.0000000000
6252 -805.0000000000
6253 -804.0000000000
6275 -803.0000000000
6278 -802.0000000000
6288 -801.0000000000
6326 -800.0000000000
6356 -799.0000000000
6359 -798.0000000000
6387 -797.0000000000
6420 -796.0000000000
6425 -795.0000000000
6426 -793.0000000000
6427 -792.0000000000
6430 -791.0000000000
6437 -790.0000000000
6450 -789.0000000000
6453 -788.0000000000
6456 -787.0000000000
6472 -786.0000000000
6483 -785.0000000000
6509 -784.0000000000
6530 -783.0000000000
6534 -782.0000000000
6546 -781.0000000000
6548 -780.0000000000
6565 -779.0000000000
6573 -778.0000000000
6595 -777.0000000000
6618 -776.0000000000
6626 -775.0000000000
6635 -774.0000000000
6641 -773.0000000000
6650 -771.0000000000
6654 -770.0000000000
6661 -769.0000000000
6673 -768.0000000000
6682 -767.0000000000
6695 -766.0000000000
6724 -765.0000000000
6730 -764.0000000000
6755 -763.0000000000
6785 -762.0000000000
6818 -761.0000000000
6829 -760.0000000000
6885 -759.0000000000
6915 -757.0000000000
6931 -756.0000000000
6973 -755.0000000000
6975 -754.0000000000
6978 -753.0000000000
6982 -752.0000000000
6987 -751.0000000000
6998 -749.0000000000
7001 -748.0000000000
7023 -747.0000000000
7025 -746.0000000000
7055 -745.0000000000
7057 -744.0000000000
7063 -743.0000000000
7064 -742.0000000000
7078 -741.0000000000
7118 -740.0000000000
7121 -739.0000000000
7128 -738.0000000000
7146 -737.0000000000
7170 -736.0000000000
7179 -735.0000000000
7181 -734.0000000000
7194 -732.0000000000
7213 -731.0000000000
7219 -730.0000000000
7238 -729.0000000000
7265 -728.0000000000
7283 -727.0000000000
7285 -726.0000000000
7288 -725.0000000000
7298 -724.0000000000
7302 -723.0000000000
7305 -722.0000000000
7316 -721.0000000000
7319 -720.0000000000
7331 -719.0000000000
7335 -718.0000000000
7356 -717.0000000000
7364 -716.0000000000
7377 -715.0000000000
7382 -714.0000000000
7388 -713.0000000000
7390 -712.0000000000
7406 -711.0000000000
7434 -710.0000000000
7435 -709.0000000000
7460 -708.0000000000
7466 -707.0000000000
7506 -706.0000000000
7507 -705.0000000000
7521 -704.0000000000
7530 -703.0000000000
7548 -702.0000000000
7552 -701.0000000000
7553 -700.0000000000
7554 -699.0000000000
7567 -698.0000000000
7579 -697.0000000000
7581 -696.0000000000
7606 -695.0000000000
7675 -694.0000000000
7680 -693.0000000000
7703 -692.0000000000
7713 -691.0000000000
7717 -690.0000000000
7728 -689.0000000000
7748 -688.0000000000
7769 -687.0000000000
7776 -686.0000000000
7785 -685.0000000000
7793 -684.0000000000
7797 -683.0000000000
7810 -682.0000000000
7841 -681.0000000000
7864 -680.0000000000
7898 -679.0000000000
7900 -678.0000000000
7907 -677.0000000000
7971 -675.0000000000
7974 -674.0000000000
7976 -673.0000000000
7995 -672.0000000000
8011 -670.0000000000
8020 -669.0000000000
8021 -668.0000000000
8027 -667.0000000000
8080 -666.0000000000
8088 -665.0000000000
8092 -664.0000000000
8108 -663.0000000000
8123 -662.0000000000
8160 -661.0000000000
8161 -660.0000000000
8165 -659.0000000000
8196 -658.0000000000
8211 -657.0000000000
8216 -656.0000000000
8236 -655.0000000000
8262 -654.0000000000
8280 -653.0000000000
8285 -652.0000000000
8292 -651.0000000000
8298 -650.0000000000
8311 -649.0000000000
8313 -648.0000000000
8329 -647.0000000000
8338 -646.0000000000
8348 -645.0000000000
8364 -644.0000000000
8365 -642.0000000000
8398 -641.0000000000
8420 -640.0000000000
8429 -639.0000000000
8443 -638.0000000000
8454 -637.0000000000
8456 -636.0000000000
8476 -635.0000000000
8510 -634.0000000000
8511 -633.0000000000
8519 -632.0000000000
8569 -631.0000000000
8572 -630.0000000000
8590 -629.0000000000
8596 -628.0000000000
8619 -627.0000000000
8630 -626.0000000000
8653 -625.0000000000
8727 -624.0000000000
8738 -623.0000000000
8758 -622.0000000000
8759 -620.0000000000
8763 -619.0000000000
8773 -618.0000000000
8782 -617.0000000000
8785 -616.0000000000
8791 -615.0000000000
8798 -614.0000000000
8803 -613.0000000000
8817 -611.0000000000
8828 -610.0000000000
8852 -609.0000000000
8873 -608.0000000000
8890 -607.0000000000
8904 -606.0000000000
8919 -605.0000000000
8947 -604.0000000000
8948 -603.0000000000
9033 -602.0000000000
9038 -601.0000000000
9058 -600.0000000000
9060 -599.0000000000
9066 -598.0000000000
9094 -597.0000000000
9118 -596.0000000000
9119 -595.0000000000
9152 -594.0000000000
9167 -593.0000000000
9174 -592.0000000000
9253 -591.0000000000
9276 -590.0000000000
9303 -589.0000000000
9307 -588.0000000000
9313 -587.0000000000
9343 -586.0000000000
9351 -585.0000000000
9354 -584.0000000000
9373 -583.0000000000
9390 -582.0000000000
9392 -581.0000000000
9396 -580.0000000000
9410 -579.0000000000
9444 -578.0000000000
9449 -577.0000000000
9451 -576.0000000000
9470 -575.0000000000
9525 -574.0000000000
9559 -573.0000000000
9563 -572.0000000000
9595 -571.0000000000
9625 -570.0000000000
9668 -569.0000000000
9691 -568.0000000000
9716 -567.0000000000
9735 -565.0000000000
9739 -564.0000000000
9740 -562.0000000000
9745 -560.0000000000
9760 -559.0000000000
9836 -558.0000000000
9852 -557.0000000000
9871 -556.0000000000
9890 -555.0000000000
9900 -554.0000000000
9915 -553.0000000000
9916 -552.0000000000
9932 -551.0000000000
9952 -550.0000000000
9959 -549.0000000000
9973 -548.0000000000
10000 -547.0000000000
evaluations raw_y
1 -1998.0000000000
2 -1996.0000000000
8 -1995.0000000000
12 -1994.0000000000
14 -1993.0000000000
17 -1992.0000000000
19 -1991.0000000000
22 -1990.0000000000
25 -1989.0000000000
27 -1988.0000000000
29 -1987.0000000000
33 -1986.0000000000
34 -1985.0000000000
37 -1984.0000000000
45 -1983.0000000000
49 -1981.0000000000
62 -1980.0000000000
64 -1979.0000000000
68 -1978.0000000000
69 -1976.0000000000
74 -1975.0000000000
80 -1974.0000000000
83 -1973.0000000000
85 -1972.0000000000
87 -1971.0000000000
88 -1970.0000000000
91 -1968.0000000000
98 -1966.0000000000
105 -1965.0000000000
113 -1964.0000000000
119 -1963.0000000000
122 -1962.0000000000
125 -1961.0000000000
130 -1960.0000000000
133 -1959.0000000000
134 -1957.0000000000
135 -1956.0000000000
139 -1955.0000000000
143 -1951.0000000000
149 -1949.0000000000
161 -1948.0000000000
164 -1947.0000000000
176 -1945.0000000000
182 -1944.0000000000
185 -1943.0000000000
186 -1942.0000000000
197 -1941.0000000000
198 -1940.0000000000
206 -1939.0000000000
208 -1938.0000000000
211 -1937.0000000000
212 -1935.0000000000
215 -1934.0000000000
222 -1933.0000000000
237 -1932.0000000000
239 -1931.0000000000
240 -1930.0000000000
241 -1929.0000000000
242 -1928.0000000000
250 -1927.0000000000
256 -1926.0000000000
258 -1925.0000000000
259 -1924.0000000000
262 -1920.0000000000
270 -1919.0000000000
278 -1917.0000000000
283 -1916.0000000000
294 -1915.0000000000
295 -1914.0000000000
299 -1913.0000000000
305 -1912.0000000000
313 -1911.0000000000
314 -1910.0000000000
316 -1908.0000000000
318 -1905.0000000000
321 -1904.0000000000
324 -1903.0000000000
330 -1902.0000000000
332 -1901.0000000000
341 -1900.0000000000
352 -1899.0000000000
355 -1898.0000000000
360 -1897.0000000000
361 -1896.0000000000
364 -1895.0000000000
367 -1894.0000000000
369 -1893.0000000000
371 -1892.0000000000
379 -1891.0000000000
385 -1890.0000000000
386 -1888.0000000000
391 -1887.0000000000
398 -1886.0000000000
401 -1884.0000000000
402 -1883.0000000000
407 -1882.0000000000
409 -1880.0000000000
411 -1879.0000000000
414 -1878.0000000000
415 -1876.0000000000
419 -1875.0000000000
421 -1873.0000000000
422 -1872.0000000000
431 -1871.0000000000
434 -1870.0000000000
438 -1868.0000000000
441 -1867.0000000000
442 -1865.0000000000
443 -1864.0000000000
454 -1863.0000000000
466 -1862.0000000000
468 -1861.0000000000
475 -1860.0000000000
481 -1859.0000000000
486 -1858.0000000000
512 -1857.0000000000
516 -1854.0000000000
518 -1853.0000000000
520 -1852.0000000000
527 -1850.0000000000
534 -1849.0000000000
537 -1848.0000000000
545 -1847.0000000000
554 -1845.0000000000
560 -1844.0000000000
567 -1843.0000000000
570 -1841.0000000000
571 -1840.0000000000
581 -1838.0000000000
582 -1837.0000000000
585 -1836.0000000000
586 -1835.0000000000
597 -1834.0000000000
598 -1833.0000000000
599 -1832.0000000000
602 -1831.0000000000
604 -1830.0000000000
609 -1829.0000000000
611 -1828.0000000000
620 -1827.0000000000
622 -1826.0000000000
623 -1825.0000000000
626 -1824.0000000000
627 -1823.0000000000
630 -1822.0000000000
631 -1821.0000000000
635 -1820.0000000000
637 -1819.0000000000
642 -1818.0000000000
644 -1817.0000000000
649 -1816.0000000000
655 -1814.0000000000
661 -1813.0000000000
662 -1812.0000000000
665 -1811.0000000000
675 -1809.0000000000
678 -1808.0000000000
682 -1806.0000000000
691 -1805.0000000000
694 -1804.0000000000
701 -1803.0000000000
706 -1802.0000000000
710 -1801.0000000000
711 -1799.0000000000
715 -1798.0000000000
716 -1797.0000000000
719 -1793.0000000000
723 -1792.0000000000
724 -1791.0000000000
727 -1789.0000000000
728 -1788.0000000000
730 -1787.0000000000
733 -1786.0000000000
737 -1785.0000000000
743 -1784.0000000000
761 -1783.0000000000
762 -1782.0000000000
765 -1780.0000000000
778 -1779.0000000000
783 -1778.0000000000
785 -1777.0000000000
786 -1776.0000000000
798 -1774.0000000000
812 -1773.0000000000
813 -1772.0000000000
821 -1771.0000000000
822 -1769.0000000000
827 -1768.0000000000
843 -1767.0000000000
874 -1764.0000000000
880 -1763.0000000000
888 -1762.0000000000
889 -1760.0000000000
900 -1759.0000000000
905 -1758.0000000000
906 -1757.0000000000
919 -1755.0000000000
920 -1753.0000000000
925 -1752.0000000000
928 -1751.0000000000
929 -1750.0000000000
935 -1749.0000000000
936 -1748.0000000000
939 -1746.0000000000
950 -1745.0000000000
954 -1744.0000000000
958 -1743.0000000000
961 -1742.0000000000
964 -1741.0000000000
966 -1740.0000000000
968 -1739.0000000000
975 -1738.0000000000
981 -1737.0000000000
986 -1736.0000000000
991 -1735.0000000000
997 -1734.0000000000
1003 -1733.0000000000
1004 -1732.0000000000
1024 -1731.0000000000
1033 -1730.0000000000
1037 -1729.0000000000
1044 -1728.0000000000
1046 -1727.0000000000
1050 -1726.0000000000
1053 -1725.0000000000
1073 -1724.0000000000
1078 -1723.0000000000
1081 -1722.0000000000
1093 -1721.0000000000
1106 -1720.0000000000
1112 -1719.0000000000
1117 -1718.0000000000
1118 -1717.0000000000
1121 -1716.0000000000
1123 -1714.0000000000
1124 -1712.0000000000
1125 -1710.0000000000
1133 -1709.0000000000
1134 -1708.0000000000
1142 -1707.0000000000
1144 -1706.0000000000
1150 -1705.0000000000
1152 -1704.0000000000
1154 -1703.0000000000
1155 -1702.0000000000
1158 -1701.0000000000
1161 -1700.0000000000
1164 -1699.0000000000
1180 -1698.0000000000
1188 -1697.0000000000
1189 -1696.0000000000
1190 -1695.0000000000
1191 -1694.0000000000
1199 -1693.0000000000
1201 -1692.0000000000
1203 -1691.0000000000
1204 -1690.0000000000
1218 -1689.0000000000
1219 -1688.0000000000
1221 -1687.0000000000
1236 -1684.0000000000
1242 -1683.0000000000
1243 -1681.0000000000
1244 -1680.0000000000
1246 -1679.0000000000
1247 -1678.0000000000
1249 -1677.0000000000
1253 -1676.0000000000
1254 -1675.0000000000
1276 -1674.0000000000
1280 -1673.0000000000
1285 -1672.0000000000
1286 -1669.0000000000
1288 -1667.0000000000
1289 -1666.0000000000
1299 -1665.0000000000
1300 -1664.0000000000
1306 -1663.0000000000
1314 -1662.0000000000
1315 -1661.0000000000
1319 -1660.0000000000
1326 -1659.0000000000
1330 -1658.0000000000
1337 -1657.0000000000
1339 -1655.0000000000
1340 -1654.0000000000
1343 -1652.0000000000
1345 -1648.0000000000
1349 -1647.0000000000
1359 -1646.0000000000
1361 -1645.0000000000
1362 -1644.0000000000
1369 -1643.0000000000
1377 -1642.0000000000
1380 -1641.0000000000
1383 -1639.0000000000
1387 -1638.0000000000
1392 -1637.0000000000
1397 -1636.0000000000
1401 -1635.0000000000
1404 -1634.0000000000
1417 -1631.0000000000
1419 -1629.0000000000
1420 -1627.0000000000
1424 -1625.0000000000
1429 -1624.0000000000
1431 -1623.0000000000
1433 -1620.0000000000
1434 -1619.0000000000
1440 -1618.0000000000
1447 -1617.0000000000
1451 -1616.0000000000
1460 -1615.0000000000
1469 -1613.0000000000
1470 -1612.0000000000
1475 -1611.0000000000
1476 -1610.0000000000
1479 -1609.0000000000
1481 -1608.0000000000
1485 -1607.0000000000
1495 -1606.0000000000
1497 -1605.0000000000
1501 -1604.0000000000
1507 -1603.0000000000
1512 -1602.0000000000
1516 -1601.0000000000
1520 -1600.0000000000
1526 -1597.0000000000
1552 -1595.0000000000
1562 -1594.0000000000
1564 -1593.0000000000
1566 -1592.0000000000
1568 -1591.0000000000
1576 -1590.0000000000
1587 -1588.0000000000
1594 -1587.0000000000
1601 -1586.0000000000
1611 -1585.0000000000
1620 -1584.0000000000
1636 -1583.0000000000
1643 -1582.0000000000
1653 -1581.0000000000
1658 -1580.0000000000
1659 -1579.0000000000
1661 -1578.0000000000
1665 -1577.0000000000
1670 -1574.0000000000
1671 -1573.0000000000
1683 -1572.0000000000
1687 -1571.0000000000
1691 -1570.0000000000
1703 -1569.0000000000
1704 -1568.0000000000
1707 -1567.0000000000
1712 -1563.0000000000
1714 -1562.0000000000
1716 -1561.0000000000
1722 -1560.0000000000
1729 -1559.0000000000
1734 -1558.0000000000
1736 -1556.0000000000
1738 -1554.0000000000
1739 -1553.0000000000
1745 -1552.0000000000
1746 -1551.0000000000
1748 -1550.0000000000
1749 -1549.0000000000
1751 -1548.0000000000
1759 -1545.0000000000
1771 -1542.0000000000
1777 -1541.0000000000
1786 -1540.0000000000
1787 -1539.0000000000
1788 -1537.0000000000
1790 -1534.0000000000
1803 -1533.0000000000
1806 -1532.0000000000
1808 -1531.0000000000
1811 -1529.0000000000
1812 -1528.0000000000
1819 -1527.0000000000
1839 -1526.0000000000
1841 -1525.0000000000
1850 -1524.0000000000
1856 -1523.0000000000
1858 -1521.0000000000
1869 -1520.0000000000
1871 -1519.0000000000
1874 -1518.0000000000
1875 -1517.0000000000
1876 -1516.0000000000
1889 -1514.0000000000
1893 -1512.0000000000
1904 -1511.0000000000
1908 -1510.0000000000
1910 -1509.0000000000
1927 -1508.0000000000
1933 -1507.0000000000
1934 -1506.0000000000
1942 -1505.0000000000
1944 -1504.0000000000
1959 -1503.0000000000
1964 -1502.0000000000
1965 -1501.0000000000
1970 -1499.0000000000
1976 -1498.0000000000
1979 -1497.0000000000
1982 -1496.0000000000
1983 -1494.0000000000
2003 -1493.0000000000
2006 -1492.0000000000
2012 -1491.0000000000
2025 -1490.0000000000
2028 -1489.0000000000
2035 -1487.0000000000
2040 -1486.0000000000
2043 -1485.0000000000
2044 -1484.0000000000
2050 -1483.0000000000
2051 -1481.0000000000
2054 -1480.0000000000
2055 -1479.0000000000
2059 -1478.0000000000
2064 -1477.0000000000
2068 -1476.0000000000
2073 -1475.0000000000
2074 -1474.0000000000
2075 -1473.0000000000
2076 -1472.0000000000
2078 -1471.0000000000
2080 -1470.0000000000
2089 -1469.0000000000
2097 -1467.0000000000
2098 -1466.0000000000
2107 -1465.0000000000
2114 -1464.0000000000
2119 -1463.0000000000
2122 -1462.0000000000
2134 -1460.0000000000
2140 -1459.0000000000
2141 -1458.0000000000
2143 -1457.0000000000
2146 -1456.0000000000
2147 -1455.0000000000
2157 -1454.0000000000
2163 -1453.0000000000
2166 -1452.0000000000
2169 -1451.0000000000
2192 -1450.0000000000
2197 -1449.0000000000
2202 -1448.0000000000
2203 -1447.0000000000
2211 -1446.0000000000
2213 -1445.0000000000
2222 -1444.0000000000
2226 -1443.0000000000
2232 -1440.0000000000
2234 -1439.0000000000
2237 -1437.0000000000
2243 -1436.0000000000
2253 -1435.0000000000
2255 -1434.0000000000
2256 -1433.0000000000
2261 -1432.0000000000
2263 -1431.0000000000
2278 -1429.0000000000
2284 -1428.0000000000
2285 -1427.0000000000
2290 -1426.0000000000
2291 -1425.0000000000
2292 -1424.0000000000
2295 -1423.0000000000
2306 -1422.0000000000
2315 -1421.0000000000
2316 -1420.0000000000
2321 -1419.0000000000
2322 -1418.0000000000
2324 -1417.0000000000
2329 -1416.0000000000
2345 -1414.0000000000
2355 -1413.0000000000
2362 -1412.0000000000
2363 -1411.0000000000
2364 -1409.0000000000
2371 -1408.0000000000
2378 -1407.0000000000
2388 -1406.0000000000
2389 -1405.0000000000
2390 -1404.0000000000
2398 -1403.0000000000
2402 -1402.0000000000
2403 -1401.0000000000
2411 -1400.0000000000
2418 -1399.0000000000
2419 -1398.0000000000
2426 -1397.0000000000
2442 -1396.0000000000
2447 -1395.0000000000
2454 -1394.0000000000
2456 -1393.0000000000
2457 -1392.0000000000
2462 -1391.0000000000
2468 -1390.0000000000
2471 -1389.0000000000
2479 -1387.0000000000
2480 -1386.0000000000
2482 -1385.0000000000
2485 -1384.0000000000
2498 -1383.0000000000
2502 -1382.0000000000
2503 -1379.0000000000
2511 -1378.0000000000
2512 -1377.0000000000
2521 -1376.0000000000
2524 -1375.0000000000
2538 -1374.0000000000
2549 -1373.0000000000
2559 -1372.0000000000
2565 -1371.0000000000
2576 -1370.0000000000
2580 -1369.0000000000
2581 -1367.0000000000
2595 -1366.0000000000
2597 -1365.0000000000
2601 -1364.0000000000
2613 -1363.0000000000
2629 -1362.0000000000
2639 -1361.0000000000
2641 -1360.0000000000
2653 -1359.0000000000
2656 -1358.0000000000
2659 -1356.0000000000
2660 -1355.0000000000
2665 -1353.0000000000
2672 -1352.0000000000
2675 -1351.0000000000
2683 -1350.0000000000
2685 -1349.0000000000
2690 -1348.0000000000
2697 -1347.0000000000
2714 -1346.0000000000
2715 -1345.0000000000
2719 -1344.0000000000
2724 -1343.0000000000
2735 -1342.0000000000
2741 -1341.0000000000
2748 -1340.0000000000
2750 -1339.0000000000
2752 -1337.0000000000
2755 -1336.0000000000
2758 -1335.0000000000
2770 -1334.0000000000
2773 -1333.0000000000
2776 -1332.0000000000
2780 -1331.0000000000
2781 -1330.0000000000
2784 -1329.0000000000
2788 -1328.0000000000
2792 -1327.0000000000
2793 -1325.0000000000
2804 -1324.0000000000
2807 -1322.0000000000
2824 -1321.0000000000
2833 -1320.0000000000
2839 -1319.0000000000
2840 -1318.0000000000
2845 -1316.0000000000
2852 -1315.0000000000
2858 -1313.0000000000
2862 -1311.0000000000
2877 -1309.0000000000
2892 -1308.0000000000
2896 -1307.0000000000
2897 -1306.0000000000
2898 -1305.0000000000
2902 -1304.0000000000
2909 -1303.0000000000
2911 -1302.0000000000
2919 -1301.0000000000
2922 -1298.0000000000
2924 -1297.0000000000
2938 -1296.0000000000
2952 -1295.0000000000
2955 -1294.0000000000
2958 -1292.0000000000
2962 -1291.0000000000
2965 -1290.0000000000
2970 -1289.0000000000
2981 -1288.0000000000
2987 -1287.0000000000
2990 -1286.0000000000
3002 -1285.0000000000
3007 -1284.0000000000
3008 -1283.0000000000
3013 -1281.0000000000
3014 -1280.0000000000
3024 -1279.0000000000
3026 -1278.0000000000
3028 -1277.0000000000
3029 -1276.0000000000
3030 -1275.0000000000
3040 -1274.0000000000
3048 -1273.0000000000
3050 -1272.0000000000
3057 -1271.0000000000
3064 -1270.0000000000
3078 -1269.0000000000
3087 -1268.0000000000
3094 -1267.0000000000
3095 -1266.0000000000
3097 -1265.0000000000
3099 -1264.0000000000
3103 -1263.0000000000
3127 -1262.0000000000
3128 -1261.0000000000
3156 -1260.0000000000
3171 -1259.0000000000
3182 -1258.0000000000
3185 -1256.0000000000
3187 -1255.0000000000
3191 -1254.0000000000
3192 -1253.0000000000
3201 -1252.0000000000
3207 -1250.0000000000
3214 -1249.0000000000
3227 -1246.0000000000
3234 -1245.0000000000
3241 -1244.0000000000
3251 -1242.0000000000
3252 -1241.0000000000
3253 -1240.0000000000
3261 -1239.0000000000
3280 -1238.0000000000
3286 -1237.0000000000
3291 -1236.0000000000
3301 -1235.0000000000
3318 -1234.0000000000
3333 -1233.0000000000
3343 -1232.0000000000
3350 -1231.0000000000
3353 -1230.0000000000
3358 -1229.0000000000
3360 -1227.0000000000
3370 -1226.0000000000
3372 -1223.0000000000
3384 -1222.0000000000
3390 -1221.0000000000
3395 -1220.0000000000
3398 -1219.0000000000
3421 -1218.0000000000
3427 -1217.0000000000
3437 -1216.0000000000
3439 -1215.0000000000
3440 -1214.0000000000
3443 -1213.0000000000
3463 -1212.0000000000
3480 -1211.0000000000
3502 -1210.0000000000
3506 -1209.0000000000
3507 -1208.0000000000
3515 -1207.0000000000
3523 -1206.0000000000
3557 -1205.0000000000
3572 -1204.0000000000
3575 -1203.0000000000
3595 -1202.0000000000
3599 -1201.0000000000
3603 -1200.0000000000
3618 -1199.0000000000
3629 -1198.0000000000
3634 -1197.0000000000
3642 -1196.0000000000
3651 -1195.0000000000
3655 -1194.0000000000
3657 -1193.0000000000
3668 -1192.0000000000
3671 -1190.0000000000
3677 -1188.0000000000
3680 -1187.0000000000
3691 -1186.0000000000
3715 -1185.0000000000
3716 -1184.0000000000
3731 -1183.0000000000
3744 -1182.0000000000
3763 -1181.0000000000
3764 -1179.0000000000
3768 -1178.0000000000
3773 -1177.0000000000
3776 -1176.0000000000
3778 -1173.0000000000
3787 -1172.0000000000
3789 -1171.0000000000
3791 -1170.0000000000
3792 -1169.0000000000
3798 -1168.0000000000
3811 -1167.0000000000
3816 -1165.0000000000
3817 -1163.0000000000
3818 -1162.0000000000
3819 -1161.0000000000
3821 -1160.0000000000
3845 -1159.0000000000
3859 -1158.0000000000
3878 -1156.0000000000
3886 -1154.0000000000
3887 -1153.0000000000
3892 -1152.0000000000
3903 -1151.0000000000
3909 -1150.0000000000
3915 -1148.0000000000
3925 -1147.0000000000
3942 -1146.0000000000
3949 -1145.0000000000
3964 -1144.0000000000
3967 -1143.0000000000
3969 -1142.0000000000
3970 -1141.0000000000
3994 -1139.0000000000
4001 -1138.0000000000
4002 -1137.0000000000
4013 -1136.0000000000
4018 -1135.0000000000
4022 -1134.0000000000
4032 -1133.0000000000
4035 -1132.0000000000
4052 -1131.0000000000
4053 -1130.0000000000
4057 -1129.0000000000
4065 -1127.0000000000
4067 -1126.0000000000
4069 -1125.0000000000
4072 -1124.0000000000
4079 -1123.0000000000
4093 -1122.0000000000
4096 -1121.0000000000
4101 -1120.0000000000
4102 -1119.0000000000
4103 -1118.0000000000
4104 -1117.0000000000
4126 -1116.0000000000
4132 -1114.0000000000
4140 -1112.0000000000
4143 -1110.0000000000
4148 -1108.0000000000
4150 -1106.0000000000
4161 -1105.0000000000
4162 -1104.0000000000
4185 -1103.0000000000
4189 -1102.0000000000
4196 -1101.0000000000
4215 -1100.0000000000
4218 -1099.0000000000
4219 -1097.0000000000
4224 -1096.0000000000
4229 -1095.0000000000
4265 -1094.0000000000
4274 -1092.0000000000
4286 -1091.0000000000
4289 -1090.0000000000
4296 -1089.0000000000
4297 -1088.0000000000
4315 -1086.0000000000
4328 -1084.0000000000
4339 -1083.0000000000
4350 -1081.0000000000
4351 -1080.0000000000
4363 -1079.0000000000
4364 -1078.0000000000
4383 -1077.0000000000
4397 -1076.0000000000
4401 -1075.0000000000
4403 -1074.0000000000
4407 -1073.0000000000
4409 -1072.0000000000
4416 -1071.0000000000
4441 -1070.0000000000
4442 -1069.0000000000
4445 -1068.0000000000
4450 -1067.0000000000
4492 -1066.0000000000
4506 -1065.0000000000
4538 -1063.0000000000
4541 -1062.0000000000
4546 -1061.0000000000
4568 -1060.0000000000
4571 -1059.0000000000
4579 -1058.0000000000
4589 -1057.0000000000
4605 -1056.0000000000
4610 -1055.0000000000
4611 -1054.0000000000
4617 -1053.0000000000
4621 -1052.0000000000
4622 -1051.0000000000
4634 -1050.0000000000
4654 -1049.0000000000
4657 -1046.0000000000
4668 -1045.0000000000
4674 -1044.0000000000
4675 -1043.0000000000
4693 -1041.0000000000
4713 -1040.0000000000
4728 -1039.0000000000
4730 -1038.0000000000
4733 -1036.0000000000
4736 -1035.0000000000
4741 -1034.0000000000
4743 -1033.0000000000
4748 -1032.0000000000
4771 -1031.0000000000
4781 -1029.0000000000
4784 -1027.0000000000
4788 -1026.0000000000
4807 -1025.0000000000
4816 -1023.0000000000
4817 -1022.0000000000
4819 -1021.0000000000
4829 -1020.0000000000
4830 -1019.0000000000
4831 -1018.0000000000
4843 -1017.0000000000
4854 -1015.0000000000
4864 -1013.0000000000
4888 -1012.0000000000
4889 -1011.0000000000
4893 -1010.0000000000
4896 -1009.0000000000
4905 -1008.0000000000
4907 -1007.0000000000
4915 -1006.0000000000
4918 -1004.0000000000
4928 -1003.0000000000
4939 -1002.0000000000
4941 -1001.0000000000
4943 -1000.0000000000
4952 -998.0000000000
4953 -997.0000000000
4961 -996.0000000000
4969 -995.0000000000
4974 -994.0000000000
4982 -993.0000000000
4985 -991.0000000000
4988 -988.0000000000
4998 -987.0000000000
5008 -985.0000000000
5013 -984.0000000000
5018 -983.0000000000
5032 -982.0000000000
5043 -981.0000000000
5049 -980.0000000000
5072 -979.0000000000
5073 -978.0000000000
5080 -977.0000000000
5087 -976.0000000000
5104 -975.0000000000
5105 -974.0000000000
5111 -973.0000000000
5131 -971.0000000000
5158 -970.0000000000
5166 -969.0000000000
5167 -968.0000000000
5168 -967.0000000000
5170 -965.0000000000
5205 -964.0000000000
5207 -963.0000000000
5219 -961.0000000000
5228 -960.0000000000
5240 -959.0000000000
5248 -958.0000000000
5253 -957.0000000000
5272 -956.0000000000
5274 -955.0000000000
5276 -954.0000000000
5278 -953.0000000000
5298 -952.0000000000
5303 -951.0000000000
5321 -948.0000000000
5334 -947.0000000000
5349 -946.0000000000
5359 -945.0000000000
5360 -944.0000000000
5361 -943.0000000000
5371 -942.0000000000
5374 -941.0000000000
5385 -940.0000000000
5387 -939.0000000000
5390 -937.0000000000
5427 -936.0000000000
5432 -935.0000000000
5446 -934.0000000000
5447 -933.0000000000
5451 -932.0000000000
5455 -931.0000000000
5465 -930.0000000000
5470 -929.0000000000
5473 -928.0000000000
5478 -927.0000000000
5481 -926.0000000000
5503 -925.0000000000
5505 -923.0000000000
5508 -919.0000000000
5518 -918.0000000000
5535 -917.0000000000
5560 -916.0000000000
5564 -915.0000000000
5568 -914.0000000000
5584 -913.0000000000
5585 -912.0000000000
5586 -911.0000000000
5608 -910.0000000000
5616 -909.0000000000
5625 -908.0000000000
5626 -907.0000000000
5634 -906.0000000000
5644 -905.0000000000
5661 -904.0000000000
5665 -903.0000000000
5677 -902.0000000000
5679 -901.0000000000
5680 -900.0000000000
5700 -898.0000000000
5707 -897.0000000000
5715 -896.0000000000
5716 -895.0000000000
5736 -893.0000000000
5760 -892.0000000000
5768 -891.0000000000
5772 -890.0000000000
5792 -889.0000000000
5795 -888.0000000000
5801 -887.0000000000
5802 -886.0000000000
5814 -883.0000000000
5817 -882.0000000000
5825 -881.0000000000
5830 -880.0000000000
5847 -879.0000000000
5850 -878.0000000000
5869 -877.0000000000
5873 -876.0000000000
5884 -875.0000000000
5888 -874.0000000000
5890 -873.0000000000
5898 -872.0000000000
5913 -870.0000000000
5919 -869.0000000000
5929 -868.0000000000
5934 -867.0000000000
5960 -866.0000000000
5968 -865.0000000000
5974 -864.0000000000
5980 -863.0000000000
5991 -862.0000000000
5992 -861.0000000000
6004 -860.0000000000
6025 -859.0000000000
6029 -858.0000000000
6032 -857.0000000000
6061 -856.0000000000
6067 -855.0000000000
6072 -854.0000000000
6075 -853.0000000000
6081 -852.0000000000
6084 -851.0000000000
6090 -850.0000000000
6097 -849.0000000000
6114 -848.0000000000
6116 -847.0000000000
6123 -846.0000000000
6129 -845.0000000000
6137 -844.0000000000
6173 -843.0000000000
6206 -842.0000000000
6216 -841.0000000000
6224 -840.0000000000
6229 -838.0000000000
6231 -837.0000000000
6263 -836.0000000000
6276 -835.0000000000
6278 -834.0000000000
6279 -833.0000000000
6287 -832.0000000000
6306 -831.0000000000
6346 -830.0000000000
6366 -829.0000000000
6376 -828.0000000000
6385 -827.0000000000
6388 -826.0000000000
6397 -825.0000000000
6398 -824.0000000000
6400 -823.0000000000
6408 -822.0000000000
6420 -821.0000000000
6448 -818.0000000000
6490 -817.0000000000
6516 -816.0000000000
6519 -815.0000000000
6524 -813.0000000000
6536 -812.0000000000
6540 -811.0000000000
6557 -810.0000000000
6563 -809.0000000000
6585 -807.0000000000
6601 -806.0000000000
6613 -805.0000000000
6617 -804.0000000000
6618 -802.0000000000
6622 -801.0000000000
6644 -800.0000000000
6650 -799.0000000000
6652 -798.0000000000
6676 -797.0000000000
6680 -795.0000000000
6697 -794.0000000000
6702 -793.0000000000
6705 -792.0000000000
6721 -791.0000000000
6734 -790.0000000000
6752 -788.0000000000
6756 -787.0000000000
6759 -786.0000000000
6761 -785.0000000000
6767 -784.0000000000
6771 -783.0000000000
6813 -782.0000000000
6817 -781.0000000000
6836 -780.0000000000
6874 -779.0000000000
6876 -778.0000000000
6886 -777.0000000000
6916 -776.0000000000
6926 -775.0000000000
6929 -774.0000000000
6945 -773.0000000000
6957 -772.0000000000
6981 -771.0000000000
6991 -770.0000000000
6993 -769.0000000000
7008 -768.0000000000
7027 -767.0000000000
7038 -765.0000000000
7057 -764.0000000000
7065 -763.0000000000
7085 -762.0000000000
7105 -761.0000000000
7110 -760.0000000000
7138 -759.0000000000
7140 -758.0000000000
7162 -757.0000000000
7163 -756.0000000000
7172 -754.0000000000
7174 -753.0000000000
7189 -752.0000000000
7198 -751.0000000000
7221 -750.0000000000
7224 -749.0000000000
7230 -748.0000000000
7236 -747.0000000000
7258 -746.0000000000
7259 -745.0000000000
7280 -744.0000000000
7285 -743.0000000000
7305 -742.0000000000
7311 -741.0000000000
7319 -740.0000000000
7330 -738.0000000000
7342 -737.0000000000
7354 -736.0000000000
7364 -735.0000000000
7377 -734.0000000000
7403 -733.0000000000
7417 -732.0000000000
7427 -730.0000000000
7435 -729.0000000000
7440 -728.0000000000
7458 -727.0000000000
7461 -725.0000000000
7526 -724.0000000000
7551 -723.0000000000
7567 -721.0000000000
7568 -720.0000000000
7578 -719.0000000000
7580 -718.0000000000
7595 -717.0000000000
7626 -716.0000000000
7643 -715.0000000000
7656 -714.0000000000
7669 -712.0000000000
7681 -711.0000000000
7683 -709.0000000000
7686 -708.0000000000
7695 -707.0000000000
7697 -706.0000000000
7703 -705.0000000000
7732 -704.0000000000
7735 -703.0000000000
7755 -702.0000000000
7758 -700.0000000000
7761 -699.0000000000
7790 -698.0000000000
7794 -697.0000000000
7808 -696.0000000000
7810 -695.0000000000
7817 -694.0000000000
7852 -693.0000000000
7885 -692.0000000000
7893 -691.0000000000
7900 -690.0000000000
7915 -689.0000000000
7924 -687.0000000000
7942 -685.0000000000
7949 -684.0000000000
7959 -683.0000000000
7996 -682.0000000000
7998 -681.0000000000
8003 -680.0000000000
8030 -679.0000000000
8072 -678.0000000000
8105 -676.0000000000
8111 -675.0000000000
8120 -674.0000000000
8128 -673.0000000000
8132 -672.0000000000
8146 -671.0000000000
8149 -670.0000000000
8159 -669.0000000000
8163 -668.0000000000
8174 -667.0000000000
8186 -665.0000000000
8198 -664.0000000000
8230 -663.0000000000
8277 -662.0000000000
8315 -661.0000000000
8342 -660.0000000000
8356 -658.0000000000
8378 -657.0000000000
8433 -656.0000000000
8469 -655.0000000000
8473 -654.0000000000
8500 -653.0000000000
8507 -652.0000000000
8515 -651.0000000000
8523 -650.0000000000
8559 -649.0000000000
8565 -648.0000000000
8584 -647.0000000000
8592 -646.0000000000
8600 -644.0000000000
8614 -643.0000000000
8636 -641.0000000000
8650 -640.0000000000
8665 -639.0000000000
8696 -638.0000000000
8699 -637.0000000000
8712 -636.0000000000
8713 -635.0000000000
8791 -634.0000000000
8805 -633.0000000000
8830 -632.0000000000
8841 -631.0000000000
8856 -630.0000000000
8900 -629.0000000000
8913 -628.0000000000
8918 -627.0000000000
8929 -626.0000000000
8931 -625.0000000000
8937 -624.0000000000
8962 -623.0000000000
8981 -622.0000000000
8982 -621.0000000000
8983 -620.0000000000
8992 -619.0000000000
8995 -618.0000000000
9024 -617.0000000000
9043 -616.0000000000
9046 -615.0000000000
9058 -614.0000000000
9061 -613.0000000000
9096 -612.0000000000
9108 -611.0000000000
9110 -610.0000000000
9111 -609.0000000000
9129 -608.0000000000
9135 -607.0000000000
9173 -606.0000000000
9179 -605.0000000000
9211 -604.0000000000
9225 -603.0000000000
9245 -602.0000000000
9263 -601.0000000000
9271 -600.0000000000
9276 -599.0000000000
9285 -598.0000000000
9342 -597.0000000000
9343 -596.0000000000
9360 -595.0000000000
9365 -594.0000000000
9410 -592.0000000000
9432 -591.0000000000
9441 -589.0000000000
9448 -588.0000000000
9449 -587.0000000000
9468 -586.0000000000
9485 -585.0000000000
9488 -584.0000000000
9489 -583.0000000000
9490 -582.0000000000
9494 -581.0000000000
9521 -580.0000000000
9528 -579.0000000000
9534 -578.0000000000
9538 -577.0000000000
9557 -576.0000000000
9620 -575.0000000000
9626 -573.0000000000
9636 -572.0000000000
9667 -571.0000000000
9690 -570.0000000000
9694 -569.0000000000
9700 -568.0000000000
9733 -567.0000000000
9751 -566.0000000000
9768 -565.0000000000
9771 -564.0000000000
9774 -563.0000000000
9794 -562.0000000000
9818 -561.0000000000
9836 -560.0000000000
9865 -558.0000000000
9887 -557.0000000000
9899 -556.0000000000
9918 -555.0000000000
9949 -554.0000000000
9970 -553.0000000000
9989 -552.0000000000
9991 -551.0000000000
9998 -549.0000000000
10000 -552.0000000000
evaluations raw_y
1 -2041.0000000000
2 -2040.0000000000
3 -2039.0000000000
6 -2037.0000000000
7 -2036.0000000000
9 -2035.0000000000
11 -2034.0000000000
12 -2033.0000000000
15 -2032.0000000000
21 -2030.0000000000
24 -2027.0000000000
27 -2026.0000000000
31 -2024.0000000000
34 -2023.0000000000
38 -2020.0000000000
47 -2019.0000000000
51 -2018.0000000000
52 -2017.0000000000
53 -2016.0000000000
55 -2015.0000000000
61 -2014.0000000000
63 -2013.0000000000
69 -2012.0000000000
71 -2010.0000000000
77 -2009.0000000000
78 -2007.0000000000
79 -2006.0000000000
80 -2005.0000000000
81 -2004.0000000000
91 -2003.0000000000
92 -2002.0000000000
99 -2001.0000000000
101 -2000.0000000000
102 -1999.0000000000
103 -1998.0000000000
104 -1996.0000000000
108 -1995.0000000000
110 -1994.0000000000
114 -1993.0000000000
116 -1992.0000000000
126 -1991.0000000000
132 -1990.0000000000
134 -1989.0000000000
135 -1986.0000000000
138 -1985.0000000000
140 -1984.0000000000
143 -1983.0000000000
146 -1981.0000000000
148 -1979.0000000000
150 -1977.0000000000
156 -1976.0000000000
157 -1975.0000000000
160 -1974.0000000000
163 -1973.0000000000
164 -1972.0000000000
167 -1971.0000000000
169 -1969.0000000000
173 -1968.0000000000
174 -1966.0000000000
175 -1964.0000000000
181 -1963.0000000000
185 -1961.0000000000
186 -1960.0000000000
188 -1959.0000000000
193 -1957.0000000000
199 -1956.0000000000
214 -1955.0000000000
219 -1954.0000000000
226 -1953.0000000000
234 -1952.0000000000
235 -1951.0000000000
239 -1949.0000000000
243 -1948.0000000000
246 -1947.0000000000
254 -1946.0000000000
270 -1945.0000000000
273 -1944.0000000000
274 -1943.0000000000
292 -1941.0000000000
295 -1940.0000000000
305 -1939.0000000000
306 -1938.0000000000
308 -1937.0000000000
311 -1936.0000000000
314 -1935.0000000000
315 -1934.0000000000
321 -1932.0000000000
325 -1931.0000000000
327 -1930.0000000000
329 -1928.0000000000
330 -1927.0000000000
335 -1924.0000000000
336 -1923.0000000000
342 -1921.0000000000
346 -1920.0000000000
355 -1919.0000000000
358 -1918.0000000000
365 -1917.0000000000
367 -1916.0000000000
372 -1915.0000000000
374 -1913.0000000000
379 -1912.0000000000
387 -1910.0000000000
388 -1909.0000000000
389 -1908.0000000000
392 -1907.0000000000
396 -1906.0000000000
400 -1905.0000000000
402 -1903.0000000000
405 -1902.0000000000
415 -1901.0000000000
416 -1900.0000000000
423 -1899.0000000000
426 -1898.0000000000
429 -1895.0000000000
439 -1894.0000000000
440 -1892.0000000000
441 -1891.0000000000
445 -1890.0000000000
450 -1889.0000000000
453 -1888.0000000000
459 -1887.0000000000
460 -1886.0000000000
461 -1884.0000000000
462 -1882.0000000000
468 -1880.0000000000
470 -1879.0000000000
471 -1877.0000000000
475 -1874.0000000000
478 -1873.0000000000
480 -1872.0000000000
483 -1870.0000000000
485 -1869.0000000000
487 -1868.0000000000
489 -1867.0000000000
494 -1866.0000000000
502 -1865.0000000000
503 -1864.0000000000
508 -1863.0000000000
524 -1862.0000000000
527 -1861.0000000000
529 -1860.0000000000
538 -1859.0000000000
539 -1858.0000000000
540 -1857.0000000000
548 -1856.0000000000
550 -1855.0000000000
557 -1853.0000000000
559 -1852.0000000000
560 -1851.0000000000
561 -1850.0000000000
562 -1849.0000000000
566 -1846.0000000000
567 -1845.0000000000
570 -1843.0000000000
573 -1841.0000000000
576 -1838.0000000000
577 -1837.0000000000
579 -1836.0000000000
582 -1834.0000000000
594 -1833.0000000000
598 -1832.0000000000
605 -1831.0000000000
607 -1830.0000000000
611 -1828.0000000000
614 -1827.0000000000
620 -1826.0000000000
626 -1825.0000000000
629 -1822.0000000000
631 -1821.0000000000
635 -1819.0000000000
638 -1818.0000000000
639 -1817.0000000000
643 -1816.0000000000
647 -1815.0000000000
650 -1814.0000000000
654 -1813.0000000000
660 -1812.0000000000
663 -1811.0000000000
665 -1810.0000000000
666 -1809.0000000000
669 -1808.0000000000
685 -1807.0000000000
691 -1806.0000000000
698 -1805.0000000000
702 -1804.0000000000
703 -1802.0000000000
705 -1801.0000000000
706 -1800.0000000000
708 -1799.0000000000
714 -1798.0000000000
718 -1797.0000000000
722 -1796.0000000000
723 -1794.0000000000
725 -1791.0000000000
726 -1790.0000000000
728 -1788.0000000000
729 -1787.0000000000
735 -1786.0000000000
751 -1784.0000000000
753 -1783.0000000000
759 -1782.0000000000
763 -1781.0000000000
769 -1780.0000000000
776 -1779.0000000000
777 -1778.0000000000
778 -1776.0000000000
784 -1775.0000000000
790 -1774.0000000000
793 -1773.0000000000
798 -1772.0000000000
801 -1771.0000000000
804 -1770.0000000000
805 -1769.0000000000
807 -1767.0000000000
808 -1766.0000000000
811 -1765.0000000000
814 -1764.0000000000
824 -1763.0000000000
827 -1762.0000000000
831 -1760.0000000000
833 -1759.0000000000
837 -1758.0000000000
838 -1757.0000000000
841 -1756.0000000000
853 -1755.0000000000
859 -1753.0000000000
862 -1751.0000000000
863 -1749.0000000000
865 -1748.0000000000
866 -1746.0000000000
867 -1744.0000000000
869 -1743.0000000000
874 -1741.0000000000
881 -1740.0000000000
882 -1739.0000000000
883 -1738.0000000000
888 -1737.0000000000
890 -1736.0000000000
891 -1735.0000000000
895 -1734.0000000000
898 -1732.0000000000
901 -1730.0000000000
903 -1729.0000000000
907 -1728.0000000000
910 -1727.0000000000
912 -1726.0000000000
922 -1725.0000000000
924 -1724.0000000000
925 -1723.0000000000
930 -1722.0000000000
932 -1720.0000000000
935 -1719.0000000000
936 -1718.0000000000
944 -1717.0000000000
948 -1716.0000000000
956 -1715.0000000000
977 -1714.0000000000
986 -1713.0000000000
995 -1712.0000000000
998 -1710.0000000000
1012 -1709.0000000000
1015 -1708.0000000000
1021 -1706.0000000000
1027 -1704.0000000000
1034 -1703.0000000000
1037 -1702.0000000000
1038 -1701.0000000000
1055 -1700.0000000000
1058 -1699.0000000000
1066 -1698.0000000000
1069 -1697.0000000000
1074 -1696.0000000000
1078 -1695.0000000000
1085 -1694.0000000000
1095 -1693.0000000000
1096 -1692.0000000000
1101 -1691.0000000000
1102 -1690.0000000000
1104 -1689.0000000000
1114 -1688.0000000000
1116 -1687.0000000000
1117 -1686.0000000000
1132 -1684.0000000000
1135 -1683.0000000000
1137 -1682.0000000000
1140 -1681.0000000000
1141 -1680.0000000000
1152 -1679.0000000000
1155 -1678.0000000000
1162 -1677.0000000000
1163 -1675.0000000000
1174 -1674.0000000000
1197 -1673.0000000000
1199 -1672.0000000000
1200 -1670.0000000000
1205 -1669.0000000000
1206 -1668.0000000000
1209 -1667.0000000000
1210 -1666.0000000000
1216 -1665.0000000000
1218 -1664.0000000000
1229 -1663.0000000000
1235 -1662.0000000000
1246 -1661.0000000000
1247 -1660.0000000000
1251 -1657.0000000000
1252 -1656.0000000000
1260 -1655.0000000000
1261 -1654.0000000000
1266 -1652.0000000000
1269 -1651.0000000000
1280 -1650.0000000000
1282 -1649.0000000000
1288 -1648.0000000000
1293 -1646.0000000000
1294 -1645.0000000000
1298 -1643.0000000000
1301 -1642.0000000000
1306 -1641.0000000000
1319 -1640.0000000000
1320 -1638.0000000000
1321 -1637.0000000000
1323 -1636.0000000000
1325 -1635.0000000000
1331 -1634.0000000000
1335 -1633.0000000000
1336 -1632.0000000000
1340 -1631.0000000000
1347 -1629.0000000000
1350 -1628.0000000000
1353 -1626.0000000000
1356 -1625.0000000000
1357 -1623.0000000000
1360 -1622.0000000000
1362 -1621.0000000000
1363 -1620.0000000000
1369 -1619.0000000000
1370 -1618.0000000000
1373 -1616.0000000000
1374 -1615.0000000000
1375 -1614.0000000000
1380 -1611.0000000000
1384 -1610.0000000000
1386 -1609.0000000000
1405 -1608.0000000000
1409 -1607.0000000000
1411 -1605.0000000000
1414 -1604.0000000000
1421 -1603.0000000000
1422 -1602.0000000000
1429 -1601.0000000000
1433 -1600.0000000000
1447 -1599.0000000000
1458 -1598.0000000000
1461 -1597.0000000000
1462 -1595.0000000000
1465 -1594.0000000000
1468 -1593.0000000000
1470 -1592.0000000000
1488 -1589.0000000000
1490 -1588.0000000000
1494 -1587.0000000000
1495 -1586.0000000000
1496 -1585.0000000000
1512 -1583.0000000000
1517 -1582.0000000000
1518 -1580.0000000000
1519 -1579.0000000000
1539 -1577.0000000000
1540 -1576.0000000000
1542 -1575.0000000000
1543 -1574.0000000000
1544 -1573.0000000000
1546 -1572.0000000000
1549 -1571.0000000000
1553 -1569.0000000000
1554 -1568.0000000000
1564 -1567.0000000000
1571 -1566.0000000000
1572 -1565.0000000000
1585 -1563.0000000000
1594 -1562.0000000000
1596 -1560.0000000000
1599 -1559.0000000000
1605 -1558.0000000000
1610 -1557.0000000000
1613 -1556.0000000000
1616 -1555.0000000000
1621 -1554.0000000000
1625 -1553.0000000000
1632 -1552.0000000000
1643 -1551.0000000000
1648 -1550.0000000000
1650 -1549.0000000000
1660 -1548.0000000000
1663 -1547.0000000000
1667 -1545.0000000000
1670 -1544.0000000000
1671 -1543.0000000000
1672 -1542.0000000000
1674 -1541.0000000000
1675 -1540.0000000000
1676 -1539.0000000000
1689 -1538.0000000000
1694 -1537.0000000000
1710 -1536.0000000000
1721 -1534.0000000000
1722 -1533.0000000000
1725 -1532.0000000000
1732 -1531.0000000000
1737 -1530.0000000000
1738 -1529.0000000000
1739 -1528.0000000000
1740 -1527.0000000000
1748 -1525.0000000000
1753 -1524.0000000000
1761 -1523.0000000000
1765 -1522.0000000000
1766 -1520.0000000000
1767 -1519.0000000000
1770 -1517.0000000000
1772 -1516.0000000000
1773 -1514.0000000000
1781 -1513.0000000000
1790 -1512.0000000000
1803 -1511.0000000000
1813 -1510.0000000000
1827 -1509.0000000000
1831 -1507.0000000000
1834 -1506.0000000000
1840 -1505.0000000000
1842 -1504.0000000000
1846 -1503.0000000000
1851 -1502.0000000000
1853 -1501.0000000000
1860 -1500.0000000000
1861 -1498.0000000000
1864 -1497.0000000000
1867 -1495.0000000000
1877 -1493.0000000000
1894 -1492.0000000000
1898 -1491.0000000000
1899 -1490.0000000000
1900 -1489.0000000000
1904 -1488.0000000000
1906 -1487.0000000000
1911 -1485.0000000000
1925 -1484.0000000000
1933 -1483.0000000000
1936 -1482.0000000000
1939 -1481.0000000000
1948 -1478.0000000000
1951 -1477.0000000000
1952 -1475.0000000000
1954 -1474.0000000000
1955 -1473.0000000000
1959 -1471.0000000000
1960 -1470.0000000000
1968 -1469.0000000000
1993 -1468.0000000000
2006 -1467.0000000000
2011 -1466.0000000000
2013 -1465.0000000000
2014 -1464.0000000000
2021 -1463.0000000000
2028 -1462.0000000000
2038 -1461.0000000000
2039 -1460.0000000000
2045 -1459.0000000000
2048 -1458.0000000000
2062 -1457.0000000000
2064 -1456.0000000000
2086 -1454.0000000000
2094 -1453.0000000000
2096 -1452.0000000000
2099 -1451.0000000000
2100 -1450.0000000000
2129 -1449.0000000000
2137 -1447.0000000000
2139 -1446.0000000000
2143 -1445.0000000000
2144 -1444.0000000000
2147 -1443.0000000000
2153 -1442.0000000000
2174 -1441.0000000000
2191 -1440.0000000000
2207 -1439.0000000000
2220 -1437.0000000000
2224 -1436.0000000000
2226 -1435.0000000000
2236 -1434.0000000000
2237 -1433.0000000000
2243 -1432.0000000000
2249 -1431.0000000000
2261 -1430.0000000000
2263 -1429.0000000000
2265 -1428.0000000000
2274 -1427.0000000000
2285 -1426.0000000000
2295 -1425.0000000000
2299 -1424.0000000000
2306 -1422.0000000000
2330 -1420.0000000000
2337 -1419.0000000000
2358 -1418.0000000000
2363 -1417.0000000000
2365 -1416.0000000000
2376 -1415.0000000000
2389 -1414.0000000000
2390 -1413.0000000000
2392 -1412.0000000000
2395 -1410.0000000000
2409 -1409.0000000000
2410 -1408.0000000000
2411 -1407.0000000000
2419 -1406.0000000000
2425 -1405.0000000000
2432 -1404.0000000000
2452 -1403.0000000000
2457 -1402.0000000000
2458 -1401.0000000000
2461 -1400.0000000000
2471 -1398.0000000000
2473 -1396.0000000000
2475 -1395.0000000000
2478 -1394.0000000000
2479 -1393.0000000000
2480 -1392.0000000000
2485 -1391.0000000000
2488 -1390.0000000000
2490 -1388.0000000000
2493 -1387.0000000000
2497 -1386.0000000000
2503 -1385.0000000000
2506 -1384.0000000000
2511 -1382.0000000000
2512 -1381.0000000000
2522 -1380.0000000000
2525 -1379.0000000000
2545 -1378.0000000000
2547 -1376.0000000000
2548 -1374.0000000000
2552 -1373.0000000000
2553 -1372.0000000000
2557 -1371.0000000000
2564 -1370.0000000000
2570 -1369.0000000000
2574 -1368.0000000000
2576 -1367.0000000000
2578 -1366.0000000000
2582 -1365.0000000000
2586 -1364.0000000000
2607 -1363.0000000000
2609 -1362.0000000000
2617 -1360.0000000000
2620 -1359.0000000000
2622 -1358.0000000000
2632 -1357.0000000000
2641 -1356.0000000000
2655 -1355.0000000000
2663 -1354.0000000000
2672 -1353.0000000000
2685 -1352.0000000000
2695 -1351.0000000000
2697 -1350.0000000000
2698 -1349.0000000000
2699 -1348.0000000000
2710 -1347.0000000000
2711 -1346.0000000000
2714 -1345.0000000000
2718 -1344.0000000000
2723 -1343.0000000000
2732 -1342.0000000000
2733 -1341.0000000000
2734 -1340.0000000000
2735 -1339.0000000000
2737 -1338.0000000000
2740 -1337.0000000000
2741 -1335.0000000000
2759 -1334.0000000000
2763 -1333.0000000000
2768 -1332.0000000000
2771 -1330.0000000000
2787 -1329.0000000000
2806 -1328.0000000000
2807 -1327.0000000000
2818 -1325.0000000000
2819 -1324.0000000000
2820 -1323.0000000000
2822 -1322.0000000000
2827 -1321.0000000000
2834 -1319.0000000000
2836 -1318.0000000000
2841 -1317.0000000000
2852 -1316.0000000000
2853 -1315.0000000000
2859 -1314.0000000000
2864 -1313.0000000000
2873 -1312.0000000000
2885 -1311.0000000000
2888 -1310.0000000000
2889 -1309.0000000000
2898 -1307.0000000000
2901 -1306.0000000000
2907 -1304.0000000000
2908 -1303.0000000000
2911 -1302.0000000000
2916 -1300.0000000000
2923 -1299.0000000000
2926 -1298.0000000000
2930 -1297.0000000000
2933 -1296.0000000000
2950 -1294.0000000000
2951 -1293.0000000000
2960 -1292.0000000000
2963 -1291.0000000000
2968 -1290.0000000000
2970 -1288.0000000000
2971 -1287.0000000000
2985 -1286.0000000000
2987 -1285.0000000000
2998 -1284.0000000000
3000 -1283.0000000000
3006 -1282.0000000000
3012 -1280.0000000000
3030 -1278.0000000000
3034 -1277.0000000000
3035 -1276.0000000000
3040 -1275.0000000000
3041 -1274.0000000000
3051 -1273.0000000000
3054 -1272.0000000000
3061 -1271.0000000000
3064 -1270.0000000000
3070 -1269.0000000000
3078 -1268.0000000000
3084 -1267.0000000000
3097 -1266.0000000000
3101 -1265.0000000000
3120 -1264.0000000000
3121 -1263.0000000000
3123 -1262.0000000000
3127 -1261.0000000000
3128 -1260.0000000000
3131 -1259.0000000000
3137 -1258.0000000000
3141 -1257.0000000000
3146 -1256.0000000000
3164 -1255.0000000000
3176 -1254.0000000000
3192 -1253.0000000000
3193 -1252.0000000000
3197 -1251.0000000000
3207 -1249.0000000000
3218 -1248.0000000000
3222 -1247.0000000000
3228 -1246.0000000000
3236 -1245.0000000000
3246 -1244.0000000000
3249 -1243.0000000000
3257 -1242.0000000000
3259 -1241.0000000000
3263 -1239.0000000000
3266 -1238.0000000000
3271 -1237.0000000000
3274 -1236.0000000000
3287 -1235.0000000000
3299 -1233.0000000000
3301 -1232.0000000000
3304 -1231.0000000000
3310 -1230.0000000000
3316 -1229.0000000000
3322 -1228.0000000000
3333 -1227.0000000000
3335 -1226.0000000000
3367 -1225.0000000000
3370 -1224.0000000000
3382 -1223.0000000000
3402 -1222.0000000000
3413 -1221.0000000000
3417 -1220.0000000000
3419 -1219.0000000000
3427 -1218.0000000000
3433 -1217.0000000000
3446 -1216.0000000000
3448 -1215.0000000000
3450 -1214.0000000000
3476 -1213.0000000000
3477 -1212.0000000000
3483 -1211.0000000000
3487 -1210.0000000000
3488 -1209.0000000000
3489 -1208.0000000000
3490 -1207.0000000000
3495 -1206.0000000000
3496 -1205.0000000000
3500 -1203.0000000000
3502 -1202.0000000000
3504 -1200.0000000000
3509 -1199.0000000000
3512 -1198.0000000000
3517 -1197.0000000000
3521 -1196.0000000000
3539 -1195.0000000000
3549 -1194.0000000000
3554 -1193.0000000000
3557 -1191.0000000000
3562 -1190.0000000000
3567 -1189.0000000000
3569 -1188.0000000000
3578 -1187.0000000000
3582 -1186.0000000000
3585 -1185.0000000000
3594 -1184.0000000000
3596 -1183.0000000000
3597 -1182.0000000000
3598 -1181.0000000000
3608 -1180.0000000000
3615 -1178.0000000000
3645 -1177.0000000000
3646 -1176.0000000000
3648 -1174.0000000000
3654 -1173.0000000000
3656 -1172.0000000000
3662 -1171.0000000000
3683 -1170.0000000000
3692 -1169.0000000000
3705 -1168.0000000000
3732 -1167.0000000000
3733 -1165.0000000000
3738 -1164.0000000000
3739 -1163.0000000000
3740 -1162.0000000000
3752 -1161.0000000000
3755 -1160.0000000000
3763 -1159.0000000000
3764 -1158.0000000000
3797 -1157.0000000000
3805 -1156.0000000000
3807 -1155.0000000000
3823 -1154.0000000000
3829 -1153.0000000000
3833 -1152.0000000000
3850 -1151.0000000000
3855 -1149.0000000000
3862 -1148.0000000000
3878 -1147.0000000000
3886 -1145.0000000000
3895 -1144.0000000000
3916 -1143.0000000000
3918 -1142.0000000000
3920 -1141.0000000000
3924 -1139.0000000000
3925 -1138.0000000000
3926 -1137.0000000000
3931 -1136.0000000000
3932 -1135.0000000000
3935 -1134.0000000000
3937 -1133.0000000000
3948 -1131.0000000000
3952 -1130.0000000000
3954 -1129.0000000000
3955 -1128.0000000000
3980 -1127.0000000000
3984 -1126.0000000000
3990 -1124.0000000000
4004 -1123.0000000000
4009 -1122.0000000000
4021 -1120.0000000000
4022 -1119.0000000000
4028 -1118.0000000000
4030 -1117.0000000000
4032 -1116.0000000000
4038 -1115.0000000000
4049 -1114.0000000000
4051 -1113.0000000000
4052 -1112.0000000000
4067 -1111.0000000000
4075 -1110.0000000000
4082 -1109.0000000000
4105 -1108.0000000000
4122 -1107.0000000000
4147 -1105.0000000000
4153 -1104.0000000000
4161 -1103.0000000000
4168 -1102.0000000000
4179 -1101.0000000000
4180 -1100.0000000000
4182 -1099.0000000000
4195 -1098.0000000000
4197 -1097.0000000000
4199 -1096.0000000000
4216 -1095.0000000000
4220 -1093.0000000000
4225 -1091.0000000000
4226 -1090.0000000000
4229 -1089.0000000000
4242 -1088.0000000000
4244 -1087.0000000000
4246 -1086.0000000000
4247 -1085.0000000000
4251 -1084.0000000000
4255 -1083.0000000000
4259 -1082.0000000000
4260 -1081.0000000000
4284 -1080.0000000000
4288 -1079.0000000000
4295 -1078.0000000000
4302 -1077.0000000000
4311 -1076.0000000000
4328 -1075.0000000000
4335 -1074.0000000000
4354 -1073.0000000000
4358 -1071.0000000000
4366 -1070.0000000000
4373 -1069.0000000000
4377 -1068.0000000000
4386 -1066.0000000000
4397 -1064.0000000000
4399 -1063.0000000000
4412 -1062.0000000000
4420 -1061.0000000000
4422 -1060.0000000000
4426 -1059.0000000000
4429 -1058.0000000000
4433 -1057.0000000000
4438 -1056.0000000000
4439 -1055.0000000000
4442 -1053.0000000000
4443 -1052.0000000000
4449 -1051.0000000000
4462 -1050.0000000000
4468 -1049.0000000000
4478 -1048.0000000000
4489 -1047.0000000000
4490 -1046.0000000000
4541 -1045.0000000000
4548 -1044.0000000000
4559 -1042.0000000000
4561 -1040.0000000000
4563 -1039.0000000000
4571 -1038.0000000000
4584 -1037.0000000000
4590 -1036.0000000000
4613 -1034.0000000000
4620 -1032.0000000000
4623 -1031.0000000000
4624 -1030.0000000000
4632 -1029.0000000000
4633 -1027.0000000000
4634 -1026.0000000000
4654 -1025.0000000000
4657 -1024.0000000000
4658 -1023.0000000000
4664 -1022.0000000000
4670 -1021.0000000000
4686 -1020.0000000000
4690 -1019.0000000000
4704 -1018.0000000000
4711 -1017.0000000000
4732 -1016.0000000000
4742 -1015.0000000000
4747 -1013.0000000000
4752 -1012.0000000000
4758 -1011.0000000000
4766 -1010.0000000000
4776 -1008.0000000000
4779 -1007.0000000000
4787 -1006.0000000000
4793 -1005.0000000000
4798 -1004.0000000000
4803 -1003.0000000000
4806 -1002.0000000000
4821 -1001.0000000000
4824 -1000.0000000000
4825 -999.0000000000
4828 -997.0000000000
4831 -996.0000000000
4834 -994.0000000000
4840 -993.0000000000
4841 -991.0000000000
4850 -990.0000000000
4868 -989.0000000000
4871 -988.0000000000
4872 -987.0000000000
4875 -986.0000000000
4876 -984.0000000000
4883 -983.0000000000
4911 -982.0000000000
4919 -981.0000000000
4925 -980.0000000000
4928 -979.0000000000
4929 -978.0000000000
4933 -976.0000000000
4935 -975.0000000000
4955 -974.0000000000
4957 -973.0000000000
4972 -971.0000000000
4977 -970.0000000000
4979 -969.0000000000
4983 -968.0000000000
4985 -966.0000000000
4986 -965.0000000000
4999 -964.0000000000
5001 -963.0000000000
5004 -962.0000000000
5005 -961.0000000000
5015 -960.0000000000
5019 -959.0000000000
5020 -958.0000000000
5036 -956.0000000000
5041 -955.0000000000
5061 -954.0000000000
5077 -953.0000000000
5081 -952.0000000000
5094 -951.0000000000
5099 -949.0000000000
5102 -948.0000000000
5117 -947.0000000000
5119 -946.0000000000
5155 -945.0000000000
5170 -944.0000000000
5178 -943.0000000000
5183 -942.0000000000
5204 -940.0000000000
5218 -939.0000000000
5231 -937.0000000000
5246 -936.0000000000
5251 -935.0000000000
5256 -934.0000000000
5270 -933.0000000000
5280 -932.0000000000
5305 -931.0000000000
5309 -930.0000000000
5315 -929.0000000000
5319 -927.0000000000
5338 -926.0000000000
5344 -925.0000000000
5347 -924.0000000000
5350 -923.0000000000
5355 -922.0000000000
5360 -921.0000000000
5364 -920.0000000000
5368 -919.0000000000
5376 -918.0000000000
5378 -917.0000000000
5381 -916.0000000000
5393 -915.0000000000
5399 -914.0000000000
5402 -913.0000000000
5419 -910.0000000000
5429 -909.0000000000
5430 -908.0000000000
5451 -907.0000000000
5456 -906.0000000000
5461 -905.0000000000
5475 -904.0000000000
5487 -903.0000000000
5493 -902.0000000000
5501 -901.0000000000
5511 -900.0000000000
5518 -899.0000000000
5542 -898.0000000000
5552 -897.0000000000
5561 -896.0000000000
5564 -895.0000000000
5570 -894.0000000000
5576 -893.0000000000
5600 -892.0000000000
5601 -890.0000000000
5624 -889.0000000000
5626 -888.0000000000
5631 -887.0000000000
5639 -886.0000000000
5642 -885.0000000000
5643 -884.0000000000
5645 -883.0000000000
5646 -882.0000000000
5661 -881.0000000000
5688 -880.0000000000
5693 -879.0000000000
5697 -878.0000000000
5701 -877.0000000000
5708 -875.0000000000
5709 -874.0000000000
5710 -873.0000000000
5713 -872.0000000000
5716 -871.0000000000
5717 -870.0000000000
5721 -869.0000000000
5732 -868.0000000000
5740 -867.0000000000
5761 -866.0000000000
5764 -865.0000000000
5813 -864.0000000000
5826 -863.0000000000
5846 -862.0000000000
5856 -861.0000000000
5857 -860.0000000000
5878 -859.0000000000
5879 -858.0000000000
5880 -857.0000000000
5883 -855.0000000000
5886 -854.0000000000
5891 -853.0000000000
5896 -852.0000000000
5899 -850.0000000000
5908 -849.0000000000
5937 -848.0000000000
5940 -847.0000000000
5943 -846.0000000000
5946 -844.0000000000
5947 -843.0000000000
5951 -842.0000000000
5954 -841.0000000000
6021 -840.0000000000
6022 -839.0000000000
6032 -837.0000000000
6046 -836.0000000000
6063 -834.0000000000
6069 -832.0000000000
6076 -831.0000000000
6088 -830.0000000000
6089 -827.0000000000
6090 -826.0000000000
6103 -825.0000000000
6121 -824.0000000000
6131 -823.0000000000
6133 -822.0000000000
6139 -821.0000000000
6157 -820.0000000000
6161 -819.0000000000
6179 -818.0000000000
6188 -817.0000000000
6194 -815.0000000000
6195 -814.0000000000
6215 -813.0000000000
6220 -812.0000000000
6221 -811.0000000000
6224 -810.0000000000
6228 -809.0000000000
6231 -808.0000000000
6240 -807.0000000000
6251 -805.0000000000
6252 -804.0000000000
6254 -802.0000000000
6257 -801.0000000000
6265 -800.0000000000
6267 -799.0000000000
6272 -798.0000000000
6274 -797.0000000000
6276 -796.0000000000
6302 -795.0000000000
6319 -794.0000000000
6340 -793.0000000000
6381 -792.0000000000
6391 -791.0000000000
6396 -790.0000000000
6398 -788.0000000000
6401 -787.0000000000
6406 -786.0000000000
6412 -785.0000000000
6416 -784.0000000000
6422 -783.0000000000
6423 -782.0000000000
6425 -781.0000000000
6426 -780.0000000000
6432 -779.0000000000
6438 -778.0000000000
6441 -777.0000000000
6451 -776.0000000000
6471 -775.0000000000
6481 -774.0000000000
6486 -773.0000000000
6535 -772.0000000000
6539 -771.0000000000
6557 -770.0000000000
6580 -769.0000000000
6604 -768.0000000000
6637 -767.0000000000
6639 -766.0000000000
6648 -765.0000000000
6659 -764.0000000000
6680 -763.0000000000
6682 -762.0000000000
6687 -761.0000000000
6701 -760.0000000000
6739 -759.0000000000
6743 -758.0000000000
6745 -757.0000000000
6752 -756.0000000000
6758 -755.0000000000
6760 -754.0000000000
6765 -753.0000000000
6793 -752.0000000000
6821 -751.0000000000
6825 -750.0000000000
6840 -749.0000000000
6845 -747.0000000000
6876 -746.0000000000
6892 -745.0000000000
6897 -744.0000000000
6933 -743.0000000000
6940 -742.0000000000
6950 -741.0000000000
6975 -740.0000000000
6998 -739.0000000000
7004 -738.0000000000
7012 -737.0000000000
7043 -736.0000000000
7044 -735.0000000000
7045 -734.0000000000
7069 -733.0000000000
7077 -732.0000000000
7098 -730.0000000000
7120 -729.0000000000
7138 -727.0000000000
7141 -725.0000000000
7173 -724.0000000000
7195 -722.0000000000
7204 -720.0000000000
7221 -719.0000000000
7228 -718.0000000000
7232 -717.0000000000
7241 -716.0000000000
7250 -715.0000000000
7258 -714.0000000000
7260 -713.0000000000
7269 -712.0000000000
7295 -711.0000000000
7316 -710.0000000000
7320 -709.0000000000
7382 -708.0000000000
7430 -707.0000000000
7444 -706.0000000000
7457 -705.0000000000
7463 -704.0000000000
7468 -703.0000000000
7476 -702.0000000000
7479 -701.0000000000
7496 -700.0000000000
7521 -699.0000000000
7522 -698.0000000000
7537 -697.0000000000
7543 -696.0000000000
7554 -695.0000000000
7590 -693.0000000000
7593 -692.0000000000
7623 -690.0000000000
7625 -689.0000000000
7640 -688.0000000000
7642 -687.0000000000
7645 -686.0000000000
7653 -685.0000000000
7662 -684.0000000000
7673 -683.0000000000
7675 -682.0000000000
7681 -681.0000000000
7733 -680.0000000000
7736 -679.0000000000
7763 -678.0000000000
7769 -677.0000000000
7772 -676.0000000000
7809 -675.0000000000
7857 -674.0000000000
7868 -673.0000000000
7871 -672.0000000000
7872 -671.0000000000
7890 -670.0000000000
7917 -669.0000000000
7923 -668.0000000000
7936 -667.0000000000
7953 -666.0000000000
7963 -665.0000000000
7981 -664.0000000000
8007 -663.0000000000
8028 -662.0000000000
8034 -661.0000000000
8043 -660.0000000000
8054 -659.0000000000
8059 -658.0000000000
8061 -657.0000000000
8087 -655.0000000000
8093 -654.0000000000
8120 -652.0000000000
8126 -651.0000000000
8131 -650.0000000000
8139 -649.0000000000
8140 -648.0000000000
8144 -647.0000000000
8145 -646.0000000000
8146 -645.0000000000
8147 -644.0000000000
8158 -643.0000000000
8172 -642.0000000000
8178 -641.0000000000
8208 -640.0000000000
8214 -639.0000000000
8238 -638.0000000000
8239 -637.0000000000
8243 -636.0000000000
8249 -635.0000000000
8253 -634.0000000000
8255 -633.0000000000
8258 -632.0000000000
8261 -631.0000000000
8298 -630.0000000000
8325 -629.0000000000
8331 -628.0000000000
8344 -627.0000000000
8373 -626.0000000000
8384 -625.0000000000
8392 -624.0000000000
8445 -623.0000000000
8477 -621.0000000000
8481 -620.0000000000
8500 -618.0000000000
8524 -617.0000000000
8536 -616.0000000000
8539 -615.0000000000
8542 -614.0000000000
8551 -613.0000000000
8554 -612.0000000000
8571 -611.0000000000
8575 -610.0000000000
8580 -609.0000000000
8598 -608.0000000000
8617 -607.0000000000
8626 -606.0000000000
8636 -605.0000000000
8638 -604.0000000000
8645 -603.0000000000
8647 -602.0000000000
8663 -601.0000000000
8670 -600.0000000000
8715 -599.0000000000
8716 -598.0000000000
8727 -597.0000000000
8732 -596.0000000000
8733 -594.0000000000
8739 -593.0000000000
8768 -592.0000000000
8786 -591.0000000000
8804 -590.0000000000
8825 -589.0000000000
8846 -588.0000000000
8847 -587.0000000000
8853 -586.0000000000
8855 -585.0000000000
8894 -584.0000000000
8915 -583.0000000000
8940 -582.0000000000
8941 -581.0000000000
8949 -580.0000000000
8978 -579.0000000000
9003 -578.0000000000
9022 -577.0000000000
9057 -576.0000000000
9086 -575.0000000000
9090 -574.0000000000
9116 -573.0000000000
9123 -572.0000000000
9131 -571.0000000000
9163 -570.0000000000
9264 -569.0000000000
9276 -568.0000000000
9337 -567.0000000000
9344 -566.0000000000
9346 -565.0000000000
9361 -564.0000000000
9369 -563.0000000000
9386 -562.0000000000
9402 -561.0000000000
9449 -560.0000000000
9459 -559.0000000000
9483 -558.0000000000
9488 -557.0000000000
9517 -556.0000000000
9522 -555.0000000000
9532 -553.0000000000
9547 -552.0000000000
9548 -551.0000000000
9588 -550.0000000000
9603 -549.0000000000
9606 -548.0000000000
9612 -547.0000000000
9617 -546.0000000000
9623 -545.0000000000
9628 -544.0000000000
9638 -543.0000000000
9649 -542.0000000000
9657 -541.0000000000
9665 -540.0000000000
9684 -539.0000000000
9707 -538.0000000000
9708 -537.0000000000
9715 -536.0000000000
9764 -535.0000000000
9774 -534.0000000000
9785 -533.0000000000
9825 -532.0000000000
9867 -530.0000000000
9894 -529.0000000000
9943 -528.0000000000
9956 -527.0000000000
9962 -526.0000000000
9973 -525.0000000000
9995 -524.0000000000
9996 -523.0000000000
9997 -522.0000000000
10000 -522.0000000000
evaluations raw_y
1 -2045.0000000000
9 -2044.0000000000
12 -2043.0000000000
18 -2042.0000000000
42 -2041.0000000000
50 -2040.0000000000
51 -2039.0000000000
53 -2037.0000000000
55 -2035.0000000000
57 -2034.0000000000
60 -2033.0000000000
62 -2030.0000000000
63 -2029.0000000000
73 -2027.0000000000
74 -2026.0000000000
81 -2025.0000000000
82 -2023.0000000000
91 -2021.0000000000
97 -2020.0000000000
98 -2017.0000000000
101 -2016.0000000000
103 -2015.0000000000
104 -2012.0000000000
106 -2011.0000000000
108 -2010.0000000000
109 -2009.0000000000
110 -2008.0000000000
111 -2007.0000000000
117 -2006.0000000000
120 -2005.0000000000
128 -2004.0000000000
131 -2002.0000000000
140 -2001.0000000000
143 -2000.0000000000
149 -1999.0000000000
153 -1998.0000000000
154 -1996.0000000000
155 -1995.0000000000
157 -1994.0000000000
159 -1993.0000000000
163 -1992.0000000000
173 -1991.0000000000
175 -1990.0000000000
177 -1989.0000000000
191 -1987.0000000000
195 -1986.0000000000
197 -1985.0000000000
200 -1984.0000000000
202 -1983.0000000000
203 -1981.0000000000
206 -1980.0000000000
208 -1979.0000000000
210 -1978.0000000000
211 -1976.0000000000
213 -1975.0000000000
220 -1973.0000000000
224 -1971.0000000000
228 -1970.0000000000
230 -1969.0000000000
231 -1967.0000000000
233 -1965.0000000000
234 -1963.0000000000
238 -1962.0000000000
242 -1961.0000000000
249 -1960.0000000000
250 -1959.0000000000
253 -1958.0000000000
265 -1957.0000000000
275 -1956.0000000000
277 -1955.0000000000
282 -1954.0000000000
283 -1953.0000000000
284 -1952.0000000000
286 -1951.0000000000
287 -1949.0000000000
292 -1948.0000000000
304 -1947.0000000000
310 -1946.0000000000
315 -1945.0000000000
317 -1944.0000000000
322 -1943.0000000000
323 -1942.0000000000
331 -1941.0000000000
334 -1940.0000000000
338 -1939.0000000000
347 -1938.0000000000
348 -1937.0000000000
352 -1936.0000000000
358 -1935.0000000000
363 -1934.0000000000
368 -1933.0000000000
369 -1931.0000000000
373 -1930.0000000000
375 -1929.0000000000
377 -1928.0000000000
378 -1926.0000000000
379 -1925.0000000000
385 -1924.0000000000
388 -1923.0000000000
390 -1922.0000000000
398 -1920.0000000000
401 -1919.0000000000
402 -1918.0000000000
405 -1917.0000000000
406 -1916.0000000000
410 -1915.0000000000
412 -1914.0000000000
417 -1912.0000000000
419 -1911.0000000000
424 -1910.0000000000
429 -1909.0000000000
435 -1908.0000000000
437 -1907.0000000000
441 -1906.0000000000
443 -1904.0000000000
446 -1903.0000000000
450 -1902.0000000000
458 -1899.0000000000
459 -1897.0000000000
460 -1896.0000000000
461 -1895.0000000000
462 -1893.0000000000
465 -1892.0000000000
469 -1891.0000000000
471 -1890.0000000000
477 -1889.0000000000
479 -1887.0000000000
480 -1886.0000000000
481 -1885.0000000000
484 -1884.0000000000
485 -1883.0000000000
487 -1880.0000000000
489 -1878.0000000000
490 -1876.0000000000
499 -1875.0000000000
503 -1874.0000000000
506 -1873.0000000000
513 -1870.0000000000
515 -1869.0000000000
516 -1868.0000000000
522 -1867.0000000000
523 -1865.0000000000
524 -1864.0000000000
526 -1863.0000000000
530 -1862.0000000000
538 -1861.0000000000
541 -1860.0000000000
543 -1859.0000000000
547 -1858.0000000000
549 -1857.0000000000
565 -1856.0000000000
569 -1854.0000000000
577 -1853.0000000000
583 -1852.0000000000
584 -1851.0000000000
587 -1849.0000000000
593 -1848.0000000000
595 -1847.0000000000
599 -1846.0000000000
605 -1845.0000000000
617 -1844.0000000000
618 -1842.0000000000
620 -1841.0000000000
621 -1840.0000000000
622 -1837.0000000000
625 -1836.0000000000
628 -1835.0000000000
629 -1834.0000000000
631 -1833.0000000000
633 -1832.0000000000
638 -1830.0000000000
639 -1829.0000000000
642 -1828.0000000000
655 -1827.0000000000
671 -1825.0000000000
672 -1824.0000000000
689 -1823.0000000000
695 -1821.0000000000
696 -1820.0000000000
697 -1819.0000000000
700 -1818.0000000000
701 -1816.0000000000
702 -1815.0000000000
711 -1814.0000000000
712 -1812.0000000000
714 -1811.0000000000
715 -1810.0000000000
717 -1808.0000000000
720 -1807.0000000000
723 -1806.0000000000
725 -1805.0000000000
727 -1804.0000000000
728 -1803.0000000000
730 -1802.0000000000
745 -1801.0000000000
746 -1800.0000000000
747 -1799.0000000000
748 -1798.0000000000
751 -1797.0000000000
753 -1796.0000000000
754 -1795.0000000000
758 -1794.0000000000
760 -1793.0000000000
765 -1792.0000000000
772 -1791.0000000000
775 -1790.0000000000
782 -1789.0000000000
784 -1788.0000000000
793 -1787.0000000000
797 -1786.0000000000
800 -1783.0000000000
802 -1782.0000000000
810 -1781.0000000000
816 -1780.0000000000
821 -1778.0000000000
822 -1776.0000000000
825 -1775.0000000000
829 -1772.0000000000
832 -1771.0000000000
845 -1770.0000000000
847 -1769.0000000000
849 -1768.0000000000
852 -1767.0000000000
861 -1766.0000000000
863 -1765.0000000000
865 -1763.0000000000
868 -1762.0000000000
874 -1759.0000000000
884 -1757.0000000000
888 -1756.0000000000
889 -1755.0000000000
895 -1754.0000000000
896 -1753.0000000000
905 -1752.0000000000
917 -1751.0000000000
924 -1748.0000000000
930 -1747.0000000000
934 -1746.0000000000
937 -1744.0000000000
943 -1743.0000000000
945 -1742.0000000000
947 -1741.0000000000
948 -1740.0000000000
950 -1739.0000000000
956 -1738.0000000000
957 -1737.0000000000
967 -1736.0000000000
968 -1735.0000000000
969 -1734.0000000000
971 -1733.0000000000
985 -1732.0000000000
986 -1731.0000000000
988 -1730.0000000000
994 -1729.0000000000
1006 -1728.0000000000
1014 -1727.0000000000
1020 -1726.0000000000
1023 -1723.0000000000
1030 -1722.0000000000
1032 -1721.0000000000
1042 -1720.0000000000
1045 -1718.0000000000
1049 -1717.0000000000
1056 -1716.0000000000
1061 -1715.0000000000
1062 -1714.0000000000
1063 -1713.0000000000
1064 -1712.0000000000
1081 -1711.0000000000
1087 -1710.0000000000
1090 -1709.0000000000
1091 -1708.0000000000
1095 -1706.0000000000
1101 -1705.0000000000
1102 -1704.0000000000
1103 -1703.0000000000
1104 -1702.0000000000
1106 -1701.0000000000
1119 -1700.0000000000
1137 -1699.0000000000
1141 -1698.0000000000
1143 -1697.0000000000
1146 -1696.0000000000
1148 -1695.0000000000
1153 -1694.0000000000
1155 -1693.0000000000
1157 -1692.0000000000
1158 -1691.0000000000
1161 -1690.0000000000
1165 -1689.0000000000
1166 -1688.0000000000
1168 -1687.0000000000
1172 -1684.0000000000
1173 -1683.0000000000
1179 -1682.0000000000
1186 -1681.0000000000
1189 -1680.0000000000
1192 -1679.0000000000
1198 -1678.0000000000
1204 -1676.0000000000
1206 -1675.0000000000
1207 -1672.0000000000
1212 -1671.0000000000
1216 -1670.0000000000
1236 -1669.0000000000
1241 -1668.0000000000
1252 -1667.0000000000
1257 -1666.0000000000
1261 -1664.0000000000
1272 -1663.0000000000
1274 -1661.0000000000
1277 -1660.0000000000
1285 -1659.0000000000
1287 -1657.0000000000
1289 -1656.0000000000
1301 -1655.0000000000
1302 -1654.0000000000
1304 -1653.0000000000
1307 -1652.0000000000
1313 -1651.0000000000
1314 -1650.0000000000
1317 -1649.0000000000
1318 -1648.0000000000
1319 -1647.0000000000
1327 -1646.0000000000
1332 -1645.0000000000
1337 -1644.0000000000
1345 -1643.0000000000
1346 -1642.0000000000
1348 -1641.0000000000
1357 -1639.0000000000
1360 -1637.0000000000
1367 -1636.0000000000
1368 -1633.0000000000
1369 -1632.0000000000
1374 -1631.0000000000
1377 -1630.0000000000
1380 -1629.0000000000
1381 -1628.0000000000
1382 -1627.0000000000
1384 -1626.0000000000
1390 -1625.0000000000
1396 -1623.0000000000
1400 -1622.0000000000
1404 -1621.0000000000
1405 -1620.0000000000
1406 -1619.0000000000
1411 -1618.0000000000
1420 -1617.0000000000
1423 -1616.0000000000
1424 -1615.0000000000
1430 -1614.0000000000
1432 -1613.0000000000
1440 -1610.0000000000
1441 -1609.0000000000
1443 -1608.0000000000
1446 -1607.0000000000
1447 -1606.0000000000
1452 -1604.0000000000
1455 -1601.0000000000
1457 -1600.0000000000
1459 -1599.0000000000
1469 -1598.0000000000
1470 -1597.0000000000
1478 -1596.0000000000
1481 -1595.0000000000
1486 -1594.0000000000
1493 -1593.0000000000
1495 -1592.0000000000
1502 -1591.0000000000
1506 -1589.0000000000
1519 -1588.0000000000
1520 -1587.0000000000
1523 -1585.0000000000
1528 -1584.0000000000
1530 -1583.0000000000
1533 -1580.0000000000
1536 -1579.0000000000
1539 -1578.0000000000
1556 -1577.0000000000
1558 -1576.0000000000
1569 -1575.0000000000
1571 -1574.0000000000
1573 -1572.0000000000
1583 -1571.0000000000
1588 -1570.0000000000
1599 -1569.0000000000
1606 -1568.0000000000
1608 -1567.0000000000
1612 -1564.0000000000
1618 -1562.0000000000
1639 -1561.0000000000
1643 -1560.0000000000
1647 -1559.0000000000
1653 -1558.0000000000
1659 -1557.0000000000
1661 -1555.0000000000
1665 -1554.0000000000
1667 -1553.0000000000
1673 -1552.0000000000
1675 -1551.0000000000
1678 -1550.0000000000
1681 -1549.0000000000
1699 -1548.0000000000
1700 -1547.0000000000
1707 -1546.0000000000
1708 -1544.0000000000
1711 -1542.0000000000
1725 -1541.0000000000
1729 -1540.0000000000
1738 -1538.0000000000
1746 -1537.0000000000
1750 -1536.0000000000
1755 -1535.0000000000
1756 -1534.0000000000
1757 -1533.0000000000
1772 -1532.0000000000
1774 -1531.0000000000
1777 -1530.0000000000
1781 -1529.0000000000
1790 -1528.0000000000
1794 -1527.0000000000
1808 -1526.0000000000
1817 -1525.0000000000
1825 -1523.0000000000
1826 -1522.0000000000
1829 -1520.0000000000
1832 -1519.0000000000
1834 -1518.0000000000
1836 -1517.0000000000
1837 -1516.0000000000
1846 -1514.0000000000
1850 -1513.0000000000
1853 -1512.0000000000
1855 -1511.0000000000
1857 -1510.0000000000
1874 -1509.0000000000
1876 -1508.0000000000
1881 -1507.0000000000
1882 -1506.0000000000
1888 -1505.0000000000
1893 -1504.0000000000
1897 -1503.0000000000
1900 -1502.0000000000
1902 -1501.0000000000
1904 -1500.0000000000
1911 -1499.0000000000
1914 -1498.0000000000
1920 -1497.0000000000
1930 -1496.0000000000
1935 -1495.0000000000
1936 -1494.0000000000
1937 -1493.0000000000
1938 -1492.0000000000
1945 -1490.0000000000
1946 -1489.0000000000
1951 -1487.0000000000
1960 -1486.0000000000
1966 -1485.0000000000
1967 -1484.0000000000
1972 -1482.0000000000
1974 -1481.0000000000
1984 -1480.0000000000
1987 -1479.0000000000
1994 -1478.0000000000
1996 -1477.0000000000
2006 -1476.0000000000
2007 -1475.0000000000
2014 -1474.0000000000
2015 -1473.0000000000
2019 -1472.0000000000
2021 -1471.0000000000
2026 -1469.0000000000
2027 -1468.0000000000
2031 -1467.0000000000
2045 -1466.0000000000
2046 -1465.0000000000
2050 -1464.0000000000
2057 -1463.0000000000
2058 -1462.0000000000
2063 -1461.0000000000
2067 -1460.0000000000
2083 -1459.0000000000
2085 -1458.0000000000
2087 -1456.0000000000
2095 -1455.0000000000
2096 -1454.0000000000
2120 -1453.0000000000
2121 -1451.0000000000
2148 -1450.0000000000
2161 -1449.0000000000
2162 -1447.0000000000
2166 -1446.0000000000
2171 -1445.0000000000
2180 -1444.0000000000
2183 -1443.0000000000
2193 -1442.0000000000
2196 -1441.0000000000
2198 -1439.0000000000
2199 -1438.0000000000
2204 -1437.0000000000
2206 -1436.0000000000
2209 -1434.0000000000
2210 -1433.0000000000
2212 -1431.0000000000
2213 -1429.0000000000
2216 -1428.0000000000
2217 -1426.0000000000
2221 -1425.0000000000
2222 -1424.0000000000
2223 -1423.0000000000
2225 -1421.0000000000
2227 -1420.0000000000
2229 -1419.0000000000
2231 -1418.0000000000
2238 -1417.0000000000
2247 -1416.0000000000
2254 -1414.0000000000
2270 -1413.0000000000
2273 -1411.0000000000
2277 -1410.0000000000
2286 -1408.0000000000
2292 -1407.0000000000
2294 -1406.0000000000
2309 -1405.0000000000
2310 -1403.0000000000
2313 -1402.0000000000
2321 -1401.0000000000
2322 -1400.0000000000
2331 -1399.0000000000
2335 -1398.0000000000
2336 -1397.0000000000
2337 -1396.0000000000
2373 -1395.0000000000
2381 -1394.0000000000
2385 -1392.0000000000
2388 -1391.0000000000
2400 -1389.0000000000
2403 -1388.0000000000
2404 -1387.0000000000
2408 -1386.0000000000
2411 -1385.0000000000
2412 -1384.0000000000
2431 -1383.0000000000
2437 -1381.0000000000
2441 -1380.0000000000
2469 -1379.0000000000
2477 -1378.0000000000
2484 -1377.0000000000
2496 -1375.0000000000
2525 -1374.0000000000
2526 -1373.0000000000
2533 -1371.0000000000
2535 -1370.0000000000
2540 -1369.0000000000
2548 -1368.0000000000
2562 -1367.0000000000
2577 -1366.0000000000
2582 -1365.0000000000
2585 -1364.0000000000
2587 -1363.0000000000
2588 -1362.0000000000
2603 -1361.0000000000
2604 -1360.0000000000
2614 -1359.0000000000
2620 -1358.0000000000
2622 -1357.0000000000
2625 -1355.0000000000
2630 -1352.0000000000
2635 -1351.0000000000
2640 -1350.0000000000
2643 -1349.0000000000
2653 -1348.0000000000
2659 -1347.0000000000
2665 -1346.0000000000
2668 -1345.0000000000
2681 -1344.0000000000
2719 -1342.0000000000
2723 -1341.0000000000
2725 -1340.0000000000
2733 -1338.0000000000
2738 -1337.0000000000
2741 -1336.0000000000
2749 -1335.0000000000
2751 -1334.0000000000
2756 -1333.0000000000
2772 -1330.0000000000
2779 -1329.0000000000
2780 -1328.0000000000
2782 -1327.0000000000
2786 -1325.0000000000
2788 -1324.0000000000
2800 -1322.0000000000
2809 -1320.0000000000
2818 -1319.0000000000
2820 -1318.0000000000
2824 -1317.0000000000
2826 -1315.0000000000
2827 -1314.0000000000
2834 -1313.0000000000
2842 -1312.0000000000
2846 -1311.0000000000
2849 -1310.0000000000
2854 -1309.0000000000
2877 -1308.0000000000
2885 -1307.0000000000
2888 -1306.0000000000
2890 -1305.0000000000
2893 -1304.0000000000
2905 -1303.0000000000
2912 -1302.0000000000
2915 -1301.0000000000
2926 -1300.0000000000
2927 -1298.0000000000
2934 -1297.0000000000
2939 -1296.0000000000
2943 -1293.0000000000
2949 -1292.0000000000
2956 -1291.0000000000
2965 -1290.0000000000
2969 -1289.0000000000
2977 -1288.0000000000
2989 -1286.0000000000
2997 -1285.0000000000
2998 -1283.0000000000
3002 -1282.0000000000
3004 -1281.0000000000
3007 -1280.0000000000
3038 -1279.0000000000
3039 -1278.0000000000
3048 -1277.0000000000
3062 -1276.0000000000
3069 -1275.0000000000
3071 -1274.0000000000
3075 -1273.0000000000
3090 -1272.0000000000
3097 -1270.0000000000
3100 -1269.0000000000
3109 -1268.0000000000
3121 -1267.0000000000
3122 -1265.0000000000
3124 -1263.0000000000
3128 -1262.0000000000
3133 -1261.0000000000
3135 -1259.0000000000
3151 -1258.0000000000
3153 -1257.0000000000
3157 -1256.0000000000
3164 -1255.0000000000
3167 -1254.0000000000
3175 -1253.0000000000
3176 -1251.0000000000
3182 -1250.0000000000
3192 -1249.0000000000
3195 -1247.0000000000
3212 -1246.0000000000
3216 -1244.0000000000
3221 -1243.0000000000
3225 -1242.0000000000
3226 -1240.0000000000
3233 -1239.0000000000
3238 -1238.0000000000
3241 -1237.0000000000
3248 -1236.0000000000
3249 -1235.0000000000
3253 -1234.0000000000
3265 -1233.0000000000
3268 -1232.0000000000
3272 -1231.0000000000
3274 -1230.0000000000
3282 -1229.0000000000
3288 -1227.0000000000
3290 -1226.0000000000
3292 -1225.0000000000
3306 -1224.0000000000
3307 -1223.0000000000
3308 -1222.0000000000
3348 -1221.0000000000
3366 -1220.0000000000
3368 -1219.0000000000
3372 -1218.0000000000
3377 -1217.0000000000
3400 -1216.0000000000
3406 -1215.0000000000
3415 -1214.0000000000
3420 -1213.0000000000
3428 -1212.0000000000
3433 -1211.0000000000
3437 -1210.0000000000
3438 -1209.0000000000
3445 -1208.0000000000
3448 -1207.0000000000
3452 -1206.0000000000
3455 -1205.0000000000
3458 -1204.0000000000
3465 -1203.0000000000
3467 -1202.0000000000
3469 -1201.0000000000
3477 -1200.0000000000
3483 -1199.0000000000
3485 -1198.0000000000
3487 -1197.0000000000
3502 -1196.0000000000
3512 -1195.0000000000
3515 -1194.0000000000
3518 -1193.0000000000
3521 -1192.0000000000
3523 -1191.0000000000
3529 -1190.0000000000
3556 -1188.0000000000
3560 -1187.0000000000
3565 -1186.0000000000
3569 -1185.0000000000
3573 -1184.0000000000
3578 -1183.0000000000
3581 -1181.0000000000
3586 -1180.0000000000
3591 -1179.0000000000
3599 -1178.0000000000
3602 -1177.0000000000
3611 -1176.0000000000
3615 -1175.0000000000
3629 -1174.0000000000
3633 -1172.0000000000
3640 -1171.0000000000
3644 -1170.0000000000
3656 -1169.0000000000
3666 -1168.0000000000
3672 -1167.0000000000
3676 -1166.0000000000
3678 -1165.0000000000
3693 -1164.0000000000
3699 -1163.0000000000
3715 -1162.0000000000
3721 -1161.0000000000
3722 -1160.0000000000
3734 -1158.0000000000
3753 -1157.0000000000
3756 -1156.0000000000
3762 -1155.0000000000
3770 -1154.0000000000
3778 -1152.0000000000
3779 -1151.0000000000
3785 -1150.0000000000
3792 -1149.0000000000
3799 -1148.0000000000
3803 -1146.0000000000
3816 -1145.0000000000
3818 -1144.0000000000
3840 -1143.0000000000
3850 -1142.0000000000
3855 -1141.0000000000
3859 -1140.0000000000
3878 -1139.0000000000
3896 -1138.0000000000
3904 -1137.0000000000
3916 -1136.0000000000
3918 -1135.0000000000
3925 -1134.0000000000
3947 -1133.0000000000
3950 -1132.0000000000
3961 -1131.0000000000
3989 -1130.0000000000
3992 -1129.0000000000
3994 -1127.0000000000
3998 -1126.0000000000
4000 -1125.0000000000
4020 -1123.0000000000
4023 -1122.0000000000
4032 -1121.0000000000
4038 -1119.0000000000
4050 -1117.0000000000
4053 -1116.0000000000
4063 -1115.0000000000
4066 -1114.0000000000
4077 -1113.0000000000
4083 -1112.0000000000
4084 -1111.0000000000
4086 -1110.0000000000
4097 -1109.0000000000
4106 -1108.0000000000
4124 -1107.0000000000
4125 -1106.0000000000
4132 -1105.0000000000
4134 -1104.0000000000
4143 -1103.0000000000
4144 -1102.0000000000
4147 -1101.0000000000
4168 -1100.0000000000
4173 -1098.0000000000
4193 -1097.0000000000
4198 -1095.0000000000
4201 -1093.0000000000
4207 -1092.0000000000
4209 -1091.0000000000
4212 -1090.0000000000
4215 -1089.0000000000
4242 -1088.0000000000
4246 -1087.0000000000
4253 -1086.0000000000
4254 -1085.0000000000
4257 -1084.0000000000
4259 -1083.0000000000
4262 -1081.0000000000
4284 -1080.0000000000
4295 -1079.0000000000
4309 -1078.0000000000
4327 -1077.0000000000
4330 -1076.0000000000
4339 -1075.0000000000
4341 -1074.0000000000
4347 -1073.0000000000
4348 -1072.0000000000
4352 -1071.0000000000
4355 -1070.0000000000
4362 -1069.0000000000
4363 -1068.0000000000
4389 -1067.0000000000
4403 -1066.0000000000
4416 -1065.0000000000
4422 -1064.0000000000
4428 -1063.0000000000
4432 -1062.0000000000
4444 -1061.0000000000
4446 -1060.0000000000
4450 -1058.0000000000
4459 -1057.0000000000
4460 -1056.0000000000
4466 -1054.0000000000
4474 -1053.0000000000
4482 -1052.0000000000
4485 -1051.0000000000
4492 -1050.0000000000
4494 -1049.0000000000
4497 -1048.0000000000
4500 -1047.0000000000
4510 -1046.0000000000
4517 -1045.0000000000
4518 -1044.0000000000
4522 -1043.0000000000
4523 -1042.0000000000
4528 -1041.0000000000
4535 -1040.0000000000
4541 -1039.0000000000
4558 -1038.0000000000
4563 -1037.0000000000
4567 -1036.0000000000
4568 -1035.0000000000
4588 -1034.0000000000
4591 -1033.0000000000
4594 -1032.0000000000
4602 -1031.0000000000
4607 -1029.0000000000
4609 -1028.0000000000
4612 -1027.0000000000
4614 -1026.0000000000
4617 -1025.0000000000
4625 -1024.0000000000
4628 -1022.0000000000
4646 -1021.0000000000
4648 -1020.0000000000
4652 -1019.0000000000
4656 -1018.0000000000
4670 -1017.0000000000
4672 -1016.0000000000
4677 -1015.0000000000
4680 -1014.0000000000
4690 -1012.0000000000
4694 -1011.0000000000
4724 -1010.0000000000
4754 -1009.0000000000
4776 -1008.0000000000
4778 -1007.0000000000
4797 -1006.0000000000
4798 -1005.0000000000
4803 -1004.0000000000
4813 -1003.0000000000
4833 -1002.0000000000
4838 -1001.0000000000
4847 -1000.0000000000
4869 -999.0000000000
4878 -998.0000000000
4889 -997.0000000000
4893 -996.0000000000
4903 -995.0000000000
4910 -994.0000000000
4912 -993.0000000000
4914 -992.0000000000
4917 -991.0000000000
4918 -990.0000000000
4929 -989.0000000000
4940 -987.0000000000
4943 -986.0000000000
4945 -985.0000000000
4957 -984.0000000000
4962 -983.0000000000
4964 -982.0000000000
4969 -981.0000000000
4974 -980.0000000000
4984 -979.0000000000
4985 -978.0000000000
5002 -977.0000000000
5018 -976.0000000000
5037 -975.0000000000
5051 -974.0000000000
5052 -973.0000000000
5053 -972.0000000000
5067 -971.0000000000
5070 -970.0000000000
5088 -969.0000000000
5101 -967.0000000000
5103 -966.0000000000
5109 -965.0000000000
5111 -964.0000000000
5133 -963.0000000000
5139 -962.0000000000
5145 -961.0000000000
5166 -960.0000000000
5178 -959.0000000000
5197 -958.0000000000
5215 -956.0000000000
5226 -955.0000000000
5252 -954.0000000000
5259 -953.0000000000
5269 -952.0000000000
5277 -951.0000000000
5289 -950.0000000000
5290 -949.0000000000
5291 -948.0000000000
5293 -947.0000000000
5295 -946.0000000000
5300 -945.0000000000
5309 -944.0000000000
5311 -943.0000000000
5313 -942.0000000000
5322 -941.0000000000
5323 -939.0000000000
5330 -937.0000000000
5341 -936.0000000000
5343 -935.0000000000
5344 -934.0000000000
5349 -932.0000000000
5354 -931.0000000000
5357 -930.0000000000
5360 -929.0000000000
5362 -928.0000000000
5366 -926.0000000000
5367 -925.0000000000
5379 -924.0000000000
5390 -923.0000000000
5391 -922.0000000000
5400 -921.0000000000
5408 -920.0000000000
5417 -919.0000000000
5438 -918.0000000000
5463 -917.0000000000
5468 -916.0000000000
5477 -915.0000000000
5478 -914.0000000000
5504 -913.0000000000
5518 -911.0000000000
5524 -910.0000000000
5525 -909.0000000000
5530 -908.0000000000
5549 -907.0000000000
5560 -905.0000000000
5572 -904.0000000000
5573 -903.0000000000
5582 -902.0000000000
5598 -900.0000000000
5613 -899.0000000000
5622 -898.0000000000
5636 -897.0000000000
5642 -896.0000000000
5646 -895.0000000000
5650 -894.0000000000
5658 -893.0000000000
5660 -892.0000000000
5669 -891.0000000000
5670 -889.0000000000
5680 -888.0000000000
5695 -887.0000000000
5710 -885.0000000000
5730 -884.0000000000
5759 -883.0000000000
5764 -882.0000000000
5786 -881.0000000000
5793 -879.0000000000
5803 -878.0000000000
5804 -877.0000000000
5825 -876.0000000000
5828 -875.0000000000
5830 -874.0000000000
5857 -873.0000000000
5863 -872.0000000000
5866 -870.0000000000
5886 -869.0000000000
5893 -868.0000000000
5900 -867.0000000000
5909 -866.0000000000
5935 -865.0000000000
5940 -864.0000000000
5943 -863.0000000000
5956 -862.0000000000
5966 -861.0000000000
6006 -859.0000000000
6017 -858.0000000000
6033 -857.0000000000
6045 -856.0000000000
6076 -855.0000000000
6077 -854.0000000000
6091 -853.0000000000
6092 -852.0000000000
6095 -851.0000000000
6106 -850.0000000000
6108 -849.0000000000
6112 -848.0000000000
6120 -847.0000000000
6146 -846.0000000000
6158 -845.0000000000
6168 -844.0000000000
6174 -842.0000000000
6184 -841.0000000000
6205 -840.0000000000
6206 -838.0000000000
6209 -837.0000000000
6213 -835.0000000000
6228 -834.0000000000
6261 -833.0000000000
6299 -832.0000000000
6307 -831.0000000000
6313 -830.0000000000
6324 -829.0000000000
6336 -828.0000000000
6343 -827.0000000000
6346 -826.0000000000
6370 -825.0000000000
6382 -824.0000000000
6391 -822.0000000000
6422 -821.0000000000
6423 -820.0000000000
6439 -819.0000000000
6449 -818.0000000000
6458 -817.0000000000
6460 -815.0000000000
6468 -814.0000000000
6477 -813.0000000000
6494 -812.0000000000
6495 -811.0000000000
6500 -810.0000000000
6502 -809.0000000000
6531 -808.0000000000
6546 -807.0000000000
6570 -806.0000000000
6576 -805.0000000000
6606 -804.0000000000
6607 -803.0000000000
6616 -802.0000000000
6624 -801.0000000000
6640 -800.0000000000
6668 -799.0000000000
6677 -798.0000000000
6680 -797.0000000000
6686 -796.0000000000
6719 -795.0000000000
6721 -794.0000000000
6727 -793.0000000000
6751 -792.0000000000
6755 -791.0000000000
6771 -789.0000000000
6789 -788.0000000000
6801 -787.0000000000
6810 -786.0000000000
6852 -784.0000000000
6859 -783.0000000000
6860 -782.0000000000
6872 -781.0000000000
6876 -780.0000000000
6897 -779.0000000000
6913 -778.0000000000
6930 -777.0000000000
6940 -776.0000000000
6950 -775.0000000000
6951 -774.0000000000
6963 -773.0000000000
6982 -772.0000000000
6991 -771.0000000000
7001 -770.0000000000
7007 -769.0000000000
7086 -768.0000000000
7101 -767.0000000000
7104 -766.0000000000
7105 -765.0000000000
7110 -764.0000000000
7125 -763.0000000000
7127 -762.0000000000
7143 -761.0000000000
7155 -760.0000000000
7181 -759.0000000000
7185 -758.0000000000
7186 -757.0000000000
7207 -756.0000000000
7241 -755.0000000000
7243 -754.0000000000
7251 -753.0000000000
7279 -752.0000000000
7293 -749.0000000000
7299 -748.0000000000
7345 -747.0000000000
7352 -746.0000000000
7354 -745.0000000000
7355 -744.0000000000
7377 -743.0000000000
7384 -742.0000000000
7401 -741.0000000000
7421 -740.0000000000
7433 -739.0000000000
7442 -738.0000000000
7453 -736.0000000000
7467 -734.0000000000
7478 -733.0000000000
7482 -730.0000000000
7514 -729.0000000000
7555 -728.0000000000
7570 -726.0000000000
7596 -725.0000000000
7610 -722.0000000000
7613 -721.0000000000
7628 -720.0000000000
7642 -719.0000000000
7643 -718.0000000000
7649 -717.0000000000
7663 -716.0000000000
7667 -715.0000000000
7679 -714.0000000000
7685 -713.0000000000
7686 -712.0000000000
7688 -711.0000000000
7695 -710.0000000000
7708 -709.0000000000
7718 -708.0000000000
7744 -707.0000000000
7774 -706.0000000000
7782 -704.0000000000
7789 -703.0000000000
7813 -702.0000000000
7828 -701.0000000000
7831 -700.0000000000
7844 -699.0000000000
7848 -698.0000000000
7874 -697.0000000000
7930 -696.0000000000
7937 -695.0000000000
7938 -694.0000000000
7957 -692.0000000000
7961 -691.0000000000
8000 -690.0000000000
8023 -689.0000000000
8028 -688.0000000000
8035 -687.0000000000
8049 -686.0000000000
8060 -685.0000000000
8083 -684.0000000000
8093 -683.0000000000
8108 -682.0000000000
8115 -681.0000000000
8121 -680.0000000000
8125 -679.0000000000
8148 -678.0000000000
8168 -677.0000000000
8181 -676.0000000000
8210 -675.0000000000
8221 -674.0000000000
8222 -673.0000000000
8229 -672.0000000000
8240 -671.0000000000
8249 -670.0000000000
8279 -668.0000000000
8288 -667.0000000000
8290 -666.0000000000
8330 -665.0000000000
8339 -664.0000000000
8345 -663.0000000000
8347 -662.0000000000
8348 -661.0000000000
8374 -660.0000000000
8420 -659.0000000000
8436 -658.0000000000
8462 -657.0000000000
8483 -656.0000000000
8486 -655.0000000000
8492 -654.0000000000
8496 -653.0000000000
8506 -652.0000000000
8518 -651.0000000000
8519 -650.0000000000
8525 -649.0000000000
8530 -648.0000000000
8537 -647.0000000000
8544 -646.0000000000
8553 -645.0000000000
8585 -644.0000000000
8611 -643.0000000000
8647 -642.0000000000
8692 -641.0000000000
8742 -640.0000000000
8750 -639.0000000000
8825 -638.0000000000
8829 -637.0000000000
8834 -636.0000000000
8856 -635.0000000000
8871 -634.0000000000
8890 -633.0000000000
8911 -632.0000000000
8933 -631.0000000000
8934 -630.0000000000
8939 -629.0000000000
8949 -628.0000000000
8992 -627.0000000000
9007 -626.0000000000
9016 -625.0000000000
9021 -624.0000000000
9029 -623.0000000000
9056 -622.0000000000
9080 -621.0000000000
9091 -620.0000000000
9093 -619.0000000000
9095 -618.0000000000
9097 -617.0000000000
9105 -616.0000000000
9118 -615.0000000000
9130 -614.0000000000
9142 -613.0000000000
9146 -612.0000000000
9163 -611.0000000000
9188 -610.0000000000
9286 -609.0000000000
9292 -608.0000000000
9319 -607.0000000000
9322 -605.0000000000
9331 -604.0000000000
9338 -603.0000000000
9346 -602.0000000000
9357 -600.0000000000
9361 -599.0000000000
9393 -598.0000000000
9399 -597.0000000000
9413 -596.0000000000
9451 -595.0000000000
9455 -594.0000000000
9482 -593.0000000000
9531 -591.0000000000
9533 -590.0000000000
9545 -589.0000000000
9554 -588.0000000000
9555 -587.0000000000
9562 -586.0000000000
9583 -585.0000000000
9587 -584.0000000000
9596 -583.0000000000
9603 -582.0000000000
9618 -581.0000000000
9662 -579.0000000000
9675 -578.0000000000
9710 -577.0000000000
9719 -576.0000000000
9727 -575.0000000000
9733 -574.0000000000
9766 -573.0000000000
9802 -572.0000000000
9828 -571.0000000000
9845 -570.0000000000
9857 -569.0000000000
9858 -568.0000000000
9867 -567.0000000000
9877 -566.0000000000
9893 -565.0000000000
9914 -564.0000000000
9923 -563.0000000000
9950 -562.0000000000
10000 -562.0000000000
evaluations raw_y
1 -2015.0000000000
2 -2013.0000000000
3 -2012.0000000000
9 -2010.0000000000
12 -2009.0000000000
16 -2008.0000000000
20 -2007.0000000000
24 -2006.0000000000
29 -2005.0000000000
30 -2002.0000000000
33 -2001.0000000000
36 -2000.0000000000
44 -1999.0000000000
51 -1998.0000000000
52 -1997.0000000000
53 -1996.0000000000
56 -1994.0000000000
58 -1993.0000000000
59 -1992.0000000000
65 -1991.0000000000
66 -1990.0000000000
73 -1989.0000000000
76 -1988.0000000000
78 -1987.0000000000
82 -1986.0000000000
83 -1985.0000000000
86 -1983.0000000000
96 -1982.0000000000
97 -1980.0000000000
102 -1978.0000000000
104 -1976.0000000000
112 -1975.0000000000
113 -1974.0000000000
133 -1971.0000000000
137 -1970.0000000000
140 -1969.0000000000
144 -1968.0000000000
146 -1967.0000000000
155 -1966.0000000000
156 -1963.0000000000
158 -1962.0000000000
167 -1961.0000000000
168 -1960.0000000000
177 -1959.0000000000
184 -1958.0000000000
186 -1957.0000000000
187 -1955.0000000000
191 -1954.0000000000
195 -1953.0000000000
197 -1952.0000000000
198 -1950.0000000000
200 -1949.0000000000
205 -1948.0000000000
206 -1947.0000000000
207 -1945.0000000000
209 -1944.0000000000
221 -1943.0000000000
223 -1942.0000000000
226 -1941.0000000000
227 -1940.0000000000
229 -1939.0000000000
235 -1937.0000000000
236 -1936.0000000000
237 -1935.0000000000
238 -1934.0000000000
241 -1933.0000000000
245 -1932.0000000000
249 -1931.0000000000
259 -1930.0000000000
262 -1929.0000000000
264 -1928.0000000000
269 -1927.0000000000
273 -1926.0000000000
285 -1924.0000000000
287 -1923.0000000000
288 -1922.0000000000
289 -1921.0000000000
290 -1919.0000000000
295 -1918.0000000000
309 -1916.0000000000
311 -1915.0000000000
313 -1913.0000000000
320 -1912.0000000000
326 -1911.0000000000
332 -1910.0000000000
334 -1909.0000000000
338 -1908.0000000000
340 -1907.0000000000
348 -1906.0000000000
352 -1905.0000000000
353 -1904.0000000000
357 -1903.0000000000
361 -1902.0000000000
364 -1900.0000000000
365 -1899.0000000000
370 -1898.0000000000
371 -1897.0000000000
374 -1896.0000000000
376 -1894.0000000000
379 -1893.0000000000
383 -1892.0000000000
387 -1890.0000000000
390 -1889.0000000000
393 -1888.0000000000
395 -1887.0000000000
396 -1886.0000000000
401 -1885.0000000000
406 -1884.0000000000
409 -1882.0000000000
413 -1881.0000000000
417 -1880.0000000000
424 -1878.0000000000
426 -1877.0000000000
434 -1876.0000000000
435 -1875.0000000000
436 -1873.0000000000
439 -1872.0000000000
441 -1871.0000000000
443 -1869.0000000000
448 -1868.0000000000
453 -1867.0000000000
458 -1865.0000000000
461 -1864.0000000000
473 -1863.0000000000
480 -1862.0000000000
494 -1860.0000000000
496 -1859.0000000000
497 -1858.0000000000
499 -1857.0000000000
501 -1856.0000000000
503 -1855.0000000000
504 -1853.0000000000
505 -1852.0000000000
517 -1851.0000000000
518 -1850.0000000000
524 -1849.0000000000
533 -1848.0000000000
539 -1846.0000000000
545 -1845.0000000000
554 -1843.0000000000
564 -1842.0000000000
572 -1841.0000000000
581 -1840.0000000000
584 -1839.0000000000
585 -1838.0000000000
591 -1835.0000000000
594 -1833.0000000000
604 -1832.0000000000
605 -1831.0000000000
608 -1830.0000000000
612 -1829.0000000000
620 -1827.0000000000
626 -1826.0000000000
630 -1825.0000000000
634 -1824.0000000000
639 -1823.0000000000
641 -1822.0000000000
644 -1821.0000000000
650 -1820.0000000000
653 -1819.0000000000
658 -1818.0000000000
659 -1817.0000000000
662 -1816.0000000000
670 -1815.0000000000
671 -1814.0000000000
673 -1813.0000000000
688 -1812.0000000000
690 -1810.0000000000
694 -1809.0000000000
698 -1808.0000000000
699 -1807.0000000000
701 -1806.0000000000
710 -1805.0000000000
711 -1803.0000000000
718 -1802.0000000000
720 -1801.0000000000
726 -1799.0000000000
739 -1798.0000000000
742 -1797.0000000000
750 -1796.0000000000
751 -1794.0000000000
754 -1793.0000000000
760 -1792.0000000000
764 -1791.0000000000
768 -1790.0000000000
774 -1788.0000000000
790 -1787.0000000000
792 -1786.0000000000
794 -1784.0000000000
798 -1783.0000000000
805 -1781.0000000000
814 -1778.0000000000
816 -1777.0000000000
819 -1776.0000000000
822 -1775.0000000000
825 -1774.0000000000
835 -1773.0000000000
841 -1772.0000000000
847 -1771.0000000000
852 -1770.0000000000
854 -1769.0000000000
855 -1768.0000000000
856 -1767.0000000000
859 -1766.0000000000
861 -1765.0000000000
865 -1764.0000000000
867 -1763.0000000000
877 -1762.0000000000
878 -1761.0000000000
887 -1759.0000000000
889 -1758.0000000000
904 -1757.0000000000
911 -1756.0000000000
912 -1755.0000000000
917 -1753.0000000000
937 -1752.0000000000
938 -1751.0000000000
945 -1750.0000000000
947 -1749.0000000000
951 -1748.0000000000
952 -1747.0000000000
963 -1745.0000000000
965 -1744.0000000000
975 -1743.0000000000
979 -1742.0000000000
981 -1741.0000000000
984 -1740.0000000000
988 -1739.0000000000
989 -1738.0000000000
997 -1737.0000000000
998 -1736.0000000000
1004 -1735.0000000000
1013 -1734.0000000000
1016 -1733.0000000000
1019 -1731.0000000000
1020 -1729.0000000000
1021 -1728.0000000000
1027 -1727.0000000000
1031 -1726.0000000000
1035 -1725.0000000000
1036 -1724.0000000000
1042 -1722.0000000000
1053 -1720.0000000000
1057 -1719.0000000000
1069 -1718.0000000000
1070 -1716.0000000000
1076 -1715.0000000000
1099 -1713.0000000000
1100 -1712.0000000000
1101 -1710.0000000000
1102 -1709.0000000000
1103 -1708.0000000000
1107 -1707.0000000000
1114 -1706.0000000000
1118 -1704.0000000000
1122 -1703.0000000000
1127 -1702.0000000000
1130 -1701.0000000000
1134 -1699.0000000000
1144 -1698.0000000000
1145 -1697.0000000000
1146 -1696.0000000000
1147 -1695.0000000000
1150 -1694.0000000000
1156 -1693.0000000000
1157 -1692.0000000000
1162 -1691.0000000000
1166 -1690.0000000000
1190 -1689.0000000000
1192 -1688.0000000000
1200 -1687.0000000000
1209 -1686.0000000000
1219 -1685.0000000000
1224 -1683.0000000000
1226 -1682.0000000000
1274 -1681.0000000000
1275 -1680.0000000000
1277 -1679.0000000000
1290 -1678.0000000000
1299 -1677.0000000000
1302 -1676.0000000000
1305 -1675.0000000000
1312 -1674.0000000000
1324 -1673.0000000000
1325 -1672.0000000000
1328 -1671.0000000000
1337 -1669.0000000000
1338 -1668.0000000000
1341 -1667.0000000000
1342 -1665.0000000000
1344 -1663.0000000000
1348 -1662.0000000000
1350 -1661.0000000000
1352 -1660.0000000000
1360 -1659.0000000000
1369 -1658.0000000000
1370 -1657.0000000000
1374 -1656.0000000000
1375 -1654.0000000000
1378 -1652.0000000000
1381 -1651.0000000000
1383 -1650.0000000000
1387 -1649.0000000000
1388 -1648.0000000000
1392 -1647.0000000000
1395 -1646.0000000000
1399 -1644.0000000000
1407 -1643.0000000000
1433 -1642.0000000000
1435 -1641.0000000000
1436 -1640.0000000000
1437 -1639.0000000000
1438 -1638.0000000000
1441 -1637.0000000000
1454 -1636.0000000000
1458 -1635.0000000000
1461 -1634.0000000000
1463 -1633.0000000000
1472 -1632.0000000000
1475 -1631.0000000000
1479 -1630.0000000000
1488 -1629.0000000000
1492 -1628.0000000000
1500 -1627.0000000000
1506 -1626.0000000000
1511 -1624.0000000000
1512 -1623.0000000000
1514 -1622.0000000000
1522 -1621.0000000000
1524 -1620.0000000000
1539 -1619.0000000000
1543 -1617.0000000000
1557 -1616.0000000000
1570 -1615.0000000000
1574 -1614.0000000000
1577 -1613.0000000000
1582 -1612.0000000000
1586 -1611.0000000000
1594 -1610.0000000000
1595 -1609.0000000000
1597 -1608.0000000000
1599 -1607.0000000000
1607 -1606.0000000000
1611 -1605.0000000000
1616 -1603.0000000000
1629 -1602.0000000000
1630 -1601.0000000000
1631 -1600.0000000000
1639 -1599.0000000000
1641 -1597.0000000000
1642 -1596.0000000000
1644 -1594.0000000000
1652 -1593.0000000000
1663 -1592.0000000000
1664 -1590.0000000000
1666 -1588.0000000000
1672 -1585.0000000000
1675 -1583.0000000000
1690 -1580.0000000000
1694 -1579.0000000000
1714 -1578.0000000000
1721 -1577.0000000000
1733 -1576.0000000000
1740 -1574.0000000000
1742 -1572.0000000000
1747 -1571.0000000000
1751 -1570.0000000000
1753 -1569.0000000000
1757 -1568.0000000000
1762 -1567.0000000000
1766 -1566.0000000000
1768 -1565.0000000000
1772 -1564.0000000000
1774 -1563.0000000000
1778 -1562.0000000000
1793 -1561.0000000000
1804 -1559.0000000000
1807 -1558.0000000000
1813 -1557.0000000000
1814 -1556.0000000000
1816 -1555.0000000000
1821 -1554.0000000000
1822 -1553.0000000000
1843 -1552.0000000000
1845 -1551.0000000000
1846 -1550.0000000000
1863 -1549.0000000000
1867 -1547.0000000000
1873 -1546.0000000000
1875 -1544.0000000000
1881 -1543.0000000000
1889 -1542.0000000000
1890 -1541.0000000000
1903 -1538.0000000000
1908 -1537.0000000000
1914 -1536.0000000000
1917 -1534.0000000000
1918 -1532.0000000000
1925 -1531.0000000000
1930 -1530.0000000000
1943 -1529.0000000000
1944 -1528.0000000000
1947 -1527.0000000000
1958 -1526.0000000000
1962 -1525.0000000000
1965 -1524.0000000000
1973 -1523.0000000000
1980 -1522.0000000000
1986 -1521.0000000000
1992 -1520.0000000000
1993 -1519.0000000000
1994 -1518.0000000000
2001 -1517.0000000000
2009 -1515.0000000000
2014 -1514.0000000000
2031 -1513.0000000000
2034 -1512.0000000000
2038 -1510.0000000000
2039 -1509.0000000000
2047 -1508.0000000000
2060 -1507.0000000000
2065 -1506.0000000000
2074 -1505.0000000000
2078 -1504.0000000000
2081 -1503.0000000000
2087 -1502.0000000000
2090 -1501.0000000000
2096 -1500.0000000000
2102 -1499.0000000000
2107 -1498.0000000000
2110 -1497.0000000000
2123 -1495.0000000000
2124 -1494.0000000000
2125 -1491.0000000000
2129 -1490.0000000000
2138 -1488.0000000000
2141 -1487.0000000000
2160 -1486.0000000000
2165 -1485.0000000000
2169 -1483.0000000000
2178 -1482.0000000000
2181 -1481.0000000000
2185 -1480.0000000000
2189 -1478.0000000000
2196 -1477.0000000000
2198 -1476.0000000000
2204 -1475.0000000000
2209 -1474.0000000000
2211 -1473.0000000000
2214 -1472.0000000000
2217 -1471.0000000000
2220 -1470.0000000000
2228 -1469.0000000000
2240 -1468.0000000000
2241 -1467.0000000000
2256 -1466.0000000000
2260 -1465.0000000000
2262 -1464.0000000000
2270 -1463.0000000000
2277 -1462.0000000000
2292 -1461.0000000000
2293 -1460.0000000000
2298 -1459.0000000000
2307 -1458.0000000000
2309 -1456.0000000000
2311 -1455.0000000000
2320 -1454.0000000000
2333 -1453.0000000000
2334 -1452.0000000000
2339 -1451.0000000000
2344 -1450.0000000000
2347 -1449.0000000000
2353 -1448.0000000000
2359 -1447.0000000000
2360 -1446.0000000000
2363 -1445.0000000000
2365 -1444.0000000000
2366 -1443.0000000000
2370 -1441.0000000000
2376 -1440.0000000000
2381 -1439.0000000000
2383 -1438.0000000000
2395 -1437.0000000000
2401 -1436.0000000000
2414 -1435.0000000000
2416 -1434.0000000000
2417 -1433.0000000000
2420 -1431.0000000000
2424 -1430.0000000000
2427 -1429.0000000000
2433 -1428.0000000000
2437 -1427.0000000000
2444 -1426.0000000000
2446 -1425.0000000000
2447 -1424.0000000000
2456 -1423.0000000000
2460 -1422.0000000000
2470 -1420.0000000000
2471 -1419.0000000000
2480 -1418.0000000000
2483 -1417.0000000000
2501 -1416.0000000000
2505 -1414.0000000000
2514 -1413.0000000000
2522 -1410.0000000000
2523 -1409.0000000000
2526 -1407.0000000000
2527 -1406.0000000000
2536 -1405.0000000000
2538 -1403.0000000000
2539 -1402.0000000000
2541 -1401.0000000000
2542 -1400.0000000000
2572 -1399.0000000000
2589 -1398.0000000000
2592 -1397.0000000000
2595 -1394.0000000000
2597 -1393.0000000000
2598 -1392.0000000000
2603 -1391.0000000000
2609 -1390.0000000000
2610 -1389.0000000000
2626 -1388.0000000000
2635 -1387.0000000000
2644 -1386.0000000000
2657 -1385.0000000000
2658 -1384.0000000000
2660 -1382.0000000000
2669 -1381.0000000000
2676 -1380.0000000000
2677 -1377.0000000000
2680 -1376.0000000000
2691 -1375.0000000000
2692 -1374.0000000000
2695 -1373.0000000000
2697 -1372.0000000000
2700 -1371.0000000000
2707 -1369.0000000000
2708 -1368.0000000000
2709 -1367.0000000000
2717 -1366.0000000000
2719 -1365.0000000000
2721 -1364.0000000000
2722 -1361.0000000000
2724 -1360.0000000000
2727 -1359.0000000000
2728 -1358.0000000000
2736 -1357.0000000000
2742 -1356.0000000000
2744 -1355.0000000000
2748 -1354.0000000000
2749 -1353.0000000000
2750 -1352.0000000000
2754 -1351.0000000000
2760 -1350.0000000000
2770 -1349.0000000000
2774 -1348.0000000000
2781 -1347.0000000000
2797 -1346.0000000000
2799 -1345.0000000000
2801 -1343.0000000000
2804 -1342.0000000000
2814 -1341.0000000000
2833 -1340.0000000000
2834 -1339.0000000000
2836 -1338.0000000000
2837 -1337.0000000000
2839 -1336.0000000000
2840 -1335.0000000000
2842 -1334.0000000000
2849 -1333.0000000000
2852 -1332.0000000000
2855 -1331.0000000000
2864 -1329.0000000000
2868 -1328.0000000000
2872 -1327.0000000000
2894 -1326.0000000000
2895 -1325.0000000000
2906 -1324.0000000000
2908 -1323.0000000000
2915 -1322.0000000000
2921 -1321.0000000000
2925 -1320.0000000000
2929 -1319.0000000000
2932 -1318.0000000000
2935 -1317.0000000000
2959 -1316.0000000000
2964 -1315.0000000000
2974 -1314.0000000000
2986 -1313.0000000000
2999 -1312.0000000000
3011 -1311.0000000000
3013 -1310.0000000000
3024 -1309.0000000000
3026 -1308.0000000000
3028 -1307.0000000000
3035 -1305.0000000000
3043 -1304.0000000000
3048 -1303.0000000000
3053 -1302.0000000000
3068 -1301.0000000000
3074 -1300.0000000000
3083 -1299.0000000000
3114 -1298.0000000000
3117 -1296.0000000000
3123 -1295.0000000000
3128 -1293.0000000000
3131 -1292.0000000000
3141 -1291.0000000000
3144 -1290.0000000000
3148 -1289.0000000000
3159 -1285.0000000000
3161 -1283.0000000000
3164 -1282.0000000000
3169 -1280.0000000000
3172 -1279.0000000000
3175 -1278.0000000000
3179 -1277.0000000000
3183 -1276.0000000000
3196 -1275.0000000000
3197 -1274.0000000000
3205 -1273.0000000000
3210 -1272.0000000000
3217 -1270.0000000000
3220 -1269.0000000000
3221 -1268.0000000000
3222 -1267.0000000000
3233 -1266.0000000000
3251 -1265.0000000000
3256 -1264.0000000000
3259 -1263.0000000000
3260 -1262.0000000000
3267 -1259.0000000000
3268 -1258.0000000000
3270 -1257.0000000000
3271 -1256.0000000000
3284 -1255.0000000000
3290 -1253.0000000000
3291 -1252.0000000000
3294 -1251.0000000000
3301 -1248.0000000000
3320 -1247.0000000000
3332 -1246.0000000000
3336 -1245.0000000000
3341 -1244.0000000000
3345 -1243.0000000000
3346 -1242.0000000000
3349 -1241.0000000000
3361 -1240.0000000000
3363 -1239.0000000000
3367 -1238.0000000000
3378 -1237.0000000000
3380 -1236.0000000000
3384 -1235.0000000000
3390 -1234.0000000000
3397 -1233.0000000000
3406 -1232.0000000000
3410 -1231.0000000000
3415 -1229.0000000000
3433 -1228.0000000000
3440 -1226.0000000000
3443 -1225.0000000000
3447 -1224.0000000000
3450 -1223.0000000000
3455 -1221.0000000000
3456 -1217.0000000000
3458 -1216.0000000000
3468 -1215.0000000000
3473 -1214.0000000000
3482 -1213.0000000000
3519 -1212.0000000000
3521 -1211.0000000000
3541 -1210.0000000000
3547 -1209.0000000000
3551 -1208.0000000000
3557 -1207.0000000000
3562 -1206.0000000000
3566 -1205.0000000000
3570 -1204.0000000000
3581 -1203.0000000000
3582 -1202.0000000000
3590 -1201.0000000000
3591 -1200.0000000000
3608 -1199.0000000000
3612 -1198.0000000000
3615 -1197.0000000000
3616 -1196.0000000000
3620 -1195.0000000000
3626 -1194.0000000000
3627 -1191.0000000000
3636 -1190.0000000000
3646 -1189.0000000000
3660 -1188.0000000000
3662 -1186.0000000000
3665 -1185.0000000000
3667 -1183.0000000000
3675 -1182.0000000000
3690 -1181.0000000000
3706 -1180.0000000000
3708 -1179.0000000000
3712 -1177.0000000000
3713 -1176.0000000000
3720 -1175.0000000000
3733 -1174.0000000000
3753 -1172.0000000000
3761 -1170.0000000000
3767 -1169.0000000000
3778 -1168.0000000000
3780 -1167.0000000000
3785 -1166.0000000000
3788 -1165.0000000000
3791 -1164.0000000000
3795 -1163.0000000000
3823 -1162.0000000000
3831 -1160.0000000000
3833 -1159.0000000000
3836 -1158.0000000000
3844 -1157.0000000000
3845 -1156.0000000000
3853 -1155.0000000000
3858 -1154.0000000000
3870 -1153.0000000000
3871 -1152.0000000000
3874 -1151.0000000000
3876 -1150.0000000000
3887 -1149.0000000000
3888 -1148.0000000000
3889 -1147.0000000000
3892 -1146.0000000000
3908 -1145.0000000000
3913 -1144.0000000000
3916 -1143.0000000000
3920 -1142.0000000000
3921 -1141.0000000000
3924 -1140.0000000000
3937 -1138.0000000000
3962 -1137.0000000000
3968 -1135.0000000000
3969 -1134.0000000000
3989 -1133.0000000000
4006 -1132.0000000000
4007 -1131.0000000000
4016 -1130.0000000000
4023 -1129.0000000000
4031 -1128.0000000000
4033 -1127.0000000000
4048 -1126.0000000000
4057 -1125.0000000000
4065 -1123.0000000000
4066 -1122.0000000000
4075 -1121.0000000000
4080 -1120.0000000000
4088 -1119.0000000000
4098 -1118.0000000000
4106 -1117.0000000000
4113 -1116.0000000000
4117 -1115.0000000000
4119 -1114.0000000000
4126 -1113.0000000000
4133 -1112.0000000000
4134 -1111.0000000000
4143 -1110.0000000000
4147 -1109.0000000000
4149 -1108.0000000000
4166 -1107.0000000000
4184 -1106.0000000000
4195 -1105.0000000000
4200 -1104.0000000000
4205 -1103.0000000000
4209 -1102.0000000000
4214 -1101.0000000000
4244 -1100.0000000000
4265 -1099.0000000000
4266 -1098.0000000000
4271 -1097.0000000000
4273 -1095.0000000000
4280 -1094.0000000000
4285 -1092.0000000000
4294 -1091.0000000000
4296 -1090.0000000000
4298 -1089.0000000000
4306 -1088.0000000000
4313 -1087.0000000000
4325 -1086.0000000000
4350 -1085.0000000000
4355 -1084.0000000000
4356 -1083.0000000000
4359 -1082.0000000000
4367 -1081.0000000000
4377 -1080.0000000000
4385 -1079.0000000000
4396 -1078.0000000000
4397 -1077.0000000000
4407 -1076.0000000000
4417 -1074.0000000000
4420 -1073.0000000000
4422 -1072.0000000000
4426 -1069.0000000000
4430 -1067.0000000000
4443 -1066.0000000000
4449 -1064.0000000000
4452 -1063.0000000000
4457 -1062.0000000000
4460 -1061.0000000000
4462 -1060.0000000000
4475 -1059.0000000000
4480 -1058.0000000000
4498 -1057.0000000000
4524 -1056.0000000000
4528 -1055.0000000000
4529 -1054.0000000000
4534 -1053.0000000000
4551 -1052.0000000000
4555 -1051.0000000000
4574 -1049.0000000000
4579 -1048.0000000000
4586 -1047.0000000000
4589 -1046.0000000000
4600 -1045.0000000000
4606 -1044.0000000000
4618 -1043.0000000000
4634 -1042.0000000000
4636 -1041.0000000000
4648 -1040.0000000000
4650 -1039.0000000000
4657 -1038.0000000000
4690 -1037.0000000000
4710 -1036.0000000000
4713 -1035.0000000000
4717 -1033.0000000000
4735 -1032.0000000000
4737 -1031.0000000000
4759 -1030.0000000000
4770 -1029.0000000000
4775 -1028.0000000000
4792 -1026.0000000000
4794 -1025.0000000000
4797 -1024.0000000000
4804 -1023.0000000000
4827 -1022.0000000000
4853 -1021.0000000000
4858 -1020.0000000000
4861 -1019.0000000000
4884 -1017.0000000000
4905 -1016.0000000000
4907 -1015.0000000000
4916 -1012.0000000000
4917 -1011.0000000000
4925 -1010.0000000000
4939 -1009.0000000000
4946 -1008.0000000000
4950 -1007.0000000000
4959 -1006.0000000000
4961 -1004.0000000000
4963 -1003.0000000000
4965 -1002.0000000000
4966 -1001.0000000000
4969 -999.0000000000
4981 -996.0000000000
4993 -995.0000000000
5020 -994.0000000000
5026 -993.0000000000
5029 -992.0000000000
5030 -990.0000000000
5031 -989.0000000000
5050 -988.0000000000
5053 -987.0000000000
5059 -986.0000000000
5070 -985.0000000000
5079 -984.0000000000
5082 -982.0000000000
5083 -981.0000000000
5086 -980.0000000000
5096 -979.0000000000
5097 -978.0000000000
5123 -976.0000000000
5124 -975.0000000000
5131 -972.0000000000
5138 -971.0000000000
5156 -970.0000000000
5171 -969.0000000000
5179 -967.0000000000
5208 -966.0000000000
5233 -965.0000000000
5240 -964.0000000000
5242 -963.0000000000
5257 -962.0000000000
5276 -960.0000000000
5287 -959.0000000000
5299 -958.0000000000
5300 -957.0000000000
5307 -956.0000000000
5316 -955.0000000000
5346 -954.0000000000
5354 -953.0000000000
5356 -952.0000000000
5372 -951.0000000000
5374 -950.0000000000
5388 -949.0000000000
5390 -948.0000000000
5393 -947.0000000000
5402 -946.0000000000
5408 -944.0000000000
5427 -943.0000000000
5441 -942.0000000000
5443 -941.0000000000
5462 -940.0000000000
5467 -939.0000000000
5470 -938.0000000000
5477 -937.0000000000
5482 -935.0000000000
5485 -934.0000000000
5494 -932.0000000000
5495 -931.0000000000
5516 -930.0000000000
5526 -929.0000000000
5529 -928.0000000000
5538 -927.0000000000
5539 -926.0000000000
5543 -924.0000000000
5553 -923.0000000000
5565 -922.0000000000
5575 -921.0000000000
5576 -919.0000000000
5577 -918.0000000000
5586 -917.0000000000
5609 -916.0000000000
5615 -915.0000000000
5632 -914.0000000000
5659 -913.0000000000
5663 -912.0000000000
5664 -910.0000000000
5666 -908.0000000000
5670 -907.0000000000
5679 -906.0000000000
5680 -903.0000000000
5685 -902.0000000000
5686 -901.0000000000
5700 -900.0000000000
5711 -898.0000000000
5712 -897.0000000000
5720 -896.0000000000
5741 -895.0000000000
5749 -894.0000000000
5752 -893.0000000000
5754 -892.0000000000
5767 -891.0000000000
5777 -890.0000000000
5786 -889.0000000000
5787 -888.0000000000
5826 -887.0000000000
5832 -886.0000000000
5841 -885.0000000000
5860 -884.0000000000
5870 -883.0000000000
5872 -882.0000000000
5893 -881.0000000000
5897 -880.0000000000
5905 -879.0000000000
5916 -878.0000000000
5934 -877.0000000000
5938 -876.0000000000
5965 -875.0000000000
5976 -874.0000000000
5992 -873.0000000000
5995 -872.0000000000
6003 -871.0000000000
6006 -870.0000000000
6013 -869.0000000000
6018 -868.0000000000
6031 -867.0000000000
6035 -866.0000000000
6044 -865.0000000000
6069 -864.0000000000
6076 -863.0000000000
6077 -862.0000000000
6094 -861.0000000000
6096 -860.0000000000
6106 -859.0000000000
6115 -858.0000000000
6149 -857.0000000000
6174 -856.0000000000
6181 -855.0000000000
6198 -854.0000000000
6206 -853.0000000000
6243 -852.0000000000
6258 -850.0000000000
6269 -849.0000000000
6270 -848.0000000000
6275 -847.0000000000
6293 -846.0000000000
6298 -845.0000000000
6307 -843.0000000000
6335 -842.0000000000
6341 -841.0000000000
6346 -840.0000000000
6357 -839.0000000000
6364 -838.0000000000
6369 -837.0000000000
6374 -836.0000000000
6375 -835.0000000000
6385 -834.0000000000
6387 -833.0000000000
6395 -832.0000000000
6410 -831.0000000000
6421 -830.0000000000
6431 -829.0000000000
6433 -828.0000000000
6437 -827.0000000000
6440 -826.0000000000
6463 -824.0000000000
6473 -823.0000000000
6485 -822.0000000000
6489 -821.0000000000
6498 -820.0000000000
6523 -819.0000000000
6535 -818.0000000000
6538 -817.0000000000
6571 -816.0000000000
6580 -815.0000000000
6582 -814.0000000000
6594 -813.0000000000
6596 -812.0000000000
6608 -811.0000000000
6639 -810.0000000000
6667 -809.0000000000
6696 -807.0000000000
6702 -806.0000000000
6719 -805.0000000000
6730 -804.0000000000
6741 -803.0000000000
6743 -802.0000000000
6749 -801.0000000000
6763 -800.0000000000
6767 -799.0000000000
6779 -798.0000000000
6780 -797.0000000000
6788 -796.0000000000
6790 -795.0000000000
6798 -794.0000000000
6816 -793.0000000000
6829 -792.0000000000
6830 -791.0000000000
6842 -790.0000000000
6874 -789.0000000000
6887 -788.0000000000
6889 -787.0000000000
6893 -786.0000000000
6899 -784.0000000000
6912 -783.0000000000
6917 -782.0000000000
6949 -781.0000000000
6950 -780.0000000000
6962 -779.0000000000
6965 -777.0000000000
6971 -776.0000000000
6972 -775.0000000000
6974 -774.0000000000
6997 -773.0000000000
7002 -772.0000000000
7032 -771.0000000000
7037 -770.0000000000
7043 -769.0000000000
7052 -768.0000000000
7084 -766.0000000000
7104 -765.0000000000
7120 -764.0000000000
7127 -763.0000000000
7133 -762.0000000000
7146 -761.0000000000
7147 -759.0000000000
7163 -758.0000000000
7178 -757.0000000000
7183 -756.0000000000
7189 -755.0000000000
7194 -754.0000000000
7206 -753.0000000000
7210 -752.0000000000
7216 -751.0000000000
7236 -750.0000000000
7262 -749.0000000000
7271 -748.0000000000
7274 -746.0000000000
7288 -745.0000000000
7293 -744.0000000000
7298 -743.0000000000
7309 -742.0000000000
7324 -741.0000000000
7330 -740.0000000000
7336 -739.0000000000
7355 -738.0000000000
7357 -736.0000000000
7365 -735.0000000000
7405 -734.0000000000
7411 -733.0000000000
7419 -732.0000000000
7424 -731.0000000000
7442 -730.0000000000
7476 -729.0000000000
7511 -728.0000000000
7515 -727.0000000000
7533 -726.0000000000
7538 -725.0000000000
7541 -723.0000000000
7561 -722.0000000000
7586 -721.0000000000
7604 -720.0000000000
7619 -719.0000000000
7656 -718.0000000000
7658 -717.0000000000
7678 -716.0000000000
7689 -715.0000000000
7705 -714.0000000000
7707 -713.0000000000
7727 -711.0000000000
7738 -710.0000000000
7759 -709.0000000000
7765 -708.0000000000
7815 -707.0000000000
7816 -706.0000000000
7840 -704.0000000000
7852 -703.0000000000
7855 -702.0000000000
7867 -700.0000000000
7875 -699.0000000000
7880 -698.0000000000
7894 -697.0000000000
7905 -696.0000000000
7923 -695.0000000000
7934 -694.0000000000
7937 -693.0000000000
7959 -692.0000000000
7960 -691.0000000000
7962 -690.0000000000
7970 -689.0000000000
7976 -688.0000000000
7977 -687.0000000000
7990 -686.0000000000
8006 -685.0000000000
8019 -684.0000000000
8021 -683.0000000000
8042 -682.0000000000
8046 -681.0000000000
8052 -680.0000000000
8069 -679.0000000000
8090 -678.0000000000
8107 -676.0000000000
8125 -675.0000000000
8127 -674.0000000000
8145 -673.0000000000
8179 -672.0000000000
8197 -670.0000000000
8212 -669.0000000000
8217 -668.0000000000
8218 -667.0000000000
8222 -666.0000000000
8224 -665.0000000000
8246 -664.0000000000
8259 -663.0000000000
8268 -662.0000000000
8304 -661.0000000000
8309 -660.0000000000
8311 -659.0000000000
8345 -658.0000000000
8346 -657.0000000000
8423 -656.0000000000
8431 -655.0000000000
8432 -654.0000000000
8470 -653.0000000000
8472 -650.0000000000
8488 -649.0000000000
8492 -648.0000000000
8494 -646.0000000000
8495 -645.0000000000
8502 -644.0000000000
8510 -643.0000000000
8520 -642.0000000000
8578 -641.0000000000
8585 -640.0000000000
8587 -639.0000000000
8588 -638.0000000000
8594 -637.0000000000
8602 -636.0000000000
8613 -635.0000000000
8630 -634.0000000000
8638 -633.0000000000
8664 -632.0000000000
8668 -631.0000000000
8674 -630.0000000000
8678 -628.0000000000
8694 -627.0000000000
8701 -626.0000000000
8716 -625.0000000000
8718 -624.0000000000
8721 -623.0000000000
8743 -622.0000000000
8746 -621.0000000000
8753 -620.0000000000
8758 -619.0000000000
8759 -618.0000000000
8764 -617.0000000000
8782 -616.0000000000
8794 -614.0000000000
8815 -612.0000000000
8829 -611.0000000000
8834 -610.0000000000
8860 -609.0000000000
8863 -608.0000000000
8897 -607.0000000000
8909 -606.0000000000
8913 -604.0000000000
8921 -603.0000000000
8923 -602.0000000000
8925 -601.0000000000
8927 -599.0000000000
8931 -598.0000000000
8967 -597.0000000000
8985 -596.0000000000
9021 -595.0000000000
9128 -594.0000000000
9155 -593.0000000000
9164 -591.0000000000
9182 -590.0000000000
9206 -589.0000000000
9227 -587.0000000000
9230 -586.0000000000
9250 -585.0000000000
9269 -584.0000000000
9311 -583.0000000000
9351 -582.0000000000
9387 -581.0000000000
9388 -580.0000000000
9404 -579.0000000000
9409 -578.0000000000
9411 -577.0000000000
9412 -576.0000000000
9419 -575.0000000000
9421 -574.0000000000
9423 -573.0000000000
9442 -571.0000000000
9451 -570.0000000000
9470 -569.0000000000
9480 -568.0000000000
9491 -567.0000000000
9500 -566.0000000000
9527 -565.0000000000
9530 -564.0000000000
9560 -563.0000000000
9570 -562.0000000000
9594 -560.0000000000
9623 -559.0000000000
9627 -558.0000000000
9653 -557.0000000000
9674 -555.0000000000
9696 -554.0000000000
9697 -553.0000000000
9698 -552.0000000000
9709 -551.0000000000
9735 -550.0000000000
9752 -549.0000000000
9763 -548.0000000000
9766 -547.0000000000
9777 -546.0000000000
9778 -545.0000000000
9782 -544.0000000000
9794 -543.0000000000
9804 -542.0000000000
9805 -541.0000000000
9810 -540.0000000000
9863 -539.0000000000
9908 -538.0000000000
9918 -537.0000000000
9928 -536.0000000000
9949 -535.0000000000
9968 -534.0000000000
9995 -533.0000000000
10000 -533.0000000000
evaluations raw_y
1 -2036.0000000000
2 -2035.0000000000
8 -2034.0000000000
13 -2033.0000000000
14 -2031.0000000000
16 -2029.0000000000
28 -2028.0000000000
39 -2027.0000000000
44 -2026.0000000000
45 -2025.0000000000
46 -2024.0000000000
47 -2023.0000000000
52 -2020.0000000000
53 -2019.0000000000
55 -2018.0000000000
62 -2017.0000000000
63 -2016.0000000000
64 -2014.0000000000
69 -2012.0000000000
78 -2011.0000000000
80 -2010.0000000000
83 -2008.0000000000
85 -2007.0000000000
92 -2006.0000000000
95 -2004.0000000000
96 -2002.0000000000
97 -2000.0000000000
101 -1998.0000000000
112 -1997.0000000000
115 -1996.0000000000
116 -1995.0000000000
122 -1994.0000000000
124 -1993.0000000000
127 -1991.0000000000
128 -1990.0000000000
130 -1989.0000000000
131 -1987.0000000000
132 -1985.0000000000
133 -1984.0000000000
136 -1983.0000000000
139 -1981.0000000000
152 -1979.0000000000
153 -1978.0000000000
155 -1977.0000000000
157 -1976.0000000000
160 -1975.0000000000
164 -1974.0000000000
166 -1973.0000000000
168 -1972.0000000000
169 -1970.0000000000
170 -1969.0000000000
174 -1968.0000000000
176 -1967.0000000000
183 -1966.0000000000
187 -1965.0000000000
188 -1963.0000000000
199 -1961.0000000000
200 -1959.0000000000
202 -1957.0000000000
203 -1955.0000000000
211 -1954.0000000000
216 -1953.0000000000
217 -1952.0000000000
222 -1951.0000000000
223 -1949.0000000000
224 -1947.0000000000
227 -1945.0000000000
239 -1942.0000000000
249 -1941.0000000000
251 -1939.0000000000
255 -1937.0000000000
261 -1936.0000000000
268 -1935.0000000000
277 -1934.0000000000
285 -1931.0000000000
287 -1928.0000000000
295 -1927.0000000000
297 -1926.0000000000
301 -1924.0000000000
303 -1923.0000000000
306 -1922.0000000000
308 -1921.0000000000
309 -1920.0000000000
311 -1919.0000000000
315 -1917.0000000000
321 -1916.0000000000
324 -1914.0000000000
325 -1913.0000000000
327 -1912.0000000000
328 -1911.0000000000
331 -1909.0000000000
340 -1908.0000000000
342 -1906.0000000000
345 -1905.0000000000
348 -1903.0000000000
349 -1902.0000000000
354 -1901.0000000000
363 -1900.0000000000
367 -1899.0000000000
371 -1898.0000000000
372 -1896.0000000000
373 -1895.0000000000
376 -1894.0000000000
378 -1893.0000000000
381 -1892.0000000000
384 -1891.0000000000
387 -1890.0000000000
389 -1889.0000000000
397 -1887.0000000000
400 -1886.0000000000
403 -1885.0000000000
412 -1884.0000000000
415 -1882.0000000000
419 -1881.0000000000
422 -1880.0000000000
432 -1879.0000000000
438 -1878.0000000000
443 -1877.0000000000
445 -1876.0000000000
449 -1875.0000000000
450 -1873.0000000000
452 -1872.0000000000
454 -1870.0000000000
459 -1869.0000000000
460 -1868.0000000000
464 -1867.0000000000
466 -1866.0000000000
467 -1864.0000000000
468 -1863.0000000000
476 -1862.0000000000
481 -1861.0000000000
492 -1859.0000000000
494 -1857.0000000000
500 -1856.0000000000
507 -1855.0000000000
509 -1854.0000000000
511 -1853.0000000000
513 -1852.0000000000
515 -1851.0000000000
518 -1850.0000000000
524 -1849.0000000000
528 -1847.0000000000
533 -1846.0000000000
535 -1844.0000000000
539 -1843.0000000000
542 -1842.0000000000
545 -1841.0000000000
546 -1840.0000000000
548 -1839.0000000000
550 -1837.0000000000
554 -1836.0000000000
557 -1835.0000000000
561 -1834.0000000000
565 -1832.0000000000
569 -1831.0000000000
572 -1830.0000000000
577 -1829.0000000000
583 -1828.0000000000
588 -1826.0000000000
590 -1825.0000000000
596 -1824.0000000000
600 -1822.0000000000
601 -1821.0000000000
607 -1820.0000000000
608 -1818.0000000000
611 -1817.0000000000
612 -1816.0000000000
616 -1815.0000000000
617 -1814.0000000000
623 -1813.0000000000
627 -1811.0000000000
628 -1810.0000000000
632 -1809.0000000000
633 -1808.0000000000
634 -1807.0000000000
643 -1805.0000000000
646 -1803.0000000000
647 -1802.0000000000
650 -1801.0000000000
653 -1800.0000000000
654 -1799.0000000000
655 -1798.0000000000
661 -1797.0000000000
673 -1795.0000000000
674 -1794.0000000000
678 -1793.0000000000
679 -1792.0000000000
685 -1791.0000000000
689 -1790.0000000000
696 -1789.0000000000
700 -1787.0000000000
705 -1786.0000000000
706 -1785.0000000000
707 -1784.0000000000
712 -1783.0000000000
717 -1782.0000000000
719 -1781.0000000000
739 -1780.0000000000
742 -1779.0000000000
743 -1778.0000000000
748 -1777.0000000000
756 -1776.0000000000
764 -1773.0000000000
769 -1772.0000000000
770 -1771.0000000000
777 -1769.0000000000
781 -1768.0000000000
798 -1767.0000000000
805 -1765.0000000000
820 -1763.0000000000
825 -1761.0000000000
826 -1759.0000000000
827 -1756.0000000000
839 -1755.0000000000
841 -1754.0000000000
844 -1753.0000000000
850 -1752.0000000000
852 -1751.0000000000
864 -1750.0000000000
877 -1749.0000000000
884 -1748.0000000000
888 -1746.0000000000
889 -1745.0000000000
891 -1744.0000000000
904 -1743.0000000000
907 -1742.0000000000
914 -1741.0000000000
921 -1740.0000000000
926 -1739.0000000000
928 -1738.0000000000
929 -1737.0000000000
930 -1736.0000000000
932 -1735.0000000000
934 -1734.0000000000
936 -1733.0000000000
955 -1732.0000000000
965 -1731.0000000000
979 -1729.0000000000
982 -1728.0000000000
990 -1727.0000000000
993 -1726.0000000000
1001 -1724.0000000000
1008 -1723.0000000000
1012 -1722.0000000000
1016 -1721.0000000000
1017 -1720.0000000000
1024 -1719.0000000000
1031 -1718.0000000000
1034 -1717.0000000000
1036 -1716.0000000000
1037 -1715.0000000000
1040 -1714.0000000000
1043 -1713.0000000000
1052 -1712.0000000000
1053 -1711.0000000000
1071 -1708.0000000000
1074 -1707.0000000000
1077 -1706.0000000000
1079 -1705.0000000000
1084 -1704.0000000000
1099 -1702.0000000000
1100 -1701.0000000000
1109 -1700.0000000000
1112 -1698.0000000000
1117 -1697.0000000000
1130 -1696.0000000000
1131 -1695.0000000000
1133 -1693.0000000000
1134 -1692.0000000000
1137 -1691.0000000000
1138 -1688.0000000000
1140 -1687.0000000000
1142 -1686.0000000000
1143 -1685.0000000000
1144 -1684.0000000000
1150 -1683.0000000000
1166 -1682.0000000000
1168 -1681.0000000000
1172 -1680.0000000000
1175 -1678.0000000000
1178 -1677.0000000000
1181 -1676.0000000000
1193 -1675.0000000000
1197 -1674.0000000000
1208 -1673.0000000000
1220 -1672.0000000000
1221 -1671.0000000000
1227 -1670.0000000000
1229 -1668.0000000000
1232 -1667.0000000000
1241 -1666.0000000000
1243 -1665.0000000000
1244 -1664.0000000000
1248 -1663.0000000000
1276 -1662.0000000000
1279 -1661.0000000000
1284 -1660.0000000000
1287 -1659.0000000000
1299 -1657.0000000000
1300 -1656.0000000000
1303 -1655.0000000000
1305 -1654.0000000000
1307 -1653.0000000000
1310 -1651.0000000000
1317 -1650.0000000000
1319 -1649.0000000000
1320 -1647.0000000000
1322 -1645.0000000000
1326 -1644.0000000000
1330 -1642.0000000000
1332 -1641.0000000000
1335 -1640.0000000000
1344 -1639.0000000000
1350 -1638.0000000000
1355 -1636.0000000000
1357 -1635.0000000000
1360 -1634.0000000000
1363 -1633.0000000000
1364 -1632.0000000000
1366 -1631.0000000000
1369 -1630.0000000000
1375 -1629.0000000000
1379 -1628.0000000000
1405 -1627.0000000000
1413 -1626.0000000000
1414 -1625.0000000000
1422 -1624.0000000000
1428 -1623.0000000000
1435 -1622.0000000000
1441 -1621.0000000000
1447 -1620.0000000000
1450 -1619.0000000000
1452 -1618.0000000000
1458 -1617.0000000000
1465 -1616.0000000000
1472 -1615.0000000000
1473 -1614.0000000000
1478 -1613.0000000000
1480 -1612.0000000000
1486 -1611.0000000000
1500 -1610.0000000000
1506 -1609.0000000000
1510 -1608.0000000000
1511 -1607.0000000000
1515 -1606.0000000000
1516 -1605.0000000000
1517 -1604.0000000000
1518 -1603.0000000000
1520 -1602.0000000000
1527 -1601.0000000000
1528 -1600.0000000000
1538 -1598.0000000000
1549 -1595.0000000000
1550 -1593.0000000000
1551 -1592.0000000000
1559 -1591.0000000000
1563 -1590.0000000000
1571 -1589.0000000000
1572 -1586.0000000000
1578 -1585.0000000000
1579 -1584.0000000000
1582 -1583.0000000000
1583 -1582.0000000000
1592 -1581.0000000000
1594 -1580.0000000000
1596 -1579.0000000000
1615 -1578.0000000000
1618 -1577.0000000000
1619 -1576.0000000000
1625 -1575.0000000000
1652 -1574.0000000000
1656 -1573.0000000000
1658 -1572.0000000000
1664 -1571.0000000000
1666 -1570.0000000000
1667 -1568.0000000000
1669 -1567.0000000000
1673 -1566.0000000000
1674 -1565.0000000000
1677 -1564.0000000000
1678 -1563.0000000000
1684 -1562.0000000000
1696 -1561.0000000000
1698 -1560.0000000000
1701 -1559.0000000000
1703 -1558.0000000000
1704 -1557.0000000000
1706 -1556.0000000000
1707 -1555.0000000000
1715 -1554.0000000000
1716 -1553.0000000000
1717 -1552.0000000000
1718 -1551.0000000000
1719 -1550.0000000000
1722 -1548.0000000000
1735 -1546.0000000000
1738 -1545.0000000000
1748 -1544.0000000000
1753 -1543.0000000000
1756 -1542.0000000000
1761 -1540.0000000000
1764 -1539.0000000000
1766 -1538.0000000000
1770 -1537.0000000000
1780 -1536.0000000000
1788 -1534.0000000000
1791 -1533.0000000000
1798 -1532.0000000000
1800 -1531.0000000000
1806 -1529.0000000000
1816 -1528.0000000000
1840 -1526.0000000000
1842 -1524.0000000000
1843 -1522.0000000000
1846 -1520.0000000000
1851 -1519.0000000000
1862 -1518.0000000000
1868 -1517.0000000000
1873 -1516.0000000000
1875 -1515.0000000000
1877 -1513.0000000000
1885 -1512.0000000000
1887 -1511.0000000000
1898 -1510.0000000000
1899 -1508.0000000000
1903 -1507.0000000000
1906 -1506.0000000000
1908 -1505.0000000000
1921 -1504.0000000000
1923 -1503.0000000000
1928 -1502.0000000000
1930 -1501.0000000000
1931 -1500.0000000000
1937 -1499.0000000000
1953 -1498.0000000000
1959 -1497.0000000000
1961 -1496.0000000000
1968 -1495.0000000000
1977 -1494.0000000000
1983 -1493.0000000000
1994 -1492.0000000000
1995 -1491.0000000000
2000 -1490.0000000000
2007 -1489.0000000000
2008 -1488.0000000000
2011 -1487.0000000000
2016 -1486.0000000000
2021 -1484.0000000000
2029 -1481.0000000000
2055 -1480.0000000000
2061 -1477.0000000000
2065 -1476.0000000000
2074 -1474.0000000000
2075 -1473.0000000000
2078 -1472.0000000000
2091 -1471.0000000000
2093 -1470.0000000000
2107 -1468.0000000000
2133 -1467.0000000000
2141 -1466.0000000000
2146 -1463.0000000000
2148 -1462.0000000000
2151 -1461.0000000000
2161 -1460.0000000000
2162 -1459.0000000000
2166 -1458.0000000000
2170 -1457.0000000000
2179 -1456.0000000000
2185 -1455.0000000000
2192 -1454.0000000000
2197 -1453.0000000000
2198 -1452.0000000000
2212 -1449.0000000000
2214 -1448.0000000000
2215 -1447.0000000000
2218 -1445.0000000000
2229 -1444.0000000000
2234 -1442.0000000000
2241 -1441.0000000000
2245 -1440.0000000000
2248 -1439.0000000000
2261 -1438.0000000000
2267 -1437.0000000000
2271 -1436.0000000000
2275 -1435.0000000000
2284 -1434.0000000000
2290 -1433.0000000000
2294 -1432.0000000000
2295 -1431.0000000000
2296 -1430.0000000000
2297 -1429.0000000000
2301 -1428.0000000000
2303 -1427.0000000000
2310 -1426.0000000000
2313 -1425.0000000000
2314 -1424.0000000000
2319 -1423.0000000000
2322 -1422.0000000000
2328 -1420.0000000000
2330 -1418.0000000000
2332 -1417.0000000000
2333 -1416.0000000000
2334 -1415.0000000000
2338 -1414.0000000000
2347 -1413.0000000000
2353 -1412.0000000000
2362 -1410.0000000000
2366 -1409.0000000000
2382 -1408.0000000000
2399 -1407.0000000000
2407 -1406.0000000000
2408 -1405.0000000000
2412 -1404.0000000000
2415 -1403.0000000000
2417 -1402.0000000000
2418 -1401.0000000000
2425 -1400.0000000000
2429 -1399.0000000000
2431 -1398.0000000000
2436 -1395.0000000000
2450 -1394.0000000000
2452 -1393.0000000000
2454 -1391.0000000000
2457 -1390.0000000000
2462 -1389.0000000000
2466 -1387.0000000000
2476 -1386.0000000000
2478 -1385.0000000000
2480 -1384.0000000000
2488 -1383.0000000000
2501 -1382.0000000000
2507 -1381.0000000000
2513 -1380.0000000000
2516 -1379.0000000000
2526 -1378.0000000000
2539 -1377.0000000000
2550 -1376.0000000000
2557 -1375.0000000000
2571 -1372.0000000000
2572 -1371.0000000000
2574 -1370.0000000000
2575 -1369.0000000000
2577 -1368.0000000000
2584 -1367.0000000000
2587 -1366.0000000000
2588 -1365.0000000000
2595 -1364.0000000000
2598 -1363.0000000000
2599 -1362.0000000000
2603 -1361.0000000000
2605 -1360.0000000000
2622 -1359.0000000000
2629 -1357.0000000000
2642 -1356.0000000000
2650 -1355.0000000000
2651 -1354.0000000000
2652 -1353.0000000000
2657 -1352.0000000000
2661 -1351.0000000000
2663 -1349.0000000000
2668 -1348.0000000000
2676 -1347.0000000000
2685 -1346.0000000000
2703 -1345.0000000000
2712 -1344.0000000000
2714 -1343.0000000000
2719 -1342.0000000000
2729 -1341.0000000000
2743 -1340.0000000000
2746 -1339.0000000000
2758 -1337.0000000000
2762 -1336.0000000000
2785 -1334.0000000000
2787 -1333.0000000000
2794 -1330.0000000000
2796 -1329.0000000000
2801 -1328.0000000000
2802 -1327.0000000000
2809 -1326.0000000000
2811 -1325.0000000000
2812 -1323.0000000000
2813 -1322.0000000000
2817 -1321.0000000000
2836 -1320.0000000000
2837 -1319.0000000000
2840 -1318.0000000000
2852 -1317.0000000000
2854 -1316.0000000000
2859 -1315.0000000000
2860 -1314.0000000000
2862 -1312.0000000000
2867 -1311.0000000000
2868 -1310.0000000000
2873 -1309.0000000000
2876 -1308.0000000000
2881 -1307.0000000000
2882 -1306.0000000000
2886 -1305.0000000000
2906 -1304.0000000000
2907 -1303.0000000000
2912 -1302.0000000000
2913 -1301.0000000000
2917 -1300.0000000000
2918 -1299.0000000000
2920 -1298.0000000000
2942 -1297.0000000000
2945 -1295.0000000000
2951 -1294.0000000000
2956 -1293.0000000000
2959 -1292.0000000000
2964 -1291.0000000000
2971 -1290.0000000000
2973 -1289.0000000000
2974 -1288.0000000000
2976 -1287.0000000000
2983 -1286.0000000000
2984 -1285.0000000000
2994 -1283.0000000000
2997 -1282.0000000000
2998 -1281.0000000000
3005 -1280.0000000000
3023 -1279.0000000000
3034 -1278.0000000000
3038 -1277.0000000000
3040 -1276.0000000000
3045 -1275.0000000000
3056 -1274.0000000000
3060 -1273.0000000000
3081 -1272.0000000000
3089 -1271.0000000000
3100 -1270.0000000000
3103 -1269.0000000000
3104 -1268.0000000000
3110 -1267.0000000000
3115 -1266.0000000000
3124 -1265.0000000000
3133 -1264.0000000000
3139 -1263.0000000000
3141 -1262.0000000000
3146 -1261.0000000000
3149 -1260.0000000000
3153 -1259.0000000000
3160 -1258.0000000000
3162 -1257.0000000000
3169 -1255.0000000000
3174 -1254.0000000000
3176 -1253.0000000000
3179 -1250.0000000000
3182 -1249.0000000000
3212 -1248.0000000000
3213 -1247.0000000000
3216 -1245.0000000000
3220 -1243.0000000000
3223 -1242.0000000000
3230 -1240.0000000000
3237 -1239.0000000000
3239 -1238.0000000000
3242 -1237.0000000000
3249 -1236.0000000000
3250 -1235.0000000000
3259 -1233.0000000000
3277 -1232.0000000000
3283 -1230.0000000000
3287 -1229.0000000000
3300 -1228.0000000000
3302 -1227.0000000000
3305 -1226.0000000000
3317 -1224.0000000000
3323 -1223.0000000000
3327 -1222.0000000000
3330 -1220.0000000000
3331 -1219.0000000000
3339 -1217.0000000000
3345 -1216.0000000000
3356 -1215.0000000000
3360 -1214.0000000000
3369 -1213.0000000000
3372 -1212.0000000000
3374 -1211.0000000000
3377 -1209.0000000000
3401 -1207.0000000000
3403 -1206.0000000000
3406 -1205.0000000000
3407 -1204.0000000000
3410 -1203.0000000000
3429 -1202.0000000000
3433 -1201.0000000000
3441 -1200.0000000000
3442 -1199.0000000000
3445 -1198.0000000000
3448 -1197.0000000000
3449 -1196.0000000000
3467 -1195.0000000000
3477 -1194.0000000000
3481 -1193.0000000000
3491 -1192.0000000000
3499 -1191.0000000000
3502 -1190.0000000000
3521 -1188.0000000000
3542 -1187.0000000000
3551 -1186.0000000000
3553 -1185.0000000000
3565 -1183.0000000000
3576 -1182.0000000000
3580 -1181.0000000000
3581 -1180.0000000000
3590 -1179.0000000000
3597 -1178.0000000000
3612 -1177.0000000000
3622 -1176.0000000000
3625 -1175.0000000000
3631 -1174.0000000000
3632 -1173.0000000000
3635 -1172.0000000000
3648 -1171.0000000000
3666 -1169.0000000000
3672 -1168.0000000000
3676 -1167.0000000000
3680 -1166.0000000000
3683 -1165.0000000000
3692 -1164.0000000000
3696 -1163.0000000000
3702 -1162.0000000000
3728 -1161.0000000000
3735 -1160.0000000000
3739 -1159.0000000000
3743 -1158.0000000000
3748 -1157.0000000000
3761 -1156.0000000000
3776 -1154.0000000000
3782 -1153.0000000000
3785 -1152.0000000000
3799 -1150.0000000000
3834 -1149.0000000000
3835 -1148.0000000000
3848 -1147.0000000000
3859 -1146.0000000000
3867 -1144.0000000000
3879 -1143.0000000000
3894 -1142.0000000000
3895 -1141.0000000000
3899 -1140.0000000000
3916 -1139.0000000000
3926 -1138.0000000000
3927 -1137.0000000000
3946 -1135.0000000000
3950 -1134.0000000000
3977 -1133.0000000000
3997 -1132.0000000000
4013 -1131.0000000000
4026 -1130.0000000000
4030 -1129.0000000000
4040 -1128.0000000000
4052 -1127.0000000000
4054 -1126.0000000000
4057 -1125.0000000000
4073 -1124.0000000000
4076 -1123.0000000000
4085 -1122.0000000000
4094 -1120.0000000000
4102 -1119.0000000000
4105 -1117.0000000000
4129 -1116.0000000000
4144 -1114.0000000000
4150 -1113.0000000000
4156 -1112.0000000000
4159 -1110.0000000000
4164 -1109.0000000000
4184 -1108.0000000000
4185 -1107.0000000000
4186 -1106.0000000000
4200 -1104.0000000000
4203 -1103.0000000000
4207 -1102.0000000000
4210 -1101.0000000000
4211 -1100.0000000000
4216 -1099.0000000000
4223 -1098.0000000000
4224 -1097.0000000000
4236 -1096.0000000000
4256 -1095.0000000000
4265 -1094.0000000000
4271 -1093.0000000000
4273 -1092.0000000000
4278 -1091.0000000000
4284 -1090.0000000000
4289 -1089.0000000000
4298 -1088.0000000000
4305 -1087.0000000000
4310 -1086.0000000000
4322 -1085.0000000000
4343 -1084.0000000000
4352 -1083.0000000000
4371 -1082.0000000000
4372 -1081.0000000000
4373 -1080.0000000000
4377 -1079.0000000000
4384 -1078.0000000000
4392 -1077.0000000000
4407 -1076.0000000000
4412 -1074.0000000000
4418 -1073.0000000000
4422 -1072.0000000000
4425 -1071.0000000000
4427 -1069.0000000000
4434 -1068.0000000000
4440 -1067.0000000000
4441 -1066.0000000000
4442 -1065.0000000000
4443 -1064.0000000000
4450 -1063.0000000000
4461 -1062.0000000000
4475 -1061.0000000000
4483 -1060.0000000000
4485 -1059.0000000000
4491 -1058.0000000000
4494 -1057.0000000000
4498 -1056.0000000000
4505 -1055.0000000000
4515 -1054.0000000000
4518 -1053.0000000000
4525 -1052.0000000000
4536 -1050.0000000000
4543 -1049.0000000000
4552 -1048.0000000000
4554 -1047.0000000000
4575 -1046.0000000000
4576 -1045.0000000000
4585 -1044.0000000000
4590 -1043.0000000000
4604 -1042.0000000000
4615 -1041.0000000000
4620 -1040.0000000000
4631 -1039.0000000000
4643 -1037.0000000000
4646 -1036.0000000000
4654 -1035.0000000000
4675 -1034.0000000000
4678 -1033.0000000000
4688 -1032.0000000000
4712 -1031.0000000000
4713 -1030.0000000000
4719 -1029.0000000000
4746 -1028.0000000000
4751 -1027.0000000000
4774 -1026.0000000000
4784 -1025.0000000000
4786 -1024.0000000000
4788 -1023.0000000000
4811 -1021.0000000000
4814 -1020.0000000000
4815 -1018.0000000000
4826 -1017.0000000000
4827 -1016.0000000000
4834 -1014.0000000000
4866 -1012.0000000000
4867 -1011.0000000000
4871 -1010.0000000000
4908 -1009.0000000000
4918 -1008.0000000000
4921 -1007.0000000000
4922 -1006.0000000000
4942 -1005.0000000000
4949 -1004.0000000000
4951 -1003.0000000000
4956 -1002.0000000000
4980 -1001.0000000000
4985 -1000.0000000000
4992 -998.0000000000
4996 -997.0000000000
5007 -996.0000000000
5051 -994.0000000000
5085 -992.0000000000
5090 -991.0000000000
5095 -990.0000000000
5109 -989.0000000000
5124 -988.0000000000
5130 -987.0000000000
5132 -986.0000000000
5133 -984.0000000000
5137 -983.0000000000
5139 -982.0000000000
5155 -981.0000000000
5170 -980.0000000000
5177 -979.0000000000
5178 -978.0000000000
5191 -977.0000000000
5197 -976.0000000000
5201 -975.0000000000
5204 -974.0000000000
5220 -973.0000000000
5228 -972.0000000000
5240 -971.0000000000
5254 -970.0000000000
5255 -968.0000000000
5272 -967.0000000000
5279 -966.0000000000
5283 -965.0000000000
5304 -964.0000000000
5312 -963.0000000000
5322 -961.0000000000
5335 -960.0000000000
5337 -958.0000000000
5346 -955.0000000000
5358 -954.0000000000
5359 -953.0000000000
5360 -952.0000000000
5386 -951.0000000000
5388 -950.0000000000
5401 -949.0000000000
5428 -948.0000000000
5431 -947.0000000000
5433 -946.0000000000
5438 -945.0000000000
5439 -944.0000000000
5444 -943.0000000000
5445 -942.0000000000
5449 -941.0000000000
5451 -939.0000000000
5453 -938.0000000000
5469 -937.0000000000
5474 -936.0000000000
5489 -935.0000000000
5516 -934.0000000000
5520 -933.0000000000
5525 -932.0000000000
5526 -931.0000000000
5530 -930.0000000000
5556 -929.0000000000
5560 -928.0000000000
5563 -926.0000000000
5575 -925.0000000000
5579 -924.0000000000
5580 -923.0000000000
5581 -922.0000000000
5583 -921.0000000000
5590 -920.0000000000
5602 -919.0000000000
5603 -918.0000000000
5619 -917.0000000000
5626 -916.0000000000
5627 -915.0000000000
5656 -914.0000000000
5659 -913.0000000000
5685 -912.0000000000
5688 -911.0000000000
5689 -910.0000000000
5710 -909.0000000000
5716 -908.0000000000
5721 -907.0000000000
5728 -906.0000000000
5742 -905.0000000000
5743 -904.0000000000
5749 -903.0000000000
5757 -902.0000000000
5769 -901.0000000000
5794 -900.0000000000
5821 -899.0000000000
5832 -898.0000000000
5834 -897.0000000000
5840 -896.0000000000
5842 -895.0000000000
5860 -893.0000000000
5874 -892.0000000000
5913 -891.0000000000
5916 -890.0000000000
5931 -889.0000000000
5934 -888.0000000000
5956 -886.0000000000
5960 -885.0000000000
5989 -884.0000000000
6033 -883.0000000000
6047 -882.0000000000
6051 -881.0000000000
6054 -880.0000000000
6062 -879.0000000000
6074 -878.0000000000
6076 -877.0000000000
6077 -876.0000000000
6082 -874.0000000000
6088 -873.0000000000
6108 -872.0000000000
6110 -871.0000000000
6112 -870.0000000000
6120 -869.0000000000
6143 -868.0000000000
6145 -867.0000000000
6148 -866.0000000000
6161 -865.0000000000
6168 -864.0000000000
6182 -862.0000000000
6187 -861.0000000000
6194 -860.0000000000
6198 -859.0000000000
6199 -857.0000000000
6202 -856.0000000000
6203 -854.0000000000
6217 -853.0000000000
6222 -852.0000000000
6243 -851.0000000000
6246 -850.0000000000
6247 -849.0000000000
6272 -848.0000000000
6298 -846.0000000000
6348 -845.0000000000
6357 -844.0000000000
6365 -843.0000000000
6366 -842.0000000000
6367 -841.0000000000
6371 -840.0000000000
6375 -839.0000000000
6388 -838.0000000000
6389 -837.0000000000
6405 -836.0000000000
6419 -835.0000000000
6434 -834.0000000000
6444 -833.0000000000
6471 -831.0000000000
6476 -830.0000000000
6477 -829.0000000000
6483 -828.0000000000
6484 -827.0000000000
6485 -826.0000000000
6490 -825.0000000000
6492 -824.0000000000
6499 -823.0000000000
6513 -822.0000000000
6536 -821.0000000000
6551 -820.0000000000
6555 -819.0000000000
6576 -818.0000000000
6608 -817.0000000000
6632 -816.0000000000
6652 -815.0000000000
6677 -814.0000000000
6708 -813.0000000000
6719 -812.0000000000
6727 -811.0000000000
6737 -810.0000000000
6738 -809.0000000000
6741 -808.0000000000
6751 -807.0000000000
6776 -806.0000000000
6798 -805.0000000000
6836 -804.0000000000
6837 -803.0000000000
6839 -802.0000000000
6844 -801.0000000000
6860 -800.0000000000
6870 -799.0000000000
6877 -798.0000000000
6895 -797.0000000000
6903 -796.0000000000
6914 -795.0000000000
6930 -794.0000000000
6934 -793.0000000000
6945 -792.0000000000
6948 -791.0000000000
6952 -790.0000000000
6954 -789.0000000000
6959 -788.0000000000
6970 -787.0000000000
6988 -786.0000000000
7005 -785.0000000000
7006 -784.0000000000
7022 -783.0000000000
7031 -782.0000000000
7041 -781.0000000000
7064 -780.0000000000
7067 -778.0000000000
7076 -777.0000000000
7082 -776.0000000000
7085 -775.0000000000
7107 -773.0000000000
7119 -772.0000000000
7131 -770.0000000000
7151 -769.0000000000
7157 -768.0000000000
7163 -766.0000000000
7168 -765.0000000000
7170 -764.0000000000
7181 -763.0000000000
7184 -762.0000000000
7188 -761.0000000000
7193 -760.0000000000
7195 -759.0000000000
7197 -758.0000000000
7203 -757.0000000000
7210 -756.0000000000
7220 -755.0000000000
7241 -754.0000000000
7252 -753.0000000000
7268 -752.0000000000
7269 -751.0000000000
7278 -750.0000000000
7299 -749.0000000000
7309 -748.0000000000
7313 -747.0000000000
7339 -746.0000000000
7348 -745.0000000000
7350 -744.0000000000
7358 -743.0000000000
7360 -742.0000000000
7376 -741.0000000000
7381 -740.0000000000
7382 -738.0000000000
7394 -737.0000000000
7395 -736.0000000000
7399 -735.0000000000
7403 -734.0000000000
7404 -733.0000000000
7449 -731.0000000000
7458 -730.0000000000
7461 -729.0000000000
7463 -728.0000000000
7470 -727.0000000000
7474 -726.0000000000
7483 -725.0000000000
7485 -724.0000000000
7493 -723.0000000000
7500 -722.0000000000
7502 -721.0000000000
7505 -720.0000000000
7510 -719.0000000000
7511 -718.0000000000
7525 -717.0000000000
7542 -716.0000000000
7551 -715.0000000000
7575 -714.0000000000
7585 -713.0000000000
7632 -712.0000000000
7634 -711.0000000000
7648 -710.0000000000
7661 -709.0000000000
7662 -708.0000000000
7718 -707.0000000000
7730 -706.0000000000
7743 -704.0000000000
7795 -703.0000000000
7798 -702.0000000000
7800 -700.0000000000
7803 -699.0000000000
7807 -698.0000000000
7830 -696.0000000000
7838 -694.0000000000
7846 -693.0000000000
7852 -692.0000000000
7854 -691.0000000000
7864 -690.0000000000
7872 -689.0000000000
7873 -688.0000000000
7878 -687.0000000000
7884 -686.0000000000
7885 -685.0000000000
7903 -684.0000000000
7911 -683.0000000000
7916 -682.0000000000
7927 -681.0000000000
7946 -680.0000000000
7975 -679.0000000000
8018 -678.0000000000
8026 -677.0000000000
8031 -676.0000000000
8044 -675.0000000000
8051 -674.0000000000
8075 -673.0000000000
8103 -672.0000000000
8148 -671.0000000000
8160 -670.0000000000
8166 -669.0000000000
8184 -668.0000000000
8193 -667.0000000000
8196 -666.0000000000
8207 -665.0000000000
8216 -664.0000000000
8218 -663.0000000000
8229 -662.0000000000
8232 -661.0000000000
8233 -660.0000000000
8250 -659.0000000000
8262 -658.0000000000
8268 -657.0000000000
8282 -654.0000000000
8291 -653.0000000000
8299 -652.0000000000
8300 -651.0000000000
8301 -648.0000000000
8304 -647.0000000000
8314 -646.0000000000
8336 -645.0000000000
8349 -644.0000000000
8365 -643.0000000000
8373 -642.0000000000
8381 -641.0000000000
8387 -640.0000000000
8397 -639.0000000000
8405 -638.0000000000
8406 -637.0000000000
8422 -636.0000000000
8457 -635.0000000000
8462 -632.0000000000
8480 -631.0000000000
8493 -630.0000000000
8508 -629.0000000000
8509 -628.0000000000
8521 -627.0000000000
8541 -625.0000000000
8555 -624.0000000000
8574 -623.0000000000
8584 -621.0000000000
8585 -620.0000000000
8597 -619.0000000000
8629 -618.0000000000
8639 -617.0000000000
8676 -616.0000000000
8687 -615.0000000000
8697 -614.0000000000
8699 -613.0000000000
8717 -612.0000000000
8718 -611.0000000000
8734 -610.0000000000
8753 -609.0000000000
8767 -608.0000000000
8782 -607.0000000000
8785 -606.0000000000
8786 -605.0000000000
8789 -604.0000000000
8863 -603.0000000000
8873 -602.0000000000
8892 -601.0000000000
8908 -600.0000000000
8923 -599.0000000000
8944 -598.0000000000
8951 -597.0000000000
8961 -596.0000000000
8967 -595.0000000000
9023 -593.0000000000
9025 -591.0000000000
9029 -590.0000000000
9034 -589.0000000000
9036 -588.0000000000
9037 -587.0000000000
9055 -586.0000000000
9092 -585.0000000000
9095 -584.0000000000
9133 -583.0000000000
9136 -582.0000000000
9168 -581.0000000000
9198 -580.0000000000
9209 -579.0000000000
9231 -577.0000000000
9242 -576.0000000000
9245 -575.0000000000
9280 -574.0000000000
9287 -573.0000000000
9300 -572.0000000000
9307 -570.0000000000
9321 -569.0000000000
9336 -568.0000000000
9359 -567.0000000000
9368 -566.0000000000
9382 -565.0000000000
9391 -564.0000000000
9392 -563.0000000000
9420 -562.0000000000
9445 -561.0000000000
9457 -560.0000000000
9516 -559.0000000000
9519 -558.0000000000
9526 -557.0000000000
9548 -556.0000000000
9557 -554.0000000000
9559 -553.0000000000
9608 -552.0000000000
9620 -551.0000000000
9655 -550.0000000000
9662 -549.0000000000
9666 -548.0000000000
9678 -547.0000000000
9682 -545.0000000000
9689 -544.0000000000
9716 -543.0000000000
9728 -542.0000000000
9768 -541.0000000000
9773 -540.0000000000
9778 -539.0000000000
9818 -538.0000000000
9827 -537.0000000000
9841 -536.0000000000
9862 -535.0000000000
9878 -534.0000000000
9889 -533.0000000000
9896 -532.0000000000
9898 -531.0000000000
9927 -530.0000000000
9930 -529.0000000000
9971 -528.0000000000
9976 -527.0000000000
9984 -526.0000000000
10000 -527.0000000000
evaluations raw_y
1 -1992.0000000000
17 -1991.0000000000
21 -1990.0000000000
24 -1989.0000000000
25 -1988.0000000000
29 -1986.0000000000
30 -1985.0000000000
31 -1984.0000000000
34 -1983.0000000000
36 -1982.0000000000
37 -1981.0000000000
38 -1980.0000000000
39 -1979.0000000000
43 -1977.0000000000
48 -1976.0000000000
49 -1973.0000000000
50 -1972.0000000000
52 -1971.0000000000
60 -1969.0000000000
63 -1968.0000000000
64 -1967.0000000000
67 -1966.0000000000
68 -1963.0000000000
72 -1962.0000000000
73 -1961.0000000000
74 -1960.0000000000
75 -1959.0000000000
77 -1958.0000000000
80 -1956.0000000000
82 -1955.0000000000
85 -1954.0000000000
86 -1953.0000000000
89 -1952.0000000000
93 -1951.0000000000
94 -1950.0000000000
100 -1949.0000000000
102 -1948.0000000000
103 -1946.0000000000
106 -1945.0000000000
109 -1944.0000000000
111 -1943.0000000000
113 -1942.0000000000
116 -1941.0000000000
119 -1940.0000000000
120 -1939.0000000000
131 -1938.0000000000
136 -1937.0000000000
139 -1936.0000000000
150 -1935.0000000000
153 -1933.0000000000
155 -1932.0000000000
156 -1930.0000000000
160 -1929.0000000000
161 -1928.0000000000
165 -1927.0000000000
167 -1925.0000000000
168 -1924.0000000000
172 -1923.0000000000
175 -1922.0000000000
180 -1921.0000000000
188 -1920.0000000000
194 -1919.0000000000
196 -1918.0000000000
200 -1916.0000000000
201 -1914.0000000000
202 -1913.0000000000
207 -1912.0000000000
208 -1911.0000000000
212 -1910.0000000000
217 -1909.0000000000
218 -1908.0000000000
220 -1907.0000000000
224 -1905.0000000000
225 -1904.0000000000
231 -1903.0000000000
232 -1902.0000000000
233 -1901.0000000000
236 -1900.0000000000
238 -1898.0000000000
240 -1897.0000000000
241 -1896.0000000000
242 -1895.0000000000
248 -1894.0000000000
249 -1892.0000000000
250 -1890.0000000000
252 -1889.0000000000
253 -1888.0000000000
257 -1887.0000000000
264 -1886.0000000000
266 -1885.0000000000
273 -1884.0000000000
277 -1882.0000000000
278 -1880.0000000000
287 -1879.0000000000
289 -1878.0000000000
291 -1876.0000000000
295 -1875.0000000000
296 -1873.0000000000
300 -1872.0000000000
302 -1871.0000000000
304 -1868.0000000000
306 -1867.0000000000
316 -1866.0000000000
317 -1865.0000000000
326 -1864.0000000000
331 -1863.0000000000
332 -1862.0000000000
333 -1861.0000000000
340 -1860.0000000000
344 -1859.0000000000
345 -1858.0000000000
346 -1857.0000000000
352 -1856.0000000000
356 -1855.0000000000
363 -1854.0000000000
384 -1852.0000000000
385 -1851.0000000000
386 -1850.0000000000
387 -1849.0000000000
388 -1848.0000000000
412 -1847.0000000000
420 -1845.0000000000
431 -1843.0000000000
432 -1841.0000000000
436 -1840.0000000000
440 -1838.0000000000
443 -1837.0000000000
447 -1836.0000000000
453 -1833.0000000000
454 -1832.0000000000
455 -1831.0000000000
457 -1830.0000000000
459 -1829.0000000000
460 -1827.0000000000
465 -1826.0000000000
468 -1825.0000000000
470 -1824.0000000000
475 -1823.0000000000
481 -1821.0000000000
485 -1820.0000000000
488 -1819.0000000000
496 -1817.0000000000
502 -1816.0000000000
503 -1815.0000000000
506 -1814.0000000000
507 -1813.0000000000
508 -1812.0000000000
521 -1811.0000000000
523 -1810.0000000000
527 -1809.0000000000
530 -1808.0000000000
537 -1806.0000000000
539 -1805.0000000000
546 -1804.0000000000
547 -1802.0000000000
548 -1801.0000000000
552 -1799.0000000000
553 -1798.0000000000
554 -1795.0000000000
555 -1793.0000000000
559 -1792.0000000000
562 -1790.0000000000
564 -1789.0000000000
567 -1788.0000000000
569 -1787.0000000000
582 -1786.0000000000
585 -1785.0000000000
591 -1782.0000000000
595 -1781.0000000000
602 -1780.0000000000
608 -1778.0000000000
609 -1777.0000000000
610 -1776.0000000000
614 -1775.0000000000
617 -1773.0000000000
618 -1772.0000000000
619 -1771.0000000000
622 -1770.0000000000
624 -1769.0000000000
626 -1768.0000000000
627 -1767.0000000000
628 -1766.0000000000
635 -1765.0000000000
638 -1764.0000000000
641 -1763.0000000000
642 -1762.0000000000
643 -1761.0000000000
648 -1759.0000000000
653 -1758.0000000000
657 -1757.0000000000
659 -1756.0000000000
670 -1755.0000000000
679 -1754.0000000000
687 -1753.0000000000
689 -1752.0000000000
696 -1751.0000000000
700 -1750.0000000000
702 -1749.0000000000
706 -1748.0000000000
711 -1747.0000000000
713 -1745.0000000000
719 -1744.0000000000
726 -1743.0000000000
728 -1741.0000000000
733 -1740.0000000000
740 -1739.0000000000
741 -1738.0000000000
747 -1737.0000000000
759 -1736.0000000000
762 -1735.0000000000
763 -1734.0000000000
768 -1732.0000000000
780 -1731.0000000000
782 -1730.0000000000
786 -1729.0000000000
788 -1728.0000000000
794 -1727.0000000000
795 -1726.0000000000
798 -1725.0000000000
804 -1724.0000000000
806 -1723.0000000000
810 -1722.0000000000
811 -1721.0000000000
813 -1720.0000000000
828 -1719.0000000000
831 -1718.0000000000
832 -1717.0000000000
834 -1716.0000000000
838 -1715.0000000000
844 -1714.0000000000
845 -1712.0000000000
848 -1711.0000000000
857 -1710.0000000000
861 -1709.0000000000
864 -1708.0000000000
866 -1707.0000000000
869 -1706.0000000000
870 -1705.0000000000
872 -1703.0000000000
878 -1702.0000000000
886 -1701.0000000000
900 -1699.0000000000
906 -1698.0000000000
914 -1697.0000000000
917 -1696.0000000000
919 -1695.0000000000
923 -1694.0000000000
925 -1693.0000000000
940 -1692.0000000000
942 -1691.0000000000
943 -1690.0000000000
946 -1689.0000000000
971 -1688.0000000000
972 -1687.0000000000
974 -1686.0000000000
975 -1684.0000000000
976 -1683.0000000000
989 -1682.0000000000
992 -1681.0000000000
999 -1680.0000000000
1000 -1679.0000000000
1007 -1678.0000000000
1009 -1677.0000000000
1010 -1676.0000000000
1019 -1675.0000000000
1025 -1674.0000000000
1026 -1672.0000000000
1030 -1671.0000000000
1035 -1670.0000000000
1036 -1669.0000000000
1038 -1668.0000000000
1049 -1667.0000000000
1053 -1666.0000000000
1054 -1665.0000000000
1058 -1664.0000000000
1065 -1663.0000000000
1075 -1662.0000000000
1077 -1661.0000000000
1081 -1660.0000000000
1090 -1659.0000000000
1092 -1658.0000000000
1097 -1655.0000000000
1115 -1654.0000000000
1117 -1653.0000000000
1118 -1652.0000000000
1121 -1651.0000000000
1130 -1649.0000000000
1148 -1647.0000000000
1155 -1646.0000000000
1162 -1644.0000000000
1165 -1643.0000000000
1168 -1642.0000000000
1169 -1641.0000000000
1173 -1640.0000000000
1174 -1639.0000000000
1175 -1638.0000000000
1179 -1636.0000000000
1181 -1635.0000000000
1182 -1634.0000000000
1186 -1633.0000000000
1190 -1632.0000000000
1203 -1631.0000000000
1205 -1630.0000000000
1214 -1629.0000000000
1217 -1627.0000000000
1221 -1626.0000000000
1231 -1625.0000000000
1238 -1624.0000000000
1239 -1623.0000000000
1256 -1622.0000000000
1259 -1620.0000000000
1260 -1618.0000000000
1264 -1615.0000000000
1271 -1614.0000000000
1276 -1613.0000000000
1284 -1612.0000000000
1287 -1611.0000000000
1290 -1610.0000000000
1295 -1609.0000000000
1296 -1608.0000000000
1301 -1607.0000000000
1305 -1606.0000000000
1308 -1605.0000000000
1315 -1603.0000000000
1328 -1602.0000000000
1337 -1601.0000000000
1339 -1600.0000000000
1346 -1599.0000000000
1348 -1598.0000000000
1351 -1597.0000000000
1356 -1596.0000000000
1362 -1595.0000000000
1366 -1593.0000000000
1367 -1591.0000000000
1375 -1590.0000000000
1394 -1588.0000000000
1398 -1587.0000000000
1399 -1585.0000000000
1405 -1584.0000000000
1414 -1583.0000000000
1416 -1582.0000000000
1418 -1581.0000000000
1421 -1580.0000000000
1422 -1579.0000000000
1428 -1578.0000000000
1433 -1577.0000000000
1436 -1576.0000000000
1439 -1575.0000000000
1442 -1574.0000000000
1453 -1572.0000000000
1457 -1571.0000000000
1458 -1570.0000000000
1459 -1569.0000000000
1471 -1567.0000000000
1472 -1565.0000000000
1476 -1564.0000000000
1479 -1563.0000000000
1484 -1562.0000000000
1489 -1561.0000000000
1493 -1560.0000000000
1494 -1558.0000000000
1496 -1557.0000000000
1497 -1556.0000000000
1503 -1555.0000000000
1505 -1554.0000000000
1508 -1553.0000000000
1509 -1552.0000000000
1512 -1551.0000000000
1526 -1550.0000000000
1530 -1549.0000000000
1531 -1548.0000000000
1532 -1547.0000000000
1536 -1546.0000000000
1545 -1544.0000000000
1547 -1543.0000000000
1549 -1542.0000000000
1551 -1541.0000000000
1553 -1539.0000000000
1554 -1538.0000000000
1555 -1537.0000000000
1566 -1536.0000000000
1570 -1534.0000000000
1581 -1533.0000000000
1583 -1532.0000000000
1589 -1531.0000000000
1591 -1530.0000000000
1612 -1529.0000000000
1613 -1528.0000000000
1615 -1526.0000000000
1635 -1525.0000000000
1639 -1524.0000000000
1642 -1523.0000000000
1645 -1522.0000000000
1650 -1521.0000000000
1652 -1520.0000000000
1659 -1519.0000000000
1660 -1518.0000000000
1661 -1517.0000000000
1672 -1515.0000000000
1673 -1514.0000000000
1674 -1513.0000000000
1681 -1511.0000000000
1684 -1510.0000000000
1689 -1509.0000000000
1702 -1507.0000000000
1721 -1506.0000000000
1722 -1505.0000000000
1729 -1504.0000000000
1737 -1503.0000000000
1739 -1502.0000000000
1743 -1501.0000000000
1753 -1500.0000000000
1769 -1499.0000000000
1776 -1498.0000000000
1788 -1497.0000000000
1790 -1496.0000000000
1792 -1494.0000000000
1803 -1492.0000000000
1804 -1491.0000000000
1806 -1490.0000000000
1808 -1489.0000000000
1815 -1488.0000000000
1819 -1487.0000000000
1824 -1486.0000000000
1832 -1485.0000000000
1847 -1484.0000000000
1849 -1483.0000000000
1850 -1481.0000000000
1852 -1478.0000000000
1855 -1477.0000000000
1865 -1476.0000000000
1867 -1474.0000000000
1877 -1473.0000000000
1879 -1471.0000000000
1883 -1470.0000000000
1884 -1469.0000000000
1903 -1468.0000000000
1905 -1466.0000000000
1913 -1465.0000000000
1916 -1464.0000000000
1918 -1462.0000000000
1920 -1461.0000000000
1936 -1460.0000000000
1944 -1459.0000000000
1945 -1458.0000000000
1950 -1457.0000000000
1952 -1456.0000000000
1955 -1455.0000000000
1957 -1454.0000000000
1961 -1453.0000000000
1983 -1452.0000000000
1997 -1451.0000000000
2008 -1448.0000000000
2020 -1447.0000000000
2022 -1446.0000000000
2023 -1445.0000000000
2031 -1444.0000000000
2045 -1443.0000000000
2060 -1442.0000000000
2064 -1440.0000000000
2069 -1439.0000000000
2073 -1438.0000000000
2079 -1435.0000000000
2099 -1433.0000000000
2110 -1431.0000000000
2115 -1430.0000000000
2131 -1429.0000000000
2137 -1428.0000000000
2150 -1427.0000000000
2151 -1426.0000000000
2157 -1425.0000000000
2159 -1424.0000000000
2160 -1423.0000000000
2161 -1422.0000000000
2171 -1421.0000000000
2178 -1420.0000000000
2186 -1419.0000000000
2187 -1418.0000000000
2200 -1417.0000000000
2202 -1416.0000000000
2208 -1415.0000000000
2209 -1414.0000000000
2210 -1413.0000000000
2212 -1411.0000000000
2224 -1410.0000000000
2227 -1409.0000000000
2228 -1407.0000000000
2232 -1405.0000000000
2239 -1404.0000000000
2247 -1403.0000000000
2264 -1402.0000000000
2274 -1401.0000000000
2278 -1400.0000000000
2283 -1399.0000000000
2284 -1398.0000000000
2287 -1397.0000000000
2288 -1395.0000000000
2290 -1394.0000000000
2294 -1393.0000000000
2296 -1392.0000000000
2298 -1391.0000000000
2303 -1389.0000000000
2310 -1388.0000000000
2313 -1387.0000000000
2315 -1386.0000000000
2317 -1385.0000000000
2324 -1384.0000000000
2327 -1383.0000000000
2330 -1382.0000000000
2331 -1380.0000000000
2342 -1379.0000000000
2346 -1378.0000000000
2350 -1377.0000000000
2354 -1376.0000000000
2355 -1375.0000000000
2359 -1374.0000000000
2368 -1373.0000000000
2375 -1372.0000000000
2376 -1371.0000000000
2379 -1370.0000000000
2386 -1368.0000000000
2388 -1367.0000000000
2389 -1366.0000000000
2392 -1364.0000000000
2400 -1363.0000000000
2410 -1362.0000000000
2420 -1360.0000000000
2439 -1358.0000000000
2442 -1357.0000000000
2449 -1355.0000000000
2467 -1354.0000000000
2468 -1353.0000000000
2481 -1352.0000000000
2502 -1351.0000000000
2512 -1350.0000000000
2519 -1349.0000000000
2525 -1348.0000000000
2528 -1347.0000000000
2532 -1346.0000000000
2533 -1345.0000000000
2540 -1344.0000000000
2546 -1343.0000000000
2552 -1342.0000000000
2555 -1341.0000000000
2570 -1340.0000000000
2579 -1339.0000000000
2586 -1338.0000000000
2588 -1337.0000000000
2591 -1336.0000000000
2592 -1335.0000000000
2594 -1333.0000000000
2595 -1332.0000000000
2597 -1331.0000000000
2598 -1330.0000000000
2602 -1329.0000000000
2607 -1328.0000000000
2622 -1327.0000000000
2625 -1326.0000000000
2649 -1325.0000000000
2655 -1323.0000000000
2667 -1322.0000000000
2676 -1320.0000000000
2680 -1319.0000000000
2688 -1318.0000000000
2710 -1317.0000000000
2711 -1316.0000000000
2718 -1315.0000000000
2723 -1314.0000000000
2728 -1313.0000000000
2738 -1312.0000000000
2740 -1311.0000000000
2748 -1310.0000000000
2769 -1309.0000000000
2772 -1308.0000000000
2780 -1307.0000000000
2782 -1306.0000000000
2788 -1305.0000000000
2789 -1304.0000000000
2792 -1303.0000000000
2793 -1301.0000000000
2831 -1300.0000000000
2832 -1299.0000000000
2864 -1298.0000000000
2878 -1297.0000000000
2889 -1296.0000000000
2895 -1295.0000000000
2896 -1294.0000000000
2897 -1292.0000000000
2905 -1291.0000000000
2908 -1290.0000000000
2914 -1289.0000000000
2915 -1288.0000000000
2916 -1287.0000000000
2917 -1286.0000000000
2926 -1285.0000000000
2935 -1284.0000000000
2939 -1283.0000000000
2943 -1282.0000000000
2955 -1280.0000000000
2960 -1279.0000000000
2961 -1277.0000000000
2962 -1276.0000000000
2966 -1275.0000000000
2968 -1273.0000000000
2973 -1272.0000000000
2978 -1271.0000000000
2979 -1270.0000000000
2981 -1269.0000000000
2984 -1268.0000000000
2989 -1267.0000000000
2993 -1266.0000000000
3003 -1264.0000000000
3011 -1263.0000000000
3047 -1262.0000000000
3055 -1261.0000000000
3057 -1260.0000000000
3058 -1258.0000000000
3062 -1257.0000000000
3064 -1256.0000000000
3067 -1255.0000000000
3068 -1254.0000000000
3087 -1253.0000000000
3092 -1252.0000000000
3103 -1251.0000000000
3113 -1250.0000000000
3122 -1249.0000000000
3130 -1248.0000000000
3132 -1247.0000000000
3136 -1246.0000000000
3137 -1245.0000000000
3143 -1243.0000000000
3151 -1242.0000000000
3152 -1241.0000000000
3154 -1240.0000000000
3165 -1239.0000000000
3170 -1238.0000000000
3173 -1237.0000000000
3187 -1236.0000000000
3197 -1235.0000000000
3204 -1233.0000000000
3208 -1232.0000000000
3220 -1231.0000000000
3225 -1230.0000000000
3237 -1229.0000000000
3245 -1228.0000000000
3249 -1226.0000000000
3252 -1225.0000000000
3261 -1224.0000000000
3275 -1223.0000000000
3276 -1222.0000000000
3279 -1221.0000000000
3293 -1220.0000000000
3300 -1219.0000000000
3301 -1218.0000000000
3304 -1217.0000000000
3305 -1216.0000000000
3335 -1215.0000000000
3345 -1214.0000000000
3352 -1213.0000000000
3356 -1212.0000000000
3358 -1211.0000000000
3368 -1210.0000000000
3369 -1209.0000000000
3385 -1207.0000000000
3393 -1206.0000000000
3398 -1205.0000000000
3403 -1204.0000000000
3413 -1203.0000000000
3414 -1202.0000000000
3421 -1201.0000000000
3422 -1200.0000000000
3423 -1199.0000000000
3427 -1198.0000000000
3432 -1197.0000000000
3435 -1196.0000000000
3437 -1195.0000000000
3442 -1194.0000000000
3443 -1192.0000000000
3455 -1191.0000000000
3461 -1190.0000000000
3462 -1189.0000000000
3464 -1188.0000000000
3471 -1187.0000000000
3475 -1186.0000000000
3477 -1185.0000000000
3482 -1184.0000000000
3483 -1183.0000000000
3484 -1182.0000000000
3502 -1181.0000000000
3508 -1180.0000000000
3511 -1179.0000000000
3515 -1177.0000000000
3523 -1176.0000000000
3527 -1175.0000000000
3536 -1174.0000000000
3539 -1173.0000000000
3545 -1172.0000000000
3556 -1171.0000000000
3565 -1170.0000000000
3575 -1169.0000000000
3588 -1168.0000000000
3590 -1167.0000000000
3600 -1166.0000000000
3606 -1165.0000000000
3613 -1164.0000000000
3619 -1163.0000000000
3626 -1162.0000000000
3634 -1161.0000000000
3647 -1160.0000000000
3658 -1159.0000000000
3664 -1158.0000000000
3690 -1157.0000000000
3693 -1156.0000000000
3698 -1154.0000000000
3728 -1153.0000000000
3738 -1152.0000000000
3747 -1150.0000000000
3752 -1149.0000000000
3770 -1148.0000000000
3778 -1147.0000000000
3780 -1146.0000000000
3784 -1145.0000000000
3786 -1144.0000000000
3787 -1143.0000000000
3794 -1141.0000000000
3799 -1140.0000000000
3806 -1139.0000000000
3809 -1138.0000000000
3812 -1137.0000000000
3823 -1136.0000000000
3830 -1135.0000000000
3831 -1134.0000000000
3846 -1132.0000000000
3847 -1131.0000000000
3856 -1130.0000000000
3863 -1129.0000000000
3868 -1127.0000000000
3869 -1125.0000000000
3876 -1124.0000000000
3878 -1122.0000000000
3905 -1121.0000000000
3923 -1120.0000000000
3938 -1119.0000000000
3943 -1118.0000000000
3944 -1117.0000000000
3950 -1116.0000000000
3954 -1115.0000000000
3955 -1114.0000000000
3958 -1113.0000000000
3959 -1112.0000000000
3960 -1111.0000000000
3968 -1109.0000000000
3977 -1108.0000000000
3984 -1107.0000000000
3988 -1105.0000000000
3995 -1104.0000000000
3996 -1103.0000000000
4001 -1102.0000000000
4010 -1101.0000000000
4013 -1099.0000000000
4014 -1098.0000000000
4018 -1097.0000000000
4022 -1096.0000000000
4028 -1094.0000000000
4032 -1093.0000000000
4046 -1092.0000000000
4051 -1091.0000000000
4053 -1090.0000000000
4082 -1088.0000000000
4092 -1086.0000000000
4093 -1085.0000000000
4094 -1084.0000000000
4115 -1082.0000000000
4123 -1081.0000000000
4135 -1080.0000000000
4148 -1079.0000000000
4150 -1078.0000000000
4170 -1077.0000000000
4174 -1076.0000000000
4178 -1075.0000000000
4179 -1074.0000000000
4197 -1073.0000000000
4201 -1072.0000000000
4213 -1070.0000000000
4225 -1069.0000000000
4237 -1068.0000000000
4243 -1067.0000000000
4244 -1066.0000000000
4253 -1065.0000000000
4256 -1064.0000000000
4269 -1063.0000000000
4291 -1062.0000000000
4292 -1060.0000000000
4296 -1058.0000000000
4308 -1057.0000000000
4314 -1056.0000000000
4315 -1055.0000000000
4319 -1054.0000000000
4324 -1053.0000000000
4350 -1052.0000000000
4358 -1050.0000000000
4362 -1049.0000000000
4363 -1048.0000000000
4366 -1047.0000000000
4367 -1045.0000000000
4388 -1044.0000000000
4413 -1043.0000000000
4416 -1042.0000000000
4420 -1041.0000000000
4422 -1040.0000000000
4438 -1039.0000000000
4448 -1038.0000000000
4452 -1037.0000000000
4455 -1036.0000000000
4481 -1035.0000000000
4491 -1034.0000000000
4500 -1033.0000000000
4504 -1032.0000000000
4507 -1031.0000000000
4515 -1030.0000000000
4518 -1029.0000000000
4519 -1028.0000000000
4555 -1027.0000000000
4563 -1026.0000000000
4565 -1025.0000000000
4573 -1024.0000000000
4578 -1023.0000000000
4584 -1022.0000000000
4591 -1021.0000000000
4594 -1019.0000000000
4617 -1017.0000000000
4627 -1016.0000000000
4635 -1015.0000000000
4658 -1014.0000000000
4676 -1013.0000000000
4679 -1012.0000000000
4681 -1011.0000000000
4684 -1010.0000000000
4698 -1008.0000000000
4705 -1007.0000000000
4714 -1006.0000000000
4723 -1005.0000000000
4729 -1004.0000000000
4733 -1003.0000000000
4737 -1002.0000000000
4746 -1001.0000000000
4777 -1000.0000000000
4781 -999.0000000000
4784 -998.0000000000
4788 -997.0000000000
4790 -996.0000000000
4793 -993.0000000000
4800 -992.0000000000
4811 -991.0000000000
4813 -990.0000000000
4820 -989.0000000000
4832 -988.0000000000
4835 -987.0000000000
4840 -986.0000000000
4853 -985.0000000000
4856 -984.0000000000
4870 -983.0000000000
4871 -982.0000000000
4883 -981.0000000000
4886 -980.0000000000
4888 -979.0000000000
4891 -977.0000000000
4892 -976.0000000000
4899 -974.0000000000
4903 -973.0000000000
4906 -972.0000000000
4914 -971.0000000000
4921 -970.0000000000
4927 -969.0000000000
4943 -968.0000000000
4949 -967.0000000000
4952 -966.0000000000
4971 -965.0000000000
4973 -964.0000000000
4978 -963.0000000000
4981 -961.0000000000
4997 -960.0000000000
5002 -959.0000000000
5012 -958.0000000000
5015 -957.0000000000
5024 -956.0000000000
5028 -954.0000000000
5033 -953.0000000000
5038 -952.0000000000
5047 -951.0000000000
5050 -950.0000000000
5056 -949.0000000000
5063 -947.0000000000
5065 -945.0000000000
5072 -943.0000000000
5083 -942.0000000000
5116 -941.0000000000
5117 -940.0000000000
5126 -939.0000000000
5138 -938.0000000000
5141 -937.0000000000
5149 -935.0000000000
5161 -934.0000000000
5168 -933.0000000000
5200 -932.0000000000
5201 -931.0000000000
5207 -930.0000000000
5214 -929.0000000000
5229 -928.0000000000
5234 -927.0000000000
5236 -925.0000000000
5244 -924.0000000000
5267 -923.0000000000
5269 -921.0000000000
5274 -920.0000000000
5287 -919.0000000000
5299 -917.0000000000
5300 -916.0000000000
5304 -915.0000000000
5306 -913.0000000000
5316 -912.0000000000
5325 -911.0000000000
5338 -910.0000000000
5421 -909.0000000000
5438 -908.0000000000
5439 -906.0000000000
5455 -904.0000000000
5461 -903.0000000000
5463 -901.0000000000
5470 -900.0000000000
5488 -898.0000000000
5499 -897.0000000000
5537 -896.0000000000
5541 -895.0000000000
5542 -893.0000000000
5545 -891.0000000000
5548 -889.0000000000
5578 -888.0000000000
5631 -887.0000000000
5642 -886.0000000000
5645 -885.0000000000
5662 -884.0000000000
5674 -883.0000000000
5677 -882.0000000000
5679 -881.0000000000
5692 -879.0000000000
5693 -878.0000000000
5706 -877.0000000000
5707 -876.0000000000
5712 -874.0000000000
5714 -873.0000000000
5734 -872.0000000000
5748 -871.0000000000
5756 -870.0000000000
5785 -869.0000000000
5786 -868.0000000000
5828 -867.0000000000
5832 -866.0000000000
5836 -865.0000000000
5854 -864.0000000000
5866 -863.0000000000
5900 -862.0000000000
5929 -861.0000000000
5934 -860.0000000000
5939 -859.0000000000
5980 -858.0000000000
5983 -856.0000000000
5984 -855.0000000000
5986 -854.0000000000
6014 -853.0000000000
6015 -852.0000000000
6025 -851.0000000000
6037 -850.0000000000
6042 -849.0000000000
6047 -848.0000000000
6063 -847.0000000000
6067 -846.0000000000
6069 -845.0000000000
6078 -844.0000000000
6084 -842.0000000000
6086 -841.0000000000
6090 -839.0000000000
6106 -838.0000000000
6109 -837.0000000000
6119 -836.0000000000
6124 -834.0000000000
6135 -833.0000000000
6150 -832.0000000000
6154 -830.0000000000
6162 -829.0000000000
6172 -828.0000000000
6208 -827.0000000000
6215 -825.0000000000
6218 -824.0000000000
6235 -822.0000000000
6240 -821.0000000000
6251 -820.0000000000
6256 -819.0000000000
6258 -817.0000000000
6265 -816.0000000000
6309 -815.0000000000
6319 -814.0000000000
6344 -813.0000000000
6350 -811.0000000000
6357 -810.0000000000
6359 -808.0000000000
6360 -807.0000000000
6397 -806.0000000000
6435 -805.0000000000
6444 -804.0000000000
6448 -803.0000000000
6492 -802.0000000000
6501 -801.0000000000
6549 -800.0000000000
6551 -799.0000000000
6564 -798.0000000000
6569 -797.0000000000
6571 -796.0000000000
6572 -795.0000000000
6576 -794.0000000000
6578 -793.0000000000
6613 -792.0000000000
6626 -790.0000000000
6629 -789.0000000000
6642 -788.0000000000
6653 -787.0000000000
6666 -786.0000000000
6689 -785.0000000000
6696 -784.0000000000
6699 -783.0000000000
6704 -782.0000000000
6707 -781.0000000000
6718 -780.0000000000
6731 -779.0000000000
6737 -778.0000000000
6764 -777.0000000000
6832 -776.0000000000
6847 -775.0000000000
6861 -774.0000000000
6862 -772.0000000000
6875 -771.0000000000
6887 -768.0000000000
6905 -767.0000000000
6921 -766.0000000000
6923 -765.0000000000
6931 -764.0000000000
6942 -763.0000000000
6945 -762.0000000000
6947 -761.0000000000
6949 -760.0000000000
6952 -759.0000000000
6966 -758.0000000000
6969 -757.0000000000
6972 -756.0000000000
6973 -755.0000000000
6974 -754.0000000000
6980 -753.0000000000
6990 -752.0000000000
6997 -751.0000000000
7012 -750.0000000000
7036 -749.0000000000
7057 -748.0000000000
7060 -746.0000000000
7071 -744.0000000000
7088 -743.0000000000
7089 -742.0000000000
7116 -740.0000000000
7127 -739.0000000000
7149 -737.0000000000
7151 -736.0000000000
7170 -735.0000000000
7171 -734.0000000000
7174 -733.0000000000
7197 -732.0000000000
7214 -731.0000000000
7227 -730.0000000000
7231 -729.0000000000
7233 -728.0000000000
7235 -727.0000000000
7263 -726.0000000000
7282 -725.0000000000
7285 -724.0000000000
7286 -723.0000000000
7287 -722.0000000000
7337 -721.0000000000
7347 -720.0000000000
7358 -719.0000000000
7360 -718.0000000000
7391 -717.0000000000
7402 -716.0000000000
7422 -715.0000000000
7430 -714.0000000000
7431 -713.0000000000
7435 -712.0000000000
7436 -711.0000000000
7474 -710.0000000000
7476 -709.0000000000
7480 -708.0000000000
7492 -706.0000000000
7499 -705.0000000000
7516 -704.0000000000
7536 -703.0000000000
7553 -702.0000000000
7554 -700.0000000000
7567 -699.0000000000
7585 -698.0000000000
7589 -695.0000000000
7590 -694.0000000000
7591 -693.0000000000
7619 -690.0000000000
7675 -689.0000000000
7677 -688.0000000000
7685 -686.0000000000
7696 -685.0000000000
7718 -684.0000000000
7729 -683.0000000000
7730 -682.0000000000
7731 -681.0000000000
7738 -680.0000000000
7741 -679.0000000000
7772 -678.0000000000
7796 -676.0000000000
7817 -675.0000000000
7822 -674.0000000000
7827 -673.0000000000
7831 -672.0000000000
7840 -671.0000000000
7841 -670.0000000000
7855 -668.0000000000
7861 -667.0000000000
7882 -666.0000000000
7906 -665.0000000000
7936 -664.0000000000
7961 -663.0000000000
7985 -662.0000000000
7997 -661.0000000000
8006 -660.0000000000
8013 -659.0000000000
8050 -658.0000000000
8061 -657.0000000000
8063 -655.0000000000
8067 -654.0000000000
8099 -653.0000000000
8115 -652.0000000000
8126 -651.0000000000
8150 -650.0000000000
8152 -649.0000000000
8157 -647.0000000000
8161 -646.0000000000
8165 -645.0000000000
8174 -644.0000000000
8175 -643.0000000000
8176 -641.0000000000
8204 -640.0000000000
8214 -639.0000000000
8221 -638.0000000000
8251 -636.0000000000
8266 -635.0000000000
8271 -634.0000000000
8300 -633.0000000000
8319 -632.0000000000
8322 -631.0000000000
8341 -630.0000000000
8343 -629.0000000000
8348 -628.0000000000
8372 -627.0000000000
8392 -626.0000000000
8417 -625.0000000000
8435 -623.0000000000
8438 -622.0000000000
8445 -621.0000000000
8455 -620.0000000000
8474 -619.0000000000
8484 -618.0000000000
8507 -617.0000000000
8510 -616.0000000000
8512 -615.0000000000
8565 -614.0000000000
8575 -613.0000000000
8582 -612.0000000000
8603 -611.0000000000
8605 -610.0000000000
8625 -609.0000000000
8634 -608.0000000000
8759 -607.0000000000
8775 -606.0000000000
8780 -604.0000000000
8786 -603.0000000000
8787 -602.0000000000
8797 -601.0000000000
8799 -600.0000000000
8820 -599.0000000000
8823 -598.0000000000
8831 -597.0000000000
8841 -596.0000000000
8847 -595.0000000000
8854 -594.0000000000
8857 -593.0000000000
8877 -592.0000000000
8879 -591.0000000000
8936 -590.0000000000
8943 -589.0000000000
8988 -588.0000000000
9005 -587.0000000000
9024 -586.0000000000
9036 -585.0000000000
9054 -584.0000000000
9060 -583.0000000000
9065 -582.0000000000
9083 -581.0000000000
9096 -580.0000000000
9097 -579.0000000000
9106 -578.0000000000
9129 -577.0000000000
9138 -576.0000000000
9216 -575.0000000000
9238 -574.0000000000
9241 -573.0000000000
9279 -572.0000000000
9282 -571.0000000000
9301 -570.0000000000
9316 -569.0000000000
9341 -568.0000000000
9347 -566.0000000000
9399 -565.0000000000
9402 -564.0000000000
9408 -563.0000000000
9416 -562.0000000000
9419 -561.0000000000
9436 -560.0000000000
9459 -559.0000000000
9461 -558.0000000000
9469 -557.0000000000
9476 -556.0000000000
9538 -555.0000000000
9542 -554.0000000000
9578 -552.0000000000
9593 -551.0000000000
9625 -550.0000000000
9635 -549.0000000000
9668 -548.0000000000
9707 -547.0000000000
9712 -546.0000000000
9725 -545.0000000000
9735 -544.0000000000
9753 -543.0000000000
9768 -542.0000000000
9769 -541.0000000000
9775 -540.0000000000
9788 -539.0000000000
9791 -538.0000000000
9820 -537.0000000000
9890 -536.0000000000
9900 -535.0000000000
9904 -534.0000000000
9918 -533.0000000000
9967 -532.0000000000
9987 -531.0000000000
10000 -534.0000000000
evaluations raw_y
1 -2022.0000000000
5 -2021.0000000000
9 -2020.0000000000
16 -2018.0000000000
17 -2017.0000000000
18 -2016.0000000000
20 -2014.0000000000
21 -2012.0000000000
22 -2010.0000000000
24 -2009.0000000000
25 -2008.0000000000
26 -2007.0000000000
27 -2005.0000000000
31 -2003.0000000000
32 -2001.0000000000
39 -2000.0000000000
45 -1999.0000000000
49 -1998.0000000000
51 -1996.0000000000
59 -1995.0000000000
74 -1994.0000000000
76 -1993.0000000000
78 -1992.0000000000
91 -1991.0000000000
92 -1989.0000000000
93 -1988.0000000000
98 -1987.0000000000
100 -1985.0000000000
111 -1984.0000000000
113 -1983.0000000000
115 -1982.0000000000
118 -1981.0000000000
129 -1980.0000000000
133 -1979.0000000000
134 -1978.0000000000
136 -1977.0000000000
139 -1975.0000000000
141 -1974.0000000000
156 -1973.0000000000
157 -1971.0000000000
159 -1970.0000000000
167 -1969.0000000000
172 -1968.0000000000
173 -1967.0000000000
176 -1965.0000000000
184 -1964.0000000000
192 -1962.0000000000
197 -1960.0000000000
198 -1959.0000000000
211 -1958.0000000000
216 -1957.0000000000
218 -1956.0000000000
220 -1954.0000000000
222 -1953.0000000000
235 -1952.0000000000
239 -1951.0000000000
244 -1950.0000000000
245 -1948.0000000000
248 -1947.0000000000
252 -1945.0000000000
256 -1943.0000000000
257 -1942.0000000000
260 -1941.0000000000
276 -1940.0000000000
280 -1939.0000000000
282 -1938.0000000000
289 -1937.0000000000
294 -1936.0000000000
298 -1935.0000000000
307 -1934.0000000000
309 -1932.0000000000
312 -1931.0000000000
314 -1930.0000000000
318 -1928.0000000000
323 -1927.0000000000
325 -1926.0000000000
326 -1925.0000000000
330 -1924.0000000000
337 -1923.0000000000
348 -1922.0000000000
350 -1921.0000000000
353 -1920.0000000000
356 -1918.0000000000
360 -1916.0000000000
362 -1915.0000000000
364 -1914.0000000000
365 -1913.0000000000
373 -1912.0000000000
375 -1911.0000000000
377 -1910.0000000000
378 -1908.0000000000
382 -1907.0000000000
385 -1905.0000000000
388 -1904.0000000000
391 -1903.0000000000
396 -1902.0000000000
397 -1901.0000000000
399 -1900.0000000000
407 -1898.0000000000
411 -1897.0000000000
414 -1896.0000000000
416 -1895.0000000000
417 -1893.0000000000
420 -1891.0000000000
421 -1890.0000000000
425 -1889.0000000000
429 -1888.0000000000
430 -1887.0000000000
436 -1886.0000000000
441 -1885.0000000000
449 -1884.0000000000
455 -1883.0000000000
460 -1882.0000000000
466 -1881.0000000000
467 -1880.0000000000
473 -1879.0000000000
477 -1878.0000000000
482 -1877.0000000000
485 -1876.0000000000
486 -1875.0000000000
490 -1874.0000000000
493 -1873.0000000000
494 -1871.0000000000
500 -1870.0000000000
505 -1869.0000000000
521 -1868.0000000000
525 -1867.0000000000
535 -1865.0000000000
536 -1864.0000000000
539 -1863.0000000000
540 -1862.0000000000
550 -1861.0000000000
552 -1860.0000000000
555 -1859.0000000000
557 -1858.0000000000
560 -1857.0000000000
563 -1856.0000000000
565 -1854.0000000000
568 -1853.0000000000
572 -1852.0000000000
574 -1850.0000000000
579 -1849.0000000000
584 -1847.0000000000
587 -1845.0000000000
591 -1844.0000000000
592 -1841.0000000000
593 -1840.0000000000
594 -1839.0000000000
597 -1837.0000000000
608 -1836.0000000000
610 -1835.0000000000
614 -1834.0000000000
616 -1833.0000000000
619 -1832.0000000000
620 -1831.0000000000
628 -1830.0000000000
633 -1829.0000000000
635 -1828.0000000000
638 -1827.0000000000
639 -1826.0000000000
640 -1824.0000000000
645 -1822.0000000000
655 -1821.0000000000
660 -1820.0000000000
662 -1819.0000000000
663 -1818.0000000000
668 -1817.0000000000
670 -1816.0000000000
671 -1815.0000000000
672 -1813.0000000000
673 -1812.0000000000
678 -1811.0000000000
694 -1810.0000000000
701 -1809.0000000000
702 -1807.0000000000
708 -1806.0000000000
714 -1805.0000000000
715 -1804.0000000000
721 -1802.0000000000
723 -1801.0000000000
725 -1800.0000000000
726 -1799.0000000000
731 -1798.0000000000
733 -1797.0000000000
748 -1796.0000000000
749 -1795.0000000000
751 -1794.0000000000
760 -1793.0000000000
764 -1792.0000000000
770 -1791.0000000000
777 -1790.0000000000
778 -1789.0000000000
779 -1788.0000000000
782 -1786.0000000000
785 -1785.0000000000
786 -1784.0000000000
787 -1783.0000000000
788 -1782.0000000000
790 -1781.0000000000
791 -1780.0000000000
794 -1779.0000000000
797 -1778.0000000000
803 -1777.0000000000
804 -1776.0000000000
809 -1775.0000000000
811 -1774.0000000000
813 -1772.0000000000
818 -1770.0000000000
824 -1769.0000000000
836 -1767.0000000000
851 -1765.0000000000
856 -1764.0000000000
857 -1763.0000000000
860 -1762.0000000000
865 -1761.0000000000
876 -1760.0000000000
880 -1759.0000000000
885 -1758.0000000000
887 -1757.0000000000
890 -1756.0000000000
892 -1755.0000000000
893 -1753.0000000000
895 -1752.0000000000
905 -1751.0000000000
907 -1750.0000000000
910 -1749.0000000000
912 -1748.0000000000
914 -1747.0000000000
915 -1746.0000000000
916 -1745.0000000000
923 -1744.0000000000
924 -1741.0000000000
927 -1739.0000000000
931 -1738.0000000000
939 -1737.0000000000
940 -1736.0000000000
953 -1735.0000000000
961 -1734.0000000000
966 -1733.0000000000
967 -1731.0000000000
970 -1730.0000000000
973 -1729.0000000000
974 -1728.0000000000
977 -1727.0000000000
979 -1726.0000000000
980 -1725.0000000000
984 -1724.0000000000
989 -1723.0000000000
990 -1722.0000000000
996 -1721.0000000000
998 -1720.0000000000
999 -1719.0000000000
1002 -1718.0000000000
1005 -1717.0000000000
1006 -1716.0000000000
1009 -1715.0000000000
1014 -1714.0000000000
1024 -1713.0000000000
1025 -1712.0000000000
1049 -1711.0000000000
1052 -1710.0000000000
1055 -1709.0000000000
1057 -1708.0000000000
1059 -1706.0000000000
1063 -1705.0000000000
1064 -1704.0000000000
1076 -1703.0000000000
1078 -1701.0000000000
1079 -1700.0000000000
1087 -1697.0000000000
1090 -1694.0000000000
1091 -1691.0000000000
1092 -1689.0000000000
1093 -1688.0000000000
1095 -1687.0000000000
1098 -1686.0000000000
1103 -1685.0000000000
1115 -1684.0000000000
1119 -1683.0000000000
1120 -1682.0000000000
1123 -1680.0000000000
1124 -1679.0000000000
1129 -1678.0000000000
1130 -1677.0000000000
1138 -1676.0000000000
1140 -1675.0000000000
1143 -1674.0000000000
1146 -1673.0000000000
1148 -1671.0000000000
1154 -1670.0000000000
1157 -1669.0000000000
1162 -1666.0000000000
1179 -1665.0000000000
1187 -1663.0000000000
1193 -1662.0000000000
1194 -1661.0000000000
1209 -1660.0000000000
1215 -1659.0000000000
1225 -1657.0000000000
1228 -1656.0000000000
1236 -1655.0000000000
1237 -1654.0000000000
1238 -1653.0000000000
1241 -1651.0000000000
1242 -1649.0000000000
1251 -1647.0000000000
1252 -1646.0000000000
1256 -1645.0000000000
1268 -1644.0000000000
1269 -1642.0000000000
1272 -1641.0000000000
1279 -1640.0000000000
1300 -1638.0000000000
1303 -1637.0000000000
1309 -1636.0000000000
1310 -1635.0000000000
1312 -1634.0000000000
1315 -1632.0000000000
1320 -1630.0000000000
1322 -1629.0000000000
1323 -1628.0000000000
1332 -1627.0000000000
1335 -1626.0000000000
1339 -1625.0000000000
1345 -1624.0000000000
1350 -1623.0000000000
1351 -1622.0000000000
1362 -1621.0000000000
1363 -1620.0000000000
1371 -1619.0000000000
1385 -1618.0000000000
1400 -1617.0000000000
1402 -1616.0000000000
1409 -1614.0000000000
1410 -1613.0000000000
1411 -1611.0000000000
1426 -1610.0000000000
1428 -1609.0000000000
1431 -1608.0000000000
1432 -1607.0000000000
1438 -1606.0000000000
1440 -1605.0000000000
1446 -1604.0000000000
1447 -1603.0000000000
1448 -1602.0000000000
1456 -1600.0000000000
1459 -1599.0000000000
1460 -1598.0000000000
1465 -1597.0000000000
1468 -1596.0000000000
1470 -1594.0000000000
1474 -1593.0000000000
1476 -1592.0000000000
1478 -1591.0000000000
1484 -1590.0000000000
1490 -1589.0000000000
1492 -1588.0000000000
1498 -1587.0000000000
1502 -1586.0000000000
1504 -1585.0000000000
1507 -1584.0000000000
1510 -1583.0000000000
1512 -1582.0000000000
1517 -1579.0000000000
1522 -1577.0000000000
1527 -1575.0000000000
1533 -1573.0000000000
1543 -1572.0000000000
1556 -1571.0000000000
1563 -1570.0000000000
1565 -1569.0000000000
1572 -1568.0000000000
1580 -1567.0000000000
1584 -1566.0000000000
1591 -1564.0000000000
1592 -1563.0000000000
1593 -1561.0000000000
1599 -1560.0000000000
1600 -1559.0000000000
1618 -1558.0000000000
1634 -1557.0000000000
1636 -1556.0000000000
1639 -1555.0000000000
1642 -1554.0000000000
1646 -1553.0000000000
1649 -1552.0000000000
1654 -1551.0000000000
1655 -1550.0000000000
1657 -1549.0000000000
1668 -1548.0000000000
1687 -1547.0000000000
1688 -1546.0000000000
1691 -1545.0000000000
1692 -1544.0000000000
1693 -1542.0000000000
1694 -1540.0000000000
1698 -1539.0000000000
1705 -1537.0000000000
1715 -1536.0000000000
1718 -1535.0000000000
1719 -1534.0000000000
1726 -1533.0000000000
1730 -1532.0000000000
1749 -1530.0000000000
1758 -1529.0000000000
1768 -1528.0000000000
1770 -1527.0000000000
1781 -1526.0000000000
1791 -1525.0000000000
1792 -1524.0000000000
1793 -1523.0000000000
1800 -1521.0000000000
1808 -1520.0000000000
1816 -1519.0000000000
1829 -1518.0000000000
1836 -1517.0000000000
1838 -1516.0000000000
1844 -1515.0000000000
1847 -1514.0000000000
1849 -1513.0000000000
1850 -1512.0000000000
1855 -1510.0000000000
1856 -1509.0000000000
1860 -1508.0000000000
1867 -1506.0000000000
1872 -1505.0000000000
1877 -1504.0000000000
1879 -1503.0000000000
1887 -1501.0000000000
1892 -1500.0000000000
1894 -1499.0000000000
1898 -1497.0000000000
1900 -1496.0000000000
1903 -1495.0000000000
1916 -1494.0000000000
1928 -1493.0000000000
1929 -1492.0000000000
1934 -1490.0000000000
1940 -1489.0000000000
1948 -1488.0000000000
1951 -1487.0000000000
1967 -1484.0000000000
1970 -1483.0000000000
1983 -1481.0000000000
1984 -1480.0000000000
1985 -1478.0000000000
1987 -1477.0000000000
2005 -1476.0000000000
2015 -1475.0000000000
2017 -1472.0000000000
2021 -1471.0000000000
2029 -1470.0000000000
2031 -1469.0000000000
2034 -1465.0000000000
2057 -1464.0000000000
2073 -1463.0000000000
2080 -1461.0000000000
2085 -1460.0000000000
2088 -1459.0000000000
2089 -1457.0000000000
2090 -1456.0000000000
2099 -1455.0000000000
2100 -1454.0000000000
2103 -1453.0000000000
2106 -1452.0000000000
2110 -1451.0000000000
2112 -1450.0000000000
2114 -1448.0000000000
2119 -1447.0000000000
2120 -1446.0000000000
2123 -1445.0000000000
2131 -1444.0000000000
2139 -1443.0000000000
2140 -1442.0000000000
2142 -1441.0000000000
2143 -1440.0000000000
2149 -1439.0000000000
2157 -1438.0000000000
2165 -1435.0000000000
2166 -1434.0000000000
2173 -1433.0000000000
2177 -1432.0000000000
2181 -1431.0000000000
2198 -1430.0000000000
2200 -1429.0000000000
2212 -1428.0000000000
2214 -1427.0000000000
2224 -1426.0000000000
2226 -1425.0000000000
2235 -1424.0000000000
2240 -1423.0000000000
2241 -1422.0000000000
2244 -1420.0000000000
2253 -1418.0000000000
2255 -1417.0000000000
2257 -1416.0000000000
2266 -1415.0000000000
2270 -1414.0000000000
2277 -1413.0000000000
2279 -1412.0000000000
2280 -1410.0000000000
2283 -1409.0000000000
2293 -1408.0000000000
2299 -1407.0000000000
2300 -1406.0000000000
2303 -1405.0000000000
2306 -1404.0000000000
2309 -1403.0000000000
2325 -1402.0000000000
2329 -1401.0000000000
2333 -1400.0000000000
2337 -1399.0000000000
2343 -1398.0000000000
2347 -1397.0000000000
2359 -1396.0000000000
2360 -1393.0000000000
2361 -1392.0000000000
2370 -1391.0000000000
2373 -1390.0000000000
2394 -1389.0000000000
2407 -1388.0000000000
2409 -1387.0000000000
2410 -1386.0000000000
2411 -1385.0000000000
2415 -1384.0000000000
2420 -1383.0000000000
2422 -1381.0000000000
2423 -1380.0000000000
2424 -1379.0000000000
2431 -1378.0000000000
2437 -1377.0000000000
2447 -1376.0000000000
2454 -1375.0000000000
2461 -1374.0000000000
2465 -1371.0000000000
2468 -1370.0000000000
2475 -1369.0000000000
2497 -1368.0000000000
2503 -1367.0000000000
2507 -1366.0000000000
2510 -1365.0000000000
2521 -1363.0000000000
2523 -1362.0000000000
2526 -1361.0000000000
2531 -1360.0000000000
2533 -1358.0000000000
2543 -1357.0000000000
2546 -1356.0000000000
2560 -1355.0000000000
2565 -1354.0000000000
2571 -1353.0000000000
2577 -1352.0000000000
2578 -1351.0000000000
2580 -1350.0000000000
2581 -1349.0000000000
2584 -1348.0000000000
2586 -1347.0000000000
2591 -1346.0000000000
2594 -1345.0000000000
2599 -1344.0000000000
2600 -1343.0000000000
2612 -1342.0000000000
2622 -1341.0000000000
2644 -1340.0000000000
2662 -1338.0000000000
2664 -1337.0000000000
2667 -1335.0000000000
2675 -1333.0000000000
2678 -1332.0000000000
2679 -1331.0000000000
2681 -1330.0000000000
2691 -1329.0000000000
2697 -1328.0000000000
2698 -1327.0000000000
2713 -1326.0000000000
2727 -1324.0000000000
2728 -1323.0000000000
2730 -1321.0000000000
2738 -1319.0000000000
2742 -1318.0000000000
2745 -1317.0000000000
2753 -1316.0000000000
2766 -1315.0000000000
2773 -1314.0000000000
2785 -1313.0000000000
2798 -1312.0000000000
2803 -1311.0000000000
2814 -1310.0000000000
2815 -1309.0000000000
2829 -1308.0000000000
2830 -1306.0000000000
2831 -1305.0000000000
2835 -1304.0000000000
2840 -1303.0000000000
2846 -1302.0000000000
2850 -1301.0000000000
2859 -1300.0000000000
2875 -1298.0000000000
2877 -1297.0000000000
2885 -1296.0000000000
2890 -1295.0000000000
2905 -1294.0000000000
2909 -1293.0000000000
2917 -1292.0000000000
2920 -1291.0000000000
2930 -1290.0000000000
2942 -1289.0000000000
2945 -1288.0000000000
2950 -1287.0000000000
2965 -1286.0000000000
2975 -1285.0000000000
2980 -1284.0000000000
2982 -1283.0000000000
2986 -1282.0000000000
2990 -1280.0000000000
3004 -1279.0000000000
3011 -1278.0000000000
3012 -1277.0000000000
3020 -1276.0000000000
3031 -1275.0000000000
3032 -1274.0000000000
3040 -1273.0000000000
3043 -1272.0000000000
3050 -1271.0000000000
3054 -1270.0000000000
3056 -1268.0000000000
3062 -1267.0000000000
3074 -1265.0000000000
3078 -1264.0000000000
3083 -1263.0000000000
3088 -1262.0000000000
3091 -1260.0000000000
3092 -1259.0000000000
3119 -1257.0000000000
3122 -1256.0000000000
3126 -1255.0000000000
3141 -1254.0000000000
3143 -1253.0000000000
3152 -1251.0000000000
3156 -1250.0000000000
3163 -1249.0000000000
3168 -1248.0000000000
3169 -1247.0000000000
3175 -1246.0000000000
3182 -1244.0000000000
3209 -1243.0000000000
3210 -1242.0000000000
3221 -1240.0000000000
3223 -1239.0000000000
3235 -1238.0000000000
3237 -1237.0000000000
3239 -1236.0000000000
3243 -1235.0000000000
3258 -1234.0000000000
3267 -1233.0000000000
3269 -1232.0000000000
3273 -1231.0000000000
3275 -1230.0000000000
3276 -1229.0000000000
3283 -1228.0000000000
3285 -1227.0000000000
3295 -1226.0000000000
3314 -1225.0000000000
3328 -1224.0000000000
3335 -1223.0000000000
3347 -1222.0000000000
3356 -1221.0000000000
3369 -1219.0000000000
3373 -1218.0000000000
3378 -1217.0000000000
3382 -1216.0000000000
3395 -1215.0000000000
3407 -1213.0000000000
3418 -1212.0000000000
3424 -1211.0000000000
3432 -1210.0000000000
3433 -1209.0000000000
3439 -1208.0000000000
3445 -1207.0000000000
3463 -1206.0000000000
3468 -1205.0000000000
3476 -1203.0000000000
3477 -1202.0000000000
3481 -1201.0000000000
3483 -1200.0000000000
3491 -1199.0000000000
3504 -1198.0000000000
3506 -1197.0000000000
3517 -1196.0000000000
3519 -1194.0000000000
3554 -1193.0000000000
3562 -1192.0000000000
3583 -1191.0000000000
3589 -1190.0000000000
3598 -1189.0000000000
3600 -1188.0000000000
3605 -1187.0000000000
3610 -1185.0000000000
3615 -1183.0000000000
3618 -1182.0000000000
3624 -1181.0000000000
3629 -1180.0000000000
3630 -1179.0000000000
3642 -1177.0000000000
3651 -1176.0000000000
3656 -1175.0000000000
3657 -1174.0000000000
3677 -1173.0000000000
3685 -1172.0000000000
3694 -1171.0000000000
3696 -1170.0000000000
3701 -1169.0000000000
3702 -1168.0000000000
3715 -1167.0000000000
3716 -1165.0000000000
3717 -1164.0000000000
3718 -1163.0000000000
3722 -1162.0000000000
3725 -1161.0000000000
3749 -1160.0000000000
3751 -1159.0000000000
3752 -1158.0000000000
3755 -1157.0000000000
3757 -1156.0000000000
3759 -1155.0000000000
3795 -1154.0000000000
3817 -1153.0000000000
3825 -1152.0000000000
3829 -1151.0000000000
3845 -1150.0000000000
3849 -1149.0000000000
3850 -1148.0000000000
3866 -1147.0000000000
3868 -1146.0000000000
3871 -1145.0000000000
3874 -1144.0000000000
3875 -1143.0000000000
3876 -1141.0000000000
3881 -1140.0000000000
3882 -1139.0000000000
3888 -1138.0000000000
3900 -1137.0000000000
3905 -1136.0000000000
3906 -1135.0000000000
3917 -1133.0000000000
3920 -1132.0000000000
3939 -1131.0000000000
3941 -1130.0000000000
3958 -1129.0000000000
3960 -1128.0000000000
3976 -1127.0000000000
3977 -1124.0000000000
3995 -1122.0000000000
4017 -1121.0000000000
4020 -1120.0000000000
4022 -1119.0000000000
4030 -1118.0000000000
4036 -1117.0000000000
4041 -1116.0000000000
4050 -1115.0000000000
4066 -1114.0000000000
4070 -1113.0000000000
4074 -1112.0000000000
4088 -1111.0000000000
4095 -1109.0000000000
4102 -1107.0000000000
4119 -1106.0000000000
4125 -1105.0000000000
4139 -1104.0000000000
4149 -1103.0000000000
4153 -1102.0000000000
4155 -1101.0000000000
4160 -1100.0000000000
4165 -1099.0000000000
4171 -1098.0000000000
4187 -1097.0000000000
4201 -1096.0000000000
4208 -1095.0000000000
4210 -1094.0000000000
4224 -1092.0000000000
4228 -1091.0000000000
4231 -1090.0000000000
4232 -1089.0000000000
4245 -1087.0000000000
4251 -1086.0000000000
4268 -1085.0000000000
4270 -1084.0000000000
4278 -1083.0000000000
4280 -1082.0000000000
4281 -1080.0000000000
4288 -1079.0000000000
4303 -1078.0000000000
4309 -1077.0000000000
4328 -1076.0000000000
4341 -1074.0000000000
4345 -1072.0000000000
4346 -1071.0000000000
4351 -1070.0000000000
4354 -1069.0000000000
4361 -1068.0000000000
4362 -1067.0000000000
4363 -1066.0000000000
4372 -1065.0000000000
4374 -1064.0000000000
4379 -1063.0000000000
4380 -1062.0000000000
4395 -1061.0000000000
4397 -1060.0000000000
4407 -1059.0000000000
4410 -1058.0000000000
4428 -1057.0000000000
4432 -1055.0000000000
4453 -1052.0000000000
4457 -1050.0000000000
4471 -1049.0000000000
4478 -1048.0000000000
4493 -1047.0000000000
4499 -1046.0000000000
4520 -1045.0000000000
4522 -1044.0000000000
4535 -1042.0000000000
4539 -1041.0000000000
4546 -1040.0000000000
4548 -1039.0000000000
4554 -1038.0000000000
4565 -1037.0000000000
4569 -1035.0000000000
4578 -1033.0000000000
4626 -1032.0000000000
4631 -1031.0000000000
4634 -1030.0000000000
4636 -1029.0000000000
4650 -1028.0000000000
4657 -1027.0000000000
4662 -1026.0000000000
4663 -1025.0000000000
4675 -1024.0000000000
4684 -1023.0000000000
4686 -1022.0000000000
4689 -1021.0000000000
4693 -1020.0000000000
4699 -1019.0000000000
4701 -1018.0000000000
4708 -1015.0000000000
4711 -1014.0000000000
4713 -1013.0000000000
4717 -1012.0000000000
4722 -1011.0000000000
4735 -1009.0000000000
4740 -1008.0000000000
4744 -1007.0000000000
4753 -1006.0000000000
4754 -1004.0000000000
4757 -1003.0000000000
4766 -1002.0000000000
4775 -1000.0000000000
4784 -999.0000000000
4800 -998.0000000000
4808 -997.0000000000
4821 -996.0000000000
4824 -995.0000000000
4827 -994.0000000000
4830 -992.0000000000
4841 -991.0000000000
4844 -990.0000000000
4846 -989.0000000000
4849 -988.0000000000
4850 -987.0000000000
4876 -986.0000000000
4877 -985.0000000000
4890 -984.0000000000
4893 -983.0000000000
4900 -982.0000000000
4910 -981.0000000000
4917 -980.0000000000
4937 -979.0000000000
4943 -978.0000000000
4947 -977.0000000000
4955 -976.0000000000
4961 -975.0000000000
4962 -974.0000000000
4963 -973.0000000000
4973 -972.0000000000
4995 -971.0000000000
4996 -970.0000000000
5029 -969.0000000000
5039 -968.0000000000
5041 -966.0000000000
5067 -965.0000000000
5078 -963.0000000000
5082 -962.0000000000
5104 -961.0000000000
5105 -960.0000000000
5135 -959.0000000000
5158 -958.0000000000
5186 -957.0000000000
5197 -956.0000000000
5200 -955.0000000000
5201 -954.0000000000
5209 -953.0000000000
5232 -952.0000000000
5239 -951.0000000000
5257 -950.0000000000
5273 -949.0000000000
5283 -948.0000000000
5290 -947.0000000000
5305 -946.0000000000
5307 -945.0000000000
5316 -944.0000000000
5318 -943.0000000000
5325 -942.0000000000
5335 -941.0000000000
5342 -940.0000000000
5346 -939.0000000000
5363 -938.0000000000
5379 -937.0000000000
5383 -936.0000000000
5385 -935.0000000000
5415 -934.0000000000
5420 -933.0000000000
5423 -932.0000000000
5427 -930.0000000000
5448 -929.0000000000
5453 -928.0000000000
5466 -927.0000000000
5468 -926.0000000000
5477 -924.0000000000
5487 -923.0000000000
5489 -922.0000000000
5490 -921.0000000000
5491 -920.0000000000
5496 -919.0000000000
5535 -918.0000000000
5543 -917.0000000000
5558 -916.0000000000
5583 -915.0000000000
5589 -914.0000000000
5598 -913.0000000000
5610 -912.0000000000
5647 -911.0000000000
5648 -910.0000000000
5650 -909.0000000000
5654 -908.0000000000
5672 -907.0000000000
5678 -906.0000000000
5684 -903.0000000000
5718 -902.0000000000
5722 -901.0000000000
5735 -900.0000000000
5737 -899.0000000000
5766 -898.0000000000
5776 -897.0000000000
5777 -896.0000000000
5788 -895.0000000000
5789 -894.0000000000
5794 -893.0000000000
5829 -892.0000000000
5832 -891.0000000000
5846 -890.0000000000
5847 -889.0000000000
5848 -888.0000000000
5860 -886.0000000000
5870 -885.0000000000
5874 -883.0000000000
5876 -882.0000000000
5885 -881.0000000000
5921 -880.0000000000
5925 -878.0000000000
5939 -877.0000000000
5945 -876.0000000000
5947 -875.0000000000
5952 -874.0000000000
5975 -873.0000000000
5980 -872.0000000000
5985 -871.0000000000
6040 -870.0000000000
6050 -869.0000000000
6065 -867.0000000000
6072 -866.0000000000
6073 -865.0000000000
6090 -864.0000000000
6101 -863.0000000000
6107 -862.0000000000
6109 -861.0000000000
6117 -860.0000000000
6129 -858.0000000000
6157 -857.0000000000
6172 -856.0000000000
6179 -854.0000000000
6185 -853.0000000000
6187 -852.0000000000
6209 -851.0000000000
6217 -849.0000000000
6232 -848.0000000000
6250 -847.0000000000
6261 -846.0000000000
6267 -845.0000000000
6272 -844.0000000000
6273 -843.0000000000
6278 -842.0000000000
6283 -841.0000000000
6291 -840.0000000000
6294 -838.0000000000
6298 -837.0000000000
6330 -836.0000000000
6332 -834.0000000000
6336 -833.0000000000
6342 -832.0000000000
6344 -831.0000000000
6347 -830.0000000000
6372 -829.0000000000
6387 -828.0000000000
6388 -827.0000000000
6392 -826.0000000000
6395 -825.0000000000
6400 -823.0000000000
6408 -822.0000000000
6456 -821.0000000000
6462 -820.0000000000
6464 -818.0000000000
6473 -817.0000000000
6490 -816.0000000000
6491 -815.0000000000
6498 -814.0000000000
6508 -813.0000000000
6510 -812.0000000000
6519 -811.0000000000
6521 -810.0000000000
6523 -809.0000000000
6527 -808.0000000000
6540 -807.0000000000
6568 -806.0000000000
6570 -805.0000000000
6576 -804.0000000000
6606 -803.0000000000
6639 -802.0000000000
6649 -801.0000000000
6685 -800.0000000000
6687 -798.0000000000
6690 -797.0000000000
6698 -796.0000000000
6706 -795.0000000000
6713 -794.0000000000
6724 -793.0000000000
6749 -792.0000000000
6751 -791.0000000000
6755 -790.0000000000
6773 -789.0000000000
6815 -787.0000000000
6827 -786.0000000000
6834 -785.0000000000
6847 -784.0000000000
6862 -783.0000000000
6880 -782.0000000000
6901 -781.0000000000
6912 -780.0000000000
6924 -779.0000000000
6933 -778.0000000000
6935 -777.0000000000
6941 -776.0000000000
6942 -775.0000000000
6943 -774.0000000000
7008 -772.0000000000
7017 -771.0000000000
7029 -770.0000000000
7035 -769.0000000000
7050 -768.0000000000
7073 -767.0000000000
7074 -765.0000000000
7095 -764.0000000000
7114 -763.0000000000
7120 -762.0000000000
7123 -761.0000000000
7128 -760.0000000000
7142 -759.0000000000
7159 -757.0000000000
7160 -756.0000000000
7174 -755.0000000000
7177 -754.0000000000
7187 -753.0000000000
7201 -752.0000000000
7211 -751.0000000000
7230 -750.0000000000
7235 -749.0000000000
7271 -748.0000000000
7272 -747.0000000000
7275 -746.0000000000
7286 -745.0000000000
7298 -744.0000000000
7299 -743.0000000000
7320 -742.0000000000
7331 -741.0000000000
7335 -740.0000000000
7348 -739.0000000000
7360 -738.0000000000
7363 -737.0000000000
7371 -736.0000000000
7374 -735.0000000000
7380 -733.0000000000
7387 -732.0000000000
7410 -731.0000000000
7430 -730.0000000000
7437 -729.0000000000
7439 -728.0000000000
7467 -727.0000000000
7478 -726.0000000000
7489 -725.0000000000
7493 -724.0000000000
7524 -723.0000000000
7534 -721.0000000000
7552 -720.0000000000
7561 -719.0000000000
7565 -718.0000000000
7578 -717.0000000000
7589 -716.0000000000
7658 -715.0000000000
7674 -714.0000000000
7702 -713.0000000000
7709 -712.0000000000
7713 -711.0000000000
7720 -710.0000000000
7729 -709.0000000000
7744 -708.0000000000
7758 -707.0000000000
7774 -706.0000000000
7790 -705.0000000000
7808 -704.0000000000
7822 -703.0000000000
7864 -702.0000000000
7882 -701.0000000000
7883 -700.0000000000
7888 -697.0000000000
7903 -696.0000000000
7911 -695.0000000000
7915 -694.0000000000
7939 -693.0000000000
7959 -692.0000000000
8018 -690.0000000000
8028 -689.0000000000
8030 -688.0000000000
8054 -687.0000000000
8068 -686.0000000000
8072 -685.0000000000
8073 -684.0000000000
8075 -683.0000000000
8076 -682.0000000000
8093 -681.0000000000
8094 -679.0000000000
8113 -678.0000000000
8119 -677.0000000000
8157 -676.0000000000
8176 -675.0000000000
8186 -673.0000000000
8201 -672.0000000000
8221 -671.0000000000
8232 -670.0000000000
8253 -669.0000000000
8294 -668.0000000000
8334 -667.0000000000
8341 -666.0000000000
8354 -664.0000000000
8370 -663.0000000000
8403 -661.0000000000
8422 -660.0000000000
8429 -659.0000000000
8432 -658.0000000000
8469 -657.0000000000
8519 -656.0000000000
8543 -655.0000000000
8560 -654.0000000000
8575 -653.0000000000
8577 -652.0000000000
8588 -651.0000000000
8592 -650.0000000000
8598 -648.0000000000
8629 -647.0000000000
8632 -646.0000000000
8644 -645.0000000000
8655 -644.0000000000
8721 -643.0000000000
8727 -642.0000000000
8732 -641.0000000000
8737 -640.0000000000
8739 -639.0000000000
8746 -638.0000000000
8762 -637.0000000000
8764 -636.0000000000
8777 -635.0000000000
8780 -634.0000000000
8792 -632.0000000000
8822 -631.0000000000
8824 -630.0000000000
8849 -628.0000000000
8852 -627.0000000000
8857 -626.0000000000
8875 -625.0000000000
8895 -624.0000000000
8924 -623.0000000000
8956 -622.0000000000
9001 -621.0000000000
9005 -620.0000000000
9047 -619.0000000000
9092 -618.0000000000
9108 -617.0000000000
9211 -616.0000000000
9222 -615.0000000000
9223 -613.0000000000
9234 -612.0000000000
9243 -611.0000000000
9248 -610.0000000000
9264 -609.0000000000
9276 -608.0000000000
9285 -606.0000000000
9287 -605.0000000000
9324 -604.0000000000
9325 -603.0000000000
9362 -602.0000000000
9412 -601.0000000000
9416 -600.0000000000
9432 -599.0000000000
9445 -598.0000000000
9481 -597.0000000000
9498 -595.0000000000
9508 -594.0000000000
9513 -593.0000000000
9573 -592.0000000000
9578 -591.0000000000
9652 -590.0000000000
9662 -589.0000000000
9693 -588.0000000000
9701 -587.0000000000
9704 -586.0000000000
9718 -585.0000000000
9729 -583.0000000000
9739 -582.0000000000
9741 -581.0000000000
9744 -580.0000000000
9756 -579.0000000000
9773 -578.0000000000
9786 -577.0000000000
9799 -576.0000000000
9810 -575.0000000000
9812 -574.0000000000
9821 -573.0000000000
9849 -572.0000000000
9858 -570.0000000000
9896 -569.0000000000
9900 -568.0000000000
9928 -567.0000000000
9949 -566.0000000000
9986 -565.0000000000
10000 -565.0000000000
evaluations raw_y
1 -1977.0000000000
9 -1976.0000000000
11 -1975.0000000000
16 -1974.0000000000
18 -1971.0000000000
20 -1969.0000000000
26 -1968.0000000000
27 -1967.0000000000
33 -1966.0000000000
34 -1965.0000000000
36 -1964.0000000000
45 -1963.0000000000
52 -1962.0000000000
53 -1961.0000000000
56 -1960.0000000000
58 -1959.0000000000
59 -1958.0000000000
62 -1957.0000000000
64 -1956.0000000000
74 -1954.0000000000
75 -1953.0000000000
83 -1952.0000000000
84 -1951.0000000000
89 -1949.0000000000
94 -1947.0000000000
96 -1946.0000000000
104 -1945.0000000000
115 -1944.0000000000
121 -1943.0000000000
122 -1942.0000000000
126 -1941.0000000000
137 -1940.0000000000
141 -1938.0000000000
145 -1937.0000000000
147 -1936.0000000000
149 -1935.0000000000
151 -1934.0000000000
160 -1932.0000000000
172 -1930.0000000000
179 -1929.0000000000
182 -1927.0000000000
186 -1926.0000000000
194 -1925.0000000000
196 -1924.0000000000
204 -1921.0000000000
207 -1920.0000000000
213 -1919.0000000000
217 -1918.0000000000
219 -1917.0000000000
223 -1916.0000000000
224 -1914.0000000000
225 -1913.0000000000
226 -1911.0000000000
239 -1910.0000000000
240 -1908.0000000000
242 -1906.0000000000
246 -1905.0000000000
266 -1904.0000000000
268 -1903.0000000000
274 -1901.0000000000
276 -1900.0000000000
286 -1899.0000000000
288 -1898.0000000000
289 -1897.0000000000
291 -1896.0000000000
295 -1895.0000000000
307 -1893.0000000000
318 -1892.0000000000
321 -1891.0000000000
324 -1890.0000000000
328 -1887.0000000000
329 -1886.0000000000
330 -1885.0000000000
332 -1884.0000000000
333 -1883.0000000000
334 -1882.0000000000
337 -1881.0000000000
339 -1879.0000000000
340 -1878.0000000000
348 -1877.0000000000
354 -1876.0000000000
357 -1875.0000000000
360 -1874.0000000000
361 -1872.0000000000
364 -1870.0000000000
373 -1868.0000000000
375 -1867.0000000000
378 -1865.0000000000
384 -1864.0000000000
393 -1863.0000000000
401 -1861.0000000000
402 -1860.0000000000
403 -1858.0000000000
406 -1857.0000000000
413 -1856.0000000000
417 -1855.0000000000
424 -1854.0000000000
433 -1853.0000000000
434 -1852.0000000000
435 -1851.0000000000
440 -1850.0000000000
444 -1849.0000000000
445 -1848.0000000000
446 -1847.0000000000
449 -1846.0000000000
450 -1845.0000000000
460 -1844.0000000000
461 -1842.0000000000
464 -1841.0000000000
465 -1840.0000000000
466 -1839.0000000000
468 -1838.0000000000
480 -1837.0000000000
481 -1836.0000000000
489 -1835.0000000000
490 -1834.0000000000
492 -1830.0000000000
497 -1829.0000000000
498 -1828.0000000000
501 -1827.0000000000
504 -1826.0000000000
508 -1824.0000000000
514 -1823.0000000000
516 -1822.0000000000
521 -1821.0000000000
526 -1820.0000000000
531 -1817.0000000000
533 -1816.0000000000
538 -1814.0000000000
540 -1812.0000000000
541 -1811.0000000000
545 -1810.0000000000
551 -1809.0000000000
559 -1808.0000000000
572 -1807.0000000000
576 -1806.0000000000
579 -1805.0000000000
591 -1804.0000000000
595 -1803.0000000000
616 -1802.0000000000
621 -1801.0000000000
626 -1800.0000000000
627 -1799.0000000000
628 -1798.0000000000
629 -1797.0000000000
631 -1796.0000000000
633 -1795.0000000000
636 -1794.0000000000
641 -1792.0000000000
645 -1790.0000000000
655 -1788.0000000000
659 -1787.0000000000
662 -1786.0000000000
664 -1785.0000000000
666 -1784.0000000000
683 -1782.0000000000
689 -1781.0000000000
694 -1779.0000000000
697 -1778.0000000000
698 -1775.0000000000
701 -1774.0000000000
704 -1773.0000000000
708 -1772.0000000000
709 -1770.0000000000
714 -1769.0000000000
717 -1768.0000000000
721 -1767.0000000000
725 -1766.0000000000
732 -1764.0000000000
733 -1763.0000000000
734 -1762.0000000000
745 -1761.0000000000
749 -1760.0000000000
752 -1759.0000000000
758 -1758.0000000000
761 -1756.0000000000
767 -1755.0000000000
780 -1754.0000000000
786 -1752.0000000000
788 -1751.0000000000
789 -1750.0000000000
802 -1749.0000000000
819 -1748.0000000000
828 -1747.0000000000
832 -1746.0000000000
840 -1745.0000000000
844 -1742.0000000000
846 -1741.0000000000
848 -1740.0000000000
849 -1739.0000000000
857 -1738.0000000000
865 -1737.0000000000
868 -1736.0000000000
871 -1734.0000000000
873 -1733.0000000000
876 -1732.0000000000
877 -1731.0000000000
881 -1729.0000000000
882 -1728.0000000000
883 -1727.0000000000
886 -1726.0000000000
892 -1724.0000000000
893 -1723.0000000000
894 -1722.0000000000
896 -1721.0000000000
898 -1720.0000000000
902 -1719.0000000000
912 -1718.0000000000
916 -1716.0000000000
920 -1715.0000000000
926 -1714.0000000000
930 -1712.0000000000
936 -1711.0000000000
941 -1710.0000000000
942 -1709.0000000000
944 -1708.0000000000
950 -1707.0000000000
955 -1706.0000000000
956 -1705.0000000000
958 -1704.0000000000
959 -1703.0000000000
966 -1702.0000000000
967 -1701.0000000000
969 -1700.0000000000
972 -1699.0000000000
975 -1697.0000000000
976 -1696.0000000000
979 -1695.0000000000
980 -1694.0000000000
985 -1692.0000000000
986 -1691.0000000000
989 -1690.0000000000
1002 -1689.0000000000
1011 -1688.0000000000
1028 -1687.0000000000
1031 -1686.0000000000
1035 -1684.0000000000
1040 -1683.0000000000
1045 -1681.0000000000
1047 -1680.0000000000
1062 -1678.0000000000
1063 -1676.0000000000
1067 -1675.0000000000
1070 -1674.0000000000
1074 -1673.0000000000
1075 -1672.0000000000
1085 -1670.0000000000
1091 -1669.0000000000
1094 -1668.0000000000
1103 -1667.0000000000
1108 -1666.0000000000
1113 -1665.0000000000
1115 -1664.0000000000
1126 -1663.0000000000
1133 -1662.0000000000
1134 -1661.0000000000
1135 -1659.0000000000
1137 -1658.0000000000
1147 -1657.0000000000
1150 -1656.0000000000
1154 -1655.0000000000
1157 -1654.0000000000
1165 -1653.0000000000
1166 -1651.0000000000
1168 -1650.0000000000
1172 -1648.0000000000
1173 -1647.0000000000
1175 -1646.0000000000
1181 -1645.0000000000
1188 -1644.0000000000
1189 -1643.0000000000
1191 -1641.0000000000
1198 -1640.0000000000
1199 -1639.0000000000
1201 -1638.0000000000
1206 -1637.0000000000
1214 -1636.0000000000
1219 -1635.0000000000
1220 -1634.0000000000
1238 -1633.0000000000
1239 -1632.0000000000
1240 -1631.0000000000
1241 -1630.0000000000
1243 -1629.0000000000
1246 -1628.0000000000
1266 -1627.0000000000
1271 -1626.0000000000
1277 -1625.0000000000
1278 -1624.0000000000
1284 -1623.0000000000
1285 -1622.0000000000
1290 -1621.0000000000
1302 -1620.0000000000
1311 -1619.0000000000
1312 -1618.0000000000
1315 -1617.0000000000
1323 -1616.0000000000
1324 -1615.0000000000
1325 -1614.0000000000
1329 -1613.0000000000
1330 -1612.0000000000
1331 -1611.0000000000
1332 -1610.0000000000
1335 -1609.0000000000
1337 -1608.0000000000
1340 -1606.0000000000
1354 -1605.0000000000
1357 -1604.0000000000
1361 -1603.0000000000
1365 -1602.0000000000
1366 -1601.0000000000
1372 -1600.0000000000
1373 -1599.0000000000
1377 -1598.0000000000
1378 -1597.0000000000
1381 -1596.0000000000
1382 -1595.0000000000
1385 -1594.0000000000
1390 -1593.0000000000
1395 -1591.0000000000
1396 -1589.0000000000
1401 -1588.0000000000
1412 -1587.0000000000
1421 -1586.0000000000
1429 -1585.0000000000
1438 -1584.0000000000
1439 -1583.0000000000
1448 -1582.0000000000
1456 -1581.0000000000
1461 -1580.0000000000
1463 -1579.0000000000
1468 -1578.0000000000
1469 -1577.0000000000
1470 -1576.0000000000
1477 -1575.0000000000
1478 -1574.0000000000
1480 -1573.0000000000
1483 -1571.0000000000
1484 -1570.0000000000
1489 -1569.0000000000
1493 -1568.0000000000
1494 -1566.0000000000
1496 -1565.0000000000
1504 -1564.0000000000
1507 -1562.0000000000
1520 -1561.0000000000
1523 -1560.0000000000
1525 -1559.0000000000
1529 -1558.0000000000
1530 -1557.0000000000
1534 -1554.0000000000
1546 -1553.0000000000
1548 -1552.0000000000
1549 -1551.0000000000
1550 -1550.0000000000
1552 -1549.0000000000
1553 -1548.0000000000
1554 -1547.0000000000
1555 -1546.0000000000
1557 -1545.0000000000
1560 -1544.0000000000
1563 -1543.0000000000
1565 -1542.0000000000
1566 -1541.0000000000
1570 -1540.0000000000
1593 -1539.0000000000
1594 -1538.0000000000
1607 -1537.0000000000
1608 -1536.0000000000
1610 -1535.0000000000
1616 -1534.0000000000
1617 -1533.0000000000
1620 -1532.0000000000
1623 -1531.0000000000
1626 -1530.0000000000
1633 -1528.0000000000
1636 -1526.0000000000
1647 -1525.0000000000
1650 -1524.0000000000
1651 -1522.0000000000
1655 -1521.0000000000
1656 -1520.0000000000
1659 -1519.0000000000
1677 -1518.0000000000
1684 -1517.0000000000
1689 -1516.0000000000
1690 -1514.0000000000
1700 -1512.0000000000
1714 -1511.0000000000
1719 -1510.0000000000
1722 -1509.0000000000
1726 -1508.0000000000
1730 -1507.0000000000
1736 -1506.0000000000
1749 -1504.0000000000
1756 -1503.0000000000
1758 -1501.0000000000
1760 -1500.0000000000
1767 -1499.0000000000
1774 -1498.0000000000
1776 -1497.0000000000
1782 -1495.0000000000
1799 -1494.0000000000
1800 -1493.0000000000
1801 -1492.0000000000
1812 -1491.0000000000
1816 -1490.0000000000
1817 -1489.0000000000
1821 -1488.0000000000
1835 -1487.0000000000
1842 -1486.0000000000
1846 -1485.0000000000
1847 -1484.0000000000
1850 -1483.0000000000
1856 -1482.0000000000
1858 -1481.0000000000
1860 -1480.0000000000
1861 -1478.0000000000
1862 -1476.0000000000
1869 -1475.0000000000
1871 -1474.0000000000
1891 -1473.0000000000
1893 -1472.0000000000
1895 -1470.0000000000
1897 -1469.0000000000
1898 -1468.0000000000
1902 -1467.0000000000
1906 -1466.0000000000
1916 -1465.0000000000
1920 -1463.0000000000
1924 -1462.0000000000
1926 -1461.0000000000
1928 -1460.0000000000
1931 -1459.0000000000
1935 -1458.0000000000
1939 -1456.0000000000
1940 -1455.0000000000
1942 -1453.0000000000
1960 -1452.0000000000
1963 -1451.0000000000
1966 -1449.0000000000
1974 -1447.0000000000
1978 -1446.0000000000
1980 -1445.0000000000
1982 -1444.0000000000
1996 -1443.0000000000
1997 -1442.0000000000
2000 -1441.0000000000
2028 -1440.0000000000
2032 -1439.0000000000
2036 -1438.0000000000
2049 -1437.0000000000
2055 -1436.0000000000
2056 -1435.0000000000
2059 -1434.0000000000
2061 -1433.0000000000
2069 -1431.0000000000
2074 -1430.0000000000
2078 -1429.0000000000
2079 -1427.0000000000
2081 -1426.0000000000
2092 -1425.0000000000
2094 -1424.0000000000
2103 -1422.0000000000
2105 -1421.0000000000
2110 -1420.0000000000
2114 -1419.0000000000
2127 -1418.0000000000
2131 -1417.0000000000
2132 -1416.0000000000
2144 -1415.0000000000
2154 -1414.0000000000
2155 -1413.0000000000
2166 -1412.0000000000
2169 -1411.0000000000
2179 -1410.0000000000
2180 -1409.0000000000
2187 -1408.0000000000
2190 -1407.0000000000
2193 -1406.0000000000
2209 -1405.0000000000
2212 -1404.0000000000
2223 -1403.0000000000
2227 -1402.0000000000
2253 -1400.0000000000
2257 -1399.0000000000
2269 -1398.0000000000
2272 -1397.0000000000
2283 -1396.0000000000
2287 -1395.0000000000
2290 -1394.0000000000
2292 -1393.0000000000
2293 -1392.0000000000
2294 -1391.0000000000
2297 -1390.0000000000
2299 -1389.0000000000
2306 -1388.0000000000
2319 -1387.0000000000
2321 -1386.0000000000
2328 -1385.0000000000
2334 -1384.0000000000
2338 -1383.0000000000
2341 -1382.0000000000
2344 -1381.0000000000
2345 -1379.0000000000
2350 -1378.0000000000
2357 -1377.0000000000
2358 -1376.0000000000
2361 -1375.0000000000
2366 -1374.0000000000
2376 -1373.0000000000
2391 -1371.0000000000
2392 -1370.0000000000
2396 -1369.0000000000
2403 -1367.0000000000
2409 -1366.0000000000
2411 -1365.0000000000
2415 -1364.0000000000
2427 -1363.0000000000
2443 -1362.0000000000
2444 -1361.0000000000
2453 -1360.0000000000
2455 -1359.0000000000
2460 -1358.0000000000
2464 -1357.0000000000
2467 -1356.0000000000
2472 -1355.0000000000
2475 -1354.0000000000
2479 -1353.0000000000
2485 -1352.0000000000
2489 -1350.0000000000
2493 -1349.0000000000
2496 -1347.0000000000
2497 -1346.0000000000
2500 -1344.0000000000
2502 -1343.0000000000
2518 -1342.0000000000
2525 -1340.0000000000
2540 -1339.0000000000
2543 -1338.0000000000
2552 -1336.0000000000
2553 -1335.0000000000
2555 -1334.0000000000
2564 -1333.0000000000
2566 -1332.0000000000
2577 -1331.0000000000
2582 -1330.0000000000
2587 -1329.0000000000
2589 -1327.0000000000
2591 -1325.0000000000
2593 -1324.0000000000
2598 -1323.0000000000
2602 -1322.0000000000
2603 -1321.0000000000
2610 -1320.0000000000
2615 -1319.0000000000
2619 -1318.0000000000
2624 -1317.0000000000
2625 -1315.0000000000
2626 -1314.0000000000
2630 -1313.0000000000
2631 -1312.0000000000
2639 -1311.0000000000
2643 -1310.0000000000
2647 -1309.0000000000
2650 -1308.0000000000
2655 -1307.0000000000
2657 -1306.0000000000
2658 -1305.0000000000
2664 -1303.0000000000
2665 -1302.0000000000
2666 -1301.0000000000
2672 -1300.0000000000
2674 -1299.0000000000
2696 -1298.0000000000
2697 -1297.0000000000
2698 -1296.0000000000
2703 -1295.0000000000
2714 -1294.0000000000
2719 -1293.0000000000
2720 -1292.0000000000
2726 -1291.0000000000
2730 -1289.0000000000
2743 -1288.0000000000
2748 -1287.0000000000
2764 -1286.0000000000
2790 -1285.0000000000
2796 -1284.0000000000
2806 -1283.0000000000
2809 -1282.0000000000
2818 -1280.0000000000
2819 -1279.0000000000
2821 -1278.0000000000
2822 -1276.0000000000
2825 -1275.0000000000
2828 -1274.0000000000
2840 -1273.0000000000
2849 -1272.0000000000
2853 -1271.0000000000
2856 -1269.0000000000
2860 -1268.0000000000
2864 -1266.0000000000
2867 -1265.0000000000
2873 -1262.0000000000
2888 -1261.0000000000
2891 -1260.0000000000
2899 -1259.0000000000
2902 -1258.0000000000
2918 -1257.0000000000
2922 -1256.0000000000
2926 -1255.0000000000
2931 -1254.0000000000
2941 -1253.0000000000
2947 -1252.0000000000
2949 -1250.0000000000
2957 -1249.0000000000
2959 -1248.0000000000
2973 -1247.0000000000
2979 -1246.0000000000
2981 -1245.0000000000
2997 -1244.0000000000
3000 -1243.0000000000
3002 -1242.0000000000
3008 -1241.0000000000
3018 -1240.0000000000
3021 -1238.0000000000
3025 -1237.0000000000
3029 -1236.0000000000
3036 -1235.0000000000
3038 -1233.0000000000
3040 -1231.0000000000
3041 -1230.0000000000
3045 -1229.0000000000
3049 -1227.0000000000
3053 -1225.0000000000
3058 -1224.0000000000
3059 -1223.0000000000
3071 -1221.0000000000
3079 -1220.0000000000
3081 -1219.0000000000
3099 -1217.0000000000
3109 -1216.0000000000
3113 -1215.0000000000
3125 -1214.0000000000
3131 -1213.0000000000
3134 -1212.0000000000
3139 -1211.0000000000
3152 -1210.0000000000
3156 -1209.0000000000
3157 -1208.0000000000
3165 -1207.0000000000
3171 -1206.0000000000
3181 -1205.0000000000
3182 -1203.0000000000
3189 -1202.0000000000
3198 -1201.0000000000
3202 -1200.0000000000
3205 -1199.0000000000
3216 -1198.0000000000
3219 -1197.0000000000
3225 -1196.0000000000
3231 -1195.0000000000
3232 -1194.0000000000
3253 -1193.0000000000
3257 -1192.0000000000
3267 -1191.0000000000
3271 -1190.0000000000
3272 -1189.0000000000
3279 -1188.0000000000
3287 -1186.0000000000
3292 -1185.0000000000
3307 -1184.0000000000
3333 -1182.0000000000
3337 -1181.0000000000
3338 -1180.0000000000
3341 -1179.0000000000
3351 -1178.0000000000
3364 -1177.0000000000
3374 -1176.0000000000
3381 -1175.0000000000
3382 -1174.0000000000
3390 -1173.0000000000
3394 -1172.0000000000
3396 -1171.0000000000
3398 -1170.0000000000
3410 -1168.0000000000
3413 -1167.0000000000
3425 -1166.0000000000
3430 -1165.0000000000
3436 -1164.0000000000
3461 -1163.0000000000
3469 -1161.0000000000
3484 -1160.0000000000
3485 -1159.0000000000
3487 -1158.0000000000
3489 -1156.0000000000
3490 -1154.0000000000
3494 -1153.0000000000
3500 -1151.0000000000
3504 -1150.0000000000
3505 -1149.0000000000
3508 -1147.0000000000
3509 -1146.0000000000
3511 -1144.0000000000
3512 -1143.0000000000
3514 -1142.0000000000
3517 -1141.0000000000
3532 -1140.0000000000
3540 -1139.0000000000
3549 -1137.0000000000
3555 -1136.0000000000
3560 -1134.0000000000
3561 -1132.0000000000
3563 -1131.0000000000
3573 -1130.0000000000
3577 -1129.0000000000
3583 -1128.0000000000
3592 -1127.0000000000
3595 -1124.0000000000
3601 -1123.0000000000
3609 -1122.0000000000
3614 -1121.0000000000
3616 -1120.0000000000
3617 -1118.0000000000
3630 -1117.0000000000
3645 -1116.0000000000
3656 -1115.0000000000
3666 -1114.0000000000
3667 -1113.0000000000
3670 -1112.0000000000
3674 -1111.0000000000
3685 -1110.0000000000
3688 -1109.0000000000
3690 -1108.0000000000
3699 -1107.0000000000
3702 -1106.0000000000
3713 -1104.0000000000
3715 -1103.0000000000
3718 -1102.0000000000
3723 -1101.0000000000
3747 -1100.0000000000
3764 -1099.0000000000
3769 -1098.0000000000
3775 -1097.0000000000
3794 -1096.0000000000
3810 -1095.0000000000
3812 -1094.0000000000
3818 -1092.0000000000
3833 -1091.0000000000
3834 -1090.0000000000
3872 -1089.0000000000
3874 -1088.0000000000
3875 -1086.0000000000
3904 -1085.0000000000
3922 -1084.0000000000
3924 -1082.0000000000
3925 -1080.0000000000
3928 -1078.0000000000
3933 -1077.0000000000
3948 -1076.0000000000
3957 -1075.0000000000
3961 -1074.0000000000
3967 -1073.0000000000
3969 -1071.0000000000
3971 -1070.0000000000
3988 -1069.0000000000
4019 -1067.0000000000
4027 -1066.0000000000
4028 -1065.0000000000
4040 -1064.0000000000
4051 -1063.0000000000
4054 -1061.0000000000
4081 -1060.0000000000
4084 -1059.0000000000
4092 -1058.0000000000
4100 -1057.0000000000
4111 -1056.0000000000
4116 -1055.0000000000
4117 -1053.0000000000
4121 -1052.0000000000
4123 -1051.0000000000
4126 -1050.0000000000
4144 -1049.0000000000
4151 -1048.0000000000
4156 -1047.0000000000
4158 -1046.0000000000
4159 -1045.0000000000
4161 -1043.0000000000
4168 -1042.0000000000
4174 -1041.0000000000
4176 -1040.0000000000
4184 -1038.0000000000
4192 -1037.0000000000
4201 -1036.0000000000
4203 -1035.0000000000
4215 -1034.0000000000
4219 -1033.0000000000
4221 -1032.0000000000
4228 -1031.0000000000
4249 -1030.0000000000
4253 -1029.0000000000
4290 -1027.0000000000
4301 -1026.0000000000
4303 -1025.0000000000
4315 -1024.0000000000
4321 -1022.0000000000
4322 -1021.0000000000
4324 -1020.0000000000
4327 -1019.0000000000
4331 -1018.0000000000
4336 -1016.0000000000
4337 -1015.0000000000
4349 -1014.0000000000
4354 -1013.0000000000
4356 -1012.0000000000
4390 -1011.0000000000
4406 -1009.0000000000
4417 -1008.0000000000
4431 -1007.0000000000
4440 -1005.0000000000
4467 -1004.0000000000
4475 -1003.0000000000
4483 -1002.0000000000
4499 -1001.0000000000
4503 -1000.0000000000
4513 -999.0000000000
4517 -998.0000000000
4538 -997.0000000000
4544 -996.0000000000
4545 -995.0000000000
4552 -994.0000000000
4568 -993.0000000000
4573 -992.0000000000
4581 -991.0000000000
4583 -990.0000000000
4586 -989.0000000000
4588 -988.0000000000
4589 -987.0000000000
4595 -986.0000000000
4613 -985.0000000000
4620 -983.0000000000
4634 -982.0000000000
4647 -980.0000000000
4648 -979.0000000000
4668 -978.0000000000
4674 -977.0000000000
4690 -976.0000000000
4704 -975.0000000000
4705 -974.0000000000
4720 -973.0000000000
4732 -972.0000000000
4736 -971.0000000000
4737 -970.0000000000
4745 -969.0000000000
4751 -968.0000000000
4759 -967.0000000000
4767 -966.0000000000
4769 -965.0000000000
4780 -964.0000000000
4789 -963.0000000000
4799 -961.0000000000
4803 -959.0000000000
4861 -958.0000000000
4883 -957.0000000000
4887 -956.0000000000
4891 -953.0000000000
4897 -952.0000000000
4905 -949.0000000000
4907 -948.0000000000
4935 -947.0000000000
4938 -946.0000000000
4943 -945.0000000000
4951 -944.0000000000
4953 -941.0000000000
4967 -940.0000000000
4989 -939.0000000000
5024 -938.0000000000
5040 -936.0000000000
5045 -935.0000000000
5062 -934.0000000000
5082 -933.0000000000
5103 -929.0000000000
5120 -927.0000000000
5162 -926.0000000000
5163 -925.0000000000
5164 -923.0000000000
5171 -922.0000000000
5182 -921.0000000000
5183 -920.0000000000
5185 -919.0000000000
5194 -918.0000000000
5196 -917.0000000000
5211 -916.0000000000
5224 -915.0000000000
5235 -913.0000000000
5243 -912.0000000000
5246 -911.0000000000
5259 -910.0000000000
5275 -909.0000000000
5278 -908.0000000000
5280 -907.0000000000
5283 -906.0000000000
5298 -905.0000000000
5318 -904.0000000000
5327 -903.0000000000
5332 -902.0000000000
5333 -901.0000000000
5335 -900.0000000000
5342 -899.0000000000
5371 -898.0000000000
5382 -897.0000000000
5383 -896.0000000000
5407 -895.0000000000
5426 -894.0000000000
5432 -893.0000000000
5435 -892.0000000000
5436 -891.0000000000
5441 -890.0000000000
5482 -889.0000000000
5497 -887.0000000000
5507 -886.0000000000
5509 -885.0000000000
5511 -884.0000000000
5517 -881.0000000000
5539 -880.0000000000
5544 -879.0000000000
5557 -878.0000000000
5566 -877.0000000000
5575 -876.0000000000
5581 -875.0000000000
5582 -874.0000000000
5593 -873.0000000000
5601 -872.0000000000
5612 -871.0000000000
5616 -870.0000000000
5624 -869.0000000000
5644 -868.0000000000
5648 -867.0000000000
5659 -865.0000000000
5666 -864.0000000000
5684 -863.0000000000
5686 -862.0000000000
5709 -861.0000000000
5716 -860.0000000000
5719 -859.0000000000
5727 -858.0000000000
5754 -857.0000000000
5767 -856.0000000000
5773 -855.0000000000
5781 -854.0000000000
5786 -853.0000000000
5792 -852.0000000000
5795 -851.0000000000
5799 -850.0000000000
5805 -849.0000000000
5817 -847.0000000000
5823 -846.0000000000
5854 -845.0000000000
5858 -844.0000000000
5883 -843.0000000000
5899 -842.0000000000
5913 -840.0000000000
5915 -839.0000000000
5916 -838.0000000000
5918 -837.0000000000
5931 -836.0000000000
5942 -835.0000000000
5943 -834.0000000000
5951 -833.0000000000
5953 -832.0000000000
5954 -831.0000000000
5961 -830.0000000000
5980 -829.0000000000
5981 -827.0000000000
6007 -826.0000000000
6011 -825.0000000000
6014 -824.0000000000
6015 -823.0000000000
6042 -822.0000000000
6048 -821.0000000000
6050 -820.0000000000
6053 -819.0000000000
6061 -818.0000000000
6067 -817.0000000000
6083 -816.0000000000
6084 -815.0000000000
6100 -814.0000000000
6101 -813.0000000000
6103 -812.0000000000
6107 -810.0000000000
6114 -809.0000000000
6122 -808.0000000000
6170 -807.0000000000
6172 -806.0000000000
6178 -805.0000000000
6186 -804.0000000000
6187 -803.0000000000
6193 -802.0000000000
6235 -801.0000000000
6248 -800.0000000000
6266 -799.0000000000
6271 -798.0000000000
6279 -797.0000000000
6281 -796.0000000000
6282 -795.0000000000
6308 -793.0000000000
6317 -792.0000000000
6322 -791.0000000000
6326 -790.0000000000
6329 -789.0000000000
6346 -788.0000000000
6353 -787.0000000000
6354 -786.0000000000
6356 -785.0000000000
6378 -784.0000000000
6379 -783.0000000000
6380 -782.0000000000
6414 -780.0000000000
6419 -779.0000000000
6432 -778.0000000000
6438 -777.0000000000
6455 -776.0000000000
6456 -775.0000000000
6483 -774.0000000000
6522 -773.0000000000
6526 -772.0000000000
6527 -771.0000000000
6554 -770.0000000000
6555 -769.0000000000
6565 -768.0000000000
6569 -767.0000000000
6577 -765.0000000000
6578 -764.0000000000
6588 -763.0000000000
6601 -762.0000000000
6605 -761.0000000000
6612 -760.0000000000
6617 -759.0000000000
6620 -758.0000000000
6623 -757.0000000000
6636 -755.0000000000
6637 -754.0000000000
6642 -753.0000000000
6645 -752.0000000000
6647 -751.0000000000
6674 -750.0000000000
6681 -749.0000000000
6692 -748.0000000000
6695 -746.0000000000
6701 -745.0000000000
6709 -744.0000000000
6722 -743.0000000000
6727 -742.0000000000
6731 -741.0000000000
6736 -740.0000000000
6760 -739.0000000000
6761 -736.0000000000
6770 -735.0000000000
6777 -734.0000000000
6793 -732.0000000000
6812 -731.0000000000
6820 -730.0000000000
6828 -729.0000000000
6834 -728.0000000000
6838 -727.0000000000
6842 -726.0000000000
6847 -724.0000000000
6868 -723.0000000000
6883 -722.0000000000
6928 -721.0000000000
6932 -720.0000000000
6956 -719.0000000000
6963 -718.0000000000
6965 -717.0000000000
6987 -716.0000000000
6989 -715.0000000000
6995 -714.0000000000
6996 -713.0000000000
6999 -712.0000000000
7024 -711.0000000000
7028 -709.0000000000
7039 -708.0000000000
7049 -707.0000000000
7074 -706.0000000000
7081 -705.0000000000
7085 -704.0000000000
7131 -703.0000000000
7150 -702.0000000000
7185 -701.0000000000
7188 -700.0000000000
7213 -699.0000000000
7227 -698.0000000000
7233 -697.0000000000
7242 -696.0000000000
7248 -695.0000000000
7267 -694.0000000000
7271 -693.0000000000
7278 -692.0000000000
7284 -691.0000000000
7289 -690.0000000000
7291 -689.0000000000
7308 -688.0000000000
7332 -687.0000000000
7340 -686.0000000000
7342 -685.0000000000
7352 -684.0000000000
7395 -683.0000000000
7403 -682.0000000000
7419 -681.0000000000
7425 -680.0000000000
7430 -679.0000000000
7436 -678.0000000000
7478 -676.0000000000
7481 -673.0000000000
7534 -672.0000000000
7537 -671.0000000000
7550 -670.0000000000
7554 -669.0000000000
7556 -668.0000000000
7562 -667.0000000000
7616 -666.0000000000
7630 -665.0000000000
7662 -663.0000000000
7665 -662.0000000000
7672 -661.0000000000
7674 -660.0000000000
7683 -659.0000000000
7693 -658.0000000000
7729 -657.0000000000
7745 -656.0000000000
7759 -655.0000000000
7764 -654.0000000000
7769 -653.0000000000
7793 -651.0000000000
7801 -650.0000000000
7811 -648.0000000000
7814 -647.0000000000
7834 -646.0000000000
7857 -645.0000000000
7886 -644.0000000000
7896 -643.0000000000
7911 -642.0000000000
7971 -641.0000000000
7974 -640.0000000000
8005 -639.0000000000
8017 -638.0000000000
8047 -637.0000000000
8051 -636.0000000000
8053 -635.0000000000
8060 -634.0000000000
8061 -633.0000000000
8064 -632.0000000000
8081 -631.0000000000
8096 -630.0000000000
8111 -629.0000000000
8140 -628.0000000000
8172 -627.0000000000
8199 -626.0000000000
8211 -625.0000000000
8244 -624.0000000000
8298 -623.0000000000
8299 -622.0000000000
8308 -621.0000000000
8333 -620.0000000000
8339 -619.0000000000
8345 -618.0000000000
8347 -617.0000000000
8380 -615.0000000000
8382 -614.0000000000
8416 -612.0000000000
8423 -611.0000000000
8426 -609.0000000000
8447 -608.0000000000
8485 -607.0000000000
8500 -606.0000000000
8506 -605.0000000000
8508 -603.0000000000
8514 -602.0000000000
8529 -601.0000000000
8532 -600.0000000000
8580 -599.0000000000
8618 -598.0000000000
8624 -597.0000000000
8634 -596.0000000000
8645 -595.0000000000
8658 -594.0000000000
8671 -593.0000000000
8677 -592.0000000000
8680 -591.0000000000
8688 -590.0000000000
8704 -589.0000000000
8715 -588.0000000000
8729 -587.0000000000
8731 -586.0000000000
8752 -585.0000000000
8766 -584.0000000000
8774 -583.0000000000
8784 -582.0000000000
8826 -581.0000000000
8837 -579.0000000000
8868 -578.0000000000
8885 -577.0000000000
8893 -576.0000000000
8920 -575.0000000000
8938 -574.0000000000
8946 -572.0000000000
8948 -571.0000000000
8959 -570.0000000000
8973 -569.0000000000
9006 -568.0000000000
9021 -567.0000000000
9025 -566.0000000000
9043 -565.0000000000
9077 -564.0000000000
9110 -563.0000000000
9127 -562.0000000000
9164 -561.0000000000
9168 -560.0000000000
9278 -559.0000000000
9289 -558.0000000000
9293 -557.0000000000
9312 -556.0000000000
9336 -555.0000000000
9344 -554.0000000000
9363 -553.0000000000
9381 -552.0000000000
9385 -551.0000000000
9427 -550.0000000000
9444 -549.0000000000
9465 -548.0000000000
9493 -547.0000000000
9515 -546.0000000000
9520 -545.0000000000
9561 -544.0000000000
9606 -543.0000000000
9616 -542.0000000000
9626 -541.0000000000
9638 -540.0000000000
9640 -539.0000000000
9646 -538.0000000000
9661 -537.0000000000
9681 -535.0000000000
9685 -534.0000000000
9701 -533.0000000000
9704 -532.0000000000
9714 -531.0000000000
9758 -530.0000000000
9764 -529.0000000000
9802 -528.0000000000
9806 -527.0000000000
9817 -526.0000000000
9839 -525.0000000000
9842 -524.0000000000
9899 -523.0000000000
9933 -522.0000000000
9957 -521.0000000000
10000 -522.0000000000
evaluations raw_y
1 -2010.0000000000
9 -2009.0000000000
12 -2007.0000000000
16 -2006.0000000000
24 -2005.0000000000
26 -2004.0000000000
27 -2002.0000000000
30 -2000.0000000000
31 -1999.0000000000
35 -1998.0000000000
38 -1997.0000000000
41 -1996.0000000000
43 -1995.0000000000
44 -1994.0000000000
48 -1993.0000000000
50 -1992.0000000000
51 -1991.0000000000
56 -1989.0000000000
57 -1987.0000000000
64 -1986.0000000000
65 -1985.0000000000
69 -1984.0000000000
70 -1983.0000000000
75 -1980.0000000000
77 -1979.0000000000
78 -1978.0000000000
79 -1976.0000000000
82 -1975.0000000000
85 -1974.0000000000
90 -1972.0000000000
93 -1971.0000000000
100 -1970.0000000000
101 -1969.0000000000
105 -1968.0000000000
106 -1967.0000000000
111 -1966.0000000000
112 -1965.0000000000
113 -1964.0000000000
116 -1963.0000000000
130 -1962.0000000000
133 -1961.0000000000
137 -1960.0000000000
138 -1959.0000000000
139 -1958.0000000000
144 -1957.0000000000
151 -1956.0000000000
152 -1955.0000000000
156 -1954.0000000000
159 -1953.0000000000
170 -1952.0000000000
181 -1951.0000000000
191 -1950.0000000000
193 -1947.0000000000
194 -1946.0000000000
196 -1945.0000000000
199 -1944.0000000000
200 -1943.0000000000
210 -1941.0000000000
216 -1940.0000000000
229 -1939.0000000000
233 -1938.0000000000
234 -1937.0000000000
235 -1936.0000000000
240 -1935.0000000000
247 -1932.0000000000
252 -1931.0000000000
271 -1930.0000000000
274 -1928.0000000000
279 -1927.0000000000
280 -1926.0000000000
281 -1924.0000000000
282 -1923.0000000000
287 -1922.0000000000
291 -1921.0000000000
292 -1920.0000000000
297 -1919.0000000000
304 -1918.0000000000
310 -1917.0000000000
325 -1915.0000000000
330 -1913.0000000000
334 -1912.0000000000
341 -1911.0000000000
346 -1909.0000000000
349 -1908.0000000000
355 -1907.0000000000
365 -1906.0000000000
366 -1905.0000000000
367 -1904.0000000000
374 -1902.0000000000
393 -1900.0000000000
394 -1898.0000000000
399 -1897.0000000000
401 -1896.0000000000
402 -1894.0000000000
406 -1893.0000000000
410 -1892.0000000000
413 -1891.0000000000
419 -1890.0000000000
430 -1889.0000000000
432 -1888.0000000000
442 -1885.0000000000
443 -1884.0000000000
444 -1881.0000000000
449 -1880.0000000000
451 -1879.0000000000
452 -1878.0000000000
453 -1877.0000000000
458 -1876.0000000000
462 -1874.0000000000
470 -1873.0000000000
473 -1872.0000000000
476 -1870.0000000000
479 -1868.0000000000
489 -1867.0000000000
495 -1866.0000000000
496 -1865.0000000000
497 -1864.0000000000
501 -1863.0000000000
509 -1862.0000000000
511 -1861.0000000000
521 -1860.0000000000
534 -1859.0000000000
542 -1858.0000000000
546 -1857.0000000000
547 -1856.0000000000
551 -1855.0000000000
552 -1854.0000000000
560 -1853.0000000000
562 -1851.0000000000
564 -1850.0000000000
577 -1849.0000000000
582 -1848.0000000000
587 -1846.0000000000
589 -1845.0000000000
592 -1844.0000000000
593 -1843.0000000000
595 -1842.0000000000
596 -1841.0000000000
598 -1840.0000000000
604 -1839.0000000000
605 -1838.0000000000
612 -1836.0000000000
613 -1835.0000000000
626 -1834.0000000000
628 -1833.0000000000
629 -1832.0000000000
631 -1831.0000000000
635 -1829.0000000000
640 -1828.0000000000
641 -1827.0000000000
643 -1826.0000000000
645 -1825.0000000000
655 -1824.0000000000
656 -1823.0000000000
660 -1822.0000000000
667 -1821.0000000000
673 -1820.0000000000
678 -1818.0000000000
681 -1817.0000000000
694 -1816.0000000000
695 -1815.0000000000
707 -1814.0000000000
714 -1813.0000000000
722 -1812.0000000000
726 -1811.0000000000
729 -1810.0000000000
735 -1809.0000000000
736 -1808.0000000000
745 -1807.0000000000
748 -1806.0000000000
753 -1805.0000000000
754 -1804.0000000000
756 -1803.0000000000
758 -1802.0000000000
761 -1801.0000000000
762 -1800.0000000000
763 -1799.0000000000
769 -1798.0000000000
772 -1797.0000000000
774 -1796.0000000000
779 -1795.0000000000
784 -1794.0000000000
787 -1793.0000000000
792 -1792.0000000000
798 -1791.0000000000
800 -1790.0000000000
801 -1789.0000000000
807 -1788.0000000000
809 -1787.0000000000
811 -1786.0000000000
813 -1785.0000000000
814 -1783.0000000000
818 -1782.0000000000
822 -1780.0000000000
830 -1779.0000000000
831 -1778.0000000000
835 -1777.0000000000
837 -1775.0000000000
841 -1774.0000000000
849 -1773.0000000000
854 -1772.0000000000
856 -1771.0000000000
857 -1770.0000000000
858 -1769.0000000000
868 -1767.0000000000
870 -1765.0000000000
871 -1764.0000000000
874 -1763.0000000000
893 -1762.0000000000
903 -1760.0000000000
907 -1758.0000000000
910 -1757.0000000000
913 -1756.0000000000
918 -1755.0000000000
919 -1754.0000000000
925 -1753.0000000000
926 -1751.0000000000
931 -1750.0000000000
932 -1749.0000000000
944 -1748.0000000000
950 -1747.0000000000
952 -1746.0000000000
962 -1745.0000000000
987 -1744.0000000000
989 -1743.0000000000
993 -1742.0000000000
995 -1741.0000000000
996 -1740.0000000000
998 -1738.0000000000
1001 -1737.0000000000
1003 -1736.0000000000
1007 -1735.0000000000
1012 -1734.0000000000
1013 -1733.0000000000
1014 -1731.0000000000
1016 -1729.0000000000
1018 -1728.0000000000
1019 -1727.0000000000
1026 -1724.0000000000
1036 -1723.0000000000
1037 -1722.0000000000
1045 -1720.0000000000
1046 -1719.0000000000
1048 -1718.0000000000
1055 -1717.0000000000
1061 -1716.0000000000
1065 -1715.0000000000
1067 -1714.0000000000
1068 -1712.0000000000
1069 -1711.0000000000
1073 -1708.0000000000
1075 -1707.0000000000
1082 -1706.0000000000
1084 -1705.0000000000
1085 -1704.0000000000
1087 -1703.0000000000
1100 -1702.0000000000
1102 -1701.0000000000
1107 -1700.0000000000
1110 -1699.0000000000
1112 -1698.0000000000
1113 -1697.0000000000
1114 -1696.0000000000
1120 -1695.0000000000
1124 -1693.0000000000
1125 -1692.0000000000
1133 -1691.0000000000
1147 -1690.0000000000
1149 -1688.0000000000
1171 -1687.0000000000
1173 -1686.0000000000
1177 -1685.0000000000
1181 -1684.0000000000
1191 -1682.0000000000
1193 -1681.0000000000
1202 -1680.0000000000
1206 -1679.0000000000
1208 -1677.0000000000
1219 -1676.0000000000
1220 -1675.0000000000
1222 -1674.0000000000
1224 -1673.0000000000
1225 -1672.0000000000
1226 -1671.0000000000
1229 -1670.0000000000
1230 -1669.0000000000
1234 -1667.0000000000
1248 -1666.0000000000
1257 -1665.0000000000
1262 -1664.0000000000
1268 -1662.0000000000
1270 -1661.0000000000
1281 -1659.0000000000
1282 -1658.0000000000
1286 -1657.0000000000
1299 -1656.0000000000
1309 -1655.0000000000
1312 -1654.0000000000
1319 -1653.0000000000
1327 -1651.0000000000
1333 -1648.0000000000
1346 -1647.0000000000
1353 -1646.0000000000
1355 -1645.0000000000
1366 -1644.0000000000
1372 -1643.0000000000
1376 -1642.0000000000
1377 -1641.0000000000
1379 -1640.0000000000
1388 -1639.0000000000
1391 -1637.0000000000
1396 -1636.0000000000
1400 -1635.0000000000
1406 -1634.0000000000
1407 -1633.0000000000
1409 -1632.0000000000
1410 -1631.0000000000
1411 -1630.0000000000
1414 -1629.0000000000
1417 -1628.0000000000
1420 -1627.0000000000
1425 -1626.0000000000
1437 -1624.0000000000
1438 -1622.0000000000
1440 -1621.0000000000
1454 -1619.0000000000
1464 -1618.0000000000
1469 -1617.0000000000
1471 -1616.0000000000
1476 -1615.0000000000
1481 -1614.0000000000
1485 -1612.0000000000
1488 -1611.0000000000
1498 -1610.0000000000
1502 -1609.0000000000
1503 -1606.0000000000
1504 -1605.0000000000
1507 -1602.0000000000
1508 -1601.0000000000
1510 -1599.0000000000
1512 -1598.0000000000
1514 -1597.0000000000
1519 -1596.0000000000
1537 -1595.0000000000
1542 -1594.0000000000
1549 -1593.0000000000
1568 -1592.0000000000
1574 -1591.0000000000
1578 -1590.0000000000
1580 -1589.0000000000
1584 -1587.0000000000
1589 -1586.0000000000
1594 -1585.0000000000
1596 -1583.0000000000
1614 -1580.0000000000
1638 -1579.0000000000
1646 -1578.0000000000
1653 -1577.0000000000
1658 -1576.0000000000
1669 -1575.0000000000
1686 -1574.0000000000
1696 -1573.0000000000
1698 -1572.0000000000
1700 -1571.0000000000
1705 -1570.0000000000
1713 -1569.0000000000
1722 -1567.0000000000
1725 -1566.0000000000
1727 -1565.0000000000
1731 -1564.0000000000
1733 -1563.0000000000
1736 -1560.0000000000
1747 -1559.0000000000
1748 -1558.0000000000
1752 -1557.0000000000
1761 -1556.0000000000
1768 -1555.0000000000
1773 -1553.0000000000
1789 -1552.0000000000
1797 -1551.0000000000
1798 -1550.0000000000
1800 -1549.0000000000
1802 -1548.0000000000
1803 -1547.0000000000
1806 -1546.0000000000
1816 -1545.0000000000
1817 -1544.0000000000
1820 -1543.0000000000
1821 -1542.0000000000
1846 -1541.0000000000
1850 -1540.0000000000
1853 -1539.0000000000
1856 -1538.0000000000
1861 -1537.0000000000
1864 -1536.0000000000
1865 -1535.0000000000
1874 -1534.0000000000
1885 -1533.0000000000
1889 -1532.0000000000
1895 -1531.0000000000
1898 -1530.0000000000
1901 -1529.0000000000
1904 -1528.0000000000
1908 -1527.0000000000
1911 -1526.0000000000
1936 -1525.0000000000
1937 -1524.0000000000
1943 -1523.0000000000
1947 -1522.0000000000
1952 -1521.0000000000
1957 -1520.0000000000
1959 -1519.0000000000
1960 -1518.0000000000
1970 -1517.0000000000
1971 -1516.0000000000
1974 -1515.0000000000
1976 -1514.0000000000
1980 -1513.0000000000
1986 -1511.0000000000
1987 -1510.0000000000
1988 -1509.0000000000
1990 -1507.0000000000
1993 -1506.0000000000
2017 -1505.0000000000
2029 -1504.0000000000
2036 -1502.0000000000
2046 -1501.0000000000
2055 -1500.0000000000
2067 -1499.0000000000
2084 -1498.0000000000
2090 -1495.0000000000
2098 -1494.0000000000
2099 -1492.0000000000
2103 -1490.0000000000
2107 -1489.0000000000
2109 -1488.0000000000
2126 -1487.0000000000
2137 -1486.0000000000
2138 -1485.0000000000
2143 -1484.0000000000
2150 -1482.0000000000
2154 -1481.0000000000
2162 -1480.0000000000
2163 -1479.0000000000
2169 -1478.0000000000
2174 -1477.0000000000
2177 -1476.0000000000
2185 -1475.0000000000
2192 -1474.0000000000
2200 -1473.0000000000
2209 -1472.0000000000
2214 -1471.0000000000
2217 -1470.0000000000
2219 -1469.0000000000
2226 -1468.0000000000
2234 -1467.0000000000
2237 -1465.0000000000
2238 -1464.0000000000
2245 -1463.0000000000
2246 -1462.0000000000
2251 -1460.0000000000
2252 -1459.0000000000
2255 -1458.0000000000
2259 -1456.0000000000
2264 -1454.0000000000
2281 -1453.0000000000
2285 -1452.0000000000
2287 -1451.0000000000
2293 -1450.0000000000
2302 -1449.0000000000
2303 -1448.0000000000
2307 -1447.0000000000
2308 -1446.0000000000
2326 -1445.0000000000
2327 -1444.0000000000
2343 -1443.0000000000
2345 -1442.0000000000
2346 -1441.0000000000
2361 -1440.0000000000
2365 -1439.0000000000
2369 -1438.0000000000
2370 -1437.0000000000
2371 -1435.0000000000
2376 -1434.0000000000
2379 -1433.0000000000
2381 -1432.0000000000
2407 -1431.0000000000
2409 -1430.0000000000
2413 -1429.0000000000
2414 -1428.0000000000
2433 -1426.0000000000
2450 -1424.0000000000
2451 -1423.0000000000
2454 -1422.0000000000
2455 -1421.0000000000
2472 -1419.0000000000
2474 -1418.0000000000
2497 -1417.0000000000
2498 -1415.0000000000
2505 -1414.0000000000
2510 -1413.0000000000
2511 -1412.0000000000
2515 -1411.0000000000
2519 -1408.0000000000
2531 -1407.0000000000
2543 -1406.0000000000
2545 -1405.0000000000
2547 -1403.0000000000
2548 -1402.0000000000
2551 -1401.0000000000
2552 -1400.0000000000
2567 -1398.0000000000
2569 -1397.0000000000
2575 -1396.0000000000
2578 -1395.0000000000
2580 -1394.0000000000
2585 -1393.0000000000
2590 -1392.0000000000
2602 -1390.0000000000
2612 -1389.0000000000
2622 -1388.0000000000
2630 -1387.0000000000
2635 -1386.0000000000
2637 -1385.0000000000
2641 -1384.0000000000
2645 -1383.0000000000
2647 -1382.0000000000
2657 -1381.0000000000
2660 -1380.0000000000
2669 -1379.0000000000
2680 -1377.0000000000
2685 -1376.0000000000
2689 -1375.0000000000
2694 -1374.0000000000
2696 -1373.0000000000
2702 -1372.0000000000
2709 -1371.0000000000
2713 -1369.0000000000
2726 -1368.0000000000
2728 -1367.0000000000
2732 -1364.0000000000
2733 -1363.0000000000
2735 -1362.0000000000
2736 -1361.0000000000
2741 -1360.0000000000
2743 -1358.0000000000
2745 -1357.0000000000
2749 -1356.0000000000
2756 -1355.0000000000
2757 -1354.0000000000
2766 -1353.0000000000
2768 -1352.0000000000
2769 -1351.0000000000
2771 -1350.0000000000
2772 -1349.0000000000
2774 -1348.0000000000
2777 -1346.0000000000
2783 -1345.0000000000
2791 -1344.0000000000
2796 -1343.0000000000
2803 -1341.0000000000
2806 -1340.0000000000
2816 -1339.0000000000
2829 -1338.0000000000
2839 -1337.0000000000
2842 -1336.0000000000
2844 -1335.0000000000
2845 -1334.0000000000
2846 -1333.0000000000
2849 -1332.0000000000
2854 -1331.0000000000
2859 -1330.0000000000
2866 -1329.0000000000
2891 -1328.0000000000
2894 -1327.0000000000
2900 -1326.0000000000
2915 -1325.0000000000
2921 -1324.0000000000
2931 -1323.0000000000
2947 -1322.0000000000
2950 -1321.0000000000
2957 -1320.0000000000
2960 -1319.0000000000
2962 -1318.0000000000
2964 -1317.0000000000
2975 -1316.0000000000
2979 -1315.0000000000
2984 -1314.0000000000
2988 -1313.0000000000
2994 -1312.0000000000
3002 -1311.0000000000
3007 -1310.0000000000
3008 -1309.0000000000
3011 -1308.0000000000
3014 -1307.0000000000
3015 -1305.0000000000
3020 -1304.0000000000
3021 -1303.0000000000
3027 -1301.0000000000
3032 -1300.0000000000
3034 -1299.0000000000
3035 -1298.0000000000
3036 -1297.0000000000
3039 -1295.0000000000
3045 -1294.0000000000
3050 -1293.0000000000
3055 -1292.0000000000
3060 -1290.0000000000
3065 -1289.0000000000
3074 -1288.0000000000
3075 -1287.0000000000
3078 -1286.0000000000
3088 -1285.0000000000
3096 -1284.0000000000
3100 -1283.0000000000
3102 -1282.0000000000
3117 -1281.0000000000
3119 -1280.0000000000
3121 -1277.0000000000
3124 -1276.0000000000
3134 -1275.0000000000
3138 -1273.0000000000
3147 -1272.0000000000
3149 -1271.0000000000
3159 -1270.0000000000
3164 -1268.0000000000
3166 -1267.0000000000
3178 -1266.0000000000
3185 -1265.0000000000
3194 -1264.0000000000
3208 -1263.0000000000
3219 -1262.0000000000
3229 -1261.0000000000
3239 -1260.0000000000
3247 -1259.0000000000
3251 -1258.0000000000
3254 -1257.0000000000
3257 -1255.0000000000
3283 -1254.0000000000
3285 -1253.0000000000
3289 -1252.0000000000
3293 -1250.0000000000
3306 -1249.0000000000
3308 -1248.0000000000
3314 -1247.0000000000
3336 -1246.0000000000
3357 -1245.0000000000
3372 -1244.0000000000
3373 -1243.0000000000
3381 -1241.0000000000
3387 -1240.0000000000
3390 -1239.0000000000
3400 -1238.0000000000
3406 -1236.0000000000
3413 -1235.0000000000
3448 -1234.0000000000
3449 -1233.0000000000
3457 -1232.0000000000
3459 -1231.0000000000
3462 -1230.0000000000
3470 -1229.0000000000
3491 -1228.0000000000
3501 -1227.0000000000
3515 -1226.0000000000
3516 -1225.0000000000
3525 -1224.0000000000
3526 -1223.0000000000
3527 -1222.0000000000
3547 -1221.0000000000
3560 -1220.0000000000
3561 -1218.0000000000
3565 -1216.0000000000
3570 -1215.0000000000
3582 -1214.0000000000
3593 -1213.0000000000
3600 -1211.0000000000
3607 -1210.0000000000
3609 -1208.0000000000
3611 -1207.0000000000
3617 -1206.0000000000
3621 -1205.0000000000
3623 -1204.0000000000
3630 -1203.0000000000
3637 -1201.0000000000
3650 -1200.0000000000
3651 -1199.0000000000
3659 -1198.0000000000
3663 -1197.0000000000
3666 -1196.0000000000
3686 -1195.0000000000
3687 -1194.0000000000
3691 -1193.0000000000
3697 -1191.0000000000
3702 -1190.0000000000
3703 -1189.0000000000
3704 -1188.0000000000
3710 -1187.0000000000
3734 -1186.0000000000
3739 -1185.0000000000
3751 -1184.0000000000
3760 -1183.0000000000
3764 -1182.0000000000
3767 -1180.0000000000
3787 -1179.0000000000
3792 -1178.0000000000
3801 -1176.0000000000
3805 -1175.0000000000
3807 -1174.0000000000
3809 -1173.0000000000
3821 -1172.0000000000
3827 -1171.0000000000
3844 -1169.0000000000
3845 -1168.0000000000
3854 -1167.0000000000
3856 -1166.0000000000
3870 -1165.0000000000
3890 -1164.0000000000
3894 -1163.0000000000
3898 -1162.0000000000
3899 -1161.0000000000
3914 -1159.0000000000
3921 -1158.0000000000
3925 -1156.0000000000
3927 -1155.0000000000
3938 -1154.0000000000
3940 -1153.0000000000
3954 -1152.0000000000
3955 -1151.0000000000
3985 -1150.0000000000
3988 -1149.0000000000
4000 -1148.0000000000
4001 -1147.0000000000
4007 -1146.0000000000
4008 -1144.0000000000
4010 -1142.0000000000
4011 -1141.0000000000
4014 -1140.0000000000
4017 -1139.0000000000
4034 -1138.0000000000
4036 -1137.0000000000
4044 -1136.0000000000
4045 -1135.0000000000
4067 -1134.0000000000
4082 -1132.0000000000
4089 -1131.0000000000
4093 -1130.0000000000
4106 -1129.0000000000
4119 -1127.0000000000
4134 -1126.0000000000
4139 -1125.0000000000
4161 -1124.0000000000
4178 -1123.0000000000
4180 -1122.0000000000
4189 -1121.0000000000
4193 -1120.0000000000
4213 -1119.0000000000
4215 -1118.0000000000
4216 -1117.0000000000
4221 -1116.0000000000
4231 -1115.0000000000
4262 -1114.0000000000
4267 -1113.0000000000
4269 -1112.0000000000
4292 -1111.0000000000
4299 -1109.0000000000
4310 -1108.0000000000
4320 -1107.0000000000
4325 -1106.0000000000
4327 -1105.0000000000
4340 -1104.0000000000
4341 -1103.0000000000
4343 -1102.0000000000
4346 -1101.0000000000
4352 -1100.0000000000
4359 -1099.0000000000
4369 -1098.0000000000
4372 -1097.0000000000
4382 -1096.0000000000
4385 -1094.0000000000
4388 -1093.0000000000
4393 -1092.0000000000
4400 -1091.0000000000
4406 -1090.0000000000
4408 -1089.0000000000
4434 -1088.0000000000
4437 -1087.0000000000
4439 -1086.0000000000
4444 -1085.0000000000
4447 -1084.0000000000
4459 -1083.0000000000
4467 -1082.0000000000
4471 -1080.0000000000
4487 -1079.0000000000
4489 -1078.0000000000
4499 -1076.0000000000
4514 -1075.0000000000
4517 -1074.0000000000
4524 -1073.0000000000
4528 -1071.0000000000
4547 -1069.0000000000
4568 -1068.0000000000
4573 -1067.0000000000
4576 -1066.0000000000
4578 -1065.0000000000
4579 -1064.0000000000
4580 -1063.0000000000
4595 -1061.0000000000
4606 -1060.0000000000
4626 -1059.0000000000
4635 -1058.0000000000
4639 -1057.0000000000
4642 -1056.0000000000
4648 -1055.0000000000
4680 -1054.0000000000
4684 -1052.0000000000
4686 -1051.0000000000
4691 -1050.0000000000
4693 -1049.0000000000
4703 -1048.0000000000
4704 -1047.0000000000
4707 -1046.0000000000
4712 -1045.0000000000
4724 -1044.0000000000
4733 -1043.0000000000
4736 -1042.0000000000
4737 -1041.0000000000
4742 -1040.0000000000
4747 -1039.0000000000
4750 -1038.0000000000
4773 -1037.0000000000
4778 -1036.0000000000
4795 -1035.0000000000
4818 -1034.0000000000
4830 -1033.0000000000
4834 -1031.0000000000
4836 -1030.0000000000
4847 -1029.0000000000
4852 -1027.0000000000
4859 -1026.0000000000
4862 -1025.0000000000
4864 -1024.0000000000
4874 -1023.0000000000
4877 -1022.0000000000
4887 -1021.0000000000
4889 -1020.0000000000
4896 -1018.0000000000
4897 -1017.0000000000
4903 -1016.0000000000
4918 -1015.0000000000
4919 -1014.0000000000
4941 -1013.0000000000
4942 -1012.0000000000
4945 -1011.0000000000
4952 -1010.0000000000
4953 -1009.0000000000
4954 -1007.0000000000
4958 -1006.0000000000
4969 -1005.0000000000
4975 -1004.0000000000
4980 -1002.0000000000
4985 -1001.0000000000
4987 -1000.0000000000
5003 -999.0000000000
5007 -998.0000000000
5009 -997.0000000000
5013 -995.0000000000
5022 -993.0000000000
5023 -992.0000000000
5032 -991.0000000000
5050 -990.0000000000
5052 -989.0000000000
5068 -988.0000000000
5070 -987.0000000000
5074 -986.0000000000
5080 -985.0000000000
5097 -984.0000000000
5100 -983.0000000000
5103 -982.0000000000
5107 -980.0000000000
5118 -979.0000000000
5120 -978.0000000000
5124 -977.0000000000
5125 -976.0000000000
5127 -974.0000000000
5130 -973.0000000000
5159 -972.0000000000
5171 -971.0000000000
5191 -970.0000000000
5193 -969.0000000000
5203 -968.0000000000
5216 -967.0000000000
5224 -966.0000000000
5250 -965.0000000000
5254 -964.0000000000
5269 -963.0000000000
5277 -962.0000000000
5282 -961.0000000000
5283 -960.0000000000
5295 -959.0000000000
5300 -958.0000000000
5313 -957.0000000000
5317 -956.0000000000
5334 -955.0000000000
5341 -954.0000000000
5342 -953.0000000000
5365 -952.0000000000
5367 -951.0000000000
5369 -950.0000000000
5372 -949.0000000000
5380 -948.0000000000
5387 -947.0000000000
5389 -946.0000000000
5402 -945.0000000000
5411 -944.0000000000
5416 -942.0000000000
5430 -941.0000000000
5435 -940.0000000000
5439 -939.0000000000
5449 -938.0000000000
5469 -937.0000000000
5472 -936.0000000000
5476 -935.0000000000
5477 -934.0000000000
5479 -933.0000000000
5483 -932.0000000000
5494 -930.0000000000
5511 -929.0000000000
5512 -928.0000000000
5519 -926.0000000000
5536 -924.0000000000
5551 -923.0000000000
5554 -922.0000000000
5563 -921.0000000000
5570 -920.0000000000
5573 -919.0000000000
5574 -918.0000000000
5575 -917.0000000000
5577 -916.0000000000
5583 -914.0000000000
5598 -913.0000000000
5599 -912.0000000000
5600 -911.0000000000
5603 -910.0000000000
5605 -909.0000000000
5621 -907.0000000000
5622 -906.0000000000
5646 -905.0000000000
5657 -903.0000000000
5671 -901.0000000000
5680 -900.0000000000
5720 -899.0000000000
5726 -898.0000000000
5728 -897.0000000000
5759 -896.0000000000
5761 -895.0000000000
5772 -894.0000000000
5775 -893.0000000000
5778 -892.0000000000
5791 -891.0000000000
5809 -890.0000000000
5823 -889.0000000000
5826 -888.0000000000
5827 -886.0000000000
5830 -885.0000000000
5849 -884.0000000000
5866 -883.0000000000
5869 -881.0000000000
5876 -880.0000000000
5883 -879.0000000000
5885 -878.0000000000
5896 -877.0000000000
5910 -876.0000000000
5915 -875.0000000000
5926 -874.0000000000
5942 -873.0000000000
5947 -872.0000000000
5954 -871.0000000000
5958 -870.0000000000
5970 -869.0000000000
5978 -868.0000000000
5979 -866.0000000000
5982 -865.0000000000
5985 -864.0000000000
5987 -863.0000000000
6002 -862.0000000000
6013 -861.0000000000
6018 -860.0000000000
6023 -859.0000000000
6029 -858.0000000000
6039 -856.0000000000
6052 -855.0000000000
6061 -854.0000000000
6064 -853.0000000000
6085 -851.0000000000
6116 -850.0000000000
6117 -849.0000000000
6139 -848.0000000000
6143 -847.0000000000
6179 -845.0000000000
6198 -844.0000000000
6202 -843.0000000000
6207 -842.0000000000
6209 -841.0000000000
6222 -840.0000000000
6224 -839.0000000000
6251 -838.0000000000
6253 -837.0000000000
6255 -836.0000000000
6259 -835.0000000000
6263 -834.0000000000
6272 -833.0000000000
6282 -832.0000000000
6307 -831.0000000000
6313 -830.0000000000
6320 -829.0000000000
6328 -828.0000000000
6339 -827.0000000000
6342 -826.0000000000
6343 -825.0000000000
6348 -824.0000000000
6360 -823.0000000000
6371 -822.0000000000
6378 -821.0000000000
6382 -820.0000000000
6387 -819.0000000000
6422 -818.0000000000
6431 -817.0000000000
6448 -816.0000000000
6489 -815.0000000000
6501 -813.0000000000
6504 -812.0000000000
6510 -811.0000000000
6515 -810.0000000000
6533 -809.0000000000
6545 -808.0000000000
6554 -807.0000000000
6557 -805.0000000000
6563 -804.0000000000
6566 -803.0000000000
6596 -802.0000000000
6599 -801.0000000000
6620 -800.0000000000
6631 -799.0000000000
6636 -798.0000000000
6637 -797.0000000000
6670 -795.0000000000
6672 -794.0000000000
6683 -793.0000000000
6702 -792.0000000000
6704 -791.0000000000
6713 -790.0000000000
6718 -789.0000000000
6721 -788.0000000000
6737 -787.0000000000
6740 -786.0000000000
6770 -785.0000000000
6789 -784.0000000000
6796 -783.0000000000
6803 -782.0000000000
6815 -781.0000000000
6819 -780.0000000000
6821 -779.0000000000
6822 -778.0000000000
6852 -777.0000000000
6857 -776.0000000000
6896 -775.0000000000
6904 -774.0000000000
6914 -773.0000000000
6927 -772.0000000000
6935 -771.0000000000
6941 -770.0000000000
6951 -769.0000000000
6984 -768.0000000000
6993 -767.0000000000
7007 -766.0000000000
7009 -764.0000000000
7010 -763.0000000000
7016 -760.0000000000
7022 -759.0000000000
7023 -758.0000000000
7024 -757.0000000000
7040 -756.0000000000
7043 -754.0000000000
7045 -753.0000000000
7055 -752.0000000000
7072 -751.0000000000
7078 -750.0000000000
7105 -749.0000000000
7124 -748.0000000000
7143 -747.0000000000
7161 -746.0000000000
7168 -745.0000000000
7193 -744.0000000000
7207 -743.0000000000
7218 -742.0000000000
7233 -741.0000000000
7244 -740.0000000000
7259 -739.0000000000
7265 -738.0000000000
7267 -737.0000000000
7280 -736.0000000000
7283 -735.0000000000
7305 -734.0000000000
7309 -733.0000000000
7327 -732.0000000000
7343 -731.0000000000
7347 -730.0000000000
7355 -729.0000000000
7365 -728.0000000000
7383 -726.0000000000
7388 -725.0000000000
7405 -724.0000000000
7408 -723.0000000000
7427 -722.0000000000
7443 -721.0000000000
7464 -720.0000000000
7467 -719.0000000000
7488 -718.0000000000
7492 -717.0000000000
7516 -716.0000000000
7524 -715.0000000000
7526 -713.0000000000
7570 -712.0000000000
7584 -711.0000000000
7588 -710.0000000000
7589 -708.0000000000
7590 -707.0000000000
7598 -705.0000000000
7636 -704.0000000000
7646 -703.0000000000
7652 -702.0000000000
7674 -701.0000000000
7713 -699.0000000000
7720 -698.0000000000
7726 -697.0000000000
7742 -696.0000000000
7763 -695.0000000000
7767 -694.0000000000
7771 -693.0000000000
7782 -692.0000000000
7787 -691.0000000000
7789 -690.0000000000
7803 -688.0000000000
7810 -687.0000000000
7830 -686.0000000000
7846 -685.0000000000
7855 -684.0000000000
7882 -683.0000000000
7901 -682.0000000000
7940 -681.0000000000
7949 -680.0000000000
7962 -679.0000000000
7982 -678.0000000000
7984 -676.0000000000
8008 -674.0000000000
8014 -673.0000000000
8016 -672.0000000000
8019 -671.0000000000
8028 -670.0000000000
8044 -669.0000000000
8071 -668.0000000000
8097 -667.0000000000
8116 -666.0000000000
8122 -665.0000000000
8139 -664.0000000000
8188 -663.0000000000
8192 -662.0000000000
8214 -661.0000000000
8224 -660.0000000000
8225 -659.0000000000
8233 -658.0000000000
8249 -656.0000000000
8255 -654.0000000000
8264 -653.0000000000
8265 -652.0000000000
8274 -651.0000000000
8301 -650.0000000000
8341 -649.0000000000
8353 -648.0000000000
8364 -647.0000000000
8366 -646.0000000000
8376 -645.0000000000
8384 -644.0000000000
8416 -642.0000000000
8424 -641.0000000000
8431 -640.0000000000
8441 -639.0000000000
8444 -638.0000000000
8458 -637.0000000000
8479 -636.0000000000
8483 -635.0000000000
8487 -634.0000000000
8521 -633.0000000000
8528 -632.0000000000
8549 -631.0000000000
8567 -630.0000000000
8591 -629.0000000000
8609 -628.0000000000
8641 -627.0000000000
8671 -626.0000000000
8672 -625.0000000000
8686 -623.0000000000
8712 -622.0000000000
8744 -621.0000000000
8751 -620.0000000000
8754 -619.0000000000
8755 -618.0000000000
8762 -617.0000000000
8775 -616.0000000000
8791 -615.0000000000
8812 -614.0000000000
8819 -613.0000000000
8832 -612.0000000000
8857 -611.0000000000
8874 -609.0000000000
8897 -608.0000000000
8932 -607.0000000000
8943 -606.0000000000
8963 -605.0000000000
8976 -604.0000000000
8992 -603.0000000000
8996 -601.0000000000
9003 -600.0000000000
9004 -599.0000000000
9019 -598.0000000000
9028 -597.0000000000
9029 -595.0000000000
9053 -594.0000000000
9077 -593.0000000000
9084 -592.0000000000
9111 -591.0000000000
9114 -590.0000000000
9118 -589.0000000000
9119 -588.0000000000
9128 -587.0000000000
9214 -586.0000000000
9219 -585.0000000000
9238 -584.0000000000
9281 -583.0000000000
9282 -582.0000000000
9296 -581.0000000000
9310 -580.0000000000
9320 -579.0000000000
9329 -578.0000000000
9332 -577.0000000000
9335 -576.0000000000
9344 -574.0000000000
9347 -572.0000000000
9368 -571.0000000000
9371 -570.0000000000
9385 -569.0000000000
9400 -568.0000000000
9409 -567.0000000000
9418 -566.0000000000
9432 -565.0000000000
9439 -564.0000000000
9451 -563.0000000000
9476 -562.0000000000
9486 -561.0000000000
9489 -559.0000000000
9491 -558.0000000000
9516 -557.0000000000
9518 -556.0000000000
9523 -555.0000000000
9560 -553.0000000000
9579 -552.0000000000
9592 -551.0000000000
9610 -550.0000000000
9617 -549.0000000000
9642 -548.0000000000
9699 -546.0000000000
9700 -545.0000000000
9717 -544.0000000000
9729 -543.0000000000
9748 -542.0000000000
9765 -541.0000000000
9766 -540.0000000000
9853 -539.0000000000
9860 -538.0000000000
9862 -537.0000000000
9878 -536.0000000000
9907 -535.0000000000
9924 -534.0000000000
9929 -533.0000000000
9939 -532.0000000000
10000 -534.0000000000
evaluations raw_y
1 -1995.0000000000
2 -1994.0000000000
4 -1993.0000000000
6 -1992.0000000000
7 -1991.0000000000
8 -1990.0000000000
22 -1989.0000000000
25 -1987.0000000000
28 -1986.0000000000
35 -1984.0000000000
38 -1983.0000000000
41 -1982.0000000000
42 -1981.0000000000
44 -1978.0000000000
45 -1977.0000000000
47 -1976.0000000000
48 -1975.0000000000
49 -1974.0000000000
50 -1972.0000000000
51 -1971.0000000000
53 -1969.0000000000
60 -1968.0000000000
61 -1966.0000000000
63 -1964.0000000000
64 -1962.0000000000
68 -1961.0000000000
73 -1959.0000000000
78 -1958.0000000000
83 -1957.0000000000
85 -1956.0000000000
88 -1954.0000000000
91 -1952.0000000000
93 -1951.0000000000
100 -1950.0000000000
104 -1949.0000000000
106 -1948.0000000000
110 -1947.0000000000
114 -1946.0000000000
119 -1945.0000000000
121 -1944.0000000000
126 -1943.0000000000
128 -1942.0000000000
129 -1941.0000000000
133 -1939.0000000000
136 -1938.0000000000
137 -1937.0000000000
141 -1936.0000000000
148 -1934.0000000000
150 -1933.0000000000
153 -1931.0000000000
156 -1930.0000000000
162 -1929.0000000000
172 -1928.0000000000
174 -1927.0000000000
177 -1926.0000000000
200 -1924.0000000000
205 -1922.0000000000
206 -1921.0000000000
207 -1920.0000000000
212 -1918.0000000000
226 -1917.0000000000
227 -1916.0000000000
233 -1915.0000000000
236 -1914.0000000000
241 -1913.0000000000
242 -1911.0000000000
246 -1910.0000000000
248 -1909.0000000000
251 -1908.0000000000
256 -1906.0000000000
262 -1905.0000000000
271 -1904.0000000000
272 -1902.0000000000
274 -1901.0000000000
277 -1900.0000000000
278 -1899.0000000000
281 -1898.0000000000
287 -1897.0000000000
301 -1896.0000000000
305 -1895.0000000000
312 -1894.0000000000
316 -1892.0000000000
319 -1891.0000000000
322 -1889.0000000000
325 -1887.0000000000
326 -1886.0000000000
333 -1885.0000000000
334 -1884.0000000000
337 -1883.0000000000
342 -1882.0000000000
347 -1881.0000000000
351 -1880.0000000000
361 -1878.0000000000
363 -1877.0000000000
365 -1876.0000000000
368 -1874.0000000000
370 -1873.0000000000
383 -1872.0000000000
384 -1871.0000000000
386 -1870.0000000000
387 -1869.0000000000
388 -1867.0000000000
395 -1866.0000000000
396 -1863.0000000000
398 -1862.0000000000
400 -1859.0000000000
408 -1858.0000000000
409 -1857.0000000000
410 -1856.0000000000
412 -1855.0000000000
415 -1854.0000000000
416 -1853.0000000000
427 -1852.0000000000
435 -1851.0000000000
449 -1850.0000000000
450 -1847.0000000000
454 -1846.0000000000
458 -1843.0000000000
466 -1842.0000000000
467 -1841.0000000000
470 -1840.0000000000
475 -1839.0000000000
477 -1838.0000000000
483 -1836.0000000000
487 -1835.0000000000
488 -1834.0000000000
490 -1833.0000000000
491 -1832.0000000000
492 -1831.0000000000
493 -1829.0000000000
495 -1828.0000000000
496 -1827.0000000000
502 -1826.0000000000
503 -1825.0000000000
507 -1824.0000000000
510 -1823.0000000000
512 -1821.0000000000
518 -1820.0000000000
522 -1819.0000000000
529 -1818.0000000000
530 -1815.0000000000
534 -1814.0000000000
539 -1813.0000000000
540 -1812.0000000000
544 -1811.0000000000
554 -1810.0000000000
555 -1809.0000000000
573 -1807.0000000000
575 -1806.0000000000
588 -1805.0000000000
591 -1804.0000000000
596 -1802.0000000000
597 -1800.0000000000
600 -1799.0000000000
601 -1798.0000000000
608 -1797.0000000000
611 -1796.0000000000
612 -1794.0000000000
616 -1793.0000000000
618 -1792.0000000000
627 -1791.0000000000
629 -1790.0000000000
630 -1789.0000000000
635 -1788.0000000000
636 -1787.0000000000
638 -1784.0000000000
642 -1783.0000000000
644 -1780.0000000000
646 -1778.0000000000
650 -1777.0000000000
663 -1776.0000000000
665 -1775.0000000000
668 -1774.0000000000
669 -1773.0000000000
673 -1772.0000000000
678 -1771.0000000000
680 -1769.0000000000
681 -1768.0000000000
682 -1767.0000000000
684 -1766.0000000000
685 -1765.0000000000
686 -1763.0000000000
698 -1762.0000000000
704 -1759.0000000000
705 -1758.0000000000
708 -1757.0000000000
709 -1756.0000000000
721 -1755.0000000000
727 -1754.0000000000
738 -1753.0000000000
744 -1752.0000000000
745 -1751.0000000000
749 -1750.0000000000
750 -1749.0000000000
760 -1747.0000000000
768 -1746.0000000000
771 -1745.0000000000
777 -1743.0000000000
793 -1742.0000000000
800 -1740.0000000000
815 -1739.0000000000
820 -1738.0000000000
823 -1737.0000000000
824 -1736.0000000000
831 -1735.0000000000
840 -1734.0000000000
846 -1733.0000000000
848 -1732.0000000000
854 -1731.0000000000
855 -1730.0000000000
856 -1729.0000000000
857 -1728.0000000000
864 -1727.0000000000
870 -1726.0000000000
874 -1725.0000000000
875 -1724.0000000000
877 -1723.0000000000
890 -1722.0000000000
892 -1721.0000000000
897 -1719.0000000000
905 -1718.0000000000
908 -1717.0000000000
909 -1716.0000000000
913 -1715.0000000000
914 -1714.0000000000
915 -1713.0000000000
920 -1712.0000000000
923 -1711.0000000000
926 -1710.0000000000
931 -1709.0000000000
934 -1708.0000000000
936 -1706.0000000000
938 -1705.0000000000
947 -1704.0000000000
965 -1702.0000000000
966 -1701.0000000000
971 -1700.0000000000
977 -1698.0000000000
991 -1697.0000000000
1035 -1696.0000000000
1036 -1695.0000000000
1040 -1694.0000000000
1044 -1693.0000000000
1045 -1692.0000000000
1050 -1691.0000000000
1053 -1690.0000000000
1083 -1689.0000000000
1084 -1687.0000000000
1087 -1686.0000000000
1092 -1685.0000000000
1094 -1684.0000000000
1098 -1682.0000000000
1103 -1681.0000000000
1104 -1677.0000000000
1114 -1676.0000000000
1122 -1675.0000000000
1128 -1674.0000000000
1130 -1673.0000000000
1149 -1671.0000000000
1152 -1670.0000000000
1160 -1669.0000000000
1161 -1668.0000000000
1163 -1667.0000000000
1165 -1666.0000000000
1166 -1665.0000000000
1167 -1664.0000000000
1169 -1663.0000000000
1170 -1662.0000000000
1172 -1661.0000000000
1173 -1660.0000000000
1174 -1659.0000000000
1179 -1658.0000000000
1180 -1657.0000000000
1181 -1655.0000000000
1193 -1654.0000000000
1194 -1653.0000000000
1195 -1651.0000000000
1200 -1650.0000000000
1204 -1648.0000000000
1212 -1647.0000000000
1213 -1646.0000000000
1214 -1645.0000000000
1215 -1644.0000000000
1219 -1643.0000000000
1227 -1642.0000000000
1230 -1641.0000000000
1235 -1640.0000000000
1240 -1639.0000000000
1251 -1637.0000000000
1252 -1636.0000000000
1256 -1635.0000000000
1258 -1634.0000000000
1264 -1633.0000000000
1265 -1632.0000000000
1275 -1630.0000000000
1278 -1629.0000000000
1284 -1628.0000000000
1288 -1627.0000000000
1299 -1626.0000000000
1301 -1625.0000000000
1305 -1624.0000000000
1307 -1623.0000000000
1312 -1622.0000000000
1314 -1621.0000000000
1318 -1619.0000000000
1323 -1617.0000000000
1331 -1616.0000000000
1347 -1615.0000000000
1348 -1614.0000000000
1351 -1613.0000000000
1364 -1612.0000000000
1372 -1611.0000000000
1375 -1610.0000000000
1378 -1609.0000000000
1385 -1608.0000000000
1391 -1607.0000000000
1396 -1606.0000000000
1407 -1605.0000000000
1412 -1604.0000000000
1415 -1603.0000000000
1422 -1601.0000000000
1424 -1599.0000000000
1427 -1597.0000000000
1439 -1596.0000000000
1440 -1595.0000000000
1443 -1594.0000000000
1455 -1593.0000000000
1457 -1592.0000000000
1460 -1591.0000000000
1473 -1589.0000000000
1478 -1587.0000000000
1482 -1585.0000000000
1484 -1583.0000000000
1486 -1582.0000000000
1489 -1579.0000000000
1501 -1578.0000000000
1520 -1576.0000000000
1525 -1575.0000000000
1530 -1573.0000000000
1540 -1572.0000000000
1541 -1571.0000000000
1543 -1570.0000000000
1546 -1569.0000000000
1555 -1568.0000000000
1560 -1567.0000000000
1567 -1566.0000000000
1574 -1565.0000000000
1591 -1564.0000000000
1592 -1563.0000000000
1595 -1562.0000000000
1603 -1561.0000000000
1604 -1560.0000000000
1606 -1558.0000000000
1607 -1557.0000000000
1608 -1556.0000000000
1609 -1555.0000000000
1611 -1554.0000000000
1619 -1553.0000000000
1626 -1552.0000000000
1629 -1551.0000000000
1630 -1548.0000000000
1635 -1547.0000000000
1654 -1546.0000000000
1665 -1545.0000000000
1668 -1544.0000000000
1670 -1543.0000000000
1674 -1542.0000000000
1676 -1541.0000000000
1678 -1540.0000000000
1682 -1539.0000000000
1683 -1537.0000000000
1686 -1536.0000000000
1693 -1535.0000000000
1695 -1534.0000000000
1696 -1533.0000000000
1697 -1532.0000000000
1699 -1531.0000000000
1700 -1530.0000000000
1707 -1529.0000000000
1735 -1528.0000000000
1738 -1527.0000000000
1739 -1526.0000000000
1741 -1525.0000000000
1742 -1524.0000000000
1743 -1523.0000000000
1747 -1521.0000000000
1748 -1520.0000000000
1756 -1519.0000000000
1757 -1518.0000000000
1758 -1515.0000000000
1767 -1513.0000000000
1771 -1512.0000000000
1772 -1511.0000000000
1781 -1510.0000000000
1782 -1509.0000000000
1798 -1507.0000000000
1800 -1506.0000000000
1801 -1505.0000000000
1804 -1504.0000000000
1807 -1503.0000000000
1814 -1502.0000000000
1817 -1501.0000000000
1823 -1500.0000000000
1824 -1499.0000000000
1827 -1498.0000000000
1833 -1497.0000000000
1862 -1496.0000000000
1863 -1495.0000000000
1883 -1494.0000000000
1894 -1491.0000000000
1897 -1490.0000000000
1908 -1489.0000000000
1911 -1488.0000000000
1915 -1486.0000000000
1916 -1485.0000000000
1917 -1484.0000000000
1918 -1483.0000000000
1929 -1482.0000000000
1935 -1481.0000000000
1936 -1480.0000000000
1941 -1479.0000000000
1945 -1478.0000000000
1948 -1477.0000000000
1955 -1476.0000000000
1957 -1475.0000000000
1961 -1474.0000000000
1962 -1473.0000000000
1966 -1472.0000000000
1969 -1471.0000000000
1971 -1470.0000000000
1974 -1469.0000000000
1980 -1468.0000000000
1982 -1467.0000000000
1985 -1466.0000000000
1988 -1465.0000000000
1992 -1464.0000000000
1993 -1462.0000000000
1996 -1461.0000000000
2000 -1460.0000000000
2006 -1459.0000000000
2008 -1458.0000000000
2019 -1455.0000000000
2032 -1454.0000000000
2036 -1453.0000000000
2044 -1452.0000000000
2045 -1451.0000000000
2050 -1450.0000000000
2057 -1449.0000000000
2064 -1447.0000000000
2069 -1446.0000000000
2073 -1445.0000000000
2074 -1444.0000000000
2088 -1443.0000000000
2099 -1442.0000000000
2104 -1441.0000000000
2117 -1440.0000000000
2140 -1439.0000000000
2156 -1438.0000000000
2159 -1437.0000000000
2172 -1435.0000000000
2187 -1434.0000000000
2197 -1433.0000000000
2202 -1432.0000000000
2207 -1431.0000000000
2209 -1430.0000000000
2211 -1429.0000000000
2222 -1428.0000000000
2227 -1427.0000000000
2231 -1426.0000000000
2249 -1424.0000000000
2252 -1423.0000000000
2264 -1421.0000000000
2265 -1420.0000000000
2271 -1419.0000000000
2276 -1418.0000000000
2277 -1417.0000000000
2278 -1416.0000000000
2286 -1413.0000000000
2291 -1412.0000000000
2295 -1410.0000000000
2299 -1409.0000000000
2303 -1408.0000000000
2315 -1407.0000000000
2318 -1405.0000000000
2320 -1404.0000000000
2322 -1403.0000000000
2323 -1401.0000000000
2332 -1400.0000000000
2340 -1399.0000000000
2350 -1398.0000000000
2351 -1397.0000000000
2355 -1396.0000000000
2361 -1395.0000000000
2368 -1394.0000000000
2371 -1393.0000000000
2377 -1392.0000000000
2384 -1391.0000000000
2386 -1390.0000000000
2388 -1389.0000000000
2391 -1388.0000000000
2392 -1387.0000000000
2401 -1386.0000000000
2412 -1385.0000000000
2422 -1383.0000000000
2431 -1382.0000000000
2435 -1381.0000000000
2447 -1380.0000000000
2460 -1379.0000000000
2468 -1378.0000000000
2477 -1377.0000000000
2479 -1376.0000000000
2480 -1375.0000000000
2491 -1374.0000000000
2492 -1373.0000000000
2497 -1372.0000000000
2502 -1371.0000000000
2518 -1370.0000000000
2523 -1368.0000000000
2525 -1367.0000000000
2531 -1366.0000000000
2534 -1365.0000000000
2535 -1364.0000000000
2545 -1363.0000000000
2562 -1362.0000000000
2572 -1361.0000000000
2573 -1360.0000000000
2592 -1359.0000000000
2596 -1358.0000000000
2597 -1357.0000000000
2598 -1356.0000000000
2601 -1355.0000000000
2604 -1354.0000000000
2614 -1353.0000000000
2623 -1352.0000000000
2624 -1351.0000000000
2668 -1350.0000000000
2674 -1349.0000000000
2680 -1348.0000000000
2683 -1347.0000000000
2686 -1346.0000000000
2688 -1345.0000000000
2691 -1343.0000000000
2693 -1342.0000000000
2697 -1340.0000000000
2705 -1339.0000000000
2708 -1338.0000000000
2714 -1337.0000000000
2716 -1336.0000000000
2718 -1335.0000000000
2719 -1334.0000000000
2730 -1333.0000000000
2741 -1332.0000000000
2744 -1331.0000000000
2753 -1330.0000000000
2754 -1327.0000000000
2759 -1326.0000000000
2775 -1325.0000000000
2776 -1324.0000000000
2777 -1323.0000000000
2779 -1322.0000000000
2780 -1321.0000000000
2786 -1320.0000000000
2793 -1319.0000000000
2794 -1318.0000000000
2803 -1317.0000000000
2810 -1316.0000000000
2828 -1315.0000000000
2830 -1314.0000000000
2832 -1313.0000000000
2842 -1312.0000000000
2850 -1311.0000000000
2851 -1309.0000000000
2853 -1308.0000000000
2854 -1307.0000000000
2865 -1306.0000000000
2870 -1305.0000000000
2871 -1304.0000000000
2872 -1303.0000000000
2887 -1302.0000000000
2895 -1301.0000000000
2917 -1300.0000000000
2921 -1299.0000000000
2924 -1298.0000000000
2935 -1297.0000000000
2942 -1296.0000000000
2943 -1295.0000000000
2962 -1293.0000000000
2964 -1292.0000000000
2974 -1291.0000000000
2995 -1289.0000000000
3005 -1288.0000000000
3006 -1286.0000000000
3029 -1285.0000000000
3048 -1284.0000000000
3049 -1283.0000000000
3057 -1282.0000000000
3084 -1281.0000000000
3088 -1280.0000000000
3089 -1279.0000000000
3090 -1278.0000000000
3093 -1277.0000000000
3100 -1276.0000000000
3102 -1275.0000000000
3104 -1274.0000000000
3106 -1273.0000000000
3116 -1272.0000000000
3135 -1271.0000000000
3138 -1269.0000000000
3140 -1268.0000000000
3143 -1267.0000000000
3163 -1266.0000000000
3168 -1264.0000000000
3173 -1263.0000000000
3192 -1262.0000000000
3194 -1261.0000000000
3202 -1260.0000000000
3207 -1259.0000000000
3208 -1257.0000000000
3215 -1256.0000000000
3222 -1254.0000000000
3225 -1253.0000000000
3248 -1252.0000000000
3250 -1251.0000000000
3262 -1250.0000000000
3265 -1249.0000000000
3267 -1247.0000000000
3270 -1246.0000000000
3273 -1245.0000000000
3279 -1244.0000000000
3283 -1243.0000000000
3286 -1242.0000000000
3309 -1241.0000000000
3315 -1240.0000000000
3316 -1239.0000000000
3320 -1238.0000000000
3323 -1237.0000000000
3324 -1236.0000000000
3335 -1235.0000000000
3348 -1234.0000000000
3370 -1233.0000000000
3399 -1232.0000000000
3404 -1231.0000000000
3414 -1230.0000000000
3415 -1229.0000000000
3427 -1228.0000000000
3447 -1227.0000000000
3452 -1226.0000000000
3455 -1225.0000000000
3481 -1224.0000000000
3490 -1223.0000000000
3496 -1222.0000000000
3499 -1221.0000000000
3501 -1220.0000000000
3502 -1219.0000000000
3506 -1218.0000000000
3508 -1217.0000000000
3513 -1216.0000000000
3519 -1215.0000000000
3520 -1214.0000000000
3525 -1213.0000000000
3527 -1212.0000000000
3530 -1210.0000000000
3537 -1209.0000000000
3542 -1208.0000000000
3545 -1205.0000000000
3565 -1204.0000000000
3577 -1203.0000000000
3578 -1202.0000000000
3589 -1201.0000000000
3590 -1200.0000000000
3591 -1199.0000000000
3603 -1198.0000000000
3616 -1197.0000000000
3622 -1196.0000000000
3624 -1195.0000000000
3626 -1193.0000000000
3630 -1192.0000000000
3631 -1191.0000000000
3640 -1190.0000000000
3646 -1189.0000000000
3655 -1188.0000000000
3663 -1187.0000000000
3685 -1185.0000000000
3690 -1184.0000000000
3707 -1183.0000000000
3710 -1182.0000000000
3730 -1181.0000000000
3747 -1180.0000000000
3748 -1179.0000000000
3754 -1178.0000000000
3758 -1177.0000000000
3767 -1176.0000000000
3778 -1175.0000000000
3779 -1174.0000000000
3784 -1172.0000000000
3786 -1171.0000000000
3790 -1170.0000000000
3794 -1169.0000000000
3800 -1168.0000000000
3802 -1167.0000000000
3805 -1166.0000000000
3816 -1165.0000000000
3824 -1164.0000000000
3831 -1163.0000000000
3839 -1162.0000000000
3851 -1161.0000000000
3854 -1160.0000000000
3866 -1158.0000000000
3879 -1157.0000000000
3886 -1156.0000000000
3923 -1155.0000000000
3925 -1154.0000000000
3930 -1153.0000000000
3935 -1152.0000000000
3939 -1151.0000000000
3945 -1150.0000000000
3998 -1149.0000000000
4020 -1148.0000000000
4027 -1147.0000000000
4031 -1146.0000000000
4039 -1145.0000000000
4040 -1144.0000000000
4042 -1143.0000000000
4045 -1142.0000000000
4048 -1141.0000000000
4049 -1138.0000000000
4056 -1137.0000000000
4057 -1136.0000000000
4066 -1135.0000000000
4071 -1134.0000000000
4072 -1132.0000000000
4082 -1130.0000000000
4087 -1129.0000000000
4090 -1127.0000000000
4095 -1126.0000000000
4098 -1125.0000000000
4107 -1124.0000000000
4114 -1123.0000000000
4115 -1122.0000000000
4128 -1121.0000000000
4130 -1120.0000000000
4163 -1118.0000000000
4171 -1117.0000000000
4176 -1115.0000000000
4178 -1114.0000000000
4185 -1113.0000000000
4190 -1112.0000000000
4196 -1110.0000000000
4207 -1107.0000000000
4216 -1106.0000000000
4221 -1105.0000000000
4224 -1104.0000000000
4228 -1102.0000000000
4245 -1101.0000000000
4262 -1100.0000000000
4267 -1098.0000000000
4275 -1097.0000000000
4289 -1095.0000000000
4294 -1094.0000000000
4307 -1092.0000000000
4308 -1091.0000000000
4316 -1090.0000000000
4323 -1089.0000000000
4338 -1088.0000000000
4353 -1087.0000000000
4357 -1086.0000000000
4360 -1085.0000000000
4367 -1084.0000000000
4373 -1082.0000000000
4384 -1081.0000000000
4386 -1080.0000000000
4399 -1079.0000000000
4406 -1078.0000000000
4410 -1077.0000000000
4412 -1076.0000000000
4413 -1075.0000000000
4422 -1074.0000000000
4431 -1073.0000000000
4435 -1072.0000000000
4442 -1071.0000000000
4455 -1069.0000000000
4469 -1068.0000000000
4481 -1067.0000000000
4482 -1066.0000000000
4484 -1065.0000000000
4485 -1064.0000000000
4489 -1063.0000000000
4493 -1062.0000000000
4506 -1061.0000000000
4515 -1060.0000000000
4526 -1059.0000000000
4527 -1058.0000000000
4530 -1057.0000000000
4534 -1056.0000000000
4543 -1055.0000000000
4563 -1054.0000000000
4566 -1053.0000000000
4571 -1052.0000000000
4572 -1051.0000000000
4583 -1050.0000000000
4586 -1049.0000000000
4590 -1048.0000000000
4598 -1047.0000000000
4606 -1046.0000000000
4611 -1045.0000000000
4625 -1044.0000000000
4626 -1043.0000000000
4637 -1042.0000000000
4643 -1041.0000000000
4644 -1040.0000000000
4651 -1039.0000000000
4678 -1038.0000000000
4682 -1037.0000000000
4683 -1036.0000000000
4694 -1035.0000000000
4703 -1034.0000000000
4708 -1033.0000000000
4725 -1032.0000000000
4726 -1031.0000000000
4732 -1030.0000000000
4746 -1029.0000000000
4747 -1028.0000000000
4751 -1027.0000000000
4754 -1026.0000000000
4760 -1025.0000000000
4767 -1024.0000000000
4768 -1023.0000000000
4773 -1022.0000000000
4784 -1021.0000000000
4800 -1020.0000000000
4806 -1019.0000000000
4810 -1018.0000000000
4822 -1017.0000000000
4840 -1016.0000000000
4865 -1015.0000000000
4886 -1014.0000000000
4896 -1013.0000000000
4911 -1012.0000000000
4912 -1011.0000000000
4915 -1010.0000000000
4921 -1009.0000000000
4930 -1007.0000000000
4937 -1006.0000000000
4956 -1004.0000000000
4969 -1003.0000000000
4992 -1002.0000000000
4993 -1001.0000000000
5016 -1000.0000000000
5020 -999.0000000000
5025 -997.0000000000
5036 -996.0000000000
5038 -994.0000000000
5044 -993.0000000000
5047 -991.0000000000
5062 -990.0000000000
5071 -989.0000000000
5084 -988.0000000000
5085 -987.0000000000
5093 -986.0000000000
5095 -985.0000000000
5106 -984.0000000000
5137 -983.0000000000
5148 -982.0000000000
5152 -981.0000000000
5163 -980.0000000000
5167 -979.0000000000
5168 -978.0000000000
5184 -977.0000000000
5191 -976.0000000000
5202 -975.0000000000
5207 -974.0000000000
5218 -973.0000000000
5232 -972.0000000000
5250 -970.0000000000
5258 -969.0000000000
5262 -968.0000000000
5263 -967.0000000000
5269 -966.0000000000
5273 -965.0000000000
5274 -963.0000000000
5281 -962.0000000000
5295 -960.0000000000
5299 -959.0000000000
5305 -958.0000000000
5306 -957.0000000000
5313 -956.0000000000
5315 -955.0000000000
5318 -954.0000000000
5329 -952.0000000000
5332 -951.0000000000
5351 -950.0000000000
5356 -949.0000000000
5357 -948.0000000000
5369 -947.0000000000
5370 -946.0000000000
5375 -945.0000000000
5376 -944.0000000000
5388 -943.0000000000
5403 -942.0000000000
5405 -941.0000000000
5407 -940.0000000000
5408 -939.0000000000
5424 -938.0000000000
5426 -937.0000000000
5438 -936.0000000000
5441 -935.0000000000
5448 -934.0000000000
5460 -933.0000000000
5463 -932.0000000000
5465 -930.0000000000
5474 -929.0000000000
5476 -928.0000000000
5490 -927.0000000000
5491 -926.0000000000
5499 -925.0000000000
5504 -924.0000000000
5508 -923.0000000000
5536 -922.0000000000
5545 -921.0000000000
5548 -919.0000000000
5557 -918.0000000000
5567 -917.0000000000
5574 -916.0000000000
5581 -915.0000000000
5585 -914.0000000000
5599 -912.0000000000
5605 -911.0000000000
5607 -910.0000000000
5621 -909.0000000000
5650 -908.0000000000
5659 -907.0000000000
5662 -906.0000000000
5663 -905.0000000000
5672 -904.0000000000
5680 -903.0000000000
5683 -902.0000000000
5688 -901.0000000000
5703 -900.0000000000
5709 -899.0000000000
5711 -898.0000000000
5713 -897.0000000000
5714 -895.0000000000
5717 -894.0000000000
5719 -892.0000000000
5722 -891.0000000000
5725 -890.0000000000
5737 -889.0000000000
5738 -888.0000000000
5744 -886.0000000000
5746 -884.0000000000
5768 -883.0000000000
5796 -882.0000000000
5799 -881.0000000000
5815 -880.0000000000
5821 -879.0000000000
5830 -878.0000000000
5838 -877.0000000000
5846 -876.0000000000
5852 -875.0000000000
5882 -874.0000000000
5895 -873.0000000000
5897 -872.0000000000
5903 -871.0000000000
5912 -870.0000000000
5923 -869.0000000000
5942 -868.0000000000
5943 -866.0000000000
5957 -865.0000000000
5964 -864.0000000000
5972 -863.0000000000
5974 -862.0000000000
5976 -861.0000000000
5982 -859.0000000000
5983 -858.0000000000
5986 -856.0000000000
5988 -855.0000000000
5993 -854.0000000000
6011 -853.0000000000
6024 -852.0000000000
6028 -851.0000000000
6033 -850.0000000000
6042 -848.0000000000
6081 -847.0000000000
6084 -846.0000000000
6085 -845.0000000000
6090 -843.0000000000
6098 -842.0000000000
6101 -841.0000000000
6104 -840.0000000000
6105 -839.0000000000
6107 -838.0000000000
6144 -837.0000000000
6171 -836.0000000000
6175 -835.0000000000
6192 -834.0000000000
6196 -833.0000000000
6205 -832.0000000000
6206 -831.0000000000
6228 -830.0000000000
6231 -829.0000000000
6236 -828.0000000000
6266 -827.0000000000
6268 -826.0000000000
6274 -825.0000000000
6290 -824.0000000000
6301 -822.0000000000
6317 -821.0000000000
6329 -820.0000000000
6341 -819.0000000000
6361 -818.0000000000
6362 -817.0000000000
6371 -816.0000000000
6377 -813.0000000000
6379 -812.0000000000
6382 -811.0000000000
6385 -810.0000000000
6405 -809.0000000000
6406 -808.0000000000
6430 -806.0000000000
6431 -805.0000000000
6435 -804.0000000000
6448 -803.0000000000
6453 -802.0000000000
6496 -801.0000000000
6500 -800.0000000000
6501 -799.0000000000
6505 -797.0000000000
6542 -796.0000000000
6563 -795.0000000000
6564 -793.0000000000
6570 -792.0000000000
6594 -791.0000000000
6628 -790.0000000000
6638 -789.0000000000
6646 -788.0000000000
6655 -787.0000000000
6659 -786.0000000000
6663 -784.0000000000
6668 -783.0000000000
6670 -782.0000000000
6677 -781.0000000000
6703 -780.0000000000
6744 -779.0000000000
6750 -778.0000000000
6756 -777.0000000000
6766 -776.0000000000
6771 -774.0000000000
6775 -773.0000000000
6777 -772.0000000000
6788 -771.0000000000
6791 -770.0000000000
6803 -769.0000000000
6817 -768.0000000000
6836 -766.0000000000
6859 -764.0000000000
6863 -763.0000000000
6866 -762.0000000000
6876 -761.0000000000
6906 -760.0000000000
6915 -759.0000000000
6916 -758.0000000000
6932 -757.0000000000
6938 -756.0000000000
6972 -755.0000000000
6974 -754.0000000000
6979 -753.0000000000
6999 -752.0000000000
7010 -751.0000000000
7023 -750.0000000000
7028 -749.0000000000
7037 -748.0000000000
7060 -747.0000000000
7067 -746.0000000000
7069 -745.0000000000
7078 -744.0000000000
7082 -743.0000000000
7094 -742.0000000000
7101 -741.0000000000
7111 -739.0000000000
7113 -738.0000000000
7121 -737.0000000000
7140 -736.0000000000
7146 -735.0000000000
7161 -734.0000000000
7188 -733.0000000000
7201 -731.0000000000
7224 -730.0000000000
7250 -729.0000000000
7281 -728.0000000000
7286 -727.0000000000
7296 -726.0000000000
7300 -725.0000000000
7302 -724.0000000000
7315 -723.0000000000
7321 -722.0000000000
7334 -721.0000000000
7336 -720.0000000000
7349 -719.0000000000
7363 -717.0000000000
7364 -716.0000000000
7370 -715.0000000000
7374 -714.0000000000
7387 -713.0000000000
7388 -712.0000000000
7401 -711.0000000000
7443 -710.0000000000
7444 -709.0000000000
7457 -708.0000000000
7463 -706.0000000000
7482 -705.0000000000
7486 -704.0000000000
7496 -703.0000000000
7501 -702.0000000000
7510 -701.0000000000
7522 -700.0000000000
7534 -699.0000000000
7549 -698.0000000000
7550 -697.0000000000
7566 -696.0000000000
7570 -695.0000000000
7575 -694.0000000000
7593 -693.0000000000
7620 -692.0000000000
7634 -691.0000000000
7641 -690.0000000000
7648 -689.0000000000
7666 -688.0000000000
7688 -687.0000000000
7691 -686.0000000000
7704 -685.0000000000
7717 -684.0000000000
7727 -683.0000000000
7730 -681.0000000000
7736 -680.0000000000
7754 -679.0000000000
7757 -678.0000000000
7777 -677.0000000000
7788 -676.0000000000
7823 -675.0000000000
7849 -674.0000000000
7856 -672.0000000000
7861 -671.0000000000
7890 -670.0000000000
7901 -669.0000000000
7918 -668.0000000000
7923 -667.0000000000
7936 -666.0000000000
7937 -665.0000000000
7943 -664.0000000000
7949 -663.0000000000
7950 -662.0000000000
7955 -661.0000000000
7957 -659.0000000000
7958 -658.0000000000
7974 -657.0000000000
7976 -656.0000000000
7982 -655.0000000000
8008 -654.0000000000
8027 -653.0000000000
8032 -652.0000000000
8033 -650.0000000000
8039 -649.0000000000
8053 -648.0000000000
8066 -647.0000000000
8078 -646.0000000000
8136 -645.0000000000
8146 -644.0000000000
8157 -643.0000000000
8160 -642.0000000000
8165 -641.0000000000
8219 -640.0000000000
8227 -639.0000000000
8235 -638.0000000000
8260 -636.0000000000
8269 -634.0000000000
8270 -633.0000000000
8286 -632.0000000000
8296 -631.0000000000
8299 -630.0000000000
8322 -627.0000000000
8325 -626.0000000000
8331 -625.0000000000
8381 -624.0000000000
8383 -623.0000000000
8429 -622.0000000000
8442 -621.0000000000
8455 -620.0000000000
8486 -619.0000000000
8501 -618.0000000000
8504 -617.0000000000
8550 -615.0000000000
8567 -614.0000000000
8591 -613.0000000000
8599 -612.0000000000
8601 -611.0000000000
8613 -610.0000000000
8651 -609.0000000000
8689 -607.0000000000
8710 -606.0000000000
8711 -605.0000000000
8731 -604.0000000000
8757 -603.0000000000
8799 -600.0000000000
8821 -599.0000000000
8881 -598.0000000000
8894 -597.0000000000
8900 -595.0000000000
8902 -594.0000000000
8930 -593.0000000000
8934 -592.0000000000
8950 -591.0000000000
8981 -590.0000000000
8995 -589.0000000000
9004 -588.0000000000
9021 -587.0000000000
9043 -586.0000000000
9051 -585.0000000000
9053 -584.0000000000
9063 -583.0000000000
9064 -582.0000000000
9107 -581.0000000000
9109 -580.0000000000
9155 -579.0000000000
9170 -578.0000000000
9172 -577.0000000000
9182 -576.0000000000
9225 -575.0000000000
9260 -574.0000000000
9275 -573.0000000000
9295 -572.0000000000
9298 -571.0000000000
9303 -570.0000000000
9346 -569.0000000000
9406 -568.0000000000
9418 -567.0000000000
9449 -566.0000000000
9456 -565.0000000000
9468 -564.0000000000
9476 -563.0000000000
9483 -562.0000000000
9512 -561.0000000000
9529 -560.0000000000
9531 -559.0000000000
9539 -558.0000000000
9555 -556.0000000000
9579 -555.0000000000
9585 -554.0000000000
9606 -553.0000000000
9613 -552.0000000000
9641 -551.0000000000
9659 -550.0000000000
9665 -549.0000000000
9690 -548.0000000000
9705 -547.0000000000
9710 -546.0000000000
9734 -545.0000000000
9745 -544.0000000000
9757 -543.0000000000
9765 -541.0000000000
9790 -540.0000000000
9791 -539.0000000000
9806 -538.0000000000
9854 -537.0000000000
9856 -535.0000000000
9857 -534.0000000000
9882 -533.0000000000
9895 -532.0000000000
9897 -531.0000000000
9899 -530.0000000000
9905 -529.0000000000
9927 -528.0000000000
9945 -527.0000000000
9960 -526.0000000000
9964 -525.0000000000
9977 -524.0000000000
9992 -523.0000000000
10000 -526.0000000000
evaluations raw_y
1 -2006.0000000000
12 -2005.0000000000
14 -2004.0000000000
15 -2003.0000000000
16 -2002.0000000000
21 -2001.0000000000
28 -2000.0000000000
29 -1999.0000000000
35 -1998.0000000000
42 -1997.0000000000
44 -1996.0000000000
46 -1995.0000000000
47 -1994.0000000000
52 -1992.0000000000
54 -1991.0000000000
83 -1988.0000000000
111 -1987.0000000000
116 -1986.0000000000
118 -1985.0000000000
123 -1983.0000000000
127 -1982.0000000000
128 -1981.0000000000
129 -1980.0000000000
130 -1978.0000000000
131 -1977.0000000000
133 -1974.0000000000
136 -1972.0000000000
137 -1971.0000000000
139 -1970.0000000000
142 -1969.0000000000
143 -1968.0000000000
144 -1967.0000000000
148 -1966.0000000000
150 -1965.0000000000
152 -1964.0000000000
157 -1963.0000000000
167 -1961.0000000000
173 -1960.0000000000
184 -1959.0000000000
185 -1958.0000000000
186 -1957.0000000000
198 -1956.0000000000
199 -1954.0000000000
200 -1953.0000000000
207 -1952.0000000000
209 -1951.0000000000
210 -1950.0000000000
214 -1947.0000000000
215 -1945.0000000000
221 -1944.0000000000
225 -1942.0000000000
231 -1938.0000000000
232 -1937.0000000000
239 -1936.0000000000
248 -1935.0000000000
251 -1934.0000000000
262 -1933.0000000000
265 -1932.0000000000
271 -1931.0000000000
272 -1930.0000000000
275 -1929.0000000000
282 -1928.0000000000
288 -1927.0000000000
291 -1926.0000000000
296 -1924.0000000000
298 -1923.0000000000
299 -1922.0000000000
302 -1921.0000000000
306 -1920.0000000000
308 -1919.0000000000
312 -1918.0000000000
319 -1917.0000000000
323 -1916.0000000000
325 -1915.0000000000
330 -1914.0000000000
332 -1912.0000000000
335 -1911.0000000000
340 -1910.0000000000
343 -1909.0000000000
356 -1908.0000000000
360 -1906.0000000000
362 -1905.0000000000
365 -1903.0000000000
370 -1902.0000000000
372 -1901.0000000000
375 -1900.0000000000
377 -1899.0000000000
381 -1898.0000000000
383 -1897.0000000000
389 -1896.0000000000
395 -1895.0000000000
400 -1894.0000000000
401 -1892.0000000000
405 -1891.0000000000
411 -1890.0000000000
417 -1888.0000000000
418 -1887.0000000000
419 -1886.0000000000
423 -1885.0000000000
426 -1884.0000000000
432 -1883.0000000000
434 -1882.0000000000
438 -1881.0000000000
439 -1877.0000000000
443 -1876.0000000000
444 -1875.0000000000
451 -1874.0000000000
462 -1873.0000000000
467 -1872.0000000000
473 -1871.0000000000
474 -1869.0000000000
482 -1868.0000000000
483 -1867.0000000000
485 -1866.0000000000
489 -1865.0000000000
492 -1864.0000000000
493 -1863.0000000000
495 -1862.0000000000
510 -1861.0000000000
519 -1860.0000000000
520 -1859.0000000000
522 -1858.0000000000
523 -1857.0000000000
524 -1856.0000000000
525 -1855.0000000000
527 -1854.0000000000
533 -1853.0000000000
544 -1852.0000000000
545 -1850.0000000000
546 -1849.0000000000
551 -1848.0000000000
557 -1847.0000000000
560 -1846.0000000000
573 -1845.0000000000
585 -1844.0000000000
587 -1843.0000000000
589 -1842.0000000000
591 -1841.0000000000
599 -1840.0000000000
600 -1838.0000000000
603 -1836.0000000000
607 -1835.0000000000
614 -1834.0000000000
615 -1833.0000000000
617 -1832.0000000000
618 -1831.0000000000
627 -1830.0000000000
636 -1828.0000000000
646 -1827.0000000000
648 -1824.0000000000
659 -1823.0000000000
667 -1822.0000000000
669 -1821.0000000000
677 -1820.0000000000
684 -1819.0000000000
690 -1818.0000000000
692 -1816.0000000000
695 -1815.0000000000
703 -1814.0000000000
706 -1813.0000000000
715 -1812.0000000000
725 -1811.0000000000
726 -1810.0000000000
730 -1808.0000000000
731 -1806.0000000000
744 -1804.0000000000
747 -1803.0000000000
767 -1802.0000000000
768 -1801.0000000000
771 -1800.0000000000
775 -1799.0000000000
782 -1798.0000000000
786 -1796.0000000000
789 -1795.0000000000
790 -1794.0000000000
798 -1793.0000000000
801 -1792.0000000000
803 -1791.0000000000
825 -1790.0000000000
828 -1789.0000000000
830 -1787.0000000000
832 -1785.0000000000
835 -1784.0000000000
836 -1783.0000000000
852 -1782.0000000000
869 -1781.0000000000
872 -1780.0000000000
882 -1779.0000000000
884 -1778.0000000000
885 -1777.0000000000
887 -1775.0000000000
889 -1774.0000000000
892 -1773.0000000000
896 -1771.0000000000
901 -1770.0000000000
903 -1769.0000000000
905 -1768.0000000000
908 -1766.0000000000
912 -1765.0000000000
914 -1764.0000000000
920 -1763.0000000000
921 -1762.0000000000
930 -1761.0000000000
933 -1760.0000000000
935 -1759.0000000000
936 -1758.0000000000
943 -1757.0000000000
946 -1756.0000000000
948 -1755.0000000000
950 -1754.0000000000
952 -1753.0000000000
956 -1752.0000000000
957 -1751.0000000000
972 -1750.0000000000
978 -1749.0000000000
980 -1748.0000000000
992 -1746.0000000000
1001 -1744.0000000000
1004 -1743.0000000000
1011 -1742.0000000000
1015 -1741.0000000000
1016 -1739.0000000000
1020 -1738.0000000000
1024 -1736.0000000000
1032 -1735.0000000000
1038 -1734.0000000000
1042 -1733.0000000000
1044 -1732.0000000000
1051 -1731.0000000000
1055 -1730.0000000000
1058 -1729.0000000000
1060 -1728.0000000000
1061 -1727.0000000000
1064 -1726.0000000000
1065 -1725.0000000000
1068 -1724.0000000000
1069 -1723.0000000000
1070 -1722.0000000000
1071 -1721.0000000000
1075 -1720.0000000000
1077 -1718.0000000000
1084 -1717.0000000000
1085 -1716.0000000000
1086 -1714.0000000000
1091 -1713.0000000000
1092 -1712.0000000000
1099 -1711.0000000000
1103 -1710.0000000000
1105 -1709.0000000000
1109 -1708.0000000000
1113 -1706.0000000000
1115 -1705.0000000000
1119 -1704.0000000000
1125 -1703.0000000000
1128 -1702.0000000000
1129 -1700.0000000000
1130 -1699.0000000000
1135 -1698.0000000000
1137 -1697.0000000000
1138 -1695.0000000000
1142 -1694.0000000000
1144 -1693.0000000000
1147 -1692.0000000000
1149 -1690.0000000000
1162 -1689.0000000000
1172 -1688.0000000000
1173 -1686.0000000000
1186 -1685.0000000000
1191 -1684.0000000000
1192 -1683.0000000000
1196 -1681.0000000000
1199 -1680.0000000000
1205 -1678.0000000000
1206 -1676.0000000000
1208 -1674.0000000000
1216 -1673.0000000000
1224 -1672.0000000000
1232 -1671.0000000000
1236 -1667.0000000000
1263 -1666.0000000000
1265 -1665.0000000000
1268 -1664.0000000000
1270 -1663.0000000000
1275 -1662.0000000000
1285 -1661.0000000000
1286 -1660.0000000000
1289 -1659.0000000000
1290 -1657.0000000000
1299 -1656.0000000000
1300 -1655.0000000000
1306 -1654.0000000000
1309 -1653.0000000000
1320 -1652.0000000000
1326 -1651.0000000000
1336 -1650.0000000000
1338 -1649.0000000000
1347 -1648.0000000000
1351 -1647.0000000000
1354 -1646.0000000000
1355 -1645.0000000000
1369 -1644.0000000000
1371 -1643.0000000000
1377 -1642.0000000000
1389 -1640.0000000000
1391 -1638.0000000000
1394 -1637.0000000000
1398 -1636.0000000000
1399 -1635.0000000000
1410 -1634.0000000000
1425 -1633.0000000000
1428 -1632.0000000000
1429 -1631.0000000000
1437 -1630.0000000000
1439 -1629.0000000000
1449 -1628.0000000000
1453 -1627.0000000000
1455 -1626.0000000000
1463 -1624.0000000000
1465 -1623.0000000000
1466 -1621.0000000000
1470 -1619.0000000000
1472 -1617.0000000000
1476 -1616.0000000000
1477 -1615.0000000000
1479 -1613.0000000000
1482 -1612.0000000000
1489 -1611.0000000000
1506 -1610.0000000000
1507 -1609.0000000000
1514 -1608.0000000000
1515 -1607.0000000000
1524 -1606.0000000000
1525 -1605.0000000000
1527 -1604.0000000000
1535 -1603.0000000000
1536 -1601.0000000000
1541 -1600.0000000000
1542 -1599.0000000000
1547 -1597.0000000000
1548 -1595.0000000000
1550 -1594.0000000000
1557 -1592.0000000000
1563 -1590.0000000000
1568 -1589.0000000000
1589 -1588.0000000000
1590 -1587.0000000000
1602 -1586.0000000000
1613 -1585.0000000000
1618 -1584.0000000000
1620 -1583.0000000000
1621 -1582.0000000000
1622 -1581.0000000000
1629 -1580.0000000000
1638 -1579.0000000000
1643 -1577.0000000000
1647 -1576.0000000000
1648 -1575.0000000000
1650 -1574.0000000000
1652 -1572.0000000000
1657 -1571.0000000000
1659 -1570.0000000000
1663 -1569.0000000000
1666 -1568.0000000000
1669 -1567.0000000000
1673 -1566.0000000000
1685 -1564.0000000000
1687 -1563.0000000000
1698 -1562.0000000000
1715 -1561.0000000000
1716 -1560.0000000000
1717 -1559.0000000000
1731 -1558.0000000000
1733 -1557.0000000000
1737 -1555.0000000000
1750 -1554.0000000000
1753 -1551.0000000000
1755 -1550.0000000000
1758 -1549.0000000000
1762 -1548.0000000000
1769 -1547.0000000000
1770 -1546.0000000000
1772 -1545.0000000000
1773 -1544.0000000000
1775 -1542.0000000000
1779 -1541.0000000000
1785 -1540.0000000000
1787 -1539.0000000000
1788 -1538.0000000000
1790 -1537.0000000000
1794 -1536.0000000000
1797 -1533.0000000000
1798 -1531.0000000000
1809 -1530.0000000000
1819 -1529.0000000000
1823 -1528.0000000000
1824 -1527.0000000000
1825 -1525.0000000000
1831 -1524.0000000000
1838 -1522.0000000000
1844 -1521.0000000000
1849 -1520.0000000000
1852 -1519.0000000000
1854 -1518.0000000000
1861 -1517.0000000000
1862 -1516.0000000000
1868 -1515.0000000000
1880 -1514.0000000000
1890 -1513.0000000000
1893 -1511.0000000000
1896 -1509.0000000000
1903 -1508.0000000000
1908 -1507.0000000000
1916 -1506.0000000000
1927 -1505.0000000000
1929 -1503.0000000000
1942 -1502.0000000000
1948 -1500.0000000000
1954 -1499.0000000000
1955 -1498.0000000000
1967 -1497.0000000000
1985 -1496.0000000000
1993 -1495.0000000000
2003 -1494.0000000000
2014 -1493.0000000000
2019 -1492.0000000000
2025 -1491.0000000000
2027 -1490.0000000000
2039 -1489.0000000000
2042 -1488.0000000000
2046 -1487.0000000000
2047 -1486.0000000000
2055 -1485.0000000000
2063 -1484.0000000000
2066 -1483.0000000000
2068 -1482.0000000000
2078 -1481.0000000000
2083 -1480.0000000000
2088 -1479.0000000000
2094 -1478.0000000000
2098 -1477.0000000000
2099 -1476.0000000000
2106 -1474.0000000000
2120 -1473.0000000000
2125 -1472.0000000000
2137 -1471.0000000000
2146 -1470.0000000000
2147 -1468.0000000000
2150 -1467.0000000000
2168 -1466.0000000000
2174 -1464.0000000000
2176 -1463.0000000000
2178 -1462.0000000000
2189 -1460.0000000000
2192 -1459.0000000000
2193 -1458.0000000000
2210 -1457.0000000000
2214 -1456.0000000000
2218 -1454.0000000000
2219 -1453.0000000000
2225 -1452.0000000000
2227 -1450.0000000000
2231 -1449.0000000000
2240 -1447.0000000000
2244 -1446.0000000000
2249 -1445.0000000000
2250 -1444.0000000000
2251 -1443.0000000000
2258 -1442.0000000000
2269 -1441.0000000000
2275 -1440.0000000000
2279 -1439.0000000000
2280 -1438.0000000000
2282 -1437.0000000000
2287 -1436.0000000000
2293 -1435.0000000000
2301 -1434.0000000000
2316 -1433.0000000000
2317 -1431.0000000000
2322 -1430.0000000000
2323 -1429.0000000000
2325 -1428.0000000000
2335 -1427.0000000000
2345 -1426.0000000000
2349 -1425.0000000000
2350 -1424.0000000000
2367 -1423.0000000000
2371 -1422.0000000000
2373 -1420.0000000000
2379 -1418.0000000000
2380 -1417.0000000000
2384 -1416.0000000000
2385 -1415.0000000000
2388 -1414.0000000000
2389 -1413.0000000000
2391 -1412.0000000000
2393 -1411.0000000000
2394 -1409.0000000000
2395 -1408.0000000000
2399 -1407.0000000000
2416 -1405.0000000000
2417 -1404.0000000000
2421 -1403.0000000000
2434 -1401.0000000000
2435 -1400.0000000000
2471 -1399.0000000000
2472 -1398.0000000000
2498 -1397.0000000000
2504 -1396.0000000000
2505 -1395.0000000000
2510 -1393.0000000000
2512 -1392.0000000000
2516 -1391.0000000000
2524 -1390.0000000000
2529 -1389.0000000000
2532 -1388.0000000000
2542 -1385.0000000000
2553 -1384.0000000000
2559 -1383.0000000000
2570 -1381.0000000000
2578 -1380.0000000000
2580 -1379.0000000000
2583 -1378.0000000000
2592 -1377.0000000000
2596 -1376.0000000000
2602 -1375.0000000000
2604 -1373.0000000000
2605 -1372.0000000000
2609 -1370.0000000000
2612 -1368.0000000000
2620 -1367.0000000000
2621 -1366.0000000000
2629 -1365.0000000000
2631 -1364.0000000000
2634 -1362.0000000000
2636 -1361.0000000000
2640 -1360.0000000000
2643 -1359.0000000000
2644 -1358.0000000000
2660 -1357.0000000000
2665 -1356.0000000000
2670 -1354.0000000000
2683 -1353.0000000000
2691 -1352.0000000000
2700 -1351.0000000000
2703 -1350.0000000000
2715 -1349.0000000000
2721 -1348.0000000000
2723 -1347.0000000000
2735 -1346.0000000000
2744 -1345.0000000000
2745 -1343.0000000000
2747 -1342.0000000000
2748 -1341.0000000000
2749 -1340.0000000000
2750 -1339.0000000000
2752 -1338.0000000000
2757 -1337.0000000000
2766 -1336.0000000000
2773 -1335.0000000000
2777 -1334.0000000000
2792 -1333.0000000000
2804 -1332.0000000000
2808 -1331.0000000000
2815 -1330.0000000000
2831 -1329.0000000000
2833 -1328.0000000000
2835 -1326.0000000000
2839 -1325.0000000000
2842 -1324.0000000000
2844 -1323.0000000000
2845 -1322.0000000000
2849 -1321.0000000000
2850 -1320.0000000000
2858 -1319.0000000000
2863 -1318.0000000000
2867 -1317.0000000000
2883 -1316.0000000000
2885 -1315.0000000000
2889 -1314.0000000000
2895 -1313.0000000000
2905 -1312.0000000000
2911 -1311.0000000000
2914 -1310.0000000000
2922 -1309.0000000000
2924 -1308.0000000000
2937 -1307.0000000000
2940 -1305.0000000000
2944 -1303.0000000000
2950 -1302.0000000000
2956 -1301.0000000000
2960 -1300.0000000000
2961 -1299.0000000000
2965 -1296.0000000000
2977 -1294.0000000000
2978 -1293.0000000000
2985 -1292.0000000000
2993 -1291.0000000000
3006 -1289.0000000000
3022 -1288.0000000000
3029 -1287.0000000000
3030 -1285.0000000000
3032 -1284.0000000000
3033 -1283.0000000000
3037 -1282.0000000000
3041 -1281.0000000000
3043 -1280.0000000000
3044 -1279.0000000000
3046 -1278.0000000000
3048 -1277.0000000000
3051 -1276.0000000000
3062 -1275.0000000000
3067 -1274.0000000000
3069 -1273.0000000000
3077 -1272.0000000000
3081 -1271.0000000000
3089 -1270.0000000000
3097 -1269.0000000000
3098 -1268.0000000000
3104 -1267.0000000000
3106 -1266.0000000000
3109 -1265.0000000000
3115 -1264.0000000000
3125 -1262.0000000000
3129 -1260.0000000000
3130 -1259.0000000000
3141 -1258.0000000000
3144 -1257.0000000000
3154 -1256.0000000000
3164 -1254.0000000000
3176 -1253.0000000000
3179 -1252.0000000000
3180 -1251.0000000000
3183 -1249.0000000000
3187 -1248.0000000000
3189 -1246.0000000000
3202 -1245.0000000000
3206 -1244.0000000000
3222 -1243.0000000000
3226 -1242.0000000000
3230 -1241.0000000000
3233 -1240.0000000000
3238 -1239.0000000000
3248 -1238.0000000000
3265 -1237.0000000000
3275 -1236.0000000000
3285 -1235.0000000000
3289 -1234.0000000000
3291 -1233.0000000000
3293 -1232.0000000000
3301 -1231.0000000000
3313 -1230.0000000000
3316 -1228.0000000000
3320 -1227.0000000000
3325 -1226.0000000000
3345 -1225.0000000000
3352 -1223.0000000000
3354 -1222.0000000000
3363 -1221.0000000000
3369 -1220.0000000000
3373 -1219.0000000000
3374 -1218.0000000000
3390 -1217.0000000000
3402 -1216.0000000000
3427 -1215.0000000000
3430 -1214.0000000000
3431 -1213.0000000000
3434 -1210.0000000000
3442 -1209.0000000000
3444 -1208.0000000000
3447 -1207.0000000000
3450 -1206.0000000000
3466 -1205.0000000000
3467 -1204.0000000000
3481 -1202.0000000000
3485 -1201.0000000000
3489 -1200.0000000000
3495 -1199.0000000000
3497 -1198.0000000000
3539 -1197.0000000000
3543 -1196.0000000000
3546 -1195.0000000000
3551 -1194.0000000000
3553 -1193.0000000000
3557 -1192.0000000000
3562 -1191.0000000000
3566 -1190.0000000000
3583 -1189.0000000000
3603 -1188.0000000000
3612 -1186.0000000000
3618 -1185.0000000000
3619 -1184.0000000000
3620 -1183.0000000000
3621 -1181.0000000000
3633 -1180.0000000000
3645 -1179.0000000000
3647 -1178.0000000000
3651 -1177.0000000000
3662 -1176.0000000000
3663 -1174.0000000000
3667 -1172.0000000000
3686 -1171.0000000000
3687 -1170.0000000000
3694 -1167.0000000000
3697 -1165.0000000000
3714 -1164.0000000000
3715 -1163.0000000000
3721 -1160.0000000000
3724 -1159.0000000000
3731 -1158.0000000000
3738 -1157.0000000000
3744 -1155.0000000000
3770 -1154.0000000000
3773 -1153.0000000000
3790 -1151.0000000000
3805 -1150.0000000000
3806 -1148.0000000000
3807 -1147.0000000000
3814 -1146.0000000000
3816 -1145.0000000000
3818 -1144.0000000000
3838 -1143.0000000000
3841 -1142.0000000000
3853 -1141.0000000000
3859 -1140.0000000000
3860 -1138.0000000000
3875 -1137.0000000000
3880 -1136.0000000000
3895 -1135.0000000000
3906 -1134.0000000000
3928 -1133.0000000000
3934 -1132.0000000000
3935 -1131.0000000000
3936 -1130.0000000000
3946 -1129.0000000000
3947 -1128.0000000000
3966 -1125.0000000000
3971 -1124.0000000000
3982 -1123.0000000000
3986 -1122.0000000000
3995 -1121.0000000000
3999 -1120.0000000000
4000 -1119.0000000000
4004 -1118.0000000000
4009 -1117.0000000000
4019 -1116.0000000000
4025 -1115.0000000000
4038 -1114.0000000000
4039 -1113.0000000000
4042 -1112.0000000000
4047 -1111.0000000000
4057 -1110.0000000000
4058 -1108.0000000000
4061 -1107.0000000000
4078 -1106.0000000000
4082 -1105.0000000000
4095 -1104.0000000000
4124 -1103.0000000000
4129 -1102.0000000000
4133 -1101.0000000000
4134 -1100.0000000000
4136 -1099.0000000000
4144 -1098.0000000000
4149 -1097.0000000000
4160 -1096.0000000000
4164 -1095.0000000000
4170 -1094.0000000000
4180 -1093.0000000000
4182 -1092.0000000000
4184 -1090.0000000000
4188 -1089.0000000000
4209 -1088.0000000000
4214 -1087.0000000000
4223 -1086.0000000000
4242 -1085.0000000000
4256 -1084.0000000000
4274 -1083.0000000000
4276 -1082.0000000000
4279 -1081.0000000000
4314 -1080.0000000000
4329 -1079.0000000000
4331 -1078.0000000000
4338 -1077.0000000000
4345 -1076.0000000000
4347 -1075.0000000000
4351 -1074.0000000000
4355 -1073.0000000000
4362 -1072.0000000000
4369 -1071.0000000000
4380 -1068.0000000000
4383 -1067.0000000000
4385 -1066.0000000000
4388 -1064.0000000000
4431 -1063.0000000000
4440 -1062.0000000000
4443 -1061.0000000000
4445 -1060.0000000000
4450 -1059.0000000000
4463 -1058.0000000000
4466 -1057.0000000000
4470 -1056.0000000000
4471 -1055.0000000000
4472 -1054.0000000000
4479 -1052.0000000000
4495 -1051.0000000000
4507 -1050.0000000000
4508 -1049.0000000000
4509 -1048.0000000000
4516 -1047.0000000000
4527 -1046.0000000000
4544 -1045.0000000000
4551 -1044.0000000000
4574 -1043.0000000000
4577 -1042.0000000000
4588 -1041.0000000000
4590 -1040.0000000000
4597 -1039.0000000000
4601 -1038.0000000000
4607 -1037.0000000000
4608 -1036.0000000000
4619 -1035.0000000000
4625 -1034.0000000000
4632 -1033.0000000000
4634 -1032.0000000000
4635 -1031.0000000000
4639 -1030.0000000000
4647 -1029.0000000000
4660 -1028.0000000000
4662 -1027.0000000000
4675 -1026.0000000000
4678 -1025.0000000000
4687 -1024.0000000000
4708 -1023.0000000000
4710 -1022.0000000000
4711 -1020.0000000000
4717 -1018.0000000000
4720 -1017.0000000000
4723 -1016.0000000000
4741 -1015.0000000000
4783 -1014.0000000000
4791 -1013.0000000000
4796 -1012.0000000000
4808 -1011.0000000000
4816 -1010.0000000000
4820 -1009.0000000000
4839 -1008.0000000000
4843 -1007.0000000000
4854 -1006.0000000000
4855 -1005.0000000000
4868 -1004.0000000000
4872 -1003.0000000000
4875 -1002.0000000000
4886 -1001.0000000000
4887 -999.0000000000
4890 -998.0000000000
4904 -997.0000000000
4909 -996.0000000000
4920 -995.0000000000
4927 -994.0000000000
4930 -993.0000000000
4935 -992.0000000000
4943 -991.0000000000
4986 -990.0000000000
5004 -989.0000000000
5018 -988.0000000000
5019 -987.0000000000
5020 -985.0000000000
5033 -984.0000000000
5065 -983.0000000000
5071 -982.0000000000
5074 -981.0000000000
5083 -980.0000000000
5085 -979.0000000000
5122 -978.0000000000
5150 -977.0000000000
5162 -976.0000000000
5164 -974.0000000000
5167 -973.0000000000
5178 -972.0000000000
5182 -971.0000000000
5184 -970.0000000000
5191 -969.0000000000
5200 -968.0000000000
5214 -967.0000000000
5222 -966.0000000000
5232 -963.0000000000
5265 -962.0000000000
5270 -961.0000000000
5276 -960.0000000000
5278 -959.0000000000
5280 -958.0000000000
5282 -957.0000000000
5290 -956.0000000000
5308 -955.0000000000
5310 -954.0000000000
5349 -953.0000000000
5370 -952.0000000000
5381 -951.0000000000
5387 -950.0000000000
5406 -949.0000000000
5412 -948.0000000000
5429 -947.0000000000
5434 -946.0000000000
5443 -945.0000000000
5445 -944.0000000000
5448 -943.0000000000
5460 -942.0000000000
5483 -941.0000000000
5491 -940.0000000000
5493 -939.0000000000
5508 -938.0000000000
5510 -936.0000000000
5515 -935.0000000000
5518 -933.0000000000
5525 -932.0000000000
5533 -931.0000000000
5560 -930.0000000000
5561 -929.0000000000
5576 -928.0000000000
5579 -927.0000000000
5582 -926.0000000000
5592 -925.0000000000
5593 -924.0000000000
5604 -923.0000000000
5614 -922.0000000000
5621 -921.0000000000
5624 -920.0000000000
5635 -919.0000000000
5660 -918.0000000000
5668 -917.0000000000
5674 -916.0000000000
5680 -915.0000000000
5684 -914.0000000000
5688 -913.0000000000
5697 -912.0000000000
5745 -911.0000000000
5748 -910.0000000000
5765 -908.0000000000
5768 -907.0000000000
5799 -906.0000000000
5800 -905.0000000000
5808 -903.0000000000
5818 -902.0000000000
5823 -901.0000000000
5825 -900.0000000000
5828 -899.0000000000
5833 -898.0000000000
5846 -897.0000000000
5859 -895.0000000000
5863 -894.0000000000
5876 -893.0000000000
5881 -892.0000000000
5884 -891.0000000000
5901 -890.0000000000
5914 -889.0000000000
5937 -888.0000000000
5940 -887.0000000000
5945 -886.0000000000
5962 -885.0000000000
5973 -884.0000000000
5989 -883.0000000000
5994 -882.0000000000
6002 -881.0000000000
6015 -880.0000000000
6025 -879.0000000000
6037 -878.0000000000
6041 -877.0000000000
6053 -876.0000000000
6056 -875.0000000000
6100 -874.0000000000
6113 -873.0000000000
6152 -872.0000000000
6166 -871.0000000000
6177 -870.0000000000
6183 -869.0000000000
6184 -868.0000000000
6200 -867.0000000000
6208 -866.0000000000
6216 -865.0000000000
6222 -864.0000000000
6225 -863.0000000000
6260 -862.0000000000
6275 -861.0000000000
6292 -859.0000000000
6295 -858.0000000000
6307 -857.0000000000
6316 -856.0000000000
6326 -855.0000000000
6335 -854.0000000000
6342 -853.0000000000
6359 -852.0000000000
6362 -851.0000000000
6364 -850.0000000000
6394 -848.0000000000
6404 -847.0000000000
6409 -846.0000000000
6410 -844.0000000000
6423 -843.0000000000
6431 -842.0000000000
6464 -841.0000000000
6467 -839.0000000000
6478 -838.0000000000
6506 -837.0000000000
6510 -836.0000000000
6533 -835.0000000000
6535 -834.0000000000
6557 -832.0000000000
6570 -831.0000000000
6575 -830.0000000000
6591 -828.0000000000
6599 -827.0000000000
6605 -825.0000000000
6615 -824.0000000000
6618 -823.0000000000
6632 -822.0000000000
6635 -821.0000000000
6655 -820.0000000000
6660 -819.0000000000
6675 -818.0000000000
6682 -816.0000000000
6687 -815.0000000000
6695 -813.0000000000
6697 -812.0000000000
6709 -811.0000000000
6717 -810.0000000000
6721 -809.0000000000
6730 -808.0000000000
6738 -807.0000000000
6741 -806.0000000000
6767 -805.0000000000
6784 -804.0000000000
6786 -803.0000000000
6789 -801.0000000000
6834 -799.0000000000
6856 -798.0000000000
6889 -797.0000000000
6893 -796.0000000000
6924 -794.0000000000
6934 -792.0000000000
6941 -791.0000000000
6960 -790.0000000000
6961 -789.0000000000
6979 -788.0000000000
6987 -786.0000000000
6988 -785.0000000000
7005 -784.0000000000
7007 -783.0000000000
7015 -782.0000000000
7019 -781.0000000000
7053 -780.0000000000
7055 -779.0000000000
7065 -778.0000000000
7074 -777.0000000000
7106 -776.0000000000
7113 -775.0000000000
7130 -774.0000000000
7133 -773.0000000000
7141 -772.0000000000
7144 -771.0000000000
7153 -770.0000000000
7154 -769.0000000000
7168 -768.0000000000
7176 -767.0000000000
7187 -766.0000000000
7192 -765.0000000000
7195 -763.0000000000
7207 -762.0000000000
7210 -761.0000000000
7220 -760.0000000000
7223 -759.0000000000
7230 -757.0000000000
7232 -756.0000000000
7237 -755.0000000000
7240 -754.0000000000
7241 -753.0000000000
7248 -752.0000000000
7256 -751.0000000000
7269 -750.0000000000
7276 -747.0000000000
7281 -746.0000000000
7290 -745.0000000000
7301 -744.0000000000
7312 -743.0000000000
7315 -742.0000000000
7326 -741.0000000000
7332 -740.0000000000
7347 -739.0000000000
7379 -738.0000000000
7392 -737.0000000000
7403 -736.0000000000
7404 -735.0000000000
7420 -734.0000000000
7437 -733.0000000000
7452 -731.0000000000
7454 -730.0000000000
7470 -729.0000000000
7473 -728.0000000000
7497 -727.0000000000
7516 -726.0000000000
7532 -725.0000000000
7542 -724.0000000000
7548 -723.0000000000
7575 -722.0000000000
7602 -721.0000000000
7609 -720.0000000000
7611 -719.0000000000
7629 -718.0000000000
7636 -717.0000000000
7667 -716.0000000000
7669 -715.0000000000
7672 -714.0000000000
7679 -712.0000000000
7701 -711.0000000000
7724 -710.0000000000
7776 -709.0000000000
7790 -708.0000000000
7815 -707.0000000000
7818 -706.0000000000
7839 -705.0000000000
7841 -704.0000000000
7846 -703.0000000000
7847 -702.0000000000
7849 -701.0000000000
7852 -700.0000000000
7861 -699.0000000000
7927 -698.0000000000
7947 -697.0000000000
7971 -696.0000000000
7998 -695.0000000000
8035 -693.0000000000
8045 -692.0000000000
8087 -691.0000000000
8092 -690.0000000000
8100 -688.0000000000
8114 -687.0000000000
8128 -686.0000000000
8143 -685.0000000000
8155 -684.0000000000
8174 -683.0000000000
8195 -682.0000000000
8208 -681.0000000000
8225 -680.0000000000
8230 -679.0000000000
8240 -678.0000000000
8272 -677.0000000000
8291 -676.0000000000
8310 -675.0000000000
8311 -674.0000000000
8371 -673.0000000000
8379 -672.0000000000
8388 -671.0000000000
8391 -670.0000000000
8423 -669.0000000000
8430 -668.0000000000
8434 -667.0000000000
8436 -666.0000000000
8449 -665.0000000000
8474 -664.0000000000
8477 -663.0000000000
8519 -662.0000000000
8522 -660.0000000000
8533 -659.0000000000
8542 -657.0000000000
8549 -656.0000000000
8579 -655.0000000000
8582 -654.0000000000
8588 -653.0000000000
8594 -652.0000000000
8613 -651.0000000000
8642 -650.0000000000
8669 -649.0000000000
8682 -648.0000000000
8708 -647.0000000000
8719 -646.0000000000
8737 -645.0000000000
8757 -644.0000000000
8769 -643.0000000000
8779 -642.0000000000
8807 -641.0000000000
8838 -640.0000000000
8844 -639.0000000000
8846 -638.0000000000
8850 -637.0000000000
8866 -636.0000000000
8869 -635.0000000000
8874 -634.0000000000
8905 -633.0000000000
8911 -632.0000000000
8915 -631.0000000000
8916 -630.0000000000
8923 -629.0000000000
8932 -628.0000000000
9004 -627.0000000000
9006 -626.0000000000
9033 -625.0000000000
9036 -624.0000000000
9044 -623.0000000000
9063 -622.0000000000
9080 -621.0000000000
9091 -620.0000000000
9103 -619.0000000000
9135 -618.0000000000
9142 -617.0000000000
9149 -616.0000000000
9159 -615.0000000000
9174 -614.0000000000
9196 -613.0000000000
9260 -611.0000000000
9306 -610.0000000000
9322 -609.0000000000
9338 -608.0000000000
9368 -607.0000000000
9373 -606.0000000000
9390 -605.0000000000
9403 -604.0000000000
9422 -603.0000000000
9442 -602.0000000000
9445 -601.0000000000
9454 -600.0000000000
9462 -599.0000000000
9474 -598.0000000000
9491 -597.0000000000
9495 -596.0000000000
9496 -595.0000000000
9508 -594.0000000000
9509 -593.0000000000
9513 -592.0000000000
9583 -591.0000000000
9611 -590.0000000000
9641 -589.0000000000
9642 -588.0000000000
9666 -587.0000000000
9678 -586.0000000000
9681 -585.0000000000
9684 -584.0000000000
9743 -583.0000000000
9744 -582.0000000000
9757 -581.0000000000
9776 -580.0000000000
9821 -579.0000000000
9827 -578.0000000000
9862 -577.0000000000
9875 -576.0000000000
9906 -575.0000000000
9908 -574.0000000000
9916 -573.0000000000
9917 -572.0000000000
9930 -571.0000000000
9952 -569.0000000000
9954 -568.0000000000
9957 -567.0000000000
9977 -566.0000000000
10000 -566.0000000000
evaluations raw_y
1 -2053.0000000000
2 -2052.0000000000
4 -2051.0000000000
7 -2050.0000000000
16 -2048.0000000000
20 -2047.0000000000
21 -2046.0000000000
23 -2045.0000000000
29 -2044.0000000000
31 -2043.0000000000
32 -2042.0000000000
34 -2041.0000000000
36 -2040.0000000000
43 -2039.0000000000
44 -2038.0000000000
46 -2037.0000000000
48 -2036.0000000000
56 -2035.0000000000
59 -2034.0000000000
66 -2032.0000000000
67 -2031.0000000000
70 -2027.0000000000
73 -2026.0000000000
76 -2025.0000000000
77 -2024.0000000000
80 -2023.0000000000
82 -2022.0000000000
83 -2021.0000000000
85 -2020.0000000000
89 -2019.0000000000
93 -2017.0000000000
96 -2016.0000000000
109 -2014.0000000000
117 -2013.0000000000
119 -2012.0000000000
123 -2010.0000000000
124 -2009.0000000000
125 -2007.0000000000
133 -2006.0000000000
136 -2002.0000000000
157 -2001.0000000000
163 -2000.0000000000
164 -1999.0000000000
167 -1997.0000000000
169 -1996.0000000000
173 -1995.0000000000
183 -1994.0000000000
187 -1993.0000000000
189 -1992.0000000000
191 -1990.0000000000
193 -1986.0000000000
195 -1985.0000000000
196 -1984.0000000000
210 -1983.0000000000
217 -1982.0000000000
227 -1981.0000000000
235 -1980.0000000000
241 -1979.0000000000
243 -1978.0000000000
244 -1977.0000000000
248 -1976.0000000000
251 -1975.0000000000
252 -1974.0000000000
256 -1973.0000000000
260 -1970.0000000000
265 -1968.0000000000
268 -1967.0000000000
271 -1966.0000000000
272 -1965.0000000000
274 -1961.0000000000
275 -1959.0000000000
278 -1958.0000000000
287 -1957.0000000000
293 -1956.0000000000
301 -1954.0000000000
304 -1953.0000000000
306 -1952.0000000000
308 -1951.0000000000
311 -1949.0000000000
316 -1948.0000000000
318 -1946.0000000000
320 -1943.0000000000
331 -1942.0000000000
335 -1941.0000000000
339 -1940.0000000000
340 -1939.0000000000
342 -1938.0000000000
343 -1937.0000000000
344 -1935.0000000000
345 -1933.0000000000
346 -1932.0000000000
347 -1931.0000000000
350 -1930.0000000000
356 -1929.0000000000
359 -1927.0000000000
360 -1926.0000000000
361 -1925.0000000000
367 -1924.0000000000
370 -1923.0000000000
373 -1922.0000000000
382 -1921.0000000000
387 -1920.0000000000
395 -1919.0000000000
397 -1918.0000000000
398 -1917.0000000000
405 -1916.0000000000
412 -1914.0000000000
413 -1913.0000000000
417 -1912.0000000000
421 -1911.0000000000
422 -1910.0000000000
423 -1909.0000000000
429 -1908.0000000000
430 -1906.0000000000
434 -1905.0000000000
435 -1904.0000000000
438 -1902.0000000000
439 -1901.0000000000
445 -1900.0000000000
453 -1898.0000000000
467 -1897.0000000000
471 -1895.0000000000
478 -1893.0000000000
483 -1892.0000000000
484 -1891.0000000000
485 -1890.0000000000
487 -1889.0000000000
488 -1887.0000000000
498 -1885.0000000000
499 -1883.0000000000
503 -1880.0000000000
504 -1879.0000000000
514 -1878.0000000000
518 -1877.0000000000
519 -1875.0000000000
524 -1873.0000000000
525 -1872.0000000000
527 -1871.0000000000
529 -1870.0000000000
536 -1869.0000000000
538 -1868.0000000000
539 -1867.0000000000
541 -1865.0000000000
548 -1863.0000000000
552 -1862.0000000000
553 -1861.0000000000
554 -1859.0000000000
559 -1857.0000000000
567 -1856.0000000000
568 -1855.0000000000
570 -1854.0000000000
572 -1853.0000000000
575 -1852.0000000000
576 -1851.0000000000
577 -1849.0000000000
578 -1848.0000000000
579 -1847.0000000000
585 -1846.0000000000
586 -1845.0000000000
592 -1844.0000000000
602 -1843.0000000000
603 -1842.0000000000
604 -1839.0000000000
606 -1838.0000000000
607 -1837.0000000000
613 -1835.0000000000
615 -1833.0000000000
617 -1832.0000000000
622 -1831.0000000000
623 -1829.0000000000
625 -1828.0000000000
630 -1827.0000000000
632 -1826.0000000000
640 -1825.0000000000
647 -1824.0000000000
656 -1823.0000000000
657 -1821.0000000000
661 -1819.0000000000
662 -1818.0000000000
671 -1817.0000000000
672 -1816.0000000000
675 -1815.0000000000
677 -1814.0000000000
678 -1813.0000000000
685 -1812.0000000000
686 -1810.0000000000
687 -1809.0000000000
697 -1808.0000000000
702 -1807.0000000000
718 -1806.0000000000
723 -1805.0000000000
731 -1804.0000000000
732 -1803.0000000000
735 -1802.0000000000
736 -1801.0000000000
737 -1800.0000000000
748 -1799.0000000000
753 -1798.0000000000
755 -1797.0000000000
758 -1796.0000000000
765 -1795.0000000000
766 -1794.0000000000
779 -1792.0000000000
787 -1791.0000000000
793 -1790.0000000000
803 -1788.0000000000
804 -1787.0000000000
810 -1786.0000000000
814 -1785.0000000000
818 -1784.0000000000
820 -1783.0000000000
826 -1782.0000000000
831 -1781.0000000000
833 -1780.0000000000
837 -1778.0000000000
844 -1777.0000000000
849 -1776.0000000000
851 -1775.0000000000
857 -1774.0000000000
863 -1773.0000000000
864 -1772.0000000000
871 -1771.0000000000
874 -1770.0000000000
875 -1769.0000000000
879 -1768.0000000000
885 -1766.0000000000
889 -1765.0000000000
893 -1763.0000000000
898 -1762.0000000000
901 -1759.0000000000
903 -1758.0000000000
904 -1757.0000000000
906 -1756.0000000000
909 -1755.0000000000
922 -1754.0000000000
924 -1753.0000000000
930 -1752.0000000000
932 -1751.0000000000
936 -1750.0000000000
939 -1749.0000000000
951 -1748.0000000000
953 -1747.0000000000
960 -1745.0000000000
963 -1742.0000000000
969 -1741.0000000000
974 -1740.0000000000
981 -1738.0000000000
992 -1735.0000000000
994 -1734.0000000000
1017 -1732.0000000000
1018 -1731.0000000000
1022 -1730.0000000000
1023 -1728.0000000000
1026 -1727.0000000000
1034 -1725.0000000000
1042 -1724.0000000000
1052 -1723.0000000000
1054 -1721.0000000000
1058 -1720.0000000000
1060 -1719.0000000000
1065 -1718.0000000000
1069 -1717.0000000000
1071 -1716.0000000000
1077 -1715.0000000000
1078 -1714.0000000000
1079 -1713.0000000000
1084 -1712.0000000000
1091 -1711.0000000000
1096 -1709.0000000000
1097 -1707.0000000000
1098 -1706.0000000000
1099 -1705.0000000000
1100 -1704.0000000000
1112 -1703.0000000000
1113 -1702.0000000000
1120 -1701.0000000000
1125 -1700.0000000000
1127 -1699.0000000000
1128 -1698.0000000000
1131 -1697.0000000000
1133 -1696.0000000000
1138 -1695.0000000000
1145 -1693.0000000000
1152 -1692.0000000000
1162 -1691.0000000000
1165 -1690.0000000000
1167 -1689.0000000000
1168 -1688.0000000000
1176 -1686.0000000000
1193 -1684.0000000000
1194 -1683.0000000000
1204 -1681.0000000000
1214 -1680.0000000000
1217 -1679.0000000000
1220 -1678.0000000000
1223 -1677.0000000000
1225 -1676.0000000000
1228 -1675.0000000000
1229 -1674.0000000000
1232 -1673.0000000000
1233 -1672.0000000000
1237 -1671.0000000000
1250 -1669.0000000000
1252 -1668.0000000000
1255 -1667.0000000000
1257 -1666.0000000000
1268 -1665.0000000000
1270 -1663.0000000000
1271 -1662.0000000000
1273 -1661.0000000000
1295 -1660.0000000000
1300 -1659.0000000000
1304 -1658.0000000000
1307 -1657.0000000000
1310 -1656.0000000000
1317 -1655.0000000000
1320 -1654.0000000000
1321 -1653.0000000000
1324 -1652.0000000000
1326 -1651.0000000000
1329 -1650.0000000000
1336 -1649.0000000000
1353 -1648.0000000000
1355 -1647.0000000000
1358 -1645.0000000000
1367 -1643.0000000000
1369 -1642.0000000000
1377 -1641.0000000000
1382 -1640.0000000000
1384 -1639.0000000000
1388 -1638.0000000000
1391 -1637.0000000000
1394 -1636.0000000000
1395 -1634.0000000000
1407 -1633.0000000000
1411 -1632.0000000000
1421 -1631.0000000000
1422 -1630.0000000000
1427 -1629.0000000000
1434 -1628.0000000000
1437 -1626.0000000000
1449 -1625.0000000000
1453 -1624.0000000000
1454 -1623.0000000000
1456 -1622.0000000000
1466 -1621.0000000000
1467 -1620.0000000000
1473 -1619.0000000000
1474 -1618.0000000000
1478 -1617.0000000000
1482 -1616.0000000000
1485 -1615.0000000000
1486 -1614.0000000000
1492 -1612.0000000000
1494 -1611.0000000000
1496 -1610.0000000000
1497 -1609.0000000000
1512 -1608.0000000000
1517 -1607.0000000000
1518 -1605.0000000000
1519 -1604.0000000000
1521 -1603.0000000000
1523 -1602.0000000000
1524 -1600.0000000000
1525 -1599.0000000000
1534 -1596.0000000000
1536 -1595.0000000000
1537 -1593.0000000000
1543 -1592.0000000000
1545 -1590.0000000000
1549 -1587.0000000000
1558 -1586.0000000000
1569 -1585.0000000000
1571 -1584.0000000000
1572 -1583.0000000000
1576 -1582.0000000000
1577 -1581.0000000000
1579 -1579.0000000000
1582 -1577.0000000000
1583 -1576.0000000000
1590 -1575.0000000000
1604 -1574.0000000000
1611 -1573.0000000000
1633 -1572.0000000000
1644 -1571.0000000000
1651 -1570.0000000000
1671 -1569.0000000000
1676 -1568.0000000000
1683 -1567.0000000000
1688 -1566.0000000000
1689 -1565.0000000000
1693 -1564.0000000000
1698 -1563.0000000000
1699 -1562.0000000000
1709 -1560.0000000000
1710 -1559.0000000000
1711 -1558.0000000000
1715 -1557.0000000000
1720 -1556.0000000000
1730 -1555.0000000000
1735 -1554.0000000000
1736 -1553.0000000000
1751 -1552.0000000000
1754 -1551.0000000000
1762 -1549.0000000000
1765 -1548.0000000000
1766 -1547.0000000000
1770 -1546.0000000000
1776 -1545.0000000000
1786 -1544.0000000000
1790 -1543.0000000000
1791 -1542.0000000000
1794 -1540.0000000000
1796 -1539.0000000000
1804 -1538.0000000000
1813 -1537.0000000000
1815 -1536.0000000000
1817 -1535.0000000000
1818 -1534.0000000000
1820 -1533.0000000000
1827 -1532.0000000000
1835 -1531.0000000000
1841 -1530.0000000000
1844 -1529.0000000000
1845 -1527.0000000000
1847 -1526.0000000000
1849 -1524.0000000000
1850 -1523.0000000000
1853 -1522.0000000000
1860 -1521.0000000000
1862 -1519.0000000000
1868 -1518.0000000000
1875 -1517.0000000000
1883 -1515.0000000000
1885 -1513.0000000000
1888 -1512.0000000000
1892 -1511.0000000000
1893 -1510.0000000000
1899 -1509.0000000000
1920 -1508.0000000000
1922 -1507.0000000000
1928 -1505.0000000000
1929 -1504.0000000000
1932 -1503.0000000000
1936 -1502.0000000000
1944 -1501.0000000000
1948 -1500.0000000000
1958 -1498.0000000000
1962 -1496.0000000000
1964 -1494.0000000000
1970 -1493.0000000000
1971 -1492.0000000000
1979 -1491.0000000000
1981 -1489.0000000000
1986 -1486.0000000000
1988 -1485.0000000000
1991 -1483.0000000000
1996 -1482.0000000000
2012 -1481.0000000000
2023 -1480.0000000000
2024 -1479.0000000000
2031 -1477.0000000000
2039 -1476.0000000000
2041 -1475.0000000000
2042 -1474.0000000000
2047 -1473.0000000000
2058 -1471.0000000000
2064 -1470.0000000000
2071 -1469.0000000000
2081 -1468.0000000000
2084 -1467.0000000000
2103 -1466.0000000000
2112 -1465.0000000000
2114 -1462.0000000000
2119 -1461.0000000000
2122 -1460.0000000000
2124 -1459.0000000000
2126 -1458.0000000000
2129 -1457.0000000000
2148 -1456.0000000000
2165 -1455.0000000000
2167 -1453.0000000000
2172 -1452.0000000000
2182 -1451.0000000000
2186 -1450.0000000000
2188 -1449.0000000000
2190 -1448.0000000000
2196 -1447.0000000000
2211 -1446.0000000000
2212 -1445.0000000000
2222 -1444.0000000000
2224 -1443.0000000000
2229 -1442.0000000000
2233 -1441.0000000000
2236 -1440.0000000000
2238 -1439.0000000000
2242 -1437.0000000000
2252 -1436.0000000000
2261 -1435.0000000000
2267 -1434.0000000000
2269 -1433.0000000000
2270 -1432.0000000000
2284 -1431.0000000000
2289 -1430.0000000000
2295 -1428.0000000000
2296 -1427.0000000000
2303 -1426.0000000000
2306 -1425.0000000000
2308 -1424.0000000000
2318 -1422.0000000000
2322 -1420.0000000000
2324 -1419.0000000000
2325 -1418.0000000000
2335 -1417.0000000000
2336 -1414.0000000000
2346 -1413.0000000000
2348 -1411.0000000000
2358 -1410.0000000000
2367 -1409.0000000000
2368 -1408.0000000000
2369 -1407.0000000000
2372 -1406.0000000000
2390 -1405.0000000000
2394 -1404.0000000000
2403 -1403.0000000000
2404 -1402.0000000000
2408 -1401.0000000000
2415 -1400.0000000000
2418 -1399.0000000000
2421 -1398.0000000000
2424 -1397.0000000000
2426 -1396.0000000000
2433 -1394.0000000000
2438 -1393.0000000000
2442 -1392.0000000000
2446 -1391.0000000000
2448 -1390.0000000000
2449 -1389.0000000000
2459 -1388.0000000000
2461 -1386.0000000000
2469 -1385.0000000000
2478 -1383.0000000000
2482 -1382.0000000000
2483 -1381.0000000000
2486 -1380.0000000000
2491 -1379.0000000000
2494 -1378.0000000000
2496 -1377.0000000000
2519 -1376.0000000000
2528 -1375.0000000000
2532 -1374.0000000000
2534 -1372.0000000000
2537 -1371.0000000000
2544 -1370.0000000000
2545 -1369.0000000000
2547 -1368.0000000000
2562 -1367.0000000000
2568 -1366.0000000000
2580 -1365.0000000000
2585 -1363.0000000000
2590 -1362.0000000000
2591 -1361.0000000000
2595 -1360.0000000000
2601 -1359.0000000000
2602 -1358.0000000000
2612 -1357.0000000000
2619 -1356.0000000000
2620 -1355.0000000000
2622 -1353.0000000000
2623 -1352.0000000000
2625 -1351.0000000000
2629 -1350.0000000000
2631 -1348.0000000000
2640 -1347.0000000000
2645 -1346.0000000000
2657 -1345.0000000000
2658 -1344.0000000000
2668 -1343.0000000000
2669 -1342.0000000000
2670 -1341.0000000000
2677 -1339.0000000000
2683 -1337.0000000000
2692 -1335.0000000000
2696 -1334.0000000000
2697 -1333.0000000000
2701 -1332.0000000000
2707 -1331.0000000000
2709 -1330.0000000000
2714 -1329.0000000000
2719 -1328.0000000000
2722 -1327.0000000000
2725 -1325.0000000000
2727 -1324.0000000000
2737 -1323.0000000000
2739 -1322.0000000000
2742 -1321.0000000000
2746 -1320.0000000000
2747 -1319.0000000000
2750 -1318.0000000000
2752 -1316.0000000000
2753 -1314.0000000000
2754 -1313.0000000000
2756 -1312.0000000000
2761 -1310.0000000000
2769 -1309.0000000000
2775 -1308.0000000000
2785 -1306.0000000000
2787 -1305.0000000000
2788 -1304.0000000000
2808 -1303.0000000000
2823 -1302.0000000000
2824 -1301.0000000000
2851 -1299.0000000000
2852 -1298.0000000000
2859 -1297.0000000000
2863 -1296.0000000000
2866 -1295.0000000000
2868 -1294.0000000000
2871 -1293.0000000000
2875 -1292.0000000000
2884 -1291.0000000000
2886 -1290.0000000000
2888 -1289.0000000000
2891 -1288.0000000000
2904 -1287.0000000000
2907 -1286.0000000000
2914 -1285.0000000000
2919 -1284.0000000000
2925 -1283.0000000000
2929 -1282.0000000000
2934 -1281.0000000000
2945 -1279.0000000000
2951 -1278.0000000000
2953 -1277.0000000000
2955 -1276.0000000000
2956 -1275.0000000000
2957 -1274.0000000000
2970 -1273.0000000000
2972 -1272.0000000000
2976 -1271.0000000000
2990 -1269.0000000000
2992 -1268.0000000000
2995 -1267.0000000000
2999 -1266.0000000000
3003 -1265.0000000000
3013 -1264.0000000000
3018 -1263.0000000000
3024 -1262.0000000000
3026 -1261.0000000000
3040 -1260.0000000000
3046 -1258.0000000000
3050 -1257.0000000000
3062 -1256.0000000000
3077 -1254.0000000000
3081 -1253.0000000000
3094 -1252.0000000000
3095 -1251.0000000000
3096 -1250.0000000000
3104 -1249.0000000000
3107 -1248.0000000000
3114 -1247.0000000000
3121 -1246.0000000000
3140 -1245.0000000000
3141 -1244.0000000000
3148 -1243.0000000000
3153 -1241.0000000000
3166 -1240.0000000000
3172 -1239.0000000000
3179 -1238.0000000000
3180 -1236.0000000000
3191 -1235.0000000000
3196 -1234.0000000000
3205 -1232.0000000000
3207 -1231.0000000000
3230 -1230.0000000000
3233 -1228.0000000000
3237 -1226.0000000000
3241 -1225.0000000000
3245 -1223.0000000000
3270 -1222.0000000000
3273 -1221.0000000000
3277 -1220.0000000000
3280 -1219.0000000000
3290 -1218.0000000000
3291 -1217.0000000000
3305 -1216.0000000000
3312 -1215.0000000000
3317 -1214.0000000000
3324 -1213.0000000000
3331 -1212.0000000000
3338 -1211.0000000000
3339 -1210.0000000000
3344 -1209.0000000000
3349 -1208.0000000000
3350 -1207.0000000000
3353 -1206.0000000000
3354 -1205.0000000000
3369 -1204.0000000000
3387 -1203.0000000000
3393 -1202.0000000000
3427 -1201.0000000000
3433 -1199.0000000000
3437 -1198.0000000000
3457 -1197.0000000000
3461 -1196.0000000000
3465 -1195.0000000000
3468 -1193.0000000000
3481 -1192.0000000000
3482 -1191.0000000000
3502 -1190.0000000000
3508 -1189.0000000000
3520 -1188.0000000000
3526 -1187.0000000000
3535 -1184.0000000000
3540 -1183.0000000000
3545 -1182.0000000000
3552 -1181.0000000000
3560 -1180.0000000000
3562 -1179.0000000000
3564 -1177.0000000000
3599 -1176.0000000000
3612 -1175.0000000000
3622 -1174.0000000000
3640 -1173.0000000000
3651 -1172.0000000000
3658 -1171.0000000000
3672 -1170.0000000000
3675 -1169.0000000000
3690 -1168.0000000000
3691 -1167.0000000000
3706 -1166.0000000000
3711 -1165.0000000000
3712 -1163.0000000000
3714 -1162.0000000000
3720 -1161.0000000000
3738 -1160.0000000000
3741 -1158.0000000000
3743 -1157.0000000000
3749 -1156.0000000000
3752 -1155.0000000000
3769 -1153.0000000000
3774 -1152.0000000000
3782 -1151.0000000000
3785 -1150.0000000000
3791 -1149.0000000000
3806 -1148.0000000000
3810 -1147.0000000000
3816 -1145.0000000000
3837 -1144.0000000000
3839 -1143.0000000000
3846 -1142.0000000000
3854 -1141.0000000000
3857 -1139.0000000000
3867 -1138.0000000000
3879 -1137.0000000000
3884 -1136.0000000000
3895 -1135.0000000000
3896 -1134.0000000000
3897 -1133.0000000000
3902 -1132.0000000000
3921 -1131.0000000000
3931 -1130.0000000000
3939 -1129.0000000000
3949 -1128.0000000000
3950 -1126.0000000000
3951 -1125.0000000000
3952 -1124.0000000000
3965 -1122.0000000000
3984 -1121.0000000000
3992 -1120.0000000000
3997 -1119.0000000000
4002 -1118.0000000000
4003 -1117.0000000000
4006 -1115.0000000000
4015 -1114.0000000000
4017 -1113.0000000000
4019 -1112.0000000000
4034 -1111.0000000000
4036 -1110.0000000000
4041 -1108.0000000000
4048 -1106.0000000000
4050 -1105.0000000000
4051 -1104.0000000000
4055 -1103.0000000000
4058 -1102.0000000000
4061 -1101.0000000000
4071 -1100.0000000000
4105 -1098.0000000000
4109 -1097.0000000000
4110 -1096.0000000000
4126 -1095.0000000000
4131 -1094.0000000000
4137 -1092.0000000000
4156 -1090.0000000000
4178 -1089.0000000000
4183 -1088.0000000000
4195 -1087.0000000000
4203 -1086.0000000000
4205 -1084.0000000000
4206 -1083.0000000000
4219 -1082.0000000000
4227 -1080.0000000000
4234 -1079.0000000000
4235 -1078.0000000000
4247 -1076.0000000000
4248 -1075.0000000000
4260 -1074.0000000000
4270 -1073.0000000000
4274 -1072.0000000000
4301 -1071.0000000000
4303 -1070.0000000000
4318 -1069.0000000000
4338 -1067.0000000000
4339 -1066.0000000000
4340 -1064.0000000000
4367 -1063.0000000000
4393 -1062.0000000000
4397 -1060.0000000000
4404 -1059.0000000000
4408 -1058.0000000000
4414 -1057.0000000000
4420 -1056.0000000000
4421 -1055.0000000000
4445 -1054.0000000000
4447 -1053.0000000000
4459 -1052.0000000000
4460 -1050.0000000000
4466 -1049.0000000000
4490 -1048.0000000000
4497 -1047.0000000000
4505 -1046.0000000000
4509 -1045.0000000000
4517 -1044.0000000000
4519 -1043.0000000000
4520 -1042.0000000000
4531 -1041.0000000000
4535 -1040.0000000000
4537 -1039.0000000000
4544 -1038.0000000000
4554 -1037.0000000000
4557 -1036.0000000000
4579 -1035.0000000000
4608 -1033.0000000000
4615 -1032.0000000000
4616 -1031.0000000000
4646 -1030.0000000000
4649 -1029.0000000000
4650 -1026.0000000000
4655 -1025.0000000000
4656 -1024.0000000000
4657 -1023.0000000000
4671 -1022.0000000000
4677 -1021.0000000000
4682 -1020.0000000000
4686 -1019.0000000000
4697 -1018.0000000000
4705 -1016.0000000000
4734 -1015.0000000000
4736 -1014.0000000000
4742 -1012.0000000000
4745 -1011.0000000000
4749 -1010.0000000000
4752 -1009.0000000000
4770 -1008.0000000000
4776 -1007.0000000000
4779 -1006.0000000000
4781 -1005.0000000000
4784 -1004.0000000000
4795 -1003.0000000000
4801 -1001.0000000000
4807 -1000.0000000000
4815 -999.0000000000
4817 -998.0000000000
4822 -997.0000000000
4830 -996.0000000000
4838 -994.0000000000
4857 -993.0000000000
4858 -992.0000000000
4866 -991.0000000000
4904 -990.0000000000
4917 -989.0000000000
4924 -988.0000000000
4929 -987.0000000000
4945 -986.0000000000
4946 -985.0000000000
4950 -984.0000000000
4957 -983.0000000000
4969 -982.0000000000
4972 -981.0000000000
4979 -980.0000000000
4982 -979.0000000000
4987 -978.0000000000
4999 -977.0000000000
5004 -976.0000000000
5010 -975.0000000000
5028 -974.0000000000
5033 -973.0000000000
5052 -972.0000000000
5054 -970.0000000000
5068 -969.0000000000
5070 -968.0000000000
5081 -967.0000000000
5125 -965.0000000000
5132 -964.0000000000
5144 -963.0000000000
5150 -962.0000000000
5162 -961.0000000000
5166 -959.0000000000
5193 -958.0000000000
5199 -957.0000000000
5205 -956.0000000000
5223 -955.0000000000
5233 -954.0000000000
5238 -953.0000000000
5261 -952.0000000000
5267 -951.0000000000
5306 -950.0000000000
5325 -949.0000000000
5341 -948.0000000000
5343 -947.0000000000
5353 -946.0000000000
5354 -945.0000000000
5357 -944.0000000000
5373 -943.0000000000
5384 -942.0000000000
5389 -940.0000000000
5391 -939.0000000000
5398 -938.0000000000
5407 -937.0000000000
5408 -936.0000000000
5423 -935.0000000000
5433 -934.0000000000
5445 -932.0000000000
5454 -931.0000000000
5455 -929.0000000000
5460 -928.0000000000
5463 -927.0000000000
5468 -926.0000000000
5487 -925.0000000000
5509 -924.0000000000
5510 -923.0000000000
5511 -922.0000000000
5512 -921.0000000000
5521 -920.0000000000
5539 -919.0000000000
5556 -918.0000000000
5584 -917.0000000000
5585 -916.0000000000
5597 -914.0000000000
5599 -913.0000000000
5602 -912.0000000000
5604 -911.0000000000
5609 -910.0000000000
5623 -909.0000000000
5629 -907.0000000000
5631 -906.0000000000
5637 -904.0000000000
5643 -903.0000000000
5649 -901.0000000000
5656 -900.0000000000
5659 -898.0000000000
5675 -897.0000000000
5682 -896.0000000000
5702 -895.0000000000
5703 -894.0000000000
5714 -893.0000000000
5720 -892.0000000000
5724 -891.0000000000
5726 -890.0000000000
5729 -889.0000000000
5735 -886.0000000000
5748 -885.0000000000
5751 -884.0000000000
5763 -883.0000000000
5787 -882.0000000000
5792 -881.0000000000
5797 -880.0000000000
5806 -879.0000000000
5824 -877.0000000000
5860 -876.0000000000
5876 -875.0000000000
5892 -874.0000000000
5895 -873.0000000000
5901 -872.0000000000
5905 -870.0000000000
5906 -869.0000000000
5923 -868.0000000000
5940 -867.0000000000
5961 -866.0000000000
5964 -865.0000000000
6000 -864.0000000000
6009 -863.0000000000
6011 -862.0000000000
6027 -861.0000000000
6031 -860.0000000000
6035 -859.0000000000
6040 -858.0000000000
6074 -857.0000000000
6093 -856.0000000000
6099 -855.0000000000
6100 -854.0000000000
6106 -853.0000000000
6128 -852.0000000000
6129 -851.0000000000
6134 -850.0000000000
6144 -849.0000000000
6171 -848.0000000000
6177 -847.0000000000
6189 -846.0000000000
6205 -845.0000000000
6217 -843.0000000000
6218 -842.0000000000
6222 -841.0000000000
6244 -840.0000000000
6249 -839.0000000000
6255 -838.0000000000
6263 -837.0000000000
6265 -836.0000000000
6269 -835.0000000000
6276 -834.0000000000
6308 -832.0000000000
6328 -831.0000000000
6339 -830.0000000000
6355 -829.0000000000
6363 -828.0000000000
6388 -827.0000000000
6392 -826.0000000000
6394 -824.0000000000
6396 -823.0000000000
6402 -822.0000000000
6417 -821.0000000000
6423 -820.0000000000
6429 -819.0000000000
6483 -818.0000000000
6503 -817.0000000000
6527 -815.0000000000
6539 -814.0000000000
6546 -813.0000000000
6549 -812.0000000000
6554 -811.0000000000
6561 -810.0000000000
6562 -809.0000000000
6586 -808.0000000000
6590 -807.0000000000
6627 -806.0000000000
6632 -805.0000000000
6638 -804.0000000000
6650 -803.0000000000
6656 -802.0000000000
6674 -801.0000000000
6687 -800.0000000000
6696 -798.0000000000
6744 -797.0000000000
6751 -796.0000000000
6758 -795.0000000000
6768 -794.0000000000
6778 -793.0000000000
6792 -792.0000000000
6800 -791.0000000000
6803 -790.0000000000
6804 -789.0000000000
6817 -788.0000000000
6823 -787.0000000000
6846 -786.0000000000
6847 -785.0000000000
6851 -784.0000000000
6853 -783.0000000000
6862 -782.0000000000
6868 -781.0000000000
6873 -779.0000000000
6874 -778.0000000000
6878 -777.0000000000
6955 -776.0000000000
6963 -775.0000000000
6973 -774.0000000000
6976 -773.0000000000
7015 -772.0000000000
7017 -771.0000000000
7019 -770.0000000000
7025 -769.0000000000
7040 -768.0000000000
7054 -767.0000000000
7065 -766.0000000000
7070 -765.0000000000
7083 -764.0000000000
7088 -763.0000000000
7092 -762.0000000000
7097 -759.0000000000
7103 -757.0000000000
7117 -756.0000000000
7127 -755.0000000000
7130 -754.0000000000
7132 -753.0000000000
7154 -752.0000000000
7155 -751.0000000000
7175 -750.0000000000
7176 -749.0000000000
7180 -748.0000000000
7211 -747.0000000000
7217 -746.0000000000
7279 -745.0000000000
7286 -744.0000000000
7296 -743.0000000000
7316 -742.0000000000
7322 -740.0000000000
7327 -739.0000000000
7346 -738.0000000000
7378 -737.0000000000
7385 -736.0000000000
7398 -735.0000000000
7403 -734.0000000000
7427 -733.0000000000
7431 -732.0000000000
7437 -731.0000000000
7438 -730.0000000000
7461 -729.0000000000
7466 -728.0000000000
7489 -727.0000000000
7501 -726.0000000000
7528 -725.0000000000
7540 -724.0000000000
7542 -723.0000000000
7549 -722.0000000000
7551 -721.0000000000
7573 -720.0000000000
7583 -719.0000000000
7586 -718.0000000000
7594 -717.0000000000
7598 -715.0000000000
7620 -714.0000000000
7627 -713.0000000000
7628 -712.0000000000
7643 -710.0000000000
7656 -709.0000000000
7696 -708.0000000000
7711 -707.0000000000
7746 -706.0000000000
7748 -705.0000000000
7782 -704.0000000000
7792 -703.0000000000
7793 -702.0000000000
7807 -701.0000000000
7829 -700.0000000000
7830 -699.0000000000
7846 -698.0000000000
7849 -697.0000000000
7851 -696.0000000000
7857 -694.0000000000
7863 -693.0000000000
7889 -692.0000000000
7905 -691.0000000000
7914 -690.0000000000
7921 -689.0000000000
7923 -688.0000000000
7945 -687.0000000000
7951 -686.0000000000
7955 -684.0000000000
7967 -683.0000000000
7974 -682.0000000000
7978 -681.0000000000
7988 -680.0000000000
7992 -679.0000000000
8010 -678.0000000000
8017 -677.0000000000
8022 -676.0000000000
8039 -675.0000000000
8050 -674.0000000000
8065 -673.0000000000
8071 -672.0000000000
8075 -671.0000000000
8087 -670.0000000000
8094 -669.0000000000
8116 -668.0000000000
8133 -667.0000000000
8146 -666.0000000000
8158 -665.0000000000
8198 -663.0000000000
8218 -662.0000000000
8219 -661.0000000000
8234 -659.0000000000
8242 -658.0000000000
8245 -657.0000000000
8255 -656.0000000000
8268 -655.0000000000
8280 -654.0000000000
8282 -652.0000000000
8287 -651.0000000000
8288 -650.0000000000
8306 -648.0000000000
8324 -647.0000000000
8334 -646.0000000000
8340 -644.0000000000
8354 -643.0000000000
8357 -642.0000000000
8359 -641.0000000000
8362 -640.0000000000
8365 -639.0000000000
8367 -638.0000000000
8375 -637.0000000000
8465 -636.0000000000
8470 -635.0000000000
8475 -634.0000000000
8493 -633.0000000000
8503 -632.0000000000
8514 -631.0000000000
8527 -630.0000000000
8540 -629.0000000000
8575 -627.0000000000
8603 -626.0000000000
8636 -625.0000000000
8637 -624.0000000000
8653 -623.0000000000
8660 -622.0000000000
8673 -621.0000000000
8683 -620.0000000000
8698 -619.0000000000
8732 -618.0000000000
8744 -617.0000000000
8745 -616.0000000000
8753 -615.0000000000
8762 -614.0000000000
8791 -613.0000000000
8828 -612.0000000000
8860 -611.0000000000
8868 -610.0000000000
8880 -609.0000000000
8894 -608.0000000000
8909 -607.0000000000
8937 -606.0000000000
8952 -605.0000000000
8966 -603.0000000000
8977 -602.0000000000
8998 -601.0000000000
9016 -600.0000000000
9047 -599.0000000000
9052 -598.0000000000
9064 -597.0000000000
9100 -596.0000000000
9102 -595.0000000000
9119 -594.0000000000
9144 -593.0000000000
9161 -592.0000000000
9196 -591.0000000000
9211 -590.0000000000
9228 -589.0000000000
9229 -588.0000000000
9256 -587.0000000000
9267 -586.0000000000
9268 -585.0000000000
9271 -584.0000000000
9287 -583.0000000000
9303 -582.0000000000
9383 -581.0000000000
9427 -580.0000000000
9445 -579.0000000000
9466 -578.0000000000
9476 -577.0000000000
9494 -576.0000000000
9496 -575.0000000000
9498 -574.0000000000
9513 -573.0000000000
9544 -572.0000000000
9582 -571.0000000000
9588 -570.0000000000
9603 -568.0000000000
9608 -567.0000000000
9616 -566.0000000000
9625 -565.0000000000
9638 -564.0000000000
9647 -563.0000000000
9754 -562.0000000000
9763 -560.0000000000
9785 -559.0000000000
9791 -558.0000000000
9796 -557.0000000000
9807 -556.0000000000
9852 -555.0000000000
9857 -554.0000000000
9863 -553.0000000000
9904 -552.0000000000
9907 -551.0000000000
9910 -550.0000000000
9919 -548.0000000000
9933 -547.0000000000
9934 -546.0000000000
9947 -545.0000000000
9965 -544.0000000000
9990 -543.0000000000
9992 -542.0000000000
10000 -542.0000000000
evaluations raw_y
1 -2032.0000000000
2 -2031.0000000000
5 -2030.0000000000
19 -2029.0000000000
27 -2028.0000000000
28 -2027.0000000000
30 -2025.0000000000
40 -2024.0000000000
41 -2023.0000000000
44 -2022.0000000000
51 -2020.0000000000
56 -2019.0000000000
62 -2018.0000000000
65 -2017.0000000000
68 -2014.0000000000
69 -2013.0000000000
81 -2012.0000000000
82 -2011.0000000000
83 -2009.0000000000
86 -2008.0000000000
88 -2006.0000000000
89 -2005.0000000000
94 -2004.0000000000
95 -2002.0000000000
96 -2001.0000000000
97 -2000.0000000000
110 -1999.0000000000
112 -1998.0000000000
118 -1996.0000000000
122 -1995.0000000000
129 -1994.0000000000
130 -1993.0000000000
132 -1992.0000000000
136 -1991.0000000000
138 -1990.0000000000
139 -1988.0000000000
144 -1987.0000000000
154 -1986.0000000000
165 -1985.0000000000
166 -1984.0000000000
170 -1983.0000000000
174 -1982.0000000000
176 -1980.0000000000
177 -1979.0000000000
181 -1978.0000000000
183 -1976.0000000000
190 -1975.0000000000
191 -1974.0000000000
193 -1973.0000000000
199 -1971.0000000000
212 -1970.0000000000
213 -1969.0000000000
216 -1968.0000000000
218 -1967.0000000000
225 -1965.0000000000
228 -1963.0000000000
235 -1962.0000000000
244 -1961.0000000000
249 -1960.0000000000
252 -1959.0000000000
253 -1958.0000000000
254 -1957.0000000000
257 -1956.0000000000
260 -1954.0000000000
265 -1953.0000000000
269 -1952.0000000000
281 -1951.0000000000
283 -1950.0000000000
289 -1948.0000000000
293 -1947.0000000000
297 -1946.0000000000
301 -1944.0000000000
304 -1943.0000000000
305 -1942.0000000000
312 -1941.0000000000
318 -1939.0000000000
320 -1938.0000000000
322 -1937.0000000000
323 -1936.0000000000
324 -1935.0000000000
328 -1934.0000000000
329 -1933.0000000000
330 -1932.0000000000
337 -1931.0000000000
340 -1930.0000000000
344 -1929.0000000000
345 -1928.0000000000
363 -1926.0000000000
372 -1925.0000000000
377 -1924.0000000000
379 -1923.0000000000
381 -1922.0000000000
383 -1921.0000000000
386 -1920.0000000000
398 -1919.0000000000
399 -1918.0000000000
402 -1917.0000000000
403 -1916.0000000000
405 -1914.0000000000
406 -1913.0000000000
411 -1911.0000000000
417 -1910.0000000000
422 -1909.0000000000
423 -1907.0000000000
427 -1906.0000000000
428 -1905.0000000000
430 -1904.0000000000
438 -1903.0000000000
440 -1902.0000000000
442 -1901.0000000000
446 -1900.0000000000
448 -1899.0000000000
454 -1898.0000000000
457 -1896.0000000000
458 -1895.0000000000
460 -1893.0000000000
463 -1892.0000000000
464 -1890.0000000000
471 -1889.0000000000
477 -1888.0000000000
478 -1887.0000000000
482 -1886.0000000000
486 -1884.0000000000
487 -1881.0000000000
490 -1880.0000000000
507 -1879.0000000000
509 -1878.0000000000
515 -1877.0000000000
520 -1876.0000000000
521 -1875.0000000000
527 -1874.0000000000
529 -1873.0000000000
532 -1872.0000000000
535 -1871.0000000000
538 -1870.0000000000
540 -1869.0000000000
542 -1867.0000000000
543 -1866.0000000000
545 -1865.0000000000
549 -1864.0000000000
553 -1863.0000000000
562 -1862.0000000000
563 -1860.0000000000
566 -1859.0000000000
567 -1858.0000000000
576 -1856.0000000000
580 -1855.0000000000
581 -1854.0000000000
586 -1853.0000000000
588 -1852.0000000000
593 -1851.0000000000
594 -1850.0000000000
596 -1849.0000000000
611 -1846.0000000000
616 -1844.0000000000
627 -1842.0000000000
629 -1841.0000000000
638 -1840.0000000000
651 -1839.0000000000
652 -1837.0000000000
662 -1836.0000000000
669 -1834.0000000000
675 -1833.0000000000
676 -1832.0000000000
679 -1831.0000000000
682 -1830.0000000000
687 -1829.0000000000
689 -1828.0000000000
695 -1827.0000000000
697 -1826.0000000000
700 -1824.0000000000
708 -1823.0000000000
717 -1822.0000000000
719 -1821.0000000000
722 -1820.0000000000
727 -1819.0000000000
728 -1818.0000000000
729 -1815.0000000000
734 -1814.0000000000
738 -1813.0000000000
740 -1811.0000000000
741 -1810.0000000000
743 -1809.0000000000
747 -1808.0000000000
748 -1807.0000000000
751 -1806.0000000000
752 -1805.0000000000
753 -1804.0000000000
769 -1803.0000000000
776 -1802.0000000000
777 -1801.0000000000
778 -1800.0000000000
784 -1798.0000000000
785 -1797.0000000000
787 -1796.0000000000
788 -1794.0000000000
793 -1792.0000000000
803 -1791.0000000000
808 -1789.0000000000
815 -1788.0000000000
819 -1787.0000000000
822 -1786.0000000000
825 -1784.0000000000
826 -1783.0000000000
827 -1782.0000000000
832 -1781.0000000000
839 -1780.0000000000
844 -1779.0000000000
846 -1778.0000000000
854 -1777.0000000000
857 -1776.0000000000
858 -1774.0000000000
863 -1773.0000000000
865 -1772.0000000000
868 -1770.0000000000
871 -1769.0000000000
884 -1767.0000000000
886 -1766.0000000000
887 -1765.0000000000
888 -1763.0000000000
890 -1761.0000000000
897 -1760.0000000000
898 -1759.0000000000
901 -1758.0000000000
906 -1756.0000000000
907 -1755.0000000000
908 -1753.0000000000
910 -1751.0000000000
926 -1749.0000000000
928 -1748.0000000000
930 -1747.0000000000
933 -1746.0000000000
941 -1745.0000000000
944 -1744.0000000000
947 -1743.0000000000
962 -1742.0000000000
966 -1741.0000000000
971 -1740.0000000000
973 -1739.0000000000
974 -1738.0000000000
978 -1737.0000000000
982 -1736.0000000000
984 -1735.0000000000
997 -1734.0000000000
1002 -1733.0000000000
1012 -1732.0000000000
1021 -1730.0000000000
1028 -1729.0000000000
1031 -1727.0000000000
1032 -1726.0000000000
1033 -1721.0000000000
1035 -1720.0000000000
1036 -1719.0000000000
1037 -1718.0000000000
1039 -1715.0000000000
1043 -1713.0000000000
1044 -1712.0000000000
1046 -1710.0000000000
1047 -1709.0000000000
1048 -1708.0000000000
1057 -1707.0000000000
1067 -1706.0000000000
1070 -1704.0000000000
1074 -1702.0000000000
1080 -1701.0000000000
1086 -1700.0000000000
1095 -1698.0000000000
1099 -1696.0000000000
1106 -1695.0000000000
1114 -1694.0000000000
1115 -1693.0000000000
1119 -1692.0000000000
1121 -1691.0000000000
1126 -1689.0000000000
1127 -1688.0000000000
1138 -1687.0000000000
1141 -1686.0000000000
1146 -1684.0000000000
1147 -1683.0000000000
1150 -1681.0000000000
1151 -1680.0000000000
1153 -1679.0000000000
1156 -1678.0000000000
1157 -1677.0000000000
1158 -1676.0000000000
1186 -1674.0000000000
1189 -1673.0000000000
1200 -1671.0000000000
1203 -1669.0000000000
1204 -1668.0000000000
1206 -1667.0000000000
1208 -1663.0000000000
1210 -1662.0000000000
1214 -1661.0000000000
1218 -1659.0000000000
1226 -1658.0000000000
1243 -1657.0000000000
1245 -1656.0000000000
1246 -1655.0000000000
1249 -1654.0000000000
1252 -1653.0000000000
1259 -1652.0000000000
1262 -1650.0000000000
1266 -1649.0000000000
1279 -1648.0000000000
1280 -1647.0000000000
1294 -1645.0000000000
1296 -1644.0000000000
1308 -1643.0000000000
1319 -1641.0000000000
1320 -1640.0000000000
1326 -1639.0000000000
1329 -1635.0000000000
1330 -1634.0000000000
1331 -1633.0000000000
1337 -1631.0000000000
1339 -1630.0000000000
1343 -1629.0000000000
1346 -1628.0000000000
1353 -1627.0000000000
1367 -1626.0000000000
1368 -1625.0000000000
1375 -1623.0000000000
1379 -1621.0000000000
1381 -1620.0000000000
1384 -1619.0000000000
1388 -1618.0000000000
1389 -1617.0000000000
1390 -1616.0000000000
1403 -1614.0000000000
1405 -1613.0000000000
1410 -1612.0000000000
1412 -1611.0000000000
1421 -1610.0000000000
1429 -1609.0000000000
1438 -1607.0000000000
1441 -1606.0000000000
1451 -1604.0000000000
1453 -1603.0000000000
1458 -1601.0000000000
1460 -1600.0000000000
1469 -1598.0000000000
1472 -1597.0000000000
1474 -1596.0000000000
1475 -1595.0000000000
1476 -1594.0000000000
1482 -1593.0000000000
1486 -1592.0000000000
1487 -1589.0000000000
1498 -1588.0000000000
1507 -1587.0000000000
1523 -1586.0000000000
1525 -1585.0000000000
1529 -1584.0000000000
1530 -1583.0000000000
1531 -1582.0000000000
1533 -1580.0000000000
1537 -1579.0000000000
1538 -1578.0000000000
1551 -1577.0000000000
1556 -1576.0000000000
1559 -1574.0000000000
1560 -1572.0000000000
1568 -1571.0000000000
1584 -1570.0000000000
1589 -1569.0000000000
1610 -1568.0000000000
1617 -1567.0000000000
1626 -1566.0000000000
1631 -1565.0000000000
1636 -1562.0000000000
1644 -1561.0000000000
1678 -1560.0000000000
1683 -1559.0000000000
1684 -1558.0000000000
1687 -1557.0000000000
1698 -1556.0000000000
1700 -1555.0000000000
1714 -1554.0000000000
1716 -1552.0000000000
1723 -1551.0000000000
1727 -1550.0000000000
1735 -1549.0000000000
1737 -1548.0000000000
1742 -1547.0000000000
1746 -1546.0000000000
1756 -1545.0000000000
1766 -1544.0000000000
1768 -1543.0000000000
1772 -1542.0000000000
1775 -1539.0000000000
1779 -1538.0000000000
1780 -1537.0000000000
1781 -1536.0000000000
1785 -1535.0000000000
1795 -1534.0000000000
1803 -1533.0000000000
1808 -1532.0000000000
1821 -1531.0000000000
1830 -1530.0000000000
1837 -1529.0000000000
1849 -1528.0000000000
1850 -1527.0000000000
1851 -1526.0000000000
1859 -1525.0000000000
1860 -1524.0000000000
1874 -1523.0000000000
1875 -1522.0000000000
1878 -1521.0000000000
1885 -1520.0000000000
1887 -1519.0000000000
1900 -1518.0000000000
1907 -1517.0000000000
1910 -1515.0000000000
1917 -1514.0000000000
1919 -1513.0000000000
1935 -1512.0000000000
1939 -1509.0000000000
1946 -1508.0000000000
1964 -1506.0000000000
1980 -1505.0000000000
1985 -1503.0000000000
1989 -1501.0000000000
1991 -1498.0000000000
1995 -1496.0000000000
2002 -1495.0000000000
2017 -1494.0000000000
2019 -1492.0000000000
2020 -1491.0000000000
2025 -1490.0000000000
2028 -1489.0000000000
2035 -1488.0000000000
2036 -1487.0000000000
2037 -1486.0000000000
2043 -1484.0000000000
2046 -1482.0000000000
2051 -1481.0000000000
2053 -1479.0000000000
2058 -1478.0000000000
2073 -1477.0000000000
2074 -1475.0000000000
2075 -1474.0000000000
2097 -1473.0000000000
2102 -1471.0000000000
2103 -1470.0000000000
2107 -1469.0000000000
2114 -1468.0000000000
2136 -1467.0000000000
2143 -1466.0000000000
2148 -1465.0000000000
2157 -1464.0000000000
2160 -1463.0000000000
2163 -1461.0000000000
2174 -1460.0000000000
2176 -1459.0000000000
2191 -1458.0000000000
2192 -1457.0000000000
2199 -1456.0000000000
2202 -1455.0000000000
2204 -1454.0000000000
2210 -1453.0000000000
2213 -1452.0000000000
2228 -1451.0000000000
2235 -1450.0000000000
2256 -1449.0000000000
2261 -1447.0000000000
2265 -1446.0000000000
2266 -1445.0000000000
2271 -1444.0000000000
2280 -1443.0000000000
2285 -1442.0000000000
2287 -1441.0000000000
2288 -1440.0000000000
2289 -1439.0000000000
2293 -1438.0000000000
2297 -1437.0000000000
2307 -1436.0000000000
2318 -1435.0000000000
2320 -1434.0000000000
2328 -1433.0000000000
2344 -1432.0000000000
2349 -1431.0000000000
2376 -1430.0000000000
2384 -1429.0000000000
2402 -1428.0000000000
2405 -1427.0000000000
2412 -1426.0000000000
2414 -1425.0000000000
2416 -1424.0000000000
2418 -1423.0000000000
2424 -1422.0000000000
2431 -1421.0000000000
2437 -1420.0000000000
2440 -1419.0000000000
2443 -1418.0000000000
2448 -1417.0000000000
2454 -1416.0000000000
2455 -1415.0000000000
2460 -1413.0000000000
2468 -1411.0000000000
2473 -1410.0000000000
2479 -1409.0000000000
2485 -1408.0000000000
2492 -1405.0000000000
2503 -1404.0000000000
2506 -1403.0000000000
2513 -1401.0000000000
2517 -1400.0000000000
2531 -1399.0000000000
2534 -1397.0000000000
2540 -1396.0000000000
2542 -1395.0000000000
2545 -1394.0000000000
2547 -1393.0000000000
2548 -1392.0000000000
2549 -1391.0000000000
2550 -1390.0000000000
2554 -1389.0000000000
2562 -1388.0000000000
2568 -1387.0000000000
2576 -1386.0000000000
2584 -1384.0000000000
2586 -1382.0000000000
2587 -1380.0000000000
2597 -1379.0000000000
2604 -1378.0000000000
2610 -1377.0000000000
2619 -1376.0000000000
2628 -1374.0000000000
2629 -1373.0000000000
2630 -1372.0000000000
2642 -1371.0000000000
2643 -1370.0000000000
2646 -1369.0000000000
2650 -1368.0000000000
2653 -1367.0000000000
2659 -1366.0000000000
2660 -1365.0000000000
2663 -1364.0000000000
2675 -1363.0000000000
2688 -1362.0000000000
2696 -1361.0000000000
2701 -1360.0000000000
2707 -1359.0000000000
2708 -1358.0000000000
2713 -1357.0000000000
2724 -1355.0000000000
2726 -1353.0000000000
2738 -1352.0000000000
2744 -1351.0000000000
2752 -1350.0000000000
2756 -1349.0000000000
2759 -1348.0000000000
2764 -1345.0000000000
2766 -1344.0000000000
2770 -1343.0000000000
2779 -1341.0000000000
2785 -1340.0000000000
2789 -1339.0000000000
2793 -1338.0000000000
2804 -1337.0000000000
2812 -1336.0000000000
2819 -1335.0000000000
2828 -1334.0000000000
2835 -1333.0000000000
2836 -1332.0000000000
2841 -1331.0000000000
2849 -1330.0000000000
2851 -1328.0000000000
2852 -1327.0000000000
2863 -1326.0000000000
2864 -1325.0000000000
2886 -1324.0000000000
2892 -1323.0000000000
2894 -1322.0000000000
2898 -1321.0000000000
2905 -1319.0000000000
2908 -1318.0000000000
2924 -1317.0000000000
2932 -1316.0000000000
2947 -1315.0000000000
2950 -1314.0000000000
2960 -1312.0000000000
2963 -1311.0000000000
2972 -1310.0000000000
2973 -1309.0000000000
2983 -1308.0000000000
2998 -1307.0000000000
3006 -1306.0000000000
3011 -1305.0000000000
3013 -1303.0000000000
3016 -1302.0000000000
3019 -1301.0000000000
3024 -1300.0000000000
3036 -1299.0000000000
3042 -1298.0000000000
3051 -1297.0000000000
3056 -1296.0000000000
3073 -1295.0000000000
3075 -1294.0000000000
3078 -1293.0000000000
3085 -1291.0000000000
3088 -1290.0000000000
3096 -1288.0000000000
3097 -1287.0000000000
3104 -1286.0000000000
3107 -1285.0000000000
3108 -1284.0000000000
3115 -1283.0000000000
3120 -1282.0000000000
3146 -1281.0000000000
3159 -1280.0000000000
3161 -1278.0000000000
3162 -1277.0000000000
3168 -1276.0000000000
3176 -1275.0000000000
3182 -1274.0000000000
3184 -1273.0000000000
3185 -1272.0000000000
3190 -1271.0000000000
3191 -1270.0000000000
3192 -1269.0000000000
3220 -1267.0000000000
3233 -1266.0000000000
3251 -1265.0000000000
3265 -1264.0000000000
3268 -1262.0000000000
3276 -1261.0000000000
3277 -1260.0000000000
3281 -1259.0000000000
3284 -1257.0000000000
3294 -1256.0000000000
3295 -1255.0000000000
3304 -1254.0000000000
3308 -1253.0000000000
3316 -1252.0000000000
3321 -1251.0000000000
3326 -1250.0000000000
3333 -1249.0000000000
3337 -1248.0000000000
3339 -1247.0000000000
3342 -1246.0000000000
3355 -1245.0000000000
3378 -1244.0000000000
3391 -1243.0000000000
3409 -1242.0000000000
3416 -1241.0000000000
3421 -1240.0000000000
3430 -1238.0000000000
3449 -1237.0000000000
3457 -1236.0000000000
3461 -1235.0000000000
3462 -1234.0000000000
3465 -1233.0000000000
3467 -1232.0000000000
3474 -1231.0000000000
3477 -1230.0000000000
3483 -1229.0000000000
3487 -1228.0000000000
3508 -1227.0000000000
3526 -1226.0000000000
3530 -1225.0000000000
3532 -1224.0000000000
3534 -1222.0000000000
3544 -1220.0000000000
3546 -1219.0000000000
3548 -1218.0000000000
3550 -1217.0000000000
3570 -1216.0000000000
3571 -1215.0000000000
3575 -1214.0000000000
3583 -1213.0000000000
3597 -1212.0000000000
3607 -1211.0000000000
3617 -1209.0000000000
3620 -1208.0000000000
3622 -1207.0000000000
3660 -1206.0000000000
3661 -1205.0000000000
3665 -1203.0000000000
3676 -1202.0000000000
3681 -1201.0000000000
3690 -1200.0000000000
3700 -1199.0000000000
3705 -1198.0000000000
3708 -1197.0000000000
3722 -1196.0000000000
3723 -1195.0000000000
3738 -1194.0000000000
3755 -1193.0000000000
3764 -1192.0000000000
3770 -1190.0000000000
3778 -1189.0000000000
3785 -1188.0000000000
3788 -1187.0000000000
3807 -1186.0000000000
3834 -1185.0000000000
3841 -1184.0000000000
3855 -1183.0000000000
3876 -1182.0000000000
3878 -1181.0000000000
3898 -1180.0000000000
3904 -1178.0000000000
3911 -1177.0000000000
3915 -1176.0000000000
3919 -1175.0000000000
3925 -1174.0000000000
3935 -1173.0000000000
3948 -1171.0000000000
3951 -1170.0000000000
3956 -1168.0000000000
3965 -1167.0000000000
3974 -1165.0000000000
3977 -1164.0000000000
4002 -1163.0000000000
4003 -1162.0000000000
4008 -1161.0000000000
4036 -1160.0000000000
4040 -1159.0000000000
4053 -1158.0000000000
4058 -1157.0000000000
4067 -1156.0000000000
4069 -1155.0000000000
4073 -1154.0000000000
4074 -1153.0000000000
4087 -1152.0000000000
4093 -1149.0000000000
4110 -1148.0000000000
4112 -1147.0000000000
4116 -1146.0000000000
4118 -1145.0000000000
4119 -1144.0000000000
4135 -1142.0000000000
4144 -1140.0000000000
4151 -1139.0000000000
4160 -1138.0000000000
4163 -1137.0000000000
4168 -1136.0000000000
4169 -1135.0000000000
4183 -1134.0000000000
4185 -1133.0000000000
4186 -1132.0000000000
4191 -1131.0000000000
4203 -1130.0000000000
4236 -1129.0000000000
4246 -1128.0000000000
4250 -1127.0000000000
4256 -1126.0000000000
4266 -1125.0000000000
4286 -1124.0000000000
4295 -1123.0000000000
4303 -1122.0000000000
4338 -1121.0000000000
4343 -1120.0000000000
4348 -1119.0000000000
4351 -1117.0000000000
4357 -1116.0000000000
4374 -1114.0000000000
4383 -1113.0000000000
4387 -1112.0000000000
4434 -1110.0000000000
4444 -1109.0000000000
4446 -1108.0000000000
4448 -1107.0000000000
4459 -1105.0000000000
4464 -1104.0000000000
4475 -1103.0000000000
4485 -1102.0000000000
4497 -1101.0000000000
4504 -1100.0000000000
4518 -1099.0000000000
4524 -1098.0000000000
4525 -1097.0000000000
4534 -1096.0000000000
4538 -1095.0000000000
4540 -1094.0000000000
4543 -1093.0000000000
4553 -1092.0000000000
4558 -1091.0000000000
4559 -1090.0000000000
4560 -1088.0000000000
4563 -1087.0000000000
4564 -1086.0000000000
4572 -1085.0000000000
4605 -1084.0000000000
4606 -1082.0000000000
4608 -1081.0000000000
4615 -1080.0000000000
4621 -1079.0000000000
4654 -1078.0000000000
4660 -1077.0000000000
4664 -1076.0000000000
4665 -1075.0000000000
4683 -1074.0000000000
4684 -1072.0000000000
4689 -1071.0000000000
4698 -1068.0000000000
4699 -1067.0000000000
4704 -1066.0000000000
4708 -1065.0000000000
4718 -1063.0000000000
4725 -1062.0000000000
4726 -1061.0000000000
4731 -1060.0000000000
4750 -1059.0000000000
4761 -1058.0000000000
4767 -1057.0000000000
4771 -1056.0000000000
4786 -1055.0000000000
4787 -1053.0000000000
4791 -1051.0000000000
4794 -1050.0000000000
4796 -1049.0000000000
4797 -1048.0000000000
4798 -1047.0000000000
4812 -1046.0000000000
4832 -1044.0000000000
4843 -1043.0000000000
4852 -1042.0000000000
4858 -1041.0000000000
4863 -1040.0000000000
4868 -1039.0000000000
4880 -1036.0000000000
4882 -1035.0000000000
4892 -1034.0000000000
4908 -1033.0000000000
4910 -1032.0000000000
4928 -1031.0000000000
4950 -1030.0000000000
4951 -1029.0000000000
4953 -1027.0000000000
4966 -1026.0000000000
4971 -1025.0000000000
4984 -1024.0000000000
4985 -1023.0000000000
4996 -1021.0000000000
5001 -1020.0000000000
5010 -1018.0000000000
5016 -1017.0000000000
5022 -1016.0000000000
5048 -1015.0000000000
5051 -1014.0000000000
5059 -1013.0000000000
5060 -1012.0000000000
5063 -1011.0000000000
5064 -1010.0000000000
5065 -1009.0000000000
5072 -1008.0000000000
5089 -1006.0000000000
5095 -1005.0000000000
5096 -1004.0000000000
5110 -1003.0000000000
5128 -1002.0000000000
5130 -1000.0000000000
5137 -999.0000000000
5148 -998.0000000000
5158 -997.0000000000
5181 -996.0000000000
5192 -994.0000000000
5200 -993.0000000000
5213 -992.0000000000
5221 -990.0000000000
5222 -989.0000000000
5240 -988.0000000000
5245 -987.0000000000
5248 -986.0000000000
5256 -984.0000000000
5258 -983.0000000000
5261 -982.0000000000
5270 -981.0000000000
5271 -980.0000000000
5283 -979.0000000000
5294 -978.0000000000
5320 -977.0000000000
5321 -976.0000000000
5326 -975.0000000000
5327 -974.0000000000
5328 -973.0000000000
5338 -971.0000000000
5344 -970.0000000000
5346 -969.0000000000
5349 -968.0000000000
5351 -966.0000000000
5353 -965.0000000000
5368 -964.0000000000
5372 -963.0000000000
5386 -961.0000000000
5388 -960.0000000000
5397 -959.0000000000
5401 -958.0000000000
5416 -957.0000000000
5423 -956.0000000000
5435 -955.0000000000
5440 -954.0000000000
5449 -953.0000000000
5451 -952.0000000000
5452 -951.0000000000
5456 -950.0000000000
5479 -949.0000000000
5493 -948.0000000000
5508 -947.0000000000
5513 -946.0000000000
5515 -945.0000000000
5530 -944.0000000000
5533 -943.0000000000
5538 -941.0000000000
5539 -940.0000000000
5543 -939.0000000000
5562 -938.0000000000
5571 -937.0000000000
5586 -936.0000000000
5591 -935.0000000000
5596 -934.0000000000
5599 -933.0000000000
5612 -932.0000000000
5613 -931.0000000000
5625 -930.0000000000
5632 -929.0000000000
5682 -928.0000000000
5690 -926.0000000000
5694 -925.0000000000
5702 -924.0000000000
5707 -923.0000000000
5713 -922.0000000000
5716 -921.0000000000
5722 -920.0000000000
5727 -919.0000000000
5729 -918.0000000000
5744 -917.0000000000
5761 -916.0000000000
5770 -915.0000000000
5777 -913.0000000000
5778 -912.0000000000
5779 -911.0000000000
5781 -909.0000000000
5783 -908.0000000000
5810 -907.0000000000
5836 -905.0000000000
5844 -904.0000000000
5861 -903.0000000000
5862 -902.0000000000
5869 -900.0000000000
5872 -899.0000000000
5879 -898.0000000000
5880 -896.0000000000
5883 -895.0000000000
5888 -894.0000000000
5891 -893.0000000000
5898 -892.0000000000
5900 -891.0000000000
5933 -890.0000000000
5935 -889.0000000000
5988 -888.0000000000
5990 -887.0000000000
6008 -886.0000000000
6015 -885.0000000000
6022 -884.0000000000
6026 -883.0000000000
6034 -882.0000000000
6043 -881.0000000000
6063 -880.0000000000
6071 -877.0000000000
6114 -875.0000000000
6130 -874.0000000000
6141 -873.0000000000
6145 -872.0000000000
6154 -871.0000000000
6169 -870.0000000000
6171 -869.0000000000
6176 -868.0000000000
6186 -867.0000000000
6199 -866.0000000000
6202 -865.0000000000
6205 -864.0000000000
6219 -863.0000000000
6229 -862.0000000000
6241 -861.0000000000
6255 -860.0000000000
6274 -859.0000000000
6281 -858.0000000000
6294 -857.0000000000
6311 -856.0000000000
6332 -855.0000000000
6336 -854.0000000000
6343 -853.0000000000
6347 -852.0000000000
6350 -851.0000000000
6355 -850.0000000000
6357 -849.0000000000
6374 -848.0000000000
6375 -846.0000000000
6384 -845.0000000000
6390 -844.0000000000
6404 -843.0000000000
6408 -842.0000000000
6412 -841.0000000000
6422 -840.0000000000
6423 -839.0000000000
6434 -838.0000000000
6441 -836.0000000000
6448 -835.0000000000
6450 -834.0000000000
6453 -833.0000000000
6472 -832.0000000000
6480 -831.0000000000
6500 -830.0000000000
6507 -829.0000000000
6508 -828.0000000000
6511 -827.0000000000
6525 -826.0000000000
6526 -825.0000000000
6531 -824.0000000000
6532 -823.0000000000
6554 -822.0000000000
6563 -821.0000000000
6575 -820.0000000000
6578 -819.0000000000
6589 -818.0000000000
6598 -817.0000000000
6608 -815.0000000000
6618 -814.0000000000
6629 -813.0000000000
6635 -812.0000000000
6638 -811.0000000000
6641 -810.0000000000
6647 -808.0000000000
6682 -807.0000000000
6690 -806.0000000000
6699 -805.0000000000
6701 -803.0000000000
6713 -802.0000000000
6746 -801.0000000000
6755 -799.0000000000
6777 -798.0000000000
6779 -797.0000000000
6788 -796.0000000000
6814 -795.0000000000
6818 -794.0000000000
6834 -793.0000000000
6835 -792.0000000000
6849 -791.0000000000
6858 -790.0000000000
6864 -789.0000000000
6915 -788.0000000000
6934 -787.0000000000
6952 -786.0000000000
6955 -785.0000000000
6956 -784.0000000000
6964 -783.0000000000
6977 -782.0000000000
6980 -781.0000000000
6992 -780.0000000000
7009 -779.0000000000
7021 -777.0000000000
7026 -776.0000000000
7035 -775.0000000000
7040 -773.0000000000
7051 -772.0000000000
7056 -771.0000000000
7070 -770.0000000000
7098 -769.0000000000
7139 -766.0000000000
7144 -765.0000000000
7175 -764.0000000000
7180 -763.0000000000
7186 -761.0000000000
7193 -760.0000000000
7218 -759.0000000000
7220 -758.0000000000
7241 -757.0000000000
7249 -756.0000000000
7262 -755.0000000000
7265 -754.0000000000
7319 -753.0000000000
7325 -752.0000000000
7344 -751.0000000000
7347 -749.0000000000
7353 -747.0000000000
7357 -746.0000000000
7376 -745.0000000000
7377 -744.0000000000
7380 -743.0000000000
7384 -741.0000000000
7389 -740.0000000000
7391 -739.0000000000
7392 -738.0000000000
7394 -737.0000000000
7399 -736.0000000000
7408 -735.0000000000
7417 -734.0000000000
7426 -733.0000000000
7433 -732.0000000000
7475 -731.0000000000
7516 -730.0000000000
7519 -729.0000000000
7523 -728.0000000000
7529 -727.0000000000
7561 -726.0000000000
7581 -725.0000000000
7592 -724.0000000000
7636 -723.0000000000
7647 -722.0000000000
7649 -721.0000000000
7651 -720.0000000000
7660 -719.0000000000
7674 -718.0000000000
7695 -717.0000000000
7710 -716.0000000000
7713 -714.0000000000
7720 -713.0000000000
7721 -712.0000000000
7725 -711.0000000000
7731 -710.0000000000
7737 -709.0000000000
7744 -708.0000000000
7745 -707.0000000000
7746 -706.0000000000
7747 -705.0000000000
7760 -704.0000000000
7765 -703.0000000000
7775 -702.0000000000
7776 -701.0000000000
7778 -700.0000000000
7791 -699.0000000000
7799 -698.0000000000
7806 -697.0000000000
7815 -696.0000000000
7817 -695.0000000000
7832 -694.0000000000
7835 -693.0000000000
7861 -692.0000000000
7865 -691.0000000000
7888 -690.0000000000
7902 -689.0000000000
7915 -688.0000000000
7928 -687.0000000000
7957 -686.0000000000
7981 -685.0000000000
7990 -684.0000000000
8008 -683.0000000000
8032 -682.0000000000
8041 -681.0000000000
8055 -680.0000000000
8073 -679.0000000000
8074 -678.0000000000
8101 -676.0000000000
8120 -675.0000000000
8125 -674.0000000000
8131 -673.0000000000
8144 -672.0000000000
8186 -671.0000000000
8197 -670.0000000000
8213 -669.0000000000
8240 -668.0000000000
8289 -667.0000000000
8290 -666.0000000000
8292 -665.0000000000
8315 -664.0000000000
8346 -663.0000000000
8366 -662.0000000000
8375 -661.0000000000
8382 -660.0000000000
8393 -659.0000000000
8408 -658.0000000000
8432 -657.0000000000
8456 -656.0000000000
8475 -655.0000000000
8479 -654.0000000000
8488 -653.0000000000
8519 -652.0000000000
8523 -651.0000000000
8535 -650.0000000000
8542 -649.0000000000
8563 -648.0000000000
8567 -647.0000000000
8596 -646.0000000000
8604 -645.0000000000
8609 -644.0000000000
8619 -643.0000000000
8621 -642.0000000000
8639 -641.0000000000
8647 -640.0000000000
8650 -639.0000000000
8660 -638.0000000000
8678 -637.0000000000
8680 -636.0000000000
8704 -635.0000000000
8706 -634.0000000000
8709 -633.0000000000
8723 -632.0000000000
8730 -631.0000000000
8739 -630.0000000000
8755 -629.0000000000
8773 -628.0000000000
8774 -627.0000000000
8793 -626.0000000000
8804 -625.0000000000
8825 -624.0000000000
8849 -623.0000000000
8865 -621.0000000000
8869 -620.0000000000
8908 -619.0000000000
8912 -618.0000000000
8928 -617.0000000000
8940 -616.0000000000
8942 -615.0000000000
8960 -614.0000000000
8965 -612.0000000000
8973 -611.0000000000
8978 -610.0000000000
9043 -609.0000000000
9063 -608.0000000000
9086 -607.0000000000
9119 -606.0000000000
9131 -605.0000000000
9142 -604.0000000000
9146 -603.0000000000
9185 -602.0000000000
9193 -601.0000000000
9199 -600.0000000000
9205 -599.0000000000
9222 -598.0000000000
9236 -597.0000000000
9239 -596.0000000000
9241 -595.0000000000
9249 -594.0000000000
9250 -593.0000000000
9286 -592.0000000000
9314 -591.0000000000
9323 -590.0000000000
9337 -588.0000000000
9359 -587.0000000000
9364 -586.0000000000
9368 -585.0000000000
9371 -584.0000000000
9395 -583.0000000000
9406 -582.0000000000
9411 -581.0000000000
9414 -580.0000000000
9416 -579.0000000000
9495 -578.0000000000
9510 -577.0000000000
9515 -576.0000000000
9534 -575.0000000000
9560 -574.0000000000
9639 -573.0000000000
9664 -572.0000000000
9711 -571.0000000000
9728 -570.0000000000
9757 -569.0000000000
9760 -568.0000000000
9773 -567.0000000000
9793 -565.0000000000
9841 -564.0000000000
9874 -563.0000000000
9880 -562.0000000000
9898 -561.0000000000
9912 -560.0000000000
9927 -559.0000000000
9928 -557.0000000000
9936 -556.0000000000
9948 -555.0000000000
9957 -554.0000000000
9971 -553.0000000000
9978 -552.0000000000
9987 -551.0000000000
9999 -550.0000000000
10000 -551.0000000000
evaluations raw_y
1 -2038.0000000000
4 -2036.0000000000
6 -2035.0000000000
7 -2034.0000000000
10 -2033.0000000000
11 -2032.0000000000
14 -2030.0000000000
19 -2029.0000000000
25 -2028.0000000000
26 -2026.0000000000
34 -2025.0000000000
35 -2024.0000000000
37 -2023.0000000000
38 -2022.0000000000
42 -2020.0000000000
43 -2019.0000000000
46 -2016.0000000000
47 -2014.0000000000
57 -2012.0000000000
58 -2011.0000000000
61 -2010.0000000000
67 -2009.0000000000
71 -2006.0000000000
75 -2005.0000000000
78 -2004.0000000000
81 -2003.0000000000
83 -2002.0000000000
85 -2001.0000000000
91 -2000.0000000000
100 -1999.0000000000
117 -1998.0000000000
122 -1997.0000000000
124 -1996.0000000000
127 -1995.0000000000
128 -1994.0000000000
130 -1993.0000000000
138 -1992.0000000000
139 -1991.0000000000
141 -1988.0000000000
142 -1986.0000000000
144 -1985.0000000000
149 -1984.0000000000
160 -1982.0000000000
162 -1981.0000000000
165 -1979.0000000000
172 -1977.0000000000
178 -1976.0000000000
179 -1975.0000000000
182 -1974.0000000000
183 -1973.0000000000
186 -1972.0000000000
191 -1970.0000000000
196 -1969.0000000000
199 -1968.0000000000
208 -1966.0000000000
213 -1965.0000000000
214 -1964.0000000000
219 -1963.0000000000
225 -1960.0000000000
239 -1959.0000000000
246 -1957.0000000000
247 -1954.0000000000
248 -1953.0000000000
249 -1952.0000000000
251 -1950.0000000000
257 -1948.0000000000
274 -1947.0000000000
276 -1945.0000000000
279 -1944.0000000000
282 -1943.0000000000
284 -1941.0000000000
287 -1940.0000000000
289 -1939.0000000000
291 -1938.0000000000
292 -1937.0000000000
295 -1936.0000000000
299 -1935.0000000000
300 -1934.0000000000
305 -1933.0000000000
307 -1932.0000000000
311 -1931.0000000000
322 -1930.0000000000
323 -1929.0000000000
337 -1928.0000000000
340 -1927.0000000000
354 -1926.0000000000
355 -1925.0000000000
361 -1924.0000000000
362 -1923.0000000000
363 -1922.0000000000
365 -1921.0000000000
367 -1920.0000000000
369 -1919.0000000000
372 -1918.0000000000
373 -1917.0000000000
378 -1916.0000000000
379 -1915.0000000000
381 -1914.0000000000
390 -1912.0000000000
392 -1911.0000000000
395 -1910.0000000000
397 -1909.0000000000
398 -1907.0000000000
400 -1906.0000000000
401 -1904.0000000000
411 -1902.0000000000
413 -1899.0000000000
417 -1898.0000000000
420 -1896.0000000000
429 -1895.0000000000
430 -1894.0000000000
431 -1892.0000000000
434 -1890.0000000000
438 -1889.0000000000
441 -1888.0000000000
443 -1886.0000000000
448 -1885.0000000000
450 -1884.0000000000
453 -1883.0000000000
460 -1882.0000000000
461 -1881.0000000000
465 -1879.0000000000
482 -1877.0000000000
488 -1876.0000000000
503 -1874.0000000000
505 -1873.0000000000
507 -1872.0000000000
513 -1871.0000000000
516 -1870.0000000000
521 -1869.0000000000
530 -1868.0000000000
546 -1866.0000000000
548 -1865.0000000000
552 -1864.0000000000
556 -1863.0000000000
559 -1862.0000000000
563 -1861.0000000000
570 -1860.0000000000
573 -1859.0000000000
575 -1858.0000000000
577 -1857.0000000000
579 -1856.0000000000
583 -1855.0000000000
585 -1854.0000000000
588 -1851.0000000000
590 -1849.0000000000
591 -1848.0000000000
595 -1847.0000000000
602 -1846.0000000000
603 -1845.0000000000
607 -1844.0000000000
608 -1843.0000000000
613 -1842.0000000000
616 -1841.0000000000
626 -1840.0000000000
627 -1839.0000000000
628 -1838.0000000000
630 -1836.0000000000
632 -1833.0000000000
634 -1832.0000000000
641 -1831.0000000000
647 -1830.0000000000
654 -1829.0000000000
657 -1827.0000000000
661 -1826.0000000000
669 -1825.0000000000
670 -1824.0000000000
674 -1823.0000000000
675 -1820.0000000000
676 -1818.0000000000
677 -1815.0000000000
698 -1814.0000000000
707 -1812.0000000000
711 -1811.0000000000
712 -1809.0000000000
718 -1808.0000000000
723 -1807.0000000000
725 -1806.0000000000
727 -1805.0000000000
730 -1803.0000000000
733 -1802.0000000000
735 -1801.0000000000
736 -1800.0000000000
737 -1799.0000000000
743 -1798.0000000000
754 -1797.0000000000
760 -1796.0000000000
766 -1795.0000000000
769 -1794.0000000000
773 -1793.0000000000
776 -1790.0000000000
777 -1789.0000000000
782 -1788.0000000000
787 -1787.0000000000
791 -1786.0000000000
801 -1785.0000000000
803 -1783.0000000000
810 -1782.0000000000
813 -1781.0000000000
814 -1780.0000000000
818 -1779.0000000000
821 -1778.0000000000
832 -1776.0000000000
837 -1775.0000000000
838 -1774.0000000000
843 -1773.0000000000
845 -1772.0000000000
859 -1771.0000000000
861 -1770.0000000000
864 -1768.0000000000
868 -1767.0000000000
874 -1766.0000000000
876 -1765.0000000000
881 -1764.0000000000
886 -1763.0000000000
888 -1762.0000000000
901 -1761.0000000000
904 -1760.0000000000
905 -1759.0000000000
917 -1758.0000000000
936 -1757.0000000000
940 -1756.0000000000
947 -1755.0000000000
951 -1754.0000000000
952 -1753.0000000000
959 -1752.0000000000
963 -1751.0000000000
964 -1749.0000000000
967 -1748.0000000000
972 -1747.0000000000
973 -1746.0000000000
976 -1743.0000000000
979 -1742.0000000000
981 -1741.0000000000
989 -1739.0000000000
1000 -1738.0000000000
1004 -1737.0000000000
1007 -1736.0000000000
1028 -1735.0000000000
1032 -1734.0000000000
1033 -1733.0000000000
1040 -1732.0000000000
1046 -1731.0000000000
1052 -1730.0000000000
1054 -1729.0000000000
1055 -1728.0000000000
1066 -1727.0000000000
1069 -1726.0000000000
1071 -1724.0000000000
1073 -1723.0000000000
1076 -1722.0000000000
1078 -1721.0000000000
1080 -1720.0000000000
1081 -1719.0000000000
1088 -1718.0000000000
1100 -1717.0000000000
1101 -1716.0000000000
1102 -1715.0000000000
1109 -1714.0000000000
1111 -1713.0000000000
1116 -1712.0000000000
1118 -1711.0000000000
1126 -1710.0000000000
1130 -1709.0000000000
1136 -1708.0000000000
1138 -1707.0000000000
1141 -1706.0000000000
1142 -1704.0000000000
1158 -1703.0000000000
1170 -1702.0000000000
1174 -1701.0000000000
1179 -1700.0000000000
1188 -1699.0000000000
1189 -1698.0000000000
1201 -1697.0000000000
1204 -1696.0000000000
1207 -1693.0000000000
1212 -1692.0000000000
1213 -1690.0000000000
1216 -1688.0000000000
1218 -1687.0000000000
1227 -1686.0000000000
1229 -1685.0000000000
1232 -1684.0000000000
1234 -1682.0000000000
1235 -1681.0000000000
1236 -1680.0000000000
1241 -1679.0000000000
1244 -1678.0000000000
1247 -1676.0000000000
1248 -1675.0000000000
1249 -1674.0000000000
1263 -1673.0000000000
1270 -1672.0000000000
1276 -1671.0000000000
1277 -1670.0000000000
1281 -1669.0000000000
1282 -1667.0000000000
1286 -1666.0000000000
1294 -1664.0000000000
1314 -1663.0000000000
1315 -1662.0000000000
1319 -1661.0000000000
1327 -1660.0000000000
1329 -1659.0000000000
1335 -1658.0000000000
1343 -1657.0000000000
1347 -1656.0000000000
1352 -1654.0000000000
1353 -1652.0000000000
1354 -1651.0000000000
1366 -1649.0000000000
1370 -1648.0000000000
1391 -1647.0000000000
1393 -1646.0000000000
1396 -1645.0000000000
1398 -1644.0000000000
1401 -1643.0000000000
1410 -1642.0000000000
1420 -1641.0000000000
1423 -1640.0000000000
1425 -1639.0000000000
1427 -1638.0000000000
1432 -1637.0000000000
1434 -1636.0000000000
1439 -1635.0000000000
1444 -1634.0000000000
1448 -1632.0000000000
1454 -1631.0000000000
1457 -1630.0000000000
1458 -1629.0000000000
1460 -1626.0000000000
1475 -1624.0000000000
1477 -1623.0000000000
1478 -1622.0000000000
1489 -1621.0000000000
1502 -1620.0000000000
1515 -1619.0000000000
1516 -1618.0000000000
1517 -1617.0000000000
1522 -1615.0000000000
1528 -1614.0000000000
1530 -1613.0000000000
1537 -1612.0000000000
1542 -1611.0000000000
1557 -1609.0000000000
1560 -1608.0000000000
1564 -1607.0000000000
1565 -1606.0000000000
1575 -1605.0000000000
1577 -1603.0000000000
1582 -1602.0000000000
1585 -1601.0000000000
1599 -1599.0000000000
1604 -1598.0000000000
1605 -1597.0000000000
1606 -1596.0000000000
1607 -1595.0000000000
1614 -1594.0000000000
1622 -1593.0000000000
1626 -1591.0000000000
1628 -1590.0000000000
1631 -1589.0000000000
1638 -1588.0000000000
1639 -1587.0000000000
1646 -1586.0000000000
1650 -1584.0000000000
1654 -1583.0000000000
1656 -1582.0000000000
1657 -1580.0000000000
1661 -1579.0000000000
1665 -1578.0000000000
1667 -1577.0000000000
1670 -1576.0000000000
1675 -1575.0000000000
1679 -1574.0000000000
1684 -1573.0000000000
1685 -1572.0000000000
1698 -1571.0000000000
1704 -1570.0000000000
1705 -1569.0000000000
1707 -1568.0000000000
1718 -1567.0000000000
1722 -1566.0000000000
1728 -1565.0000000000
1729 -1564.0000000000
1732 -1563.0000000000
1737 -1561.0000000000
1738 -1559.0000000000
1745 -1558.0000000000
1760 -1557.0000000000
1765 -1556.0000000000
1766 -1555.0000000000
1773 -1553.0000000000
1783 -1552.0000000000
1800 -1551.0000000000
1805 -1550.0000000000
1813 -1549.0000000000
1824 -1548.0000000000
1833 -1547.0000000000
1843 -1546.0000000000
1848 -1545.0000000000
1854 -1544.0000000000
1868 -1542.0000000000
1870 -1541.0000000000
1882 -1540.0000000000
1884 -1539.0000000000
1892 -1538.0000000000
1897 -1537.0000000000
1906 -1536.0000000000
1917 -1535.0000000000
1920 -1533.0000000000
1921 -1532.0000000000
1930 -1531.0000000000
1943 -1529.0000000000
1948 -1527.0000000000
1951 -1526.0000000000
1960 -1525.0000000000
1965 -1524.0000000000
1969 -1523.0000000000
1970 -1522.0000000000
1974 -1521.0000000000
1975 -1520.0000000000
1979 -1519.0000000000
1981 -1518.0000000000
1982 -1517.0000000000
1986 -1516.0000000000
1991 -1515.0000000000
1993 -1514.0000000000
1997 -1513.0000000000
2002 -1512.0000000000
2003 -1511.0000000000
2009 -1510.0000000000
2026 -1509.0000000000
2029 -1507.0000000000
2030 -1506.0000000000
2031 -1505.0000000000
2036 -1504.0000000000
2037 -1503.0000000000
2045 -1502.0000000000
2058 -1501.0000000000
2059 -1500.0000000000
2063 -1499.0000000000
2070 -1498.0000000000
2074 -1497.0000000000
2075 -1495.0000000000
2080 -1493.0000000000
2089 -1491.0000000000
2094 -1490.0000000000
2101 -1489.0000000000
2105 -1488.0000000000
2112 -1486.0000000000
2114 -1485.0000000000
2118 -1484.0000000000
2121 -1483.0000000000
2131 -1481.0000000000
2132 -1480.0000000000
2137 -1479.0000000000
2152 -1478.0000000000
2157 -1477.0000000000
2158 -1476.0000000000
2171 -1474.0000000000
2179 -1473.0000000000
2184 -1472.0000000000
2186 -1470.0000000000
2188 -1469.0000000000
2189 -1468.0000000000
2195 -1467.0000000000
2210 -1466.0000000000
2213 -1465.0000000000
2215 -1464.0000000000
2216 -1463.0000000000
2223 -1462.0000000000
2229 -1461.0000000000
2232 -1460.0000000000
2236 -1459.0000000000
2241 -1458.0000000000
2243 -1457.0000000000
2260 -1456.0000000000
2264 -1455.0000000000
2280 -1454.0000000000
2282 -1453.0000000000
2285 -1452.0000000000
2291 -1451.0000000000
2307 -1450.0000000000
2309 -1448.0000000000
2312 -1447.0000000000
2313 -1446.0000000000
2322 -1445.0000000000
2330 -1444.0000000000
2336 -1443.0000000000
2339 -1442.0000000000
2343 -1441.0000000000
2350 -1440.0000000000
2363 -1439.0000000000
2366 -1438.0000000000
2368 -1437.0000000000
2370 -1436.0000000000
2376 -1435.0000000000
2383 -1432.0000000000
2390 -1431.0000000000
2395 -1430.0000000000
2400 -1429.0000000000
2410 -1428.0000000000
2413 -1426.0000000000
2414 -1425.0000000000
2417 -1424.0000000000
2423 -1423.0000000000
2430 -1422.0000000000
2436 -1421.0000000000
2443 -1420.0000000000
2445 -1419.0000000000
2450 -1418.0000000000
2453 -1417.0000000000
2459 -1416.0000000000
2465 -1414.0000000000
2468 -1413.0000000000
2475 -1412.0000000000
2476 -1411.0000000000
2478 -1410.0000000000
2492 -1408.0000000000
2494 -1406.0000000000
2497 -1405.0000000000
2501 -1403.0000000000
2510 -1402.0000000000
2519 -1401.0000000000
2525 -1400.0000000000
2527 -1399.0000000000
2536 -1398.0000000000
2547 -1397.0000000000
2549 -1396.0000000000
2554 -1395.0000000000
2558 -1394.0000000000
2570 -1392.0000000000
2574 -1391.0000000000
2580 -1390.0000000000
2585 -1389.0000000000
2592 -1388.0000000000
2593 -1386.0000000000
2595 -1385.0000000000
2599 -1384.0000000000
2600 -1382.0000000000
2605 -1381.0000000000
2608 -1380.0000000000
2614 -1379.0000000000
2615 -1378.0000000000
2616 -1377.0000000000
2619 -1376.0000000000
2621 -1375.0000000000
2622 -1374.0000000000
2623 -1373.0000000000
2626 -1372.0000000000
2656 -1371.0000000000
2660 -1370.0000000000
2663 -1369.0000000000
2669 -1367.0000000000
2677 -1366.0000000000
2679 -1365.0000000000
2691 -1364.0000000000
2700 -1362.0000000000
2714 -1361.0000000000
2715 -1359.0000000000
2721 -1358.0000000000
2722 -1357.0000000000
2725 -1356.0000000000
2731 -1355.0000000000
2737 -1354.0000000000
2739 -1353.0000000000
2741 -1352.0000000000
2745 -1351.0000000000
2755 -1350.0000000000
2765 -1349.0000000000
2776 -1348.0000000000
2778 -1347.0000000000
2802 -1346.0000000000
2805 -1344.0000000000
2811 -1343.0000000000
2815 -1341.0000000000
2817 -1340.0000000000
2833 -1339.0000000000
2834 -1337.0000000000
2839 -1336.0000000000
2846 -1335.0000000000
2850 -1334.0000000000
2853 -1333.0000000000
2862 -1332.0000000000
2865 -1331.0000000000
2867 -1330.0000000000
2870 -1328.0000000000
2871 -1327.0000000000
2874 -1326.0000000000
2878 -1325.0000000000
2881 -1324.0000000000
2884 -1323.0000000000
2888 -1322.0000000000
2898 -1321.0000000000
2901 -1320.0000000000
2905 -1319.0000000000
2917 -1318.0000000000
2918 -1316.0000000000
2928 -1315.0000000000
2931 -1313.0000000000
2932 -1312.0000000000
2949 -1311.0000000000
2950 -1310.0000000000
2951 -1308.0000000000
2953 -1306.0000000000
2972 -1305.0000000000
2975 -1304.0000000000
2988 -1302.0000000000
2990 -1301.0000000000
2992 -1299.0000000000
3004 -1298.0000000000
3008 -1297.0000000000
3016 -1296.0000000000
3019 -1295.0000000000
3022 -1294.0000000000
3032 -1293.0000000000
3036 -1292.0000000000
3045 -1291.0000000000
3046 -1290.0000000000
3054 -1289.0000000000
3063 -1287.0000000000
3070 -1284.0000000000
3072 -1283.0000000000
3074 -1282.0000000000
3081 -1281.0000000000
3084 -1280.0000000000
3085 -1279.0000000000
3086 -1278.0000000000
3088 -1277.0000000000
3107 -1276.0000000000
3109 -1275.0000000000
3110 -1274.0000000000
3111 -1273.0000000000
3117 -1272.0000000000
3122 -1271.0000000000
3127 -1270.0000000000
3128 -1269.0000000000
3130 -1268.0000000000
3133 -1267.0000000000
3136 -1266.0000000000
3139 -1265.0000000000
3145 -1264.0000000000
3154 -1263.0000000000
3155 -1262.0000000000
3161 -1261.0000000000
3162 -1260.0000000000
3177 -1259.0000000000
3188 -1258.0000000000
3194 -1257.0000000000
3196 -1256.0000000000
3202 -1254.0000000000
3205 -1253.0000000000
3213 -1252.0000000000
3227 -1251.0000000000
3228 -1250.0000000000
3233 -1249.0000000000
3234 -1248.0000000000
3238 -1247.0000000000
3241 -1246.0000000000
3273 -1243.0000000000
3280 -1242.0000000000
3283 -1241.0000000000
3295 -1240.0000000000
3296 -1239.0000000000
3298 -1238.0000000000
3305 -1237.0000000000
3306 -1236.0000000000
3311 -1235.0000000000
3314 -1234.0000000000
3322 -1233.0000000000
3325 -1232.0000000000
3332 -1231.0000000000
3339 -1230.0000000000
3348 -1229.0000000000
3408 -1228.0000000000
3426 -1227.0000000000
3444 -1224.0000000000
3449 -1223.0000000000
3450 -1222.0000000000
3451 -1221.0000000000
3455 -1220.0000000000
3456 -1219.0000000000
3467 -1218.0000000000
3473 -1217.0000000000
3485 -1216.0000000000
3489 -1215.0000000000
3504 -1214.0000000000
3507 -1213.0000000000
3531 -1211.0000000000
3537 -1210.0000000000
3545 -1208.0000000000
3553 -1207.0000000000
3562 -1205.0000000000
3592 -1203.0000000000
3596 -1202.0000000000
3606 -1200.0000000000
3609 -1198.0000000000
3611 -1197.0000000000
3617 -1196.0000000000
3628 -1195.0000000000
3634 -1193.0000000000
3648 -1192.0000000000
3651 -1191.0000000000
3657 -1190.0000000000
3664 -1188.0000000000
3671 -1187.0000000000
3673 -1186.0000000000
3679 -1185.0000000000
3710 -1184.0000000000
3715 -1183.0000000000
3737 -1182.0000000000
3754 -1181.0000000000
3766 -1179.0000000000
3783 -1178.0000000000
3787 -1177.0000000000
3808 -1176.0000000000
3810 -1175.0000000000
3815 -1174.0000000000
3819 -1173.0000000000
3827 -1172.0000000000
3837 -1171.0000000000
3838 -1169.0000000000
3845 -1168.0000000000
3846 -1167.0000000000
3848 -1166.0000000000
3862 -1165.0000000000
3870 -1163.0000000000
3880 -1162.0000000000
3882 -1160.0000000000
3898 -1158.0000000000
3901 -1157.0000000000
3904 -1156.0000000000
3912 -1155.0000000000
3937 -1154.0000000000
3951 -1152.0000000000
3955 -1151.0000000000
3956 -1150.0000000000
3967 -1149.0000000000
3969 -1147.0000000000
3981 -1146.0000000000
3992 -1145.0000000000
3995 -1144.0000000000
3996 -1143.0000000000
4007 -1142.0000000000
4009 -1141.0000000000
4020 -1140.0000000000
4037 -1139.0000000000
4042 -1138.0000000000
4048 -1137.0000000000
4058 -1136.0000000000
4082 -1135.0000000000
4083 -1134.0000000000
4088 -1132.0000000000
4089 -1130.0000000000
4092 -1129.0000000000
4110 -1128.0000000000
4134 -1127.0000000000
4147 -1126.0000000000
4153 -1125.0000000000
4155 -1124.0000000000
4173 -1121.0000000000
4176 -1120.0000000000
4178 -1119.0000000000
4186 -1118.0000000000
4194 -1117.0000000000
4204 -1116.0000000000
4210 -1115.0000000000
4217 -1114.0000000000
4218 -1113.0000000000
4225 -1112.0000000000
4231 -1111.0000000000
4236 -1110.0000000000
4237 -1109.0000000000
4250 -1108.0000000000
4275 -1107.0000000000
4278 -1106.0000000000
4279 -1105.0000000000
4280 -1104.0000000000
4282 -1103.0000000000
4291 -1102.0000000000
4299 -1101.0000000000
4300 -1099.0000000000
4304 -1098.0000000000
4312 -1095.0000000000
4318 -1094.0000000000
4322 -1093.0000000000
4323 -1091.0000000000
4335 -1090.0000000000
4338 -1089.0000000000
4341 -1088.0000000000
4344 -1087.0000000000
4350 -1086.0000000000
4357 -1085.0000000000
4361 -1084.0000000000
4369 -1082.0000000000
4370 -1081.0000000000
4380 -1080.0000000000
4390 -1079.0000000000
4398 -1078.0000000000
4401 -1077.0000000000
4406 -1076.0000000000
4424 -1075.0000000000
4444 -1074.0000000000
4450 -1073.0000000000
4451 -1072.0000000000
4456 -1071.0000000000
4458 -1070.0000000000
4468 -1069.0000000000
4477 -1068.0000000000
4493 -1067.0000000000
4501 -1066.0000000000
4503 -1065.0000000000
4507 -1064.0000000000
4512 -1063.0000000000
4517 -1061.0000000000
4522 -1059.0000000000
4532 -1058.0000000000
4536 -1057.0000000000
4552 -1056.0000000000
4553 -1055.0000000000
4562 -1054.0000000000
4564 -1053.0000000000
4573 -1052.0000000000
4593 -1051.0000000000
4611 -1050.0000000000
4621 -1048.0000000000
4629 -1047.0000000000
4637 -1046.0000000000
4648 -1045.0000000000
4650 -1044.0000000000
4652 -1043.0000000000
4654 -1042.0000000000
4666 -1041.0000000000
4669 -1040.0000000000
4682 -1039.0000000000
4683 -1038.0000000000
4686 -1037.0000000000
4688 -1036.0000000000
4689 -1035.0000000000
4690 -1034.0000000000
4702 -1033.0000000000
4703 -1032.0000000000
4707 -1030.0000000000
4722 -1029.0000000000
4732 -1028.0000000000
4747 -1027.0000000000
4752 -1026.0000000000
4765 -1025.0000000000
4768 -1024.0000000000
4775 -1023.0000000000
4782 -1022.0000000000
4788 -1021.0000000000
4789 -1020.0000000000
4791 -1018.0000000000
4805 -1017.0000000000
4807 -1016.0000000000
4812 -1015.0000000000
4836 -1014.0000000000
4838 -1013.0000000000
4841 -1012.0000000000
4849 -1010.0000000000
4852 -1009.0000000000
4853 -1008.0000000000
4858 -1007.0000000000
4865 -1006.0000000000
4866 -1004.0000000000
4870 -1003.0000000000
4875 -1002.0000000000
4879 -1001.0000000000
4884 -1000.0000000000
4898 -999.0000000000
4910 -998.0000000000
4922 -997.0000000000
4924 -996.0000000000
4949 -995.0000000000
4966 -994.0000000000
4977 -993.0000000000
4992 -992.0000000000
5005 -991.0000000000
5011 -990.0000000000
5051 -989.0000000000
5056 -988.0000000000
5060 -987.0000000000
5080 -986.0000000000
5090 -983.0000000000
5104 -982.0000000000
5115 -981.0000000000
5116 -980.0000000000
5136 -979.0000000000
5138 -978.0000000000
5143 -977.0000000000
5150 -976.0000000000
5153 -975.0000000000
5166 -974.0000000000
5167 -973.0000000000
5171 -972.0000000000
5172 -971.0000000000
5175 -970.0000000000
5189 -969.0000000000
5193 -967.0000000000
5194 -966.0000000000
5205 -965.0000000000
5208 -964.0000000000
5211 -963.0000000000
5213 -962.0000000000
5215 -961.0000000000
5231 -960.0000000000
5232 -959.0000000000
5234 -958.0000000000
5239 -957.0000000000
5240 -956.0000000000
5246 -955.0000000000
5253 -954.0000000000
5262 -953.0000000000
5271 -952.0000000000
5279 -951.0000000000
5295 -950.0000000000
5297 -949.0000000000
5322 -948.0000000000
5335 -947.0000000000
5339 -946.0000000000
5340 -945.0000000000
5374 -944.0000000000
5383 -943.0000000000
5404 -942.0000000000
5416 -941.0000000000
5420 -939.0000000000
5430 -937.0000000000
5431 -936.0000000000
5441 -935.0000000000
5445 -934.0000000000
5462 -933.0000000000
5471 -931.0000000000
5476 -929.0000000000
5490 -928.0000000000
5501 -927.0000000000
5502 -925.0000000000
5521 -924.0000000000
5528 -922.0000000000
5543 -919.0000000000
5546 -918.0000000000
5559 -917.0000000000
5577 -916.0000000000
5578 -915.0000000000
5592 -914.0000000000
5594 -913.0000000000
5609 -912.0000000000
5610 -911.0000000000
5619 -910.0000000000
5646 -909.0000000000
5649 -908.0000000000
5656 -907.0000000000
5660 -906.0000000000
5682 -905.0000000000
5683 -904.0000000000
5686 -902.0000000000
5689 -901.0000000000
5708 -900.0000000000
5737 -899.0000000000
5740 -898.0000000000
5765 -896.0000000000
5781 -895.0000000000
5811 -894.0000000000
5821 -893.0000000000
5825 -892.0000000000
5843 -891.0000000000
5852 -890.0000000000
5861 -889.0000000000
5863 -888.0000000000
5885 -887.0000000000
5894 -886.0000000000
5915 -884.0000000000
5920 -883.0000000000
5931 -881.0000000000
5939 -879.0000000000
5946 -876.0000000000
5949 -875.0000000000
5957 -874.0000000000
5970 -873.0000000000
5972 -872.0000000000
5973 -871.0000000000
5997 -870.0000000000
6008 -869.0000000000
6011 -868.0000000000
6017 -867.0000000000
6018 -866.0000000000
6027 -865.0000000000
6049 -864.0000000000
6051 -863.0000000000
6062 -862.0000000000
6064 -861.0000000000
6074 -860.0000000000
6098 -859.0000000000
6103 -858.0000000000
6108 -857.0000000000
6126 -856.0000000000
6132 -855.0000000000
6133 -854.0000000000
6135 -853.0000000000
6167 -852.0000000000
6169 -851.0000000000
6171 -850.0000000000
6180 -849.0000000000
6183 -848.0000000000
6187 -847.0000000000
6189 -846.0000000000
6192 -845.0000000000
6197 -844.0000000000
6199 -843.0000000000
6207 -842.0000000000
6220 -841.0000000000
6230 -839.0000000000
6238 -838.0000000000
6240 -837.0000000000
6252 -836.0000000000
6261 -835.0000000000
6289 -834.0000000000
6290 -833.0000000000
6300 -832.0000000000
6305 -831.0000000000
6306 -829.0000000000
6318 -828.0000000000
6329 -827.0000000000
6333 -826.0000000000
6336 -825.0000000000
6359 -824.0000000000
6360 -823.0000000000
6361 -822.0000000000
6372 -821.0000000000
6373 -820.0000000000
6388 -819.0000000000
6389 -818.0000000000
6413 -816.0000000000
6415 -815.0000000000
6424 -814.0000000000
6430 -813.0000000000
6432 -812.0000000000
6452 -811.0000000000
6453 -810.0000000000
6460 -809.0000000000
6466 -808.0000000000
6474 -807.0000000000
6479 -806.0000000000
6481 -804.0000000000
6492 -803.0000000000
6540 -802.0000000000
6541 -801.0000000000
6564 -800.0000000000
6569 -799.0000000000
6578 -798.0000000000
6591 -797.0000000000
6596 -796.0000000000
6601 -795.0000000000
6604 -794.0000000000
6608 -793.0000000000
6634 -791.0000000000
6637 -790.0000000000
6642 -789.0000000000
6651 -788.0000000000
6661 -787.0000000000
6681 -786.0000000000
6696 -785.0000000000
6720 -784.0000000000
6725 -783.0000000000
6726 -782.0000000000
6739 -781.0000000000
6754 -780.0000000000
6770 -779.0000000000
6786 -778.0000000000
6791 -776.0000000000
6823 -775.0000000000
6844 -774.0000000000
6845 -773.0000000000
6871 -772.0000000000
6874 -771.0000000000
6887 -770.0000000000
6905 -769.0000000000
6911 -767.0000000000
6918 -766.0000000000
6935 -765.0000000000
6936 -764.0000000000
6954 -763.0000000000
6961 -762.0000000000
6999 -759.0000000000
7025 -758.0000000000
7038 -757.0000000000
7044 -756.0000000000
7069 -755.0000000000
7080 -754.0000000000
7085 -753.0000000000
7089 -752.0000000000
7102 -750.0000000000
7115 -748.0000000000
7121 -747.0000000000
7122 -745.0000000000
7128 -744.0000000000
7133 -742.0000000000
7137 -741.0000000000
7148 -740.0000000000
7173 -739.0000000000
7183 -738.0000000000
7186 -737.0000000000
7197 -736.0000000000
7208 -735.0000000000
7218 -734.0000000000
7260 -732.0000000000
7274 -731.0000000000
7277 -730.0000000000
7284 -729.0000000000
7286 -728.0000000000
7290 -727.0000000000
7301 -726.0000000000
7307 -725.0000000000
7312 -724.0000000000
7339 -723.0000000000
7342 -722.0000000000
7352 -721.0000000000
7356 -720.0000000000
7367 -719.0000000000
7376 -718.0000000000
7391 -717.0000000000
7397 -716.0000000000
7409 -715.0000000000
7416 -713.0000000000
7445 -712.0000000000
7449 -711.0000000000
7476 -710.0000000000
7477 -709.0000000000
7486 -708.0000000000
7494 -707.0000000000
7498 -706.0000000000
7516 -705.0000000000
7530 -704.0000000000
7550 -703.0000000000
7594 -702.0000000000
7620 -700.0000000000
7650 -699.0000000000
7667 -698.0000000000
7715 -697.0000000000
7727 -695.0000000000
7737 -693.0000000000
7745 -692.0000000000
7751 -691.0000000000
7753 -690.0000000000
7786 -689.0000000000
7789 -688.0000000000
7795 -687.0000000000
7798 -686.0000000000
7813 -685.0000000000
7819 -684.0000000000
7825 -683.0000000000
7829 -682.0000000000
7837 -681.0000000000
7843 -680.0000000000
7848 -679.0000000000
7850 -678.0000000000
7862 -677.0000000000
7870 -676.0000000000
7871 -675.0000000000
7875 -674.0000000000
7902 -672.0000000000
7907 -670.0000000000
7933 -669.0000000000
7938 -668.0000000000
7950 -667.0000000000
7960 -666.0000000000
7965 -665.0000000000
7978 -664.0000000000
7991 -663.0000000000
7997 -662.0000000000
7998 -661.0000000000
8006 -660.0000000000
8048 -659.0000000000
8061 -658.0000000000
8081 -657.0000000000
8137 -656.0000000000
8139 -655.0000000000
8148 -653.0000000000
8158 -652.0000000000
8216 -651.0000000000
8224 -650.0000000000
8230 -649.0000000000
8232 -648.0000000000
8248 -647.0000000000
8252 -645.0000000000
8253 -644.0000000000
8275 -643.0000000000
8282 -642.0000000000
8288 -641.0000000000
8296 -640.0000000000
8313 -639.0000000000
8321 -638.0000000000
8343 -637.0000000000
8354 -636.0000000000
8374 -635.0000000000
8412 -634.0000000000
8415 -633.0000000000
8432 -632.0000000000
8443 -631.0000000000
8453 -630.0000000000
8467 -629.0000000000
8471 -628.0000000000
8484 -627.0000000000
8504 -626.0000000000
8509 -625.0000000000
8521 -624.0000000000
8537 -623.0000000000
8591 -622.0000000000
8607 -621.0000000000
8637 -620.0000000000
8653 -619.0000000000
8664 -618.0000000000
8674 -617.0000000000
8697 -616.0000000000
8745 -615.0000000000
8758 -614.0000000000
8770 -613.0000000000
8774 -612.0000000000
8781 -611.0000000000
8794 -610.0000000000
8809 -609.0000000000
8810 -608.0000000000
8833 -607.0000000000
8858 -606.0000000000
8901 -605.0000000000
8947 -604.0000000000
8949 -603.0000000000
8966 -602.0000000000
9009 -601.0000000000
9018 -600.0000000000
9037 -599.0000000000
9052 -598.0000000000
9058 -596.0000000000
9131 -595.0000000000
9150 -594.0000000000
9154 -593.0000000000
9174 -592.0000000000
9198 -591.0000000000
9201 -590.0000000000
9211 -589.0000000000
9212 -588.0000000000
9238 -587.0000000000
9245 -586.0000000000
9283 -585.0000000000
9286 -584.0000000000
9299 -582.0000000000
9300 -581.0000000000
9308 -580.0000000000
9313 -579.0000000000
9314 -578.0000000000
9323 -577.0000000000
9328 -576.0000000000
9340 -575.0000000000
9362 -574.0000000000
9370 -573.0000000000
9376 -572.0000000000
9391 -571.0000000000
9406 -570.0000000000
9433 -569.0000000000
9434 -568.0000000000
9480 -567.0000000000
9483 -565.0000000000
9493 -564.0000000000
9515 -563.0000000000
9521 -562.0000000000
9549 -561.0000000000
9552 -560.0000000000
9555 -559.0000000000
9618 -558.0000000000
9619 -557.0000000000
9620 -556.0000000000
9622 -555.0000000000
9632 -553.0000000000
9641 -552.0000000000
9662 -551.0000000000
9665 -550.0000000000
9674 -549.0000000000
9702 -548.0000000000
9719 -547.0000000000
9722 -546.0000000000
9736 -545.0000000000
9741 -544.0000000000
9793 -543.0000000000
9815 -542.0000000000
9841 -541.0000000000
9870 -540.0000000000
9877 -539.0000000000
9913 -538.0000000000
9941 -537.0000000000
9945 -536.0000000000
9955 -535.0000000000
10000 -535.0000000000
