evaluations raw_y
1 -288.0000000000
3 -287.0000000000
4 -286.0000000000
5 -285.0000000000
8 -284.0000000000
11 -283.0000000000
12 -282.0000000000
14 -281.0000000000
16 -280.0000000000
17 -279.0000000000
19 -278.0000000000
20 -277.0000000000
21 -276.0000000000
22 -275.0000000000
27 -274.0000000000
29 -273.0000000000
32 -272.0000000000
33 -271.0000000000
34 -270.0000000000
35 -269.0000000000
36 -268.0000000000
37 -267.0000000000
39 -266.0000000000
40 -265.0000000000
41 -264.0000000000
43 -263.0000000000
44 -262.0000000000
45 -261.0000000000
50 -260.0000000000
57 -259.0000000000
59 -258.0000000000
60 -257.0000000000
66 -256.0000000000
68 -255.0000000000
71 -254.0000000000
72 -253.0000000000
73 -252.0000000000
74 -251.0000000000
76 -250.0000000000
78 -249.0000000000
79 -248.0000000000
81 -247.0000000000
82 -246.0000000000
83 -245.0000000000
84 -244.0000000000
85 -243.0000000000
88 -242.0000000000
92 -241.0000000000
94 -240.0000000000
95 -239.0000000000
96 -238.0000000000
97 -237.0000000000
100 -236.0000000000
104 -235.0000000000
107 -234.0000000000
116 -233.0000000000
119 -232.0000000000
120 -231.0000000000
124 -230.0000000000
125 -229.0000000000
128 -228.0000000000
129 -227.0000000000
131 -226.0000000000
132 -225.0000000000
134 -224.0000000000
137 -223.0000000000
143 -222.0000000000
144 -221.0000000000
146 -220.0000000000
147 -219.0000000000
148 -218.0000000000
151 -217.0000000000
157 -216.0000000000
159 -215.0000000000
161 -214.0000000000
163 -213.0000000000
165 -212.0000000000
174 -211.0000000000
175 -210.0000000000
179 -209.0000000000
180 -208.0000000000
181 -207.0000000000
182 -206.0000000000
183 -205.0000000000
185 -204.0000000000
190 -203.0000000000
192 -202.0000000000
194 -201.0000000000
195 -200.0000000000
197 -199.0000000000
198 -198.0000000000
199 -197.0000000000
200 -196.0000000000
201 -195.0000000000
203 -194.0000000000
209 -193.0000000000
210 -192.0000000000
213 -191.0000000000
219 -190.0000000000
223 -189.0000000000
229 -188.0000000000
230 -187.0000000000
237 -186.0000000000
239 -185.0000000000
240 -184.0000000000
243 -183.0000000000
244 -182.0000000000
245 -181.0000000000
246 -180.0000000000
253 -179.0000000000
255 -178.0000000000
257 -177.0000000000
265 -176.0000000000
269 -175.0000000000
270 -174.0000000000
283 -173.0000000000
291 -172.0000000000
295 -171.0000000000
296 -170.0000000000
300 -169.0000000000
301 -168.0000000000
302 -167.0000000000
309 -166.0000000000
318 -165.0000000000
323 -164.0000000000
324 -163.0000000000
333 -162.0000000000
334 -161.0000000000
337 -160.0000000000
338 -159.0000000000
361 -158.0000000000
364 -157.0000000000
366 -156.0000000000
370 -155.0000000000
371 -154.0000000000
374 -153.0000000000
377 -152.0000000000
379 -151.0000000000
381 -150.0000000000
383 -149.0000000000
385 -148.0000000000
389 -147.0000000000
394 -146.0000000000
401 -145.0000000000
402 -144.0000000000
405 -143.0000000000
416 -142.0000000000
417 -141.0000000000
418 -140.0000000000
419 -139.0000000000
423 -138.0000000000
427 -137.0000000000
429 -136.0000000000
432 -135.0000000000
437 -134.0000000000
440 -133.0000000000
442 -132.0000000000
444 -131.0000000000
455 -130.0000000000
458 -129.0000000000
462 -128.0000000000
463 -127.0000000000
464 -126.0000000000
469 -125.0000000000
472 -124.0000000000
473 -123.0000000000
477 -122.0000000000
480 -121.0000000000
485 -120.0000000000
487 -119.0000000000
491 -118.0000000000
495 -117.0000000000
496 -116.0000000000
500 -115.0000000000
506 -114.0000000000
508 -113.0000000000
512 -112.0000000000
518 -111.0000000000
526 -110.0000000000
529 -109.0000000000
530 -108.0000000000
537 -107.0000000000
544 -106.0000000000
550 -105.0000000000
554 -104.0000000000
555 -103.0000000000
561 -102.0000000000
563 -101.0000000000
572 -100.0000000000
580 -99.0000000000
581 -98.0000000000
591 -97.0000000000
595 -96.0000000000
596 -95.0000000000
598 -94.0000000000
606 -93.0000000000
607 -92.0000000000
610 -91.0000000000
613 -90.0000000000
628 -89.0000000000
634 -88.0000000000
636 -87.0000000000
638 -86.0000000000
639 -85.0000000000
651 -84.0000000000
658 -83.0000000000
662 -82.0000000000
694 -81.0000000000
701 -80.0000000000
718 -79.0000000000
729 -78.0000000000
733 -77.0000000000
735 -76.0000000000
751 -75.0000000000
768 -74.0000000000
776 -73.0000000000
782 -72.0000000000
794 -71.0000000000
807 -70.0000000000
814 -69.0000000000
819 -68.0000000000
829 -67.0000000000
834 -66.0000000000
835 -65.0000000000
843 -64.0000000000
849 -63.0000000000
850 -62.0000000000
871 -61.0000000000
878 -60.0000000000
884 -59.0000000000
887 -58.0000000000
902 -57.0000000000
924 -56.0000000000
928 -55.0000000000
930 -54.0000000000
931 -53.0000000000
945 -52.0000000000
958 -51.0000000000
998 -50.0000000000
1012 -49.0000000000
1030 -48.0000000000
1038 -47.0000000000
1045 -46.0000000000
1050 -45.0000000000
1053 -44.0000000000
1064 -43.0000000000
1073 -42.0000000000
1082 -41.0000000000
1097 -40.0000000000
1102 -39.0000000000
1112 -38.0000000000
1119 -37.0000000000
1146 -36.0000000000
1147 -35.0000000000
1165 -34.0000000000
1202 -33.0000000000
1220 -32.0000000000
1221 -31.0000000000
1243 -30.0000000000
1246 -29.0000000000
1254 -28.0000000000
1265 -27.0000000000
1287 -26.0000000000
1339 -25.0000000000
1381 -24.0000000000
1388 -23.0000000000
1395 -22.0000000000
1406 -21.0000000000
1412 -20.0000000000
1430 -19.0000000000
1469 -18.0000000000
1480 -17.0000000000
1486 -16.0000000000
1565 -15.0000000000
1572 -14.0000000000
1611 -13.0000000000
1672 -12.0000000000
1681 -11.0000000000
1736 -10.0000000000
1745 -9.0000000000
1769 -8.0000000000
1772 -7.0000000000
1792 -6.0000000000
1800 -5.0000000000
1803 -4.0000000000
1840 -3.0000000000
1896 -2.0000000000
2086 -1.0000000000
2088 479.0000000000
10001 -1.0000000000
evaluations raw_y
1 -305.0000000000
2 -304.0000000000
3 -303.0000000000
4 -302.0000000000
7 -301.0000000000
8 -300.0000000000
10 -299.0000000000
11 -298.0000000000
13 -297.0000000000
16 -296.0000000000
18 -295.0000000000
19 -294.0000000000
22 -293.0000000000
23 -292.0000000000
26 -291.0000000000
27 -290.0000000000
30 -289.0000000000
31 -288.0000000000
32 -287.0000000000
33 -286.0000000000
36 -285.0000000000
37 -284.0000000000
40 -283.0000000000
42 -282.0000000000
43 -281.0000000000
44 -280.0000000000
47 -279.0000000000
48 -278.0000000000
52 -277.0000000000
55 -276.0000000000
57 -275.0000000000
65 -274.0000000000
69 -273.0000000000
70 -272.0000000000
71 -271.0000000000
72 -270.0000000000
73 -269.0000000000
74 -268.0000000000
75 -267.0000000000
76 -266.0000000000
81 -265.0000000000
84 -264.0000000000
90 -263.0000000000
96 -262.0000000000
102 -261.0000000000
103 -260.0000000000
107 -259.0000000000
111 -258.0000000000
113 -257.0000000000
115 -256.0000000000
116 -255.0000000000
117 -254.0000000000
120 -253.0000000000
121 -252.0000000000
122 -251.0000000000
124 -250.0000000000
127 -249.0000000000
128 -248.0000000000
129 -247.0000000000
130 -246.0000000000
131 -245.0000000000
132 -244.0000000000
134 -243.0000000000
137 -242.0000000000
141 -241.0000000000
143 -240.0000000000
144 -239.0000000000
146 -238.0000000000
149 -237.0000000000
152 -236.0000000000
153 -235.0000000000
155 -234.0000000000
156 -233.0000000000
158 -232.0000000000
159 -231.0000000000
163 -230.0000000000
164 -229.0000000000
176 -228.0000000000
177 -227.0000000000
180 -226.0000000000
181 -225.0000000000
185 -224.0000000000
186 -223.0000000000
187 -222.0000000000
191 -221.0000000000
193 -220.0000000000
196 -219.0000000000
197 -218.0000000000
198 -217.0000000000
201 -216.0000000000
205 -215.0000000000
206 -214.0000000000
207 -213.0000000000
209 -212.0000000000
213 -211.0000000000
214 -210.0000000000
218 -209.0000000000
221 -208.0000000000
226 -207.0000000000
230 -206.0000000000
232 -205.0000000000
236 -204.0000000000
239 -203.0000000000
240 -202.0000000000
243 -201.0000000000
244 -200.0000000000
245 -199.0000000000
246 -198.0000000000
249 -197.0000000000
250 -196.0000000000
257 -195.0000000000
259 -194.0000000000
261 -193.0000000000
262 -192.0000000000
264 -191.0000000000
265 -190.0000000000
273 -189.0000000000
276 -188.0000000000
277 -187.0000000000
278 -186.0000000000
280 -185.0000000000
292 -184.0000000000
296 -183.0000000000
297 -182.0000000000
298 -181.0000000000
301 -180.0000000000
306 -179.0000000000
307 -178.0000000000
308 -177.0000000000
311 -176.0000000000
314 -175.0000000000
315 -174.0000000000
316 -173.0000000000
321 -172.0000000000
322 -171.0000000000
325 -170.0000000000
328 -169.0000000000
329 -168.0000000000
331 -167.0000000000
334 -166.0000000000
339 -165.0000000000
347 -164.0000000000
353 -163.0000000000
354 -162.0000000000
359 -161.0000000000
363 -160.0000000000
373 -159.0000000000
374 -158.0000000000
379 -157.0000000000
382 -156.0000000000
393 -155.0000000000
399 -154.0000000000
409 -153.0000000000
416 -152.0000000000
417 -151.0000000000
418 -150.0000000000
419 -149.0000000000
420 -148.0000000000
421 -147.0000000000
422 -146.0000000000
423 -145.0000000000
424 -144.0000000000
425 -143.0000000000
431 -142.0000000000
433 -141.0000000000
436 -140.0000000000
440 -139.0000000000
444 -138.0000000000
445 -137.0000000000
446 -136.0000000000
447 -135.0000000000
449 -134.0000000000
451 -133.0000000000
458 -132.0000000000
462 -131.0000000000
464 -130.0000000000
465 -129.0000000000
468 -128.0000000000
469 -127.0000000000
470 -126.0000000000
471 -125.0000000000
472 -124.0000000000
473 -123.0000000000
475 -122.0000000000
481 -121.0000000000
485 -120.0000000000
491 -119.0000000000
494 -118.0000000000
498 -117.0000000000
500 -116.0000000000
508 -115.0000000000
511 -114.0000000000
514 -113.0000000000
521 -112.0000000000
524 -111.0000000000
530 -110.0000000000
539 -109.0000000000
547 -108.0000000000
548 -107.0000000000
549 -106.0000000000
557 -105.0000000000
559 -104.0000000000
566 -103.0000000000
573 -102.0000000000
578 -101.0000000000
581 -100.0000000000
586 -99.0000000000
588 -98.0000000000
590 -97.0000000000
593 -96.0000000000
594 -95.0000000000
602 -94.0000000000
631 -93.0000000000
649 -92.0000000000
655 -91.0000000000
657 -90.0000000000
659 -89.0000000000
660 -88.0000000000
673 -87.0000000000
682 -86.0000000000
693 -85.0000000000
698 -84.0000000000
703 -83.0000000000
713 -82.0000000000
717 -81.0000000000
758 -80.0000000000
761 -79.0000000000
772 -78.0000000000
796 -77.0000000000
801 -76.0000000000
806 -75.0000000000
813 -74.0000000000
815 -73.0000000000
821 -72.0000000000
824 -71.0000000000
828 -70.0000000000
847 -69.0000000000
878 -68.0000000000
890 -67.0000000000
898 -66.0000000000
908 -65.0000000000
910 -64.0000000000
920 -63.0000000000
921 -62.0000000000
922 -61.0000000000
928 -60.0000000000
931 -59.0000000000
934 -58.0000000000
942 -57.0000000000
944 -56.0000000000
981 -55.0000000000
982 -54.0000000000
1003 -53.0000000000
1038 -52.0000000000
1058 -51.0000000000
1059 -50.0000000000
1060 -49.0000000000
1064 -48.0000000000
1065 -47.0000000000
1074 -46.0000000000
1099 -45.0000000000
1109 -44.0000000000
1131 -43.0000000000
1134 -42.0000000000
1138 -41.0000000000
1148 -40.0000000000
1201 -39.0000000000
1241 -38.0000000000
1302 -37.0000000000
1308 -36.0000000000
1310 -35.0000000000
1335 -34.0000000000
1340 -33.0000000000
1364 -32.0000000000
1371 -31.0000000000
1403 -30.0000000000
1428 -29.0000000000
1465 -28.0000000000
1495 -27.0000000000
1513 -26.0000000000
1531 -25.0000000000
1587 -24.0000000000
1592 -23.0000000000
1594 -22.0000000000
1607 -21.0000000000
1634 -20.0000000000
1646 -19.0000000000
1704 -18.0000000000
1761 -17.0000000000
1770 -16.0000000000
1797 -15.0000000000
1803 -14.0000000000
1811 -13.0000000000
1895 -12.0000000000
1919 -11.0000000000
1927 -10.0000000000
1928 -9.0000000000
1983 -8.0000000000
2062 -7.0000000000
2071 -6.0000000000
2099 -5.0000000000
2108 -4.0000000000
2134 -3.0000000000
2233 -2.0000000000
2240 -1.0000000000
2264 472.0000000000
10001 -1.0000000000
evaluations raw_y
1 -301.0000000000
5 -300.0000000000
8 -299.0000000000
10 -298.0000000000
11 -297.0000000000
12 -296.0000000000
16 -295.0000000000
17 -294.0000000000
18 -293.0000000000
19 -292.0000000000
20 -291.0000000000
26 -290.0000000000
29 -289.0000000000
31 -288.0000000000
32 -287.0000000000
35 -286.0000000000
36 -285.0000000000
41 -284.0000000000
42 -283.0000000000
47 -282.0000000000
48 -281.0000000000
50 -280.0000000000
51 -279.0000000000
55 -278.0000000000
58 -277.0000000000
59 -276.0000000000
63 -275.0000000000
64 -274.0000000000
65 -273.0000000000
67 -272.0000000000
72 -271.0000000000
75 -270.0000000000
77 -269.0000000000
79 -268.0000000000
85 -267.0000000000
87 -266.0000000000
90 -265.0000000000
92 -264.0000000000
93 -263.0000000000
95 -262.0000000000
100 -261.0000000000
103 -260.0000000000
107 -259.0000000000
109 -258.0000000000
112 -257.0000000000
113 -256.0000000000
117 -255.0000000000
124 -254.0000000000
125 -253.0000000000
126 -252.0000000000
129 -251.0000000000
132 -250.0000000000
137 -249.0000000000
138 -248.0000000000
142 -247.0000000000
143 -246.0000000000
147 -245.0000000000
148 -244.0000000000
154 -243.0000000000
155 -242.0000000000
158 -241.0000000000
161 -240.0000000000
163 -239.0000000000
165 -238.0000000000
169 -237.0000000000
175 -236.0000000000
177 -235.0000000000
181 -234.0000000000
184 -233.0000000000
188 -232.0000000000
190 -231.0000000000
191 -230.0000000000
193 -229.0000000000
196 -228.0000000000
199 -227.0000000000
203 -226.0000000000
206 -225.0000000000
208 -224.0000000000
209 -223.0000000000
211 -222.0000000000
212 -221.0000000000
218 -220.0000000000
219 -219.0000000000
221 -218.0000000000
223 -217.0000000000
225 -216.0000000000
229 -215.0000000000
234 -214.0000000000
237 -213.0000000000
238 -212.0000000000
239 -211.0000000000
240 -210.0000000000
242 -209.0000000000
246 -208.0000000000
248 -207.0000000000
251 -206.0000000000
254 -205.0000000000
255 -204.0000000000
256 -203.0000000000
260 -202.0000000000
261 -201.0000000000
264 -200.0000000000
271 -199.0000000000
273 -198.0000000000
274 -197.0000000000
276 -196.0000000000
277 -195.0000000000
278 -194.0000000000
280 -193.0000000000
281 -192.0000000000
282 -191.0000000000
291 -190.0000000000
292 -189.0000000000
293 -188.0000000000
294 -187.0000000000
296 -186.0000000000
299 -185.0000000000
301 -184.0000000000
315 -183.0000000000
317 -182.0000000000
318 -181.0000000000
325 -180.0000000000
326 -179.0000000000
327 -178.0000000000
330 -177.0000000000
333 -176.0000000000
340 -175.0000000000
348 -174.0000000000
350 -173.0000000000
351 -172.0000000000
356 -171.0000000000
359 -170.0000000000
360 -169.0000000000
362 -168.0000000000
364 -167.0000000000
369 -166.0000000000
373 -165.0000000000
374 -164.0000000000
377 -163.0000000000
379 -162.0000000000
380 -161.0000000000
384 -160.0000000000
391 -159.0000000000
394 -158.0000000000
398 -157.0000000000
399 -156.0000000000
404 -155.0000000000
412 -154.0000000000
420 -153.0000000000
423 -152.0000000000
426 -151.0000000000
436 -150.0000000000
438 -149.0000000000
439 -148.0000000000
440 -147.0000000000
443 -146.0000000000
445 -145.0000000000
454 -144.0000000000
456 -143.0000000000
458 -142.0000000000
460 -141.0000000000
468 -140.0000000000
472 -139.0000000000
473 -138.0000000000
474 -137.0000000000
479 -136.0000000000
480 -135.0000000000
495 -134.0000000000
510 -133.0000000000
517 -132.0000000000
520 -131.0000000000
523 -130.0000000000
528 -129.0000000000
529 -128.0000000000
531 -127.0000000000
532 -126.0000000000
536 -125.0000000000
542 -124.0000000000
546 -123.0000000000
547 -122.0000000000
555 -121.0000000000
558 -120.0000000000
569 -119.0000000000
570 -118.0000000000
585 -117.0000000000
589 -116.0000000000
591 -115.0000000000
595 -114.0000000000
597 -113.0000000000
602 -112.0000000000
608 -111.0000000000
620 -110.0000000000
628 -109.0000000000
638 -108.0000000000
642 -107.0000000000
644 -106.0000000000
647 -105.0000000000
648 -104.0000000000
649 -103.0000000000
656 -102.0000000000
658 -101.0000000000
665 -100.0000000000
667 -99.0000000000
668 -98.0000000000
678 -97.0000000000
679 -96.0000000000
685 -95.0000000000
690 -94.0000000000
691 -93.0000000000
693 -92.0000000000
696 -91.0000000000
701 -90.0000000000
703 -89.0000000000
705 -88.0000000000
707 -87.0000000000
721 -86.0000000000
733 -85.0000000000
736 -84.0000000000
737 -83.0000000000
753 -82.0000000000
756 -81.0000000000
757 -80.0000000000
762 -79.0000000000
781 -78.0000000000
786 -77.0000000000
797 -76.0000000000
798 -75.0000000000
799 -74.0000000000
803 -73.0000000000
817 -72.0000000000
822 -71.0000000000
826 -70.0000000000
833 -69.0000000000
838 -68.0000000000
844 -67.0000000000
847 -66.0000000000
861 -65.0000000000
862 -64.0000000000
876 -63.0000000000
878 -62.0000000000
879 -61.0000000000
885 -60.0000000000
886 -59.0000000000
891 -58.0000000000
894 -57.0000000000
896 -56.0000000000
909 -55.0000000000
912 -54.0000000000
914 -53.0000000000
918 -52.0000000000
924 -51.0000000000
941 -50.0000000000
952 -49.0000000000
957 -48.0000000000
960 -47.0000000000
983 -46.0000000000
1006 -45.0000000000
1016 -44.0000000000
1024 -43.0000000000
1061 -42.0000000000
1082 -41.0000000000
1095 -40.0000000000
1096 -39.0000000000
1097 -38.0000000000
1102 -37.0000000000
1116 -36.0000000000
1126 -35.0000000000
1136 -34.0000000000
1139 -33.0000000000
1180 -32.0000000000
1183 -31.0000000000
1185 -30.0000000000
1196 -29.0000000000
1247 -28.0000000000
1252 -27.0000000000
1263 -26.0000000000
1294 -25.0000000000
1371 -24.0000000000
1396 -23.0000000000
1398 -22.0000000000
1417 -21.0000000000
1440 -20.0000000000
1442 -19.0000000000
1444 -18.0000000000
1468 -17.0000000000
1498 -16.0000000000
1506 -15.0000000000
1527 -14.0000000000
1534 -13.0000000000
1550 -12.0000000000
1562 -11.0000000000
1596 -10.0000000000
1668 -9.0000000000
1745 -8.0000000000
1784 -7.0000000000
1843 -6.0000000000
1860 -5.0000000000
1907 -4.0000000000
1939 -3.0000000000
1958 -2.0000000000
1973 -1.0000000000
1978 497.0000000000
10001 -1.0000000000
evaluations raw_y
1 -283.0000000000
3 -282.0000000000
4 -281.0000000000
6 -280.0000000000
7 -279.0000000000
11 -278.0000000000
12 -277.0000000000
17 -276.0000000000
18 -275.0000000000
19 -274.0000000000
20 -273.0000000000
23 -272.0000000000
24 -271.0000000000
26 -270.0000000000
30 -269.0000000000
34 -268.0000000000
35 -267.0000000000
37 -266.0000000000
40 -265.0000000000
41 -264.0000000000
43 -263.0000000000
44 -262.0000000000
46 -261.0000000000
49 -260.0000000000
50 -259.0000000000
51 -258.0000000000
52 -257.0000000000
54 -256.0000000000
56 -255.0000000000
57 -254.0000000000
58 -253.0000000000
60 -252.0000000000
61 -251.0000000000
64 -250.0000000000
65 -249.0000000000
67 -248.0000000000
68 -247.0000000000
74 -246.0000000000
75 -245.0000000000
78 -244.0000000000
79 -243.0000000000
84 -242.0000000000
85 -241.0000000000
86 -240.0000000000
89 -239.0000000000
90 -238.0000000000
96 -237.0000000000
105 -236.0000000000
108 -235.0000000000
111 -234.0000000000
114 -233.0000000000
117 -232.0000000000
122 -231.0000000000
125 -230.0000000000
126 -229.0000000000
128 -228.0000000000
134 -227.0000000000
139 -226.0000000000
141 -225.0000000000
143 -224.0000000000
149 -223.0000000000
155 -222.0000000000
156 -221.0000000000
160 -220.0000000000
161 -219.0000000000
164 -218.0000000000
165 -217.0000000000
168 -216.0000000000
169 -215.0000000000
170 -214.0000000000
172 -213.0000000000
176 -212.0000000000
179 -211.0000000000
181 -210.0000000000
186 -209.0000000000
189 -208.0000000000
193 -207.0000000000
195 -206.0000000000
196 -205.0000000000
202 -204.0000000000
203 -203.0000000000
211 -202.0000000000
213 -201.0000000000
222 -200.0000000000
227 -199.0000000000
228 -198.0000000000
236 -197.0000000000
238 -196.0000000000
239 -195.0000000000
245 -194.0000000000
248 -193.0000000000
251 -192.0000000000
252 -191.0000000000
254 -190.0000000000
257 -189.0000000000
259 -188.0000000000
260 -187.0000000000
265 -186.0000000000
266 -185.0000000000
268 -184.0000000000
275 -183.0000000000
277 -182.0000000000
279 -181.0000000000
280 -180.0000000000
286 -179.0000000000
287 -178.0000000000
288 -177.0000000000
290 -176.0000000000
299 -175.0000000000
302 -174.0000000000
305 -173.0000000000
306 -172.0000000000
307 -171.0000000000
310 -170.0000000000
315 -169.0000000000
316 -168.0000000000
318 -167.0000000000
320 -166.0000000000
327 -165.0000000000
329 -164.0000000000
330 -163.0000000000
331 -162.0000000000
333 -161.0000000000
334 -160.0000000000
335 -159.0000000000
336 -158.0000000000
337 -157.0000000000
338 -156.0000000000
342 -155.0000000000
343 -154.0000000000
347 -153.0000000000
351 -152.0000000000
352 -151.0000000000
356 -150.0000000000
362 -149.0000000000
366 -148.0000000000
371 -147.0000000000
376 -146.0000000000
381 -145.0000000000
387 -144.0000000000
388 -143.0000000000
391 -142.0000000000
401 -141.0000000000
406 -140.0000000000
421 -139.0000000000
422 -138.0000000000
436 -137.0000000000
445 -136.0000000000
446 -135.0000000000
450 -134.0000000000
451 -133.0000000000
452 -132.0000000000
457 -131.0000000000
458 -130.0000000000
459 -129.0000000000
461 -128.0000000000
469 -127.0000000000
476 -126.0000000000
486 -125.0000000000
487 -124.0000000000
495 -123.0000000000
500 -122.0000000000
504 -121.0000000000
505 -120.0000000000
509 -119.0000000000
518 -118.0000000000
522 -117.0000000000
530 -116.0000000000
539 -115.0000000000
544 -114.0000000000
546 -113.0000000000
552 -112.0000000000
562 -111.0000000000
564 -110.0000000000
565 -109.0000000000
576 -108.0000000000
578 -107.0000000000
579 -106.0000000000
582 -105.0000000000
591 -104.0000000000
600 -103.0000000000
605 -102.0000000000
610 -101.0000000000
613 -100.0000000000
616 -99.0000000000
620 -98.0000000000
621 -97.0000000000
623 -96.0000000000
626 -95.0000000000
636 -94.0000000000
643 -93.0000000000
655 -92.0000000000
658 -91.0000000000
663 -90.0000000000
669 -89.0000000000
684 -88.0000000000
685 -87.0000000000
697 -86.0000000000
709 -85.0000000000
717 -84.0000000000
725 -83.0000000000
729 -82.0000000000
731 -81.0000000000
732 -80.0000000000
733 -79.0000000000
738 -78.0000000000
748 -77.0000000000
754 -76.0000000000
757 -75.0000000000
758 -74.0000000000
761 -73.0000000000
777 -72.0000000000
780 -71.0000000000
783 -70.0000000000
790 -69.0000000000
802 -68.0000000000
814 -67.0000000000
829 -66.0000000000
832 -65.0000000000
848 -64.0000000000
850 -63.0000000000
852 -62.0000000000
855 -61.0000000000
870 -60.0000000000
872 -59.0000000000
875 -58.0000000000
880 -57.0000000000
896 -56.0000000000
901 -55.0000000000
903 -54.0000000000
926 -53.0000000000
930 -52.0000000000
966 -51.0000000000
973 -50.0000000000
990 -49.0000000000
992 -48.0000000000
1011 -47.0000000000
1013 -46.0000000000
1016 -45.0000000000
1017 -44.0000000000
1045 -43.0000000000
1060 -42.0000000000
1062 -41.0000000000
1068 -40.0000000000
1076 -39.0000000000
1081 -38.0000000000
1090 -37.0000000000
1091 -36.0000000000
1107 -35.0000000000
1113 -34.0000000000
1121 -33.0000000000
1151 -32.0000000000
1182 -31.0000000000
1184 -30.0000000000
1187 -29.0000000000
1208 -28.0000000000
1210 -27.0000000000
1217 -26.0000000000
1249 -25.0000000000
1264 -24.0000000000
1296 -23.0000000000
1298 -22.0000000000
1323 -21.0000000000
1398 -20.0000000000
1427 -19.0000000000
1473 -18.0000000000
1480 -17.0000000000
1489 -16.0000000000
1490 -15.0000000000
1502 -14.0000000000
1506 -13.0000000000
1517 -12.0000000000
1530 -11.0000000000
1550 -10.0000000000
1582 -9.0000000000
1608 -8.0000000000
1639 -7.0000000000
1669 -6.0000000000
1715 -5.0000000000
1736 -4.0000000000
1820 -3.0000000000
1846 -2.0000000000
1864 -1.0000000000
1951 499.0000000000
10001 -1.0000000000
evaluations raw_y
1 -280.0000000000
2 -279.0000000000
4 -278.0000000000
6 -277.0000000000
7 -276.0000000000
8 -275.0000000000
10 -274.0000000000
12 -273.0000000000
13 -272.0000000000
14 -271.0000000000
20 -270.0000000000
24 -269.0000000000
26 -268.0000000000
28 -267.0000000000
30 -266.0000000000
32 -265.0000000000
35 -264.0000000000
37 -263.0000000000
38 -262.0000000000
39 -261.0000000000
41 -260.0000000000
43 -259.0000000000
47 -258.0000000000
48 -257.0000000000
50 -256.0000000000
51 -255.0000000000
55 -254.0000000000
57 -253.0000000000
63 -252.0000000000
68 -251.0000000000
69 -250.0000000000
73 -249.0000000000
74 -248.0000000000
75 -247.0000000000
79 -246.0000000000
82 -245.0000000000
83 -244.0000000000
84 -243.0000000000
87 -242.0000000000
89 -241.0000000000
90 -240.0000000000
93 -239.0000000000
95 -238.0000000000
96 -237.0000000000
98 -236.0000000000
102 -235.0000000000
104 -234.0000000000
107 -233.0000000000
108 -232.0000000000
113 -231.0000000000
123 -230.0000000000
124 -229.0000000000
125 -228.0000000000
126 -227.0000000000
128 -226.0000000000
130 -225.0000000000
137 -224.0000000000
140 -223.0000000000
142 -222.0000000000
143 -221.0000000000
145 -220.0000000000
147 -219.0000000000
151 -218.0000000000
156 -217.0000000000
160 -216.0000000000
164 -215.0000000000
168 -214.0000000000
173 -213.0000000000
180 -212.0000000000
181 -211.0000000000
184 -210.0000000000
189 -209.0000000000
190 -208.0000000000
191 -207.0000000000
193 -206.0000000000
194 -205.0000000000
198 -204.0000000000
199 -203.0000000000
201 -202.0000000000
203 -201.0000000000
206 -200.0000000000
208 -199.0000000000
210 -198.0000000000
212 -197.0000000000
213 -196.0000000000
214 -195.0000000000
215 -194.0000000000
216 -193.0000000000
217 -192.0000000000
218 -191.0000000000
221 -190.0000000000
224 -189.0000000000
226 -188.0000000000
227 -187.0000000000
231 -186.0000000000
234 -185.0000000000
237 -184.0000000000
242 -183.0000000000
249 -182.0000000000
254 -181.0000000000
256 -180.0000000000
260 -179.0000000000
262 -178.0000000000
265 -177.0000000000
266 -176.0000000000
271 -175.0000000000
272 -174.0000000000
273 -173.0000000000
278 -172.0000000000
279 -171.0000000000
283 -170.0000000000
284 -169.0000000000
286 -168.0000000000
297 -167.0000000000
315 -166.0000000000
317 -165.0000000000
319 -164.0000000000
320 -163.0000000000
322 -162.0000000000
323 -161.0000000000
327 -160.0000000000
328 -159.0000000000
329 -158.0000000000
342 -157.0000000000
344 -156.0000000000
345 -155.0000000000
353 -154.0000000000
354 -153.0000000000
356 -152.0000000000
359 -151.0000000000
360 -150.0000000000
367 -149.0000000000
368 -148.0000000000
375 -147.0000000000
380 -146.0000000000
384 -145.0000000000
389 -144.0000000000
391 -143.0000000000
394 -142.0000000000
397 -141.0000000000
400 -140.0000000000
402 -139.0000000000
410 -138.0000000000
413 -137.0000000000
418 -136.0000000000
423 -135.0000000000
424 -134.0000000000
429 -133.0000000000
432 -132.0000000000
446 -131.0000000000
449 -130.0000000000
452 -129.0000000000
454 -128.0000000000
457 -127.0000000000
466 -126.0000000000
467 -125.0000000000
468 -124.0000000000
476 -123.0000000000
478 -122.0000000000
479 -121.0000000000
481 -120.0000000000
495 -119.0000000000
499 -118.0000000000
500 -117.0000000000
501 -116.0000000000
503 -115.0000000000
504 -114.0000000000
535 -113.0000000000
536 -112.0000000000
548 -111.0000000000
551 -110.0000000000
557 -109.0000000000
564 -108.0000000000
567 -107.0000000000
568 -106.0000000000
575 -105.0000000000
585 -104.0000000000
587 -103.0000000000
593 -102.0000000000
599 -101.0000000000
604 -100.0000000000
608 -99.0000000000
609 -98.0000000000
613 -97.0000000000
621 -96.0000000000
626 -95.0000000000
627 -94.0000000000
632 -93.0000000000
633 -92.0000000000
654 -91.0000000000
662 -90.0000000000
667 -89.0000000000
670 -88.0000000000
674 -87.0000000000
698 -86.0000000000
700 -85.0000000000
703 -84.0000000000
707 -83.0000000000
709 -82.0000000000
719 -81.0000000000
725 -80.0000000000
741 -79.0000000000
742 -78.0000000000
774 -77.0000000000
778 -76.0000000000
779 -75.0000000000
792 -74.0000000000
800 -73.0000000000
801 -72.0000000000
807 -71.0000000000
808 -70.0000000000
824 -69.0000000000
828 -68.0000000000
837 -67.0000000000
843 -66.0000000000
863 -65.0000000000
876 -64.0000000000
881 -63.0000000000
887 -62.0000000000
892 -61.0000000000
898 -60.0000000000
908 -59.0000000000
911 -58.0000000000
937 -57.0000000000
941 -56.0000000000
942 -55.0000000000
945 -54.0000000000
957 -53.0000000000
959 -52.0000000000
1003 -51.0000000000
1007 -50.0000000000
1008 -49.0000000000
1017 -48.0000000000
1036 -47.0000000000
1057 -46.0000000000
1066 -45.0000000000
1069 -44.0000000000
1097 -43.0000000000
1103 -42.0000000000
1109 -41.0000000000
1110 -40.0000000000
1134 -39.0000000000
1153 -38.0000000000
1158 -37.0000000000
1169 -36.0000000000
1176 -35.0000000000
1188 -34.0000000000
1201 -33.0000000000
1225 -32.0000000000
1232 -31.0000000000
1245 -30.0000000000
1271 -29.0000000000
1274 -28.0000000000
1278 -27.0000000000
1285 -26.0000000000
1295 -25.0000000000
1301 -24.0000000000
1308 -23.0000000000
1339 -22.0000000000
1370 -21.0000000000
1390 -20.0000000000
1402 -19.0000000000
1413 -18.0000000000
1417 -17.0000000000
1423 -16.0000000000
1473 -15.0000000000
1484 -14.0000000000
1506 -13.0000000000
1559 -12.0000000000
1561 -11.0000000000
1639 -10.0000000000
1642 -9.0000000000
1753 -8.0000000000
1802 -7.0000000000
1813 -6.0000000000
1923 -5.0000000000
1985 -4.0000000000
1998 -3.0000000000
2059 -2.0000000000
2173 -1.0000000000
2226 504.0000000000
10001 -1.0000000000
evaluations raw_y
1 -300.0000000000
8 -299.0000000000
14 -298.0000000000
16 -297.0000000000
17 -296.0000000000
19 -295.0000000000
20 -294.0000000000
24 -293.0000000000
25 -292.0000000000
26 -291.0000000000
29 -290.0000000000
30 -289.0000000000
31 -288.0000000000
32 -287.0000000000
37 -286.0000000000
39 -285.0000000000
41 -284.0000000000
43 -283.0000000000
47 -282.0000000000
49 -281.0000000000
52 -280.0000000000
55 -279.0000000000
63 -278.0000000000
64 -277.0000000000
66 -276.0000000000
67 -275.0000000000
70 -274.0000000000
72 -273.0000000000
73 -272.0000000000
75 -271.0000000000
80 -270.0000000000
82 -269.0000000000
83 -268.0000000000
85 -267.0000000000
86 -266.0000000000
87 -265.0000000000
89 -264.0000000000
90 -263.0000000000
91 -262.0000000000
94 -261.0000000000
97 -260.0000000000
99 -259.0000000000
100 -258.0000000000
102 -257.0000000000
103 -256.0000000000
106 -255.0000000000
108 -254.0000000000
109 -253.0000000000
111 -252.0000000000
112 -251.0000000000
114 -250.0000000000
118 -249.0000000000
119 -248.0000000000
122 -247.0000000000
123 -246.0000000000
125 -245.0000000000
127 -244.0000000000
131 -243.0000000000
132 -242.0000000000
133 -241.0000000000
135 -240.0000000000
138 -239.0000000000
139 -238.0000000000
140 -237.0000000000
145 -236.0000000000
147 -235.0000000000
151 -234.0000000000
156 -233.0000000000
158 -232.0000000000
162 -231.0000000000
164 -230.0000000000
168 -229.0000000000
169 -228.0000000000
170 -227.0000000000
174 -226.0000000000
177 -225.0000000000
179 -224.0000000000
180 -223.0000000000
181 -222.0000000000
182 -221.0000000000
185 -220.0000000000
188 -219.0000000000
189 -218.0000000000
191 -217.0000000000
195 -216.0000000000
196 -215.0000000000
198 -214.0000000000
199 -213.0000000000
202 -212.0000000000
203 -211.0000000000
204 -210.0000000000
206 -209.0000000000
214 -208.0000000000
216 -207.0000000000
224 -206.0000000000
225 -205.0000000000
227 -204.0000000000
228 -203.0000000000
239 -202.0000000000
240 -201.0000000000
242 -200.0000000000
246 -199.0000000000
247 -198.0000000000
248 -197.0000000000
258 -196.0000000000
266 -195.0000000000
267 -194.0000000000
277 -193.0000000000
280 -192.0000000000
282 -191.0000000000
283 -190.0000000000
284 -189.0000000000
285 -188.0000000000
288 -187.0000000000
293 -186.0000000000
296 -185.0000000000
300 -184.0000000000
303 -183.0000000000
304 -182.0000000000
308 -181.0000000000
309 -180.0000000000
312 -179.0000000000
315 -178.0000000000
316 -177.0000000000
317 -176.0000000000
319 -175.0000000000
321 -174.0000000000
325 -173.0000000000
328 -172.0000000000
335 -171.0000000000
346 -170.0000000000
348 -169.0000000000
350 -168.0000000000
353 -167.0000000000
356 -166.0000000000
357 -165.0000000000
364 -164.0000000000
368 -163.0000000000
369 -162.0000000000
370 -161.0000000000
372 -160.0000000000
373 -159.0000000000
376 -158.0000000000
377 -157.0000000000
383 -156.0000000000
384 -155.0000000000
386 -154.0000000000
392 -153.0000000000
398 -152.0000000000
402 -151.0000000000
410 -150.0000000000
417 -149.0000000000
418 -148.0000000000
419 -147.0000000000
421 -146.0000000000
430 -145.0000000000
432 -144.0000000000
438 -143.0000000000
442 -142.0000000000
443 -141.0000000000
446 -140.0000000000
448 -139.0000000000
453 -138.0000000000
457 -137.0000000000
458 -136.0000000000
459 -135.0000000000
461 -134.0000000000
462 -133.0000000000
466 -132.0000000000
468 -131.0000000000
477 -130.0000000000
481 -129.0000000000
485 -128.0000000000
495 -127.0000000000
499 -126.0000000000
506 -125.0000000000
507 -124.0000000000
508 -123.0000000000
512 -122.0000000000
516 -121.0000000000
521 -120.0000000000
524 -119.0000000000
542 -118.0000000000
543 -117.0000000000
545 -116.0000000000
546 -115.0000000000
547 -114.0000000000
549 -113.0000000000
560 -112.0000000000
563 -111.0000000000
565 -110.0000000000
568 -109.0000000000
581 -108.0000000000
582 -107.0000000000
583 -106.0000000000
585 -105.0000000000
591 -104.0000000000
593 -103.0000000000
599 -102.0000000000
601 -101.0000000000
604 -100.0000000000
619 -99.0000000000
620 -98.0000000000
621 -97.0000000000
622 -96.0000000000
623 -95.0000000000
626 -94.0000000000
629 -93.0000000000
643 -92.0000000000
645 -91.0000000000
649 -90.0000000000
651 -89.0000000000
652 -88.0000000000
662 -87.0000000000
675 -86.0000000000
681 -85.0000000000
687 -84.0000000000
695 -83.0000000000
699 -82.0000000000
705 -81.0000000000
707 -80.0000000000
713 -79.0000000000
723 -78.0000000000
737 -77.0000000000
741 -76.0000000000
746 -75.0000000000
756 -74.0000000000
763 -73.0000000000
767 -72.0000000000
783 -71.0000000000
789 -70.0000000000
795 -69.0000000000
812 -68.0000000000
819 -67.0000000000
820 -66.0000000000
822 -65.0000000000
826 -64.0000000000
827 -63.0000000000
835 -62.0000000000
837 -61.0000000000
856 -60.0000000000
866 -59.0000000000
871 -58.0000000000
877 -57.0000000000
888 -56.0000000000
907 -55.0000000000
912 -54.0000000000
932 -53.0000000000
943 -52.0000000000
954 -51.0000000000
988 -50.0000000000
1017 -49.0000000000
1021 -48.0000000000
1040 -47.0000000000
1045 -46.0000000000
1065 -45.0000000000
1074 -44.0000000000
1079 -43.0000000000
1110 -42.0000000000
1168 -41.0000000000
1176 -40.0000000000
1182 -39.0000000000
1193 -38.0000000000
1198 -37.0000000000
1211 -36.0000000000
1225 -35.0000000000
1246 -34.0000000000
1250 -33.0000000000
1251 -32.0000000000
1258 -31.0000000000
1264 -30.0000000000
1302 -29.0000000000
1306 -28.0000000000
1316 -27.0000000000
1393 -26.0000000000
1396 -25.0000000000
1415 -24.0000000000
1417 -23.0000000000
1419 -22.0000000000
1480 -21.0000000000
1482 -20.0000000000
1510 -19.0000000000
1511 -18.0000000000
1554 -17.0000000000
1578 -16.0000000000
1579 -15.0000000000
1583 -14.0000000000
1588 -13.0000000000
1648 -12.0000000000
1663 -11.0000000000
1709 -10.0000000000
1711 -9.0000000000
1723 -8.0000000000
1830 -7.0000000000
1888 -6.0000000000
1911 -5.0000000000
1929 -4.0000000000
1972 -3.0000000000
2177 -2.0000000000
2191 -1.0000000000
2225 487.0000000000
10001 -1.0000000000
evaluations raw_y
1 -294.0000000000
6 -293.0000000000
7 -292.0000000000
9 -291.0000000000
11 -290.0000000000
12 -289.0000000000
14 -288.0000000000
19 -287.0000000000
20 -286.0000000000
22 -285.0000000000
23 -284.0000000000
24 -283.0000000000
25 -282.0000000000
26 -281.0000000000
29 -280.0000000000
32 -279.0000000000
36 -278.0000000000
42 -277.0000000000
43 -276.0000000000
44 -275.0000000000
47 -274.0000000000
49 -273.0000000000
50 -272.0000000000
54 -271.0000000000
55 -270.0000000000
56 -269.0000000000
57 -268.0000000000
61 -267.0000000000
65 -266.0000000000
69 -265.0000000000
71 -264.0000000000
74 -263.0000000000
75 -262.0000000000
77 -261.0000000000
80 -260.0000000000
82 -259.0000000000
83 -258.0000000000
86 -257.0000000000
87 -256.0000000000
88 -255.0000000000
89 -254.0000000000
90 -253.0000000000
92 -252.0000000000
93 -251.0000000000
95 -250.0000000000
96 -249.0000000000
99 -248.0000000000
100 -247.0000000000
102 -246.0000000000
103 -245.0000000000
105 -244.0000000000
108 -243.0000000000
110 -242.0000000000
116 -241.0000000000
117 -240.0000000000
118 -239.0000000000
121 -238.0000000000
124 -237.0000000000
136 -236.0000000000
147 -235.0000000000
148 -234.0000000000
153 -233.0000000000
154 -232.0000000000
156 -231.0000000000
160 -230.0000000000
164 -229.0000000000
165 -228.0000000000
166 -227.0000000000
168 -226.0000000000
169 -225.0000000000
171 -224.0000000000
173 -223.0000000000
177 -222.0000000000
182 -221.0000000000
185 -220.0000000000
187 -219.0000000000
194 -218.0000000000
195 -217.0000000000
199 -216.0000000000
200 -215.0000000000
202 -214.0000000000
206 -213.0000000000
208 -212.0000000000
210 -211.0000000000
213 -210.0000000000
215 -209.0000000000
216 -208.0000000000
224 -207.0000000000
231 -206.0000000000
235 -205.0000000000
236 -204.0000000000
237 -203.0000000000
242 -202.0000000000
246 -201.0000000000
251 -200.0000000000
252 -199.0000000000
253 -198.0000000000
266 -197.0000000000
267 -196.0000000000
268 -195.0000000000
269 -194.0000000000
280 -193.0000000000
281 -192.0000000000
284 -191.0000000000
286 -190.0000000000
288 -189.0000000000
293 -188.0000000000
295 -187.0000000000
297 -186.0000000000
299 -185.0000000000
300 -184.0000000000
308 -183.0000000000
314 -182.0000000000
318 -181.0000000000
319 -180.0000000000
323 -179.0000000000
329 -178.0000000000
339 -177.0000000000
342 -176.0000000000
344 -175.0000000000
346 -174.0000000000
354 -173.0000000000
355 -172.0000000000
363 -171.0000000000
370 -170.0000000000
371 -169.0000000000
374 -168.0000000000
383 -167.0000000000
389 -166.0000000000
391 -165.0000000000
394 -164.0000000000
397 -163.0000000000
398 -162.0000000000
402 -161.0000000000
405 -160.0000000000
406 -159.0000000000
408 -158.0000000000
409 -157.0000000000
410 -156.0000000000
412 -155.0000000000
416 -154.0000000000
420 -153.0000000000
430 -152.0000000000
432 -151.0000000000
434 -150.0000000000
435 -149.0000000000
439 -148.0000000000
446 -147.0000000000
451 -146.0000000000
465 -145.0000000000
466 -144.0000000000
469 -143.0000000000
471 -142.0000000000
473 -141.0000000000
474 -140.0000000000
478 -139.0000000000
481 -138.0000000000
493 -137.0000000000
500 -136.0000000000
506 -135.0000000000
510 -134.0000000000
512 -133.0000000000
516 -132.0000000000
523 -131.0000000000
528 -130.0000000000
535 -129.0000000000
541 -128.0000000000
544 -127.0000000000
545 -126.0000000000
549 -125.0000000000
550 -124.0000000000
552 -123.0000000000
556 -122.0000000000
562 -121.0000000000
576 -120.0000000000
577 -119.0000000000
578 -118.0000000000
581 -117.0000000000
584 -116.0000000000
591 -115.0000000000
592 -114.0000000000
597 -113.0000000000
599 -112.0000000000
604 -111.0000000000
620 -110.0000000000
621 -109.0000000000
627 -108.0000000000
630 -107.0000000000
632 -106.0000000000
642 -105.0000000000
645 -104.0000000000
647 -103.0000000000
657 -102.0000000000
664 -101.0000000000
672 -100.0000000000
673 -99.0000000000
683 -98.0000000000
688 -97.0000000000
689 -96.0000000000
692 -95.0000000000
693 -94.0000000000
699 -93.0000000000
715 -92.0000000000
731 -91.0000000000
733 -90.0000000000
736 -89.0000000000
739 -88.0000000000
750 -87.0000000000
751 -86.0000000000
755 -85.0000000000
760 -84.0000000000
766 -83.0000000000
769 -82.0000000000
771 -81.0000000000
774 -80.0000000000
792 -79.0000000000
803 -78.0000000000
804 -77.0000000000
807 -76.0000000000
823 -75.0000000000
836 -74.0000000000
842 -73.0000000000
849 -72.0000000000
853 -71.0000000000
857 -70.0000000000
859 -69.0000000000
862 -68.0000000000
872 -67.0000000000
875 -66.0000000000
880 -65.0000000000
888 -64.0000000000
901 -63.0000000000
905 -62.0000000000
909 -61.0000000000
910 -60.0000000000
915 -59.0000000000
923 -58.0000000000
927 -57.0000000000
930 -56.0000000000
938 -55.0000000000
943 -54.0000000000
959 -53.0000000000
963 -52.0000000000
968 -51.0000000000
987 -50.0000000000
994 -49.0000000000
995 -48.0000000000
1026 -47.0000000000
1027 -46.0000000000
1057 -45.0000000000
1058 -44.0000000000
1061 -43.0000000000
1109 -42.0000000000
1114 -41.0000000000
1118 -40.0000000000
1122 -39.0000000000
1129 -38.0000000000
1150 -37.0000000000
1157 -36.0000000000
1159 -35.0000000000
1162 -34.0000000000
1177 -33.0000000000
1204 -32.0000000000
1205 -31.0000000000
1228 -30.0000000000
1273 -29.0000000000
1303 -28.0000000000
1312 -27.0000000000
1333 -26.0000000000
1339 -25.0000000000
1355 -24.0000000000
1362 -23.0000000000
1377 -22.0000000000
1442 -21.0000000000
1453 -20.0000000000
1471 -19.0000000000
1477 -18.0000000000
1488 -17.0000000000
1491 -16.0000000000
1527 -15.0000000000
1573 -14.0000000000
1586 -13.0000000000
1641 -12.0000000000
1687 -11.0000000000
1733 -10.0000000000
1750 -9.0000000000
1802 -8.0000000000
1861 -7.0000000000
1904 -6.0000000000
1927 -5.0000000000
2114 -4.0000000000
2123 -3.0000000000
2191 -2.0000000000
2317 -1.0000000000
2347 487.0000000000
10001 -1.0000000000
evaluations raw_y
1 -282.0000000000
3 -281.0000000000
4 -280.0000000000
5 -279.0000000000
6 -278.0000000000
11 -277.0000000000
13 -276.0000000000
15 -275.0000000000
17 -274.0000000000
18 -273.0000000000
21 -272.0000000000
22 -271.0000000000
27 -270.0000000000
28 -269.0000000000
31 -268.0000000000
36 -267.0000000000
37 -266.0000000000
41 -265.0000000000
43 -264.0000000000
45 -263.0000000000
46 -262.0000000000
47 -261.0000000000
50 -260.0000000000
52 -259.0000000000
53 -258.0000000000
56 -257.0000000000
57 -256.0000000000
61 -255.0000000000
62 -254.0000000000
64 -253.0000000000
66 -252.0000000000
67 -251.0000000000
74 -250.0000000000
76 -249.0000000000
79 -248.0000000000
81 -247.0000000000
83 -246.0000000000
84 -245.0000000000
86 -244.0000000000
88 -243.0000000000
89 -242.0000000000
94 -241.0000000000
97 -240.0000000000
98 -239.0000000000
100 -238.0000000000
102 -237.0000000000
105 -236.0000000000
106 -235.0000000000
109 -234.0000000000
110 -233.0000000000
111 -232.0000000000
113 -231.0000000000
114 -230.0000000000
117 -229.0000000000
119 -228.0000000000
120 -227.0000000000
122 -226.0000000000
123 -225.0000000000
125 -224.0000000000
131 -223.0000000000
134 -222.0000000000
135 -221.0000000000
139 -220.0000000000
142 -219.0000000000
145 -218.0000000000
148 -217.0000000000
149 -216.0000000000
150 -215.0000000000
153 -214.0000000000
156 -213.0000000000
158 -212.0000000000
160 -211.0000000000
161 -210.0000000000
165 -209.0000000000
167 -208.0000000000
170 -207.0000000000
172 -206.0000000000
173 -205.0000000000
174 -204.0000000000
178 -203.0000000000
184 -202.0000000000
186 -201.0000000000
192 -200.0000000000
194 -199.0000000000
198 -198.0000000000
199 -197.0000000000
201 -196.0000000000
203 -195.0000000000
210 -194.0000000000
214 -193.0000000000
220 -192.0000000000
224 -191.0000000000
226 -190.0000000000
229 -189.0000000000
233 -188.0000000000
235 -187.0000000000
236 -186.0000000000
237 -185.0000000000
238 -184.0000000000
240 -183.0000000000
241 -182.0000000000
244 -181.0000000000
251 -180.0000000000
252 -179.0000000000
254 -178.0000000000
256 -177.0000000000
257 -176.0000000000
263 -175.0000000000
275 -174.0000000000
278 -173.0000000000
280 -172.0000000000
283 -171.0000000000
284 -170.0000000000
288 -169.0000000000
298 -168.0000000000
310 -167.0000000000
317 -166.0000000000
323 -165.0000000000
325 -164.0000000000
329 -163.0000000000
332 -162.0000000000
333 -161.0000000000
335 -160.0000000000
337 -159.0000000000
338 -158.0000000000
341 -157.0000000000
346 -156.0000000000
350 -155.0000000000
358 -154.0000000000
359 -153.0000000000
360 -152.0000000000
361 -151.0000000000
367 -150.0000000000
380 -149.0000000000
389 -148.0000000000
390 -147.0000000000
391 -146.0000000000
395 -145.0000000000
402 -144.0000000000
407 -143.0000000000
417 -142.0000000000
419 -141.0000000000
425 -140.0000000000
429 -139.0000000000
430 -138.0000000000
433 -137.0000000000
434 -136.0000000000
437 -135.0000000000
443 -134.0000000000
447 -133.0000000000
457 -132.0000000000
463 -131.0000000000
465 -130.0000000000
468 -129.0000000000
470 -128.0000000000
472 -127.0000000000
476 -126.0000000000
487 -125.0000000000
488 -124.0000000000
497 -123.0000000000
507 -122.0000000000
511 -121.0000000000
518 -120.0000000000
520 -119.0000000000
530 -118.0000000000
533 -117.0000000000
535 -116.0000000000
536 -115.0000000000
537 -114.0000000000
541 -113.0000000000
554 -112.0000000000
556 -111.0000000000
558 -110.0000000000
562 -109.0000000000
578 -108.0000000000
579 -107.0000000000
587 -106.0000000000
588 -105.0000000000
591 -104.0000000000
597 -103.0000000000
608 -102.0000000000
614 -101.0000000000
616 -100.0000000000
617 -99.0000000000
631 -98.0000000000
634 -97.0000000000
635 -96.0000000000
653 -95.0000000000
657 -94.0000000000
662 -93.0000000000
667 -92.0000000000
681 -91.0000000000
683 -90.0000000000
685 -89.0000000000
686 -88.0000000000
692 -87.0000000000
698 -86.0000000000
707 -85.0000000000
711 -84.0000000000
716 -83.0000000000
728 -82.0000000000
743 -81.0000000000
745 -80.0000000000
747 -79.0000000000
755 -78.0000000000
769 -77.0000000000
775 -76.0000000000
778 -75.0000000000
782 -74.0000000000
786 -73.0000000000
809 -72.0000000000
812 -71.0000000000
815 -70.0000000000
825 -69.0000000000
845 -68.0000000000
848 -67.0000000000
856 -66.0000000000
858 -65.0000000000
868 -64.0000000000
875 -63.0000000000
891 -62.0000000000
898 -61.0000000000
904 -60.0000000000
906 -59.0000000000
917 -58.0000000000
919 -57.0000000000
930 -56.0000000000
937 -55.0000000000
944 -54.0000000000
946 -53.0000000000
963 -52.0000000000
967 -51.0000000000
968 -50.0000000000
975 -49.0000000000
980 -48.0000000000
985 -47.0000000000
989 -46.0000000000
999 -45.0000000000
1072 -44.0000000000
1073 -43.0000000000
1076 -42.0000000000
1094 -41.0000000000
1095 -40.0000000000
1101 -39.0000000000
1109 -38.0000000000
1124 -37.0000000000
1167 -36.0000000000
1168 -35.0000000000
1180 -34.0000000000
1195 -33.0000000000
1211 -32.0000000000
1224 -31.0000000000
1235 -30.0000000000
1241 -29.0000000000
1265 -28.0000000000
1291 -27.0000000000
1295 -26.0000000000
1298 -25.0000000000
1330 -24.0000000000
1337 -23.0000000000
1344 -22.0000000000
1349 -21.0000000000
1353 -20.0000000000
1411 -19.0000000000
1444 -18.0000000000
1466 -17.0000000000
1487 -16.0000000000
1535 -15.0000000000
1542 -14.0000000000
1563 -13.0000000000
1566 -12.0000000000
1571 -11.0000000000
1674 -10.0000000000
1678 -9.0000000000
1686 -8.0000000000
1690 -7.0000000000
1762 -6.0000000000
1802 -5.0000000000
1810 -4.0000000000
1883 -3.0000000000
1959 -2.0000000000
2091 -1.0000000000
2215 429.0000000000
10001 -1.0000000000
evaluations raw_y
1 -263.0000000000
2 -262.0000000000
5 -261.0000000000
6 -260.0000000000
7 -259.0000000000
9 -258.0000000000
21 -257.0000000000
22 -256.0000000000
23 -255.0000000000
24 -254.0000000000
27 -253.0000000000
28 -252.0000000000
29 -251.0000000000
31 -250.0000000000
32 -249.0000000000
35 -248.0000000000
36 -247.0000000000
37 -246.0000000000
40 -245.0000000000
41 -244.0000000000
42 -243.0000000000
45 -242.0000000000
46 -241.0000000000
47 -240.0000000000
49 -239.0000000000
53 -238.0000000000
55 -237.0000000000
57 -236.0000000000
65 -235.0000000000
66 -234.0000000000
69 -233.0000000000
70 -232.0000000000
73 -231.0000000000
76 -230.0000000000
79 -229.0000000000
82 -228.0000000000
83 -227.0000000000
84 -226.0000000000
88 -225.0000000000
89 -224.0000000000
94 -223.0000000000
95 -222.0000000000
96 -221.0000000000
97 -220.0000000000
101 -219.0000000000
102 -218.0000000000
107 -217.0000000000
111 -216.0000000000
112 -215.0000000000
116 -214.0000000000
117 -213.0000000000
121 -212.0000000000
122 -211.0000000000
123 -210.0000000000
124 -209.0000000000
126 -208.0000000000
130 -207.0000000000
134 -206.0000000000
135 -205.0000000000
136 -204.0000000000
139 -203.0000000000
146 -202.0000000000
147 -201.0000000000
148 -200.0000000000
159 -199.0000000000
160 -198.0000000000
165 -197.0000000000
168 -196.0000000000
170 -195.0000000000
171 -194.0000000000
172 -193.0000000000
176 -192.0000000000
178 -191.0000000000
180 -190.0000000000
182 -189.0000000000
188 -188.0000000000
191 -187.0000000000
195 -186.0000000000
198 -185.0000000000
199 -184.0000000000
200 -183.0000000000
206 -182.0000000000
209 -181.0000000000
212 -180.0000000000
213 -179.0000000000
217 -178.0000000000
220 -177.0000000000
226 -176.0000000000
227 -175.0000000000
228 -174.0000000000
230 -173.0000000000
234 -172.0000000000
239 -171.0000000000
245 -170.0000000000
247 -169.0000000000
249 -168.0000000000
253 -167.0000000000
258 -166.0000000000
262 -165.0000000000
263 -164.0000000000
268 -163.0000000000
275 -162.0000000000
279 -161.0000000000
280 -160.0000000000
296 -159.0000000000
297 -158.0000000000
298 -157.0000000000
299 -156.0000000000
302 -155.0000000000
307 -154.0000000000
309 -153.0000000000
310 -152.0000000000
318 -151.0000000000
326 -150.0000000000
334 -149.0000000000
337 -148.0000000000
339 -147.0000000000
341 -146.0000000000
344 -145.0000000000
345 -144.0000000000
350 -143.0000000000
355 -142.0000000000
359 -141.0000000000
361 -140.0000000000
369 -139.0000000000
371 -138.0000000000
372 -137.0000000000
373 -136.0000000000
377 -135.0000000000
386 -134.0000000000
389 -133.0000000000
398 -132.0000000000
404 -131.0000000000
405 -130.0000000000
408 -129.0000000000
410 -128.0000000000
415 -127.0000000000
418 -126.0000000000
419 -125.0000000000
420 -124.0000000000
422 -123.0000000000
430 -122.0000000000
433 -121.0000000000
435 -120.0000000000
456 -119.0000000000
461 -118.0000000000
467 -117.0000000000
468 -116.0000000000
476 -115.0000000000
479 -114.0000000000
480 -113.0000000000
483 -112.0000000000
490 -111.0000000000
499 -110.0000000000
501 -109.0000000000
507 -108.0000000000
508 -107.0000000000
522 -106.0000000000
526 -105.0000000000
527 -104.0000000000
529 -103.0000000000
539 -102.0000000000
542 -101.0000000000
546 -100.0000000000
549 -99.0000000000
552 -98.0000000000
557 -97.0000000000
565 -96.0000000000
576 -95.0000000000
578 -94.0000000000
581 -93.0000000000
586 -92.0000000000
606 -91.0000000000
615 -90.0000000000
621 -89.0000000000
622 -88.0000000000
626 -87.0000000000
630 -86.0000000000
633 -85.0000000000
635 -84.0000000000
639 -83.0000000000
659 -82.0000000000
666 -81.0000000000
674 -80.0000000000
687 -79.0000000000
688 -78.0000000000
693 -77.0000000000
708 -76.0000000000
713 -75.0000000000
717 -74.0000000000
720 -73.0000000000
726 -72.0000000000
733 -71.0000000000
740 -70.0000000000
742 -69.0000000000
743 -68.0000000000
749 -67.0000000000
750 -66.0000000000
754 -65.0000000000
793 -64.0000000000
807 -63.0000000000
839 -62.0000000000
878 -61.0000000000
881 -60.0000000000
894 -59.0000000000
895 -58.0000000000
896 -57.0000000000
903 -56.0000000000
911 -55.0000000000
920 -54.0000000000
932 -53.0000000000
934 -52.0000000000
936 -51.0000000000
951 -50.0000000000
960 -49.0000000000
994 -48.0000000000
995 -47.0000000000
1008 -46.0000000000
1010 -45.0000000000
1011 -44.0000000000
1040 -43.0000000000
1063 -42.0000000000
1074 -41.0000000000
1087 -40.0000000000
1092 -39.0000000000
1099 -38.0000000000
1108 -37.0000000000
1111 -36.0000000000
1142 -35.0000000000
1151 -34.0000000000
1218 -33.0000000000
1249 -32.0000000000
1280 -31.0000000000
1288 -30.0000000000
1315 -29.0000000000
1389 -28.0000000000
1404 -27.0000000000
1407 -26.0000000000
1432 -25.0000000000
1439 -24.0000000000
1445 -23.0000000000
1466 -22.0000000000
1501 -21.0000000000
1512 -20.0000000000
1523 -19.0000000000
1546 -18.0000000000
1572 -17.0000000000
1594 -16.0000000000
1600 -15.0000000000
1608 -14.0000000000
1681 -13.0000000000
1692 -12.0000000000
1722 -11.0000000000
1728 -10.0000000000
1756 -9.0000000000
1761 -8.0000000000
1770 -7.0000000000
1853 -6.0000000000
1866 -5.0000000000
1931 -4.0000000000
1944 -3.0000000000
2075 -2.0000000000
2090 -1.0000000000
2130 482.0000000000
10001 -1.0000000000
evaluations raw_y
1 -299.0000000000
2 -298.0000000000
6 -297.0000000000
9 -296.0000000000
10 -295.0000000000
11 -294.0000000000
13 -293.0000000000
15 -292.0000000000
16 -291.0000000000
18 -290.0000000000
19 -289.0000000000
20 -288.0000000000
22 -287.0000000000
23 -286.0000000000
24 -285.0000000000
25 -284.0000000000
30 -283.0000000000
35 -282.0000000000
38 -281.0000000000
39 -280.0000000000
40 -279.0000000000
41 -278.0000000000
44 -277.0000000000
47 -276.0000000000
48 -275.0000000000
54 -274.0000000000
55 -273.0000000000
56 -272.0000000000
62 -271.0000000000
65 -270.0000000000
68 -269.0000000000
69 -268.0000000000
72 -267.0000000000
73 -266.0000000000
75 -265.0000000000
80 -264.0000000000
82 -263.0000000000
83 -262.0000000000
84 -261.0000000000
85 -260.0000000000
88 -259.0000000000
92 -258.0000000000
93 -257.0000000000
95 -256.0000000000
98 -255.0000000000
103 -254.0000000000
106 -253.0000000000
108 -252.0000000000
109 -251.0000000000
110 -250.0000000000
114 -249.0000000000
116 -248.0000000000
117 -247.0000000000
122 -246.0000000000
125 -245.0000000000
128 -244.0000000000
129 -243.0000000000
131 -242.0000000000
132 -241.0000000000
141 -240.0000000000
143 -239.0000000000
145 -238.0000000000
147 -237.0000000000
148 -236.0000000000
149 -235.0000000000
151 -234.0000000000
155 -233.0000000000
158 -232.0000000000
161 -231.0000000000
162 -230.0000000000
163 -229.0000000000
171 -228.0000000000
173 -227.0000000000
180 -226.0000000000
181 -225.0000000000
182 -224.0000000000
183 -223.0000000000
186 -222.0000000000
188 -221.0000000000
190 -220.0000000000
196 -219.0000000000
203 -218.0000000000
209 -217.0000000000
210 -216.0000000000
211 -215.0000000000
213 -214.0000000000
220 -213.0000000000
222 -212.0000000000
224 -211.0000000000
227 -210.0000000000
228 -209.0000000000
230 -208.0000000000
236 -207.0000000000
237 -206.0000000000
243 -205.0000000000
245 -204.0000000000
250 -203.0000000000
251 -202.0000000000
255 -201.0000000000
256 -200.0000000000
257 -199.0000000000
261 -198.0000000000
262 -197.0000000000
264 -196.0000000000
266 -195.0000000000
267 -194.0000000000
268 -193.0000000000
269 -192.0000000000
270 -191.0000000000
275 -190.0000000000
277 -189.0000000000
280 -188.0000000000
282 -187.0000000000
286 -186.0000000000
297 -185.0000000000
299 -184.0000000000
310 -183.0000000000
313 -182.0000000000
316 -181.0000000000
317 -180.0000000000
325 -179.0000000000
328 -178.0000000000
329 -177.0000000000
332 -176.0000000000
335 -175.0000000000
337 -174.0000000000
341 -173.0000000000
345 -172.0000000000
350 -171.0000000000
351 -170.0000000000
354 -169.0000000000
355 -168.0000000000
364 -167.0000000000
366 -166.0000000000
373 -165.0000000000
386 -164.0000000000
393 -163.0000000000
394 -162.0000000000
395 -161.0000000000
401 -160.0000000000
402 -159.0000000000
403 -158.0000000000
406 -157.0000000000
410 -156.0000000000
413 -155.0000000000
415 -154.0000000000
418 -153.0000000000
419 -152.0000000000
422 -151.0000000000
434 -150.0000000000
435 -149.0000000000
438 -148.0000000000
439 -147.0000000000
441 -146.0000000000
446 -145.0000000000
453 -144.0000000000
456 -143.0000000000
461 -142.0000000000
462 -141.0000000000
464 -140.0000000000
471 -139.0000000000
472 -138.0000000000
473 -137.0000000000
475 -136.0000000000
482 -135.0000000000
488 -134.0000000000
490 -133.0000000000
494 -132.0000000000
497 -131.0000000000
505 -130.0000000000
507 -129.0000000000
508 -128.0000000000
509 -127.0000000000
510 -126.0000000000
511 -125.0000000000
512 -124.0000000000
522 -123.0000000000
540 -122.0000000000
542 -121.0000000000
548 -120.0000000000
551 -119.0000000000
554 -118.0000000000
556 -117.0000000000
560 -116.0000000000
561 -115.0000000000
562 -114.0000000000
563 -113.0000000000
564 -112.0000000000
565 -111.0000000000
566 -110.0000000000
571 -109.0000000000
577 -108.0000000000
578 -107.0000000000
582 -106.0000000000
584 -105.0000000000
591 -104.0000000000
593 -103.0000000000
602 -102.0000000000
604 -101.0000000000
608 -100.0000000000
612 -99.0000000000
615 -98.0000000000
618 -97.0000000000
626 -96.0000000000
630 -95.0000000000
634 -94.0000000000
641 -93.0000000000
645 -92.0000000000
647 -91.0000000000
650 -90.0000000000
652 -89.0000000000
655 -88.0000000000
657 -87.0000000000
658 -86.0000000000
661 -85.0000000000
673 -84.0000000000
685 -83.0000000000
697 -82.0000000000
704 -81.0000000000
705 -80.0000000000
718 -79.0000000000
719 -78.0000000000
724 -77.0000000000
734 -76.0000000000
735 -75.0000000000
761 -74.0000000000
785 -73.0000000000
793 -72.0000000000
795 -71.0000000000
800 -70.0000000000
803 -69.0000000000
807 -68.0000000000
810 -67.0000000000
817 -66.0000000000
820 -65.0000000000
824 -64.0000000000
830 -63.0000000000
834 -62.0000000000
838 -61.0000000000
839 -60.0000000000
846 -59.0000000000
847 -58.0000000000
854 -57.0000000000
855 -56.0000000000
863 -55.0000000000
864 -54.0000000000
868 -53.0000000000
871 -52.0000000000
873 -51.0000000000
893 -50.0000000000
918 -49.0000000000
930 -48.0000000000
944 -47.0000000000
957 -46.0000000000
958 -45.0000000000
965 -44.0000000000
972 -43.0000000000
984 -42.0000000000
989 -41.0000000000
1014 -40.0000000000
1026 -39.0000000000
1033 -38.0000000000
1041 -37.0000000000
1087 -36.0000000000
1095 -35.0000000000
1101 -34.0000000000
1108 -33.0000000000
1130 -32.0000000000
1134 -31.0000000000
1150 -30.0000000000
1158 -29.0000000000
1161 -28.0000000000
1164 -27.0000000000
1168 -26.0000000000
1260 -25.0000000000
1266 -24.0000000000
1314 -23.0000000000
1326 -22.0000000000
1329 -21.0000000000
1337 -20.0000000000
1366 -19.0000000000
1370 -18.0000000000
1397 -17.0000000000
1422 -16.0000000000
1431 -15.0000000000
1468 -14.0000000000
1471 -13.0000000000
1511 -12.0000000000
1562 -11.0000000000
1639 -10.0000000000
1686 -9.0000000000
1707 -8.0000000000
1723 -7.0000000000
1758 -6.0000000000
1879 -5.0000000000
1953 -4.0000000000
2104 -3.0000000000
2128 -2.0000000000
2140 -1.0000000000
2146 498.0000000000
10001 -1.0000000000
evaluations raw_y
1 -292.0000000000
2 -291.0000000000
5 -290.0000000000
7 -289.0000000000
8 -288.0000000000
12 -287.0000000000
13 -286.0000000000
18 -285.0000000000
25 -284.0000000000
33 -283.0000000000
34 -282.0000000000
35 -281.0000000000
36 -280.0000000000
38 -279.0000000000
39 -278.0000000000
43 -277.0000000000
45 -276.0000000000
46 -275.0000000000
50 -274.0000000000
53 -273.0000000000
58 -272.0000000000
59 -271.0000000000
61 -270.0000000000
63 -269.0000000000
64 -268.0000000000
66 -267.0000000000
68 -266.0000000000
69 -265.0000000000
70 -264.0000000000
71 -263.0000000000
73 -262.0000000000
77 -261.0000000000
79 -260.0000000000
80 -259.0000000000
81 -258.0000000000
85 -257.0000000000
86 -256.0000000000
87 -255.0000000000
88 -254.0000000000
91 -253.0000000000
94 -252.0000000000
95 -251.0000000000
98 -250.0000000000
100 -249.0000000000
102 -248.0000000000
103 -247.0000000000
106 -246.0000000000
117 -245.0000000000
118 -244.0000000000
121 -243.0000000000
122 -242.0000000000
123 -241.0000000000
129 -240.0000000000
131 -239.0000000000
132 -238.0000000000
134 -237.0000000000
136 -236.0000000000
137 -235.0000000000
142 -234.0000000000
143 -233.0000000000
147 -232.0000000000
148 -231.0000000000
153 -230.0000000000
154 -229.0000000000
157 -228.0000000000
163 -227.0000000000
169 -226.0000000000
172 -225.0000000000
177 -224.0000000000
178 -223.0000000000
179 -222.0000000000
184 -221.0000000000
186 -220.0000000000
192 -219.0000000000
194 -218.0000000000
198 -217.0000000000
201 -216.0000000000
203 -215.0000000000
206 -214.0000000000
209 -213.0000000000
210 -212.0000000000
214 -211.0000000000
215 -210.0000000000
216 -209.0000000000
222 -208.0000000000
224 -207.0000000000
225 -206.0000000000
226 -205.0000000000
228 -204.0000000000
230 -203.0000000000
231 -202.0000000000
234 -201.0000000000
235 -200.0000000000
240 -199.0000000000
241 -198.0000000000
242 -197.0000000000
244 -196.0000000000
246 -195.0000000000
250 -194.0000000000
258 -193.0000000000
259 -192.0000000000
260 -191.0000000000
262 -190.0000000000
265 -189.0000000000
267 -188.0000000000
271 -187.0000000000
273 -186.0000000000
274 -185.0000000000
277 -184.0000000000
279 -183.0000000000
280 -182.0000000000
281 -181.0000000000
286 -180.0000000000
287 -179.0000000000
288 -178.0000000000
293 -177.0000000000
297 -176.0000000000
305 -175.0000000000
314 -174.0000000000
319 -173.0000000000
322 -172.0000000000
327 -171.0000000000
328 -170.0000000000
329 -169.0000000000
330 -168.0000000000
335 -167.0000000000
336 -166.0000000000
339 -165.0000000000
345 -164.0000000000
346 -163.0000000000
351 -162.0000000000
354 -161.0000000000
362 -160.0000000000
363 -159.0000000000
369 -158.0000000000
371 -157.0000000000
372 -156.0000000000
378 -155.0000000000
380 -154.0000000000
383 -153.0000000000
399 -152.0000000000
402 -151.0000000000
408 -150.0000000000
410 -149.0000000000
411 -148.0000000000
416 -147.0000000000
417 -146.0000000000
418 -145.0000000000
422 -144.0000000000
423 -143.0000000000
425 -142.0000000000
426 -141.0000000000
442 -140.0000000000
444 -139.0000000000
454 -138.0000000000
455 -137.0000000000
456 -136.0000000000
458 -135.0000000000
466 -134.0000000000
468 -133.0000000000
471 -132.0000000000
473 -131.0000000000
481 -130.0000000000
484 -129.0000000000
490 -128.0000000000
493 -127.0000000000
496 -126.0000000000
500 -125.0000000000
505 -124.0000000000
514 -123.0000000000
515 -122.0000000000
516 -121.0000000000
517 -120.0000000000
523 -119.0000000000
525 -118.0000000000
527 -117.0000000000
532 -116.0000000000
545 -115.0000000000
559 -114.0000000000
562 -113.0000000000
564 -112.0000000000
565 -111.0000000000
570 -110.0000000000
581 -109.0000000000
583 -108.0000000000
585 -107.0000000000
597 -106.0000000000
598 -105.0000000000
602 -104.0000000000
608 -103.0000000000
612 -102.0000000000
615 -101.0000000000
616 -100.0000000000
622 -99.0000000000
629 -98.0000000000
630 -97.0000000000
634 -96.0000000000
638 -95.0000000000
647 -94.0000000000
650 -93.0000000000
652 -92.0000000000
667 -91.0000000000
675 -90.0000000000
687 -89.0000000000
698 -88.0000000000
701 -87.0000000000
702 -86.0000000000
710 -85.0000000000
712 -84.0000000000
715 -83.0000000000
717 -82.0000000000
718 -81.0000000000
724 -80.0000000000
726 -79.0000000000
738 -78.0000000000
743 -77.0000000000
744 -76.0000000000
764 -75.0000000000
770 -74.0000000000
771 -73.0000000000
776 -72.0000000000
785 -71.0000000000
788 -70.0000000000
799 -69.0000000000
808 -68.0000000000
809 -67.0000000000
810 -66.0000000000
826 -65.0000000000
827 -64.0000000000
849 -63.0000000000
852 -62.0000000000
854 -61.0000000000
857 -60.0000000000
858 -59.0000000000
871 -58.0000000000
872 -57.0000000000
885 -56.0000000000
887 -55.0000000000
901 -54.0000000000
905 -53.0000000000
919 -52.0000000000
921 -51.0000000000
925 -50.0000000000
928 -49.0000000000
929 -48.0000000000
937 -47.0000000000
959 -46.0000000000
979 -45.0000000000
986 -44.0000000000
989 -43.0000000000
999 -42.0000000000
1012 -41.0000000000
1013 -40.0000000000
1038 -39.0000000000
1057 -38.0000000000
1060 -37.0000000000
1066 -36.0000000000
1085 -35.0000000000
1086 -34.0000000000
1094 -33.0000000000
1111 -32.0000000000
1124 -31.0000000000
1181 -30.0000000000
1200 -29.0000000000
1201 -28.0000000000
1213 -27.0000000000
1218 -26.0000000000
1222 -25.0000000000
1237 -24.0000000000
1247 -23.0000000000
1261 -22.0000000000
1307 -21.0000000000
1348 -20.0000000000
1366 -19.0000000000
1367 -18.0000000000
1375 -17.0000000000
1376 -16.0000000000
1446 -15.0000000000
1452 -14.0000000000
1461 -13.0000000000
1477 -12.0000000000
1485 -11.0000000000
1540 -10.0000000000
1559 -9.0000000000
1604 -8.0000000000
1668 -7.0000000000
1676 -6.0000000000
1687 -5.0000000000
1691 -4.0000000000
1703 -3.0000000000
1714 -2.0000000000
1786 -1.0000000000
2022 486.0000000000
10001 -1.0000000000
evaluations raw_y
1 -296.0000000000
2 -295.0000000000
6 -294.0000000000
8 -293.0000000000
9 -292.0000000000
10 -291.0000000000
15 -290.0000000000
16 -289.0000000000
17 -288.0000000000
18 -287.0000000000
19 -286.0000000000
20 -285.0000000000
21 -284.0000000000
28 -283.0000000000
29 -282.0000000000
30 -281.0000000000
35 -280.0000000000
37 -279.0000000000
39 -278.0000000000
40 -277.0000000000
41 -276.0000000000
42 -275.0000000000
43 -274.0000000000
44 -273.0000000000
50 -272.0000000000
59 -271.0000000000
61 -270.0000000000
64 -269.0000000000
67 -268.0000000000
68 -267.0000000000
69 -266.0000000000
72 -265.0000000000
73 -264.0000000000
77 -263.0000000000
78 -262.0000000000
80 -261.0000000000
86 -260.0000000000
88 -259.0000000000
90 -258.0000000000
91 -257.0000000000
92 -256.0000000000
95 -255.0000000000
99 -254.0000000000
100 -253.0000000000
106 -252.0000000000
110 -251.0000000000
113 -250.0000000000
114 -249.0000000000
115 -248.0000000000
117 -247.0000000000
119 -246.0000000000
124 -245.0000000000
125 -244.0000000000
126 -243.0000000000
127 -242.0000000000
128 -241.0000000000
130 -240.0000000000
131 -239.0000000000
134 -238.0000000000
138 -237.0000000000
139 -236.0000000000
141 -235.0000000000
142 -234.0000000000
143 -233.0000000000
144 -232.0000000000
149 -231.0000000000
154 -230.0000000000
155 -229.0000000000
156 -228.0000000000
157 -227.0000000000
161 -226.0000000000
163 -225.0000000000
164 -224.0000000000
170 -223.0000000000
173 -222.0000000000
174 -221.0000000000
181 -220.0000000000
184 -219.0000000000
188 -218.0000000000
190 -217.0000000000
191 -216.0000000000
192 -215.0000000000
197 -214.0000000000
198 -213.0000000000
199 -212.0000000000
208 -211.0000000000
213 -210.0000000000
217 -209.0000000000
218 -208.0000000000
219 -207.0000000000
225 -206.0000000000
226 -205.0000000000
227 -204.0000000000
231 -203.0000000000
236 -202.0000000000
237 -201.0000000000
241 -200.0000000000
246 -199.0000000000
247 -198.0000000000
248 -197.0000000000
249 -196.0000000000
250 -195.0000000000
256 -194.0000000000
257 -193.0000000000
259 -192.0000000000
260 -191.0000000000
273 -190.0000000000
277 -189.0000000000
279 -188.0000000000
282 -187.0000000000
284 -186.0000000000
288 -185.0000000000
290 -184.0000000000
293 -183.0000000000
296 -182.0000000000
298 -181.0000000000
300 -180.0000000000
306 -179.0000000000
307 -178.0000000000
309 -177.0000000000
310 -176.0000000000
311 -175.0000000000
316 -174.0000000000
318 -173.0000000000
319 -172.0000000000
323 -171.0000000000
329 -170.0000000000
330 -169.0000000000
334 -168.0000000000
344 -167.0000000000
345 -166.0000000000
348 -165.0000000000
349 -164.0000000000
350 -163.0000000000
354 -162.0000000000
356 -161.0000000000
359 -160.0000000000
366 -159.0000000000
369 -158.0000000000
371 -157.0000000000
374 -156.0000000000
375 -155.0000000000
378 -154.0000000000
381 -153.0000000000
383 -152.0000000000
386 -151.0000000000
389 -150.0000000000
395 -149.0000000000
396 -148.0000000000
399 -147.0000000000
400 -146.0000000000
401 -145.0000000000
403 -144.0000000000
414 -143.0000000000
420 -142.0000000000
422 -141.0000000000
424 -140.0000000000
426 -139.0000000000
430 -138.0000000000
435 -137.0000000000
441 -136.0000000000
444 -135.0000000000
447 -134.0000000000
452 -133.0000000000
453 -132.0000000000
457 -131.0000000000
466 -130.0000000000
478 -129.0000000000
484 -128.0000000000
494 -127.0000000000
498 -126.0000000000
501 -125.0000000000
502 -124.0000000000
503 -123.0000000000
505 -122.0000000000
509 -121.0000000000
511 -120.0000000000
517 -119.0000000000
519 -118.0000000000
528 -117.0000000000
538 -116.0000000000
539 -115.0000000000
542 -114.0000000000
547 -113.0000000000
548 -112.0000000000
551 -111.0000000000
553 -110.0000000000
555 -109.0000000000
561 -108.0000000000
565 -107.0000000000
578 -106.0000000000
580 -105.0000000000
584 -104.0000000000
601 -103.0000000000
610 -102.0000000000
611 -101.0000000000
612 -100.0000000000
622 -99.0000000000
629 -98.0000000000
636 -97.0000000000
637 -96.0000000000
639 -95.0000000000
642 -94.0000000000
649 -93.0000000000
653 -92.0000000000
656 -91.0000000000
661 -90.0000000000
662 -89.0000000000
664 -88.0000000000
666 -87.0000000000
683 -86.0000000000
686 -85.0000000000
691 -84.0000000000
701 -83.0000000000
717 -82.0000000000
736 -81.0000000000
738 -80.0000000000
740 -79.0000000000
752 -78.0000000000
758 -77.0000000000
769 -76.0000000000
773 -75.0000000000
782 -74.0000000000
789 -73.0000000000
803 -72.0000000000
822 -71.0000000000
823 -70.0000000000
829 -69.0000000000
835 -68.0000000000
837 -67.0000000000
847 -66.0000000000
848 -65.0000000000
856 -64.0000000000
857 -63.0000000000
865 -62.0000000000
869 -61.0000000000
872 -60.0000000000
873 -59.0000000000
878 -58.0000000000
881 -57.0000000000
905 -56.0000000000
912 -55.0000000000
922 -54.0000000000
925 -53.0000000000
927 -52.0000000000
932 -51.0000000000
942 -50.0000000000
954 -49.0000000000
956 -48.0000000000
1006 -47.0000000000
1015 -46.0000000000
1018 -45.0000000000
1019 -44.0000000000
1028 -43.0000000000
1035 -42.0000000000
1037 -41.0000000000
1040 -40.0000000000
1044 -39.0000000000
1062 -38.0000000000
1132 -37.0000000000
1136 -36.0000000000
1142 -35.0000000000
1147 -34.0000000000
1156 -33.0000000000
1165 -32.0000000000
1173 -31.0000000000
1204 -30.0000000000
1213 -29.0000000000
1247 -28.0000000000
1282 -27.0000000000
1287 -26.0000000000
1289 -25.0000000000
1290 -24.0000000000
1308 -23.0000000000
1327 -22.0000000000
1336 -21.0000000000
1343 -20.0000000000
1345 -19.0000000000
1363 -18.0000000000
1382 -17.0000000000
1383 -16.0000000000
1395 -15.0000000000
1489 -14.0000000000
1556 -13.0000000000
1643 -12.0000000000
1644 -11.0000000000
1653 -10.0000000000
1734 -9.0000000000
1781 -8.0000000000
1790 -7.0000000000
1859 -6.0000000000
1950 -5.0000000000
1986 -4.0000000000
2030 -3.0000000000
2158 -2.0000000000
2201 -1.0000000000
2209 488.0000000000
10001 -1.0000000000
evaluations raw_y
1 -295.0000000000
3 -294.0000000000
8 -293.0000000000
10 -292.0000000000
11 -291.0000000000
12 -290.0000000000
13 -289.0000000000
14 -288.0000000000
16 -287.0000000000
23 -286.0000000000
24 -285.0000000000
25 -284.0000000000
26 -283.0000000000
28 -282.0000000000
29 -281.0000000000
30 -280.0000000000
34 -279.0000000000
36 -278.0000000000
39 -277.0000000000
43 -276.0000000000
46 -275.0000000000
50 -274.0000000000
51 -273.0000000000
54 -272.0000000000
56 -271.0000000000
57 -270.0000000000
58 -269.0000000000
59 -268.0000000000
60 -267.0000000000
61 -266.0000000000
64 -265.0000000000
65 -264.0000000000
67 -263.0000000000
70 -262.0000000000
73 -261.0000000000
74 -260.0000000000
76 -259.0000000000
77 -258.0000000000
78 -257.0000000000
80 -256.0000000000
82 -255.0000000000
88 -254.0000000000
92 -253.0000000000
94 -252.0000000000
96 -251.0000000000
102 -250.0000000000
103 -249.0000000000
110 -248.0000000000
111 -247.0000000000
112 -246.0000000000
117 -245.0000000000
118 -244.0000000000
120 -243.0000000000
121 -242.0000000000
123 -241.0000000000
126 -240.0000000000
127 -239.0000000000
131 -238.0000000000
135 -237.0000000000
136 -236.0000000000
138 -235.0000000000
139 -234.0000000000
141 -233.0000000000
143 -232.0000000000
144 -231.0000000000
145 -230.0000000000
149 -229.0000000000
154 -228.0000000000
158 -227.0000000000
159 -226.0000000000
160 -225.0000000000
163 -224.0000000000
166 -223.0000000000
170 -222.0000000000
177 -221.0000000000
179 -220.0000000000
181 -219.0000000000
182 -218.0000000000
186 -217.0000000000
187 -216.0000000000
190 -215.0000000000
198 -214.0000000000
199 -213.0000000000
205 -212.0000000000
206 -211.0000000000
207 -210.0000000000
208 -209.0000000000
209 -208.0000000000
212 -207.0000000000
214 -206.0000000000
215 -205.0000000000
216 -204.0000000000
225 -203.0000000000
227 -202.0000000000
231 -201.0000000000
234 -200.0000000000
239 -199.0000000000
240 -198.0000000000
241 -197.0000000000
242 -196.0000000000
244 -195.0000000000
255 -194.0000000000
256 -193.0000000000
257 -192.0000000000
261 -191.0000000000
262 -190.0000000000
263 -189.0000000000
265 -188.0000000000
266 -187.0000000000
267 -186.0000000000
268 -185.0000000000
276 -184.0000000000
278 -183.0000000000
279 -182.0000000000
286 -181.0000000000
291 -180.0000000000
293 -179.0000000000
296 -178.0000000000
297 -177.0000000000
298 -176.0000000000
301 -175.0000000000
309 -174.0000000000
317 -173.0000000000
319 -172.0000000000
320 -171.0000000000
322 -170.0000000000
323 -169.0000000000
327 -168.0000000000
329 -167.0000000000
335 -166.0000000000
338 -165.0000000000
340 -164.0000000000
341 -163.0000000000
345 -162.0000000000
347 -161.0000000000
348 -160.0000000000
349 -159.0000000000
350 -158.0000000000
351 -157.0000000000
353 -156.0000000000
358 -155.0000000000
361 -154.0000000000
368 -153.0000000000
371 -152.0000000000
373 -151.0000000000
375 -150.0000000000
376 -149.0000000000
382 -148.0000000000
385 -147.0000000000
390 -146.0000000000
398 -145.0000000000
404 -144.0000000000
407 -143.0000000000
408 -142.0000000000
415 -141.0000000000
416 -140.0000000000
417 -139.0000000000
423 -138.0000000000
426 -137.0000000000
434 -136.0000000000
435 -135.0000000000
442 -134.0000000000
443 -133.0000000000
446 -132.0000000000
447 -131.0000000000
448 -130.0000000000
449 -129.0000000000
457 -128.0000000000
459 -127.0000000000
460 -126.0000000000
463 -125.0000000000
469 -124.0000000000
470 -123.0000000000
485 -122.0000000000
492 -121.0000000000
502 -120.0000000000
504 -119.0000000000
505 -118.0000000000
507 -117.0000000000
509 -116.0000000000
511 -115.0000000000
514 -114.0000000000
515 -113.0000000000
517 -112.0000000000
523 -111.0000000000
534 -110.0000000000
539 -109.0000000000
547 -108.0000000000
548 -107.0000000000
550 -106.0000000000
556 -105.0000000000
558 -104.0000000000
564 -103.0000000000
576 -102.0000000000
577 -101.0000000000
596 -100.0000000000
602 -99.0000000000
604 -98.0000000000
610 -97.0000000000
619 -96.0000000000
620 -95.0000000000
641 -94.0000000000
658 -93.0000000000
661 -92.0000000000
668 -91.0000000000
669 -90.0000000000
673 -89.0000000000
676 -88.0000000000
697 -87.0000000000
698 -86.0000000000
701 -85.0000000000
703 -84.0000000000
704 -83.0000000000
706 -82.0000000000
707 -81.0000000000
710 -80.0000000000
717 -79.0000000000
753 -78.0000000000
760 -77.0000000000
769 -76.0000000000
774 -75.0000000000
804 -74.0000000000
809 -73.0000000000
821 -72.0000000000
822 -71.0000000000
826 -70.0000000000
832 -69.0000000000
835 -68.0000000000
838 -67.0000000000
844 -66.0000000000
848 -65.0000000000
860 -64.0000000000
882 -63.0000000000
896 -62.0000000000
899 -61.0000000000
909 -60.0000000000
910 -59.0000000000
913 -58.0000000000
914 -57.0000000000
915 -56.0000000000
922 -55.0000000000
939 -54.0000000000
943 -53.0000000000
957 -52.0000000000
964 -51.0000000000
982 -50.0000000000
985 -49.0000000000
986 -48.0000000000
1007 -47.0000000000
1016 -46.0000000000
1031 -45.0000000000
1038 -44.0000000000
1047 -43.0000000000
1061 -42.0000000000
1075 -41.0000000000
1083 -40.0000000000
1093 -39.0000000000
1115 -38.0000000000
1117 -37.0000000000
1123 -36.0000000000
1134 -35.0000000000
1190 -34.0000000000
1232 -33.0000000000
1247 -32.0000000000
1248 -31.0000000000
1282 -30.0000000000
1320 -29.0000000000
1330 -28.0000000000
1348 -27.0000000000
1349 -26.0000000000
1375 -25.0000000000
1380 -24.0000000000
1383 -23.0000000000
1386 -22.0000000000
1420 -21.0000000000
1425 -20.0000000000
1430 -19.0000000000
1508 -18.0000000000
1511 -17.0000000000
1561 -16.0000000000
1583 -15.0000000000
1591 -14.0000000000
1611 -13.0000000000
1631 -12.0000000000
1648 -11.0000000000
1683 -10.0000000000
1691 -9.0000000000
1760 -8.0000000000
1831 -7.0000000000
1857 -6.0000000000
1896 -5.0000000000
1916 -4.0000000000
1925 -3.0000000000
1934 -2.0000000000
2008 -1.0000000000
2012 488.0000000000
10001 -1.0000000000
evaluations raw_y
1 -298.0000000000
3 -297.0000000000
4 -296.0000000000
5 -295.0000000000
12 -294.0000000000
16 -293.0000000000
18 -292.0000000000
19 -291.0000000000
20 -290.0000000000
21 -289.0000000000
23 -288.0000000000
24 -287.0000000000
25 -286.0000000000
26 -285.0000000000
27 -284.0000000000
28 -283.0000000000
29 -282.0000000000
34 -281.0000000000
36 -280.0000000000
39 -279.0000000000
42 -278.0000000000
44 -277.0000000000
46 -276.0000000000
47 -275.0000000000
48 -274.0000000000
50 -273.0000000000
52 -272.0000000000
53 -271.0000000000
55 -270.0000000000
56 -269.0000000000
57 -268.0000000000
58 -267.0000000000
61 -266.0000000000
62 -265.0000000000
63 -264.0000000000
69 -263.0000000000
72 -262.0000000000
75 -261.0000000000
79 -260.0000000000
80 -259.0000000000
81 -258.0000000000
85 -257.0000000000
86 -256.0000000000
87 -255.0000000000
88 -254.0000000000
89 -253.0000000000
91 -252.0000000000
96 -251.0000000000
97 -250.0000000000
98 -249.0000000000
106 -248.0000000000
112 -247.0000000000
113 -246.0000000000
114 -245.0000000000
115 -244.0000000000
116 -243.0000000000
117 -242.0000000000
118 -241.0000000000
119 -240.0000000000
120 -239.0000000000
122 -238.0000000000
123 -237.0000000000
124 -236.0000000000
127 -235.0000000000
128 -234.0000000000
129 -233.0000000000
131 -232.0000000000
135 -231.0000000000
142 -230.0000000000
145 -229.0000000000
146 -228.0000000000
152 -227.0000000000
154 -226.0000000000
155 -225.0000000000
164 -224.0000000000
165 -223.0000000000
166 -222.0000000000
168 -221.0000000000
172 -220.0000000000
173 -219.0000000000
176 -218.0000000000
177 -217.0000000000
178 -216.0000000000
184 -215.0000000000
187 -214.0000000000
190 -213.0000000000
194 -212.0000000000
195 -211.0000000000
197 -210.0000000000
200 -209.0000000000
201 -208.0000000000
203 -207.0000000000
207 -206.0000000000
208 -205.0000000000
210 -204.0000000000
211 -203.0000000000
214 -202.0000000000
222 -201.0000000000
223 -200.0000000000
225 -199.0000000000
228 -198.0000000000
231 -197.0000000000
240 -196.0000000000
244 -195.0000000000
246 -194.0000000000
248 -193.0000000000
249 -192.0000000000
254 -191.0000000000
256 -190.0000000000
259 -189.0000000000
260 -188.0000000000
263 -187.0000000000
264 -186.0000000000
274 -185.0000000000
277 -184.0000000000
278 -183.0000000000
279 -182.0000000000
281 -181.0000000000
283 -180.0000000000
284 -179.0000000000
285 -178.0000000000
286 -177.0000000000
287 -176.0000000000
289 -175.0000000000
290 -174.0000000000
292 -173.0000000000
295 -172.0000000000
299 -171.0000000000
301 -170.0000000000
307 -169.0000000000
310 -168.0000000000
311 -167.0000000000
312 -166.0000000000
316 -165.0000000000
319 -164.0000000000
320 -163.0000000000
323 -162.0000000000
330 -161.0000000000
331 -160.0000000000
333 -159.0000000000
337 -158.0000000000
338 -157.0000000000
340 -156.0000000000
347 -155.0000000000
351 -154.0000000000
354 -153.0000000000
355 -152.0000000000
360 -151.0000000000
362 -150.0000000000
366 -149.0000000000
370 -148.0000000000
371 -147.0000000000
373 -146.0000000000
374 -145.0000000000
384 -144.0000000000
385 -143.0000000000
394 -142.0000000000
397 -141.0000000000
405 -140.0000000000
408 -139.0000000000
409 -138.0000000000
415 -137.0000000000
416 -136.0000000000
417 -135.0000000000
421 -134.0000000000
423 -133.0000000000
429 -132.0000000000
433 -131.0000000000
436 -130.0000000000
439 -129.0000000000
467 -128.0000000000
475 -127.0000000000
482 -126.0000000000
485 -125.0000000000
487 -124.0000000000
491 -123.0000000000
498 -122.0000000000
502 -121.0000000000
505 -120.0000000000
514 -119.0000000000
517 -118.0000000000
531 -117.0000000000
533 -116.0000000000
549 -115.0000000000
551 -114.0000000000
556 -113.0000000000
559 -112.0000000000
563 -111.0000000000
564 -110.0000000000
569 -109.0000000000
572 -108.0000000000
575 -107.0000000000
576 -106.0000000000
581 -105.0000000000
583 -104.0000000000
588 -103.0000000000
590 -102.0000000000
597 -101.0000000000
598 -100.0000000000
601 -99.0000000000
603 -98.0000000000
604 -97.0000000000
610 -96.0000000000
612 -95.0000000000
617 -94.0000000000
618 -93.0000000000
622 -92.0000000000
624 -91.0000000000
625 -90.0000000000
633 -89.0000000000
634 -88.0000000000
638 -87.0000000000
640 -86.0000000000
650 -85.0000000000
652 -84.0000000000
659 -83.0000000000
662 -82.0000000000
663 -81.0000000000
673 -80.0000000000
681 -79.0000000000
685 -78.0000000000
703 -77.0000000000
732 -76.0000000000
738 -75.0000000000
739 -74.0000000000
756 -73.0000000000
777 -72.0000000000
799 -71.0000000000
801 -70.0000000000
807 -69.0000000000
808 -68.0000000000
812 -67.0000000000
815 -66.0000000000
823 -65.0000000000
824 -64.0000000000
825 -63.0000000000
831 -62.0000000000
837 -61.0000000000
840 -60.0000000000
841 -59.0000000000
875 -58.0000000000
896 -57.0000000000
915 -56.0000000000
916 -55.0000000000
918 -54.0000000000
921 -53.0000000000
926 -52.0000000000
928 -51.0000000000
929 -50.0000000000
932 -49.0000000000
939 -48.0000000000
954 -47.0000000000
959 -46.0000000000
961 -45.0000000000
970 -44.0000000000
972 -43.0000000000
975 -42.0000000000
980 -41.0000000000
983 -40.0000000000
993 -39.0000000000
995 -38.0000000000
1022 -37.0000000000
1035 -36.0000000000
1060 -35.0000000000
1066 -34.0000000000
1067 -33.0000000000
1077 -32.0000000000
1086 -31.0000000000
1099 -30.0000000000
1101 -29.0000000000
1132 -28.0000000000
1162 -27.0000000000
1176 -26.0000000000
1204 -25.0000000000
1205 -24.0000000000
1212 -23.0000000000
1220 -22.0000000000
1221 -21.0000000000
1234 -20.0000000000
1253 -19.0000000000
1260 -18.0000000000
1283 -17.0000000000
1289 -16.0000000000
1294 -15.0000000000
1331 -14.0000000000
1371 -13.0000000000
1405 -12.0000000000
1407 -11.0000000000
1452 -10.0000000000
1458 -9.0000000000
1464 -8.0000000000
1474 -7.0000000000
1509 -6.0000000000
1512 -5.0000000000
1576 -4.0000000000
1685 -3.0000000000
1694 -2.0000000000
1754 -1.0000000000
1885 508.0000000000
10001 -1.0000000000
evaluations raw_y
1 -278.0000000000
2 -277.0000000000
3 -276.0000000000
4 -275.0000000000
7 -274.0000000000
8 -273.0000000000
11 -272.0000000000
12 -271.0000000000
13 -270.0000000000
16 -269.0000000000
17 -268.0000000000
18 -267.0000000000
21 -266.0000000000
25 -265.0000000000
26 -264.0000000000
29 -263.0000000000
30 -262.0000000000
41 -261.0000000000
45 -260.0000000000
46 -259.0000000000
50 -258.0000000000
51 -257.0000000000
52 -256.0000000000
53 -255.0000000000
54 -254.0000000000
56 -253.0000000000
58 -252.0000000000
60 -251.0000000000
67 -250.0000000000
71 -249.0000000000
72 -248.0000000000
74 -247.0000000000
75 -246.0000000000
76 -245.0000000000
77 -244.0000000000
79 -243.0000000000
82 -242.0000000000
83 -241.0000000000
88 -240.0000000000
89 -239.0000000000
91 -238.0000000000
98 -237.0000000000
100 -236.0000000000
103 -235.0000000000
104 -234.0000000000
105 -233.0000000000
106 -232.0000000000
108 -231.0000000000
112 -230.0000000000
113 -229.0000000000
116 -228.0000000000
119 -227.0000000000
120 -226.0000000000
121 -225.0000000000
123 -224.0000000000
125 -223.0000000000
127 -222.0000000000
128 -221.0000000000
136 -220.0000000000
139 -219.0000000000
140 -218.0000000000
141 -217.0000000000
142 -216.0000000000
144 -215.0000000000
149 -214.0000000000
150 -213.0000000000
156 -212.0000000000
164 -211.0000000000
167 -210.0000000000
169 -209.0000000000
170 -208.0000000000
171 -207.0000000000
177 -206.0000000000
183 -205.0000000000
186 -204.0000000000
187 -203.0000000000
188 -202.0000000000
192 -201.0000000000
195 -200.0000000000
196 -199.0000000000
197 -198.0000000000
200 -197.0000000000
214 -196.0000000000
217 -195.0000000000
218 -194.0000000000
222 -193.0000000000
223 -192.0000000000
226 -191.0000000000
227 -190.0000000000
229 -189.0000000000
231 -188.0000000000
232 -187.0000000000
236 -186.0000000000
239 -185.0000000000
242 -184.0000000000
250 -183.0000000000
252 -182.0000000000
254 -181.0000000000
262 -180.0000000000
264 -179.0000000000
265 -178.0000000000
267 -177.0000000000
268 -176.0000000000
270 -175.0000000000
272 -174.0000000000
275 -173.0000000000
280 -172.0000000000
281 -171.0000000000
285 -170.0000000000
286 -169.0000000000
287 -168.0000000000
294 -167.0000000000
296 -166.0000000000
297 -165.0000000000
299 -164.0000000000
303 -163.0000000000
309 -162.0000000000
315 -161.0000000000
320 -160.0000000000
322 -159.0000000000
323 -158.0000000000
324 -157.0000000000
330 -156.0000000000
339 -155.0000000000
340 -154.0000000000
341 -153.0000000000
343 -152.0000000000
345 -151.0000000000
355 -150.0000000000
359 -149.0000000000
360 -148.0000000000
364 -147.0000000000
366 -146.0000000000
375 -145.0000000000
382 -144.0000000000
384 -143.0000000000
385 -142.0000000000
389 -141.0000000000
394 -140.0000000000
400 -139.0000000000
404 -138.0000000000
405 -137.0000000000
411 -136.0000000000
415 -135.0000000000
418 -134.0000000000
420 -133.0000000000
421 -132.0000000000
422 -131.0000000000
426 -130.0000000000
430 -129.0000000000
431 -128.0000000000
440 -127.0000000000
442 -126.0000000000
449 -125.0000000000
450 -124.0000000000
453 -123.0000000000
460 -122.0000000000
462 -121.0000000000
466 -120.0000000000
467 -119.0000000000
474 -118.0000000000
475 -117.0000000000
480 -116.0000000000
488 -115.0000000000
508 -114.0000000000
511 -113.0000000000
514 -112.0000000000
517 -111.0000000000
527 -110.0000000000
539 -109.0000000000
540 -108.0000000000
541 -107.0000000000
545 -106.0000000000
546 -105.0000000000
555 -104.0000000000
562 -103.0000000000
563 -102.0000000000
585 -101.0000000000
590 -100.0000000000
593 -99.0000000000
594 -98.0000000000
595 -97.0000000000
601 -96.0000000000
609 -95.0000000000
618 -94.0000000000
620 -93.0000000000
626 -92.0000000000
633 -91.0000000000
640 -90.0000000000
651 -89.0000000000
653 -88.0000000000
665 -87.0000000000
668 -86.0000000000
676 -85.0000000000
683 -84.0000000000
684 -83.0000000000
689 -82.0000000000
691 -81.0000000000
694 -80.0000000000
695 -79.0000000000
698 -78.0000000000
701 -77.0000000000
724 -76.0000000000
736 -75.0000000000
748 -74.0000000000
761 -73.0000000000
765 -72.0000000000
766 -71.0000000000
772 -70.0000000000
779 -69.0000000000
818 -68.0000000000
826 -67.0000000000
834 -66.0000000000
846 -65.0000000000
864 -64.0000000000
866 -63.0000000000
868 -62.0000000000
869 -61.0000000000
884 -60.0000000000
902 -59.0000000000
931 -58.0000000000
932 -57.0000000000
947 -56.0000000000
954 -55.0000000000
956 -54.0000000000
970 -53.0000000000
971 -52.0000000000
987 -51.0000000000
988 -50.0000000000
999 -49.0000000000
1004 -48.0000000000
1011 -47.0000000000
1012 -46.0000000000
1075 -45.0000000000
1105 -44.0000000000
1119 -43.0000000000
1127 -42.0000000000
1130 -41.0000000000
1143 -40.0000000000
1187 -39.0000000000
1198 -38.0000000000
1206 -37.0000000000
1208 -36.0000000000
1211 -35.0000000000
1218 -34.0000000000
1244 -33.0000000000
1253 -32.0000000000
1269 -31.0000000000
1279 -30.0000000000
1280 -29.0000000000
1286 -28.0000000000
1294 -27.0000000000
1338 -26.0000000000
1346 -25.0000000000
1353 -24.0000000000
1355 -23.0000000000
1356 -22.0000000000
1385 -21.0000000000
1441 -20.0000000000
1540 -19.0000000000
1548 -18.0000000000
1566 -17.0000000000
1589 -16.0000000000
1600 -15.0000000000
1608 -14.0000000000
1617 -13.0000000000
1621 -12.0000000000
1654 -11.0000000000
1695 -10.0000000000
1696 -9.0000000000
1701 -8.0000000000
1726 -7.0000000000
1757 -6.0000000000
1793 -5.0000000000
1828 -4.0000000000
1951 -3.0000000000
1971 -2.0000000000
1973 -1.0000000000
1979 490.0000000000
10001 -1.0000000000
evaluations raw_y
1 -288.0000000000
3 -287.0000000000
4 -286.0000000000
5 -285.0000000000
8 -284.0000000000
10 -283.0000000000
19 -282.0000000000
23 -281.0000000000
24 -280.0000000000
25 -279.0000000000
30 -278.0000000000
31 -277.0000000000
34 -276.0000000000
36 -275.0000000000
39 -274.0000000000
40 -273.0000000000
41 -272.0000000000
48 -271.0000000000
49 -270.0000000000
54 -269.0000000000
55 -268.0000000000
56 -267.0000000000
57 -266.0000000000
59 -265.0000000000
60 -264.0000000000
61 -263.0000000000
66 -262.0000000000
69 -261.0000000000
70 -260.0000000000
71 -259.0000000000
72 -258.0000000000
75 -257.0000000000
77 -256.0000000000
78 -255.0000000000
79 -254.0000000000
81 -253.0000000000
82 -252.0000000000
83 -251.0000000000
92 -250.0000000000
96 -249.0000000000
98 -248.0000000000
99 -247.0000000000
104 -246.0000000000
105 -245.0000000000
107 -244.0000000000
108 -243.0000000000
110 -242.0000000000
111 -241.0000000000
117 -240.0000000000
119 -239.0000000000
120 -238.0000000000
121 -237.0000000000
122 -236.0000000000
124 -235.0000000000
126 -234.0000000000
127 -233.0000000000
128 -232.0000000000
134 -231.0000000000
136 -230.0000000000
137 -229.0000000000
140 -228.0000000000
143 -227.0000000000
145 -226.0000000000
146 -225.0000000000
152 -224.0000000000
154 -223.0000000000
157 -222.0000000000
158 -221.0000000000
159 -220.0000000000
160 -219.0000000000
167 -218.0000000000
173 -217.0000000000
177 -216.0000000000
179 -215.0000000000
184 -214.0000000000
186 -213.0000000000
187 -212.0000000000
188 -211.0000000000
189 -210.0000000000
190 -209.0000000000
194 -208.0000000000
202 -207.0000000000
203 -206.0000000000
204 -205.0000000000
206 -204.0000000000
208 -203.0000000000
210 -202.0000000000
214 -201.0000000000
218 -200.0000000000
221 -199.0000000000
238 -198.0000000000
239 -197.0000000000
240 -196.0000000000
248 -195.0000000000
256 -194.0000000000
258 -193.0000000000
261 -192.0000000000
263 -191.0000000000
267 -190.0000000000
271 -189.0000000000
272 -188.0000000000
275 -187.0000000000
276 -186.0000000000
277 -185.0000000000
285 -184.0000000000
287 -183.0000000000
292 -182.0000000000
293 -181.0000000000
295 -180.0000000000
304 -179.0000000000
306 -178.0000000000
314 -177.0000000000
321 -176.0000000000
325 -175.0000000000
328 -174.0000000000
330 -173.0000000000
331 -172.0000000000
346 -171.0000000000
347 -170.0000000000
350 -169.0000000000
354 -168.0000000000
355 -167.0000000000
357 -166.0000000000
361 -165.0000000000
364 -164.0000000000
366 -163.0000000000
369 -162.0000000000
372 -161.0000000000
374 -160.0000000000
377 -159.0000000000
387 -158.0000000000
392 -157.0000000000
393 -156.0000000000
394 -155.0000000000
396 -154.0000000000
399 -153.0000000000
407 -152.0000000000
414 -151.0000000000
415 -150.0000000000
417 -149.0000000000
418 -148.0000000000
421 -147.0000000000
423 -146.0000000000
426 -145.0000000000
427 -144.0000000000
428 -143.0000000000
431 -142.0000000000
432 -141.0000000000
435 -140.0000000000
436 -139.0000000000
437 -138.0000000000
440 -137.0000000000
441 -136.0000000000
443 -135.0000000000
444 -134.0000000000
445 -133.0000000000
446 -132.0000000000
447 -131.0000000000
451 -130.0000000000
458 -129.0000000000
461 -128.0000000000
469 -127.0000000000
473 -126.0000000000
474 -125.0000000000
476 -124.0000000000
479 -123.0000000000
480 -122.0000000000
484 -121.0000000000
486 -120.0000000000
487 -119.0000000000
488 -118.0000000000
490 -117.0000000000
495 -116.0000000000
496 -115.0000000000
510 -114.0000000000
511 -113.0000000000
514 -112.0000000000
517 -111.0000000000
520 -110.0000000000
522 -109.0000000000
531 -108.0000000000
533 -107.0000000000
534 -106.0000000000
536 -105.0000000000
538 -104.0000000000
555 -103.0000000000
558 -102.0000000000
566 -101.0000000000
572 -100.0000000000
575 -99.0000000000
576 -98.0000000000
580 -97.0000000000
593 -96.0000000000
597 -95.0000000000
600 -94.0000000000
617 -93.0000000000
625 -92.0000000000
626 -91.0000000000
629 -90.0000000000
642 -89.0000000000
647 -88.0000000000
651 -87.0000000000
656 -86.0000000000
663 -85.0000000000
668 -84.0000000000
669 -83.0000000000
687 -82.0000000000
688 -81.0000000000
690 -80.0000000000
692 -79.0000000000
697 -78.0000000000
703 -77.0000000000
713 -76.0000000000
716 -75.0000000000
718 -74.0000000000
730 -73.0000000000
733 -72.0000000000
740 -71.0000000000
741 -70.0000000000
743 -69.0000000000
747 -68.0000000000
749 -67.0000000000
756 -66.0000000000
760 -65.0000000000
767 -64.0000000000
774 -63.0000000000
795 -62.0000000000
801 -61.0000000000
831 -60.0000000000
833 -59.0000000000
839 -58.0000000000
843 -57.0000000000
851 -56.0000000000
852 -55.0000000000
859 -54.0000000000
866 -53.0000000000
871 -52.0000000000
872 -51.0000000000
881 -50.0000000000
883 -49.0000000000
899 -48.0000000000
910 -47.0000000000
919 -46.0000000000
933 -45.0000000000
953 -44.0000000000
954 -43.0000000000
955 -42.0000000000
966 -41.0000000000
970 -40.0000000000
985 -39.0000000000
986 -38.0000000000
1002 -37.0000000000
1004 -36.0000000000
1017 -35.0000000000
1025 -34.0000000000
1047 -33.0000000000
1056 -32.0000000000
1069 -31.0000000000
1097 -30.0000000000
1109 -29.0000000000
1134 -28.0000000000
1153 -27.0000000000
1181 -26.0000000000
1182 -25.0000000000
1203 -24.0000000000
1211 -23.0000000000
1215 -22.0000000000
1217 -21.0000000000
1225 -20.0000000000
1229 -19.0000000000
1281 -18.0000000000
1311 -17.0000000000
1345 -16.0000000000
1364 -15.0000000000
1384 -14.0000000000
1415 -13.0000000000
1482 -12.0000000000
1483 -11.0000000000
1492 -10.0000000000
1510 -9.0000000000
1531 -8.0000000000
1546 -7.0000000000
1568 -6.0000000000
1613 -5.0000000000
1636 -4.0000000000
1768 -3.0000000000
1817 -2.0000000000
1872 -1.0000000000
1899 496.0000000000
10001 -1.0000000000
evaluations raw_y
1 -311.0000000000
2 -310.0000000000
4 -309.0000000000
5 -308.0000000000
7 -307.0000000000
8 -306.0000000000
11 -305.0000000000
13 -304.0000000000
14 -303.0000000000
15 -302.0000000000
17 -301.0000000000
18 -300.0000000000
19 -299.0000000000
22 -298.0000000000
23 -297.0000000000
27 -296.0000000000
28 -295.0000000000
29 -294.0000000000
31 -293.0000000000
34 -292.0000000000
35 -291.0000000000
36 -290.0000000000
40 -289.0000000000
42 -288.0000000000
43 -287.0000000000
45 -286.0000000000
47 -285.0000000000
48 -284.0000000000
49 -283.0000000000
51 -282.0000000000
54 -281.0000000000
56 -280.0000000000
57 -279.0000000000
63 -278.0000000000
64 -277.0000000000
65 -276.0000000000
67 -275.0000000000
69 -274.0000000000
70 -273.0000000000
71 -272.0000000000
72 -271.0000000000
74 -270.0000000000
76 -269.0000000000
77 -268.0000000000
78 -267.0000000000
81 -266.0000000000
83 -265.0000000000
86 -264.0000000000
91 -263.0000000000
94 -262.0000000000
96 -261.0000000000
97 -260.0000000000
100 -259.0000000000
102 -258.0000000000
103 -257.0000000000
113 -256.0000000000
115 -255.0000000000
117 -254.0000000000
121 -253.0000000000
124 -252.0000000000
125 -251.0000000000
127 -250.0000000000
129 -249.0000000000
131 -248.0000000000
132 -247.0000000000
136 -246.0000000000
138 -245.0000000000
140 -244.0000000000
143 -243.0000000000
145 -242.0000000000
147 -241.0000000000
148 -240.0000000000
150 -239.0000000000
151 -238.0000000000
153 -237.0000000000
154 -236.0000000000
155 -235.0000000000
156 -234.0000000000
158 -233.0000000000
159 -232.0000000000
163 -231.0000000000
170 -230.0000000000
175 -229.0000000000
181 -228.0000000000
184 -227.0000000000
185 -226.0000000000
187 -225.0000000000
193 -224.0000000000
196 -223.0000000000
208 -222.0000000000
209 -221.0000000000
210 -220.0000000000
211 -219.0000000000
213 -218.0000000000
221 -217.0000000000
226 -216.0000000000
236 -215.0000000000
242 -214.0000000000
243 -213.0000000000
248 -212.0000000000
249 -211.0000000000
253 -210.0000000000
255 -209.0000000000
258 -208.0000000000
259 -207.0000000000
261 -206.0000000000
266 -205.0000000000
275 -204.0000000000
277 -203.0000000000
279 -202.0000000000
281 -201.0000000000
282 -200.0000000000
284 -199.0000000000
289 -198.0000000000
293 -197.0000000000
296 -196.0000000000
298 -195.0000000000
301 -194.0000000000
303 -193.0000000000
308 -192.0000000000
312 -191.0000000000
313 -190.0000000000
315 -189.0000000000
317 -188.0000000000
327 -187.0000000000
331 -186.0000000000
333 -185.0000000000
334 -184.0000000000
338 -183.0000000000
346 -182.0000000000
348 -181.0000000000
350 -180.0000000000
351 -179.0000000000
356 -178.0000000000
357 -177.0000000000
358 -176.0000000000
360 -175.0000000000
362 -174.0000000000
367 -173.0000000000
370 -172.0000000000
377 -171.0000000000
381 -170.0000000000
382 -169.0000000000
386 -168.0000000000
387 -167.0000000000
393 -166.0000000000
394 -165.0000000000
395 -164.0000000000
398 -163.0000000000
401 -162.0000000000
402 -161.0000000000
404 -160.0000000000
407 -159.0000000000
425 -158.0000000000
429 -157.0000000000
435 -156.0000000000
436 -155.0000000000
442 -154.0000000000
445 -153.0000000000
447 -152.0000000000
455 -151.0000000000
456 -150.0000000000
458 -149.0000000000
459 -148.0000000000
462 -147.0000000000
472 -146.0000000000
475 -145.0000000000
481 -144.0000000000
482 -143.0000000000
483 -142.0000000000
485 -141.0000000000
487 -140.0000000000
490 -139.0000000000
491 -138.0000000000
492 -137.0000000000
493 -136.0000000000
494 -135.0000000000
497 -134.0000000000
498 -133.0000000000
499 -132.0000000000
501 -131.0000000000
507 -130.0000000000
508 -129.0000000000
515 -128.0000000000
516 -127.0000000000
519 -126.0000000000
524 -125.0000000000
528 -124.0000000000
530 -123.0000000000
532 -122.0000000000
537 -121.0000000000
542 -120.0000000000
544 -119.0000000000
547 -118.0000000000
549 -117.0000000000
550 -116.0000000000
551 -115.0000000000
562 -114.0000000000
563 -113.0000000000
566 -112.0000000000
570 -111.0000000000
574 -110.0000000000
578 -109.0000000000
583 -108.0000000000
585 -107.0000000000
586 -106.0000000000
591 -105.0000000000
592 -104.0000000000
594 -103.0000000000
596 -102.0000000000
602 -101.0000000000
605 -100.0000000000
608 -99.0000000000
609 -98.0000000000
613 -97.0000000000
623 -96.0000000000
625 -95.0000000000
626 -94.0000000000
628 -93.0000000000
629 -92.0000000000
632 -91.0000000000
639 -90.0000000000
645 -89.0000000000
648 -88.0000000000
649 -87.0000000000
655 -86.0000000000
664 -85.0000000000
676 -84.0000000000
682 -83.0000000000
695 -82.0000000000
699 -81.0000000000
708 -80.0000000000
712 -79.0000000000
713 -78.0000000000
725 -77.0000000000
726 -76.0000000000
728 -75.0000000000
734 -74.0000000000
740 -73.0000000000
741 -72.0000000000
744 -71.0000000000
750 -70.0000000000
751 -69.0000000000
756 -68.0000000000
760 -67.0000000000
763 -66.0000000000
768 -65.0000000000
777 -64.0000000000
784 -63.0000000000
798 -62.0000000000
806 -61.0000000000
823 -60.0000000000
824 -59.0000000000
846 -58.0000000000
863 -57.0000000000
874 -56.0000000000
879 -55.0000000000
884 -54.0000000000
885 -53.0000000000
900 -52.0000000000
920 -51.0000000000
930 -50.0000000000
935 -49.0000000000
955 -48.0000000000
977 -47.0000000000
1004 -46.0000000000
1036 -45.0000000000
1043 -44.0000000000
1047 -43.0000000000
1049 -42.0000000000
1051 -41.0000000000
1052 -40.0000000000
1056 -39.0000000000
1086 -38.0000000000
1088 -37.0000000000
1092 -36.0000000000
1133 -35.0000000000
1135 -34.0000000000
1136 -33.0000000000
1147 -32.0000000000
1175 -31.0000000000
1181 -30.0000000000
1191 -29.0000000000
1193 -28.0000000000
1196 -27.0000000000
1210 -26.0000000000
1245 -25.0000000000
1249 -24.0000000000
1269 -23.0000000000
1291 -22.0000000000
1293 -21.0000000000
1326 -20.0000000000
1362 -19.0000000000
1393 -18.0000000000
1394 -17.0000000000
1406 -16.0000000000
1408 -15.0000000000
1461 -14.0000000000
1464 -13.0000000000
1519 -12.0000000000
1557 -11.0000000000
1585 -10.0000000000
1586 -9.0000000000
1597 -8.0000000000
1627 -7.0000000000
1631 -6.0000000000
1648 -5.0000000000
1681 -4.0000000000
1729 -3.0000000000
1803 -2.0000000000
1812 -1.0000000000
1838 507.0000000000
10001 -1.0000000000
evaluations raw_y
1 -298.0000000000
3 -297.0000000000
4 -296.0000000000
9 -295.0000000000
11 -294.0000000000
12 -293.0000000000
13 -292.0000000000
18 -291.0000000000
19 -290.0000000000
21 -289.0000000000
24 -288.0000000000
29 -287.0000000000
30 -286.0000000000
31 -285.0000000000
32 -284.0000000000
35 -283.0000000000
37 -282.0000000000
38 -281.0000000000
40 -280.0000000000
41 -279.0000000000
42 -278.0000000000
44 -277.0000000000
45 -276.0000000000
47 -275.0000000000
49 -274.0000000000
53 -273.0000000000
54 -272.0000000000
55 -271.0000000000
56 -270.0000000000
57 -269.0000000000
60 -268.0000000000
61 -267.0000000000
63 -266.0000000000
66 -265.0000000000
67 -264.0000000000
70 -263.0000000000
75 -262.0000000000
76 -261.0000000000
80 -260.0000000000
83 -259.0000000000
84 -258.0000000000
86 -257.0000000000
87 -256.0000000000
89 -255.0000000000
91 -254.0000000000
93 -253.0000000000
96 -252.0000000000
97 -251.0000000000
98 -250.0000000000
99 -249.0000000000
102 -248.0000000000
104 -247.0000000000
105 -246.0000000000
106 -245.0000000000
109 -244.0000000000
112 -243.0000000000
113 -242.0000000000
117 -241.0000000000
119 -240.0000000000
120 -239.0000000000
122 -238.0000000000
123 -237.0000000000
124 -236.0000000000
125 -235.0000000000
126 -234.0000000000
132 -233.0000000000
138 -232.0000000000
139 -231.0000000000
143 -230.0000000000
146 -229.0000000000
149 -228.0000000000
164 -227.0000000000
165 -226.0000000000
169 -225.0000000000
170 -224.0000000000
174 -223.0000000000
175 -222.0000000000
176 -221.0000000000
178 -220.0000000000
185 -219.0000000000
186 -218.0000000000
187 -217.0000000000
189 -216.0000000000
190 -215.0000000000
193 -214.0000000000
194 -213.0000000000
195 -212.0000000000
196 -211.0000000000
197 -210.0000000000
198 -209.0000000000
199 -208.0000000000
200 -207.0000000000
201 -206.0000000000
202 -205.0000000000
206 -204.0000000000
208 -203.0000000000
210 -202.0000000000
211 -201.0000000000
218 -200.0000000000
220 -199.0000000000
224 -198.0000000000
227 -197.0000000000
234 -196.0000000000
235 -195.0000000000
236 -194.0000000000
237 -193.0000000000
241 -192.0000000000
242 -191.0000000000
243 -190.0000000000
249 -189.0000000000
252 -188.0000000000
253 -187.0000000000
254 -186.0000000000
255 -185.0000000000
257 -184.0000000000
267 -183.0000000000
270 -182.0000000000
272 -181.0000000000
276 -180.0000000000
278 -179.0000000000
280 -178.0000000000
286 -177.0000000000
291 -176.0000000000
297 -175.0000000000
298 -174.0000000000
299 -173.0000000000
305 -172.0000000000
306 -171.0000000000
310 -170.0000000000
315 -169.0000000000
319 -168.0000000000
320 -167.0000000000
321 -166.0000000000
324 -165.0000000000
326 -164.0000000000
327 -163.0000000000
333 -162.0000000000
337 -161.0000000000
346 -160.0000000000
348 -159.0000000000
350 -158.0000000000
351 -157.0000000000
354 -156.0000000000
364 -155.0000000000
368 -154.0000000000
371 -153.0000000000
375 -152.0000000000
376 -151.0000000000
380 -150.0000000000
382 -149.0000000000
387 -148.0000000000
390 -147.0000000000
392 -146.0000000000
394 -145.0000000000
397 -144.0000000000
399 -143.0000000000
409 -142.0000000000
411 -141.0000000000
413 -140.0000000000
421 -139.0000000000
423 -138.0000000000
428 -137.0000000000
430 -136.0000000000
440 -135.0000000000
443 -134.0000000000
449 -133.0000000000
453 -132.0000000000
458 -131.0000000000
461 -130.0000000000
467 -129.0000000000
469 -128.0000000000
474 -127.0000000000
478 -126.0000000000
479 -125.0000000000
481 -124.0000000000
484 -123.0000000000
485 -122.0000000000
500 -121.0000000000
504 -120.0000000000
510 -119.0000000000
513 -118.0000000000
519 -117.0000000000
521 -116.0000000000
532 -115.0000000000
537 -114.0000000000
548 -113.0000000000
549 -112.0000000000
557 -111.0000000000
560 -110.0000000000
565 -109.0000000000
567 -108.0000000000
574 -107.0000000000
583 -106.0000000000
592 -105.0000000000
594 -104.0000000000
603 -103.0000000000
622 -102.0000000000
626 -101.0000000000
638 -100.0000000000
639 -99.0000000000
642 -98.0000000000
645 -97.0000000000
649 -96.0000000000
658 -95.0000000000
662 -94.0000000000
666 -93.0000000000
670 -92.0000000000
675 -91.0000000000
676 -90.0000000000
683 -89.0000000000
684 -88.0000000000
688 -87.0000000000
690 -86.0000000000
713 -85.0000000000
726 -84.0000000000
727 -83.0000000000
732 -82.0000000000
737 -81.0000000000
739 -80.0000000000
740 -79.0000000000
747 -78.0000000000
752 -77.0000000000
758 -76.0000000000
759 -75.0000000000
765 -74.0000000000
769 -73.0000000000
771 -72.0000000000
795 -71.0000000000
799 -70.0000000000
809 -69.0000000000
821 -68.0000000000
846 -67.0000000000
847 -66.0000000000
857 -65.0000000000
868 -64.0000000000
880 -63.0000000000
893 -62.0000000000
895 -61.0000000000
903 -60.0000000000
905 -59.0000000000
913 -58.0000000000
942 -57.0000000000
946 -56.0000000000
954 -55.0000000000
964 -54.0000000000
965 -53.0000000000
969 -52.0000000000
981 -51.0000000000
992 -50.0000000000
993 -49.0000000000
1016 -48.0000000000
1038 -47.0000000000
1053 -46.0000000000
1059 -45.0000000000
1102 -44.0000000000
1138 -43.0000000000
1154 -42.0000000000
1164 -41.0000000000
1169 -40.0000000000
1174 -39.0000000000
1184 -38.0000000000
1191 -37.0000000000
1196 -36.0000000000
1221 -35.0000000000
1232 -34.0000000000
1263 -33.0000000000
1305 -32.0000000000
1316 -31.0000000000
1318 -30.0000000000
1319 -29.0000000000
1325 -28.0000000000
1329 -27.0000000000
1348 -26.0000000000
1388 -25.0000000000
1433 -24.0000000000
1437 -23.0000000000
1456 -22.0000000000
1485 -21.0000000000
1496 -20.0000000000
1502 -19.0000000000
1523 -18.0000000000
1535 -17.0000000000
1568 -16.0000000000
1576 -15.0000000000
1609 -14.0000000000
1663 -13.0000000000
1694 -12.0000000000
1766 -11.0000000000
1773 -10.0000000000
1792 -9.0000000000
1825 -8.0000000000
1881 -7.0000000000
1895 -6.0000000000
1896 -5.0000000000
1899 -4.0000000000
1909 -3.0000000000
2118 -2.0000000000
2126 -1.0000000000
2138 463.0000000000
10001 -1.0000000000
evaluations raw_y
1 -289.0000000000
7 -288.0000000000
11 -287.0000000000
13 -286.0000000000
14 -285.0000000000
16 -284.0000000000
17 -283.0000000000
19 -282.0000000000
23 -281.0000000000
26 -280.0000000000
30 -279.0000000000
31 -278.0000000000
32 -277.0000000000
33 -276.0000000000
35 -275.0000000000
37 -274.0000000000
38 -273.0000000000
39 -272.0000000000
40 -271.0000000000
43 -270.0000000000
44 -269.0000000000
50 -268.0000000000
52 -267.0000000000
56 -266.0000000000
59 -265.0000000000
61 -264.0000000000
62 -263.0000000000
64 -262.0000000000
65 -261.0000000000
66 -260.0000000000
70 -259.0000000000
71 -258.0000000000
76 -257.0000000000
77 -256.0000000000
79 -255.0000000000
83 -254.0000000000
86 -253.0000000000
89 -252.0000000000
92 -251.0000000000
100 -250.0000000000
101 -249.0000000000
108 -248.0000000000
117 -247.0000000000
118 -246.0000000000
122 -245.0000000000
124 -244.0000000000
126 -243.0000000000
128 -242.0000000000
129 -241.0000000000
136 -240.0000000000
137 -239.0000000000
139 -238.0000000000
141 -237.0000000000
143 -236.0000000000
146 -235.0000000000
147 -234.0000000000
149 -233.0000000000
150 -232.0000000000
159 -231.0000000000
160 -230.0000000000
162 -229.0000000000
163 -228.0000000000
166 -227.0000000000
177 -226.0000000000
178 -225.0000000000
179 -224.0000000000
181 -223.0000000000
182 -222.0000000000
183 -221.0000000000
184 -220.0000000000
192 -219.0000000000
195 -218.0000000000
197 -217.0000000000
198 -216.0000000000
199 -215.0000000000
201 -214.0000000000
202 -213.0000000000
210 -212.0000000000
213 -211.0000000000
217 -210.0000000000
220 -209.0000000000
222 -208.0000000000
223 -207.0000000000
226 -206.0000000000
227 -205.0000000000
229 -204.0000000000
232 -203.0000000000
233 -202.0000000000
236 -201.0000000000
242 -200.0000000000
243 -199.0000000000
250 -198.0000000000
252 -197.0000000000
254 -196.0000000000
256 -195.0000000000
261 -194.0000000000
263 -193.0000000000
267 -192.0000000000
269 -191.0000000000
274 -190.0000000000
275 -189.0000000000
276 -188.0000000000
284 -187.0000000000
291 -186.0000000000
298 -185.0000000000
302 -184.0000000000
305 -183.0000000000
309 -182.0000000000
310 -181.0000000000
315 -180.0000000000
317 -179.0000000000
318 -178.0000000000
320 -177.0000000000
324 -176.0000000000
331 -175.0000000000
336 -174.0000000000
337 -173.0000000000
340 -172.0000000000
342 -171.0000000000
350 -170.0000000000
354 -169.0000000000
355 -168.0000000000
356 -167.0000000000
360 -166.0000000000
371 -165.0000000000
373 -164.0000000000
376 -163.0000000000
386 -162.0000000000
391 -161.0000000000
397 -160.0000000000
399 -159.0000000000
400 -158.0000000000
402 -157.0000000000
404 -156.0000000000
408 -155.0000000000
409 -154.0000000000
413 -153.0000000000
414 -152.0000000000
421 -151.0000000000
423 -150.0000000000
424 -149.0000000000
425 -148.0000000000
429 -147.0000000000
437 -146.0000000000
441 -145.0000000000
442 -144.0000000000
444 -143.0000000000
460 -142.0000000000
462 -141.0000000000
463 -140.0000000000
464 -139.0000000000
466 -138.0000000000
467 -137.0000000000
469 -136.0000000000
470 -135.0000000000
471 -134.0000000000
479 -133.0000000000
481 -132.0000000000
485 -131.0000000000
486 -130.0000000000
491 -129.0000000000
493 -128.0000000000
494 -127.0000000000
499 -126.0000000000
501 -125.0000000000
505 -124.0000000000
510 -123.0000000000
514 -122.0000000000
516 -121.0000000000
517 -120.0000000000
525 -119.0000000000
535 -118.0000000000
548 -117.0000000000
552 -116.0000000000
554 -115.0000000000
561 -114.0000000000
562 -113.0000000000
563 -112.0000000000
569 -111.0000000000
574 -110.0000000000
575 -109.0000000000
579 -108.0000000000
581 -107.0000000000
601 -106.0000000000
611 -105.0000000000
624 -104.0000000000
631 -103.0000000000
650 -102.0000000000
655 -101.0000000000
656 -100.0000000000
665 -99.0000000000
669 -98.0000000000
670 -97.0000000000
673 -96.0000000000
678 -95.0000000000
686 -94.0000000000
687 -93.0000000000
691 -92.0000000000
694 -91.0000000000
695 -90.0000000000
697 -89.0000000000
700 -88.0000000000
709 -87.0000000000
712 -86.0000000000
725 -85.0000000000
733 -84.0000000000
749 -83.0000000000
750 -82.0000000000
762 -81.0000000000
765 -80.0000000000
770 -79.0000000000
788 -78.0000000000
792 -77.0000000000
796 -76.0000000000
799 -75.0000000000
800 -74.0000000000
806 -73.0000000000
812 -72.0000000000
821 -71.0000000000
822 -70.0000000000
840 -69.0000000000
845 -68.0000000000
847 -67.0000000000
855 -66.0000000000
863 -65.0000000000
870 -64.0000000000
885 -63.0000000000
893 -62.0000000000
902 -61.0000000000
914 -60.0000000000
918 -59.0000000000
919 -58.0000000000
925 -57.0000000000
936 -56.0000000000
941 -55.0000000000
947 -54.0000000000
950 -53.0000000000
960 -52.0000000000
970 -51.0000000000
986 -50.0000000000
991 -49.0000000000
1019 -48.0000000000
1020 -47.0000000000
1031 -46.0000000000
1047 -45.0000000000
1052 -44.0000000000
1060 -43.0000000000
1069 -42.0000000000
1081 -41.0000000000
1082 -40.0000000000
1094 -39.0000000000
1102 -38.0000000000
1108 -37.0000000000
1109 -36.0000000000
1116 -35.0000000000
1117 -34.0000000000
1120 -33.0000000000
1121 -32.0000000000
1125 -31.0000000000
1136 -30.0000000000
1140 -29.0000000000
1144 -28.0000000000
1150 -27.0000000000
1156 -26.0000000000
1158 -25.0000000000
1172 -24.0000000000
1178 -23.0000000000
1195 -22.0000000000
1201 -21.0000000000
1213 -20.0000000000
1214 -19.0000000000
1235 -18.0000000000
1276 -17.0000000000
1299 -16.0000000000
1396 -15.0000000000
1434 -14.0000000000
1438 -13.0000000000
1458 -12.0000000000
1459 -11.0000000000
1511 -10.0000000000
1551 -9.0000000000
1573 -8.0000000000
1577 -7.0000000000
1605 -6.0000000000
1634 -5.0000000000
1727 -4.0000000000
1811 -3.0000000000
1845 -2.0000000000
1892 -1.0000000000
1926 516.0000000000
10001 -1.0000000000
evaluations raw_y
1 -302.0000000000
2 -301.0000000000
3 -300.0000000000
4 -299.0000000000
6 -298.0000000000
7 -297.0000000000
9 -296.0000000000
11 -295.0000000000
12 -294.0000000000
13 -293.0000000000
16 -292.0000000000
19 -291.0000000000
20 -290.0000000000
21 -289.0000000000
22 -288.0000000000
24 -287.0000000000
25 -286.0000000000
33 -285.0000000000
34 -284.0000000000
35 -283.0000000000
37 -282.0000000000
40 -281.0000000000
44 -280.0000000000
47 -279.0000000000
49 -278.0000000000
50 -277.0000000000
52 -276.0000000000
53 -275.0000000000
56 -274.0000000000
59 -273.0000000000
60 -272.0000000000
61 -271.0000000000
62 -270.0000000000
64 -269.0000000000
65 -268.0000000000
66 -267.0000000000
71 -266.0000000000
73 -265.0000000000
75 -264.0000000000
77 -263.0000000000
79 -262.0000000000
80 -261.0000000000
81 -260.0000000000
82 -259.0000000000
83 -258.0000000000
84 -257.0000000000
86 -256.0000000000
88 -255.0000000000
89 -254.0000000000
90 -253.0000000000
92 -252.0000000000
96 -251.0000000000
97 -250.0000000000
98 -249.0000000000
101 -248.0000000000
107 -247.0000000000
108 -246.0000000000
112 -245.0000000000
116 -244.0000000000
117 -243.0000000000
119 -242.0000000000
120 -241.0000000000
122 -240.0000000000
126 -239.0000000000
129 -238.0000000000
144 -237.0000000000
145 -236.0000000000
146 -235.0000000000
147 -234.0000000000
148 -233.0000000000
150 -232.0000000000
153 -231.0000000000
155 -230.0000000000
157 -229.0000000000
160 -228.0000000000
161 -227.0000000000
164 -226.0000000000
165 -225.0000000000
166 -224.0000000000
167 -223.0000000000
168 -222.0000000000
171 -221.0000000000
172 -220.0000000000
173 -219.0000000000
180 -218.0000000000
182 -217.0000000000
184 -216.0000000000
190 -215.0000000000
194 -214.0000000000
195 -213.0000000000
196 -212.0000000000
201 -211.0000000000
203 -210.0000000000
207 -209.0000000000
216 -208.0000000000
220 -207.0000000000
223 -206.0000000000
224 -205.0000000000
226 -204.0000000000
227 -203.0000000000
229 -202.0000000000
230 -201.0000000000
233 -200.0000000000
238 -199.0000000000
240 -198.0000000000
245 -197.0000000000
252 -196.0000000000
256 -195.0000000000
258 -194.0000000000
261 -193.0000000000
263 -192.0000000000
271 -191.0000000000
276 -190.0000000000
282 -189.0000000000
285 -188.0000000000
293 -187.0000000000
296 -186.0000000000
297 -185.0000000000
298 -184.0000000000
302 -183.0000000000
303 -182.0000000000
308 -181.0000000000
312 -180.0000000000
313 -179.0000000000
319 -178.0000000000
326 -177.0000000000
327 -176.0000000000
341 -175.0000000000
348 -174.0000000000
349 -173.0000000000
350 -172.0000000000
352 -171.0000000000
358 -170.0000000000
359 -169.0000000000
361 -168.0000000000
362 -167.0000000000
363 -166.0000000000
371 -165.0000000000
377 -164.0000000000
378 -163.0000000000
381 -162.0000000000
382 -161.0000000000
385 -160.0000000000
391 -159.0000000000
392 -158.0000000000
394 -157.0000000000
396 -156.0000000000
399 -155.0000000000
400 -154.0000000000
404 -153.0000000000
405 -152.0000000000
407 -151.0000000000
414 -150.0000000000
416 -149.0000000000
418 -148.0000000000
420 -147.0000000000
424 -146.0000000000
425 -145.0000000000
436 -144.0000000000
437 -143.0000000000
440 -142.0000000000
446 -141.0000000000
451 -140.0000000000
455 -139.0000000000
463 -138.0000000000
464 -137.0000000000
470 -136.0000000000
476 -135.0000000000
478 -134.0000000000
479 -133.0000000000
491 -132.0000000000
499 -131.0000000000
504 -130.0000000000
506 -129.0000000000
507 -128.0000000000
508 -127.0000000000
511 -126.0000000000
518 -125.0000000000
521 -124.0000000000
523 -123.0000000000
524 -122.0000000000
527 -121.0000000000
531 -120.0000000000
534 -119.0000000000
535 -118.0000000000
543 -117.0000000000
549 -116.0000000000
554 -115.0000000000
562 -114.0000000000
569 -113.0000000000
572 -112.0000000000
574 -111.0000000000
576 -110.0000000000
578 -109.0000000000
591 -108.0000000000
596 -107.0000000000
607 -106.0000000000
612 -105.0000000000
616 -104.0000000000
617 -103.0000000000
619 -102.0000000000
621 -101.0000000000
628 -100.0000000000
632 -99.0000000000
645 -98.0000000000
655 -97.0000000000
657 -96.0000000000
660 -95.0000000000
664 -94.0000000000
667 -93.0000000000
669 -92.0000000000
679 -91.0000000000
684 -90.0000000000
690 -89.0000000000
694 -88.0000000000
695 -87.0000000000
698 -86.0000000000
703 -85.0000000000
713 -84.0000000000
720 -83.0000000000
736 -82.0000000000
737 -81.0000000000
738 -80.0000000000
741 -79.0000000000
751 -78.0000000000
758 -77.0000000000
761 -76.0000000000
762 -75.0000000000
764 -74.0000000000
770 -73.0000000000
772 -72.0000000000
774 -71.0000000000
799 -70.0000000000
800 -69.0000000000
802 -68.0000000000
804 -67.0000000000
819 -66.0000000000
826 -65.0000000000
833 -64.0000000000
847 -63.0000000000
849 -62.0000000000
852 -61.0000000000
856 -60.0000000000
865 -59.0000000000
870 -58.0000000000
881 -57.0000000000
882 -56.0000000000
889 -55.0000000000
917 -54.0000000000
976 -53.0000000000
977 -52.0000000000
990 -51.0000000000
1007 -50.0000000000
1025 -49.0000000000
1063 -48.0000000000
1064 -47.0000000000
1070 -46.0000000000
1075 -45.0000000000
1077 -44.0000000000
1085 -43.0000000000
1089 -42.0000000000
1095 -41.0000000000
1116 -40.0000000000
1126 -39.0000000000
1139 -38.0000000000
1146 -37.0000000000
1147 -36.0000000000
1151 -35.0000000000
1165 -34.0000000000
1196 -33.0000000000
1199 -32.0000000000
1200 -31.0000000000
1211 -30.0000000000
1213 -29.0000000000
1222 -28.0000000000
1226 -27.0000000000
1245 -26.0000000000
1249 -25.0000000000
1263 -24.0000000000
1266 -23.0000000000
1267 -22.0000000000
1292 -21.0000000000
1297 -20.0000000000
1327 -19.0000000000
1358 -18.0000000000
1373 -17.0000000000
1396 -16.0000000000
1404 -15.0000000000
1444 -14.0000000000
1449 -13.0000000000
1494 -12.0000000000
1555 -11.0000000000
1570 -10.0000000000
1594 -9.0000000000
1639 -8.0000000000
1672 -7.0000000000
1680 -6.0000000000
1685 -5.0000000000
1693 -4.0000000000
1733 -3.0000000000
1741 -2.0000000000
1793 -1.0000000000
1858 494.0000000000
10001 -1.0000000000
evaluations raw_y
1 -282.0000000000
2 -281.0000000000
3 -280.0000000000
5 -279.0000000000
6 -278.0000000000
7 -277.0000000000
10 -276.0000000000
14 -275.0000000000
15 -274.0000000000
16 -273.0000000000
17 -272.0000000000
20 -271.0000000000
22 -270.0000000000
23 -269.0000000000
24 -268.0000000000
27 -267.0000000000
28 -266.0000000000
29 -265.0000000000
33 -264.0000000000
40 -263.0000000000
44 -262.0000000000
48 -261.0000000000
49 -260.0000000000
50 -259.0000000000
54 -258.0000000000
57 -257.0000000000
58 -256.0000000000
59 -255.0000000000
61 -254.0000000000
62 -253.0000000000
66 -252.0000000000
67 -251.0000000000
69 -250.0000000000
70 -249.0000000000
73 -248.0000000000
74 -247.0000000000
79 -246.0000000000
80 -245.0000000000
81 -244.0000000000
82 -243.0000000000
84 -242.0000000000
86 -241.0000000000
87 -240.0000000000
89 -239.0000000000
90 -238.0000000000
92 -237.0000000000
94 -236.0000000000
97 -235.0000000000
98 -234.0000000000
101 -233.0000000000
103 -232.0000000000
104 -231.0000000000
106 -230.0000000000
107 -229.0000000000
108 -228.0000000000
115 -227.0000000000
116 -226.0000000000
117 -225.0000000000
118 -224.0000000000
119 -223.0000000000
123 -222.0000000000
124 -221.0000000000
125 -220.0000000000
129 -219.0000000000
130 -218.0000000000
132 -217.0000000000
133 -216.0000000000
138 -215.0000000000
139 -214.0000000000
140 -213.0000000000
143 -212.0000000000
144 -211.0000000000
145 -210.0000000000
148 -209.0000000000
150 -208.0000000000
152 -207.0000000000
155 -206.0000000000
163 -205.0000000000
165 -204.0000000000
167 -203.0000000000
169 -202.0000000000
170 -201.0000000000
175 -200.0000000000
179 -199.0000000000
182 -198.0000000000
184 -197.0000000000
187 -196.0000000000
189 -195.0000000000
190 -194.0000000000
193 -193.0000000000
195 -192.0000000000
196 -191.0000000000
199 -190.0000000000
203 -189.0000000000
206 -188.0000000000
209 -187.0000000000
213 -186.0000000000
217 -185.0000000000
220 -184.0000000000
223 -183.0000000000
224 -182.0000000000
225 -181.0000000000
228 -180.0000000000
230 -179.0000000000
235 -178.0000000000
237 -177.0000000000
240 -176.0000000000
242 -175.0000000000
247 -174.0000000000
250 -173.0000000000
259 -172.0000000000
260 -171.0000000000
264 -170.0000000000
268 -169.0000000000
270 -168.0000000000
274 -167.0000000000
275 -166.0000000000
278 -165.0000000000
281 -164.0000000000
282 -163.0000000000
284 -162.0000000000
291 -161.0000000000
295 -160.0000000000
301 -159.0000000000
306 -158.0000000000
309 -157.0000000000
310 -156.0000000000
311 -155.0000000000
315 -154.0000000000
322 -153.0000000000
325 -152.0000000000
328 -151.0000000000
333 -150.0000000000
335 -149.0000000000
339 -148.0000000000
343 -147.0000000000
345 -146.0000000000
348 -145.0000000000
352 -144.0000000000
353 -143.0000000000
360 -142.0000000000
365 -141.0000000000
372 -140.0000000000
374 -139.0000000000
385 -138.0000000000
388 -137.0000000000
391 -136.0000000000
395 -135.0000000000
396 -134.0000000000
401 -133.0000000000
419 -132.0000000000
424 -131.0000000000
431 -130.0000000000
433 -129.0000000000
434 -128.0000000000
438 -127.0000000000
441 -126.0000000000
448 -125.0000000000
460 -124.0000000000
465 -123.0000000000
471 -122.0000000000
472 -121.0000000000
482 -120.0000000000
484 -119.0000000000
485 -118.0000000000
488 -117.0000000000
491 -116.0000000000
492 -115.0000000000
495 -114.0000000000
496 -113.0000000000
504 -112.0000000000
505 -111.0000000000
515 -110.0000000000
525 -109.0000000000
528 -108.0000000000
530 -107.0000000000
532 -106.0000000000
537 -105.0000000000
539 -104.0000000000
540 -103.0000000000
541 -102.0000000000
544 -101.0000000000
551 -100.0000000000
564 -99.0000000000
567 -98.0000000000
574 -97.0000000000
582 -96.0000000000
585 -95.0000000000
587 -94.0000000000
588 -93.0000000000
593 -92.0000000000
596 -91.0000000000
600 -90.0000000000
603 -89.0000000000
621 -88.0000000000
625 -87.0000000000
631 -86.0000000000
635 -85.0000000000
636 -84.0000000000
649 -83.0000000000
661 -82.0000000000
667 -81.0000000000
668 -80.0000000000
681 -79.0000000000
692 -78.0000000000
696 -77.0000000000
705 -76.0000000000
709 -75.0000000000
718 -74.0000000000
724 -73.0000000000
727 -72.0000000000
735 -71.0000000000
753 -70.0000000000
754 -69.0000000000
759 -68.0000000000
760 -67.0000000000
769 -66.0000000000
770 -65.0000000000
780 -64.0000000000
784 -63.0000000000
789 -62.0000000000
798 -61.0000000000
810 -60.0000000000
814 -59.0000000000
815 -58.0000000000
818 -57.0000000000
843 -56.0000000000
848 -55.0000000000
859 -54.0000000000
868 -53.0000000000
878 -52.0000000000
881 -51.0000000000
885 -50.0000000000
897 -49.0000000000
903 -48.0000000000
910 -47.0000000000
911 -46.0000000000
944 -45.0000000000
970 -44.0000000000
971 -43.0000000000
985 -42.0000000000
989 -41.0000000000
995 -40.0000000000
1005 -39.0000000000
1010 -38.0000000000
1024 -37.0000000000
1054 -36.0000000000
1066 -35.0000000000
1069 -34.0000000000
1073 -33.0000000000
1089 -32.0000000000
1093 -31.0000000000
1108 -30.0000000000
1119 -29.0000000000
1123 -28.0000000000
1131 -27.0000000000
1147 -26.0000000000
1154 -25.0000000000
1179 -24.0000000000
1182 -23.0000000000
1206 -22.0000000000
1213 -21.0000000000
1235 -20.0000000000
1255 -19.0000000000
1328 -18.0000000000
1337 -17.0000000000
1486 -16.0000000000
1488 -15.0000000000
1489 -14.0000000000
1507 -13.0000000000
1572 -12.0000000000
1595 -11.0000000000
1723 -10.0000000000
1736 -9.0000000000
1757 -8.0000000000
1760 -7.0000000000
1770 -6.0000000000
1867 -5.0000000000
1914 -4.0000000000
1940 -3.0000000000
1942 -2.0000000000
2013 -1.0000000000
2022 482.0000000000
10001 -1.0000000000
evaluations raw_y
1 -284.0000000000
5 -283.0000000000
6 -282.0000000000
7 -281.0000000000
8 -280.0000000000
13 -279.0000000000
16 -278.0000000000
18 -277.0000000000
25 -276.0000000000
26 -275.0000000000
27 -274.0000000000
30 -273.0000000000
31 -272.0000000000
33 -271.0000000000
34 -270.0000000000
37 -269.0000000000
39 -268.0000000000
41 -267.0000000000
42 -266.0000000000
43 -265.0000000000
48 -264.0000000000
49 -263.0000000000
51 -262.0000000000
54 -261.0000000000
55 -260.0000000000
56 -259.0000000000
60 -258.0000000000
65 -257.0000000000
69 -256.0000000000
73 -255.0000000000
76 -254.0000000000
77 -253.0000000000
78 -252.0000000000
79 -251.0000000000
81 -250.0000000000
83 -249.0000000000
84 -248.0000000000
85 -247.0000000000
86 -246.0000000000
90 -245.0000000000
91 -244.0000000000
95 -243.0000000000
98 -242.0000000000
102 -241.0000000000
103 -240.0000000000
104 -239.0000000000
107 -238.0000000000
108 -237.0000000000
112 -236.0000000000
113 -235.0000000000
115 -234.0000000000
117 -233.0000000000
118 -232.0000000000
119 -231.0000000000
126 -230.0000000000
127 -229.0000000000
129 -228.0000000000
131 -227.0000000000
137 -226.0000000000
140 -225.0000000000
141 -224.0000000000
146 -223.0000000000
152 -222.0000000000
153 -221.0000000000
154 -220.0000000000
157 -219.0000000000
158 -218.0000000000
159 -217.0000000000
163 -216.0000000000
165 -215.0000000000
174 -214.0000000000
179 -213.0000000000
181 -212.0000000000
183 -211.0000000000
184 -210.0000000000
186 -209.0000000000
189 -208.0000000000
190 -207.0000000000
193 -206.0000000000
197 -205.0000000000
198 -204.0000000000
199 -203.0000000000
200 -202.0000000000
201 -201.0000000000
203 -200.0000000000
205 -199.0000000000
209 -198.0000000000
213 -197.0000000000
214 -196.0000000000
216 -195.0000000000
221 -194.0000000000
224 -193.0000000000
227 -192.0000000000
228 -191.0000000000
235 -190.0000000000
243 -189.0000000000
248 -188.0000000000
251 -187.0000000000
252 -186.0000000000
253 -185.0000000000
256 -184.0000000000
261 -183.0000000000
262 -182.0000000000
264 -181.0000000000
265 -180.0000000000
272 -179.0000000000
275 -178.0000000000
276 -177.0000000000
279 -176.0000000000
282 -175.0000000000
291 -174.0000000000
293 -173.0000000000
298 -172.0000000000
299 -171.0000000000
301 -170.0000000000
302 -169.0000000000
303 -168.0000000000
319 -167.0000000000
323 -166.0000000000
325 -165.0000000000
327 -164.0000000000
330 -163.0000000000
339 -162.0000000000
341 -161.0000000000
345 -160.0000000000
347 -159.0000000000
348 -158.0000000000
350 -157.0000000000
351 -156.0000000000
354 -155.0000000000
356 -154.0000000000
358 -153.0000000000
366 -152.0000000000
373 -151.0000000000
374 -150.0000000000
385 -149.0000000000
388 -148.0000000000
391 -147.0000000000
402 -146.0000000000
403 -145.0000000000
404 -144.0000000000
406 -143.0000000000
419 -142.0000000000
421 -141.0000000000
422 -140.0000000000
423 -139.0000000000
435 -138.0000000000
438 -137.0000000000
440 -136.0000000000
445 -135.0000000000
453 -134.0000000000
456 -133.0000000000
458 -132.0000000000
459 -131.0000000000
467 -130.0000000000
469 -129.0000000000
472 -128.0000000000
483 -127.0000000000
485 -126.0000000000
486 -125.0000000000
494 -124.0000000000
499 -123.0000000000
501 -122.0000000000
506 -121.0000000000
508 -120.0000000000
509 -119.0000000000
513 -118.0000000000
515 -117.0000000000
527 -116.0000000000
532 -115.0000000000
537 -114.0000000000
541 -113.0000000000
544 -112.0000000000
547 -111.0000000000
552 -110.0000000000
560 -109.0000000000
563 -108.0000000000
576 -107.0000000000
581 -106.0000000000
588 -105.0000000000
590 -104.0000000000
596 -103.0000000000
600 -102.0000000000
602 -101.0000000000
604 -100.0000000000
605 -99.0000000000
618 -98.0000000000
630 -97.0000000000
633 -96.0000000000
638 -95.0000000000
640 -94.0000000000
641 -93.0000000000
644 -92.0000000000
648 -91.0000000000
651 -90.0000000000
653 -89.0000000000
654 -88.0000000000
655 -87.0000000000
656 -86.0000000000
659 -85.0000000000
660 -84.0000000000
676 -83.0000000000
686 -82.0000000000
705 -81.0000000000
715 -80.0000000000
717 -79.0000000000
728 -78.0000000000
733 -77.0000000000
753 -76.0000000000
758 -75.0000000000
759 -74.0000000000
766 -73.0000000000
776 -72.0000000000
781 -71.0000000000
788 -70.0000000000
793 -69.0000000000
795 -68.0000000000
801 -67.0000000000
803 -66.0000000000
806 -65.0000000000
810 -64.0000000000
822 -63.0000000000
835 -62.0000000000
839 -61.0000000000
841 -60.0000000000
850 -59.0000000000
855 -58.0000000000
856 -57.0000000000
862 -56.0000000000
863 -55.0000000000
867 -54.0000000000
875 -53.0000000000
895 -52.0000000000
939 -51.0000000000
951 -50.0000000000
953 -49.0000000000
975 -48.0000000000
987 -47.0000000000
992 -46.0000000000
996 -45.0000000000
1008 -44.0000000000
1013 -43.0000000000
1015 -42.0000000000
1018 -41.0000000000
1020 -40.0000000000
1048 -39.0000000000
1073 -38.0000000000
1080 -37.0000000000
1086 -36.0000000000
1105 -35.0000000000
1118 -34.0000000000
1119 -33.0000000000
1136 -32.0000000000
1145 -31.0000000000
1170 -30.0000000000
1175 -29.0000000000
1189 -28.0000000000
1195 -27.0000000000
1209 -26.0000000000
1219 -25.0000000000
1223 -24.0000000000
1225 -23.0000000000
1236 -22.0000000000
1244 -21.0000000000
1264 -20.0000000000
1274 -19.0000000000
1308 -18.0000000000
1312 -17.0000000000
1319 -16.0000000000
1369 -15.0000000000
1427 -14.0000000000
1435 -13.0000000000
1444 -12.0000000000
1460 -11.0000000000
1530 -10.0000000000
1662 -9.0000000000
1706 -8.0000000000
1743 -7.0000000000
1752 -6.0000000000
1905 -5.0000000000
2058 -4.0000000000
2090 -3.0000000000
2102 -2.0000000000
2115 -1.0000000000
2125 499.0000000000
10001 -1.0000000000
evaluations raw_y
1 -293.0000000000
14 -292.0000000000
15 -291.0000000000
16 -290.0000000000
19 -289.0000000000
21 -288.0000000000
25 -287.0000000000
27 -286.0000000000
28 -285.0000000000
29 -284.0000000000
32 -283.0000000000
33 -282.0000000000
34 -281.0000000000
35 -280.0000000000
37 -279.0000000000
39 -278.0000000000
44 -277.0000000000
47 -276.0000000000
49 -275.0000000000
53 -274.0000000000
55 -273.0000000000
60 -272.0000000000
61 -271.0000000000
63 -270.0000000000
64 -269.0000000000
65 -268.0000000000
68 -267.0000000000
77 -266.0000000000
79 -265.0000000000
81 -264.0000000000
86 -263.0000000000
87 -262.0000000000
89 -261.0000000000
91 -260.0000000000
92 -259.0000000000
95 -258.0000000000
97 -257.0000000000
98 -256.0000000000
99 -255.0000000000
101 -254.0000000000
102 -253.0000000000
109 -252.0000000000
112 -251.0000000000
114 -250.0000000000
117 -249.0000000000
120 -248.0000000000
121 -247.0000000000
122 -246.0000000000
125 -245.0000000000
126 -244.0000000000
127 -243.0000000000
130 -242.0000000000
131 -241.0000000000
136 -240.0000000000
138 -239.0000000000
140 -238.0000000000
141 -237.0000000000
144 -236.0000000000
146 -235.0000000000
147 -234.0000000000
149 -233.0000000000
150 -232.0000000000
151 -231.0000000000
153 -230.0000000000
156 -229.0000000000
159 -228.0000000000
161 -227.0000000000
162 -226.0000000000
163 -225.0000000000
166 -224.0000000000
170 -223.0000000000
174 -222.0000000000
175 -221.0000000000
178 -220.0000000000
179 -219.0000000000
182 -218.0000000000
186 -217.0000000000
192 -216.0000000000
193 -215.0000000000
196 -214.0000000000
198 -213.0000000000
199 -212.0000000000
200 -211.0000000000
208 -210.0000000000
210 -209.0000000000
214 -208.0000000000
215 -207.0000000000
217 -206.0000000000
218 -205.0000000000
219 -204.0000000000
223 -203.0000000000
224 -202.0000000000
231 -201.0000000000
238 -200.0000000000
240 -199.0000000000
242 -198.0000000000
243 -197.0000000000
245 -196.0000000000
249 -195.0000000000
250 -194.0000000000
251 -193.0000000000
253 -192.0000000000
256 -191.0000000000
259 -190.0000000000
261 -189.0000000000
262 -188.0000000000
265 -187.0000000000
266 -186.0000000000
275 -185.0000000000
277 -184.0000000000
279 -183.0000000000
281 -182.0000000000
285 -181.0000000000
287 -180.0000000000
288 -179.0000000000
289 -178.0000000000
290 -177.0000000000
291 -176.0000000000
292 -175.0000000000
296 -174.0000000000
301 -173.0000000000
303 -172.0000000000
308 -171.0000000000
309 -170.0000000000
310 -169.0000000000
311 -168.0000000000
316 -167.0000000000
319 -166.0000000000
322 -165.0000000000
323 -164.0000000000
324 -163.0000000000
328 -162.0000000000
330 -161.0000000000
336 -160.0000000000
342 -159.0000000000
343 -158.0000000000
350 -157.0000000000
352 -156.0000000000
356 -155.0000000000
357 -154.0000000000
362 -153.0000000000
375 -152.0000000000
377 -151.0000000000
379 -150.0000000000
387 -149.0000000000
393 -148.0000000000
398 -147.0000000000
399 -146.0000000000
404 -145.0000000000
405 -144.0000000000
407 -143.0000000000
410 -142.0000000000
412 -141.0000000000
420 -140.0000000000
426 -139.0000000000
431 -138.0000000000
434 -137.0000000000
435 -136.0000000000
437 -135.0000000000
438 -134.0000000000
439 -133.0000000000
441 -132.0000000000
445 -131.0000000000
455 -130.0000000000
459 -129.0000000000
468 -128.0000000000
477 -127.0000000000
478 -126.0000000000
480 -125.0000000000
484 -124.0000000000
489 -123.0000000000
494 -122.0000000000
495 -121.0000000000
496 -120.0000000000
497 -119.0000000000
505 -118.0000000000
507 -117.0000000000
528 -116.0000000000
532 -115.0000000000
539 -114.0000000000
540 -113.0000000000
554 -112.0000000000
558 -111.0000000000
561 -110.0000000000
565 -109.0000000000
569 -108.0000000000
570 -107.0000000000
572 -106.0000000000
576 -105.0000000000
584 -104.0000000000
585 -103.0000000000
594 -102.0000000000
600 -101.0000000000
609 -100.0000000000
611 -99.0000000000
613 -98.0000000000
624 -97.0000000000
631 -96.0000000000
638 -95.0000000000
644 -94.0000000000
646 -93.0000000000
650 -92.0000000000
654 -91.0000000000
658 -90.0000000000
674 -89.0000000000
680 -88.0000000000
681 -87.0000000000
682 -86.0000000000
683 -85.0000000000
692 -84.0000000000
697 -83.0000000000
698 -82.0000000000
700 -81.0000000000
701 -80.0000000000
712 -79.0000000000
713 -78.0000000000
716 -77.0000000000
725 -76.0000000000
732 -75.0000000000
766 -74.0000000000
767 -73.0000000000
772 -72.0000000000
782 -71.0000000000
783 -70.0000000000
795 -69.0000000000
796 -68.0000000000
821 -67.0000000000
838 -66.0000000000
853 -65.0000000000
856 -64.0000000000
860 -63.0000000000
895 -62.0000000000
902 -61.0000000000
903 -60.0000000000
905 -59.0000000000
920 -58.0000000000
924 -57.0000000000
934 -56.0000000000
951 -55.0000000000
974 -54.0000000000
977 -53.0000000000
981 -52.0000000000
987 -51.0000000000
997 -50.0000000000
998 -49.0000000000
1013 -48.0000000000
1020 -47.0000000000
1021 -46.0000000000
1033 -45.0000000000
1064 -44.0000000000
1071 -43.0000000000
1072 -42.0000000000
1083 -41.0000000000
1128 -40.0000000000
1137 -39.0000000000
1140 -38.0000000000
1161 -37.0000000000
1168 -36.0000000000
1171 -35.0000000000
1191 -34.0000000000
1221 -33.0000000000
1222 -32.0000000000
1258 -31.0000000000
1282 -30.0000000000
1294 -29.0000000000
1302 -28.0000000000
1319 -27.0000000000
1409 -26.0000000000
1410 -25.0000000000
1418 -24.0000000000
1431 -23.0000000000
1432 -22.0000000000
1434 -21.0000000000
1464 -20.0000000000
1473 -19.0000000000
1499 -18.0000000000
1592 -17.0000000000
1609 -16.0000000000
1610 -15.0000000000
1619 -14.0000000000
1679 -13.0000000000
1733 -12.0000000000
1760 -11.0000000000
1778 -10.0000000000
1799 -9.0000000000
1837 -8.0000000000
1848 -7.0000000000
1852 -6.0000000000
1929 -5.0000000000
1974 -4.0000000000
2005 -3.0000000000
2058 -2.0000000000
2063 -1.0000000000
2096 488.0000000000
10001 -1.0000000000
evaluations raw_y
1 -302.0000000000
2 -301.0000000000
6 -300.0000000000
7 -299.0000000000
9 -298.0000000000
10 -297.0000000000
12 -296.0000000000
13 -295.0000000000
14 -294.0000000000
15 -293.0000000000
17 -292.0000000000
20 -291.0000000000
22 -290.0000000000
26 -289.0000000000
27 -288.0000000000
28 -287.0000000000
30 -286.0000000000
32 -285.0000000000
35 -284.0000000000
36 -283.0000000000
39 -282.0000000000
40 -281.0000000000
41 -280.0000000000
43 -279.0000000000
44 -278.0000000000
51 -277.0000000000
52 -276.0000000000
57 -275.0000000000
61 -274.0000000000
64 -273.0000000000
65 -272.0000000000
68 -271.0000000000
69 -270.0000000000
71 -269.0000000000
72 -268.0000000000
74 -267.0000000000
75 -266.0000000000
80 -265.0000000000
81 -264.0000000000
83 -263.0000000000
84 -262.0000000000
86 -261.0000000000
88 -260.0000000000
91 -259.0000000000
93 -258.0000000000
94 -257.0000000000
96 -256.0000000000
100 -255.0000000000
104 -254.0000000000
107 -253.0000000000
108 -252.0000000000
109 -251.0000000000
110 -250.0000000000
111 -249.0000000000
113 -248.0000000000
121 -247.0000000000
122 -246.0000000000
123 -245.0000000000
128 -244.0000000000
129 -243.0000000000
131 -242.0000000000
135 -241.0000000000
138 -240.0000000000
140 -239.0000000000
143 -238.0000000000
145 -237.0000000000
149 -236.0000000000
155 -235.0000000000
156 -234.0000000000
160 -233.0000000000
162 -232.0000000000
163 -231.0000000000
165 -230.0000000000
167 -229.0000000000
170 -228.0000000000
174 -227.0000000000
176 -226.0000000000
177 -225.0000000000
178 -224.0000000000
179 -223.0000000000
184 -222.0000000000
185 -221.0000000000
187 -220.0000000000
192 -219.0000000000
193 -218.0000000000
197 -217.0000000000
202 -216.0000000000
204 -215.0000000000
206 -214.0000000000
208 -213.0000000000
209 -212.0000000000
213 -211.0000000000
217 -210.0000000000
218 -209.0000000000
225 -208.0000000000
230 -207.0000000000
233 -206.0000000000
236 -205.0000000000
237 -204.0000000000
240 -203.0000000000
242 -202.0000000000
243 -201.0000000000
245 -200.0000000000
248 -199.0000000000
249 -198.0000000000
250 -197.0000000000
254 -196.0000000000
255 -195.0000000000
257 -194.0000000000
260 -193.0000000000
265 -192.0000000000
266 -191.0000000000
267 -190.0000000000
270 -189.0000000000
273 -188.0000000000
276 -187.0000000000
285 -186.0000000000
290 -185.0000000000
291 -184.0000000000
293 -183.0000000000
294 -182.0000000000
298 -181.0000000000
299 -180.0000000000
301 -179.0000000000
302 -178.0000000000
303 -177.0000000000
305 -176.0000000000
307 -175.0000000000
309 -174.0000000000
312 -173.0000000000
319 -172.0000000000
322 -171.0000000000
332 -170.0000000000
333 -169.0000000000
336 -168.0000000000
338 -167.0000000000
342 -166.0000000000
344 -165.0000000000
349 -164.0000000000
351 -163.0000000000
352 -162.0000000000
359 -161.0000000000
363 -160.0000000000
368 -159.0000000000
373 -158.0000000000
375 -157.0000000000
382 -156.0000000000
383 -155.0000000000
386 -154.0000000000
390 -153.0000000000
413 -152.0000000000
416 -151.0000000000
419 -150.0000000000
421 -149.0000000000
425 -148.0000000000
427 -147.0000000000
429 -146.0000000000
431 -145.0000000000
435 -144.0000000000
437 -143.0000000000
442 -142.0000000000
443 -141.0000000000
445 -140.0000000000
446 -139.0000000000
457 -138.0000000000
460 -137.0000000000
477 -136.0000000000
478 -135.0000000000
482 -134.0000000000
483 -133.0000000000
492 -132.0000000000
496 -131.0000000000
503 -130.0000000000
505 -129.0000000000
514 -128.0000000000
517 -127.0000000000
519 -126.0000000000
523 -125.0000000000
533 -124.0000000000
534 -123.0000000000
544 -122.0000000000
550 -121.0000000000
557 -120.0000000000
562 -119.0000000000
565 -118.0000000000
570 -117.0000000000
574 -116.0000000000
577 -115.0000000000
578 -114.0000000000
579 -113.0000000000
598 -112.0000000000
600 -111.0000000000
602 -110.0000000000
606 -109.0000000000
607 -108.0000000000
613 -107.0000000000
622 -106.0000000000
623 -105.0000000000
627 -104.0000000000
631 -103.0000000000
632 -102.0000000000
633 -101.0000000000
640 -100.0000000000
644 -99.0000000000
659 -98.0000000000
665 -97.0000000000
669 -96.0000000000
681 -95.0000000000
691 -94.0000000000
696 -93.0000000000
706 -92.0000000000
712 -91.0000000000
721 -90.0000000000
733 -89.0000000000
736 -88.0000000000
737 -87.0000000000
753 -86.0000000000
754 -85.0000000000
759 -84.0000000000
766 -83.0000000000
770 -82.0000000000
771 -81.0000000000
774 -80.0000000000
778 -79.0000000000
780 -78.0000000000
790 -77.0000000000
791 -76.0000000000
794 -75.0000000000
810 -74.0000000000
815 -73.0000000000
826 -72.0000000000
830 -71.0000000000
831 -70.0000000000
837 -69.0000000000
850 -68.0000000000
852 -67.0000000000
859 -66.0000000000
860 -65.0000000000
861 -64.0000000000
874 -63.0000000000
877 -62.0000000000
879 -61.0000000000
882 -60.0000000000
888 -59.0000000000
891 -58.0000000000
895 -57.0000000000
897 -56.0000000000
902 -55.0000000000
905 -54.0000000000
907 -53.0000000000
911 -52.0000000000
914 -51.0000000000
922 -50.0000000000
928 -49.0000000000
934 -48.0000000000
935 -47.0000000000
952 -46.0000000000
977 -45.0000000000
988 -44.0000000000
989 -43.0000000000
1001 -42.0000000000
1011 -41.0000000000
1021 -40.0000000000
1058 -39.0000000000
1062 -38.0000000000
1071 -37.0000000000
1078 -36.0000000000
1095 -35.0000000000
1109 -34.0000000000
1111 -33.0000000000
1126 -32.0000000000
1164 -31.0000000000
1185 -30.0000000000
1233 -29.0000000000
1234 -28.0000000000
1246 -27.0000000000
1248 -26.0000000000
1257 -25.0000000000
1274 -24.0000000000
1369 -23.0000000000
1372 -22.0000000000
1379 -21.0000000000
1381 -20.0000000000
1436 -19.0000000000
1473 -18.0000000000
1479 -17.0000000000
1485 -16.0000000000
1526 -15.0000000000
1532 -14.0000000000
1534 -13.0000000000
1589 -12.0000000000
1668 -11.0000000000
1729 -10.0000000000
1736 -9.0000000000
1796 -8.0000000000
1825 -7.0000000000
1897 -6.0000000000
1970 -5.0000000000
1998 -4.0000000000
2037 -3.0000000000
2038 -2.0000000000
2049 -1.0000000000
2105 499.0000000000
10001 -1.0000000000
evaluations raw_y
1 -284.0000000000
4 -283.0000000000
5 -282.0000000000
7 -281.0000000000
9 -280.0000000000
10 -279.0000000000
11 -278.0000000000
12 -277.0000000000
13 -276.0000000000
15 -275.0000000000
18 -274.0000000000
20 -273.0000000000
22 -272.0000000000
23 -271.0000000000
25 -270.0000000000
26 -269.0000000000
27 -268.0000000000
30 -267.0000000000
31 -266.0000000000
32 -265.0000000000
33 -264.0000000000
34 -263.0000000000
36 -262.0000000000
37 -261.0000000000
38 -260.0000000000
41 -259.0000000000
42 -258.0000000000
43 -257.0000000000
44 -256.0000000000
45 -255.0000000000
46 -254.0000000000
49 -253.0000000000
52 -252.0000000000
56 -251.0000000000
57 -250.0000000000
62 -249.0000000000
63 -248.0000000000
64 -247.0000000000
66 -246.0000000000
68 -245.0000000000
71 -244.0000000000
72 -243.0000000000
73 -242.0000000000
76 -241.0000000000
78 -240.0000000000
80 -239.0000000000
83 -238.0000000000
84 -237.0000000000
85 -236.0000000000
87 -235.0000000000
91 -234.0000000000
92 -233.0000000000
93 -232.0000000000
96 -231.0000000000
100 -230.0000000000
101 -229.0000000000
102 -228.0000000000
106 -227.0000000000
108 -226.0000000000
109 -225.0000000000
111 -224.0000000000
112 -223.0000000000
114 -222.0000000000
117 -221.0000000000
121 -220.0000000000
123 -219.0000000000
128 -218.0000000000
129 -217.0000000000
130 -216.0000000000
133 -215.0000000000
135 -214.0000000000
137 -213.0000000000
140 -212.0000000000
142 -211.0000000000
145 -210.0000000000
146 -209.0000000000
147 -208.0000000000
149 -207.0000000000
152 -206.0000000000
155 -205.0000000000
161 -204.0000000000
163 -203.0000000000
167 -202.0000000000
170 -201.0000000000
172 -200.0000000000
181 -199.0000000000
183 -198.0000000000
184 -197.0000000000
185 -196.0000000000
186 -195.0000000000
190 -194.0000000000
195 -193.0000000000
196 -192.0000000000
197 -191.0000000000
199 -190.0000000000
201 -189.0000000000
203 -188.0000000000
211 -187.0000000000
214 -186.0000000000
223 -185.0000000000
227 -184.0000000000
228 -183.0000000000
230 -182.0000000000
233 -181.0000000000
234 -180.0000000000
240 -179.0000000000
241 -178.0000000000
246 -177.0000000000
251 -176.0000000000
254 -175.0000000000
256 -174.0000000000
257 -173.0000000000
258 -172.0000000000
264 -171.0000000000
268 -170.0000000000
271 -169.0000000000
276 -168.0000000000
281 -167.0000000000
284 -166.0000000000
289 -165.0000000000
290 -164.0000000000
292 -163.0000000000
297 -162.0000000000
299 -161.0000000000
306 -160.0000000000
309 -159.0000000000
312 -158.0000000000
313 -157.0000000000
315 -156.0000000000
326 -155.0000000000
328 -154.0000000000
330 -153.0000000000
340 -152.0000000000
343 -151.0000000000
345 -150.0000000000
356 -149.0000000000
360 -148.0000000000
369 -147.0000000000
372 -146.0000000000
374 -145.0000000000
376 -144.0000000000
378 -143.0000000000
381 -142.0000000000
387 -141.0000000000
394 -140.0000000000
397 -139.0000000000
398 -138.0000000000
401 -137.0000000000
404 -136.0000000000
405 -135.0000000000
410 -134.0000000000
413 -133.0000000000
416 -132.0000000000
417 -131.0000000000
418 -130.0000000000
420 -129.0000000000
431 -128.0000000000
434 -127.0000000000
445 -126.0000000000
449 -125.0000000000
454 -124.0000000000
455 -123.0000000000
467 -122.0000000000
476 -121.0000000000
477 -120.0000000000
481 -119.0000000000
491 -118.0000000000
497 -117.0000000000
499 -116.0000000000
501 -115.0000000000
505 -114.0000000000
508 -113.0000000000
511 -112.0000000000
512 -111.0000000000
532 -110.0000000000
534 -109.0000000000
547 -108.0000000000
549 -107.0000000000
553 -106.0000000000
557 -105.0000000000
558 -104.0000000000
562 -103.0000000000
565 -102.0000000000
566 -101.0000000000
567 -100.0000000000
574 -99.0000000000
575 -98.0000000000
586 -97.0000000000
589 -96.0000000000
595 -95.0000000000
602 -94.0000000000
605 -93.0000000000
618 -92.0000000000
623 -91.0000000000
631 -90.0000000000
632 -89.0000000000
639 -88.0000000000
646 -87.0000000000
652 -86.0000000000
657 -85.0000000000
658 -84.0000000000
661 -83.0000000000
664 -82.0000000000
679 -81.0000000000
691 -80.0000000000
709 -79.0000000000
711 -78.0000000000
729 -77.0000000000
732 -76.0000000000
733 -75.0000000000
738 -74.0000000000
755 -73.0000000000
758 -72.0000000000
762 -71.0000000000
767 -70.0000000000
781 -69.0000000000
785 -68.0000000000
786 -67.0000000000
793 -66.0000000000
808 -65.0000000000
831 -64.0000000000
832 -63.0000000000
833 -62.0000000000
834 -61.0000000000
847 -60.0000000000
857 -59.0000000000
862 -58.0000000000
875 -57.0000000000
898 -56.0000000000
916 -55.0000000000
921 -54.0000000000
925 -53.0000000000
930 -52.0000000000
945 -51.0000000000
949 -50.0000000000
952 -49.0000000000
956 -48.0000000000
964 -47.0000000000
967 -46.0000000000
975 -45.0000000000
994 -44.0000000000
1010 -43.0000000000
1017 -42.0000000000
1029 -41.0000000000
1031 -40.0000000000
1050 -39.0000000000
1054 -38.0000000000
1070 -37.0000000000
1071 -36.0000000000
1087 -35.0000000000
1133 -34.0000000000
1144 -33.0000000000
1158 -32.0000000000
1164 -31.0000000000
1168 -30.0000000000
1183 -29.0000000000
1190 -28.0000000000
1216 -27.0000000000
1227 -26.0000000000
1243 -25.0000000000
1249 -24.0000000000
1254 -23.0000000000
1286 -22.0000000000
1289 -21.0000000000
1334 -20.0000000000
1336 -19.0000000000
1337 -18.0000000000
1352 -17.0000000000
1360 -16.0000000000
1399 -15.0000000000
1456 -14.0000000000
1516 -13.0000000000
1553 -12.0000000000
1567 -11.0000000000
1579 -10.0000000000
1630 -9.0000000000
1656 -8.0000000000
1677 -7.0000000000
1728 -6.0000000000
1737 -5.0000000000
1740 -4.0000000000
1926 -3.0000000000
2072 -2.0000000000
2128 -1.0000000000
2144 476.0000000000
10001 -1.0000000000
evaluations raw_y
1 -289.0000000000
2 -288.0000000000
3 -287.0000000000
4 -286.0000000000
5 -285.0000000000
6 -284.0000000000
9 -283.0000000000
11 -282.0000000000
16 -281.0000000000
17 -280.0000000000
20 -279.0000000000
22 -278.0000000000
24 -277.0000000000
25 -276.0000000000
26 -275.0000000000
31 -274.0000000000
33 -273.0000000000
37 -272.0000000000
38 -271.0000000000
39 -270.0000000000
41 -269.0000000000
42 -268.0000000000
46 -267.0000000000
48 -266.0000000000
50 -265.0000000000
51 -264.0000000000
56 -263.0000000000
57 -262.0000000000
59 -261.0000000000
60 -260.0000000000
61 -259.0000000000
62 -258.0000000000
65 -257.0000000000
66 -256.0000000000
67 -255.0000000000
69 -254.0000000000
71 -253.0000000000
76 -252.0000000000
80 -251.0000000000
82 -250.0000000000
83 -249.0000000000
84 -248.0000000000
89 -247.0000000000
91 -246.0000000000
92 -245.0000000000
96 -244.0000000000
100 -243.0000000000
106 -242.0000000000
111 -241.0000000000
115 -240.0000000000
116 -239.0000000000
117 -238.0000000000
119 -237.0000000000
121 -236.0000000000
125 -235.0000000000
127 -234.0000000000
129 -233.0000000000
133 -232.0000000000
134 -231.0000000000
135 -230.0000000000
137 -229.0000000000
138 -228.0000000000
139 -227.0000000000
143 -226.0000000000
147 -225.0000000000
149 -224.0000000000
152 -223.0000000000
154 -222.0000000000
156 -221.0000000000
157 -220.0000000000
159 -219.0000000000
160 -218.0000000000
161 -217.0000000000
166 -216.0000000000
170 -215.0000000000
174 -214.0000000000
175 -213.0000000000
178 -212.0000000000
181 -211.0000000000
186 -210.0000000000
188 -209.0000000000
190 -208.0000000000
198 -207.0000000000
201 -206.0000000000
202 -205.0000000000
203 -204.0000000000
204 -203.0000000000
205 -202.0000000000
207 -201.0000000000
209 -200.0000000000
212 -199.0000000000
214 -198.0000000000
215 -197.0000000000
220 -196.0000000000
231 -195.0000000000
232 -194.0000000000
237 -193.0000000000
239 -192.0000000000
242 -191.0000000000
244 -190.0000000000
248 -189.0000000000
253 -188.0000000000
254 -187.0000000000
255 -186.0000000000
257 -185.0000000000
259 -184.0000000000
260 -183.0000000000
263 -182.0000000000
265 -181.0000000000
276 -180.0000000000
279 -179.0000000000
280 -178.0000000000
283 -177.0000000000
284 -176.0000000000
286 -175.0000000000
287 -174.0000000000
291 -173.0000000000
293 -172.0000000000
298 -171.0000000000
299 -170.0000000000
300 -169.0000000000
302 -168.0000000000
308 -167.0000000000
313 -166.0000000000
315 -165.0000000000
318 -164.0000000000
322 -163.0000000000
323 -162.0000000000
326 -161.0000000000
331 -160.0000000000
335 -159.0000000000
338 -158.0000000000
339 -157.0000000000
340 -156.0000000000
350 -155.0000000000
351 -154.0000000000
357 -153.0000000000
358 -152.0000000000
360 -151.0000000000
368 -150.0000000000
375 -149.0000000000
379 -148.0000000000
385 -147.0000000000
388 -146.0000000000
391 -145.0000000000
393 -144.0000000000
395 -143.0000000000
398 -142.0000000000
401 -141.0000000000
403 -140.0000000000
405 -139.0000000000
406 -138.0000000000
408 -137.0000000000
411 -136.0000000000
412 -135.0000000000
427 -134.0000000000
430 -133.0000000000
438 -132.0000000000
440 -131.0000000000
443 -130.0000000000
446 -129.0000000000
447 -128.0000000000
452 -127.0000000000
453 -126.0000000000
469 -125.0000000000
475 -124.0000000000
477 -123.0000000000
480 -122.0000000000
484 -121.0000000000
495 -120.0000000000
499 -119.0000000000
500 -118.0000000000
502 -117.0000000000
507 -116.0000000000
509 -115.0000000000
510 -114.0000000000
514 -113.0000000000
519 -112.0000000000
522 -111.0000000000
525 -110.0000000000
531 -109.0000000000
534 -108.0000000000
554 -107.0000000000
555 -106.0000000000
556 -105.0000000000
561 -104.0000000000
562 -103.0000000000
567 -102.0000000000
571 -101.0000000000
576 -100.0000000000
578 -99.0000000000
579 -98.0000000000
587 -97.0000000000
595 -96.0000000000
596 -95.0000000000
601 -94.0000000000
610 -93.0000000000
650 -92.0000000000
653 -91.0000000000
657 -90.0000000000
663 -89.0000000000
681 -88.0000000000
685 -87.0000000000
690 -86.0000000000
707 -85.0000000000
709 -84.0000000000
712 -83.0000000000
726 -82.0000000000
734 -81.0000000000
737 -80.0000000000
739 -79.0000000000
751 -78.0000000000
752 -77.0000000000
782 -76.0000000000
784 -75.0000000000
789 -74.0000000000
817 -73.0000000000
823 -72.0000000000
828 -71.0000000000
831 -70.0000000000
838 -69.0000000000
846 -68.0000000000
850 -67.0000000000
862 -66.0000000000
877 -65.0000000000
888 -64.0000000000
893 -63.0000000000
902 -62.0000000000
903 -61.0000000000
906 -60.0000000000
928 -59.0000000000
939 -58.0000000000
944 -57.0000000000
951 -56.0000000000
952 -55.0000000000
961 -54.0000000000
967 -53.0000000000
970 -52.0000000000
973 -51.0000000000
981 -50.0000000000
982 -49.0000000000
1012 -48.0000000000
1030 -47.0000000000
1032 -46.0000000000
1035 -45.0000000000
1037 -44.0000000000
1040 -43.0000000000
1052 -42.0000000000
1058 -41.0000000000
1060 -40.0000000000
1070 -39.0000000000
1085 -38.0000000000
1115 -37.0000000000
1125 -36.0000000000
1164 -35.0000000000
1167 -34.0000000000
1204 -33.0000000000
1210 -32.0000000000
1229 -31.0000000000
1238 -30.0000000000
1246 -29.0000000000
1249 -28.0000000000
1258 -27.0000000000
1296 -26.0000000000
1297 -25.0000000000
1320 -24.0000000000
1333 -23.0000000000
1410 -22.0000000000
1414 -21.0000000000
1428 -20.0000000000
1462 -19.0000000000
1463 -18.0000000000
1481 -17.0000000000
1497 -16.0000000000
1518 -15.0000000000
1633 -14.0000000000
1669 -13.0000000000
1684 -12.0000000000
1705 -11.0000000000
1750 -10.0000000000
1754 -9.0000000000
1782 -8.0000000000
1816 -7.0000000000
1820 -6.0000000000
1856 -5.0000000000
1873 -4.0000000000
1878 -3.0000000000
1883 -2.0000000000
1943 -1.0000000000
2114 438.0000000000
10001 -1.0000000000
evaluations raw_y
1 -269.0000000000
3 -268.0000000000
5 -267.0000000000
6 -266.0000000000
11 -265.0000000000
15 -264.0000000000
16 -263.0000000000
17 -262.0000000000
23 -261.0000000000
24 -260.0000000000
25 -259.0000000000
26 -258.0000000000
29 -257.0000000000
32 -256.0000000000
34 -255.0000000000
36 -254.0000000000
39 -253.0000000000
41 -252.0000000000
42 -251.0000000000
43 -250.0000000000
44 -249.0000000000
45 -248.0000000000
50 -247.0000000000
51 -246.0000000000
53 -245.0000000000
55 -244.0000000000
56 -243.0000000000
58 -242.0000000000
60 -241.0000000000
62 -240.0000000000
67 -239.0000000000
69 -238.0000000000
70 -237.0000000000
75 -236.0000000000
76 -235.0000000000
79 -234.0000000000
80 -233.0000000000
83 -232.0000000000
84 -231.0000000000
85 -230.0000000000
86 -229.0000000000
92 -228.0000000000
96 -227.0000000000
97 -226.0000000000
99 -225.0000000000
100 -224.0000000000
104 -223.0000000000
107 -222.0000000000
109 -221.0000000000
110 -220.0000000000
111 -219.0000000000
116 -218.0000000000
119 -217.0000000000
120 -216.0000000000
121 -215.0000000000
123 -214.0000000000
124 -213.0000000000
129 -212.0000000000
130 -211.0000000000
132 -210.0000000000
139 -209.0000000000
140 -208.0000000000
141 -207.0000000000
143 -206.0000000000
144 -205.0000000000
147 -204.0000000000
148 -203.0000000000
152 -202.0000000000
153 -201.0000000000
155 -200.0000000000
157 -199.0000000000
158 -198.0000000000
159 -197.0000000000
160 -196.0000000000
161 -195.0000000000
164 -194.0000000000
168 -193.0000000000
170 -192.0000000000
175 -191.0000000000
177 -190.0000000000
178 -189.0000000000
180 -188.0000000000
184 -187.0000000000
188 -186.0000000000
195 -185.0000000000
203 -184.0000000000
205 -183.0000000000
208 -182.0000000000
211 -181.0000000000
213 -180.0000000000
214 -179.0000000000
216 -178.0000000000
217 -177.0000000000
224 -176.0000000000
232 -175.0000000000
237 -174.0000000000
240 -173.0000000000
241 -172.0000000000
246 -171.0000000000
248 -170.0000000000
252 -169.0000000000
262 -168.0000000000
268 -167.0000000000
270 -166.0000000000
275 -165.0000000000
281 -164.0000000000
285 -163.0000000000
286 -162.0000000000
287 -161.0000000000
296 -160.0000000000
300 -159.0000000000
301 -158.0000000000
303 -157.0000000000
311 -156.0000000000
313 -155.0000000000
318 -154.0000000000
319 -153.0000000000
322 -152.0000000000
323 -151.0000000000
325 -150.0000000000
326 -149.0000000000
331 -148.0000000000
337 -147.0000000000
338 -146.0000000000
339 -145.0000000000
341 -144.0000000000
348 -143.0000000000
354 -142.0000000000
357 -141.0000000000
358 -140.0000000000
360 -139.0000000000
361 -138.0000000000
365 -137.0000000000
367 -136.0000000000
370 -135.0000000000
374 -134.0000000000
375 -133.0000000000
378 -132.0000000000
384 -131.0000000000
387 -130.0000000000
389 -129.0000000000
391 -128.0000000000
394 -127.0000000000
395 -126.0000000000
396 -125.0000000000
401 -124.0000000000
402 -123.0000000000
406 -122.0000000000
422 -121.0000000000
423 -120.0000000000
424 -119.0000000000
437 -118.0000000000
438 -117.0000000000
443 -116.0000000000
456 -115.0000000000
460 -114.0000000000
467 -113.0000000000
468 -112.0000000000
486 -111.0000000000
488 -110.0000000000
495 -109.0000000000
497 -108.0000000000
501 -107.0000000000
506 -106.0000000000
507 -105.0000000000
510 -104.0000000000
520 -103.0000000000
545 -102.0000000000
554 -101.0000000000
557 -100.0000000000
560 -99.0000000000
561 -98.0000000000
562 -97.0000000000
568 -96.0000000000
569 -95.0000000000
570 -94.0000000000
574 -93.0000000000
593 -92.0000000000
595 -91.0000000000
596 -90.0000000000
598 -89.0000000000
609 -88.0000000000
616 -87.0000000000
620 -86.0000000000
622 -85.0000000000
642 -84.0000000000
644 -83.0000000000
646 -82.0000000000
657 -81.0000000000
666 -80.0000000000
669 -79.0000000000
671 -78.0000000000
679 -77.0000000000
680 -76.0000000000
685 -75.0000000000
686 -74.0000000000
691 -73.0000000000
697 -72.0000000000
705 -71.0000000000
708 -70.0000000000
715 -69.0000000000
730 -68.0000000000
778 -67.0000000000
792 -66.0000000000
795 -65.0000000000
796 -64.0000000000
801 -63.0000000000
809 -62.0000000000
813 -61.0000000000
820 -60.0000000000
830 -59.0000000000
842 -58.0000000000
845 -57.0000000000
846 -56.0000000000
863 -55.0000000000
880 -54.0000000000
896 -53.0000000000
897 -52.0000000000
909 -51.0000000000
929 -50.0000000000
935 -49.0000000000
947 -48.0000000000
949 -47.0000000000
951 -46.0000000000
960 -45.0000000000
969 -44.0000000000
973 -43.0000000000
982 -42.0000000000
988 -41.0000000000
999 -40.0000000000
1007 -39.0000000000
1031 -38.0000000000
1040 -37.0000000000
1044 -36.0000000000
1105 -35.0000000000
1106 -34.0000000000
1118 -33.0000000000
1139 -32.0000000000
1141 -31.0000000000
1146 -30.0000000000
1161 -29.0000000000
1162 -28.0000000000
1166 -27.0000000000
1167 -26.0000000000
1174 -25.0000000000
1177 -24.0000000000
1185 -23.0000000000
1212 -22.0000000000
1240 -21.0000000000
1243 -20.0000000000
1253 -19.0000000000
1255 -18.0000000000
1263 -17.0000000000
1273 -16.0000000000
1315 -15.0000000000
1325 -14.0000000000
1341 -13.0000000000
1349 -12.0000000000
1357 -11.0000000000
1405 -10.0000000000
1437 -9.0000000000
1446 -8.0000000000
1488 -7.0000000000
1492 -6.0000000000
1512 -5.0000000000
1640 -4.0000000000
1658 -3.0000000000
1789 -2.0000000000
1853 -1.0000000000
1855 481.0000000000
10001 -1.0000000000
evaluations raw_y
1 -292.0000000000
6 -291.0000000000
8 -290.0000000000
9 -289.0000000000
11 -288.0000000000
13 -287.0000000000
14 -286.0000000000
15 -285.0000000000
18 -284.0000000000
19 -283.0000000000
20 -282.0000000000
22 -281.0000000000
24 -280.0000000000
25 -279.0000000000
27 -278.0000000000
29 -277.0000000000
30 -276.0000000000
31 -275.0000000000
33 -274.0000000000
34 -273.0000000000
35 -272.0000000000
37 -271.0000000000
42 -270.0000000000
43 -269.0000000000
46 -268.0000000000
47 -267.0000000000
48 -266.0000000000
49 -265.0000000000
51 -264.0000000000
52 -263.0000000000
54 -262.0000000000
56 -261.0000000000
57 -260.0000000000
60 -259.0000000000
63 -258.0000000000
64 -257.0000000000
67 -256.0000000000
68 -255.0000000000
69 -254.0000000000
73 -253.0000000000
77 -252.0000000000
78 -251.0000000000
80 -250.0000000000
81 -249.0000000000
82 -248.0000000000
83 -247.0000000000
87 -246.0000000000
88 -245.0000000000
91 -244.0000000000
93 -243.0000000000
96 -242.0000000000
97 -241.0000000000
98 -240.0000000000
100 -239.0000000000
104 -238.0000000000
105 -237.0000000000
106 -236.0000000000
107 -235.0000000000
112 -234.0000000000
116 -233.0000000000
118 -232.0000000000
119 -231.0000000000
122 -230.0000000000
125 -229.0000000000
128 -228.0000000000
135 -227.0000000000
136 -226.0000000000
137 -225.0000000000
139 -224.0000000000
140 -223.0000000000
141 -222.0000000000
151 -221.0000000000
157 -220.0000000000
158 -219.0000000000
159 -218.0000000000
162 -217.0000000000
164 -216.0000000000
169 -215.0000000000
173 -214.0000000000
175 -213.0000000000
177 -212.0000000000
181 -211.0000000000
183 -210.0000000000
184 -209.0000000000
187 -208.0000000000
188 -207.0000000000
191 -206.0000000000
192 -205.0000000000
195 -204.0000000000
200 -203.0000000000
206 -202.0000000000
209 -201.0000000000
210 -200.0000000000
211 -199.0000000000
216 -198.0000000000
218 -197.0000000000
219 -196.0000000000
232 -195.0000000000
233 -194.0000000000
234 -193.0000000000
236 -192.0000000000
246 -191.0000000000
251 -190.0000000000
254 -189.0000000000
256 -188.0000000000
259 -187.0000000000
260 -186.0000000000
261 -185.0000000000
265 -184.0000000000
271 -183.0000000000
272 -182.0000000000
280 -181.0000000000
285 -180.0000000000
291 -179.0000000000
294 -178.0000000000
296 -177.0000000000
297 -176.0000000000
300 -175.0000000000
303 -174.0000000000
304 -173.0000000000
310 -172.0000000000
313 -171.0000000000
316 -170.0000000000
317 -169.0000000000
320 -168.0000000000
321 -167.0000000000
325 -166.0000000000
327 -165.0000000000
330 -164.0000000000
333 -163.0000000000
338 -162.0000000000
341 -161.0000000000
345 -160.0000000000
350 -159.0000000000
352 -158.0000000000
359 -157.0000000000
371 -156.0000000000
373 -155.0000000000
380 -154.0000000000
383 -153.0000000000
392 -152.0000000000
393 -151.0000000000
395 -150.0000000000
397 -149.0000000000
411 -148.0000000000
412 -147.0000000000
414 -146.0000000000
419 -145.0000000000
420 -144.0000000000
425 -143.0000000000
439 -142.0000000000
442 -141.0000000000
446 -140.0000000000
448 -139.0000000000
458 -138.0000000000
460 -137.0000000000
465 -136.0000000000
466 -135.0000000000
477 -134.0000000000
480 -133.0000000000
482 -132.0000000000
485 -131.0000000000
486 -130.0000000000
490 -129.0000000000
492 -128.0000000000
496 -127.0000000000
497 -126.0000000000
500 -125.0000000000
501 -124.0000000000
504 -123.0000000000
517 -122.0000000000
518 -121.0000000000
526 -120.0000000000
554 -119.0000000000
557 -118.0000000000
561 -117.0000000000
567 -116.0000000000
570 -115.0000000000
582 -114.0000000000
586 -113.0000000000
587 -112.0000000000
591 -111.0000000000
598 -110.0000000000
599 -109.0000000000
601 -108.0000000000
603 -107.0000000000
609 -106.0000000000
611 -105.0000000000
619 -104.0000000000
630 -103.0000000000
631 -102.0000000000
633 -101.0000000000
638 -100.0000000000
640 -99.0000000000
643 -98.0000000000
644 -97.0000000000
650 -96.0000000000
659 -95.0000000000
660 -94.0000000000
665 -93.0000000000
666 -92.0000000000
674 -91.0000000000
676 -90.0000000000
680 -89.0000000000
688 -88.0000000000
706 -87.0000000000
716 -86.0000000000
722 -85.0000000000
728 -84.0000000000
731 -83.0000000000
735 -82.0000000000
740 -81.0000000000
743 -80.0000000000
745 -79.0000000000
751 -78.0000000000
758 -77.0000000000
764 -76.0000000000
772 -75.0000000000
773 -74.0000000000
776 -73.0000000000
777 -72.0000000000
787 -71.0000000000
797 -70.0000000000
799 -69.0000000000
806 -68.0000000000
813 -67.0000000000
819 -66.0000000000
827 -65.0000000000
836 -64.0000000000
844 -63.0000000000
857 -62.0000000000
870 -61.0000000000
872 -60.0000000000
874 -59.0000000000
890 -58.0000000000
891 -57.0000000000
894 -56.0000000000
932 -55.0000000000
935 -54.0000000000
937 -53.0000000000
978 -52.0000000000
988 -51.0000000000
989 -50.0000000000
990 -49.0000000000
991 -48.0000000000
1016 -47.0000000000
1027 -46.0000000000
1035 -45.0000000000
1064 -44.0000000000
1068 -43.0000000000
1072 -42.0000000000
1099 -41.0000000000
1117 -40.0000000000
1135 -39.0000000000
1152 -38.0000000000
1155 -37.0000000000
1173 -36.0000000000
1182 -35.0000000000
1188 -34.0000000000
1197 -33.0000000000
1216 -32.0000000000
1226 -31.0000000000
1232 -30.0000000000
1239 -29.0000000000
1275 -28.0000000000
1318 -27.0000000000
1321 -26.0000000000
1325 -25.0000000000
1348 -24.0000000000
1356 -23.0000000000
1361 -22.0000000000
1365 -21.0000000000
1370 -20.0000000000
1372 -19.0000000000
1458 -18.0000000000
1468 -17.0000000000
1479 -16.0000000000
1494 -15.0000000000
1505 -14.0000000000
1511 -13.0000000000
1542 -12.0000000000
1545 -11.0000000000
1583 -10.0000000000
1620 -9.0000000000
1668 -8.0000000000
1697 -7.0000000000
1705 -6.0000000000
1737 -5.0000000000
1809 -4.0000000000
1817 -3.0000000000
1862 -2.0000000000
1876 -1.0000000000
1939 454.0000000000
10001 -1.0000000000
evaluations raw_y
1 -285.0000000000
2 -284.0000000000
9 -283.0000000000
13 -282.0000000000
16 -281.0000000000
18 -280.0000000000
19 -279.0000000000
22 -278.0000000000
24 -277.0000000000
26 -276.0000000000
27 -275.0000000000
28 -274.0000000000
30 -273.0000000000
37 -272.0000000000
38 -271.0000000000
39 -270.0000000000
42 -269.0000000000
44 -268.0000000000
45 -267.0000000000
47 -266.0000000000
48 -265.0000000000
49 -264.0000000000
50 -263.0000000000
51 -262.0000000000
52 -261.0000000000
57 -260.0000000000
61 -259.0000000000
67 -258.0000000000
71 -257.0000000000
72 -256.0000000000
73 -255.0000000000
74 -254.0000000000
75 -253.0000000000
78 -252.0000000000
79 -251.0000000000
80 -250.0000000000
84 -249.0000000000
86 -248.0000000000
88 -247.0000000000
92 -246.0000000000
93 -245.0000000000
96 -244.0000000000
101 -243.0000000000
107 -242.0000000000
108 -241.0000000000
109 -240.0000000000
110 -239.0000000000
111 -238.0000000000
113 -237.0000000000
116 -236.0000000000
119 -235.0000000000
123 -234.0000000000
126 -233.0000000000
127 -232.0000000000
128 -231.0000000000
129 -230.0000000000
131 -229.0000000000
132 -228.0000000000
133 -227.0000000000
135 -226.0000000000
136 -225.0000000000
141 -224.0000000000
143 -223.0000000000
144 -222.0000000000
146 -221.0000000000
147 -220.0000000000
148 -219.0000000000
151 -218.0000000000
152 -217.0000000000
154 -216.0000000000
156 -215.0000000000
157 -214.0000000000
158 -213.0000000000
166 -212.0000000000
171 -211.0000000000
179 -210.0000000000
180 -209.0000000000
182 -208.0000000000
189 -207.0000000000
191 -206.0000000000
192 -205.0000000000
194 -204.0000000000
198 -203.0000000000
199 -202.0000000000
201 -201.0000000000
213 -200.0000000000
218 -199.0000000000
219 -198.0000000000
222 -197.0000000000
226 -196.0000000000
227 -195.0000000000
230 -194.0000000000
231 -193.0000000000
232 -192.0000000000
236 -191.0000000000
237 -190.0000000000
240 -189.0000000000
244 -188.0000000000
247 -187.0000000000
248 -186.0000000000
250 -185.0000000000
256 -184.0000000000
259 -183.0000000000
260 -182.0000000000
261 -181.0000000000
262 -180.0000000000
263 -179.0000000000
264 -178.0000000000
265 -177.0000000000
269 -176.0000000000
270 -175.0000000000
272 -174.0000000000
275 -173.0000000000
276 -172.0000000000
279 -171.0000000000
280 -170.0000000000
281 -169.0000000000
282 -168.0000000000
285 -167.0000000000
286 -166.0000000000
287 -165.0000000000
290 -164.0000000000
291 -163.0000000000
295 -162.0000000000
296 -161.0000000000
297 -160.0000000000
298 -159.0000000000
299 -158.0000000000
301 -157.0000000000
304 -156.0000000000
305 -155.0000000000
311 -154.0000000000
319 -153.0000000000
320 -152.0000000000
323 -151.0000000000
326 -150.0000000000
328 -149.0000000000
332 -148.0000000000
334 -147.0000000000
339 -146.0000000000
345 -145.0000000000
353 -144.0000000000
356 -143.0000000000
359 -142.0000000000
365 -141.0000000000
373 -140.0000000000
375 -139.0000000000
384 -138.0000000000
388 -137.0000000000
391 -136.0000000000
406 -135.0000000000
408 -134.0000000000
410 -133.0000000000
415 -132.0000000000
416 -131.0000000000
417 -130.0000000000
419 -129.0000000000
420 -128.0000000000
421 -127.0000000000
424 -126.0000000000
425 -125.0000000000
426 -124.0000000000
428 -123.0000000000
429 -122.0000000000
441 -121.0000000000
451 -120.0000000000
455 -119.0000000000
461 -118.0000000000
464 -117.0000000000
468 -116.0000000000
473 -115.0000000000
477 -114.0000000000
480 -113.0000000000
502 -112.0000000000
507 -111.0000000000
508 -110.0000000000
510 -109.0000000000
513 -108.0000000000
517 -107.0000000000
525 -106.0000000000
529 -105.0000000000
531 -104.0000000000
542 -103.0000000000
548 -102.0000000000
551 -101.0000000000
553 -100.0000000000
554 -99.0000000000
555 -98.0000000000
558 -97.0000000000
559 -96.0000000000
567 -95.0000000000
569 -94.0000000000
573 -93.0000000000
577 -92.0000000000
592 -91.0000000000
593 -90.0000000000
595 -89.0000000000
598 -88.0000000000
601 -87.0000000000
603 -86.0000000000
607 -85.0000000000
611 -84.0000000000
618 -83.0000000000
623 -82.0000000000
624 -81.0000000000
628 -80.0000000000
630 -79.0000000000
633 -78.0000000000
641 -77.0000000000
650 -76.0000000000
665 -75.0000000000
668 -74.0000000000
681 -73.0000000000
685 -72.0000000000
689 -71.0000000000
690 -70.0000000000
699 -69.0000000000
704 -68.0000000000
705 -67.0000000000
717 -66.0000000000
730 -65.0000000000
734 -64.0000000000
752 -63.0000000000
756 -62.0000000000
765 -61.0000000000
774 -60.0000000000
778 -59.0000000000
779 -58.0000000000
791 -57.0000000000
795 -56.0000000000
796 -55.0000000000
812 -54.0000000000
816 -53.0000000000
827 -52.0000000000
831 -51.0000000000
852 -50.0000000000
858 -49.0000000000
864 -48.0000000000
886 -47.0000000000
902 -46.0000000000
904 -45.0000000000
906 -44.0000000000
919 -43.0000000000
921 -42.0000000000
933 -41.0000000000
935 -40.0000000000
941 -39.0000000000
970 -38.0000000000
973 -37.0000000000
987 -36.0000000000
992 -35.0000000000
1003 -34.0000000000
1007 -33.0000000000
1011 -32.0000000000
1021 -31.0000000000
1025 -30.0000000000
1038 -29.0000000000
1044 -28.0000000000
1045 -27.0000000000
1049 -26.0000000000
1086 -25.0000000000
1117 -24.0000000000
1120 -23.0000000000
1135 -22.0000000000
1146 -21.0000000000
1152 -20.0000000000
1197 -19.0000000000
1250 -18.0000000000
1287 -17.0000000000
1350 -16.0000000000
1363 -15.0000000000
1378 -14.0000000000
1404 -13.0000000000
1419 -12.0000000000
1453 -11.0000000000
1517 -10.0000000000
1530 -9.0000000000
1626 -8.0000000000
1635 -7.0000000000
1698 -6.0000000000
1713 -5.0000000000
1716 -4.0000000000
1738 -3.0000000000
1792 -2.0000000000
1811 -1.0000000000
1813 499.0000000000
10001 -1.0000000000
evaluations raw_y
1 -282.0000000000
2 -281.0000000000
6 -280.0000000000
8 -279.0000000000
9 -278.0000000000
10 -277.0000000000
11 -276.0000000000
19 -275.0000000000
20 -274.0000000000
21 -273.0000000000
22 -272.0000000000
23 -271.0000000000
24 -270.0000000000
29 -269.0000000000
30 -268.0000000000
33 -267.0000000000
34 -266.0000000000
38 -265.0000000000
39 -264.0000000000
40 -263.0000000000
42 -262.0000000000
43 -261.0000000000
45 -260.0000000000
46 -259.0000000000
49 -258.0000000000
52 -257.0000000000
53 -256.0000000000
54 -255.0000000000
61 -254.0000000000
63 -253.0000000000
69 -252.0000000000
70 -251.0000000000
71 -250.0000000000
72 -249.0000000000
75 -248.0000000000
76 -247.0000000000
81 -246.0000000000
83 -245.0000000000
86 -244.0000000000
90 -243.0000000000
93 -242.0000000000
94 -241.0000000000
95 -240.0000000000
102 -239.0000000000
104 -238.0000000000
105 -237.0000000000
107 -236.0000000000
108 -235.0000000000
109 -234.0000000000
111 -233.0000000000
117 -232.0000000000
118 -231.0000000000
120 -230.0000000000
121 -229.0000000000
122 -228.0000000000
126 -227.0000000000
130 -226.0000000000
132 -225.0000000000
138 -224.0000000000
140 -223.0000000000
142 -222.0000000000
148 -221.0000000000
151 -220.0000000000
153 -219.0000000000
155 -218.0000000000
158 -217.0000000000
160 -216.0000000000
161 -215.0000000000
163 -214.0000000000
165 -213.0000000000
166 -212.0000000000
167 -211.0000000000
172 -210.0000000000
173 -209.0000000000
174 -208.0000000000
176 -207.0000000000
177 -206.0000000000
178 -205.0000000000
180 -204.0000000000
181 -203.0000000000
184 -202.0000000000
185 -201.0000000000
187 -200.0000000000
193 -199.0000000000
196 -198.0000000000
199 -197.0000000000
202 -196.0000000000
207 -195.0000000000
208 -194.0000000000
215 -193.0000000000
220 -192.0000000000
221 -191.0000000000
225 -190.0000000000
226 -189.0000000000
231 -188.0000000000
232 -187.0000000000
248 -186.0000000000
250 -185.0000000000
254 -184.0000000000
256 -183.0000000000
257 -182.0000000000
258 -181.0000000000
259 -180.0000000000
260 -179.0000000000
270 -178.0000000000
275 -177.0000000000
277 -176.0000000000
286 -175.0000000000
291 -174.0000000000
292 -173.0000000000
300 -172.0000000000
302 -171.0000000000
303 -170.0000000000
308 -169.0000000000
313 -168.0000000000
320 -167.0000000000
321 -166.0000000000
322 -165.0000000000
330 -164.0000000000
331 -163.0000000000
334 -162.0000000000
342 -161.0000000000
344 -160.0000000000
345 -159.0000000000
349 -158.0000000000
354 -157.0000000000
355 -156.0000000000
358 -155.0000000000
359 -154.0000000000
361 -153.0000000000
362 -152.0000000000
363 -151.0000000000
371 -150.0000000000
372 -149.0000000000
374 -148.0000000000
380 -147.0000000000
383 -146.0000000000
389 -145.0000000000
395 -144.0000000000
397 -143.0000000000
402 -142.0000000000
405 -141.0000000000
407 -140.0000000000
408 -139.0000000000
410 -138.0000000000
416 -137.0000000000
420 -136.0000000000
422 -135.0000000000
424 -134.0000000000
427 -133.0000000000
432 -132.0000000000
438 -131.0000000000
441 -130.0000000000
443 -129.0000000000
444 -128.0000000000
449 -127.0000000000
454 -126.0000000000
457 -125.0000000000
465 -124.0000000000
469 -123.0000000000
479 -122.0000000000
484 -121.0000000000
499 -120.0000000000
500 -119.0000000000
503 -118.0000000000
507 -117.0000000000
510 -116.0000000000
511 -115.0000000000
519 -114.0000000000
532 -113.0000000000
534 -112.0000000000
535 -111.0000000000
536 -110.0000000000
552 -109.0000000000
553 -108.0000000000
560 -107.0000000000
564 -106.0000000000
566 -105.0000000000
567 -104.0000000000
570 -103.0000000000
578 -102.0000000000
592 -101.0000000000
594 -100.0000000000
597 -99.0000000000
610 -98.0000000000
611 -97.0000000000
619 -96.0000000000
625 -95.0000000000
626 -94.0000000000
634 -93.0000000000
638 -92.0000000000
661 -91.0000000000
663 -90.0000000000
673 -89.0000000000
680 -88.0000000000
681 -87.0000000000
682 -86.0000000000
683 -85.0000000000
689 -84.0000000000
691 -83.0000000000
695 -82.0000000000
709 -81.0000000000
719 -80.0000000000
720 -79.0000000000
726 -78.0000000000
729 -77.0000000000
733 -76.0000000000
737 -75.0000000000
738 -74.0000000000
749 -73.0000000000
756 -72.0000000000
758 -71.0000000000
772 -70.0000000000
774 -69.0000000000
782 -68.0000000000
784 -67.0000000000
816 -66.0000000000
818 -65.0000000000
828 -64.0000000000
829 -63.0000000000
838 -62.0000000000
839 -61.0000000000
844 -60.0000000000
846 -59.0000000000
848 -58.0000000000
856 -57.0000000000
859 -56.0000000000
862 -55.0000000000
865 -54.0000000000
878 -53.0000000000
884 -52.0000000000
889 -51.0000000000
894 -50.0000000000
921 -49.0000000000
941 -48.0000000000
950 -47.0000000000
951 -46.0000000000
955 -45.0000000000
970 -44.0000000000
987 -43.0000000000
1000 -42.0000000000
1010 -41.0000000000
1025 -40.0000000000
1030 -39.0000000000
1043 -38.0000000000
1067 -37.0000000000
1071 -36.0000000000
1081 -35.0000000000
1086 -34.0000000000
1133 -33.0000000000
1150 -32.0000000000
1179 -31.0000000000
1182 -30.0000000000
1188 -29.0000000000
1196 -28.0000000000
1209 -27.0000000000
1214 -26.0000000000
1242 -25.0000000000
1255 -24.0000000000
1259 -23.0000000000
1304 -22.0000000000
1306 -21.0000000000
1311 -20.0000000000
1318 -19.0000000000
1354 -18.0000000000
1357 -17.0000000000
1367 -16.0000000000
1371 -15.0000000000
1409 -14.0000000000
1433 -13.0000000000
1444 -12.0000000000
1470 -11.0000000000
1495 -10.0000000000
1555 -9.0000000000
1614 -8.0000000000
1644 -7.0000000000
1671 -6.0000000000
1699 -5.0000000000
1724 -4.0000000000
1858 -3.0000000000
1862 -2.0000000000
1977 -1.0000000000
2115 495.0000000000
10001 -1.0000000000
