evaluations raw_y
1 -225.0000000000
4 -224.0000000000
12 -223.0000000000
16 -222.0000000000
20 -221.0000000000
29 -220.0000000000
33 -219.0000000000
36 -218.0000000000
43 -216.0000000000
55 -215.0000000000
57 -213.0000000000
58 -212.0000000000
59 -211.0000000000
60 -210.0000000000
72 -209.0000000000
75 -208.0000000000
85 -207.0000000000
88 -205.0000000000
90 -203.0000000000
91 -202.0000000000
93 -201.0000000000
95 -200.0000000000
102 -199.0000000000
110 -198.0000000000
113 -197.0000000000
119 -196.0000000000
126 -194.0000000000
128 -193.0000000000
129 -192.0000000000
130 -191.0000000000
132 -190.0000000000
135 -189.0000000000
139 -188.0000000000
145 -187.0000000000
149 -186.0000000000
150 -185.0000000000
166 -184.0000000000
177 -183.0000000000
185 -182.0000000000
189 -181.0000000000
206 -180.0000000000
207 -178.0000000000
212 -177.0000000000
216 -176.0000000000
222 -175.0000000000
234 -174.0000000000
253 -173.0000000000
256 -172.0000000000
259 -171.0000000000
260 -169.0000000000
261 -168.0000000000
263 -166.0000000000
269 -165.0000000000
270 -164.0000000000
272 -163.0000000000
276 -162.0000000000
285 -161.0000000000
289 -160.0000000000
290 -158.0000000000
293 -156.0000000000
295 -155.0000000000
299 -154.0000000000
310 -153.0000000000
317 -152.0000000000
322 -151.0000000000
323 -150.0000000000
327 -147.0000000000
338 -145.0000000000
339 -144.0000000000
341 -143.0000000000
345 -142.0000000000
347 -140.0000000000
353 -139.0000000000
376 -137.0000000000
378 -136.0000000000
380 -135.0000000000
385 -134.0000000000
386 -133.0000000000
394 -132.0000000000
399 -131.0000000000
405 -130.0000000000
416 -129.0000000000
417 -128.0000000000
426 -127.0000000000
447 -126.0000000000
449 -125.0000000000
452 -124.0000000000
456 -122.0000000000
462 -121.0000000000
467 -120.0000000000
476 -119.0000000000
478 -118.0000000000
485 -117.0000000000
489 -116.0000000000
493 -115.0000000000
522 -114.0000000000
533 -113.0000000000
544 -112.0000000000
547 -111.0000000000
557 -110.0000000000
559 -109.0000000000
584 -108.0000000000
587 -107.0000000000
595 -106.0000000000
604 -105.0000000000
606 -104.0000000000
628 -103.0000000000
643 -102.0000000000
648 -101.0000000000
657 -99.0000000000
669 -98.0000000000
673 -97.0000000000
681 -95.0000000000
699 -94.0000000000
712 -93.0000000000
718 -92.0000000000
732 -91.0000000000
748 -90.0000000000
760 -89.0000000000
769 -88.0000000000
776 -87.0000000000
786 -86.0000000000
791 -85.0000000000
802 -84.0000000000
846 -83.0000000000
855 -82.0000000000
858 -81.0000000000
866 -80.0000000000
882 -79.0000000000
883 -78.0000000000
892 -77.0000000000
893 -76.0000000000
910 -75.0000000000
912 -74.0000000000
926 -73.0000000000
960 -72.0000000000
984 -71.0000000000
986 -70.0000000000
996 -69.0000000000
999 -68.0000000000
1004 -67.0000000000
1023 -66.0000000000
1033 -65.0000000000
1047 -63.0000000000
1063 -62.0000000000
1064 -61.0000000000
1066 -60.0000000000
1089 -59.0000000000
1094 -58.0000000000
1096 -57.0000000000
1104 -56.0000000000
1140 -55.0000000000
1147 -54.0000000000
1159 -53.0000000000
1168 -52.0000000000
1212 -51.0000000000
1215 -50.0000000000
1218 -49.0000000000
1261 -48.0000000000
1282 -47.0000000000
1304 -46.0000000000
1311 -45.0000000000
1360 -44.0000000000
1375 -43.0000000000
1386 -42.0000000000
1428 -41.0000000000
1437 -40.0000000000
1485 -39.0000000000
1544 -38.0000000000
1558 -37.0000000000
1603 -36.0000000000
1628 -35.0000000000
1635 -34.0000000000
1638 -33.0000000000
1652 -32.0000000000
1667 -31.0000000000
1673 -30.0000000000
1699 -29.0000000000
1709 -28.0000000000
1801 -27.0000000000
1844 -26.0000000000
1861 -25.0000000000
1878 -24.0000000000
1899 -23.0000000000
1910 -22.0000000000
1920 -21.0000000000
1944 -20.0000000000
1950 -19.0000000000
1957 -18.0000000000
1998 -17.0000000000
2029 -16.0000000000
2078 -15.0000000000
2088 -14.0000000000
2163 -13.0000000000
2222 -12.0000000000
2331 -11.0000000000
2487 -10.0000000000
2674 -9.0000000000
2693 -8.0000000000
2731 -6.0000000000
2806 -5.0000000000
2988 -4.0000000000
3238 -3.0000000000
3266 -2.0000000000
3365 -1.0000000000
3505 401.0000000000
4043 403.0000000000
4676 404.0000000000
4935 413.0000000000
5915 419.0000000000
6278 422.0000000000
10000 422.0000000000
evaluations raw_y
1 -222.0000000000
3 -221.0000000000
6 -220.0000000000
9 -219.0000000000
12 -218.0000000000
13 -217.0000000000
14 -214.0000000000
17 -213.0000000000
19 -212.0000000000
22 -211.0000000000
29 -210.0000000000
35 -209.0000000000
36 -208.0000000000
52 -206.0000000000
57 -205.0000000000
58 -204.0000000000
65 -203.0000000000
79 -201.0000000000
80 -200.0000000000
81 -198.0000000000
82 -195.0000000000
85 -193.0000000000
91 -191.0000000000
92 -189.0000000000
96 -187.0000000000
104 -186.0000000000
107 -184.0000000000
109 -183.0000000000
117 -182.0000000000
121 -180.0000000000
122 -179.0000000000
137 -178.0000000000
145 -177.0000000000
146 -176.0000000000
147 -174.0000000000
149 -173.0000000000
150 -172.0000000000
154 -171.0000000000
155 -170.0000000000
164 -168.0000000000
166 -167.0000000000
168 -166.0000000000
169 -164.0000000000
177 -163.0000000000
178 -162.0000000000
187 -161.0000000000
189 -160.0000000000
198 -159.0000000000
202 -158.0000000000
205 -156.0000000000
208 -155.0000000000
238 -154.0000000000
243 -152.0000000000
248 -151.0000000000
263 -149.0000000000
265 -148.0000000000
270 -147.0000000000
281 -146.0000000000
287 -145.0000000000
289 -144.0000000000
291 -143.0000000000
303 -142.0000000000
305 -141.0000000000
318 -140.0000000000
320 -139.0000000000
323 -138.0000000000
327 -137.0000000000
347 -136.0000000000
352 -135.0000000000
362 -134.0000000000
366 -133.0000000000
373 -132.0000000000
382 -131.0000000000
392 -130.0000000000
407 -129.0000000000
412 -128.0000000000
441 -127.0000000000
449 -126.0000000000
460 -125.0000000000
466 -124.0000000000
471 -123.0000000000
473 -122.0000000000
476 -121.0000000000
498 -120.0000000000
504 -119.0000000000
505 -118.0000000000
519 -117.0000000000
528 -116.0000000000
531 -115.0000000000
542 -114.0000000000
550 -113.0000000000
552 -112.0000000000
562 -111.0000000000
573 -110.0000000000
579 -109.0000000000
590 -108.0000000000
596 -107.0000000000
601 -106.0000000000
622 -105.0000000000
628 -104.0000000000
632 -103.0000000000
635 -101.0000000000
640 -100.0000000000
660 -99.0000000000
671 -98.0000000000
680 -97.0000000000
684 -96.0000000000
695 -95.0000000000
711 -94.0000000000
723 -93.0000000000
730 -92.0000000000
735 -91.0000000000
739 -90.0000000000
756 -89.0000000000
766 -88.0000000000
767 -87.0000000000
779 -86.0000000000
782 -85.0000000000
802 -84.0000000000
859 -83.0000000000
867 -82.0000000000
880 -81.0000000000
887 -80.0000000000
908 -79.0000000000
924 -78.0000000000
927 -77.0000000000
938 -75.0000000000
950 -74.0000000000
954 -73.0000000000
956 -72.0000000000
957 -70.0000000000
981 -69.0000000000
992 -68.0000000000
996 -67.0000000000
1028 -66.0000000000
1037 -65.0000000000
1047 -64.0000000000
1063 -63.0000000000
1077 -62.0000000000
1090 -61.0000000000
1114 -60.0000000000
1115 -59.0000000000
1124 -58.0000000000
1155 -57.0000000000
1159 -56.0000000000
1170 -55.0000000000
1203 -54.0000000000
1257 -52.0000000000
1294 -51.0000000000
1304 -50.0000000000
1348 -49.0000000000
1353 -48.0000000000
1390 -47.0000000000
1395 -46.0000000000
1408 -45.0000000000
1418 -44.0000000000
1423 -43.0000000000
1428 -42.0000000000
1435 -41.0000000000
1455 -40.0000000000
1489 -39.0000000000
1506 -38.0000000000
1544 -37.0000000000
1554 -36.0000000000
1580 -35.0000000000
1583 -34.0000000000
1591 -33.0000000000
1605 -32.0000000000
1630 -31.0000000000
1667 -30.0000000000
1706 -29.0000000000
1721 -28.0000000000
1723 -27.0000000000
1779 -26.0000000000
1818 -25.0000000000
1826 -24.0000000000
1843 -23.0000000000
1871 -22.0000000000
1874 -21.0000000000
1878 -20.0000000000
1890 -19.0000000000
1921 -18.0000000000
1956 -17.0000000000
1998 -16.0000000000
2024 -15.0000000000
2158 -14.0000000000
2166 -13.0000000000
2173 -12.0000000000
2192 -11.0000000000
2196 -10.0000000000
2284 -9.0000000000
2289 -8.0000000000
2316 -7.0000000000
2360 -6.0000000000
2672 -5.0000000000
2694 -4.0000000000
2763 -3.0000000000
2808 -2.0000000000
3120 -1.0000000000
3142 408.0000000000
3587 410.0000000000
4110 411.0000000000
5217 414.0000000000
5844 417.0000000000
6239 421.0000000000
10000 -1.0000000000
evaluations raw_y
1 -205.0000000000
2 -204.0000000000
3 -203.0000000000
4 -202.0000000000
13 -201.0000000000
16 -200.0000000000
21 -199.0000000000
22 -198.0000000000
26 -197.0000000000
28 -196.0000000000
30 -195.0000000000
40 -194.0000000000
42 -193.0000000000
43 -192.0000000000
44 -191.0000000000
45 -190.0000000000
59 -187.0000000000
65 -186.0000000000
69 -185.0000000000
72 -184.0000000000
74 -182.0000000000
76 -181.0000000000
77 -179.0000000000
84 -178.0000000000
86 -176.0000000000
87 -175.0000000000
90 -174.0000000000
92 -173.0000000000
95 -172.0000000000
102 -171.0000000000
109 -170.0000000000
119 -169.0000000000
128 -168.0000000000
137 -167.0000000000
138 -166.0000000000
142 -165.0000000000
143 -164.0000000000
144 -163.0000000000
145 -162.0000000000
152 -161.0000000000
154 -159.0000000000
158 -158.0000000000
163 -157.0000000000
165 -156.0000000000
166 -155.0000000000
171 -154.0000000000
174 -153.0000000000
183 -152.0000000000
202 -151.0000000000
204 -150.0000000000
207 -149.0000000000
212 -148.0000000000
238 -147.0000000000
243 -145.0000000000
244 -144.0000000000
255 -143.0000000000
258 -142.0000000000
259 -141.0000000000
265 -140.0000000000
273 -139.0000000000
284 -138.0000000000
294 -137.0000000000
296 -136.0000000000
303 -135.0000000000
304 -134.0000000000
316 -132.0000000000
324 -131.0000000000
327 -130.0000000000
339 -129.0000000000
346 -128.0000000000
347 -127.0000000000
348 -126.0000000000
359 -125.0000000000
364 -124.0000000000
365 -123.0000000000
368 -122.0000000000
393 -120.0000000000
398 -119.0000000000
412 -116.0000000000
425 -115.0000000000
432 -114.0000000000
440 -113.0000000000
454 -112.0000000000
455 -111.0000000000
466 -109.0000000000
468 -108.0000000000
478 -107.0000000000
502 -106.0000000000
509 -105.0000000000
513 -104.0000000000
529 -103.0000000000
531 -102.0000000000
539 -101.0000000000
540 -100.0000000000
543 -99.0000000000
550 -98.0000000000
560 -96.0000000000
574 -95.0000000000
578 -94.0000000000
581 -93.0000000000
588 -92.0000000000
590 -91.0000000000
595 -90.0000000000
596 -89.0000000000
599 -88.0000000000
606 -87.0000000000
607 -85.0000000000
633 -83.0000000000
635 -82.0000000000
637 -81.0000000000
645 -80.0000000000
654 -79.0000000000
666 -78.0000000000
668 -77.0000000000
685 -76.0000000000
693 -75.0000000000
700 -74.0000000000
713 -73.0000000000
728 -71.0000000000
738 -70.0000000000
748 -69.0000000000
756 -68.0000000000
766 -67.0000000000
775 -66.0000000000
778 -65.0000000000
780 -64.0000000000
813 -63.0000000000
819 -62.0000000000
822 -61.0000000000
827 -60.0000000000
847 -59.0000000000
856 -58.0000000000
870 -57.0000000000
877 -56.0000000000
880 -55.0000000000
905 -54.0000000000
960 -53.0000000000
984 -52.0000000000
989 -51.0000000000
996 -50.0000000000
1067 -49.0000000000
1071 -47.0000000000
1100 -46.0000000000
1102 -45.0000000000
1109 -44.0000000000
1113 -43.0000000000
1139 -42.0000000000
1141 -41.0000000000
1171 -40.0000000000
1177 -39.0000000000
1209 -38.0000000000
1231 -37.0000000000
1236 -36.0000000000
1268 -35.0000000000
1291 -34.0000000000
1306 -33.0000000000
1337 -32.0000000000
1352 -31.0000000000
1359 -30.0000000000
1380 -29.0000000000
1397 -28.0000000000
1434 -26.0000000000
1452 -25.0000000000
1485 -24.0000000000
1497 -23.0000000000
1541 -22.0000000000
1646 -21.0000000000
1647 -20.0000000000
1666 -19.0000000000
1743 -18.0000000000
1841 -17.0000000000
1907 -16.0000000000
1994 -15.0000000000
2000 -14.0000000000
2025 -13.0000000000
2223 -12.0000000000
2224 -11.0000000000
2401 -10.0000000000
2408 -9.0000000000
2412 -8.0000000000
2431 -7.0000000000
2442 -6.0000000000
2594 -5.0000000000
2660 -4.0000000000
2669 -3.0000000000
2783 -2.0000000000
2840 -1.0000000000
2927 379.0000000000
2985 385.0000000000
3138 394.0000000000
3226 402.0000000000
3885 404.0000000000
5100 413.0000000000
5818 418.0000000000
6513 424.0000000000
8660 425.0000000000
10000 -1.0000000000
evaluations raw_y
1 -209.0000000000
3 -208.0000000000
5 -207.0000000000
12 -206.0000000000
20 -205.0000000000
24 -204.0000000000
25 -203.0000000000
27 -200.0000000000
35 -199.0000000000
37 -198.0000000000
38 -197.0000000000
44 -196.0000000000
45 -195.0000000000
48 -194.0000000000
50 -191.0000000000
54 -190.0000000000
56 -189.0000000000
60 -188.0000000000
62 -187.0000000000
74 -186.0000000000
78 -185.0000000000
79 -184.0000000000
81 -183.0000000000
84 -182.0000000000
97 -181.0000000000
99 -180.0000000000
102 -179.0000000000
106 -178.0000000000
109 -177.0000000000
114 -175.0000000000
118 -174.0000000000
122 -173.0000000000
124 -172.0000000000
125 -171.0000000000
127 -170.0000000000
135 -169.0000000000
147 -168.0000000000
154 -167.0000000000
159 -166.0000000000
163 -165.0000000000
164 -164.0000000000
165 -163.0000000000
166 -162.0000000000
171 -161.0000000000
176 -160.0000000000
178 -158.0000000000
184 -157.0000000000
192 -156.0000000000
196 -155.0000000000
197 -153.0000000000
198 -152.0000000000
199 -150.0000000000
202 -148.0000000000
204 -147.0000000000
206 -146.0000000000
213 -145.0000000000
214 -144.0000000000
222 -143.0000000000
223 -142.0000000000
226 -141.0000000000
236 -140.0000000000
247 -139.0000000000
266 -138.0000000000
272 -137.0000000000
277 -136.0000000000
278 -135.0000000000
284 -134.0000000000
294 -133.0000000000
303 -132.0000000000
312 -130.0000000000
325 -129.0000000000
359 -126.0000000000
362 -125.0000000000
366 -124.0000000000
379 -123.0000000000
394 -122.0000000000
396 -121.0000000000
400 -120.0000000000
415 -119.0000000000
418 -118.0000000000
419 -117.0000000000
424 -116.0000000000
433 -115.0000000000
442 -114.0000000000
443 -113.0000000000
448 -112.0000000000
456 -110.0000000000
459 -109.0000000000
464 -108.0000000000
471 -107.0000000000
476 -106.0000000000
488 -105.0000000000
498 -102.0000000000
510 -101.0000000000
519 -99.0000000000
522 -98.0000000000
535 -97.0000000000
538 -96.0000000000
543 -95.0000000000
552 -94.0000000000
553 -93.0000000000
568 -92.0000000000
574 -91.0000000000
588 -90.0000000000
637 -89.0000000000
643 -88.0000000000
647 -87.0000000000
659 -86.0000000000
664 -85.0000000000
678 -84.0000000000
681 -83.0000000000
685 -82.0000000000
703 -81.0000000000
708 -80.0000000000
709 -79.0000000000
714 -78.0000000000
726 -77.0000000000
731 -76.0000000000
736 -75.0000000000
737 -74.0000000000
745 -73.0000000000
748 -72.0000000000
777 -71.0000000000
786 -70.0000000000
800 -69.0000000000
816 -68.0000000000
825 -67.0000000000
832 -66.0000000000
842 -65.0000000000
851 -64.0000000000
862 -63.0000000000
864 -62.0000000000
879 -61.0000000000
919 -60.0000000000
925 -59.0000000000
935 -58.0000000000
946 -57.0000000000
974 -56.0000000000
976 -55.0000000000
1023 -54.0000000000
1031 -53.0000000000
1046 -52.0000000000
1047 -51.0000000000
1050 -50.0000000000
1073 -49.0000000000
1121 -48.0000000000
1124 -47.0000000000
1156 -46.0000000000
1165 -45.0000000000
1180 -44.0000000000
1207 -43.0000000000
1220 -42.0000000000
1232 -40.0000000000
1282 -39.0000000000
1286 -38.0000000000
1307 -37.0000000000
1325 -36.0000000000
1330 -35.0000000000
1344 -34.0000000000
1434 -33.0000000000
1453 -32.0000000000
1465 -31.0000000000
1516 -30.0000000000
1541 -29.0000000000
1588 -28.0000000000
1594 -27.0000000000
1711 -26.0000000000
1776 -25.0000000000
1785 -24.0000000000
1865 -23.0000000000
1892 -22.0000000000
1906 -21.0000000000
1924 -20.0000000000
1970 -19.0000000000
1974 -18.0000000000
1977 -17.0000000000
1998 -16.0000000000
2048 -15.0000000000
2107 -14.0000000000
2126 -13.0000000000
2131 -12.0000000000
2190 -11.0000000000
2230 -10.0000000000
2269 -9.0000000000
2320 -8.0000000000
2329 -7.0000000000
2335 -6.0000000000
2447 -5.0000000000
2493 -4.0000000000
2502 -3.0000000000
2629 -2.0000000000
2725 -1.0000000000
2893 378.0000000000
3151 380.0000000000
3399 381.0000000000
3925 387.0000000000
4147 389.0000000000
4209 403.0000000000
4627 404.0000000000
6088 409.0000000000
6354 410.0000000000
6817 414.0000000000
10000 -2.0000000000
evaluations raw_y
1 -207.0000000000
4 -206.0000000000
6 -204.0000000000
8 -203.0000000000
14 -202.0000000000
19 -201.0000000000
21 -200.0000000000
23 -199.0000000000
24 -198.0000000000
28 -197.0000000000
34 -196.0000000000
37 -195.0000000000
38 -193.0000000000
47 -192.0000000000
53 -191.0000000000
54 -190.0000000000
55 -188.0000000000
57 -186.0000000000
60 -185.0000000000
62 -183.0000000000
63 -182.0000000000
66 -181.0000000000
69 -180.0000000000
71 -178.0000000000
72 -177.0000000000
73 -176.0000000000
81 -174.0000000000
85 -173.0000000000
92 -172.0000000000
93 -171.0000000000
96 -170.0000000000
102 -169.0000000000
111 -168.0000000000
114 -167.0000000000
122 -165.0000000000
126 -164.0000000000
127 -163.0000000000
131 -162.0000000000
135 -160.0000000000
142 -159.0000000000
144 -158.0000000000
146 -157.0000000000
154 -156.0000000000
155 -154.0000000000
157 -153.0000000000
160 -152.0000000000
171 -151.0000000000
172 -149.0000000000
174 -147.0000000000
184 -146.0000000000
188 -145.0000000000
193 -144.0000000000
194 -143.0000000000
205 -142.0000000000
212 -141.0000000000
221 -139.0000000000
230 -138.0000000000
237 -137.0000000000
238 -136.0000000000
240 -135.0000000000
252 -134.0000000000
254 -132.0000000000
255 -130.0000000000
261 -129.0000000000
267 -128.0000000000
276 -127.0000000000
279 -126.0000000000
284 -125.0000000000
285 -124.0000000000
292 -123.0000000000
294 -122.0000000000
298 -121.0000000000
306 -120.0000000000
310 -119.0000000000
312 -118.0000000000
319 -117.0000000000
321 -116.0000000000
322 -115.0000000000
326 -114.0000000000
337 -113.0000000000
346 -111.0000000000
378 -110.0000000000
381 -109.0000000000
382 -108.0000000000
392 -107.0000000000
396 -106.0000000000
402 -104.0000000000
421 -103.0000000000
427 -102.0000000000
429 -101.0000000000
435 -100.0000000000
436 -99.0000000000
482 -98.0000000000
487 -97.0000000000
490 -96.0000000000
492 -94.0000000000
505 -93.0000000000
506 -92.0000000000
509 -91.0000000000
518 -90.0000000000
521 -89.0000000000
525 -88.0000000000
537 -87.0000000000
558 -86.0000000000
578 -85.0000000000
579 -84.0000000000
587 -83.0000000000
594 -82.0000000000
599 -81.0000000000
600 -80.0000000000
612 -79.0000000000
614 -78.0000000000
621 -77.0000000000
629 -76.0000000000
632 -75.0000000000
646 -73.0000000000
651 -71.0000000000
655 -70.0000000000
663 -69.0000000000
675 -68.0000000000
681 -67.0000000000
688 -66.0000000000
693 -65.0000000000
701 -64.0000000000
731 -63.0000000000
750 -62.0000000000
762 -61.0000000000
765 -60.0000000000
769 -59.0000000000
786 -58.0000000000
790 -57.0000000000
796 -56.0000000000
805 -55.0000000000
817 -54.0000000000
852 -53.0000000000
855 -52.0000000000
892 -51.0000000000
918 -50.0000000000
926 -49.0000000000
934 -48.0000000000
960 -47.0000000000
963 -46.0000000000
965 -45.0000000000
981 -44.0000000000
1069 -43.0000000000
1079 -42.0000000000
1173 -41.0000000000
1211 -40.0000000000
1282 -38.0000000000
1288 -37.0000000000
1305 -36.0000000000
1325 -35.0000000000
1326 -34.0000000000
1337 -33.0000000000
1353 -32.0000000000
1431 -31.0000000000
1441 -30.0000000000
1477 -29.0000000000
1520 -28.0000000000
1529 -27.0000000000
1530 -26.0000000000
1575 -25.0000000000
1594 -24.0000000000
1599 -23.0000000000
1774 -22.0000000000
1803 -21.0000000000
1826 -20.0000000000
1834 -19.0000000000
1866 -18.0000000000
1938 -17.0000000000
1989 -16.0000000000
2048 -14.0000000000
2051 -13.0000000000
2069 -12.0000000000
2147 -11.0000000000
2187 -10.0000000000
2217 -9.0000000000
2252 -8.0000000000
2492 -7.0000000000
2692 -6.0000000000
2728 -5.0000000000
2729 -4.0000000000
2730 -3.0000000000
2741 -2.0000000000
2925 -1.0000000000
2937 368.0000000000
3047 374.0000000000
3227 378.0000000000
3489 386.0000000000
3500 395.0000000000
3767 401.0000000000
4796 410.0000000000
5460 412.0000000000
6571 413.0000000000
6723 415.0000000000
7030 419.0000000000
8889 422.0000000000
10000 -2.0000000000
evaluations raw_y
1 -215.0000000000
3 -214.0000000000
6 -213.0000000000
11 -211.0000000000
23 -210.0000000000
26 -209.0000000000
34 -208.0000000000
40 -206.0000000000
48 -205.0000000000
49 -204.0000000000
51 -203.0000000000
54 -201.0000000000
55 -200.0000000000
59 -198.0000000000
74 -197.0000000000
77 -196.0000000000
83 -194.0000000000
84 -193.0000000000
85 -192.0000000000
86 -191.0000000000
92 -190.0000000000
95 -189.0000000000
96 -188.0000000000
97 -187.0000000000
99 -186.0000000000
101 -185.0000000000
127 -184.0000000000
136 -183.0000000000
141 -181.0000000000
142 -180.0000000000
145 -179.0000000000
147 -178.0000000000
152 -177.0000000000
157 -175.0000000000
160 -174.0000000000
164 -172.0000000000
168 -171.0000000000
180 -169.0000000000
181 -167.0000000000
183 -166.0000000000
188 -165.0000000000
193 -164.0000000000
197 -163.0000000000
201 -162.0000000000
203 -161.0000000000
205 -160.0000000000
220 -159.0000000000
224 -158.0000000000
233 -156.0000000000
240 -155.0000000000
243 -154.0000000000
247 -153.0000000000
265 -152.0000000000
281 -151.0000000000
290 -150.0000000000
295 -149.0000000000
301 -148.0000000000
303 -147.0000000000
306 -146.0000000000
307 -145.0000000000
315 -144.0000000000
316 -143.0000000000
326 -142.0000000000
329 -140.0000000000
330 -139.0000000000
331 -138.0000000000
333 -137.0000000000
337 -136.0000000000
342 -135.0000000000
345 -132.0000000000
349 -131.0000000000
354 -130.0000000000
355 -129.0000000000
361 -127.0000000000
368 -126.0000000000
387 -125.0000000000
397 -124.0000000000
401 -123.0000000000
408 -122.0000000000
409 -120.0000000000
425 -119.0000000000
429 -118.0000000000
441 -117.0000000000
471 -114.0000000000
473 -113.0000000000
477 -112.0000000000
485 -111.0000000000
495 -110.0000000000
506 -109.0000000000
514 -108.0000000000
519 -107.0000000000
536 -106.0000000000
539 -105.0000000000
543 -104.0000000000
562 -103.0000000000
567 -102.0000000000
581 -101.0000000000
583 -100.0000000000
584 -99.0000000000
599 -98.0000000000
602 -97.0000000000
619 -96.0000000000
632 -95.0000000000
636 -94.0000000000
671 -93.0000000000
676 -92.0000000000
680 -91.0000000000
682 -90.0000000000
691 -88.0000000000
695 -87.0000000000
723 -86.0000000000
729 -85.0000000000
730 -84.0000000000
738 -83.0000000000
749 -82.0000000000
753 -81.0000000000
758 -80.0000000000
779 -79.0000000000
786 -78.0000000000
793 -77.0000000000
798 -76.0000000000
810 -75.0000000000
812 -73.0000000000
819 -72.0000000000
832 -71.0000000000
865 -70.0000000000
879 -69.0000000000
890 -67.0000000000
928 -65.0000000000
937 -64.0000000000
952 -63.0000000000
958 -61.0000000000
975 -60.0000000000
981 -59.0000000000
985 -58.0000000000
1018 -57.0000000000
1031 -55.0000000000
1067 -54.0000000000
1098 -53.0000000000
1140 -52.0000000000
1142 -51.0000000000
1151 -50.0000000000
1155 -49.0000000000
1178 -48.0000000000
1198 -47.0000000000
1221 -46.0000000000
1254 -45.0000000000
1288 -44.0000000000
1294 -43.0000000000
1295 -42.0000000000
1338 -41.0000000000
1343 -40.0000000000
1352 -39.0000000000
1354 -38.0000000000
1360 -37.0000000000
1379 -36.0000000000
1386 -35.0000000000
1442 -34.0000000000
1506 -33.0000000000
1540 -32.0000000000
1583 -31.0000000000
1606 -30.0000000000
1668 -29.0000000000
1814 -28.0000000000
1817 -27.0000000000
1836 -26.0000000000
1849 -25.0000000000
1862 -24.0000000000
1883 -23.0000000000
1910 -22.0000000000
1959 -21.0000000000
1974 -20.0000000000
1976 -19.0000000000
2043 -18.0000000000
2047 -17.0000000000
2150 -16.0000000000
2160 -15.0000000000
2214 -14.0000000000
2231 -13.0000000000
2270 -12.0000000000
2297 -11.0000000000
2351 -10.0000000000
2371 -9.0000000000
2570 -8.0000000000
2576 -7.0000000000
2626 -6.0000000000
2639 -5.0000000000
2742 -4.0000000000
2775 -3.0000000000
2912 -2.0000000000
2952 -1.0000000000
3038 390.0000000000
4213 391.0000000000
4467 394.0000000000
4880 397.0000000000
5237 399.0000000000
5667 400.0000000000
5683 403.0000000000
5938 407.0000000000
6982 413.0000000000
7697 416.0000000000
8152 417.0000000000
8485 422.0000000000
10000 -3.0000000000
evaluations raw_y
1 -211.0000000000
3 -210.0000000000
4 -209.0000000000
6 -207.0000000000
7 -206.0000000000
13 -205.0000000000
15 -204.0000000000
16 -203.0000000000
20 -202.0000000000
23 -200.0000000000
29 -199.0000000000
36 -198.0000000000
38 -197.0000000000
45 -196.0000000000
50 -195.0000000000
54 -194.0000000000
58 -193.0000000000
60 -192.0000000000
78 -191.0000000000
88 -190.0000000000
90 -189.0000000000
95 -188.0000000000
96 -187.0000000000
98 -185.0000000000
105 -183.0000000000
106 -182.0000000000
115 -181.0000000000
121 -180.0000000000
124 -179.0000000000
125 -178.0000000000
129 -177.0000000000
137 -175.0000000000
144 -174.0000000000
149 -173.0000000000
150 -172.0000000000
151 -171.0000000000
158 -170.0000000000
160 -169.0000000000
167 -168.0000000000
169 -167.0000000000
171 -165.0000000000
176 -163.0000000000
178 -162.0000000000
187 -160.0000000000
190 -159.0000000000
192 -157.0000000000
194 -155.0000000000
195 -154.0000000000
203 -153.0000000000
209 -152.0000000000
211 -151.0000000000
215 -150.0000000000
233 -149.0000000000
236 -148.0000000000
238 -147.0000000000
244 -146.0000000000
245 -145.0000000000
256 -144.0000000000
259 -143.0000000000
266 -142.0000000000
268 -141.0000000000
274 -140.0000000000
275 -139.0000000000
287 -138.0000000000
288 -137.0000000000
294 -136.0000000000
297 -135.0000000000
301 -134.0000000000
307 -133.0000000000
309 -132.0000000000
313 -131.0000000000
317 -130.0000000000
326 -129.0000000000
334 -128.0000000000
346 -127.0000000000
359 -126.0000000000
376 -124.0000000000
377 -123.0000000000
379 -122.0000000000
381 -121.0000000000
394 -120.0000000000
398 -119.0000000000
406 -118.0000000000
415 -116.0000000000
424 -115.0000000000
425 -114.0000000000
435 -113.0000000000
436 -111.0000000000
446 -110.0000000000
449 -109.0000000000
462 -108.0000000000
464 -106.0000000000
475 -105.0000000000
502 -104.0000000000
513 -103.0000000000
522 -102.0000000000
527 -101.0000000000
543 -100.0000000000
569 -99.0000000000
577 -98.0000000000
610 -97.0000000000
613 -96.0000000000
618 -95.0000000000
638 -94.0000000000
660 -93.0000000000
674 -91.0000000000
679 -90.0000000000
709 -89.0000000000
712 -88.0000000000
725 -87.0000000000
747 -86.0000000000
760 -85.0000000000
763 -84.0000000000
767 -83.0000000000
777 -80.0000000000
799 -79.0000000000
808 -78.0000000000
812 -77.0000000000
818 -75.0000000000
827 -74.0000000000
830 -73.0000000000
847 -72.0000000000
853 -71.0000000000
854 -70.0000000000
871 -69.0000000000
875 -68.0000000000
914 -67.0000000000
917 -66.0000000000
925 -65.0000000000
929 -64.0000000000
933 -63.0000000000
943 -62.0000000000
957 -61.0000000000
961 -60.0000000000
972 -59.0000000000
985 -58.0000000000
989 -57.0000000000
1002 -56.0000000000
1003 -55.0000000000
1005 -53.0000000000
1020 -52.0000000000
1038 -51.0000000000
1041 -50.0000000000
1043 -49.0000000000
1050 -48.0000000000
1069 -47.0000000000
1079 -46.0000000000
1084 -45.0000000000
1085 -43.0000000000
1107 -42.0000000000
1112 -41.0000000000
1139 -40.0000000000
1174 -39.0000000000
1191 -38.0000000000
1197 -37.0000000000
1231 -36.0000000000
1232 -35.0000000000
1245 -34.0000000000
1281 -33.0000000000
1290 -32.0000000000
1301 -31.0000000000
1325 -30.0000000000
1356 -29.0000000000
1443 -28.0000000000
1469 -27.0000000000
1493 -26.0000000000
1516 -25.0000000000
1525 -24.0000000000
1561 -23.0000000000
1632 -22.0000000000
1637 -21.0000000000
1646 -20.0000000000
1675 -19.0000000000
1689 -18.0000000000
1693 -16.0000000000
1751 -15.0000000000
1768 -14.0000000000
1807 -13.0000000000
1840 -12.0000000000
1846 -11.0000000000
1853 -10.0000000000
1928 -9.0000000000
1936 -8.0000000000
2029 -7.0000000000
2222 -6.0000000000
2530 -5.0000000000
2630 -4.0000000000
2835 -3.0000000000
2837 -2.0000000000
2885 -1.0000000000
3202 385.0000000000
4101 390.0000000000
4139 393.0000000000
4404 395.0000000000
4477 400.0000000000
5523 401.0000000000
5658 404.0000000000
7378 405.0000000000
7958 414.0000000000
9020 416.0000000000
10000 -1.0000000000
evaluations raw_y
1 -227.0000000000
11 -226.0000000000
13 -225.0000000000
16 -224.0000000000
17 -223.0000000000
24 -221.0000000000
26 -220.0000000000
31 -219.0000000000
32 -217.0000000000
36 -216.0000000000
41 -215.0000000000
47 -213.0000000000
52 -212.0000000000
63 -211.0000000000
66 -210.0000000000
68 -209.0000000000
69 -208.0000000000
74 -207.0000000000
77 -206.0000000000
79 -205.0000000000
82 -204.0000000000
86 -203.0000000000
96 -202.0000000000
115 -201.0000000000
116 -200.0000000000
131 -199.0000000000
133 -196.0000000000
138 -195.0000000000
145 -194.0000000000
149 -193.0000000000
150 -192.0000000000
152 -191.0000000000
153 -189.0000000000
158 -188.0000000000
161 -185.0000000000
166 -184.0000000000
169 -183.0000000000
177 -182.0000000000
183 -181.0000000000
185 -180.0000000000
187 -179.0000000000
188 -178.0000000000
189 -177.0000000000
201 -176.0000000000
206 -175.0000000000
208 -174.0000000000
214 -173.0000000000
220 -171.0000000000
221 -170.0000000000
223 -169.0000000000
231 -167.0000000000
232 -166.0000000000
248 -165.0000000000
254 -163.0000000000
257 -161.0000000000
258 -160.0000000000
270 -159.0000000000
271 -158.0000000000
272 -156.0000000000
276 -155.0000000000
289 -154.0000000000
291 -153.0000000000
300 -152.0000000000
311 -151.0000000000
313 -150.0000000000
315 -149.0000000000
319 -148.0000000000
328 -147.0000000000
350 -146.0000000000
352 -145.0000000000
361 -144.0000000000
365 -143.0000000000
382 -141.0000000000
395 -140.0000000000
398 -136.0000000000
400 -135.0000000000
403 -134.0000000000
406 -133.0000000000
418 -132.0000000000
422 -131.0000000000
424 -130.0000000000
430 -129.0000000000
431 -128.0000000000
432 -127.0000000000
437 -126.0000000000
441 -125.0000000000
466 -124.0000000000
483 -123.0000000000
486 -122.0000000000
491 -121.0000000000
497 -120.0000000000
499 -119.0000000000
507 -118.0000000000
510 -117.0000000000
519 -116.0000000000
526 -115.0000000000
541 -114.0000000000
582 -111.0000000000
583 -110.0000000000
589 -109.0000000000
595 -108.0000000000
604 -107.0000000000
607 -106.0000000000
638 -105.0000000000
646 -104.0000000000
666 -102.0000000000
672 -101.0000000000
676 -99.0000000000
687 -98.0000000000
690 -97.0000000000
694 -96.0000000000
703 -95.0000000000
718 -92.0000000000
739 -91.0000000000
740 -90.0000000000
751 -88.0000000000
792 -87.0000000000
801 -86.0000000000
811 -85.0000000000
822 -84.0000000000
826 -83.0000000000
839 -82.0000000000
869 -81.0000000000
874 -80.0000000000
875 -79.0000000000
884 -78.0000000000
887 -77.0000000000
898 -76.0000000000
904 -75.0000000000
909 -74.0000000000
942 -72.0000000000
962 -70.0000000000
963 -68.0000000000
974 -67.0000000000
976 -66.0000000000
981 -65.0000000000
982 -64.0000000000
999 -63.0000000000
1001 -62.0000000000
1007 -61.0000000000
1040 -60.0000000000
1046 -59.0000000000
1056 -58.0000000000
1086 -57.0000000000
1098 -56.0000000000
1128 -55.0000000000
1155 -54.0000000000
1171 -53.0000000000
1220 -52.0000000000
1240 -51.0000000000
1275 -50.0000000000
1331 -49.0000000000
1339 -48.0000000000
1342 -47.0000000000
1358 -46.0000000000
1365 -45.0000000000
1370 -44.0000000000
1379 -43.0000000000
1410 -42.0000000000
1419 -41.0000000000
1426 -40.0000000000
1449 -39.0000000000
1452 -38.0000000000
1457 -37.0000000000
1487 -36.0000000000
1498 -35.0000000000
1510 -34.0000000000
1523 -33.0000000000
1528 -32.0000000000
1553 -31.0000000000
1565 -30.0000000000
1591 -29.0000000000
1601 -28.0000000000
1603 -27.0000000000
1628 -26.0000000000
1847 -25.0000000000
1892 -24.0000000000
1917 -22.0000000000
2041 -21.0000000000
2057 -20.0000000000
2086 -19.0000000000
2145 -18.0000000000
2152 -17.0000000000
2267 -16.0000000000
2373 -15.0000000000
2383 -14.0000000000
2458 -13.0000000000
2541 -12.0000000000
2580 -11.0000000000
2623 -10.0000000000
2644 -9.0000000000
2655 -8.0000000000
2796 -7.0000000000
2849 -6.0000000000
2884 -5.0000000000
3048 -4.0000000000
3158 -3.0000000000
3175 -2.0000000000
3426 -1.0000000000
3513 390.0000000000
3561 398.0000000000
4113 403.0000000000
4146 412.0000000000
6041 415.0000000000
7639 416.0000000000
9957 417.0000000000
10000 417.0000000000
evaluations raw_y
1 -226.0000000000
4 -225.0000000000
5 -223.0000000000
7 -222.0000000000
10 -221.0000000000
15 -220.0000000000
24 -219.0000000000
30 -218.0000000000
35 -217.0000000000
45 -214.0000000000
49 -212.0000000000
50 -211.0000000000
51 -210.0000000000
65 -209.0000000000
67 -208.0000000000
69 -207.0000000000
72 -206.0000000000
73 -205.0000000000
80 -203.0000000000
81 -201.0000000000
82 -199.0000000000
84 -198.0000000000
85 -197.0000000000
86 -196.0000000000
87 -195.0000000000
89 -194.0000000000
91 -192.0000000000
94 -191.0000000000
100 -190.0000000000
101 -189.0000000000
103 -188.0000000000
104 -187.0000000000
109 -186.0000000000
110 -185.0000000000
111 -184.0000000000
112 -183.0000000000
114 -182.0000000000
120 -181.0000000000
129 -180.0000000000
131 -179.0000000000
136 -177.0000000000
142 -176.0000000000
143 -175.0000000000
151 -174.0000000000
160 -173.0000000000
166 -172.0000000000
177 -170.0000000000
187 -169.0000000000
193 -168.0000000000
202 -167.0000000000
208 -166.0000000000
227 -165.0000000000
249 -164.0000000000
250 -163.0000000000
267 -160.0000000000
270 -159.0000000000
271 -157.0000000000
279 -156.0000000000
282 -154.0000000000
283 -153.0000000000
290 -152.0000000000
298 -151.0000000000
314 -150.0000000000
317 -149.0000000000
318 -148.0000000000
346 -147.0000000000
350 -146.0000000000
365 -145.0000000000
367 -144.0000000000
371 -143.0000000000
372 -142.0000000000
385 -141.0000000000
389 -140.0000000000
393 -139.0000000000
398 -138.0000000000
407 -137.0000000000
414 -136.0000000000
418 -135.0000000000
430 -134.0000000000
432 -133.0000000000
436 -132.0000000000
441 -131.0000000000
445 -130.0000000000
448 -129.0000000000
449 -128.0000000000
453 -127.0000000000
463 -125.0000000000
480 -124.0000000000
500 -123.0000000000
504 -122.0000000000
505 -121.0000000000
514 -120.0000000000
556 -119.0000000000
568 -118.0000000000
573 -117.0000000000
593 -116.0000000000
597 -115.0000000000
602 -114.0000000000
620 -113.0000000000
626 -112.0000000000
634 -111.0000000000
639 -110.0000000000
648 -109.0000000000
653 -108.0000000000
654 -107.0000000000
661 -106.0000000000
684 -105.0000000000
691 -103.0000000000
698 -102.0000000000
708 -101.0000000000
713 -100.0000000000
719 -99.0000000000
730 -97.0000000000
735 -96.0000000000
745 -95.0000000000
767 -94.0000000000
771 -93.0000000000
781 -92.0000000000
796 -90.0000000000
800 -89.0000000000
812 -87.0000000000
814 -86.0000000000
828 -84.0000000000
830 -83.0000000000
846 -82.0000000000
849 -81.0000000000
868 -80.0000000000
874 -78.0000000000
884 -77.0000000000
895 -76.0000000000
907 -75.0000000000
909 -74.0000000000
910 -73.0000000000
931 -72.0000000000
935 -71.0000000000
938 -70.0000000000
940 -69.0000000000
942 -68.0000000000
981 -67.0000000000
1006 -66.0000000000
1017 -65.0000000000
1031 -64.0000000000
1041 -63.0000000000
1055 -62.0000000000
1058 -60.0000000000
1065 -59.0000000000
1068 -58.0000000000
1105 -57.0000000000
1114 -56.0000000000
1120 -55.0000000000
1169 -54.0000000000
1183 -53.0000000000
1202 -52.0000000000
1204 -51.0000000000
1211 -50.0000000000
1214 -48.0000000000
1224 -47.0000000000
1245 -46.0000000000
1258 -45.0000000000
1262 -44.0000000000
1323 -43.0000000000
1329 -42.0000000000
1353 -41.0000000000
1382 -40.0000000000
1451 -39.0000000000
1470 -38.0000000000
1478 -37.0000000000
1489 -36.0000000000
1490 -35.0000000000
1562 -34.0000000000
1669 -33.0000000000
1713 -32.0000000000
1718 -31.0000000000
1728 -30.0000000000
1762 -29.0000000000
1805 -28.0000000000
1807 -27.0000000000
1863 -26.0000000000
1898 -25.0000000000
1918 -24.0000000000
1957 -23.0000000000
1966 -22.0000000000
2006 -21.0000000000
2067 -20.0000000000
2111 -19.0000000000
2165 -18.0000000000
2185 -16.0000000000
2186 -15.0000000000
2240 -14.0000000000
2247 -13.0000000000
2406 -12.0000000000
2484 -11.0000000000
2486 -10.0000000000
2507 -9.0000000000
2537 -8.0000000000
2618 -7.0000000000
2635 -6.0000000000
2648 -5.0000000000
2737 -4.0000000000
2802 -3.0000000000
2970 -2.0000000000
3119 -1.0000000000
3338 399.0000000000
3353 403.0000000000
4658 405.0000000000
4897 406.0000000000
6184 408.0000000000
7297 410.0000000000
7359 413.0000000000
7449 415.0000000000
9675 417.0000000000
9720 419.0000000000
9755 426.0000000000
10000 426.0000000000
evaluations raw_y
1 -221.0000000000
10 -220.0000000000
14 -217.0000000000
18 -216.0000000000
21 -215.0000000000
25 -214.0000000000
29 -213.0000000000
37 -212.0000000000
38 -210.0000000000
41 -209.0000000000
43 -206.0000000000
45 -204.0000000000
48 -203.0000000000
52 -202.0000000000
55 -201.0000000000
63 -200.0000000000
66 -199.0000000000
74 -198.0000000000
77 -197.0000000000
89 -196.0000000000
90 -195.0000000000
96 -194.0000000000
104 -193.0000000000
105 -192.0000000000
107 -191.0000000000
109 -190.0000000000
111 -189.0000000000
114 -187.0000000000
119 -186.0000000000
124 -185.0000000000
135 -184.0000000000
144 -183.0000000000
146 -181.0000000000
152 -180.0000000000
165 -179.0000000000
172 -178.0000000000
178 -177.0000000000
181 -175.0000000000
189 -174.0000000000
192 -173.0000000000
193 -172.0000000000
197 -170.0000000000
201 -168.0000000000
207 -167.0000000000
208 -166.0000000000
211 -165.0000000000
222 -164.0000000000
226 -163.0000000000
232 -162.0000000000
237 -161.0000000000
243 -160.0000000000
247 -159.0000000000
261 -158.0000000000
262 -157.0000000000
265 -156.0000000000
271 -154.0000000000
275 -153.0000000000
277 -152.0000000000
279 -151.0000000000
289 -150.0000000000
290 -149.0000000000
292 -148.0000000000
297 -147.0000000000
307 -146.0000000000
314 -145.0000000000
318 -144.0000000000
329 -142.0000000000
337 -141.0000000000
347 -139.0000000000
350 -138.0000000000
354 -137.0000000000
369 -136.0000000000
373 -135.0000000000
375 -134.0000000000
376 -133.0000000000
377 -132.0000000000
378 -131.0000000000
388 -130.0000000000
399 -129.0000000000
415 -128.0000000000
419 -127.0000000000
421 -126.0000000000
423 -125.0000000000
436 -123.0000000000
440 -122.0000000000
456 -121.0000000000
465 -120.0000000000
466 -119.0000000000
467 -118.0000000000
480 -117.0000000000
484 -116.0000000000
504 -115.0000000000
510 -114.0000000000
512 -113.0000000000
535 -112.0000000000
537 -111.0000000000
543 -110.0000000000
563 -109.0000000000
564 -108.0000000000
585 -107.0000000000
593 -106.0000000000
605 -105.0000000000
613 -104.0000000000
626 -103.0000000000
637 -102.0000000000
675 -100.0000000000
684 -99.0000000000
705 -98.0000000000
709 -97.0000000000
753 -96.0000000000
760 -95.0000000000
769 -94.0000000000
777 -93.0000000000
790 -92.0000000000
797 -91.0000000000
836 -90.0000000000
848 -89.0000000000
863 -88.0000000000
896 -87.0000000000
912 -86.0000000000
913 -85.0000000000
924 -84.0000000000
927 -83.0000000000
935 -82.0000000000
961 -81.0000000000
963 -80.0000000000
965 -79.0000000000
973 -78.0000000000
1002 -77.0000000000
1022 -76.0000000000
1034 -75.0000000000
1061 -74.0000000000
1070 -73.0000000000
1072 -72.0000000000
1099 -71.0000000000
1101 -70.0000000000
1108 -69.0000000000
1119 -68.0000000000
1138 -67.0000000000
1144 -66.0000000000
1167 -65.0000000000
1175 -64.0000000000
1180 -63.0000000000
1181 -62.0000000000
1222 -61.0000000000
1237 -60.0000000000
1247 -59.0000000000
1271 -58.0000000000
1283 -57.0000000000
1287 -56.0000000000
1335 -55.0000000000
1398 -54.0000000000
1436 -53.0000000000
1465 -52.0000000000
1472 -51.0000000000
1506 -50.0000000000
1514 -49.0000000000
1520 -48.0000000000
1539 -47.0000000000
1549 -46.0000000000
1589 -45.0000000000
1594 -44.0000000000
1604 -43.0000000000
1637 -42.0000000000
1638 -41.0000000000
1644 -40.0000000000
1703 -39.0000000000
1735 -38.0000000000
1739 -37.0000000000
1756 -36.0000000000
1774 -35.0000000000
1790 -34.0000000000
1797 -33.0000000000
1840 -32.0000000000
1875 -30.0000000000
2009 -28.0000000000
2092 -27.0000000000
2144 -26.0000000000
2164 -25.0000000000
2181 -24.0000000000
2242 -23.0000000000
2245 -22.0000000000
2252 -21.0000000000
2312 -20.0000000000
2374 -19.0000000000
2391 -18.0000000000
2503 -17.0000000000
2525 -16.0000000000
2529 -15.0000000000
2567 -14.0000000000
2620 -13.0000000000
2643 -11.0000000000
2712 -10.0000000000
2822 -9.0000000000
2833 -8.0000000000
3090 -7.0000000000
3103 -6.0000000000
3121 -5.0000000000
3274 -4.0000000000
3300 -3.0000000000
3332 -2.0000000000
3435 -1.0000000000
3465 380.0000000000
3658 387.0000000000
3762 394.0000000000
4072 395.0000000000
5009 397.0000000000
5137 398.0000000000
7621 400.0000000000
8033 411.0000000000
9726 418.0000000000
10000 -2.0000000000
evaluations raw_y
1 -223.0000000000
7 -221.0000000000
10 -219.0000000000
11 -218.0000000000
12 -217.0000000000
15 -216.0000000000
16 -215.0000000000
17 -214.0000000000
19 -213.0000000000
21 -212.0000000000
25 -211.0000000000
26 -210.0000000000
29 -209.0000000000
30 -208.0000000000
37 -207.0000000000
38 -206.0000000000
41 -205.0000000000
45 -203.0000000000
54 -202.0000000000
55 -201.0000000000
58 -200.0000000000
59 -198.0000000000
60 -197.0000000000
63 -196.0000000000
68 -195.0000000000
73 -194.0000000000
84 -193.0000000000
86 -192.0000000000
107 -191.0000000000
112 -190.0000000000
114 -189.0000000000
122 -188.0000000000
127 -187.0000000000
128 -186.0000000000
132 -185.0000000000
136 -184.0000000000
146 -183.0000000000
157 -182.0000000000
169 -181.0000000000
179 -180.0000000000
190 -178.0000000000
206 -176.0000000000
213 -175.0000000000
214 -174.0000000000
221 -173.0000000000
222 -172.0000000000
228 -171.0000000000
232 -169.0000000000
241 -168.0000000000
256 -167.0000000000
260 -166.0000000000
264 -165.0000000000
270 -162.0000000000
273 -161.0000000000
275 -160.0000000000
284 -159.0000000000
287 -157.0000000000
290 -156.0000000000
294 -155.0000000000
300 -154.0000000000
303 -153.0000000000
311 -152.0000000000
321 -151.0000000000
324 -150.0000000000
337 -149.0000000000
343 -148.0000000000
348 -147.0000000000
350 -146.0000000000
354 -145.0000000000
360 -144.0000000000
361 -142.0000000000
368 -141.0000000000
372 -140.0000000000
373 -139.0000000000
375 -137.0000000000
376 -136.0000000000
380 -135.0000000000
381 -134.0000000000
384 -132.0000000000
391 -131.0000000000
397 -130.0000000000
403 -128.0000000000
407 -127.0000000000
416 -126.0000000000
430 -125.0000000000
433 -124.0000000000
436 -123.0000000000
437 -122.0000000000
441 -121.0000000000
454 -120.0000000000
455 -119.0000000000
467 -118.0000000000
473 -117.0000000000
474 -116.0000000000
479 -115.0000000000
480 -114.0000000000
482 -112.0000000000
483 -111.0000000000
490 -110.0000000000
504 -109.0000000000
514 -108.0000000000
516 -107.0000000000
558 -106.0000000000
559 -105.0000000000
568 -103.0000000000
570 -102.0000000000
587 -100.0000000000
599 -99.0000000000
607 -97.0000000000
611 -96.0000000000
622 -95.0000000000
636 -94.0000000000
641 -93.0000000000
644 -92.0000000000
645 -91.0000000000
677 -90.0000000000
680 -89.0000000000
684 -88.0000000000
688 -87.0000000000
692 -86.0000000000
703 -85.0000000000
712 -84.0000000000
714 -83.0000000000
732 -81.0000000000
749 -80.0000000000
753 -79.0000000000
756 -78.0000000000
774 -77.0000000000
780 -76.0000000000
781 -75.0000000000
785 -74.0000000000
797 -73.0000000000
801 -71.0000000000
807 -70.0000000000
814 -69.0000000000
820 -68.0000000000
846 -67.0000000000
869 -66.0000000000
878 -65.0000000000
885 -64.0000000000
890 -63.0000000000
909 -62.0000000000
926 -61.0000000000
947 -60.0000000000
969 -59.0000000000
971 -58.0000000000
977 -57.0000000000
991 -56.0000000000
1015 -55.0000000000
1027 -54.0000000000
1049 -53.0000000000
1059 -52.0000000000
1063 -51.0000000000
1073 -50.0000000000
1088 -49.0000000000
1113 -48.0000000000
1115 -46.0000000000
1168 -45.0000000000
1209 -44.0000000000
1229 -43.0000000000
1237 -42.0000000000
1300 -41.0000000000
1324 -40.0000000000
1425 -39.0000000000
1467 -38.0000000000
1484 -37.0000000000
1498 -36.0000000000
1515 -35.0000000000
1567 -34.0000000000
1662 -33.0000000000
1666 -32.0000000000
1678 -31.0000000000
1683 -30.0000000000
1728 -29.0000000000
1739 -28.0000000000
1765 -27.0000000000
1770 -26.0000000000
1810 -25.0000000000
1816 -24.0000000000
1888 -23.0000000000
1889 -22.0000000000
1928 -21.0000000000
1992 -20.0000000000
2120 -19.0000000000
2133 -18.0000000000
2134 -17.0000000000
2146 -16.0000000000
2174 -15.0000000000
2233 -14.0000000000
2256 -13.0000000000
2275 -12.0000000000
2318 -11.0000000000
2386 -10.0000000000
2415 -9.0000000000
2446 -8.0000000000
2469 -7.0000000000
2496 -6.0000000000
2512 -5.0000000000
2545 -4.0000000000
2566 -3.0000000000
2571 -2.0000000000
2660 -1.0000000000
2713 369.0000000000
3096 381.0000000000
3167 390.0000000000
3228 395.0000000000
3290 398.0000000000
3427 402.0000000000
3901 403.0000000000
3984 414.0000000000
4330 417.0000000000
5582 419.0000000000
8341 421.0000000000
8791 422.0000000000
10000 422.0000000000
evaluations raw_y
1 -212.0000000000
3 -209.0000000000
5 -207.0000000000
8 -205.0000000000
10 -204.0000000000
18 -203.0000000000
33 -202.0000000000
43 -201.0000000000
47 -200.0000000000
49 -199.0000000000
53 -198.0000000000
69 -197.0000000000
70 -196.0000000000
75 -194.0000000000
89 -193.0000000000
90 -191.0000000000
91 -189.0000000000
96 -188.0000000000
97 -186.0000000000
114 -185.0000000000
123 -184.0000000000
130 -183.0000000000
134 -182.0000000000
145 -181.0000000000
147 -180.0000000000
149 -179.0000000000
150 -178.0000000000
153 -177.0000000000
155 -176.0000000000
163 -175.0000000000
184 -174.0000000000
189 -173.0000000000
191 -172.0000000000
197 -170.0000000000
200 -169.0000000000
206 -168.0000000000
209 -166.0000000000
217 -164.0000000000
219 -163.0000000000
226 -162.0000000000
232 -161.0000000000
233 -160.0000000000
234 -159.0000000000
236 -158.0000000000
242 -156.0000000000
254 -155.0000000000
258 -154.0000000000
265 -153.0000000000
270 -152.0000000000
276 -151.0000000000
280 -149.0000000000
286 -148.0000000000
288 -147.0000000000
297 -146.0000000000
299 -145.0000000000
309 -144.0000000000
311 -143.0000000000
312 -142.0000000000
313 -141.0000000000
318 -140.0000000000
328 -139.0000000000
330 -138.0000000000
331 -137.0000000000
333 -136.0000000000
337 -135.0000000000
339 -133.0000000000
349 -132.0000000000
350 -131.0000000000
357 -129.0000000000
367 -128.0000000000
371 -127.0000000000
382 -125.0000000000
391 -124.0000000000
398 -123.0000000000
412 -121.0000000000
433 -120.0000000000
434 -119.0000000000
441 -118.0000000000
443 -117.0000000000
451 -116.0000000000
452 -115.0000000000
457 -114.0000000000
460 -113.0000000000
473 -112.0000000000
478 -111.0000000000
488 -110.0000000000
496 -109.0000000000
499 -108.0000000000
508 -107.0000000000
510 -104.0000000000
512 -103.0000000000
517 -102.0000000000
535 -101.0000000000
547 -100.0000000000
559 -99.0000000000
574 -97.0000000000
576 -96.0000000000
597 -95.0000000000
609 -94.0000000000
620 -91.0000000000
621 -90.0000000000
625 -88.0000000000
632 -87.0000000000
635 -86.0000000000
648 -85.0000000000
660 -84.0000000000
664 -83.0000000000
677 -82.0000000000
679 -81.0000000000
698 -80.0000000000
707 -79.0000000000
720 -78.0000000000
737 -77.0000000000
745 -76.0000000000
754 -75.0000000000
771 -74.0000000000
777 -73.0000000000
779 -72.0000000000
802 -71.0000000000
826 -70.0000000000
848 -69.0000000000
853 -68.0000000000
872 -67.0000000000
881 -66.0000000000
893 -65.0000000000
907 -64.0000000000
913 -63.0000000000
925 -62.0000000000
935 -61.0000000000
992 -60.0000000000
993 -59.0000000000
1007 -58.0000000000
1010 -57.0000000000
1025 -56.0000000000
1038 -55.0000000000
1079 -54.0000000000
1102 -53.0000000000
1126 -52.0000000000
1163 -51.0000000000
1174 -49.0000000000
1224 -48.0000000000
1256 -47.0000000000
1259 -46.0000000000
1278 -45.0000000000
1293 -44.0000000000
1317 -43.0000000000
1336 -42.0000000000
1347 -41.0000000000
1380 -40.0000000000
1390 -38.0000000000
1392 -37.0000000000
1419 -36.0000000000
1498 -35.0000000000
1501 -34.0000000000
1560 -33.0000000000
1572 -32.0000000000
1578 -31.0000000000
1696 -30.0000000000
1723 -29.0000000000
1724 -28.0000000000
1738 -27.0000000000
1758 -25.0000000000
1762 -24.0000000000
1824 -23.0000000000
1891 -22.0000000000
1896 -21.0000000000
1902 -20.0000000000
1924 -19.0000000000
1925 -18.0000000000
1991 -17.0000000000
2003 -15.0000000000
2006 -14.0000000000
2088 -13.0000000000
2096 -12.0000000000
2136 -11.0000000000
2178 -10.0000000000
2195 -9.0000000000
2236 -8.0000000000
2280 -7.0000000000
2346 -6.0000000000
2387 -5.0000000000
2416 -4.0000000000
2454 -3.0000000000
2514 -2.0000000000
2519 -1.0000000000
2582 401.0000000000
3049 406.0000000000
3950 410.0000000000
4749 412.0000000000
5250 413.0000000000
6050 414.0000000000
6521 415.0000000000
7920 416.0000000000
8078 418.0000000000
10000 418.0000000000
evaluations raw_y
1 -230.0000000000
3 -229.0000000000
4 -228.0000000000
5 -227.0000000000
12 -226.0000000000
13 -225.0000000000
20 -224.0000000000
24 -223.0000000000
28 -221.0000000000
29 -217.0000000000
31 -216.0000000000
35 -215.0000000000
39 -212.0000000000
43 -211.0000000000
44 -210.0000000000
45 -209.0000000000
49 -208.0000000000
50 -207.0000000000
59 -206.0000000000
61 -204.0000000000
64 -203.0000000000
65 -202.0000000000
67 -201.0000000000
80 -199.0000000000
81 -198.0000000000
82 -197.0000000000
88 -196.0000000000
99 -195.0000000000
104 -194.0000000000
106 -193.0000000000
109 -192.0000000000
116 -191.0000000000
123 -190.0000000000
127 -189.0000000000
128 -188.0000000000
135 -187.0000000000
137 -186.0000000000
139 -184.0000000000
148 -183.0000000000
151 -182.0000000000
152 -181.0000000000
158 -179.0000000000
175 -176.0000000000
182 -175.0000000000
184 -173.0000000000
189 -171.0000000000
190 -170.0000000000
195 -169.0000000000
199 -168.0000000000
200 -167.0000000000
205 -165.0000000000
209 -164.0000000000
211 -163.0000000000
213 -162.0000000000
214 -161.0000000000
219 -160.0000000000
229 -158.0000000000
246 -157.0000000000
247 -156.0000000000
253 -155.0000000000
265 -154.0000000000
267 -153.0000000000
270 -152.0000000000
281 -151.0000000000
282 -149.0000000000
289 -148.0000000000
302 -147.0000000000
314 -146.0000000000
328 -144.0000000000
334 -143.0000000000
347 -141.0000000000
361 -140.0000000000
370 -139.0000000000
389 -138.0000000000
393 -137.0000000000
396 -136.0000000000
400 -135.0000000000
409 -134.0000000000
414 -133.0000000000
415 -132.0000000000
416 -131.0000000000
426 -130.0000000000
442 -129.0000000000
474 -128.0000000000
478 -127.0000000000
481 -126.0000000000
488 -125.0000000000
490 -124.0000000000
515 -123.0000000000
519 -122.0000000000
541 -121.0000000000
551 -120.0000000000
554 -119.0000000000
566 -118.0000000000
568 -117.0000000000
569 -116.0000000000
573 -115.0000000000
594 -114.0000000000
606 -113.0000000000
607 -112.0000000000
608 -111.0000000000
612 -110.0000000000
627 -109.0000000000
638 -108.0000000000
653 -107.0000000000
664 -106.0000000000
668 -105.0000000000
679 -104.0000000000
680 -103.0000000000
685 -102.0000000000
687 -101.0000000000
701 -100.0000000000
704 -99.0000000000
706 -98.0000000000
720 -97.0000000000
726 -96.0000000000
727 -95.0000000000
729 -94.0000000000
737 -92.0000000000
744 -91.0000000000
750 -90.0000000000
753 -89.0000000000
758 -88.0000000000
774 -86.0000000000
784 -85.0000000000
790 -81.0000000000
802 -79.0000000000
818 -78.0000000000
823 -77.0000000000
856 -76.0000000000
860 -75.0000000000
873 -74.0000000000
895 -73.0000000000
898 -72.0000000000
926 -71.0000000000
950 -70.0000000000
997 -69.0000000000
1039 -68.0000000000
1042 -67.0000000000
1053 -65.0000000000
1076 -64.0000000000
1080 -63.0000000000
1091 -62.0000000000
1095 -61.0000000000
1111 -60.0000000000
1136 -59.0000000000
1143 -58.0000000000
1158 -57.0000000000
1163 -56.0000000000
1195 -55.0000000000
1199 -54.0000000000
1222 -53.0000000000
1243 -52.0000000000
1256 -51.0000000000
1263 -50.0000000000
1308 -49.0000000000
1344 -48.0000000000
1349 -47.0000000000
1363 -45.0000000000
1365 -44.0000000000
1373 -43.0000000000
1398 -42.0000000000
1400 -41.0000000000
1460 -40.0000000000
1463 -39.0000000000
1465 -38.0000000000
1474 -37.0000000000
1513 -36.0000000000
1527 -35.0000000000
1683 -34.0000000000
1689 -33.0000000000
1700 -32.0000000000
1705 -31.0000000000
1731 -30.0000000000
1744 -29.0000000000
1764 -28.0000000000
1773 -27.0000000000
1810 -26.0000000000
1811 -25.0000000000
1824 -24.0000000000
1834 -23.0000000000
1840 -22.0000000000
1862 -21.0000000000
1967 -19.0000000000
2009 -18.0000000000
2042 -17.0000000000
2172 -16.0000000000
2225 -15.0000000000
2506 -14.0000000000
2521 -13.0000000000
2566 -12.0000000000
2651 -11.0000000000
2801 -10.0000000000
2813 -9.0000000000
2900 -8.0000000000
2954 -7.0000000000
3122 -6.0000000000
3250 -5.0000000000
3545 -4.0000000000
3591 -3.0000000000
3658 -2.0000000000
3821 -1.0000000000
3827 384.0000000000
5149 392.0000000000
5172 396.0000000000
5704 402.0000000000
5841 407.0000000000
6012 411.0000000000
6475 415.0000000000
7560 416.0000000000
9178 418.0000000000
10000 -2.0000000000
evaluations raw_y
1 -211.0000000000
3 -210.0000000000
11 -209.0000000000
14 -208.0000000000
17 -206.0000000000
19 -205.0000000000
25 -201.0000000000
26 -200.0000000000
30 -199.0000000000
32 -198.0000000000
34 -197.0000000000
38 -196.0000000000
40 -195.0000000000
48 -194.0000000000
50 -193.0000000000
56 -191.0000000000
58 -189.0000000000
62 -188.0000000000
73 -186.0000000000
75 -185.0000000000
76 -184.0000000000
77 -183.0000000000
78 -181.0000000000
98 -180.0000000000
100 -179.0000000000
107 -178.0000000000
112 -177.0000000000
117 -176.0000000000
118 -175.0000000000
119 -173.0000000000
132 -172.0000000000
138 -171.0000000000
140 -170.0000000000
142 -169.0000000000
145 -167.0000000000
151 -166.0000000000
155 -165.0000000000
162 -164.0000000000
165 -163.0000000000
167 -162.0000000000
179 -161.0000000000
182 -159.0000000000
187 -157.0000000000
189 -156.0000000000
190 -155.0000000000
196 -153.0000000000
219 -152.0000000000
224 -151.0000000000
228 -150.0000000000
229 -149.0000000000
230 -147.0000000000
231 -146.0000000000
242 -145.0000000000
243 -144.0000000000
244 -142.0000000000
261 -141.0000000000
268 -140.0000000000
279 -139.0000000000
290 -138.0000000000
294 -137.0000000000
306 -136.0000000000
316 -135.0000000000
317 -134.0000000000
320 -133.0000000000
321 -131.0000000000
327 -130.0000000000
336 -129.0000000000
342 -128.0000000000
356 -127.0000000000
360 -126.0000000000
367 -125.0000000000
375 -124.0000000000
376 -123.0000000000
380 -122.0000000000
395 -121.0000000000
397 -119.0000000000
415 -118.0000000000
417 -117.0000000000
439 -116.0000000000
441 -115.0000000000
443 -114.0000000000
447 -113.0000000000
465 -112.0000000000
466 -111.0000000000
471 -110.0000000000
474 -109.0000000000
480 -108.0000000000
481 -107.0000000000
492 -105.0000000000
493 -104.0000000000
500 -102.0000000000
535 -101.0000000000
541 -100.0000000000
575 -99.0000000000
584 -98.0000000000
593 -97.0000000000
594 -96.0000000000
599 -95.0000000000
600 -94.0000000000
622 -93.0000000000
630 -92.0000000000
648 -91.0000000000
649 -90.0000000000
657 -89.0000000000
665 -87.0000000000
688 -86.0000000000
711 -85.0000000000
726 -83.0000000000
736 -82.0000000000
777 -80.0000000000
784 -79.0000000000
793 -78.0000000000
794 -77.0000000000
834 -76.0000000000
865 -75.0000000000
869 -74.0000000000
871 -73.0000000000
892 -72.0000000000
899 -71.0000000000
912 -70.0000000000
955 -69.0000000000
957 -68.0000000000
978 -66.0000000000
980 -65.0000000000
986 -64.0000000000
1000 -63.0000000000
1011 -62.0000000000
1017 -61.0000000000
1025 -60.0000000000
1030 -59.0000000000
1033 -58.0000000000
1079 -57.0000000000
1117 -56.0000000000
1140 -55.0000000000
1142 -54.0000000000
1189 -53.0000000000
1194 -51.0000000000
1196 -50.0000000000
1203 -49.0000000000
1208 -48.0000000000
1227 -47.0000000000
1231 -46.0000000000
1236 -45.0000000000
1238 -44.0000000000
1269 -43.0000000000
1291 -42.0000000000
1307 -41.0000000000
1323 -40.0000000000
1411 -39.0000000000
1436 -38.0000000000
1473 -37.0000000000
1477 -36.0000000000
1481 -35.0000000000
1503 -34.0000000000
1526 -33.0000000000
1561 -32.0000000000
1570 -31.0000000000
1582 -30.0000000000
1621 -29.0000000000
1627 -28.0000000000
1684 -27.0000000000
1710 -26.0000000000
1711 -25.0000000000
1748 -24.0000000000
1769 -23.0000000000
1813 -22.0000000000
1880 -21.0000000000
1882 -20.0000000000
1930 -19.0000000000
1934 -18.0000000000
1936 -17.0000000000
1977 -16.0000000000
1984 -15.0000000000
2017 -14.0000000000
2027 -13.0000000000
2060 -12.0000000000
2116 -11.0000000000
2182 -10.0000000000
2197 -9.0000000000
2230 -8.0000000000
2267 -7.0000000000
2705 -6.0000000000
2940 -5.0000000000
3007 -4.0000000000
3063 -3.0000000000
3077 -2.0000000000
3357 -1.0000000000
3386 397.0000000000
3699 399.0000000000
3721 403.0000000000
4001 404.0000000000
5989 410.0000000000
7445 411.0000000000
7674 413.0000000000
8608 417.0000000000
8808 421.0000000000
9468 425.0000000000
10000 -1.0000000000
evaluations raw_y
1 -201.0000000000
4 -200.0000000000
8 -199.0000000000
12 -196.0000000000
13 -195.0000000000
19 -194.0000000000
25 -193.0000000000
28 -192.0000000000
32 -191.0000000000
33 -190.0000000000
38 -188.0000000000
41 -186.0000000000
47 -185.0000000000
54 -184.0000000000
56 -182.0000000000
75 -181.0000000000
80 -180.0000000000
82 -179.0000000000
88 -178.0000000000
96 -177.0000000000
100 -176.0000000000
101 -175.0000000000
110 -174.0000000000
111 -173.0000000000
112 -172.0000000000
115 -170.0000000000
132 -169.0000000000
137 -168.0000000000
139 -167.0000000000
141 -166.0000000000
144 -165.0000000000
145 -164.0000000000
157 -163.0000000000
158 -162.0000000000
159 -161.0000000000
171 -160.0000000000
181 -159.0000000000
186 -158.0000000000
207 -157.0000000000
210 -156.0000000000
217 -155.0000000000
218 -154.0000000000
222 -152.0000000000
231 -151.0000000000
237 -150.0000000000
247 -149.0000000000
257 -147.0000000000
261 -146.0000000000
265 -145.0000000000
271 -143.0000000000
273 -142.0000000000
276 -141.0000000000
277 -140.0000000000
279 -139.0000000000
283 -138.0000000000
284 -136.0000000000
312 -134.0000000000
325 -133.0000000000
327 -131.0000000000
329 -130.0000000000
334 -129.0000000000
335 -128.0000000000
358 -127.0000000000
362 -126.0000000000
370 -125.0000000000
377 -124.0000000000
380 -122.0000000000
398 -120.0000000000
399 -119.0000000000
403 -118.0000000000
410 -117.0000000000
420 -116.0000000000
440 -115.0000000000
455 -114.0000000000
460 -113.0000000000
463 -112.0000000000
478 -111.0000000000
481 -110.0000000000
488 -109.0000000000
507 -108.0000000000
538 -107.0000000000
539 -106.0000000000
551 -105.0000000000
563 -104.0000000000
565 -103.0000000000
566 -102.0000000000
574 -101.0000000000
583 -100.0000000000
600 -99.0000000000
607 -98.0000000000
608 -97.0000000000
621 -96.0000000000
636 -95.0000000000
644 -94.0000000000
662 -93.0000000000
668 -92.0000000000
672 -91.0000000000
729 -89.0000000000
739 -88.0000000000
765 -87.0000000000
771 -86.0000000000
778 -85.0000000000
843 -84.0000000000
846 -83.0000000000
847 -82.0000000000
864 -81.0000000000
869 -80.0000000000
874 -79.0000000000
878 -78.0000000000
882 -77.0000000000
883 -76.0000000000
885 -75.0000000000
886 -74.0000000000
906 -73.0000000000
918 -72.0000000000
927 -71.0000000000
967 -70.0000000000
969 -69.0000000000
978 -68.0000000000
983 -67.0000000000
986 -66.0000000000
1004 -65.0000000000
1033 -64.0000000000
1044 -63.0000000000
1047 -62.0000000000
1054 -61.0000000000
1055 -60.0000000000
1073 -59.0000000000
1075 -58.0000000000
1079 -57.0000000000
1083 -56.0000000000
1084 -55.0000000000
1103 -54.0000000000
1105 -53.0000000000
1107 -52.0000000000
1110 -51.0000000000
1111 -50.0000000000
1113 -49.0000000000
1115 -48.0000000000
1135 -47.0000000000
1138 -46.0000000000
1199 -45.0000000000
1203 -44.0000000000
1219 -43.0000000000
1239 -42.0000000000
1309 -41.0000000000
1314 -40.0000000000
1327 -39.0000000000
1350 -38.0000000000
1380 -37.0000000000
1402 -36.0000000000
1467 -35.0000000000
1485 -34.0000000000
1514 -32.0000000000
1520 -31.0000000000
1549 -30.0000000000
1551 -29.0000000000
1578 -28.0000000000
1607 -27.0000000000
1639 -26.0000000000
1652 -25.0000000000
1701 -24.0000000000
1728 -23.0000000000
1761 -22.0000000000
1888 -21.0000000000
1925 -20.0000000000
1973 -19.0000000000
2173 -18.0000000000
2206 -17.0000000000
2230 -16.0000000000
2252 -15.0000000000
2277 -14.0000000000
2416 -13.0000000000
2520 -12.0000000000
2544 -11.0000000000
2657 -10.0000000000
2681 -9.0000000000
2962 -8.0000000000
3214 -7.0000000000
3265 -6.0000000000
3277 -5.0000000000
3747 -4.0000000000
4081 -3.0000000000
4254 -2.0000000000
4262 -1.0000000000
4305 362.0000000000
4674 367.0000000000
4728 369.0000000000
5041 375.0000000000
5056 379.0000000000
5295 380.0000000000
5366 390.0000000000
5483 399.0000000000
6531 410.0000000000
8827 414.0000000000
9337 417.0000000000
10000 417.0000000000
evaluations raw_y
1 -228.0000000000
3 -225.0000000000
4 -224.0000000000
11 -222.0000000000
12 -221.0000000000
18 -220.0000000000
21 -219.0000000000
26 -218.0000000000
27 -217.0000000000
30 -216.0000000000
36 -215.0000000000
38 -214.0000000000
40 -213.0000000000
48 -211.0000000000
58 -210.0000000000
66 -209.0000000000
67 -208.0000000000
68 -207.0000000000
70 -206.0000000000
77 -205.0000000000
80 -204.0000000000
85 -203.0000000000
87 -202.0000000000
88 -200.0000000000
89 -199.0000000000
90 -197.0000000000
95 -196.0000000000
117 -195.0000000000
122 -194.0000000000
128 -192.0000000000
134 -190.0000000000
138 -189.0000000000
139 -188.0000000000
141 -186.0000000000
142 -185.0000000000
143 -184.0000000000
149 -183.0000000000
153 -182.0000000000
154 -181.0000000000
157 -180.0000000000
166 -179.0000000000
179 -178.0000000000
185 -177.0000000000
189 -175.0000000000
192 -174.0000000000
205 -173.0000000000
212 -171.0000000000
220 -170.0000000000
230 -169.0000000000
233 -168.0000000000
235 -167.0000000000
240 -166.0000000000
241 -165.0000000000
243 -164.0000000000
267 -163.0000000000
269 -162.0000000000
275 -161.0000000000
278 -160.0000000000
296 -159.0000000000
302 -158.0000000000
303 -157.0000000000
308 -156.0000000000
311 -155.0000000000
316 -154.0000000000
317 -153.0000000000
320 -152.0000000000
322 -151.0000000000
333 -150.0000000000
338 -148.0000000000
340 -147.0000000000
344 -145.0000000000
355 -144.0000000000
359 -143.0000000000
370 -142.0000000000
380 -141.0000000000
388 -140.0000000000
391 -139.0000000000
401 -138.0000000000
403 -137.0000000000
405 -136.0000000000
407 -135.0000000000
418 -133.0000000000
419 -132.0000000000
420 -131.0000000000
422 -130.0000000000
435 -129.0000000000
437 -128.0000000000
448 -127.0000000000
449 -124.0000000000
454 -123.0000000000
457 -122.0000000000
470 -121.0000000000
493 -120.0000000000
502 -119.0000000000
518 -118.0000000000
524 -116.0000000000
529 -114.0000000000
553 -113.0000000000
585 -112.0000000000
586 -110.0000000000
599 -109.0000000000
601 -108.0000000000
603 -107.0000000000
606 -105.0000000000
622 -104.0000000000
623 -103.0000000000
625 -102.0000000000
633 -100.0000000000
663 -99.0000000000
688 -98.0000000000
694 -97.0000000000
719 -96.0000000000
728 -95.0000000000
747 -94.0000000000
751 -93.0000000000
759 -91.0000000000
765 -90.0000000000
780 -89.0000000000
784 -88.0000000000
787 -87.0000000000
811 -86.0000000000
831 -84.0000000000
840 -83.0000000000
844 -82.0000000000
865 -81.0000000000
892 -80.0000000000
903 -79.0000000000
910 -78.0000000000
924 -77.0000000000
944 -76.0000000000
949 -75.0000000000
984 -74.0000000000
992 -73.0000000000
999 -72.0000000000
1013 -71.0000000000
1019 -70.0000000000
1022 -69.0000000000
1038 -68.0000000000
1052 -67.0000000000
1055 -66.0000000000
1078 -64.0000000000
1084 -63.0000000000
1094 -62.0000000000
1103 -61.0000000000
1123 -60.0000000000
1135 -59.0000000000
1141 -58.0000000000
1157 -57.0000000000
1182 -56.0000000000
1193 -55.0000000000
1234 -54.0000000000
1241 -53.0000000000
1245 -52.0000000000
1274 -51.0000000000
1287 -49.0000000000
1294 -48.0000000000
1302 -47.0000000000
1304 -46.0000000000
1325 -45.0000000000
1346 -44.0000000000
1354 -43.0000000000
1362 -42.0000000000
1376 -41.0000000000
1382 -40.0000000000
1404 -39.0000000000
1412 -37.0000000000
1419 -36.0000000000
1445 -35.0000000000
1460 -34.0000000000
1466 -33.0000000000
1471 -32.0000000000
1479 -31.0000000000
1488 -30.0000000000
1511 -29.0000000000
1574 -28.0000000000
1587 -27.0000000000
1625 -26.0000000000
1781 -25.0000000000
1784 -24.0000000000
1847 -23.0000000000
1890 -22.0000000000
1959 -21.0000000000
2054 -20.0000000000
2087 -19.0000000000
2114 -18.0000000000
2118 -17.0000000000
2248 -16.0000000000
2295 -15.0000000000
2307 -14.0000000000
2310 -13.0000000000
2354 -12.0000000000
2362 -11.0000000000
2578 -10.0000000000
2613 -9.0000000000
2706 -8.0000000000
2812 -7.0000000000
2835 -6.0000000000
2836 -5.0000000000
2949 -3.0000000000
3387 -2.0000000000
3473 -1.0000000000
3607 392.0000000000
3913 394.0000000000
4351 402.0000000000
5051 403.0000000000
5187 404.0000000000
5514 407.0000000000
5576 410.0000000000
5943 414.0000000000
8454 417.0000000000
8595 420.0000000000
8730 422.0000000000
8820 426.0000000000
10000 -1.0000000000
evaluations raw_y
1 -237.0000000000
4 -236.0000000000
5 -235.0000000000
8 -234.0000000000
16 -231.0000000000
21 -230.0000000000
22 -229.0000000000
31 -227.0000000000
32 -226.0000000000
39 -225.0000000000
47 -223.0000000000
48 -222.0000000000
51 -221.0000000000
52 -218.0000000000
54 -217.0000000000
56 -214.0000000000
59 -212.0000000000
62 -211.0000000000
67 -210.0000000000
74 -208.0000000000
75 -207.0000000000
82 -206.0000000000
83 -205.0000000000
84 -204.0000000000
86 -203.0000000000
94 -202.0000000000
95 -201.0000000000
97 -200.0000000000
98 -199.0000000000
108 -198.0000000000
115 -197.0000000000
116 -196.0000000000
117 -195.0000000000
118 -194.0000000000
119 -193.0000000000
122 -192.0000000000
126 -191.0000000000
128 -190.0000000000
137 -188.0000000000
143 -187.0000000000
148 -186.0000000000
155 -185.0000000000
156 -184.0000000000
157 -183.0000000000
159 -182.0000000000
160 -181.0000000000
161 -179.0000000000
170 -178.0000000000
175 -177.0000000000
177 -176.0000000000
178 -175.0000000000
180 -174.0000000000
187 -173.0000000000
190 -172.0000000000
196 -170.0000000000
202 -169.0000000000
208 -168.0000000000
210 -167.0000000000
213 -166.0000000000
215 -164.0000000000
218 -163.0000000000
220 -162.0000000000
221 -161.0000000000
241 -160.0000000000
245 -158.0000000000
248 -157.0000000000
256 -156.0000000000
264 -155.0000000000
276 -154.0000000000
278 -152.0000000000
280 -151.0000000000
286 -150.0000000000
288 -148.0000000000
298 -147.0000000000
300 -146.0000000000
304 -145.0000000000
307 -144.0000000000
308 -143.0000000000
315 -142.0000000000
316 -141.0000000000
328 -140.0000000000
332 -138.0000000000
333 -136.0000000000
334 -135.0000000000
337 -132.0000000000
339 -131.0000000000
342 -130.0000000000
344 -129.0000000000
345 -128.0000000000
347 -127.0000000000
348 -126.0000000000
349 -125.0000000000
350 -124.0000000000
358 -123.0000000000
361 -122.0000000000
375 -121.0000000000
378 -120.0000000000
385 -119.0000000000
415 -118.0000000000
417 -117.0000000000
425 -116.0000000000
426 -115.0000000000
429 -114.0000000000
433 -113.0000000000
437 -112.0000000000
444 -111.0000000000
445 -110.0000000000
447 -109.0000000000
450 -108.0000000000
458 -107.0000000000
459 -106.0000000000
481 -105.0000000000
485 -104.0000000000
492 -103.0000000000
498 -102.0000000000
509 -101.0000000000
514 -100.0000000000
523 -99.0000000000
535 -98.0000000000
547 -97.0000000000
548 -96.0000000000
551 -95.0000000000
563 -93.0000000000
569 -92.0000000000
581 -91.0000000000
585 -90.0000000000
588 -89.0000000000
593 -88.0000000000
610 -87.0000000000
628 -86.0000000000
648 -85.0000000000
665 -84.0000000000
673 -83.0000000000
678 -82.0000000000
704 -81.0000000000
707 -80.0000000000
710 -79.0000000000
711 -78.0000000000
759 -77.0000000000
765 -76.0000000000
786 -75.0000000000
793 -74.0000000000
821 -73.0000000000
828 -72.0000000000
839 -71.0000000000
846 -70.0000000000
856 -69.0000000000
868 -68.0000000000
884 -67.0000000000
912 -66.0000000000
915 -65.0000000000
936 -64.0000000000
951 -63.0000000000
963 -62.0000000000
992 -61.0000000000
1007 -60.0000000000
1009 -59.0000000000
1019 -58.0000000000
1032 -57.0000000000
1033 -56.0000000000
1046 -55.0000000000
1047 -54.0000000000
1089 -53.0000000000
1091 -52.0000000000
1113 -51.0000000000
1123 -50.0000000000
1152 -49.0000000000
1269 -48.0000000000
1297 -47.0000000000
1359 -46.0000000000
1363 -45.0000000000
1394 -44.0000000000
1411 -43.0000000000
1420 -42.0000000000
1469 -41.0000000000
1508 -40.0000000000
1512 -39.0000000000
1522 -38.0000000000
1544 -37.0000000000
1562 -36.0000000000
1614 -35.0000000000
1629 -34.0000000000
1643 -33.0000000000
1651 -32.0000000000
1666 -31.0000000000
1682 -30.0000000000
1683 -29.0000000000
1699 -28.0000000000
1713 -27.0000000000
1736 -26.0000000000
1767 -25.0000000000
1777 -24.0000000000
1796 -23.0000000000
1820 -22.0000000000
1842 -21.0000000000
1850 -20.0000000000
1896 -19.0000000000
1948 -18.0000000000
2026 -17.0000000000
2040 -16.0000000000
2050 -15.0000000000
2093 -14.0000000000
2097 -13.0000000000
2167 -12.0000000000
2168 -11.0000000000
2270 -10.0000000000
2388 -9.0000000000
2552 -8.0000000000
2675 -7.0000000000
2756 -6.0000000000
2823 -5.0000000000
2831 -4.0000000000
2897 -3.0000000000
2901 -2.0000000000
2990 -1.0000000000
3957 392.0000000000
3971 395.0000000000
4149 396.0000000000
4870 403.0000000000
4912 407.0000000000
7064 408.0000000000
7522 410.0000000000
7827 411.0000000000
10000 411.0000000000
evaluations raw_y
1 -225.0000000000
7 -224.0000000000
10 -223.0000000000
12 -221.0000000000
21 -220.0000000000
22 -219.0000000000
24 -218.0000000000
27 -216.0000000000
28 -215.0000000000
33 -214.0000000000
35 -213.0000000000
37 -212.0000000000
40 -211.0000000000
42 -209.0000000000
49 -208.0000000000
51 -207.0000000000
54 -206.0000000000
56 -205.0000000000
58 -204.0000000000
62 -203.0000000000
63 -202.0000000000
67 -201.0000000000
70 -200.0000000000
73 -199.0000000000
74 -198.0000000000
75 -197.0000000000
78 -196.0000000000
79 -195.0000000000
83 -194.0000000000
85 -193.0000000000
86 -192.0000000000
91 -191.0000000000
94 -190.0000000000
102 -188.0000000000
106 -187.0000000000
111 -186.0000000000
118 -185.0000000000
119 -184.0000000000
131 -183.0000000000
132 -182.0000000000
134 -180.0000000000
135 -179.0000000000
140 -177.0000000000
143 -176.0000000000
144 -175.0000000000
145 -174.0000000000
159 -173.0000000000
162 -172.0000000000
165 -171.0000000000
170 -170.0000000000
171 -169.0000000000
174 -168.0000000000
176 -166.0000000000
177 -165.0000000000
194 -164.0000000000
197 -162.0000000000
198 -161.0000000000
201 -159.0000000000
204 -158.0000000000
209 -157.0000000000
210 -156.0000000000
216 -155.0000000000
219 -154.0000000000
226 -153.0000000000
236 -152.0000000000
237 -151.0000000000
251 -150.0000000000
253 -149.0000000000
257 -148.0000000000
258 -146.0000000000
259 -145.0000000000
278 -144.0000000000
303 -143.0000000000
305 -141.0000000000
313 -139.0000000000
316 -137.0000000000
334 -136.0000000000
340 -135.0000000000
431 -133.0000000000
432 -132.0000000000
436 -131.0000000000
442 -130.0000000000
446 -129.0000000000
461 -127.0000000000
467 -124.0000000000
478 -123.0000000000
485 -122.0000000000
494 -121.0000000000
497 -120.0000000000
508 -119.0000000000
515 -117.0000000000
533 -115.0000000000
535 -114.0000000000
538 -113.0000000000
541 -111.0000000000
542 -110.0000000000
553 -109.0000000000
554 -108.0000000000
576 -106.0000000000
583 -105.0000000000
584 -104.0000000000
585 -103.0000000000
598 -102.0000000000
604 -101.0000000000
630 -100.0000000000
648 -99.0000000000
652 -98.0000000000
659 -97.0000000000
669 -96.0000000000
670 -95.0000000000
674 -94.0000000000
694 -92.0000000000
700 -91.0000000000
713 -90.0000000000
714 -89.0000000000
717 -88.0000000000
726 -87.0000000000
729 -86.0000000000
733 -85.0000000000
742 -84.0000000000
746 -83.0000000000
755 -82.0000000000
760 -81.0000000000
764 -80.0000000000
778 -79.0000000000
790 -75.0000000000
808 -74.0000000000
841 -72.0000000000
857 -71.0000000000
860 -70.0000000000
861 -69.0000000000
873 -68.0000000000
876 -67.0000000000
877 -66.0000000000
882 -65.0000000000
884 -64.0000000000
902 -63.0000000000
934 -62.0000000000
942 -60.0000000000
957 -59.0000000000
975 -58.0000000000
983 -57.0000000000
1019 -56.0000000000
1043 -54.0000000000
1068 -53.0000000000
1071 -51.0000000000
1075 -50.0000000000
1133 -49.0000000000
1138 -48.0000000000
1147 -47.0000000000
1156 -46.0000000000
1176 -45.0000000000
1219 -44.0000000000
1222 -43.0000000000
1228 -42.0000000000
1310 -41.0000000000
1373 -40.0000000000
1391 -39.0000000000
1401 -38.0000000000
1408 -37.0000000000
1421 -36.0000000000
1439 -35.0000000000
1441 -34.0000000000
1491 -33.0000000000
1585 -32.0000000000
1609 -31.0000000000
1614 -30.0000000000
1645 -29.0000000000
1674 -28.0000000000
1676 -27.0000000000
1708 -26.0000000000
1735 -25.0000000000
1743 -24.0000000000
1781 -23.0000000000
1842 -22.0000000000
1928 -21.0000000000
1930 -20.0000000000
1972 -19.0000000000
1993 -18.0000000000
2016 -17.0000000000
2025 -16.0000000000
2031 -15.0000000000
2061 -14.0000000000
2118 -13.0000000000
2180 -12.0000000000
2269 -11.0000000000
2332 -9.0000000000
2442 -8.0000000000
2508 -7.0000000000
2521 -6.0000000000
2584 -5.0000000000
2703 -4.0000000000
2770 -3.0000000000
2877 -2.0000000000
2895 -1.0000000000
2908 371.0000000000
3262 377.0000000000
3514 378.0000000000
3690 382.0000000000
3948 398.0000000000
4026 402.0000000000
4827 403.0000000000
5086 405.0000000000
5483 422.0000000000
5581 423.0000000000
5769 424.0000000000
10000 -1.0000000000
evaluations raw_y
1 -235.0000000000
10 -234.0000000000
13 -233.0000000000
16 -231.0000000000
17 -230.0000000000
32 -228.0000000000
38 -227.0000000000
44 -226.0000000000
45 -224.0000000000
46 -223.0000000000
47 -222.0000000000
49 -221.0000000000
50 -220.0000000000
52 -219.0000000000
53 -217.0000000000
54 -216.0000000000
59 -215.0000000000
61 -214.0000000000
62 -213.0000000000
64 -212.0000000000
77 -211.0000000000
82 -210.0000000000
88 -209.0000000000
89 -207.0000000000
94 -206.0000000000
96 -204.0000000000
104 -203.0000000000
107 -202.0000000000
109 -201.0000000000
110 -200.0000000000
111 -199.0000000000
112 -198.0000000000
114 -197.0000000000
115 -196.0000000000
128 -195.0000000000
136 -194.0000000000
138 -193.0000000000
139 -192.0000000000
146 -191.0000000000
147 -190.0000000000
149 -189.0000000000
152 -188.0000000000
158 -187.0000000000
159 -186.0000000000
163 -184.0000000000
164 -183.0000000000
169 -182.0000000000
170 -181.0000000000
173 -179.0000000000
177 -178.0000000000
179 -176.0000000000
185 -175.0000000000
188 -174.0000000000
197 -173.0000000000
200 -172.0000000000
206 -171.0000000000
213 -170.0000000000
216 -169.0000000000
228 -168.0000000000
232 -167.0000000000
235 -166.0000000000
262 -165.0000000000
265 -164.0000000000
268 -163.0000000000
269 -161.0000000000
277 -159.0000000000
288 -158.0000000000
290 -157.0000000000
300 -156.0000000000
304 -155.0000000000
311 -154.0000000000
313 -153.0000000000
314 -152.0000000000
316 -151.0000000000
317 -150.0000000000
319 -149.0000000000
325 -148.0000000000
327 -147.0000000000
329 -146.0000000000
330 -145.0000000000
345 -144.0000000000
350 -143.0000000000
362 -141.0000000000
365 -140.0000000000
366 -139.0000000000
369 -137.0000000000
373 -136.0000000000
381 -135.0000000000
396 -134.0000000000
397 -133.0000000000
398 -132.0000000000
399 -131.0000000000
401 -130.0000000000
407 -129.0000000000
409 -128.0000000000
410 -127.0000000000
411 -126.0000000000
413 -124.0000000000
425 -123.0000000000
436 -122.0000000000
439 -121.0000000000
440 -120.0000000000
443 -118.0000000000
452 -117.0000000000
454 -116.0000000000
455 -115.0000000000
470 -114.0000000000
482 -113.0000000000
484 -112.0000000000
486 -111.0000000000
513 -109.0000000000
523 -108.0000000000
536 -107.0000000000
541 -106.0000000000
550 -104.0000000000
562 -103.0000000000
575 -102.0000000000
576 -101.0000000000
577 -100.0000000000
578 -98.0000000000
589 -97.0000000000
592 -96.0000000000
598 -95.0000000000
602 -93.0000000000
611 -92.0000000000
650 -91.0000000000
652 -90.0000000000
656 -89.0000000000
658 -88.0000000000
663 -87.0000000000
673 -86.0000000000
674 -85.0000000000
696 -84.0000000000
723 -83.0000000000
766 -82.0000000000
768 -80.0000000000
769 -79.0000000000
785 -78.0000000000
799 -77.0000000000
837 -75.0000000000
841 -73.0000000000
880 -72.0000000000
958 -71.0000000000
983 -69.0000000000
984 -68.0000000000
1001 -67.0000000000
1002 -66.0000000000
1037 -65.0000000000
1068 -64.0000000000
1071 -62.0000000000
1097 -61.0000000000
1142 -59.0000000000
1191 -58.0000000000
1205 -57.0000000000
1207 -56.0000000000
1216 -55.0000000000
1252 -54.0000000000
1253 -53.0000000000
1263 -52.0000000000
1289 -51.0000000000
1306 -50.0000000000
1313 -49.0000000000
1335 -48.0000000000
1339 -47.0000000000
1351 -46.0000000000
1352 -45.0000000000
1354 -44.0000000000
1375 -43.0000000000
1386 -42.0000000000
1397 -41.0000000000
1403 -40.0000000000
1420 -39.0000000000
1442 -38.0000000000
1444 -37.0000000000
1447 -36.0000000000
1472 -35.0000000000
1496 -34.0000000000
1516 -33.0000000000
1578 -32.0000000000
1620 -31.0000000000
1688 -30.0000000000
1692 -29.0000000000
1728 -28.0000000000
1738 -27.0000000000
1746 -26.0000000000
1778 -25.0000000000
1787 -24.0000000000
1829 -23.0000000000
1838 -22.0000000000
1873 -21.0000000000
1887 -20.0000000000
1933 -19.0000000000
1973 -18.0000000000
1988 -17.0000000000
1992 -16.0000000000
2049 -15.0000000000
2100 -14.0000000000
2131 -13.0000000000
2150 -12.0000000000
2157 -11.0000000000
2252 -10.0000000000
2339 -9.0000000000
2387 -8.0000000000
2407 -7.0000000000
2455 -6.0000000000
2580 -5.0000000000
2621 -4.0000000000
2683 -3.0000000000
2686 -2.0000000000
2692 -1.0000000000
2774 375.0000000000
2910 382.0000000000
3466 383.0000000000
4186 384.0000000000
4260 392.0000000000
4471 397.0000000000
4625 399.0000000000
5517 406.0000000000
5664 407.0000000000
5772 408.0000000000
6512 411.0000000000
7296 414.0000000000
7402 415.0000000000
8368 416.0000000000
8921 417.0000000000
9470 419.0000000000
9526 421.0000000000
10000 -2.0000000000
evaluations raw_y
1 -217.0000000000
6 -216.0000000000
8 -214.0000000000
12 -213.0000000000
17 -212.0000000000
18 -211.0000000000
23 -209.0000000000
28 -208.0000000000
31 -207.0000000000
37 -206.0000000000
45 -205.0000000000
51 -204.0000000000
54 -203.0000000000
58 -201.0000000000
60 -200.0000000000
61 -199.0000000000
64 -198.0000000000
65 -197.0000000000
66 -195.0000000000
71 -193.0000000000
75 -192.0000000000
78 -190.0000000000
82 -189.0000000000
90 -188.0000000000
101 -187.0000000000
102 -186.0000000000
105 -184.0000000000
109 -183.0000000000
110 -182.0000000000
112 -181.0000000000
115 -179.0000000000
116 -177.0000000000
117 -176.0000000000
124 -175.0000000000
126 -174.0000000000
128 -172.0000000000
138 -171.0000000000
139 -170.0000000000
140 -169.0000000000
148 -168.0000000000
149 -167.0000000000
159 -166.0000000000
160 -162.0000000000
167 -161.0000000000
170 -160.0000000000
177 -158.0000000000
178 -157.0000000000
179 -156.0000000000
181 -155.0000000000
187 -153.0000000000
192 -152.0000000000
202 -151.0000000000
204 -150.0000000000
212 -149.0000000000
221 -148.0000000000
229 -147.0000000000
231 -146.0000000000
235 -145.0000000000
240 -143.0000000000
245 -142.0000000000
253 -141.0000000000
261 -140.0000000000
263 -138.0000000000
266 -136.0000000000
270 -135.0000000000
272 -134.0000000000
275 -133.0000000000
284 -132.0000000000
286 -131.0000000000
287 -130.0000000000
290 -128.0000000000
303 -127.0000000000
304 -126.0000000000
318 -125.0000000000
323 -124.0000000000
326 -123.0000000000
341 -122.0000000000
342 -121.0000000000
358 -118.0000000000
368 -117.0000000000
369 -116.0000000000
375 -115.0000000000
376 -114.0000000000
414 -113.0000000000
422 -111.0000000000
436 -110.0000000000
439 -109.0000000000
449 -108.0000000000
454 -107.0000000000
455 -106.0000000000
465 -105.0000000000
481 -104.0000000000
485 -103.0000000000
489 -102.0000000000
497 -101.0000000000
504 -100.0000000000
506 -99.0000000000
525 -98.0000000000
533 -97.0000000000
534 -96.0000000000
565 -95.0000000000
570 -93.0000000000
588 -92.0000000000
592 -91.0000000000
593 -90.0000000000
598 -88.0000000000
601 -87.0000000000
605 -85.0000000000
606 -84.0000000000
619 -83.0000000000
620 -82.0000000000
625 -80.0000000000
627 -79.0000000000
651 -78.0000000000
657 -77.0000000000
675 -76.0000000000
677 -75.0000000000
687 -74.0000000000
697 -73.0000000000
707 -72.0000000000
728 -71.0000000000
739 -70.0000000000
769 -69.0000000000
776 -68.0000000000
792 -67.0000000000
795 -66.0000000000
802 -65.0000000000
804 -64.0000000000
840 -63.0000000000
843 -62.0000000000
855 -60.0000000000
860 -59.0000000000
875 -58.0000000000
884 -57.0000000000
943 -56.0000000000
950 -54.0000000000
959 -53.0000000000
960 -52.0000000000
987 -51.0000000000
1002 -50.0000000000
1018 -49.0000000000
1072 -48.0000000000
1114 -47.0000000000
1121 -46.0000000000
1127 -45.0000000000
1132 -44.0000000000
1137 -43.0000000000
1140 -42.0000000000
1150 -41.0000000000
1157 -40.0000000000
1169 -39.0000000000
1174 -38.0000000000
1179 -37.0000000000
1196 -35.0000000000
1200 -34.0000000000
1209 -33.0000000000
1212 -32.0000000000
1216 -31.0000000000
1241 -30.0000000000
1256 -29.0000000000
1273 -28.0000000000
1277 -27.0000000000
1322 -26.0000000000
1327 -25.0000000000
1337 -24.0000000000
1340 -23.0000000000
1376 -22.0000000000
1378 -21.0000000000
1434 -20.0000000000
1494 -19.0000000000
1545 -18.0000000000
1583 -17.0000000000
1616 -16.0000000000
1778 -15.0000000000
1864 -14.0000000000
2046 -13.0000000000
2082 -12.0000000000
2120 -11.0000000000
2121 -10.0000000000
2122 -9.0000000000
2128 -8.0000000000
2224 -7.0000000000
2335 -6.0000000000
2410 -5.0000000000
2494 -4.0000000000
2691 -3.0000000000
2782 -2.0000000000
2831 -1.0000000000
2865 391.0000000000
2969 404.0000000000
3677 406.0000000000
3989 408.0000000000
5874 409.0000000000
5878 411.0000000000
7795 412.0000000000
7822 413.0000000000
10000 -2.0000000000
evaluations raw_y
1 -220.0000000000
3 -219.0000000000
4 -218.0000000000
5 -216.0000000000
9 -215.0000000000
12 -214.0000000000
14 -213.0000000000
18 -212.0000000000
22 -211.0000000000
23 -210.0000000000
25 -209.0000000000
26 -206.0000000000
29 -205.0000000000
32 -204.0000000000
33 -201.0000000000
35 -199.0000000000
40 -198.0000000000
47 -197.0000000000
49 -196.0000000000
54 -195.0000000000
56 -193.0000000000
66 -192.0000000000
72 -191.0000000000
80 -188.0000000000
87 -187.0000000000
89 -186.0000000000
90 -184.0000000000
95 -183.0000000000
96 -181.0000000000
104 -180.0000000000
111 -179.0000000000
113 -178.0000000000
119 -177.0000000000
122 -176.0000000000
125 -172.0000000000
126 -171.0000000000
127 -170.0000000000
131 -167.0000000000
140 -165.0000000000
143 -161.0000000000
159 -160.0000000000
164 -159.0000000000
170 -158.0000000000
175 -157.0000000000
182 -156.0000000000
184 -155.0000000000
192 -154.0000000000
201 -153.0000000000
207 -152.0000000000
210 -151.0000000000
216 -150.0000000000
219 -149.0000000000
220 -148.0000000000
223 -147.0000000000
229 -146.0000000000
231 -145.0000000000
238 -144.0000000000
242 -143.0000000000
253 -142.0000000000
258 -141.0000000000
262 -140.0000000000
266 -139.0000000000
271 -138.0000000000
273 -137.0000000000
278 -136.0000000000
279 -135.0000000000
281 -133.0000000000
289 -132.0000000000
291 -129.0000000000
315 -128.0000000000
318 -127.0000000000
321 -126.0000000000
335 -125.0000000000
340 -124.0000000000
341 -123.0000000000
342 -122.0000000000
358 -121.0000000000
362 -120.0000000000
371 -119.0000000000
377 -118.0000000000
381 -117.0000000000
385 -116.0000000000
389 -115.0000000000
400 -114.0000000000
403 -113.0000000000
404 -112.0000000000
406 -111.0000000000
409 -110.0000000000
416 -108.0000000000
433 -107.0000000000
435 -106.0000000000
439 -105.0000000000
446 -104.0000000000
453 -102.0000000000
457 -101.0000000000
483 -100.0000000000
487 -99.0000000000
492 -97.0000000000
509 -96.0000000000
511 -95.0000000000
516 -94.0000000000
523 -93.0000000000
526 -91.0000000000
532 -90.0000000000
543 -89.0000000000
553 -88.0000000000
558 -87.0000000000
562 -86.0000000000
573 -85.0000000000
599 -84.0000000000
600 -83.0000000000
604 -82.0000000000
612 -81.0000000000
622 -80.0000000000
628 -79.0000000000
629 -78.0000000000
637 -77.0000000000
666 -76.0000000000
678 -75.0000000000
697 -74.0000000000
723 -73.0000000000
751 -72.0000000000
780 -71.0000000000
793 -70.0000000000
803 -69.0000000000
806 -68.0000000000
813 -67.0000000000
821 -66.0000000000
830 -65.0000000000
844 -64.0000000000
850 -63.0000000000
872 -62.0000000000
887 -61.0000000000
897 -60.0000000000
907 -59.0000000000
912 -58.0000000000
922 -57.0000000000
924 -56.0000000000
925 -55.0000000000
939 -54.0000000000
942 -53.0000000000
949 -52.0000000000
953 -51.0000000000
959 -50.0000000000
977 -49.0000000000
1016 -48.0000000000
1035 -47.0000000000
1051 -46.0000000000
1052 -45.0000000000
1057 -44.0000000000
1085 -43.0000000000
1102 -42.0000000000
1103 -41.0000000000
1104 -40.0000000000
1107 -39.0000000000
1117 -38.0000000000
1129 -37.0000000000
1135 -36.0000000000
1171 -35.0000000000
1206 -34.0000000000
1238 -33.0000000000
1246 -32.0000000000
1250 -31.0000000000
1277 -30.0000000000
1283 -29.0000000000
1304 -28.0000000000
1311 -27.0000000000
1327 -26.0000000000
1368 -25.0000000000
1392 -24.0000000000
1410 -23.0000000000
1543 -22.0000000000
1569 -21.0000000000
1624 -20.0000000000
1667 -19.0000000000
1759 -18.0000000000
1773 -17.0000000000
1775 -16.0000000000
1779 -15.0000000000
1787 -14.0000000000
1850 -13.0000000000
1942 -12.0000000000
1982 -11.0000000000
1988 -10.0000000000
1989 -9.0000000000
2118 -8.0000000000
2274 -7.0000000000
2328 -6.0000000000
2462 -5.0000000000
2501 -4.0000000000
2527 -3.0000000000
2760 -2.0000000000
2851 -1.0000000000
2869 398.0000000000
3265 404.0000000000
3474 407.0000000000
5058 408.0000000000
6733 414.0000000000
9878 417.0000000000
10000 417.0000000000
evaluations raw_y
1 -223.0000000000
4 -222.0000000000
6 -221.0000000000
8 -220.0000000000
14 -219.0000000000
18 -218.0000000000
20 -217.0000000000
22 -215.0000000000
25 -214.0000000000
27 -213.0000000000
31 -212.0000000000
33 -211.0000000000
36 -209.0000000000
38 -207.0000000000
47 -206.0000000000
49 -205.0000000000
54 -204.0000000000
69 -203.0000000000
74 -202.0000000000
77 -201.0000000000
78 -200.0000000000
85 -199.0000000000
92 -198.0000000000
94 -197.0000000000
96 -195.0000000000
105 -194.0000000000
109 -193.0000000000
110 -191.0000000000
112 -190.0000000000
116 -189.0000000000
118 -188.0000000000
122 -187.0000000000
123 -186.0000000000
126 -185.0000000000
128 -184.0000000000
133 -183.0000000000
140 -181.0000000000
154 -180.0000000000
156 -178.0000000000
157 -177.0000000000
158 -175.0000000000
170 -174.0000000000
172 -173.0000000000
174 -172.0000000000
181 -170.0000000000
189 -169.0000000000
192 -168.0000000000
196 -167.0000000000
197 -166.0000000000
206 -165.0000000000
208 -164.0000000000
212 -163.0000000000
213 -162.0000000000
219 -161.0000000000
229 -160.0000000000
230 -159.0000000000
231 -158.0000000000
234 -157.0000000000
235 -156.0000000000
248 -155.0000000000
257 -154.0000000000
285 -153.0000000000
289 -152.0000000000
292 -151.0000000000
294 -150.0000000000
298 -149.0000000000
304 -148.0000000000
306 -146.0000000000
323 -145.0000000000
334 -143.0000000000
338 -142.0000000000
339 -141.0000000000
354 -140.0000000000
365 -139.0000000000
372 -138.0000000000
377 -137.0000000000
380 -136.0000000000
386 -135.0000000000
400 -134.0000000000
410 -133.0000000000
411 -132.0000000000
414 -128.0000000000
419 -127.0000000000
422 -126.0000000000
426 -125.0000000000
428 -124.0000000000
431 -123.0000000000
443 -121.0000000000
448 -120.0000000000
449 -119.0000000000
452 -118.0000000000
465 -117.0000000000
475 -116.0000000000
476 -113.0000000000
513 -112.0000000000
514 -111.0000000000
526 -110.0000000000
530 -109.0000000000
533 -108.0000000000
534 -107.0000000000
535 -106.0000000000
575 -105.0000000000
590 -104.0000000000
592 -103.0000000000
597 -102.0000000000
602 -101.0000000000
603 -100.0000000000
615 -99.0000000000
628 -98.0000000000
629 -97.0000000000
638 -95.0000000000
650 -94.0000000000
658 -93.0000000000
668 -92.0000000000
673 -91.0000000000
679 -90.0000000000
681 -89.0000000000
684 -88.0000000000
703 -87.0000000000
705 -86.0000000000
734 -85.0000000000
754 -84.0000000000
763 -83.0000000000
777 -82.0000000000
782 -81.0000000000
786 -79.0000000000
790 -78.0000000000
798 -77.0000000000
810 -76.0000000000
834 -75.0000000000
853 -73.0000000000
875 -72.0000000000
883 -71.0000000000
890 -70.0000000000
894 -69.0000000000
897 -68.0000000000
909 -66.0000000000
910 -65.0000000000
911 -64.0000000000
913 -63.0000000000
916 -62.0000000000
931 -61.0000000000
934 -60.0000000000
944 -59.0000000000
987 -58.0000000000
1003 -57.0000000000
1014 -56.0000000000
1017 -55.0000000000
1073 -54.0000000000
1104 -53.0000000000
1126 -52.0000000000
1160 -51.0000000000
1172 -50.0000000000
1177 -49.0000000000
1184 -48.0000000000
1189 -47.0000000000
1222 -46.0000000000
1234 -45.0000000000
1247 -44.0000000000
1263 -43.0000000000
1266 -42.0000000000
1288 -41.0000000000
1324 -40.0000000000
1349 -39.0000000000
1353 -38.0000000000
1358 -37.0000000000
1419 -36.0000000000
1432 -35.0000000000
1433 -34.0000000000
1448 -33.0000000000
1452 -32.0000000000
1454 -31.0000000000
1486 -30.0000000000
1502 -29.0000000000
1514 -28.0000000000
1544 -27.0000000000
1570 -26.0000000000
1572 -25.0000000000
1650 -24.0000000000
1679 -23.0000000000
1690 -22.0000000000
1769 -21.0000000000
1779 -20.0000000000
1808 -18.0000000000
1834 -17.0000000000
1846 -16.0000000000
1906 -15.0000000000
1944 -14.0000000000
2019 -13.0000000000
2083 -12.0000000000
2092 -11.0000000000
2096 -10.0000000000
2102 -9.0000000000
2112 -8.0000000000
2192 -7.0000000000
2426 -6.0000000000
2517 -5.0000000000
2530 -4.0000000000
2625 -3.0000000000
2641 -2.0000000000
2926 -1.0000000000
2967 369.0000000000
3110 374.0000000000
3133 376.0000000000
3478 379.0000000000
3793 391.0000000000
4022 394.0000000000
4191 402.0000000000
4656 410.0000000000
5975 415.0000000000
6608 417.0000000000
6802 418.0000000000
10000 -2.0000000000
evaluations raw_y
1 -205.0000000000
4 -204.0000000000
5 -203.0000000000
7 -202.0000000000
8 -201.0000000000
10 -200.0000000000
22 -199.0000000000
24 -198.0000000000
28 -196.0000000000
32 -194.0000000000
35 -193.0000000000
41 -192.0000000000
45 -191.0000000000
49 -190.0000000000
54 -189.0000000000
55 -188.0000000000
58 -187.0000000000
68 -186.0000000000
77 -185.0000000000
81 -184.0000000000
83 -183.0000000000
88 -181.0000000000
94 -180.0000000000
100 -179.0000000000
108 -178.0000000000
109 -177.0000000000
118 -176.0000000000
120 -174.0000000000
130 -173.0000000000
131 -172.0000000000
133 -171.0000000000
135 -170.0000000000
137 -169.0000000000
139 -168.0000000000
148 -167.0000000000
151 -166.0000000000
152 -164.0000000000
160 -163.0000000000
162 -161.0000000000
163 -160.0000000000
165 -159.0000000000
181 -158.0000000000
182 -157.0000000000
189 -156.0000000000
192 -155.0000000000
196 -154.0000000000
197 -153.0000000000
200 -152.0000000000
201 -151.0000000000
205 -150.0000000000
206 -148.0000000000
208 -147.0000000000
210 -146.0000000000
213 -145.0000000000
215 -143.0000000000
222 -142.0000000000
237 -140.0000000000
238 -139.0000000000
242 -138.0000000000
243 -137.0000000000
248 -136.0000000000
250 -135.0000000000
252 -134.0000000000
253 -132.0000000000
268 -131.0000000000
279 -130.0000000000
280 -129.0000000000
301 -128.0000000000
306 -127.0000000000
309 -125.0000000000
316 -124.0000000000
321 -123.0000000000
324 -122.0000000000
326 -121.0000000000
331 -120.0000000000
335 -119.0000000000
337 -118.0000000000
372 -117.0000000000
373 -116.0000000000
374 -115.0000000000
383 -114.0000000000
393 -113.0000000000
425 -111.0000000000
437 -110.0000000000
438 -109.0000000000
446 -108.0000000000
455 -107.0000000000
469 -106.0000000000
486 -105.0000000000
527 -104.0000000000
531 -103.0000000000
533 -102.0000000000
534 -101.0000000000
536 -100.0000000000
549 -99.0000000000
555 -98.0000000000
557 -97.0000000000
563 -96.0000000000
566 -95.0000000000
570 -94.0000000000
604 -93.0000000000
608 -92.0000000000
621 -91.0000000000
623 -90.0000000000
637 -89.0000000000
664 -88.0000000000
682 -87.0000000000
684 -86.0000000000
706 -85.0000000000
709 -84.0000000000
716 -83.0000000000
728 -82.0000000000
736 -81.0000000000
745 -80.0000000000
753 -79.0000000000
756 -78.0000000000
768 -77.0000000000
781 -76.0000000000
785 -75.0000000000
788 -74.0000000000
798 -73.0000000000
805 -72.0000000000
807 -70.0000000000
813 -69.0000000000
821 -68.0000000000
825 -67.0000000000
842 -66.0000000000
859 -65.0000000000
888 -64.0000000000
917 -63.0000000000
943 -62.0000000000
951 -61.0000000000
953 -60.0000000000
1042 -59.0000000000
1062 -58.0000000000
1101 -57.0000000000
1102 -56.0000000000
1124 -55.0000000000
1135 -54.0000000000
1136 -53.0000000000
1141 -52.0000000000
1146 -51.0000000000
1152 -50.0000000000
1156 -49.0000000000
1164 -48.0000000000
1171 -47.0000000000
1178 -46.0000000000
1197 -45.0000000000
1211 -44.0000000000
1216 -43.0000000000
1221 -42.0000000000
1227 -41.0000000000
1241 -40.0000000000
1252 -39.0000000000
1281 -37.0000000000
1288 -36.0000000000
1313 -35.0000000000
1354 -34.0000000000
1369 -33.0000000000
1431 -32.0000000000
1511 -31.0000000000
1583 -30.0000000000
1610 -29.0000000000
1625 -28.0000000000
1628 -27.0000000000
1629 -26.0000000000
1634 -25.0000000000
1647 -23.0000000000
1659 -22.0000000000
1670 -21.0000000000
1737 -20.0000000000
1791 -19.0000000000
1822 -18.0000000000
1847 -17.0000000000
1927 -16.0000000000
1965 -15.0000000000
1972 -13.0000000000
1990 -12.0000000000
2013 -11.0000000000
2084 -10.0000000000
2098 -9.0000000000
2181 -8.0000000000
2280 -7.0000000000
2330 -6.0000000000
2357 -5.0000000000
2392 -4.0000000000
2474 -3.0000000000
2572 -2.0000000000
2625 -1.0000000000
2786 393.0000000000
2924 394.0000000000
4597 397.0000000000
4893 401.0000000000
5574 402.0000000000
6147 405.0000000000
8205 409.0000000000
8371 411.0000000000
8906 415.0000000000
10000 -1.0000000000
evaluations raw_y
1 -203.0000000000
6 -202.0000000000
7 -201.0000000000
14 -200.0000000000
16 -199.0000000000
20 -198.0000000000
23 -197.0000000000
25 -196.0000000000
29 -195.0000000000
33 -193.0000000000
34 -191.0000000000
35 -190.0000000000
36 -188.0000000000
51 -187.0000000000
52 -186.0000000000
53 -185.0000000000
68 -183.0000000000
70 -182.0000000000
76 -181.0000000000
78 -180.0000000000
82 -179.0000000000
86 -178.0000000000
90 -177.0000000000
97 -175.0000000000
100 -173.0000000000
101 -172.0000000000
111 -171.0000000000
113 -170.0000000000
117 -168.0000000000
122 -167.0000000000
129 -166.0000000000
131 -165.0000000000
133 -164.0000000000
135 -163.0000000000
137 -162.0000000000
143 -161.0000000000
144 -159.0000000000
152 -158.0000000000
164 -157.0000000000
165 -156.0000000000
171 -154.0000000000
178 -153.0000000000
180 -152.0000000000
186 -151.0000000000
187 -149.0000000000
188 -147.0000000000
194 -146.0000000000
206 -145.0000000000
219 -144.0000000000
225 -143.0000000000
230 -142.0000000000
235 -141.0000000000
236 -140.0000000000
245 -139.0000000000
253 -137.0000000000
259 -136.0000000000
275 -135.0000000000
279 -134.0000000000
292 -133.0000000000
293 -132.0000000000
303 -130.0000000000
305 -129.0000000000
307 -128.0000000000
313 -127.0000000000
316 -126.0000000000
320 -125.0000000000
326 -123.0000000000
336 -122.0000000000
338 -121.0000000000
340 -120.0000000000
341 -119.0000000000
352 -118.0000000000
354 -117.0000000000
361 -116.0000000000
373 -114.0000000000
377 -113.0000000000
383 -112.0000000000
389 -111.0000000000
398 -110.0000000000
403 -109.0000000000
410 -108.0000000000
414 -107.0000000000
420 -106.0000000000
427 -105.0000000000
434 -104.0000000000
462 -103.0000000000
474 -101.0000000000
486 -100.0000000000
487 -99.0000000000
492 -98.0000000000
516 -96.0000000000
524 -95.0000000000
525 -94.0000000000
529 -93.0000000000
533 -92.0000000000
537 -91.0000000000
548 -90.0000000000
563 -89.0000000000
566 -88.0000000000
573 -87.0000000000
576 -85.0000000000
592 -84.0000000000
597 -83.0000000000
601 -82.0000000000
605 -81.0000000000
640 -80.0000000000
650 -79.0000000000
681 -78.0000000000
693 -77.0000000000
695 -76.0000000000
697 -75.0000000000
706 -74.0000000000
714 -73.0000000000
715 -72.0000000000
721 -71.0000000000
731 -70.0000000000
739 -69.0000000000
748 -68.0000000000
759 -67.0000000000
791 -66.0000000000
795 -65.0000000000
814 -64.0000000000
830 -63.0000000000
839 -62.0000000000
856 -61.0000000000
925 -59.0000000000
949 -58.0000000000
953 -57.0000000000
954 -56.0000000000
981 -55.0000000000
994 -54.0000000000
996 -53.0000000000
1043 -52.0000000000
1052 -51.0000000000
1053 -50.0000000000
1092 -49.0000000000
1104 -48.0000000000
1118 -47.0000000000
1125 -45.0000000000
1134 -44.0000000000
1139 -42.0000000000
1177 -41.0000000000
1208 -40.0000000000
1226 -39.0000000000
1227 -38.0000000000
1228 -37.0000000000
1250 -36.0000000000
1255 -35.0000000000
1267 -34.0000000000
1358 -33.0000000000
1369 -32.0000000000
1426 -31.0000000000
1442 -30.0000000000
1511 -29.0000000000
1538 -28.0000000000
1547 -27.0000000000
1608 -26.0000000000
1614 -25.0000000000
1620 -24.0000000000
1628 -23.0000000000
1663 -22.0000000000
1668 -21.0000000000
1720 -20.0000000000
1761 -19.0000000000
1835 -18.0000000000
2031 -17.0000000000
2082 -16.0000000000
2083 -15.0000000000
2155 -14.0000000000
2254 -13.0000000000
2277 -12.0000000000
2289 -11.0000000000
2373 -9.0000000000
2442 -8.0000000000
2539 -7.0000000000
2635 -6.0000000000
2680 -5.0000000000
2789 -4.0000000000
3148 -3.0000000000
3166 -2.0000000000
3470 -1.0000000000
3494 381.0000000000
3710 383.0000000000
3946 391.0000000000
4101 393.0000000000
5144 396.0000000000
5386 397.0000000000
5440 401.0000000000
5755 403.0000000000
6391 407.0000000000
7117 409.0000000000
7595 414.0000000000
8848 416.0000000000
10000 416.0000000000
evaluations raw_y
1 -214.0000000000
4 -213.0000000000
8 -211.0000000000
23 -210.0000000000
25 -209.0000000000
26 -208.0000000000
27 -206.0000000000
33 -205.0000000000
40 -204.0000000000
51 -203.0000000000
58 -202.0000000000
60 -199.0000000000
62 -198.0000000000
71 -197.0000000000
74 -196.0000000000
76 -195.0000000000
79 -194.0000000000
96 -192.0000000000
104 -191.0000000000
110 -190.0000000000
111 -188.0000000000
114 -187.0000000000
119 -186.0000000000
122 -184.0000000000
123 -181.0000000000
125 -180.0000000000
126 -179.0000000000
146 -178.0000000000
147 -177.0000000000
152 -176.0000000000
154 -175.0000000000
158 -174.0000000000
162 -173.0000000000
183 -172.0000000000
184 -171.0000000000
190 -170.0000000000
191 -169.0000000000
199 -168.0000000000
203 -166.0000000000
207 -165.0000000000
217 -164.0000000000
223 -163.0000000000
235 -162.0000000000
238 -161.0000000000
240 -160.0000000000
252 -159.0000000000
257 -158.0000000000
262 -156.0000000000
264 -155.0000000000
268 -154.0000000000
274 -152.0000000000
275 -151.0000000000
278 -150.0000000000
281 -149.0000000000
289 -148.0000000000
296 -147.0000000000
309 -146.0000000000
311 -145.0000000000
312 -144.0000000000
321 -141.0000000000
331 -140.0000000000
332 -139.0000000000
341 -138.0000000000
347 -137.0000000000
351 -136.0000000000
357 -135.0000000000
358 -134.0000000000
368 -133.0000000000
375 -131.0000000000
379 -130.0000000000
412 -129.0000000000
416 -128.0000000000
433 -127.0000000000
434 -126.0000000000
456 -125.0000000000
463 -123.0000000000
469 -122.0000000000
474 -121.0000000000
475 -120.0000000000
476 -119.0000000000
477 -118.0000000000
479 -117.0000000000
480 -116.0000000000
483 -115.0000000000
494 -114.0000000000
500 -113.0000000000
527 -112.0000000000
532 -111.0000000000
536 -109.0000000000
537 -108.0000000000
580 -107.0000000000
584 -105.0000000000
589 -104.0000000000
599 -103.0000000000
633 -102.0000000000
637 -100.0000000000
642 -99.0000000000
643 -98.0000000000
648 -97.0000000000
666 -96.0000000000
676 -94.0000000000
687 -93.0000000000
720 -92.0000000000
727 -91.0000000000
736 -90.0000000000
741 -89.0000000000
748 -88.0000000000
762 -87.0000000000
778 -86.0000000000
791 -85.0000000000
796 -84.0000000000
832 -83.0000000000
833 -82.0000000000
854 -81.0000000000
877 -80.0000000000
881 -79.0000000000
894 -78.0000000000
911 -77.0000000000
934 -75.0000000000
935 -74.0000000000
950 -73.0000000000
952 -72.0000000000
994 -71.0000000000
995 -70.0000000000
1008 -69.0000000000
1025 -68.0000000000
1026 -67.0000000000
1040 -66.0000000000
1125 -65.0000000000
1129 -64.0000000000
1152 -63.0000000000
1162 -62.0000000000
1163 -61.0000000000
1213 -60.0000000000
1224 -59.0000000000
1256 -58.0000000000
1261 -57.0000000000
1270 -56.0000000000
1286 -55.0000000000
1327 -54.0000000000
1332 -52.0000000000
1343 -51.0000000000
1396 -50.0000000000
1398 -49.0000000000
1424 -48.0000000000
1428 -47.0000000000
1460 -46.0000000000
1474 -45.0000000000
1485 -44.0000000000
1542 -43.0000000000
1549 -42.0000000000
1582 -41.0000000000
1596 -40.0000000000
1614 -39.0000000000
1639 -38.0000000000
1642 -37.0000000000
1658 -36.0000000000
1698 -35.0000000000
1714 -34.0000000000
1718 -33.0000000000
1750 -32.0000000000
1752 -31.0000000000
1755 -30.0000000000
1818 -29.0000000000
1894 -28.0000000000
1924 -27.0000000000
1926 -26.0000000000
1944 -24.0000000000
2000 -23.0000000000
2094 -22.0000000000
2106 -21.0000000000
2125 -20.0000000000
2138 -19.0000000000
2193 -18.0000000000
2247 -17.0000000000
2502 -16.0000000000
2529 -15.0000000000
2565 -14.0000000000
2588 -13.0000000000
2620 -12.0000000000
2783 -11.0000000000
2788 -10.0000000000
2832 -9.0000000000
2886 -8.0000000000
2915 -7.0000000000
3062 -6.0000000000
3288 -5.0000000000
3341 -4.0000000000
3353 -3.0000000000
3386 -2.0000000000
3707 -1.0000000000
3804 386.0000000000
3847 389.0000000000
3930 397.0000000000
4819 406.0000000000
6083 410.0000000000
6192 412.0000000000
6291 413.0000000000
7050 415.0000000000
8148 418.0000000000
9450 419.0000000000
9746 425.0000000000
10000 -1.0000000000
evaluations raw_y
1 -215.0000000000
8 -214.0000000000
11 -211.0000000000
14 -210.0000000000
19 -209.0000000000
20 -207.0000000000
21 -206.0000000000
24 -205.0000000000
26 -204.0000000000
29 -203.0000000000
30 -202.0000000000
35 -201.0000000000
46 -199.0000000000
55 -198.0000000000
56 -197.0000000000
69 -196.0000000000
80 -195.0000000000
82 -194.0000000000
93 -193.0000000000
94 -192.0000000000
95 -190.0000000000
103 -189.0000000000
114 -188.0000000000
117 -187.0000000000
124 -186.0000000000
125 -185.0000000000
128 -183.0000000000
134 -182.0000000000
135 -181.0000000000
140 -180.0000000000
143 -179.0000000000
144 -178.0000000000
145 -176.0000000000
150 -174.0000000000
152 -173.0000000000
153 -172.0000000000
158 -171.0000000000
164 -170.0000000000
179 -168.0000000000
180 -166.0000000000
189 -165.0000000000
194 -164.0000000000
206 -163.0000000000
223 -162.0000000000
232 -161.0000000000
236 -160.0000000000
237 -158.0000000000
249 -157.0000000000
253 -154.0000000000
259 -153.0000000000
272 -152.0000000000
274 -151.0000000000
279 -150.0000000000
288 -148.0000000000
289 -147.0000000000
300 -146.0000000000
308 -145.0000000000
320 -144.0000000000
328 -142.0000000000
349 -141.0000000000
359 -140.0000000000
360 -139.0000000000
364 -137.0000000000
379 -136.0000000000
388 -135.0000000000
391 -133.0000000000
394 -132.0000000000
403 -131.0000000000
424 -130.0000000000
428 -129.0000000000
434 -128.0000000000
452 -127.0000000000
453 -126.0000000000
469 -125.0000000000
477 -124.0000000000
488 -123.0000000000
507 -122.0000000000
517 -121.0000000000
551 -120.0000000000
559 -119.0000000000
560 -118.0000000000
571 -117.0000000000
577 -116.0000000000
579 -115.0000000000
584 -114.0000000000
622 -113.0000000000
625 -112.0000000000
627 -111.0000000000
636 -110.0000000000
650 -109.0000000000
653 -108.0000000000
659 -107.0000000000
661 -106.0000000000
663 -105.0000000000
690 -104.0000000000
691 -102.0000000000
692 -101.0000000000
699 -100.0000000000
700 -99.0000000000
717 -98.0000000000
721 -97.0000000000
722 -96.0000000000
736 -94.0000000000
747 -93.0000000000
756 -92.0000000000
770 -91.0000000000
772 -90.0000000000
773 -89.0000000000
776 -88.0000000000
782 -87.0000000000
786 -86.0000000000
796 -85.0000000000
797 -84.0000000000
806 -83.0000000000
807 -82.0000000000
809 -81.0000000000
810 -80.0000000000
811 -79.0000000000
819 -78.0000000000
827 -77.0000000000
828 -76.0000000000
838 -75.0000000000
840 -74.0000000000
870 -72.0000000000
872 -71.0000000000
882 -70.0000000000
883 -69.0000000000
885 -67.0000000000
886 -66.0000000000
893 -65.0000000000
922 -63.0000000000
923 -62.0000000000
924 -61.0000000000
933 -60.0000000000
944 -59.0000000000
959 -58.0000000000
980 -56.0000000000
985 -55.0000000000
999 -54.0000000000
1012 -53.0000000000
1028 -52.0000000000
1047 -51.0000000000
1106 -50.0000000000
1107 -49.0000000000
1109 -48.0000000000
1130 -47.0000000000
1133 -46.0000000000
1138 -45.0000000000
1148 -44.0000000000
1156 -43.0000000000
1179 -42.0000000000
1195 -41.0000000000
1196 -39.0000000000
1200 -38.0000000000
1217 -37.0000000000
1221 -36.0000000000
1240 -35.0000000000
1261 -34.0000000000
1265 -33.0000000000
1307 -32.0000000000
1361 -31.0000000000
1387 -29.0000000000
1453 -28.0000000000
1454 -27.0000000000
1515 -26.0000000000
1528 -25.0000000000
1568 -24.0000000000
1676 -23.0000000000
1702 -22.0000000000
1708 -21.0000000000
1715 -20.0000000000
1795 -19.0000000000
1807 -18.0000000000
1834 -17.0000000000
1972 -16.0000000000
2028 -15.0000000000
2078 -14.0000000000
2109 -13.0000000000
2215 -12.0000000000
2309 -11.0000000000
2335 -10.0000000000
2393 -9.0000000000
2400 -8.0000000000
2537 -7.0000000000
2550 -6.0000000000
2611 -5.0000000000
2622 -4.0000000000
2722 -3.0000000000
3051 -2.0000000000
3133 -1.0000000000
3183 398.0000000000
4026 399.0000000000
4056 402.0000000000
4362 408.0000000000
4425 410.0000000000
10000 -1.0000000000
evaluations raw_y
1 -195.0000000000
6 -193.0000000000
11 -191.0000000000
19 -190.0000000000
35 -188.0000000000
36 -187.0000000000
37 -185.0000000000
39 -184.0000000000
40 -183.0000000000
43 -181.0000000000
53 -180.0000000000
56 -179.0000000000
61 -178.0000000000
76 -177.0000000000
87 -176.0000000000
90 -175.0000000000
100 -174.0000000000
113 -172.0000000000
115 -169.0000000000
118 -168.0000000000
124 -167.0000000000
127 -165.0000000000
132 -164.0000000000
135 -163.0000000000
137 -162.0000000000
140 -161.0000000000
157 -160.0000000000
158 -159.0000000000
165 -157.0000000000
175 -154.0000000000
176 -153.0000000000
187 -152.0000000000
211 -151.0000000000
214 -149.0000000000
215 -148.0000000000
219 -147.0000000000
225 -146.0000000000
231 -145.0000000000
244 -144.0000000000
245 -143.0000000000
246 -142.0000000000
275 -141.0000000000
276 -140.0000000000
278 -138.0000000000
290 -137.0000000000
291 -136.0000000000
301 -135.0000000000
309 -134.0000000000
313 -133.0000000000
314 -131.0000000000
315 -130.0000000000
321 -129.0000000000
331 -128.0000000000
338 -127.0000000000
341 -125.0000000000
346 -124.0000000000
351 -123.0000000000
358 -122.0000000000
362 -121.0000000000
364 -120.0000000000
372 -119.0000000000
375 -118.0000000000
377 -117.0000000000
427 -116.0000000000
435 -115.0000000000
440 -114.0000000000
467 -113.0000000000
470 -112.0000000000
472 -111.0000000000
482 -110.0000000000
491 -109.0000000000
503 -108.0000000000
504 -107.0000000000
545 -106.0000000000
547 -104.0000000000
549 -103.0000000000
553 -102.0000000000
576 -101.0000000000
619 -100.0000000000
627 -99.0000000000
634 -98.0000000000
643 -97.0000000000
649 -96.0000000000
650 -95.0000000000
654 -94.0000000000
656 -93.0000000000
659 -92.0000000000
671 -91.0000000000
674 -90.0000000000
676 -89.0000000000
679 -88.0000000000
686 -87.0000000000
696 -86.0000000000
703 -85.0000000000
724 -84.0000000000
726 -83.0000000000
732 -82.0000000000
751 -81.0000000000
766 -80.0000000000
768 -79.0000000000
774 -77.0000000000
837 -76.0000000000
845 -75.0000000000
857 -74.0000000000
876 -73.0000000000
877 -72.0000000000
889 -71.0000000000
897 -70.0000000000
908 -69.0000000000
917 -68.0000000000
918 -67.0000000000
920 -66.0000000000
926 -65.0000000000
944 -64.0000000000
952 -63.0000000000
956 -62.0000000000
959 -61.0000000000
963 -60.0000000000
965 -59.0000000000
967 -57.0000000000
973 -56.0000000000
975 -55.0000000000
1010 -54.0000000000
1013 -53.0000000000
1016 -52.0000000000
1044 -51.0000000000
1074 -50.0000000000
1103 -49.0000000000
1108 -48.0000000000
1127 -46.0000000000
1131 -45.0000000000
1134 -44.0000000000
1142 -43.0000000000
1143 -42.0000000000
1155 -41.0000000000
1178 -40.0000000000
1180 -39.0000000000
1182 -38.0000000000
1224 -37.0000000000
1253 -36.0000000000
1264 -35.0000000000
1302 -34.0000000000
1317 -33.0000000000
1323 -32.0000000000
1373 -31.0000000000
1416 -30.0000000000
1443 -29.0000000000
1507 -28.0000000000
1518 -27.0000000000
1563 -26.0000000000
1576 -25.0000000000
1666 -24.0000000000
1681 -23.0000000000
1708 -22.0000000000
1760 -21.0000000000
1776 -20.0000000000
1782 -18.0000000000
1815 -17.0000000000
1843 -16.0000000000
1954 -15.0000000000
2014 -14.0000000000
2151 -13.0000000000
2235 -12.0000000000
2276 -11.0000000000
2291 -10.0000000000
2308 -9.0000000000
2346 -8.0000000000
2475 -7.0000000000
2557 -6.0000000000
2772 -5.0000000000
2830 -4.0000000000
2908 -3.0000000000
2955 -2.0000000000
3105 -1.0000000000
3140 385.0000000000
3226 388.0000000000
3265 389.0000000000
3390 403.0000000000
5580 410.0000000000
6917 414.0000000000
7896 416.0000000000
8609 417.0000000000
10000 -1.0000000000
evaluations raw_y
1 -228.0000000000
2 -227.0000000000
4 -226.0000000000
5 -225.0000000000
6 -223.0000000000
7 -221.0000000000
12 -220.0000000000
22 -219.0000000000
23 -218.0000000000
30 -217.0000000000
32 -216.0000000000
34 -215.0000000000
35 -214.0000000000
36 -213.0000000000
39 -212.0000000000
41 -211.0000000000
52 -210.0000000000
53 -209.0000000000
56 -208.0000000000
58 -207.0000000000
59 -206.0000000000
61 -204.0000000000
68 -203.0000000000
75 -202.0000000000
78 -201.0000000000
80 -200.0000000000
81 -199.0000000000
85 -198.0000000000
87 -197.0000000000
89 -196.0000000000
92 -195.0000000000
94 -194.0000000000
102 -191.0000000000
109 -190.0000000000
110 -189.0000000000
114 -188.0000000000
118 -187.0000000000
121 -186.0000000000
123 -184.0000000000
134 -183.0000000000
137 -182.0000000000
139 -181.0000000000
143 -179.0000000000
145 -178.0000000000
147 -177.0000000000
148 -176.0000000000
151 -175.0000000000
154 -174.0000000000
157 -173.0000000000
158 -172.0000000000
160 -170.0000000000
175 -168.0000000000
180 -167.0000000000
187 -166.0000000000
189 -165.0000000000
191 -164.0000000000
194 -163.0000000000
195 -162.0000000000
197 -161.0000000000
198 -159.0000000000
201 -158.0000000000
205 -157.0000000000
206 -156.0000000000
210 -155.0000000000
212 -153.0000000000
213 -152.0000000000
216 -151.0000000000
228 -149.0000000000
232 -148.0000000000
246 -147.0000000000
249 -146.0000000000
257 -145.0000000000
266 -144.0000000000
267 -143.0000000000
272 -142.0000000000
275 -141.0000000000
281 -140.0000000000
282 -138.0000000000
289 -136.0000000000
307 -135.0000000000
329 -134.0000000000
333 -133.0000000000
337 -132.0000000000
363 -131.0000000000
372 -130.0000000000
374 -129.0000000000
375 -128.0000000000
377 -126.0000000000
378 -125.0000000000
386 -124.0000000000
387 -123.0000000000
389 -122.0000000000
391 -121.0000000000
399 -120.0000000000
400 -119.0000000000
401 -117.0000000000
402 -116.0000000000
426 -115.0000000000
432 -114.0000000000
458 -113.0000000000
467 -112.0000000000
474 -111.0000000000
484 -110.0000000000
503 -109.0000000000
513 -108.0000000000
524 -106.0000000000
527 -104.0000000000
539 -103.0000000000
550 -101.0000000000
558 -100.0000000000
559 -99.0000000000
567 -98.0000000000
592 -96.0000000000
597 -95.0000000000
605 -93.0000000000
645 -92.0000000000
650 -91.0000000000
669 -90.0000000000
675 -89.0000000000
684 -88.0000000000
698 -87.0000000000
704 -86.0000000000
720 -85.0000000000
724 -82.0000000000
743 -81.0000000000
755 -80.0000000000
757 -79.0000000000
771 -78.0000000000
772 -77.0000000000
797 -76.0000000000
805 -75.0000000000
807 -74.0000000000
846 -73.0000000000
849 -71.0000000000
872 -70.0000000000
873 -69.0000000000
876 -67.0000000000
893 -66.0000000000
914 -65.0000000000
924 -64.0000000000
942 -62.0000000000
947 -61.0000000000
948 -60.0000000000
956 -59.0000000000
964 -57.0000000000
971 -56.0000000000
973 -55.0000000000
980 -54.0000000000
981 -53.0000000000
997 -52.0000000000
998 -51.0000000000
1004 -50.0000000000
1030 -49.0000000000
1079 -48.0000000000
1110 -45.0000000000
1122 -43.0000000000
1138 -42.0000000000
1186 -41.0000000000
1195 -40.0000000000
1210 -38.0000000000
1292 -37.0000000000
1303 -36.0000000000
1307 -35.0000000000
1400 -34.0000000000
1402 -33.0000000000
1422 -32.0000000000
1454 -31.0000000000
1464 -30.0000000000
1477 -29.0000000000
1482 -28.0000000000
1516 -27.0000000000
1603 -26.0000000000
1656 -25.0000000000
1705 -24.0000000000
1712 -23.0000000000
1769 -22.0000000000
1810 -21.0000000000
1890 -20.0000000000
1895 -19.0000000000
1939 -18.0000000000
1961 -17.0000000000
2066 -16.0000000000
2092 -15.0000000000
2106 -14.0000000000
2187 -13.0000000000
2202 -12.0000000000
2275 -11.0000000000
2285 -10.0000000000
2444 -9.0000000000
2626 -8.0000000000
2658 -7.0000000000
2784 -6.0000000000
2817 -5.0000000000
2831 -4.0000000000
2952 -3.0000000000
2994 -2.0000000000
3134 -1.0000000000
3188 397.0000000000
3229 400.0000000000
3831 402.0000000000
4157 407.0000000000
5993 409.0000000000
6091 410.0000000000
7422 411.0000000000
7698 416.0000000000
8001 422.0000000000
10000 -2.0000000000
evaluations raw_y
1 -223.0000000000
3 -222.0000000000
4 -221.0000000000
10 -219.0000000000
15 -218.0000000000
17 -217.0000000000
24 -216.0000000000
27 -215.0000000000
28 -214.0000000000
37 -213.0000000000
39 -212.0000000000
41 -210.0000000000
42 -209.0000000000
43 -207.0000000000
44 -205.0000000000
48 -204.0000000000
49 -203.0000000000
51 -202.0000000000
54 -201.0000000000
55 -200.0000000000
58 -199.0000000000
59 -198.0000000000
61 -197.0000000000
62 -196.0000000000
71 -195.0000000000
76 -194.0000000000
78 -193.0000000000
80 -192.0000000000
83 -191.0000000000
87 -190.0000000000
94 -189.0000000000
95 -187.0000000000
96 -186.0000000000
98 -185.0000000000
105 -184.0000000000
106 -183.0000000000
117 -181.0000000000
118 -180.0000000000
120 -179.0000000000
123 -178.0000000000
125 -177.0000000000
126 -176.0000000000
132 -174.0000000000
139 -171.0000000000
140 -170.0000000000
159 -169.0000000000
165 -166.0000000000
171 -165.0000000000
175 -164.0000000000
195 -162.0000000000
197 -160.0000000000
200 -159.0000000000
207 -158.0000000000
209 -157.0000000000
215 -156.0000000000
217 -155.0000000000
224 -154.0000000000
228 -152.0000000000
230 -151.0000000000
231 -150.0000000000
232 -149.0000000000
234 -148.0000000000
235 -147.0000000000
239 -145.0000000000
244 -144.0000000000
249 -143.0000000000
250 -142.0000000000
256 -141.0000000000
265 -140.0000000000
269 -139.0000000000
273 -138.0000000000
281 -137.0000000000
282 -136.0000000000
283 -135.0000000000
328 -134.0000000000
338 -133.0000000000
363 -131.0000000000
366 -130.0000000000
375 -129.0000000000
377 -128.0000000000
379 -127.0000000000
381 -125.0000000000
384 -124.0000000000
385 -123.0000000000
388 -122.0000000000
391 -121.0000000000
412 -120.0000000000
428 -119.0000000000
433 -118.0000000000
455 -117.0000000000
462 -116.0000000000
464 -115.0000000000
482 -113.0000000000
499 -112.0000000000
506 -111.0000000000
512 -110.0000000000
517 -109.0000000000
521 -108.0000000000
525 -107.0000000000
555 -106.0000000000
556 -105.0000000000
558 -104.0000000000
576 -103.0000000000
580 -102.0000000000
586 -101.0000000000
597 -100.0000000000
635 -99.0000000000
642 -98.0000000000
651 -96.0000000000
691 -94.0000000000
694 -93.0000000000
703 -92.0000000000
707 -91.0000000000
721 -90.0000000000
727 -89.0000000000
740 -88.0000000000
762 -87.0000000000
771 -86.0000000000
775 -85.0000000000
776 -84.0000000000
789 -83.0000000000
791 -82.0000000000
809 -81.0000000000
811 -79.0000000000
816 -78.0000000000
819 -77.0000000000
820 -76.0000000000
824 -75.0000000000
830 -73.0000000000
844 -72.0000000000
845 -71.0000000000
854 -70.0000000000
862 -69.0000000000
863 -68.0000000000
889 -67.0000000000
897 -66.0000000000
909 -65.0000000000
925 -64.0000000000
951 -63.0000000000
953 -62.0000000000
968 -61.0000000000
971 -60.0000000000
994 -59.0000000000
1015 -58.0000000000
1016 -57.0000000000
1027 -56.0000000000
1053 -55.0000000000
1065 -54.0000000000
1109 -53.0000000000
1126 -52.0000000000
1170 -51.0000000000
1175 -50.0000000000
1177 -48.0000000000
1178 -47.0000000000
1213 -46.0000000000
1230 -45.0000000000
1235 -44.0000000000
1238 -43.0000000000
1253 -42.0000000000
1333 -41.0000000000
1334 -40.0000000000
1358 -39.0000000000
1360 -38.0000000000
1368 -36.0000000000
1391 -35.0000000000
1409 -34.0000000000
1415 -33.0000000000
1461 -32.0000000000
1463 -31.0000000000
1589 -30.0000000000
1645 -29.0000000000
1647 -28.0000000000
1658 -27.0000000000
1691 -26.0000000000
1718 -25.0000000000
1744 -24.0000000000
1748 -23.0000000000
1749 -22.0000000000
1762 -21.0000000000
1764 -20.0000000000
1890 -19.0000000000
1941 -18.0000000000
1954 -17.0000000000
1987 -16.0000000000
2031 -15.0000000000
2099 -14.0000000000
2154 -13.0000000000
2202 -12.0000000000
2235 -10.0000000000
2245 -9.0000000000
2258 -8.0000000000
2572 -7.0000000000
2641 -6.0000000000
2648 -5.0000000000
2727 -4.0000000000
2844 -3.0000000000
2969 -2.0000000000
2986 -1.0000000000
3004 398.0000000000
3543 405.0000000000
3827 406.0000000000
4108 408.0000000000
7073 412.0000000000
7699 419.0000000000
8514 420.0000000000
10000 -2.0000000000
evaluations raw_y
1 -217.0000000000
2 -216.0000000000
4 -215.0000000000
5 -214.0000000000
7 -213.0000000000
9 -212.0000000000
10 -211.0000000000
21 -210.0000000000
23 -209.0000000000
25 -207.0000000000
27 -205.0000000000
39 -204.0000000000
40 -202.0000000000
41 -201.0000000000
46 -200.0000000000
54 -199.0000000000
56 -198.0000000000
57 -197.0000000000
61 -194.0000000000
63 -193.0000000000
64 -192.0000000000
68 -191.0000000000
71 -190.0000000000
78 -189.0000000000
80 -188.0000000000
83 -186.0000000000
90 -185.0000000000
91 -184.0000000000
92 -183.0000000000
93 -182.0000000000
96 -181.0000000000
98 -180.0000000000
104 -179.0000000000
107 -178.0000000000
116 -177.0000000000
119 -175.0000000000
123 -174.0000000000
125 -173.0000000000
127 -172.0000000000
140 -171.0000000000
142 -170.0000000000
143 -168.0000000000
145 -167.0000000000
148 -166.0000000000
149 -165.0000000000
151 -164.0000000000
153 -163.0000000000
165 -162.0000000000
186 -161.0000000000
190 -160.0000000000
192 -159.0000000000
198 -158.0000000000
200 -157.0000000000
206 -156.0000000000
213 -155.0000000000
214 -154.0000000000
224 -153.0000000000
226 -152.0000000000
233 -151.0000000000
236 -150.0000000000
240 -149.0000000000
243 -148.0000000000
249 -147.0000000000
250 -146.0000000000
264 -145.0000000000
266 -144.0000000000
270 -143.0000000000
283 -142.0000000000
285 -141.0000000000
295 -140.0000000000
299 -139.0000000000
301 -138.0000000000
309 -136.0000000000
312 -135.0000000000
317 -134.0000000000
326 -133.0000000000
336 -132.0000000000
337 -131.0000000000
347 -130.0000000000
349 -129.0000000000
359 -128.0000000000
360 -127.0000000000
364 -126.0000000000
382 -125.0000000000
384 -123.0000000000
393 -122.0000000000
395 -120.0000000000
396 -119.0000000000
410 -118.0000000000
419 -117.0000000000
423 -116.0000000000
430 -115.0000000000
433 -114.0000000000
444 -113.0000000000
447 -112.0000000000
449 -111.0000000000
475 -110.0000000000
490 -109.0000000000
507 -108.0000000000
509 -107.0000000000
519 -106.0000000000
528 -105.0000000000
555 -104.0000000000
578 -103.0000000000
616 -102.0000000000
620 -101.0000000000
626 -100.0000000000
632 -98.0000000000
633 -97.0000000000
645 -96.0000000000
647 -95.0000000000
649 -94.0000000000
651 -92.0000000000
656 -91.0000000000
662 -90.0000000000
674 -89.0000000000
727 -88.0000000000
728 -87.0000000000
734 -86.0000000000
752 -85.0000000000
765 -84.0000000000
778 -83.0000000000
799 -81.0000000000
816 -80.0000000000
820 -79.0000000000
845 -78.0000000000
853 -76.0000000000
862 -75.0000000000
871 -74.0000000000
872 -73.0000000000
876 -72.0000000000
886 -71.0000000000
892 -70.0000000000
893 -68.0000000000
904 -67.0000000000
909 -66.0000000000
928 -65.0000000000
935 -64.0000000000
940 -63.0000000000
951 -62.0000000000
954 -61.0000000000
972 -60.0000000000
981 -59.0000000000
986 -58.0000000000
988 -57.0000000000
990 -56.0000000000
993 -55.0000000000
1053 -54.0000000000
1054 -53.0000000000
1055 -52.0000000000
1067 -50.0000000000
1070 -49.0000000000
1075 -48.0000000000
1088 -46.0000000000
1090 -45.0000000000
1095 -44.0000000000
1130 -43.0000000000
1132 -42.0000000000
1167 -41.0000000000
1192 -40.0000000000
1196 -39.0000000000
1224 -38.0000000000
1243 -37.0000000000
1298 -36.0000000000
1315 -35.0000000000
1415 -34.0000000000
1448 -33.0000000000
1492 -32.0000000000
1493 -31.0000000000
1497 -30.0000000000
1508 -29.0000000000
1519 -28.0000000000
1526 -27.0000000000
1529 -26.0000000000
1580 -25.0000000000
1585 -24.0000000000
1657 -23.0000000000
1699 -22.0000000000
1803 -21.0000000000
1917 -20.0000000000
1932 -19.0000000000
2060 -18.0000000000
2137 -17.0000000000
2222 -16.0000000000
2242 -15.0000000000
2276 -14.0000000000
2304 -13.0000000000
2348 -12.0000000000
2350 -11.0000000000
2379 -10.0000000000
2482 -8.0000000000
2503 -7.0000000000
2521 -6.0000000000
2575 -5.0000000000
2591 -4.0000000000
2624 -3.0000000000
2778 -2.0000000000
2858 -1.0000000000
3061 399.0000000000
3441 406.0000000000
4346 408.0000000000
4474 414.0000000000
6212 416.0000000000
6327 417.0000000000
6908 420.0000000000
7329 424.0000000000
10000 424.0000000000
