evaluations raw_y
1 -2046.0000000000
2 -2044.0000000000
5 -2043.0000000000
13 -2042.0000000000
15 -2041.0000000000
18 -2040.0000000000
19 -2039.0000000000
22 -2038.0000000000
23 -2037.0000000000
24 -2036.0000000000
25 -2035.0000000000
28 -2034.0000000000
40 -2033.0000000000
46 -2031.0000000000
47 -2030.0000000000
49 -2028.0000000000
55 -2026.0000000000
57 -2025.0000000000
58 -2024.0000000000
60 -2023.0000000000
62 -2021.0000000000
72 -2020.0000000000
77 -2019.0000000000
79 -2018.0000000000
80 -2017.0000000000
81 -2016.0000000000
93 -2015.0000000000
94 -2013.0000000000
95 -2011.0000000000
98 -2010.0000000000
105 -2009.0000000000
107 -2007.0000000000
108 -2006.0000000000
109 -2005.0000000000
110 -2004.0000000000
111 -2003.0000000000
114 -2002.0000000000
120 -2001.0000000000
123 -2000.0000000000
125 -1998.0000000000
127 -1997.0000000000
130 -1996.0000000000
131 -1995.0000000000
134 -1994.0000000000
136 -1992.0000000000
144 -1991.0000000000
145 -1990.0000000000
146 -1989.0000000000
157 -1987.0000000000
160 -1986.0000000000
161 -1985.0000000000
164 -1983.0000000000
168 -1982.0000000000
170 -1981.0000000000
177 -1979.0000000000
180 -1978.0000000000
181 -1977.0000000000
183 -1975.0000000000
187 -1974.0000000000
189 -1973.0000000000
206 -1972.0000000000
208 -1971.0000000000
211 -1969.0000000000
213 -1967.0000000000
214 -1965.0000000000
216 -1964.0000000000
217 -1963.0000000000
228 -1962.0000000000
229 -1960.0000000000
233 -1959.0000000000
237 -1958.0000000000
240 -1957.0000000000
243 -1956.0000000000
244 -1955.0000000000
248 -1954.0000000000
251 -1953.0000000000
271 -1952.0000000000
272 -1951.0000000000
279 -1949.0000000000
282 -1947.0000000000
286 -1944.0000000000
288 -1943.0000000000
290 -1942.0000000000
291 -1941.0000000000
292 -1939.0000000000
296 -1937.0000000000
298 -1936.0000000000
306 -1935.0000000000
316 -1934.0000000000
319 -1933.0000000000
320 -1931.0000000000
321 -1929.0000000000
322 -1928.0000000000
326 -1927.0000000000
327 -1926.0000000000
329 -1925.0000000000
331 -1924.0000000000
337 -1923.0000000000
342 -1922.0000000000
345 -1921.0000000000
350 -1920.0000000000
352 -1918.0000000000
355 -1917.0000000000
359 -1916.0000000000
363 -1915.0000000000
364 -1913.0000000000
365 -1912.0000000000
367 -1911.0000000000
369 -1909.0000000000
383 -1908.0000000000
386 -1907.0000000000
389 -1906.0000000000
396 -1905.0000000000
398 -1904.0000000000
402 -1902.0000000000
403 -1901.0000000000
409 -1900.0000000000
412 -1899.0000000000
413 -1897.0000000000
414 -1896.0000000000
419 -1895.0000000000
420 -1894.0000000000
426 -1893.0000000000
430 -1892.0000000000
438 -1891.0000000000
441 -1889.0000000000
443 -1888.0000000000
450 -1887.0000000000
454 -1886.0000000000
462 -1885.0000000000
465 -1884.0000000000
466 -1882.0000000000
475 -1880.0000000000
476 -1879.0000000000
477 -1878.0000000000
484 -1877.0000000000
486 -1876.0000000000
491 -1875.0000000000
498 -1874.0000000000
500 -1873.0000000000
502 -1872.0000000000
513 -1871.0000000000
516 -1870.0000000000
524 -1869.0000000000
525 -1868.0000000000
527 -1867.0000000000
531 -1866.0000000000
538 -1864.0000000000
539 -1863.0000000000
540 -1862.0000000000
543 -1861.0000000000
546 -1860.0000000000
548 -1859.0000000000
549 -1858.0000000000
551 -1857.0000000000
552 -1856.0000000000
555 -1854.0000000000
556 -1852.0000000000
561 -1851.0000000000
562 -1850.0000000000
569 -1849.0000000000
570 -1848.0000000000
574 -1846.0000000000
575 -1844.0000000000
581 -1842.0000000000
588 -1840.0000000000
592 -1839.0000000000
595 -1838.0000000000
596 -1836.0000000000
598 -1835.0000000000
607 -1834.0000000000
611 -1833.0000000000
615 -1832.0000000000
618 -1831.0000000000
628 -1830.0000000000
629 -1829.0000000000
630 -1828.0000000000
641 -1827.0000000000
642 -1826.0000000000
653 -1825.0000000000
659 -1824.0000000000
661 -1823.0000000000
665 -1822.0000000000
678 -1820.0000000000
679 -1819.0000000000
681 -1817.0000000000
682 -1816.0000000000
692 -1815.0000000000
694 -1813.0000000000
695 -1812.0000000000
703 -1811.0000000000
710 -1810.0000000000
713 -1809.0000000000
718 -1808.0000000000
722 -1807.0000000000
730 -1806.0000000000
735 -1805.0000000000
736 -1803.0000000000
741 -1802.0000000000
752 -1801.0000000000
754 -1800.0000000000
755 -1798.0000000000
757 -1796.0000000000
762 -1795.0000000000
766 -1793.0000000000
771 -1792.0000000000
774 -1791.0000000000
775 -1790.0000000000
782 -1789.0000000000
788 -1787.0000000000
803 -1786.0000000000
813 -1785.0000000000
814 -1783.0000000000
815 -1782.0000000000
816 -1781.0000000000
821 -1780.0000000000
826 -1779.0000000000
827 -1778.0000000000
836 -1777.0000000000
838 -1776.0000000000
842 -1774.0000000000
846 -1770.0000000000
855 -1769.0000000000
859 -1768.0000000000
860 -1767.0000000000
862 -1766.0000000000
869 -1765.0000000000
880 -1764.0000000000
881 -1763.0000000000
883 -1762.0000000000
891 -1760.0000000000
896 -1759.0000000000
899 -1758.0000000000
909 -1757.0000000000
911 -1756.0000000000
912 -1755.0000000000
913 -1754.0000000000
917 -1753.0000000000
926 -1752.0000000000
928 -1751.0000000000
930 -1750.0000000000
931 -1749.0000000000
934 -1746.0000000000
943 -1745.0000000000
961 -1744.0000000000
963 -1743.0000000000
968 -1741.0000000000
975 -1740.0000000000
976 -1739.0000000000
989 -1737.0000000000
992 -1736.0000000000
999 -1735.0000000000
1003 -1734.0000000000
1005 -1733.0000000000
1006 -1732.0000000000
1007 -1729.0000000000
1010 -1728.0000000000
1012 -1727.0000000000
1018 -1726.0000000000
1025 -1725.0000000000
1026 -1724.0000000000
1027 -1723.0000000000
1031 -1722.0000000000
1035 -1721.0000000000
1041 -1720.0000000000
1043 -1719.0000000000
1049 -1718.0000000000
1062 -1716.0000000000
1068 -1715.0000000000
1078 -1714.0000000000
1080 -1712.0000000000
1084 -1710.0000000000
1089 -1709.0000000000
1090 -1708.0000000000
1096 -1705.0000000000
1101 -1703.0000000000
1114 -1702.0000000000
1115 -1701.0000000000
1125 -1700.0000000000
1135 -1699.0000000000
1137 -1698.0000000000
1143 -1697.0000000000
1144 -1696.0000000000
1149 -1695.0000000000
1150 -1694.0000000000
1155 -1693.0000000000
1160 -1692.0000000000
1167 -1691.0000000000
1171 -1689.0000000000
1176 -1688.0000000000
1192 -1687.0000000000
1193 -1686.0000000000
1195 -1685.0000000000
1199 -1683.0000000000
1200 -1682.0000000000
1219 -1681.0000000000
1220 -1679.0000000000
1223 -1678.0000000000
1229 -1676.0000000000
1239 -1675.0000000000
1251 -1674.0000000000
1254 -1671.0000000000
1255 -1670.0000000000
1257 -1669.0000000000
1261 -1667.0000000000
1269 -1666.0000000000
1270 -1664.0000000000
1273 -1663.0000000000
1279 -1662.0000000000
1287 -1661.0000000000
1307 -1660.0000000000
1311 -1659.0000000000
1317 -1658.0000000000
1335 -1657.0000000000
1337 -1656.0000000000
1339 -1655.0000000000
1344 -1654.0000000000
1347 -1653.0000000000
1354 -1652.0000000000
1361 -1650.0000000000
1364 -1648.0000000000
1371 -1647.0000000000
1372 -1646.0000000000
1375 -1645.0000000000
1378 -1644.0000000000
1379 -1643.0000000000
1385 -1642.0000000000
1388 -1641.0000000000
1412 -1639.0000000000
1414 -1638.0000000000
1416 -1637.0000000000
1419 -1636.0000000000
1420 -1635.0000000000
1422 -1634.0000000000
1425 -1632.0000000000
1428 -1630.0000000000
1431 -1629.0000000000
1433 -1628.0000000000
1438 -1627.0000000000
1448 -1625.0000000000
1457 -1624.0000000000
1462 -1623.0000000000
1464 -1622.0000000000
1468 -1621.0000000000
1479 -1620.0000000000
1487 -1619.0000000000
1501 -1618.0000000000
1504 -1617.0000000000
1510 -1616.0000000000
1512 -1615.0000000000
1519 -1614.0000000000
1520 -1613.0000000000
1524 -1612.0000000000
1526 -1611.0000000000
1529 -1610.0000000000
1539 -1609.0000000000
1549 -1608.0000000000
1559 -1607.0000000000
1562 -1605.0000000000
1563 -1604.0000000000
1571 -1603.0000000000
1573 -1602.0000000000
1574 -1601.0000000000
1581 -1600.0000000000
1582 -1599.0000000000
1594 -1598.0000000000
1612 -1596.0000000000
1613 -1595.0000000000
1627 -1594.0000000000
1635 -1593.0000000000
1644 -1592.0000000000
1653 -1591.0000000000
1654 -1589.0000000000
1665 -1588.0000000000
1671 -1587.0000000000
1673 -1586.0000000000
1677 -1585.0000000000
1695 -1584.0000000000
1704 -1583.0000000000
1705 -1582.0000000000
1706 -1581.0000000000
1709 -1580.0000000000
1712 -1579.0000000000
1715 -1578.0000000000
1729 -1577.0000000000
1730 -1576.0000000000
1734 -1574.0000000000
1740 -1573.0000000000
1743 -1572.0000000000
1745 -1571.0000000000
1750 -1570.0000000000
1752 -1569.0000000000
1761 -1568.0000000000
1764 -1566.0000000000
1770 -1565.0000000000
1779 -1563.0000000000
1782 -1562.0000000000
1785 -1561.0000000000
1788 -1560.0000000000
1797 -1559.0000000000
1801 -1558.0000000000
1810 -1556.0000000000
1814 -1555.0000000000
1816 -1554.0000000000
1821 -1553.0000000000
1823 -1552.0000000000
1827 -1551.0000000000
1837 -1550.0000000000
1839 -1549.0000000000
1845 -1548.0000000000
1848 -1547.0000000000
1850 -1546.0000000000
1854 -1545.0000000000
1858 -1544.0000000000
1866 -1543.0000000000
1871 -1542.0000000000
1895 -1541.0000000000
1896 -1540.0000000000
1902 -1539.0000000000
1908 -1538.0000000000
1914 -1537.0000000000
1916 -1536.0000000000
1919 -1535.0000000000
1920 -1534.0000000000
1923 -1533.0000000000
1941 -1532.0000000000
1942 -1531.0000000000
1956 -1530.0000000000
1964 -1529.0000000000
1965 -1528.0000000000
1977 -1527.0000000000
1979 -1526.0000000000
1981 -1525.0000000000
1984 -1523.0000000000
1986 -1522.0000000000
1987 -1521.0000000000
1992 -1520.0000000000
1993 -1519.0000000000
2005 -1517.0000000000
2007 -1516.0000000000
2021 -1514.0000000000
2027 -1513.0000000000
2030 -1512.0000000000
2033 -1511.0000000000
2035 -1510.0000000000
2038 -1509.0000000000
2059 -1507.0000000000
2062 -1506.0000000000
2071 -1505.0000000000
2074 -1503.0000000000
2076 -1502.0000000000
2082 -1500.0000000000
2084 -1499.0000000000
2085 -1498.0000000000
2086 -1497.0000000000
2090 -1496.0000000000
2096 -1495.0000000000
2105 -1494.0000000000
2118 -1493.0000000000
2124 -1492.0000000000
2126 -1491.0000000000
2132 -1489.0000000000
2143 -1488.0000000000
2144 -1487.0000000000
2145 -1486.0000000000
2148 -1484.0000000000
2152 -1483.0000000000
2153 -1482.0000000000
2154 -1481.0000000000
2168 -1480.0000000000
2169 -1479.0000000000
2172 -1478.0000000000
2181 -1477.0000000000
2182 -1476.0000000000
2184 -1475.0000000000
2201 -1474.0000000000
2205 -1473.0000000000
2206 -1472.0000000000
2212 -1470.0000000000
2213 -1469.0000000000
2224 -1467.0000000000
2226 -1466.0000000000
2229 -1465.0000000000
2231 -1464.0000000000
2251 -1462.0000000000
2254 -1459.0000000000
2259 -1458.0000000000
2271 -1457.0000000000
2275 -1456.0000000000
2276 -1455.0000000000
2281 -1454.0000000000
2283 -1453.0000000000
2287 -1452.0000000000
2294 -1451.0000000000
2296 -1449.0000000000
2300 -1448.0000000000
2311 -1447.0000000000
2312 -1446.0000000000
2316 -1445.0000000000
2319 -1444.0000000000
2327 -1443.0000000000
2331 -1442.0000000000
2332 -1441.0000000000
2337 -1440.0000000000
2338 -1439.0000000000
2348 -1438.0000000000
2362 -1437.0000000000
2363 -1436.0000000000
2368 -1435.0000000000
2374 -1432.0000000000
2375 -1431.0000000000
2376 -1430.0000000000
2386 -1429.0000000000
2391 -1428.0000000000
2395 -1427.0000000000
2400 -1426.0000000000
2406 -1425.0000000000
2413 -1424.0000000000
2414 -1423.0000000000
2426 -1421.0000000000
2428 -1420.0000000000
2432 -1419.0000000000
2437 -1418.0000000000
2441 -1417.0000000000
2442 -1416.0000000000
2445 -1415.0000000000
2447 -1414.0000000000
2451 -1413.0000000000
2464 -1411.0000000000
2470 -1410.0000000000
2479 -1409.0000000000
2480 -1408.0000000000
2482 -1407.0000000000
2494 -1406.0000000000
2501 -1404.0000000000
2516 -1403.0000000000
2519 -1402.0000000000
2536 -1401.0000000000
2544 -1400.0000000000
2546 -1399.0000000000
2549 -1398.0000000000
2550 -1397.0000000000
2551 -1396.0000000000
2553 -1394.0000000000
2560 -1393.0000000000
2561 -1392.0000000000
2562 -1391.0000000000
2566 -1390.0000000000
2568 -1389.0000000000
2570 -1387.0000000000
2579 -1385.0000000000
2584 -1384.0000000000
2589 -1383.0000000000
2591 -1381.0000000000
2600 -1380.0000000000
2601 -1379.0000000000
2607 -1378.0000000000
2612 -1377.0000000000
2614 -1376.0000000000
2627 -1375.0000000000
2631 -1374.0000000000
2634 -1373.0000000000
2641 -1371.0000000000
2642 -1370.0000000000
2644 -1369.0000000000
2645 -1368.0000000000
2652 -1367.0000000000
2653 -1366.0000000000
2655 -1364.0000000000
2657 -1363.0000000000
2662 -1362.0000000000
2673 -1361.0000000000
2675 -1359.0000000000
2676 -1358.0000000000
2679 -1357.0000000000
2683 -1356.0000000000
2684 -1354.0000000000
2690 -1353.0000000000
2692 -1352.0000000000
2699 -1351.0000000000
2700 -1350.0000000000
2708 -1349.0000000000
2715 -1348.0000000000
2719 -1347.0000000000
2728 -1346.0000000000
2751 -1345.0000000000
2754 -1344.0000000000
2762 -1343.0000000000
2773 -1342.0000000000
2781 -1341.0000000000
2786 -1340.0000000000
2787 -1339.0000000000
2800 -1338.0000000000
2808 -1337.0000000000
2817 -1336.0000000000
2828 -1335.0000000000
2831 -1334.0000000000
2843 -1333.0000000000
2853 -1332.0000000000
2860 -1331.0000000000
2862 -1330.0000000000
2865 -1329.0000000000
2891 -1328.0000000000
2896 -1327.0000000000
2909 -1326.0000000000
2914 -1325.0000000000
2915 -1324.0000000000
2918 -1323.0000000000
2923 -1322.0000000000
2924 -1321.0000000000
2926 -1320.0000000000
2928 -1319.0000000000
2933 -1318.0000000000
2940 -1317.0000000000
2943 -1315.0000000000
2946 -1313.0000000000
2954 -1312.0000000000
2957 -1311.0000000000
2960 -1310.0000000000
2978 -1309.0000000000
2985 -1308.0000000000
2986 -1307.0000000000
2988 -1304.0000000000
2997 -1303.0000000000
3005 -1302.0000000000
3013 -1301.0000000000
3022 -1300.0000000000
3024 -1299.0000000000
3035 -1298.0000000000
3038 -1297.0000000000
3039 -1296.0000000000
3040 -1295.0000000000
3041 -1294.0000000000
3044 -1293.0000000000
3046 -1292.0000000000
3048 -1291.0000000000
3067 -1290.0000000000
3070 -1289.0000000000
3078 -1288.0000000000
3079 -1287.0000000000
3081 -1285.0000000000
3088 -1283.0000000000
3093 -1282.0000000000
3097 -1281.0000000000
3101 -1280.0000000000
3127 -1279.0000000000
3148 -1278.0000000000
3152 -1277.0000000000
3181 -1276.0000000000
3195 -1275.0000000000
3196 -1274.0000000000
3200 -1273.0000000000
3204 -1272.0000000000
3206 -1271.0000000000
3221 -1270.0000000000
3228 -1269.0000000000
3233 -1268.0000000000
3242 -1267.0000000000
3246 -1265.0000000000
3249 -1264.0000000000
3254 -1263.0000000000
3259 -1262.0000000000
3271 -1261.0000000000
3274 -1260.0000000000
3304 -1259.0000000000
3305 -1258.0000000000
3312 -1257.0000000000
3316 -1256.0000000000
3326 -1255.0000000000
3328 -1254.0000000000
3330 -1253.0000000000
3344 -1252.0000000000
3355 -1251.0000000000
3356 -1249.0000000000
3359 -1248.0000000000
3361 -1247.0000000000
3362 -1245.0000000000
3376 -1242.0000000000
3383 -1241.0000000000
3387 -1240.0000000000
3389 -1239.0000000000
3399 -1238.0000000000
3410 -1237.0000000000
3415 -1235.0000000000
3416 -1234.0000000000
3420 -1232.0000000000
3428 -1231.0000000000
3434 -1230.0000000000
3436 -1229.0000000000
3462 -1228.0000000000
3463 -1227.0000000000
3466 -1224.0000000000
3468 -1223.0000000000
3471 -1222.0000000000
3478 -1221.0000000000
3487 -1220.0000000000
3488 -1219.0000000000
3508 -1218.0000000000
3521 -1217.0000000000
3543 -1216.0000000000
3563 -1215.0000000000
3578 -1214.0000000000
3585 -1212.0000000000
3590 -1210.0000000000
3591 -1209.0000000000
3598 -1208.0000000000
3600 -1206.0000000000
3605 -1205.0000000000
3608 -1203.0000000000
3609 -1202.0000000000
3621 -1201.0000000000
3622 -1200.0000000000
3625 -1199.0000000000
3626 -1198.0000000000
3639 -1197.0000000000
3641 -1195.0000000000
3651 -1194.0000000000
3664 -1193.0000000000
3671 -1192.0000000000
3675 -1191.0000000000
3686 -1190.0000000000
3700 -1189.0000000000
3703 -1188.0000000000
3706 -1185.0000000000
3727 -1184.0000000000
3732 -1182.0000000000
3738 -1181.0000000000
3747 -1180.0000000000
3756 -1179.0000000000
3760 -1178.0000000000
3776 -1177.0000000000
3783 -1176.0000000000
3787 -1175.0000000000
3789 -1174.0000000000
3797 -1173.0000000000
3812 -1172.0000000000
3835 -1171.0000000000
3840 -1170.0000000000
3863 -1167.0000000000
3869 -1165.0000000000
3872 -1164.0000000000
3877 -1163.0000000000
3879 -1162.0000000000
3880 -1161.0000000000
3887 -1160.0000000000
3888 -1159.0000000000
3902 -1158.0000000000
3913 -1157.0000000000
3917 -1156.0000000000
3919 -1155.0000000000
3920 -1154.0000000000
3926 -1152.0000000000
3929 -1151.0000000000
3930 -1150.0000000000
3937 -1149.0000000000
3948 -1148.0000000000
3953 -1147.0000000000
3957 -1146.0000000000
3976 -1145.0000000000
3980 -1144.0000000000
3992 -1143.0000000000
3994 -1141.0000000000
4015 -1140.0000000000
4019 -1139.0000000000
4028 -1138.0000000000
4029 -1137.0000000000
4034 -1136.0000000000
4038 -1135.0000000000
4042 -1134.0000000000
4050 -1133.0000000000
4059 -1132.0000000000
4083 -1131.0000000000
4086 -1129.0000000000
4094 -1128.0000000000
4102 -1126.0000000000
4116 -1124.0000000000
4127 -1123.0000000000
4130 -1121.0000000000
4134 -1118.0000000000
4147 -1117.0000000000
4148 -1116.0000000000
4156 -1115.0000000000
4175 -1114.0000000000
4184 -1113.0000000000
4185 -1112.0000000000
4189 -1111.0000000000
4227 -1110.0000000000
4254 -1109.0000000000
4255 -1108.0000000000
4259 -1107.0000000000
4260 -1106.0000000000
4268 -1104.0000000000
4285 -1103.0000000000
4286 -1102.0000000000
4300 -1100.0000000000
4313 -1099.0000000000
4326 -1098.0000000000
4331 -1097.0000000000
4348 -1096.0000000000
4352 -1095.0000000000
4355 -1094.0000000000
4359 -1092.0000000000
4360 -1091.0000000000
4361 -1090.0000000000
4365 -1089.0000000000
4367 -1088.0000000000
4369 -1087.0000000000
4381 -1086.0000000000
4386 -1085.0000000000
4388 -1084.0000000000
4400 -1083.0000000000
4403 -1082.0000000000
4404 -1081.0000000000
4412 -1080.0000000000
4413 -1078.0000000000
4439 -1077.0000000000
4452 -1074.0000000000
4471 -1073.0000000000
4472 -1072.0000000000
4477 -1071.0000000000
4501 -1070.0000000000
4502 -1069.0000000000
4505 -1068.0000000000
4509 -1067.0000000000
4510 -1066.0000000000
4511 -1064.0000000000
4517 -1063.0000000000
4526 -1062.0000000000
4527 -1060.0000000000
4529 -1059.0000000000
4531 -1058.0000000000
4543 -1057.0000000000
4548 -1056.0000000000
4550 -1054.0000000000
4580 -1053.0000000000
4587 -1052.0000000000
4598 -1051.0000000000
4599 -1050.0000000000
4603 -1049.0000000000
4605 -1048.0000000000
4618 -1047.0000000000
4619 -1046.0000000000
4634 -1045.0000000000
4647 -1044.0000000000
4651 -1043.0000000000
4668 -1042.0000000000
4672 -1040.0000000000
4675 -1039.0000000000
4685 -1037.0000000000
4690 -1035.0000000000
4706 -1034.0000000000
4713 -1032.0000000000
4719 -1031.0000000000
4723 -1030.0000000000
4727 -1028.0000000000
4730 -1026.0000000000
4747 -1025.0000000000
4749 -1024.0000000000
4755 -1023.0000000000
4758 -1021.0000000000
4771 -1020.0000000000
4772 -1019.0000000000
4774 -1018.0000000000
4777 -1017.0000000000
4781 -1016.0000000000
4796 -1013.0000000000
4825 -1011.0000000000
4840 -1010.0000000000
4844 -1008.0000000000
4846 -1007.0000000000
4849 -1006.0000000000
4878 -1005.0000000000
4890 -1004.0000000000
4898 -1003.0000000000
4899 -1002.0000000000
4904 -1001.0000000000
4906 -1000.0000000000
4918 -999.0000000000
4924 -998.0000000000
4938 -997.0000000000
4947 -995.0000000000
4948 -994.0000000000
4977 -993.0000000000
4986 -992.0000000000
4989 -991.0000000000
5007 -990.0000000000
5008 -989.0000000000
5009 -987.0000000000
5010 -986.0000000000
5022 -984.0000000000
5034 -983.0000000000
5036 -982.0000000000
5040 -981.0000000000
5051 -980.0000000000
5070 -978.0000000000
5073 -977.0000000000
5077 -976.0000000000
5079 -975.0000000000
5080 -974.0000000000
5081 -973.0000000000
5085 -972.0000000000
5106 -971.0000000000
5119 -970.0000000000
5120 -969.0000000000
5129 -968.0000000000
5135 -967.0000000000
5144 -966.0000000000
5159 -965.0000000000
5160 -964.0000000000
5169 -963.0000000000
5173 -962.0000000000
5179 -961.0000000000
5180 -960.0000000000
5187 -958.0000000000
5190 -957.0000000000
5199 -956.0000000000
5210 -955.0000000000
5220 -954.0000000000
5222 -953.0000000000
5226 -952.0000000000
5273 -951.0000000000
5280 -950.0000000000
5305 -949.0000000000
5314 -948.0000000000
5325 -947.0000000000
5332 -946.0000000000
5353 -945.0000000000
5355 -944.0000000000
5357 -943.0000000000
5367 -942.0000000000
5392 -941.0000000000
5402 -940.0000000000
5404 -939.0000000000
5416 -938.0000000000
5421 -936.0000000000
5422 -935.0000000000
5429 -934.0000000000
5435 -931.0000000000
5436 -930.0000000000
5438 -929.0000000000
5439 -928.0000000000
5446 -926.0000000000
5453 -925.0000000000
5464 -923.0000000000
5478 -922.0000000000
5489 -921.0000000000
5492 -920.0000000000
5495 -919.0000000000
5503 -918.0000000000
5504 -917.0000000000
5508 -916.0000000000
5518 -915.0000000000
5520 -914.0000000000
5529 -913.0000000000
5533 -912.0000000000
5535 -911.0000000000
5543 -910.0000000000
5560 -909.0000000000
5563 -908.0000000000
5567 -907.0000000000
5579 -906.0000000000
5581 -905.0000000000
5596 -904.0000000000
5600 -903.0000000000
5612 -902.0000000000
5624 -901.0000000000
5630 -899.0000000000
5644 -898.0000000000
5654 -897.0000000000
5655 -896.0000000000
5663 -895.0000000000
5667 -893.0000000000
5668 -892.0000000000
5672 -891.0000000000
5680 -890.0000000000
5684 -889.0000000000
5692 -887.0000000000
5697 -886.0000000000
5708 -885.0000000000
5716 -884.0000000000
5722 -883.0000000000
5748 -882.0000000000
5759 -881.0000000000
5775 -880.0000000000
5776 -878.0000000000
5782 -875.0000000000
5783 -874.0000000000
5784 -873.0000000000
5787 -871.0000000000
5791 -868.0000000000
5796 -867.0000000000
5797 -866.0000000000
5812 -865.0000000000
5814 -864.0000000000
5821 -863.0000000000
5840 -862.0000000000
5841 -861.0000000000
5844 -860.0000000000
5851 -859.0000000000
5860 -857.0000000000
5869 -856.0000000000
5878 -855.0000000000
5898 -854.0000000000
5903 -853.0000000000
5919 -852.0000000000
5932 -851.0000000000
5936 -850.0000000000
5938 -849.0000000000
5963 -848.0000000000
5974 -847.0000000000
6006 -846.0000000000
6018 -845.0000000000
6038 -844.0000000000
6069 -843.0000000000
6101 -842.0000000000
6128 -841.0000000000
6129 -840.0000000000
6132 -839.0000000000
6136 -838.0000000000
6155 -836.0000000000
6160 -834.0000000000
6163 -833.0000000000
6176 -832.0000000000
6181 -831.0000000000
6192 -830.0000000000
6198 -829.0000000000
6216 -828.0000000000
6218 -827.0000000000
6219 -826.0000000000
6220 -825.0000000000
6223 -824.0000000000
6233 -823.0000000000
6240 -822.0000000000
6251 -821.0000000000
6261 -820.0000000000
6284 -819.0000000000
6286 -818.0000000000
6299 -817.0000000000
6300 -816.0000000000
6307 -815.0000000000
6311 -814.0000000000
6326 -813.0000000000
6338 -812.0000000000
6347 -811.0000000000
6357 -809.0000000000
6379 -808.0000000000
6382 -807.0000000000
6388 -806.0000000000
6430 -805.0000000000
6432 -804.0000000000
6437 -802.0000000000
6451 -801.0000000000
6473 -800.0000000000
6487 -799.0000000000
6488 -797.0000000000
6506 -796.0000000000
6510 -795.0000000000
6513 -794.0000000000
6514 -793.0000000000
6515 -791.0000000000
6527 -789.0000000000
6546 -788.0000000000
6556 -787.0000000000
6557 -786.0000000000
6558 -785.0000000000
6565 -784.0000000000
6566 -782.0000000000
6575 -781.0000000000
6577 -780.0000000000
6578 -779.0000000000
6590 -778.0000000000
6602 -777.0000000000
6608 -776.0000000000
6610 -775.0000000000
6649 -774.0000000000
6652 -773.0000000000
6659 -772.0000000000
6691 -771.0000000000
6702 -770.0000000000
6710 -769.0000000000
6738 -768.0000000000
6740 -766.0000000000
6750 -764.0000000000
6767 -763.0000000000
6795 -762.0000000000
6837 -760.0000000000
6844 -759.0000000000
6860 -758.0000000000
6877 -757.0000000000
6890 -756.0000000000
6896 -755.0000000000
6907 -754.0000000000
6912 -752.0000000000
6936 -751.0000000000
6945 -750.0000000000
6955 -749.0000000000
6960 -747.0000000000
6974 -746.0000000000
7002 -745.0000000000
7034 -744.0000000000
7040 -743.0000000000
7041 -742.0000000000
7058 -741.0000000000
7073 -740.0000000000
7084 -739.0000000000
7102 -738.0000000000
7111 -736.0000000000
7126 -735.0000000000
7161 -734.0000000000
7202 -733.0000000000
7203 -732.0000000000
7234 -731.0000000000
7238 -730.0000000000
7256 -729.0000000000
7260 -728.0000000000
7318 -727.0000000000
7348 -726.0000000000
7360 -724.0000000000
7382 -723.0000000000
7389 -722.0000000000
7400 -721.0000000000
7421 -719.0000000000
7427 -718.0000000000
7447 -717.0000000000
7449 -716.0000000000
7462 -715.0000000000
7467 -714.0000000000
7471 -713.0000000000
7488 -712.0000000000
7504 -711.0000000000
7538 -710.0000000000
7564 -709.0000000000
7568 -708.0000000000
7578 -707.0000000000
7580 -705.0000000000
7593 -704.0000000000
7599 -703.0000000000
7624 -702.0000000000
7732 -701.0000000000
7765 -700.0000000000
7767 -698.0000000000
7775 -697.0000000000
7780 -696.0000000000
7786 -695.0000000000
7794 -694.0000000000
7797 -693.0000000000
7802 -692.0000000000
7863 -691.0000000000
7870 -690.0000000000
7891 -689.0000000000
7903 -688.0000000000
7908 -687.0000000000
7955 -686.0000000000
7961 -685.0000000000
7976 -684.0000000000
8012 -683.0000000000
8073 -682.0000000000
8083 -681.0000000000
8092 -680.0000000000
8117 -679.0000000000
8149 -678.0000000000
8156 -677.0000000000
8179 -676.0000000000
8181 -675.0000000000
8194 -673.0000000000
8226 -672.0000000000
8263 -671.0000000000
8281 -670.0000000000
8306 -669.0000000000
8332 -668.0000000000
8344 -667.0000000000
8358 -666.0000000000
8387 -665.0000000000
8428 -664.0000000000
8437 -663.0000000000
8443 -662.0000000000
8446 -661.0000000000
8465 -660.0000000000
8506 -659.0000000000
8514 -657.0000000000
8520 -656.0000000000
8559 -655.0000000000
8563 -654.0000000000
8581 -653.0000000000
8583 -652.0000000000
8585 -651.0000000000
8588 -650.0000000000
8609 -649.0000000000
8619 -648.0000000000
8625 -647.0000000000
8638 -646.0000000000
8641 -645.0000000000
8730 -644.0000000000
8731 -643.0000000000
8751 -642.0000000000
8799 -641.0000000000
8805 -640.0000000000
8811 -639.0000000000
8823 -638.0000000000
8824 -636.0000000000
8829 -635.0000000000
8851 -634.0000000000
8856 -633.0000000000
8868 -632.0000000000
8888 -631.0000000000
8936 -630.0000000000
8938 -628.0000000000
8945 -627.0000000000
8972 -625.0000000000
8973 -624.0000000000
8981 -621.0000000000
8993 -619.0000000000
8994 -618.0000000000
9037 -617.0000000000
9048 -615.0000000000
9053 -614.0000000000
9054 -613.0000000000
9065 -612.0000000000
9107 -611.0000000000
9174 -610.0000000000
9183 -609.0000000000
9213 -608.0000000000
9235 -607.0000000000
9242 -606.0000000000
9256 -605.0000000000
9267 -604.0000000000
9278 -603.0000000000
9281 -601.0000000000
9301 -600.0000000000
9302 -599.0000000000
9333 -598.0000000000
9344 -597.0000000000
9382 -596.0000000000
9391 -595.0000000000
9404 -594.0000000000
9411 -593.0000000000
9433 -592.0000000000
9448 -591.0000000000
9451 -590.0000000000
9453 -589.0000000000
9472 -588.0000000000
9477 -587.0000000000
9482 -586.0000000000
9497 -585.0000000000
9519 -584.0000000000
9525 -583.0000000000
9541 -582.0000000000
9557 -581.0000000000
9573 -580.0000000000
9597 -578.0000000000
9630 -577.0000000000
9674 -576.0000000000
9712 -575.0000000000
9720 -574.0000000000
9722 -573.0000000000
9725 -572.0000000000
9807 -571.0000000000
9812 -570.0000000000
9825 -569.0000000000
9826 -568.0000000000
9828 -567.0000000000
9831 -566.0000000000
9843 -565.0000000000
9854 -564.0000000000
9860 -563.0000000000
9870 -562.0000000000
9878 -561.0000000000
9879 -560.0000000000
9881 -559.0000000000
9887 -558.0000000000
9894 -557.0000000000
9936 -556.0000000000
9970 -555.0000000000
10000 -555.0000000000
evaluations raw_y
1 -2014.0000000000
3 -2013.0000000000
5 -2012.0000000000
7 -2011.0000000000
11 -2010.0000000000
15 -2009.0000000000
17 -2008.0000000000
26 -2007.0000000000
27 -2005.0000000000
30 -2002.0000000000
31 -2001.0000000000
33 -2000.0000000000
38 -1999.0000000000
42 -1998.0000000000
46 -1997.0000000000
49 -1996.0000000000
58 -1995.0000000000
60 -1994.0000000000
64 -1993.0000000000
73 -1991.0000000000
77 -1990.0000000000
78 -1989.0000000000
79 -1988.0000000000
85 -1986.0000000000
86 -1985.0000000000
91 -1984.0000000000
95 -1983.0000000000
96 -1982.0000000000
100 -1981.0000000000
108 -1980.0000000000
110 -1979.0000000000
112 -1978.0000000000
117 -1977.0000000000
118 -1976.0000000000
129 -1975.0000000000
130 -1974.0000000000
132 -1973.0000000000
134 -1972.0000000000
135 -1971.0000000000
149 -1969.0000000000
154 -1968.0000000000
155 -1967.0000000000
157 -1966.0000000000
158 -1965.0000000000
159 -1964.0000000000
162 -1962.0000000000
163 -1961.0000000000
167 -1960.0000000000
169 -1959.0000000000
173 -1958.0000000000
175 -1957.0000000000
177 -1956.0000000000
178 -1954.0000000000
185 -1953.0000000000
186 -1951.0000000000
188 -1949.0000000000
195 -1948.0000000000
201 -1946.0000000000
210 -1945.0000000000
211 -1943.0000000000
214 -1942.0000000000
219 -1939.0000000000
220 -1938.0000000000
224 -1937.0000000000
230 -1936.0000000000
236 -1934.0000000000
237 -1932.0000000000
238 -1931.0000000000
239 -1929.0000000000
245 -1928.0000000000
248 -1927.0000000000
249 -1926.0000000000
261 -1925.0000000000
264 -1924.0000000000
265 -1922.0000000000
267 -1921.0000000000
270 -1920.0000000000
272 -1918.0000000000
275 -1917.0000000000
289 -1915.0000000000
294 -1914.0000000000
295 -1913.0000000000
298 -1912.0000000000
299 -1911.0000000000
305 -1910.0000000000
306 -1909.0000000000
307 -1908.0000000000
318 -1907.0000000000
331 -1906.0000000000
332 -1904.0000000000
339 -1902.0000000000
346 -1901.0000000000
351 -1899.0000000000
354 -1898.0000000000
355 -1897.0000000000
360 -1896.0000000000
361 -1895.0000000000
366 -1894.0000000000
389 -1893.0000000000
391 -1892.0000000000
395 -1891.0000000000
396 -1890.0000000000
397 -1889.0000000000
403 -1888.0000000000
405 -1887.0000000000
408 -1886.0000000000
411 -1885.0000000000
413 -1884.0000000000
414 -1883.0000000000
415 -1882.0000000000
416 -1881.0000000000
421 -1879.0000000000
422 -1878.0000000000
423 -1877.0000000000
425 -1875.0000000000
427 -1874.0000000000
428 -1871.0000000000
430 -1870.0000000000
432 -1869.0000000000
437 -1867.0000000000
443 -1866.0000000000
445 -1865.0000000000
448 -1864.0000000000
450 -1863.0000000000
452 -1862.0000000000
453 -1860.0000000000
455 -1859.0000000000
457 -1858.0000000000
475 -1857.0000000000
484 -1856.0000000000
485 -1854.0000000000
488 -1853.0000000000
489 -1852.0000000000
493 -1851.0000000000
495 -1850.0000000000
498 -1849.0000000000
502 -1846.0000000000
504 -1845.0000000000
505 -1844.0000000000
517 -1843.0000000000
522 -1842.0000000000
529 -1841.0000000000
530 -1840.0000000000
532 -1838.0000000000
533 -1837.0000000000
534 -1835.0000000000
538 -1834.0000000000
541 -1832.0000000000
546 -1831.0000000000
553 -1830.0000000000
554 -1829.0000000000
556 -1827.0000000000
559 -1826.0000000000
563 -1825.0000000000
564 -1824.0000000000
569 -1822.0000000000
573 -1821.0000000000
576 -1820.0000000000
581 -1819.0000000000
584 -1818.0000000000
585 -1817.0000000000
588 -1816.0000000000
591 -1815.0000000000
592 -1814.0000000000
598 -1812.0000000000
609 -1811.0000000000
611 -1808.0000000000
614 -1807.0000000000
628 -1806.0000000000
630 -1805.0000000000
640 -1804.0000000000
642 -1803.0000000000
647 -1802.0000000000
649 -1801.0000000000
652 -1800.0000000000
654 -1799.0000000000
663 -1798.0000000000
674 -1797.0000000000
675 -1796.0000000000
677 -1795.0000000000
687 -1794.0000000000
688 -1793.0000000000
692 -1792.0000000000
695 -1791.0000000000
702 -1789.0000000000
705 -1788.0000000000
712 -1787.0000000000
715 -1786.0000000000
718 -1785.0000000000
727 -1784.0000000000
731 -1782.0000000000
741 -1781.0000000000
752 -1780.0000000000
753 -1779.0000000000
758 -1778.0000000000
764 -1777.0000000000
770 -1776.0000000000
772 -1775.0000000000
775 -1773.0000000000
776 -1772.0000000000
781 -1771.0000000000
782 -1770.0000000000
787 -1768.0000000000
793 -1766.0000000000
795 -1765.0000000000
799 -1764.0000000000
801 -1763.0000000000
815 -1762.0000000000
816 -1760.0000000000
819 -1758.0000000000
835 -1757.0000000000
838 -1756.0000000000
842 -1754.0000000000
845 -1753.0000000000
848 -1752.0000000000
852 -1751.0000000000
853 -1749.0000000000
859 -1747.0000000000
865 -1746.0000000000
868 -1745.0000000000
873 -1744.0000000000
874 -1743.0000000000
881 -1742.0000000000
891 -1741.0000000000
892 -1739.0000000000
893 -1738.0000000000
897 -1737.0000000000
905 -1736.0000000000
907 -1735.0000000000
910 -1734.0000000000
915 -1733.0000000000
922 -1732.0000000000
924 -1731.0000000000
930 -1729.0000000000
932 -1728.0000000000
933 -1727.0000000000
935 -1726.0000000000
938 -1725.0000000000
940 -1724.0000000000
943 -1723.0000000000
944 -1722.0000000000
950 -1721.0000000000
955 -1720.0000000000
956 -1719.0000000000
959 -1718.0000000000
961 -1717.0000000000
962 -1716.0000000000
969 -1715.0000000000
970 -1714.0000000000
976 -1713.0000000000
985 -1712.0000000000
992 -1711.0000000000
997 -1710.0000000000
1003 -1707.0000000000
1004 -1706.0000000000
1009 -1704.0000000000
1014 -1703.0000000000
1021 -1702.0000000000
1022 -1700.0000000000
1030 -1699.0000000000
1031 -1698.0000000000
1036 -1697.0000000000
1039 -1696.0000000000
1042 -1695.0000000000
1052 -1693.0000000000
1063 -1692.0000000000
1066 -1691.0000000000
1067 -1690.0000000000
1074 -1689.0000000000
1081 -1687.0000000000
1084 -1686.0000000000
1090 -1685.0000000000
1097 -1684.0000000000
1102 -1682.0000000000
1103 -1681.0000000000
1107 -1680.0000000000
1108 -1679.0000000000
1111 -1678.0000000000
1113 -1677.0000000000
1118 -1676.0000000000
1120 -1675.0000000000
1131 -1674.0000000000
1138 -1673.0000000000
1139 -1671.0000000000
1141 -1669.0000000000
1145 -1668.0000000000
1148 -1667.0000000000
1153 -1666.0000000000
1154 -1665.0000000000
1156 -1664.0000000000
1161 -1663.0000000000
1167 -1662.0000000000
1169 -1660.0000000000
1171 -1659.0000000000
1174 -1658.0000000000
1178 -1656.0000000000
1183 -1655.0000000000
1186 -1654.0000000000
1192 -1653.0000000000
1199 -1652.0000000000
1201 -1651.0000000000
1205 -1650.0000000000
1222 -1649.0000000000
1227 -1648.0000000000
1229 -1647.0000000000
1235 -1646.0000000000
1239 -1645.0000000000
1245 -1642.0000000000
1254 -1641.0000000000
1255 -1639.0000000000
1262 -1637.0000000000
1263 -1636.0000000000
1269 -1635.0000000000
1270 -1634.0000000000
1274 -1633.0000000000
1288 -1632.0000000000
1290 -1631.0000000000
1302 -1630.0000000000
1306 -1629.0000000000
1318 -1628.0000000000
1323 -1627.0000000000
1330 -1626.0000000000
1331 -1625.0000000000
1332 -1623.0000000000
1333 -1622.0000000000
1334 -1621.0000000000
1337 -1620.0000000000
1346 -1619.0000000000
1347 -1618.0000000000
1350 -1617.0000000000
1359 -1614.0000000000
1360 -1613.0000000000
1370 -1612.0000000000
1376 -1611.0000000000
1383 -1610.0000000000
1385 -1609.0000000000
1386 -1608.0000000000
1389 -1607.0000000000
1392 -1606.0000000000
1394 -1603.0000000000
1403 -1601.0000000000
1405 -1600.0000000000
1410 -1599.0000000000
1427 -1598.0000000000
1433 -1597.0000000000
1445 -1596.0000000000
1449 -1595.0000000000
1450 -1594.0000000000
1452 -1593.0000000000
1454 -1592.0000000000
1464 -1591.0000000000
1471 -1590.0000000000
1474 -1589.0000000000
1488 -1588.0000000000
1490 -1587.0000000000
1492 -1586.0000000000
1493 -1584.0000000000
1501 -1583.0000000000
1504 -1582.0000000000
1505 -1581.0000000000
1510 -1579.0000000000
1520 -1578.0000000000
1521 -1577.0000000000
1529 -1576.0000000000
1532 -1574.0000000000
1539 -1573.0000000000
1544 -1572.0000000000
1546 -1571.0000000000
1554 -1569.0000000000
1562 -1568.0000000000
1573 -1567.0000000000
1574 -1565.0000000000
1580 -1564.0000000000
1581 -1563.0000000000
1584 -1562.0000000000
1591 -1561.0000000000
1593 -1560.0000000000
1601 -1559.0000000000
1619 -1558.0000000000
1620 -1555.0000000000
1622 -1553.0000000000
1628 -1551.0000000000
1629 -1550.0000000000
1634 -1549.0000000000
1638 -1548.0000000000
1640 -1547.0000000000
1641 -1546.0000000000
1650 -1545.0000000000
1655 -1544.0000000000
1658 -1543.0000000000
1663 -1542.0000000000
1665 -1541.0000000000
1667 -1540.0000000000
1669 -1539.0000000000
1670 -1538.0000000000
1678 -1537.0000000000
1680 -1536.0000000000
1683 -1535.0000000000
1687 -1534.0000000000
1688 -1533.0000000000
1697 -1532.0000000000
1703 -1531.0000000000
1704 -1530.0000000000
1706 -1528.0000000000
1712 -1526.0000000000
1713 -1525.0000000000
1719 -1524.0000000000
1723 -1523.0000000000
1727 -1522.0000000000
1742 -1521.0000000000
1749 -1520.0000000000
1764 -1519.0000000000
1779 -1518.0000000000
1788 -1516.0000000000
1790 -1514.0000000000
1792 -1513.0000000000
1798 -1512.0000000000
1801 -1511.0000000000
1809 -1510.0000000000
1815 -1509.0000000000
1817 -1508.0000000000
1827 -1507.0000000000
1828 -1505.0000000000
1831 -1504.0000000000
1838 -1503.0000000000
1842 -1502.0000000000
1848 -1501.0000000000
1854 -1499.0000000000
1857 -1498.0000000000
1863 -1497.0000000000
1871 -1496.0000000000
1875 -1495.0000000000
1887 -1494.0000000000
1901 -1493.0000000000
1903 -1492.0000000000
1906 -1490.0000000000
1909 -1489.0000000000
1917 -1488.0000000000
1921 -1487.0000000000
1931 -1485.0000000000
1937 -1484.0000000000
1939 -1483.0000000000
1940 -1482.0000000000
1945 -1480.0000000000
1969 -1479.0000000000
1973 -1478.0000000000
1975 -1477.0000000000
1984 -1475.0000000000
2003 -1474.0000000000
2005 -1473.0000000000
2007 -1471.0000000000
2011 -1470.0000000000
2013 -1469.0000000000
2042 -1468.0000000000
2043 -1467.0000000000
2052 -1466.0000000000
2074 -1464.0000000000
2092 -1463.0000000000
2100 -1462.0000000000
2106 -1461.0000000000
2107 -1460.0000000000
2112 -1459.0000000000
2113 -1458.0000000000
2127 -1457.0000000000
2129 -1456.0000000000
2132 -1454.0000000000
2143 -1453.0000000000
2147 -1452.0000000000
2163 -1451.0000000000
2166 -1450.0000000000
2168 -1448.0000000000
2170 -1447.0000000000
2179 -1446.0000000000
2180 -1445.0000000000
2185 -1443.0000000000
2197 -1441.0000000000
2198 -1439.0000000000
2209 -1438.0000000000
2211 -1437.0000000000
2215 -1436.0000000000
2216 -1435.0000000000
2218 -1434.0000000000
2229 -1433.0000000000
2230 -1432.0000000000
2232 -1431.0000000000
2234 -1430.0000000000
2257 -1429.0000000000
2275 -1428.0000000000
2299 -1426.0000000000
2302 -1425.0000000000
2308 -1424.0000000000
2330 -1423.0000000000
2331 -1421.0000000000
2352 -1419.0000000000
2356 -1417.0000000000
2361 -1416.0000000000
2362 -1415.0000000000
2370 -1413.0000000000
2371 -1412.0000000000
2375 -1411.0000000000
2376 -1410.0000000000
2381 -1408.0000000000
2397 -1407.0000000000
2398 -1406.0000000000
2401 -1405.0000000000
2420 -1404.0000000000
2429 -1403.0000000000
2431 -1401.0000000000
2432 -1400.0000000000
2433 -1398.0000000000
2445 -1397.0000000000
2447 -1396.0000000000
2448 -1395.0000000000
2454 -1394.0000000000
2456 -1393.0000000000
2462 -1392.0000000000
2476 -1391.0000000000
2489 -1390.0000000000
2490 -1388.0000000000
2493 -1387.0000000000
2497 -1386.0000000000
2498 -1384.0000000000
2503 -1383.0000000000
2516 -1382.0000000000
2519 -1381.0000000000
2533 -1379.0000000000
2539 -1377.0000000000
2542 -1376.0000000000
2549 -1375.0000000000
2556 -1372.0000000000
2558 -1371.0000000000
2559 -1370.0000000000
2564 -1369.0000000000
2572 -1368.0000000000
2578 -1367.0000000000
2588 -1366.0000000000
2589 -1365.0000000000
2592 -1364.0000000000
2597 -1363.0000000000
2598 -1362.0000000000
2605 -1361.0000000000
2609 -1360.0000000000
2613 -1359.0000000000
2615 -1358.0000000000
2617 -1357.0000000000
2626 -1356.0000000000
2629 -1354.0000000000
2632 -1353.0000000000
2649 -1351.0000000000
2659 -1350.0000000000
2664 -1349.0000000000
2671 -1348.0000000000
2691 -1347.0000000000
2710 -1346.0000000000
2711 -1345.0000000000
2719 -1344.0000000000
2732 -1343.0000000000
2742 -1341.0000000000
2743 -1340.0000000000
2750 -1339.0000000000
2754 -1338.0000000000
2758 -1337.0000000000
2770 -1336.0000000000
2791 -1335.0000000000
2805 -1334.0000000000
2807 -1333.0000000000
2817 -1331.0000000000
2830 -1330.0000000000
2832 -1329.0000000000
2836 -1328.0000000000
2846 -1327.0000000000
2863 -1326.0000000000
2864 -1325.0000000000
2867 -1323.0000000000
2871 -1322.0000000000
2879 -1321.0000000000
2889 -1319.0000000000
2893 -1318.0000000000
2901 -1317.0000000000
2912 -1316.0000000000
2913 -1315.0000000000
2915 -1314.0000000000
2926 -1313.0000000000
2930 -1312.0000000000
2933 -1310.0000000000
2937 -1309.0000000000
2938 -1307.0000000000
2983 -1306.0000000000
2985 -1305.0000000000
2992 -1303.0000000000
2999 -1302.0000000000
3003 -1301.0000000000
3017 -1300.0000000000
3027 -1299.0000000000
3037 -1298.0000000000
3045 -1297.0000000000
3046 -1296.0000000000
3051 -1295.0000000000
3073 -1293.0000000000
3086 -1292.0000000000
3097 -1291.0000000000
3101 -1290.0000000000
3102 -1289.0000000000
3112 -1288.0000000000
3114 -1287.0000000000
3115 -1285.0000000000
3166 -1284.0000000000
3167 -1283.0000000000
3186 -1281.0000000000
3190 -1280.0000000000
3196 -1279.0000000000
3210 -1278.0000000000
3212 -1277.0000000000
3214 -1276.0000000000
3221 -1275.0000000000
3232 -1274.0000000000
3239 -1273.0000000000
3248 -1272.0000000000
3254 -1271.0000000000
3255 -1270.0000000000
3258 -1269.0000000000
3266 -1268.0000000000
3267 -1267.0000000000
3271 -1266.0000000000
3278 -1265.0000000000
3280 -1264.0000000000
3295 -1263.0000000000
3296 -1262.0000000000
3297 -1261.0000000000
3299 -1260.0000000000
3313 -1259.0000000000
3319 -1258.0000000000
3320 -1257.0000000000
3328 -1256.0000000000
3335 -1254.0000000000
3336 -1253.0000000000
3338 -1252.0000000000
3339 -1251.0000000000
3340 -1250.0000000000
3344 -1249.0000000000
3345 -1248.0000000000
3354 -1247.0000000000
3357 -1245.0000000000
3358 -1243.0000000000
3360 -1242.0000000000
3369 -1241.0000000000
3372 -1240.0000000000
3376 -1239.0000000000
3380 -1238.0000000000
3389 -1237.0000000000
3392 -1234.0000000000
3401 -1233.0000000000
3404 -1232.0000000000
3406 -1231.0000000000
3410 -1230.0000000000
3429 -1229.0000000000
3431 -1228.0000000000
3433 -1226.0000000000
3436 -1225.0000000000
3450 -1224.0000000000
3497 -1223.0000000000
3499 -1222.0000000000
3507 -1221.0000000000
3516 -1220.0000000000
3526 -1219.0000000000
3528 -1218.0000000000
3533 -1217.0000000000
3545 -1216.0000000000
3554 -1215.0000000000
3557 -1213.0000000000
3576 -1212.0000000000
3582 -1211.0000000000
3589 -1209.0000000000
3594 -1208.0000000000
3602 -1207.0000000000
3610 -1206.0000000000
3613 -1205.0000000000
3615 -1204.0000000000
3617 -1203.0000000000
3627 -1201.0000000000
3639 -1200.0000000000
3643 -1199.0000000000
3646 -1198.0000000000
3648 -1196.0000000000
3660 -1195.0000000000
3672 -1194.0000000000
3688 -1191.0000000000
3690 -1190.0000000000
3695 -1189.0000000000
3702 -1188.0000000000
3710 -1187.0000000000
3713 -1185.0000000000
3717 -1184.0000000000
3729 -1183.0000000000
3736 -1182.0000000000
3742 -1181.0000000000
3744 -1179.0000000000
3765 -1178.0000000000
3774 -1175.0000000000
3785 -1174.0000000000
3787 -1173.0000000000
3796 -1172.0000000000
3797 -1171.0000000000
3803 -1170.0000000000
3806 -1169.0000000000
3814 -1168.0000000000
3817 -1167.0000000000
3822 -1166.0000000000
3827 -1165.0000000000
3830 -1164.0000000000
3839 -1163.0000000000
3845 -1162.0000000000
3847 -1161.0000000000
3859 -1160.0000000000
3860 -1159.0000000000
3867 -1156.0000000000
3869 -1155.0000000000
3872 -1154.0000000000
3873 -1153.0000000000
3881 -1152.0000000000
3892 -1151.0000000000
3896 -1150.0000000000
3905 -1149.0000000000
3907 -1148.0000000000
3922 -1147.0000000000
3935 -1146.0000000000
3950 -1145.0000000000
3957 -1144.0000000000
3964 -1143.0000000000
3975 -1142.0000000000
3988 -1141.0000000000
3995 -1140.0000000000
4002 -1139.0000000000
4007 -1137.0000000000
4013 -1136.0000000000
4019 -1135.0000000000
4026 -1134.0000000000
4029 -1133.0000000000
4032 -1132.0000000000
4039 -1131.0000000000
4042 -1130.0000000000
4047 -1129.0000000000
4054 -1128.0000000000
4056 -1127.0000000000
4065 -1126.0000000000
4078 -1125.0000000000
4084 -1124.0000000000
4107 -1123.0000000000
4108 -1122.0000000000
4126 -1121.0000000000
4129 -1120.0000000000
4130 -1119.0000000000
4131 -1118.0000000000
4153 -1117.0000000000
4162 -1116.0000000000
4182 -1115.0000000000
4191 -1114.0000000000
4192 -1113.0000000000
4198 -1112.0000000000
4203 -1111.0000000000
4214 -1110.0000000000
4238 -1108.0000000000
4245 -1107.0000000000
4252 -1106.0000000000
4257 -1105.0000000000
4265 -1104.0000000000
4271 -1103.0000000000
4279 -1102.0000000000
4280 -1101.0000000000
4281 -1100.0000000000
4290 -1098.0000000000
4304 -1097.0000000000
4312 -1096.0000000000
4325 -1095.0000000000
4326 -1094.0000000000
4337 -1092.0000000000
4338 -1091.0000000000
4358 -1090.0000000000
4359 -1089.0000000000
4364 -1088.0000000000
4374 -1087.0000000000
4377 -1085.0000000000
4381 -1084.0000000000
4402 -1083.0000000000
4409 -1082.0000000000
4416 -1081.0000000000
4432 -1080.0000000000
4434 -1079.0000000000
4436 -1078.0000000000
4457 -1077.0000000000
4458 -1076.0000000000
4460 -1075.0000000000
4461 -1074.0000000000
4465 -1073.0000000000
4467 -1072.0000000000
4475 -1071.0000000000
4502 -1070.0000000000
4509 -1069.0000000000
4512 -1068.0000000000
4519 -1067.0000000000
4525 -1066.0000000000
4526 -1065.0000000000
4535 -1064.0000000000
4572 -1063.0000000000
4573 -1062.0000000000
4615 -1061.0000000000
4617 -1059.0000000000
4619 -1058.0000000000
4626 -1057.0000000000
4627 -1056.0000000000
4629 -1055.0000000000
4647 -1054.0000000000
4653 -1053.0000000000
4654 -1052.0000000000
4655 -1051.0000000000
4666 -1050.0000000000
4689 -1049.0000000000
4697 -1048.0000000000
4725 -1047.0000000000
4738 -1046.0000000000
4744 -1045.0000000000
4760 -1044.0000000000
4779 -1043.0000000000
4781 -1041.0000000000
4785 -1039.0000000000
4787 -1038.0000000000
4788 -1036.0000000000
4799 -1035.0000000000
4803 -1034.0000000000
4818 -1033.0000000000
4822 -1032.0000000000
4824 -1031.0000000000
4833 -1030.0000000000
4840 -1028.0000000000
4846 -1026.0000000000
4852 -1024.0000000000
4854 -1023.0000000000
4865 -1022.0000000000
4876 -1021.0000000000
4882 -1020.0000000000
4885 -1019.0000000000
4895 -1018.0000000000
4902 -1017.0000000000
4915 -1016.0000000000
4937 -1015.0000000000
4938 -1014.0000000000
4941 -1012.0000000000
4943 -1010.0000000000
4952 -1009.0000000000
4987 -1008.0000000000
4995 -1007.0000000000
4998 -1006.0000000000
5011 -1005.0000000000
5027 -1004.0000000000
5032 -1003.0000000000
5034 -1002.0000000000
5041 -1001.0000000000
5083 -999.0000000000
5101 -998.0000000000
5102 -996.0000000000
5103 -995.0000000000
5104 -994.0000000000
5105 -993.0000000000
5139 -990.0000000000
5161 -989.0000000000
5174 -988.0000000000
5179 -987.0000000000
5187 -986.0000000000
5196 -985.0000000000
5213 -984.0000000000
5233 -983.0000000000
5251 -982.0000000000
5268 -980.0000000000
5271 -979.0000000000
5279 -978.0000000000
5294 -977.0000000000
5311 -976.0000000000
5328 -975.0000000000
5330 -974.0000000000
5344 -973.0000000000
5358 -971.0000000000
5361 -970.0000000000
5372 -969.0000000000
5391 -968.0000000000
5411 -967.0000000000
5412 -966.0000000000
5413 -965.0000000000
5429 -964.0000000000
5430 -963.0000000000
5441 -962.0000000000
5452 -961.0000000000
5458 -960.0000000000
5461 -959.0000000000
5488 -958.0000000000
5492 -957.0000000000
5494 -955.0000000000
5495 -954.0000000000
5509 -952.0000000000
5512 -951.0000000000
5516 -950.0000000000
5523 -949.0000000000
5531 -948.0000000000
5532 -947.0000000000
5533 -946.0000000000
5540 -945.0000000000
5549 -944.0000000000
5555 -943.0000000000
5560 -942.0000000000
5563 -941.0000000000
5574 -940.0000000000
5589 -939.0000000000
5590 -937.0000000000
5600 -936.0000000000
5604 -935.0000000000
5622 -934.0000000000
5644 -933.0000000000
5655 -932.0000000000
5669 -931.0000000000
5683 -930.0000000000
5690 -929.0000000000
5693 -928.0000000000
5712 -927.0000000000
5721 -926.0000000000
5723 -925.0000000000
5732 -924.0000000000
5750 -923.0000000000
5752 -922.0000000000
5761 -921.0000000000
5764 -920.0000000000
5785 -919.0000000000
5791 -918.0000000000
5797 -917.0000000000
5804 -916.0000000000
5842 -915.0000000000
5845 -914.0000000000
5849 -913.0000000000
5856 -912.0000000000
5859 -911.0000000000
5872 -910.0000000000
5876 -909.0000000000
5882 -908.0000000000
5886 -907.0000000000
5894 -906.0000000000
5900 -905.0000000000
5921 -904.0000000000
5924 -902.0000000000
5925 -900.0000000000
5928 -899.0000000000
5972 -898.0000000000
5981 -896.0000000000
6001 -895.0000000000
6005 -894.0000000000
6017 -893.0000000000
6020 -892.0000000000
6032 -891.0000000000
6036 -890.0000000000
6057 -889.0000000000
6068 -888.0000000000
6108 -887.0000000000
6112 -886.0000000000
6130 -885.0000000000
6133 -884.0000000000
6141 -883.0000000000
6167 -882.0000000000
6185 -880.0000000000
6197 -878.0000000000
6200 -877.0000000000
6237 -876.0000000000
6258 -875.0000000000
6261 -874.0000000000
6289 -873.0000000000
6306 -872.0000000000
6327 -871.0000000000
6330 -870.0000000000
6331 -869.0000000000
6334 -868.0000000000
6339 -867.0000000000
6340 -866.0000000000
6344 -865.0000000000
6348 -864.0000000000
6364 -863.0000000000
6372 -862.0000000000
6380 -861.0000000000
6381 -860.0000000000
6386 -859.0000000000
6412 -858.0000000000
6434 -857.0000000000
6436 -856.0000000000
6450 -855.0000000000
6454 -854.0000000000
6471 -853.0000000000
6484 -852.0000000000
6490 -851.0000000000
6503 -850.0000000000
6539 -849.0000000000
6546 -848.0000000000
6547 -847.0000000000
6552 -846.0000000000
6553 -845.0000000000
6557 -844.0000000000
6560 -843.0000000000
6568 -842.0000000000
6583 -841.0000000000
6594 -840.0000000000
6596 -839.0000000000
6600 -838.0000000000
6605 -837.0000000000
6620 -836.0000000000
6654 -835.0000000000
6658 -834.0000000000
6676 -833.0000000000
6680 -832.0000000000
6696 -831.0000000000
6713 -830.0000000000
6720 -829.0000000000
6721 -828.0000000000
6722 -827.0000000000
6737 -826.0000000000
6739 -825.0000000000
6741 -824.0000000000
6753 -823.0000000000
6773 -822.0000000000
6774 -821.0000000000
6794 -820.0000000000
6805 -819.0000000000
6812 -818.0000000000
6820 -817.0000000000
6828 -816.0000000000
6829 -815.0000000000
6840 -814.0000000000
6843 -813.0000000000
6847 -812.0000000000
6849 -811.0000000000
6851 -810.0000000000
6859 -809.0000000000
6898 -808.0000000000
6899 -807.0000000000
6908 -806.0000000000
6918 -805.0000000000
6934 -804.0000000000
6946 -802.0000000000
6956 -801.0000000000
6958 -800.0000000000
7009 -799.0000000000
7013 -798.0000000000
7017 -797.0000000000
7022 -796.0000000000
7030 -794.0000000000
7036 -792.0000000000
7065 -791.0000000000
7070 -790.0000000000
7075 -789.0000000000
7102 -786.0000000000
7105 -785.0000000000
7106 -784.0000000000
7114 -781.0000000000
7126 -780.0000000000
7155 -779.0000000000
7213 -778.0000000000
7237 -777.0000000000
7240 -776.0000000000
7241 -775.0000000000
7242 -774.0000000000
7276 -773.0000000000
7280 -772.0000000000
7283 -771.0000000000
7287 -770.0000000000
7294 -769.0000000000
7295 -768.0000000000
7298 -767.0000000000
7300 -766.0000000000
7329 -765.0000000000
7355 -764.0000000000
7370 -763.0000000000
7375 -762.0000000000
7445 -761.0000000000
7448 -760.0000000000
7449 -759.0000000000
7460 -758.0000000000
7484 -757.0000000000
7500 -756.0000000000
7508 -755.0000000000
7524 -754.0000000000
7530 -753.0000000000
7556 -752.0000000000
7568 -751.0000000000
7569 -750.0000000000
7576 -749.0000000000
7579 -747.0000000000
7604 -746.0000000000
7607 -745.0000000000
7647 -744.0000000000
7649 -743.0000000000
7650 -742.0000000000
7665 -741.0000000000
7683 -740.0000000000
7703 -739.0000000000
7705 -738.0000000000
7714 -737.0000000000
7738 -736.0000000000
7742 -735.0000000000
7748 -734.0000000000
7761 -733.0000000000
7766 -732.0000000000
7772 -730.0000000000
7778 -729.0000000000
7781 -728.0000000000
7785 -727.0000000000
7808 -726.0000000000
7825 -725.0000000000
7826 -724.0000000000
7834 -723.0000000000
7852 -722.0000000000
7859 -721.0000000000
7873 -720.0000000000
7874 -719.0000000000
7901 -718.0000000000
7912 -717.0000000000
7913 -716.0000000000
7922 -715.0000000000
7946 -714.0000000000
7961 -713.0000000000
7968 -712.0000000000
7972 -711.0000000000
7973 -710.0000000000
7987 -709.0000000000
7993 -708.0000000000
7998 -707.0000000000
8011 -706.0000000000
8036 -705.0000000000
8043 -704.0000000000
8079 -701.0000000000
8083 -699.0000000000
8085 -696.0000000000
8089 -694.0000000000
8153 -693.0000000000
8158 -692.0000000000
8159 -691.0000000000
8194 -690.0000000000
8217 -689.0000000000
8222 -688.0000000000
8272 -687.0000000000
8290 -686.0000000000
8304 -685.0000000000
8345 -684.0000000000
8346 -683.0000000000
8353 -682.0000000000
8370 -681.0000000000
8386 -680.0000000000
8392 -679.0000000000
8406 -678.0000000000
8407 -677.0000000000
8415 -676.0000000000
8450 -675.0000000000
8460 -674.0000000000
8495 -673.0000000000
8532 -672.0000000000
8547 -671.0000000000
8553 -670.0000000000
8579 -669.0000000000
8586 -668.0000000000
8591 -667.0000000000
8601 -666.0000000000
8605 -665.0000000000
8618 -664.0000000000
8652 -663.0000000000
8658 -662.0000000000
8675 -661.0000000000
8680 -660.0000000000
8683 -659.0000000000
8692 -658.0000000000
8693 -657.0000000000
8704 -656.0000000000
8711 -655.0000000000
8748 -654.0000000000
8752 -652.0000000000
8755 -651.0000000000
8815 -650.0000000000
8825 -649.0000000000
8829 -648.0000000000
8837 -647.0000000000
8841 -646.0000000000
8846 -645.0000000000
8848 -644.0000000000
8864 -643.0000000000
8867 -642.0000000000
8872 -641.0000000000
8914 -640.0000000000
8918 -639.0000000000
8935 -638.0000000000
8951 -637.0000000000
8972 -636.0000000000
8984 -634.0000000000
8985 -633.0000000000
8988 -632.0000000000
8989 -631.0000000000
9007 -630.0000000000
9018 -629.0000000000
9020 -628.0000000000
9049 -627.0000000000
9051 -626.0000000000
9062 -625.0000000000
9082 -623.0000000000
9131 -622.0000000000
9138 -621.0000000000
9149 -620.0000000000
9163 -619.0000000000
9165 -618.0000000000
9167 -617.0000000000
9188 -616.0000000000
9219 -615.0000000000
9232 -614.0000000000
9288 -613.0000000000
9301 -612.0000000000
9302 -611.0000000000
9313 -610.0000000000
9349 -608.0000000000
9354 -607.0000000000
9360 -606.0000000000
9371 -605.0000000000
9379 -604.0000000000
9419 -603.0000000000
9422 -602.0000000000
9426 -601.0000000000
9428 -599.0000000000
9467 -598.0000000000
9486 -597.0000000000
9490 -596.0000000000
9499 -595.0000000000
9530 -594.0000000000
9543 -593.0000000000
9545 -592.0000000000
9570 -590.0000000000
9573 -589.0000000000
9606 -588.0000000000
9633 -586.0000000000
9639 -585.0000000000
9643 -584.0000000000
9657 -583.0000000000
9697 -582.0000000000
9708 -581.0000000000
9771 -579.0000000000
9792 -578.0000000000
9795 -577.0000000000
9801 -576.0000000000
9824 -575.0000000000
9836 -574.0000000000
9838 -573.0000000000
9846 -572.0000000000
9851 -571.0000000000
9862 -570.0000000000
9864 -569.0000000000
9873 -568.0000000000
9894 -567.0000000000
9921 -566.0000000000
9922 -565.0000000000
9930 -564.0000000000
9947 -563.0000000000
9958 -562.0000000000
9961 -561.0000000000
9971 -560.0000000000
9973 -559.0000000000
9975 -558.0000000000
10000 -558.0000000000
evaluations raw_y
1 -1992.0000000000
8 -1991.0000000000
10 -1990.0000000000
27 -1989.0000000000
31 -1988.0000000000
32 -1987.0000000000
45 -1986.0000000000
49 -1985.0000000000
51 -1984.0000000000
52 -1983.0000000000
61 -1982.0000000000
63 -1981.0000000000
67 -1979.0000000000
70 -1978.0000000000
76 -1977.0000000000
80 -1976.0000000000
81 -1975.0000000000
84 -1974.0000000000
88 -1973.0000000000
99 -1972.0000000000
101 -1971.0000000000
111 -1970.0000000000
113 -1969.0000000000
120 -1968.0000000000
122 -1967.0000000000
131 -1966.0000000000
133 -1964.0000000000
134 -1962.0000000000
136 -1961.0000000000
144 -1960.0000000000
147 -1959.0000000000
158 -1958.0000000000
159 -1957.0000000000
160 -1955.0000000000
161 -1954.0000000000
162 -1952.0000000000
163 -1951.0000000000
166 -1950.0000000000
172 -1948.0000000000
174 -1947.0000000000
193 -1946.0000000000
194 -1943.0000000000
209 -1942.0000000000
210 -1941.0000000000
211 -1940.0000000000
214 -1939.0000000000
217 -1938.0000000000
224 -1936.0000000000
227 -1934.0000000000
231 -1933.0000000000
233 -1932.0000000000
245 -1930.0000000000
256 -1929.0000000000
257 -1928.0000000000
271 -1925.0000000000
273 -1924.0000000000
276 -1921.0000000000
277 -1920.0000000000
280 -1919.0000000000
282 -1918.0000000000
283 -1917.0000000000
284 -1916.0000000000
293 -1915.0000000000
301 -1914.0000000000
304 -1913.0000000000
305 -1912.0000000000
310 -1911.0000000000
314 -1908.0000000000
316 -1907.0000000000
322 -1906.0000000000
323 -1905.0000000000
325 -1904.0000000000
326 -1903.0000000000
327 -1902.0000000000
328 -1901.0000000000
329 -1900.0000000000
338 -1899.0000000000
340 -1898.0000000000
342 -1897.0000000000
344 -1896.0000000000
345 -1895.0000000000
348 -1894.0000000000
353 -1893.0000000000
356 -1892.0000000000
366 -1890.0000000000
368 -1888.0000000000
370 -1886.0000000000
372 -1885.0000000000
373 -1884.0000000000
374 -1883.0000000000
382 -1882.0000000000
387 -1880.0000000000
388 -1879.0000000000
389 -1878.0000000000
397 -1876.0000000000
408 -1875.0000000000
411 -1874.0000000000
414 -1872.0000000000
416 -1871.0000000000
419 -1870.0000000000
421 -1868.0000000000
432 -1865.0000000000
433 -1864.0000000000
442 -1863.0000000000
446 -1862.0000000000
447 -1861.0000000000
451 -1860.0000000000
454 -1859.0000000000
455 -1858.0000000000
458 -1857.0000000000
465 -1856.0000000000
469 -1855.0000000000
477 -1854.0000000000
485 -1853.0000000000
490 -1851.0000000000
495 -1850.0000000000
496 -1848.0000000000
499 -1847.0000000000
500 -1846.0000000000
501 -1845.0000000000
503 -1843.0000000000
507 -1841.0000000000
508 -1840.0000000000
511 -1838.0000000000
526 -1837.0000000000
531 -1836.0000000000
533 -1835.0000000000
537 -1833.0000000000
538 -1832.0000000000
540 -1830.0000000000
541 -1829.0000000000
542 -1827.0000000000
543 -1826.0000000000
545 -1825.0000000000
550 -1824.0000000000
581 -1823.0000000000
586 -1822.0000000000
588 -1821.0000000000
592 -1820.0000000000
595 -1819.0000000000
601 -1818.0000000000
605 -1817.0000000000
621 -1815.0000000000
631 -1813.0000000000
634 -1811.0000000000
635 -1810.0000000000
637 -1809.0000000000
639 -1808.0000000000
643 -1806.0000000000
647 -1805.0000000000
653 -1804.0000000000
654 -1803.0000000000
655 -1802.0000000000
661 -1801.0000000000
662 -1800.0000000000
664 -1799.0000000000
665 -1798.0000000000
666 -1797.0000000000
675 -1796.0000000000
677 -1794.0000000000
682 -1792.0000000000
686 -1791.0000000000
688 -1790.0000000000
693 -1789.0000000000
705 -1788.0000000000
709 -1787.0000000000
713 -1786.0000000000
714 -1785.0000000000
718 -1783.0000000000
720 -1782.0000000000
724 -1781.0000000000
725 -1780.0000000000
726 -1779.0000000000
728 -1778.0000000000
731 -1777.0000000000
733 -1776.0000000000
740 -1775.0000000000
741 -1774.0000000000
767 -1773.0000000000
789 -1772.0000000000
792 -1771.0000000000
793 -1770.0000000000
795 -1769.0000000000
800 -1767.0000000000
803 -1766.0000000000
807 -1764.0000000000
808 -1763.0000000000
811 -1762.0000000000
813 -1761.0000000000
814 -1760.0000000000
821 -1759.0000000000
822 -1756.0000000000
825 -1754.0000000000
826 -1753.0000000000
841 -1752.0000000000
844 -1751.0000000000
847 -1750.0000000000
851 -1749.0000000000
853 -1748.0000000000
856 -1747.0000000000
861 -1746.0000000000
865 -1745.0000000000
868 -1744.0000000000
872 -1743.0000000000
873 -1742.0000000000
875 -1741.0000000000
876 -1740.0000000000
897 -1738.0000000000
901 -1737.0000000000
903 -1736.0000000000
909 -1735.0000000000
912 -1734.0000000000
916 -1733.0000000000
919 -1732.0000000000
922 -1731.0000000000
923 -1730.0000000000
927 -1728.0000000000
931 -1727.0000000000
935 -1724.0000000000
949 -1723.0000000000
952 -1722.0000000000
961 -1721.0000000000
965 -1720.0000000000
975 -1719.0000000000
982 -1718.0000000000
989 -1716.0000000000
1003 -1715.0000000000
1014 -1713.0000000000
1020 -1712.0000000000
1023 -1711.0000000000
1026 -1710.0000000000
1030 -1709.0000000000
1031 -1708.0000000000
1038 -1707.0000000000
1041 -1706.0000000000
1064 -1705.0000000000
1065 -1702.0000000000
1070 -1700.0000000000
1073 -1699.0000000000
1074 -1698.0000000000
1077 -1697.0000000000
1085 -1696.0000000000
1089 -1695.0000000000
1091 -1694.0000000000
1096 -1692.0000000000
1097 -1691.0000000000
1104 -1690.0000000000
1110 -1689.0000000000
1113 -1688.0000000000
1116 -1686.0000000000
1121 -1685.0000000000
1122 -1684.0000000000
1132 -1682.0000000000
1133 -1681.0000000000
1137 -1680.0000000000
1153 -1679.0000000000
1155 -1678.0000000000
1156 -1677.0000000000
1164 -1675.0000000000
1165 -1674.0000000000
1167 -1673.0000000000
1168 -1672.0000000000
1171 -1670.0000000000
1180 -1669.0000000000
1181 -1667.0000000000
1183 -1666.0000000000
1187 -1665.0000000000
1189 -1664.0000000000
1197 -1663.0000000000
1200 -1662.0000000000
1208 -1661.0000000000
1214 -1660.0000000000
1218 -1658.0000000000
1222 -1657.0000000000
1224 -1656.0000000000
1227 -1655.0000000000
1228 -1654.0000000000
1229 -1653.0000000000
1231 -1652.0000000000
1232 -1651.0000000000
1238 -1650.0000000000
1241 -1649.0000000000
1250 -1648.0000000000
1253 -1646.0000000000
1254 -1645.0000000000
1256 -1642.0000000000
1262 -1641.0000000000
1269 -1640.0000000000
1271 -1639.0000000000
1273 -1637.0000000000
1282 -1636.0000000000
1283 -1635.0000000000
1294 -1634.0000000000
1299 -1633.0000000000
1302 -1632.0000000000
1308 -1631.0000000000
1312 -1630.0000000000
1317 -1629.0000000000
1318 -1627.0000000000
1323 -1626.0000000000
1332 -1625.0000000000
1339 -1623.0000000000
1351 -1622.0000000000
1356 -1621.0000000000
1357 -1620.0000000000
1361 -1619.0000000000
1362 -1618.0000000000
1366 -1616.0000000000
1368 -1615.0000000000
1370 -1614.0000000000
1379 -1613.0000000000
1383 -1612.0000000000
1384 -1611.0000000000
1387 -1610.0000000000
1392 -1609.0000000000
1396 -1607.0000000000
1413 -1606.0000000000
1419 -1605.0000000000
1433 -1604.0000000000
1436 -1603.0000000000
1438 -1602.0000000000
1444 -1601.0000000000
1448 -1600.0000000000
1450 -1599.0000000000
1456 -1598.0000000000
1459 -1597.0000000000
1460 -1595.0000000000
1472 -1593.0000000000
1482 -1592.0000000000
1504 -1590.0000000000
1519 -1589.0000000000
1526 -1588.0000000000
1530 -1587.0000000000
1536 -1586.0000000000
1538 -1585.0000000000
1542 -1584.0000000000
1546 -1583.0000000000
1550 -1582.0000000000
1552 -1581.0000000000
1558 -1580.0000000000
1563 -1579.0000000000
1567 -1578.0000000000
1570 -1577.0000000000
1573 -1576.0000000000
1579 -1575.0000000000
1580 -1573.0000000000
1585 -1572.0000000000
1596 -1571.0000000000
1602 -1569.0000000000
1604 -1568.0000000000
1605 -1567.0000000000
1610 -1566.0000000000
1613 -1565.0000000000
1619 -1562.0000000000
1620 -1561.0000000000
1625 -1560.0000000000
1628 -1559.0000000000
1630 -1558.0000000000
1636 -1557.0000000000
1639 -1556.0000000000
1641 -1555.0000000000
1642 -1554.0000000000
1643 -1553.0000000000
1644 -1552.0000000000
1648 -1551.0000000000
1649 -1550.0000000000
1653 -1549.0000000000
1656 -1548.0000000000
1658 -1547.0000000000
1660 -1546.0000000000
1661 -1544.0000000000
1668 -1543.0000000000
1670 -1542.0000000000
1675 -1541.0000000000
1680 -1539.0000000000
1681 -1538.0000000000
1683 -1537.0000000000
1684 -1536.0000000000
1687 -1535.0000000000
1695 -1534.0000000000
1700 -1533.0000000000
1702 -1532.0000000000
1711 -1531.0000000000
1715 -1530.0000000000
1716 -1529.0000000000
1720 -1528.0000000000
1723 -1527.0000000000
1724 -1526.0000000000
1726 -1525.0000000000
1735 -1524.0000000000
1752 -1521.0000000000
1757 -1520.0000000000
1764 -1519.0000000000
1768 -1518.0000000000
1773 -1517.0000000000
1794 -1516.0000000000
1797 -1515.0000000000
1798 -1514.0000000000
1802 -1513.0000000000
1803 -1512.0000000000
1827 -1511.0000000000
1832 -1510.0000000000
1840 -1509.0000000000
1848 -1508.0000000000
1849 -1507.0000000000
1854 -1506.0000000000
1856 -1505.0000000000
1862 -1504.0000000000
1878 -1503.0000000000
1881 -1502.0000000000
1884 -1501.0000000000
1885 -1500.0000000000
1886 -1498.0000000000
1898 -1497.0000000000
1900 -1496.0000000000
1918 -1494.0000000000
1921 -1493.0000000000
1922 -1491.0000000000
1945 -1490.0000000000
1947 -1489.0000000000
1951 -1488.0000000000
1955 -1486.0000000000
1958 -1485.0000000000
1961 -1484.0000000000
1979 -1483.0000000000
1980 -1482.0000000000
1982 -1480.0000000000
2000 -1479.0000000000
2003 -1478.0000000000
2011 -1476.0000000000
2015 -1474.0000000000
2031 -1473.0000000000
2034 -1471.0000000000
2036 -1469.0000000000
2042 -1468.0000000000
2044 -1467.0000000000
2052 -1465.0000000000
2054 -1464.0000000000
2055 -1462.0000000000
2060 -1461.0000000000
2067 -1460.0000000000
2068 -1459.0000000000
2078 -1458.0000000000
2080 -1456.0000000000
2083 -1455.0000000000
2084 -1454.0000000000
2089 -1453.0000000000
2102 -1452.0000000000
2105 -1451.0000000000
2130 -1449.0000000000
2135 -1448.0000000000
2138 -1447.0000000000
2148 -1446.0000000000
2158 -1445.0000000000
2163 -1444.0000000000
2170 -1443.0000000000
2176 -1442.0000000000
2180 -1441.0000000000
2201 -1440.0000000000
2211 -1439.0000000000
2212 -1438.0000000000
2213 -1437.0000000000
2216 -1436.0000000000
2219 -1435.0000000000
2223 -1434.0000000000
2228 -1433.0000000000
2231 -1432.0000000000
2234 -1430.0000000000
2237 -1429.0000000000
2242 -1428.0000000000
2252 -1427.0000000000
2258 -1426.0000000000
2262 -1425.0000000000
2275 -1424.0000000000
2277 -1423.0000000000
2303 -1422.0000000000
2306 -1421.0000000000
2309 -1420.0000000000
2317 -1419.0000000000
2319 -1418.0000000000
2331 -1417.0000000000
2335 -1416.0000000000
2338 -1414.0000000000
2341 -1413.0000000000
2354 -1412.0000000000
2360 -1410.0000000000
2369 -1409.0000000000
2374 -1408.0000000000
2381 -1407.0000000000
2382 -1406.0000000000
2383 -1405.0000000000
2397 -1404.0000000000
2403 -1403.0000000000
2414 -1402.0000000000
2417 -1401.0000000000
2423 -1400.0000000000
2431 -1399.0000000000
2432 -1398.0000000000
2446 -1397.0000000000
2455 -1396.0000000000
2480 -1395.0000000000
2482 -1394.0000000000
2490 -1393.0000000000
2497 -1392.0000000000
2511 -1391.0000000000
2517 -1390.0000000000
2518 -1389.0000000000
2525 -1388.0000000000
2526 -1387.0000000000
2529 -1386.0000000000
2530 -1385.0000000000
2534 -1383.0000000000
2535 -1382.0000000000
2537 -1381.0000000000
2540 -1380.0000000000
2545 -1379.0000000000
2549 -1378.0000000000
2554 -1377.0000000000
2556 -1376.0000000000
2566 -1373.0000000000
2572 -1372.0000000000
2577 -1371.0000000000
2584 -1370.0000000000
2586 -1369.0000000000
2594 -1368.0000000000
2596 -1367.0000000000
2601 -1366.0000000000
2602 -1365.0000000000
2611 -1364.0000000000
2613 -1363.0000000000
2624 -1361.0000000000
2626 -1360.0000000000
2630 -1359.0000000000
2640 -1358.0000000000
2648 -1357.0000000000
2654 -1356.0000000000
2655 -1355.0000000000
2679 -1353.0000000000
2681 -1352.0000000000
2683 -1351.0000000000
2700 -1350.0000000000
2702 -1349.0000000000
2721 -1348.0000000000
2722 -1347.0000000000
2723 -1345.0000000000
2724 -1344.0000000000
2728 -1343.0000000000
2734 -1342.0000000000
2736 -1341.0000000000
2741 -1340.0000000000
2751 -1338.0000000000
2755 -1336.0000000000
2756 -1334.0000000000
2766 -1332.0000000000
2770 -1331.0000000000
2774 -1330.0000000000
2779 -1329.0000000000
2784 -1328.0000000000
2789 -1327.0000000000
2794 -1326.0000000000
2804 -1325.0000000000
2823 -1324.0000000000
2837 -1323.0000000000
2847 -1321.0000000000
2856 -1320.0000000000
2863 -1319.0000000000
2868 -1318.0000000000
2875 -1317.0000000000
2882 -1316.0000000000
2885 -1315.0000000000
2893 -1314.0000000000
2899 -1313.0000000000
2903 -1312.0000000000
2909 -1311.0000000000
2912 -1310.0000000000
2922 -1309.0000000000
2925 -1308.0000000000
2930 -1306.0000000000
2934 -1305.0000000000
2941 -1304.0000000000
2948 -1303.0000000000
2950 -1302.0000000000
2951 -1301.0000000000
2955 -1300.0000000000
2971 -1299.0000000000
2974 -1298.0000000000
2988 -1297.0000000000
2999 -1296.0000000000
3000 -1295.0000000000
3009 -1294.0000000000
3010 -1293.0000000000
3022 -1292.0000000000
3023 -1290.0000000000
3024 -1289.0000000000
3038 -1288.0000000000
3043 -1287.0000000000
3045 -1286.0000000000
3052 -1285.0000000000
3063 -1283.0000000000
3074 -1282.0000000000
3079 -1280.0000000000
3092 -1279.0000000000
3102 -1278.0000000000
3107 -1277.0000000000
3120 -1276.0000000000
3121 -1275.0000000000
3126 -1274.0000000000
3135 -1272.0000000000
3136 -1271.0000000000
3155 -1270.0000000000
3162 -1269.0000000000
3165 -1268.0000000000
3173 -1267.0000000000
3191 -1266.0000000000
3197 -1265.0000000000
3204 -1264.0000000000
3205 -1263.0000000000
3228 -1262.0000000000
3254 -1261.0000000000
3257 -1260.0000000000
3259 -1259.0000000000
3261 -1258.0000000000
3262 -1257.0000000000
3265 -1256.0000000000
3274 -1255.0000000000
3276 -1253.0000000000
3284 -1252.0000000000
3285 -1251.0000000000
3288 -1250.0000000000
3292 -1249.0000000000
3299 -1248.0000000000
3300 -1247.0000000000
3305 -1246.0000000000
3350 -1245.0000000000
3357 -1244.0000000000
3361 -1243.0000000000
3379 -1242.0000000000
3405 -1241.0000000000
3406 -1240.0000000000
3409 -1237.0000000000
3415 -1236.0000000000
3418 -1235.0000000000
3419 -1234.0000000000
3423 -1233.0000000000
3425 -1231.0000000000
3435 -1230.0000000000
3439 -1229.0000000000
3443 -1228.0000000000
3449 -1227.0000000000
3450 -1226.0000000000
3469 -1225.0000000000
3474 -1224.0000000000
3482 -1223.0000000000
3486 -1222.0000000000
3490 -1221.0000000000
3497 -1220.0000000000
3500 -1219.0000000000
3501 -1218.0000000000
3503 -1216.0000000000
3504 -1215.0000000000
3519 -1214.0000000000
3520 -1213.0000000000
3521 -1212.0000000000
3551 -1210.0000000000
3556 -1209.0000000000
3559 -1208.0000000000
3564 -1206.0000000000
3592 -1205.0000000000
3594 -1204.0000000000
3601 -1202.0000000000
3602 -1201.0000000000
3611 -1200.0000000000
3630 -1199.0000000000
3637 -1198.0000000000
3638 -1197.0000000000
3643 -1196.0000000000
3655 -1195.0000000000
3659 -1194.0000000000
3667 -1193.0000000000
3670 -1192.0000000000
3682 -1191.0000000000
3686 -1190.0000000000
3696 -1189.0000000000
3702 -1188.0000000000
3705 -1187.0000000000
3706 -1186.0000000000
3707 -1184.0000000000
3725 -1182.0000000000
3729 -1180.0000000000
3732 -1179.0000000000
3748 -1178.0000000000
3755 -1176.0000000000
3758 -1175.0000000000
3759 -1174.0000000000
3760 -1173.0000000000
3775 -1172.0000000000
3778 -1171.0000000000
3785 -1170.0000000000
3786 -1169.0000000000
3811 -1168.0000000000
3813 -1167.0000000000
3816 -1166.0000000000
3820 -1165.0000000000
3825 -1164.0000000000
3827 -1163.0000000000
3835 -1162.0000000000
3841 -1161.0000000000
3874 -1160.0000000000
3898 -1159.0000000000
3900 -1158.0000000000
3908 -1157.0000000000
3914 -1156.0000000000
3937 -1155.0000000000
3949 -1154.0000000000
3955 -1153.0000000000
3962 -1151.0000000000
3975 -1150.0000000000
3991 -1149.0000000000
3993 -1148.0000000000
4000 -1147.0000000000
4015 -1146.0000000000
4018 -1145.0000000000
4021 -1144.0000000000
4027 -1143.0000000000
4029 -1142.0000000000
4033 -1141.0000000000
4039 -1138.0000000000
4042 -1137.0000000000
4045 -1136.0000000000
4047 -1135.0000000000
4062 -1134.0000000000
4066 -1133.0000000000
4074 -1131.0000000000
4081 -1130.0000000000
4086 -1129.0000000000
4087 -1128.0000000000
4088 -1127.0000000000
4089 -1126.0000000000
4097 -1125.0000000000
4116 -1124.0000000000
4124 -1123.0000000000
4126 -1122.0000000000
4127 -1120.0000000000
4135 -1119.0000000000
4149 -1118.0000000000
4163 -1117.0000000000
4164 -1116.0000000000
4170 -1115.0000000000
4182 -1114.0000000000
4186 -1113.0000000000
4210 -1112.0000000000
4215 -1111.0000000000
4226 -1109.0000000000
4228 -1108.0000000000
4235 -1107.0000000000
4237 -1106.0000000000
4262 -1105.0000000000
4277 -1104.0000000000
4284 -1103.0000000000
4291 -1102.0000000000
4292 -1100.0000000000
4295 -1099.0000000000
4307 -1097.0000000000
4318 -1096.0000000000
4331 -1095.0000000000
4338 -1094.0000000000
4339 -1093.0000000000
4340 -1092.0000000000
4342 -1090.0000000000
4349 -1089.0000000000
4363 -1088.0000000000
4368 -1087.0000000000
4376 -1086.0000000000
4387 -1085.0000000000
4393 -1084.0000000000
4400 -1083.0000000000
4417 -1082.0000000000
4419 -1080.0000000000
4420 -1078.0000000000
4422 -1077.0000000000
4430 -1076.0000000000
4450 -1075.0000000000
4452 -1074.0000000000
4495 -1073.0000000000
4497 -1072.0000000000
4502 -1071.0000000000
4507 -1070.0000000000
4513 -1069.0000000000
4522 -1068.0000000000
4526 -1067.0000000000
4533 -1066.0000000000
4540 -1065.0000000000
4576 -1064.0000000000
4577 -1063.0000000000
4597 -1062.0000000000
4601 -1061.0000000000
4612 -1060.0000000000
4626 -1059.0000000000
4649 -1058.0000000000
4661 -1056.0000000000
4664 -1055.0000000000
4677 -1054.0000000000
4687 -1053.0000000000
4693 -1052.0000000000
4739 -1051.0000000000
4742 -1049.0000000000
4745 -1048.0000000000
4751 -1047.0000000000
4761 -1046.0000000000
4772 -1045.0000000000
4778 -1044.0000000000
4795 -1043.0000000000
4797 -1042.0000000000
4805 -1041.0000000000
4807 -1040.0000000000
4811 -1038.0000000000
4813 -1037.0000000000
4820 -1036.0000000000
4832 -1035.0000000000
4843 -1034.0000000000
4852 -1033.0000000000
4855 -1032.0000000000
4858 -1030.0000000000
4859 -1029.0000000000
4865 -1028.0000000000
4869 -1026.0000000000
4887 -1025.0000000000
4893 -1024.0000000000
4897 -1023.0000000000
4899 -1022.0000000000
4903 -1020.0000000000
4906 -1019.0000000000
4914 -1018.0000000000
4924 -1017.0000000000
4931 -1016.0000000000
4949 -1015.0000000000
4951 -1013.0000000000
4969 -1012.0000000000
4976 -1011.0000000000
4980 -1010.0000000000
4991 -1009.0000000000
5018 -1008.0000000000
5020 -1007.0000000000
5032 -1006.0000000000
5043 -1005.0000000000
5049 -1004.0000000000
5073 -1003.0000000000
5078 -1002.0000000000
5081 -1001.0000000000
5082 -1000.0000000000
5093 -999.0000000000
5123 -998.0000000000
5132 -996.0000000000
5133 -995.0000000000
5135 -993.0000000000
5152 -992.0000000000
5154 -991.0000000000
5168 -990.0000000000
5185 -988.0000000000
5193 -987.0000000000
5201 -986.0000000000
5219 -985.0000000000
5223 -983.0000000000
5230 -982.0000000000
5233 -980.0000000000
5235 -979.0000000000
5240 -978.0000000000
5247 -977.0000000000
5252 -976.0000000000
5254 -975.0000000000
5280 -973.0000000000
5300 -972.0000000000
5306 -971.0000000000
5313 -970.0000000000
5315 -969.0000000000
5337 -968.0000000000
5348 -967.0000000000
5362 -966.0000000000
5364 -965.0000000000
5373 -964.0000000000
5375 -963.0000000000
5379 -962.0000000000
5380 -961.0000000000
5386 -960.0000000000
5389 -959.0000000000
5395 -958.0000000000
5404 -957.0000000000
5410 -956.0000000000
5420 -955.0000000000
5433 -954.0000000000
5447 -953.0000000000
5456 -952.0000000000
5473 -951.0000000000
5487 -950.0000000000
5506 -949.0000000000
5516 -948.0000000000
5534 -947.0000000000
5538 -946.0000000000
5545 -945.0000000000
5547 -944.0000000000
5563 -943.0000000000
5580 -942.0000000000
5590 -941.0000000000
5596 -940.0000000000
5605 -939.0000000000
5635 -938.0000000000
5637 -937.0000000000
5641 -936.0000000000
5644 -935.0000000000
5661 -934.0000000000
5681 -933.0000000000
5686 -932.0000000000
5696 -931.0000000000
5719 -930.0000000000
5749 -929.0000000000
5760 -928.0000000000
5795 -927.0000000000
5822 -926.0000000000
5834 -925.0000000000
5841 -924.0000000000
5849 -923.0000000000
5861 -922.0000000000
5862 -921.0000000000
5873 -920.0000000000
5876 -919.0000000000
5879 -918.0000000000
5889 -916.0000000000
5891 -915.0000000000
5896 -914.0000000000
5899 -913.0000000000
5900 -911.0000000000
5904 -910.0000000000
5930 -909.0000000000
5972 -908.0000000000
5987 -907.0000000000
5994 -906.0000000000
6004 -905.0000000000
6006 -904.0000000000
6009 -903.0000000000
6013 -902.0000000000
6027 -901.0000000000
6042 -900.0000000000
6054 -899.0000000000
6066 -898.0000000000
6072 -896.0000000000
6078 -894.0000000000
6085 -893.0000000000
6103 -892.0000000000
6120 -891.0000000000
6130 -890.0000000000
6145 -889.0000000000
6153 -888.0000000000
6166 -887.0000000000
6193 -886.0000000000
6223 -885.0000000000
6226 -884.0000000000
6228 -883.0000000000
6231 -882.0000000000
6257 -881.0000000000
6270 -880.0000000000
6292 -879.0000000000
6301 -878.0000000000
6308 -877.0000000000
6313 -876.0000000000
6315 -875.0000000000
6324 -874.0000000000
6332 -873.0000000000
6334 -872.0000000000
6341 -871.0000000000
6351 -869.0000000000
6355 -868.0000000000
6363 -867.0000000000
6369 -866.0000000000
6376 -865.0000000000
6392 -864.0000000000
6403 -863.0000000000
6417 -862.0000000000
6454 -861.0000000000
6476 -860.0000000000
6498 -859.0000000000
6502 -858.0000000000
6512 -857.0000000000
6532 -856.0000000000
6540 -855.0000000000
6551 -854.0000000000
6558 -853.0000000000
6563 -851.0000000000
6568 -850.0000000000
6591 -848.0000000000
6601 -847.0000000000
6609 -846.0000000000
6615 -845.0000000000
6637 -844.0000000000
6645 -842.0000000000
6647 -841.0000000000
6651 -840.0000000000
6657 -839.0000000000
6669 -837.0000000000
6675 -836.0000000000
6680 -835.0000000000
6725 -834.0000000000
6739 -833.0000000000
6745 -831.0000000000
6751 -830.0000000000
6754 -829.0000000000
6758 -828.0000000000
6794 -827.0000000000
6805 -826.0000000000
6811 -825.0000000000
6839 -824.0000000000
6846 -823.0000000000
6875 -822.0000000000
6912 -821.0000000000
6915 -820.0000000000
6938 -819.0000000000
6939 -818.0000000000
6940 -817.0000000000
6951 -816.0000000000
6976 -815.0000000000
6981 -814.0000000000
6990 -813.0000000000
6998 -812.0000000000
7007 -811.0000000000
7020 -810.0000000000
7061 -809.0000000000
7094 -808.0000000000
7097 -807.0000000000
7102 -806.0000000000
7115 -805.0000000000
7118 -804.0000000000
7121 -803.0000000000
7125 -802.0000000000
7140 -801.0000000000
7146 -800.0000000000
7147 -798.0000000000
7152 -797.0000000000
7159 -796.0000000000
7164 -795.0000000000
7175 -794.0000000000
7181 -793.0000000000
7192 -792.0000000000
7200 -791.0000000000
7205 -790.0000000000
7208 -789.0000000000
7209 -788.0000000000
7221 -787.0000000000
7223 -786.0000000000
7226 -784.0000000000
7246 -783.0000000000
7253 -782.0000000000
7268 -781.0000000000
7275 -780.0000000000
7296 -779.0000000000
7297 -778.0000000000
7305 -777.0000000000
7313 -776.0000000000
7324 -774.0000000000
7325 -773.0000000000
7327 -772.0000000000
7330 -771.0000000000
7336 -770.0000000000
7369 -769.0000000000
7384 -768.0000000000
7407 -767.0000000000
7409 -766.0000000000
7453 -765.0000000000
7456 -764.0000000000
7460 -762.0000000000
7474 -760.0000000000
7488 -758.0000000000
7492 -757.0000000000
7493 -756.0000000000
7504 -755.0000000000
7506 -754.0000000000
7508 -753.0000000000
7519 -752.0000000000
7575 -751.0000000000
7578 -750.0000000000
7585 -749.0000000000
7587 -748.0000000000
7589 -747.0000000000
7606 -746.0000000000
7627 -745.0000000000
7628 -744.0000000000
7630 -743.0000000000
7640 -742.0000000000
7673 -740.0000000000
7674 -739.0000000000
7686 -738.0000000000
7687 -737.0000000000
7700 -736.0000000000
7719 -735.0000000000
7745 -734.0000000000
7749 -733.0000000000
7785 -732.0000000000
7845 -731.0000000000
7856 -730.0000000000
7864 -729.0000000000
7876 -728.0000000000
7902 -727.0000000000
7905 -726.0000000000
7916 -725.0000000000
7919 -724.0000000000
7920 -723.0000000000
7934 -722.0000000000
7955 -721.0000000000
7957 -720.0000000000
7961 -719.0000000000
7987 -718.0000000000
7998 -717.0000000000
8031 -716.0000000000
8048 -715.0000000000
8055 -714.0000000000
8063 -713.0000000000
8066 -712.0000000000
8091 -711.0000000000
8103 -710.0000000000
8128 -709.0000000000
8148 -708.0000000000
8149 -707.0000000000
8155 -706.0000000000
8174 -705.0000000000
8192 -704.0000000000
8222 -703.0000000000
8228 -702.0000000000
8234 -701.0000000000
8238 -700.0000000000
8254 -699.0000000000
8284 -698.0000000000
8287 -697.0000000000
8293 -696.0000000000
8296 -694.0000000000
8323 -693.0000000000
8341 -692.0000000000
8348 -691.0000000000
8349 -690.0000000000
8363 -689.0000000000
8376 -688.0000000000
8388 -687.0000000000
8401 -686.0000000000
8402 -685.0000000000
8405 -684.0000000000
8411 -683.0000000000
8441 -682.0000000000
8462 -681.0000000000
8464 -680.0000000000
8482 -679.0000000000
8540 -678.0000000000
8557 -676.0000000000
8574 -675.0000000000
8621 -674.0000000000
8624 -673.0000000000
8673 -671.0000000000
8680 -670.0000000000
8685 -669.0000000000
8690 -668.0000000000
8695 -667.0000000000
8696 -666.0000000000
8714 -665.0000000000
8745 -663.0000000000
8761 -662.0000000000
8776 -660.0000000000
8789 -659.0000000000
8799 -658.0000000000
8829 -657.0000000000
8861 -656.0000000000
8864 -654.0000000000
8869 -653.0000000000
8900 -652.0000000000
8930 -651.0000000000
8955 -650.0000000000
8956 -649.0000000000
8957 -648.0000000000
8959 -647.0000000000
8979 -646.0000000000
8989 -645.0000000000
8996 -644.0000000000
9005 -643.0000000000
9014 -642.0000000000
9019 -640.0000000000
9035 -639.0000000000
9042 -638.0000000000
9043 -637.0000000000
9088 -636.0000000000
9093 -635.0000000000
9113 -634.0000000000
9133 -633.0000000000
9136 -632.0000000000
9157 -631.0000000000
9164 -630.0000000000
9166 -629.0000000000
9197 -627.0000000000
9202 -626.0000000000
9203 -625.0000000000
9205 -624.0000000000
9208 -623.0000000000
9218 -622.0000000000
9220 -621.0000000000
9227 -620.0000000000
9230 -619.0000000000
9234 -617.0000000000
9235 -616.0000000000
9251 -615.0000000000
9260 -614.0000000000
9267 -612.0000000000
9333 -611.0000000000
9337 -610.0000000000
9351 -609.0000000000
9371 -608.0000000000
9378 -607.0000000000
9379 -606.0000000000
9386 -604.0000000000
9398 -603.0000000000
9399 -602.0000000000
9434 -601.0000000000
9458 -600.0000000000
9467 -599.0000000000
9481 -598.0000000000
9482 -596.0000000000
9484 -595.0000000000
9485 -594.0000000000
9491 -593.0000000000
9503 -592.0000000000
9504 -591.0000000000
9511 -590.0000000000
9517 -589.0000000000
9521 -588.0000000000
9523 -587.0000000000
9532 -586.0000000000
9577 -585.0000000000
9580 -584.0000000000
9582 -582.0000000000
9605 -581.0000000000
9611 -580.0000000000
9623 -579.0000000000
9625 -578.0000000000
9731 -577.0000000000
9747 -576.0000000000
9748 -575.0000000000
9783 -574.0000000000
9806 -573.0000000000
9823 -572.0000000000
9832 -571.0000000000
9852 -570.0000000000
9863 -569.0000000000
9884 -567.0000000000
9887 -566.0000000000
9888 -565.0000000000
9889 -564.0000000000
9918 -563.0000000000
9919 -561.0000000000
9923 -560.0000000000
9936 -559.0000000000
9940 -558.0000000000
9944 -557.0000000000
9968 -556.0000000000
9973 -555.0000000000
9977 -552.0000000000
10000 -553.0000000000
evaluations raw_y
1 -1991.0000000000
9 -1990.0000000000
13 -1989.0000000000
20 -1988.0000000000
22 -1987.0000000000
27 -1986.0000000000
34 -1985.0000000000
41 -1983.0000000000
42 -1982.0000000000
43 -1981.0000000000
48 -1978.0000000000
49 -1977.0000000000
50 -1975.0000000000
53 -1974.0000000000
54 -1973.0000000000
55 -1972.0000000000
60 -1971.0000000000
63 -1970.0000000000
67 -1969.0000000000
70 -1968.0000000000
74 -1967.0000000000
76 -1966.0000000000
79 -1965.0000000000
82 -1963.0000000000
92 -1962.0000000000
95 -1960.0000000000
99 -1959.0000000000
100 -1958.0000000000
101 -1957.0000000000
105 -1956.0000000000
106 -1955.0000000000
109 -1954.0000000000
111 -1953.0000000000
116 -1952.0000000000
121 -1951.0000000000
126 -1950.0000000000
127 -1949.0000000000
133 -1948.0000000000
138 -1947.0000000000
140 -1945.0000000000
144 -1944.0000000000
149 -1943.0000000000
150 -1941.0000000000
157 -1940.0000000000
160 -1939.0000000000
168 -1938.0000000000
170 -1937.0000000000
171 -1936.0000000000
174 -1935.0000000000
179 -1934.0000000000
180 -1933.0000000000
181 -1932.0000000000
183 -1931.0000000000
189 -1930.0000000000
192 -1929.0000000000
201 -1928.0000000000
203 -1926.0000000000
204 -1924.0000000000
210 -1923.0000000000
214 -1921.0000000000
220 -1920.0000000000
226 -1919.0000000000
232 -1917.0000000000
239 -1916.0000000000
251 -1915.0000000000
259 -1913.0000000000
261 -1912.0000000000
262 -1910.0000000000
267 -1909.0000000000
270 -1907.0000000000
271 -1906.0000000000
273 -1905.0000000000
277 -1904.0000000000
278 -1903.0000000000
279 -1902.0000000000
285 -1901.0000000000
287 -1900.0000000000
293 -1899.0000000000
298 -1897.0000000000
301 -1896.0000000000
309 -1895.0000000000
320 -1893.0000000000
326 -1891.0000000000
327 -1890.0000000000
328 -1888.0000000000
336 -1886.0000000000
341 -1885.0000000000
342 -1884.0000000000
343 -1883.0000000000
345 -1882.0000000000
346 -1881.0000000000
349 -1880.0000000000
352 -1879.0000000000
369 -1877.0000000000
377 -1876.0000000000
380 -1874.0000000000
382 -1873.0000000000
383 -1872.0000000000
384 -1871.0000000000
385 -1869.0000000000
387 -1868.0000000000
390 -1867.0000000000
393 -1866.0000000000
394 -1865.0000000000
396 -1863.0000000000
397 -1862.0000000000
402 -1861.0000000000
404 -1860.0000000000
412 -1858.0000000000
414 -1857.0000000000
415 -1855.0000000000
420 -1854.0000000000
421 -1853.0000000000
425 -1851.0000000000
429 -1850.0000000000
433 -1849.0000000000
435 -1848.0000000000
436 -1847.0000000000
442 -1845.0000000000
443 -1844.0000000000
446 -1843.0000000000
447 -1842.0000000000
448 -1841.0000000000
450 -1840.0000000000
453 -1839.0000000000
454 -1838.0000000000
457 -1836.0000000000
462 -1835.0000000000
465 -1833.0000000000
479 -1832.0000000000
480 -1831.0000000000
482 -1830.0000000000
489 -1827.0000000000
492 -1826.0000000000
493 -1824.0000000000
495 -1821.0000000000
498 -1820.0000000000
501 -1819.0000000000
503 -1818.0000000000
504 -1817.0000000000
512 -1816.0000000000
518 -1815.0000000000
522 -1813.0000000000
530 -1812.0000000000
535 -1811.0000000000
542 -1810.0000000000
548 -1809.0000000000
549 -1808.0000000000
550 -1807.0000000000
552 -1806.0000000000
557 -1805.0000000000
558 -1804.0000000000
580 -1802.0000000000
586 -1801.0000000000
587 -1800.0000000000
590 -1799.0000000000
598 -1796.0000000000
606 -1795.0000000000
609 -1794.0000000000
613 -1793.0000000000
614 -1790.0000000000
624 -1788.0000000000
625 -1787.0000000000
627 -1785.0000000000
640 -1784.0000000000
642 -1783.0000000000
645 -1782.0000000000
655 -1781.0000000000
656 -1779.0000000000
658 -1778.0000000000
662 -1775.0000000000
673 -1774.0000000000
675 -1773.0000000000
677 -1772.0000000000
678 -1771.0000000000
679 -1769.0000000000
684 -1768.0000000000
690 -1767.0000000000
694 -1766.0000000000
696 -1765.0000000000
705 -1764.0000000000
706 -1763.0000000000
714 -1762.0000000000
715 -1760.0000000000
717 -1759.0000000000
722 -1758.0000000000
724 -1757.0000000000
726 -1756.0000000000
729 -1755.0000000000
731 -1753.0000000000
732 -1752.0000000000
742 -1751.0000000000
750 -1750.0000000000
753 -1749.0000000000
762 -1748.0000000000
765 -1746.0000000000
767 -1745.0000000000
769 -1744.0000000000
774 -1743.0000000000
775 -1742.0000000000
776 -1739.0000000000
777 -1736.0000000000
778 -1734.0000000000
780 -1733.0000000000
784 -1732.0000000000
787 -1731.0000000000
789 -1729.0000000000
790 -1728.0000000000
793 -1727.0000000000
803 -1726.0000000000
804 -1725.0000000000
805 -1724.0000000000
811 -1723.0000000000
823 -1722.0000000000
825 -1721.0000000000
826 -1720.0000000000
827 -1719.0000000000
828 -1716.0000000000
831 -1715.0000000000
832 -1714.0000000000
839 -1713.0000000000
849 -1712.0000000000
868 -1711.0000000000
872 -1709.0000000000
904 -1708.0000000000
908 -1706.0000000000
910 -1705.0000000000
918 -1704.0000000000
928 -1703.0000000000
930 -1702.0000000000
938 -1700.0000000000
940 -1699.0000000000
944 -1697.0000000000
947 -1696.0000000000
948 -1695.0000000000
949 -1694.0000000000
950 -1693.0000000000
959 -1692.0000000000
969 -1691.0000000000
976 -1690.0000000000
984 -1689.0000000000
991 -1688.0000000000
1000 -1687.0000000000
1006 -1686.0000000000
1011 -1685.0000000000
1013 -1684.0000000000
1027 -1683.0000000000
1029 -1682.0000000000
1033 -1681.0000000000
1036 -1680.0000000000
1042 -1679.0000000000
1049 -1678.0000000000
1052 -1677.0000000000
1053 -1675.0000000000
1070 -1674.0000000000
1071 -1673.0000000000
1079 -1672.0000000000
1082 -1671.0000000000
1083 -1668.0000000000
1095 -1667.0000000000
1098 -1666.0000000000
1102 -1665.0000000000
1121 -1664.0000000000
1123 -1663.0000000000
1125 -1662.0000000000
1162 -1660.0000000000
1164 -1659.0000000000
1167 -1656.0000000000
1177 -1655.0000000000
1186 -1654.0000000000
1188 -1653.0000000000
1191 -1652.0000000000
1192 -1651.0000000000
1195 -1650.0000000000
1199 -1649.0000000000
1208 -1648.0000000000
1213 -1647.0000000000
1214 -1645.0000000000
1230 -1644.0000000000
1235 -1643.0000000000
1253 -1642.0000000000
1254 -1641.0000000000
1255 -1640.0000000000
1261 -1639.0000000000
1269 -1637.0000000000
1272 -1636.0000000000
1273 -1635.0000000000
1276 -1634.0000000000
1290 -1633.0000000000
1293 -1632.0000000000
1297 -1631.0000000000
1298 -1629.0000000000
1306 -1628.0000000000
1311 -1627.0000000000
1315 -1626.0000000000
1318 -1625.0000000000
1320 -1624.0000000000
1326 -1623.0000000000
1327 -1622.0000000000
1331 -1621.0000000000
1334 -1620.0000000000
1335 -1619.0000000000
1339 -1618.0000000000
1342 -1617.0000000000
1347 -1616.0000000000
1349 -1615.0000000000
1365 -1613.0000000000
1370 -1612.0000000000
1371 -1611.0000000000
1381 -1609.0000000000
1395 -1607.0000000000
1406 -1606.0000000000
1407 -1605.0000000000
1416 -1603.0000000000
1425 -1602.0000000000
1430 -1601.0000000000
1441 -1600.0000000000
1446 -1599.0000000000
1447 -1598.0000000000
1449 -1597.0000000000
1452 -1596.0000000000
1457 -1595.0000000000
1459 -1594.0000000000
1460 -1593.0000000000
1462 -1592.0000000000
1467 -1591.0000000000
1476 -1589.0000000000
1479 -1588.0000000000
1500 -1587.0000000000
1508 -1586.0000000000
1512 -1585.0000000000
1516 -1583.0000000000
1517 -1582.0000000000
1521 -1581.0000000000
1525 -1580.0000000000
1527 -1579.0000000000
1528 -1578.0000000000
1530 -1576.0000000000
1535 -1575.0000000000
1536 -1574.0000000000
1538 -1573.0000000000
1552 -1572.0000000000
1555 -1569.0000000000
1565 -1567.0000000000
1566 -1566.0000000000
1573 -1565.0000000000
1576 -1564.0000000000
1577 -1563.0000000000
1581 -1562.0000000000
1582 -1560.0000000000
1586 -1559.0000000000
1590 -1558.0000000000
1595 -1557.0000000000
1600 -1556.0000000000
1606 -1554.0000000000
1607 -1553.0000000000
1617 -1552.0000000000
1618 -1551.0000000000
1622 -1550.0000000000
1629 -1549.0000000000
1630 -1548.0000000000
1631 -1547.0000000000
1632 -1545.0000000000
1650 -1544.0000000000
1655 -1542.0000000000
1656 -1540.0000000000
1658 -1539.0000000000
1665 -1536.0000000000
1666 -1535.0000000000
1674 -1533.0000000000
1678 -1532.0000000000
1682 -1531.0000000000
1691 -1530.0000000000
1694 -1529.0000000000
1695 -1527.0000000000
1699 -1526.0000000000
1701 -1525.0000000000
1707 -1524.0000000000
1722 -1523.0000000000
1725 -1522.0000000000
1728 -1521.0000000000
1735 -1520.0000000000
1742 -1519.0000000000
1751 -1518.0000000000
1754 -1516.0000000000
1756 -1515.0000000000
1764 -1514.0000000000
1766 -1513.0000000000
1777 -1512.0000000000
1781 -1510.0000000000
1792 -1509.0000000000
1798 -1508.0000000000
1799 -1507.0000000000
1808 -1506.0000000000
1809 -1505.0000000000
1820 -1504.0000000000
1824 -1503.0000000000
1825 -1502.0000000000
1831 -1501.0000000000
1837 -1500.0000000000
1841 -1499.0000000000
1843 -1498.0000000000
1846 -1497.0000000000
1852 -1496.0000000000
1862 -1495.0000000000
1863 -1494.0000000000
1869 -1493.0000000000
1881 -1492.0000000000
1892 -1491.0000000000
1898 -1490.0000000000
1912 -1488.0000000000
1917 -1487.0000000000
1923 -1486.0000000000
1925 -1485.0000000000
1926 -1484.0000000000
1929 -1483.0000000000
1932 -1482.0000000000
1935 -1480.0000000000
1952 -1477.0000000000
1955 -1476.0000000000
1962 -1475.0000000000
1967 -1474.0000000000
1971 -1473.0000000000
1974 -1472.0000000000
1981 -1471.0000000000
1982 -1470.0000000000
1994 -1469.0000000000
1995 -1467.0000000000
2002 -1466.0000000000
2003 -1465.0000000000
2006 -1463.0000000000
2007 -1462.0000000000
2013 -1461.0000000000
2028 -1460.0000000000
2036 -1459.0000000000
2044 -1458.0000000000
2049 -1455.0000000000
2050 -1454.0000000000
2052 -1453.0000000000
2054 -1452.0000000000
2055 -1451.0000000000
2056 -1449.0000000000
2059 -1448.0000000000
2076 -1447.0000000000
2077 -1445.0000000000
2079 -1443.0000000000
2080 -1442.0000000000
2082 -1441.0000000000
2083 -1440.0000000000
2085 -1439.0000000000
2088 -1438.0000000000
2095 -1437.0000000000
2097 -1436.0000000000
2101 -1435.0000000000
2103 -1434.0000000000
2104 -1433.0000000000
2111 -1432.0000000000
2112 -1431.0000000000
2116 -1430.0000000000
2118 -1429.0000000000
2122 -1427.0000000000
2123 -1425.0000000000
2126 -1424.0000000000
2129 -1423.0000000000
2130 -1422.0000000000
2136 -1421.0000000000
2148 -1420.0000000000
2154 -1418.0000000000
2157 -1417.0000000000
2161 -1415.0000000000
2169 -1414.0000000000
2171 -1413.0000000000
2180 -1412.0000000000
2181 -1411.0000000000
2183 -1410.0000000000
2189 -1409.0000000000
2200 -1407.0000000000
2201 -1406.0000000000
2208 -1405.0000000000
2210 -1403.0000000000
2212 -1402.0000000000
2219 -1401.0000000000
2222 -1400.0000000000
2227 -1399.0000000000
2228 -1398.0000000000
2232 -1397.0000000000
2238 -1396.0000000000
2243 -1395.0000000000
2244 -1394.0000000000
2246 -1393.0000000000
2248 -1392.0000000000
2265 -1391.0000000000
2267 -1390.0000000000
2279 -1389.0000000000
2289 -1387.0000000000
2290 -1386.0000000000
2296 -1385.0000000000
2309 -1383.0000000000
2310 -1382.0000000000
2315 -1380.0000000000
2321 -1379.0000000000
2322 -1378.0000000000
2324 -1377.0000000000
2329 -1376.0000000000
2333 -1375.0000000000
2344 -1374.0000000000
2361 -1372.0000000000
2363 -1369.0000000000
2365 -1368.0000000000
2366 -1367.0000000000
2368 -1365.0000000000
2369 -1363.0000000000
2377 -1362.0000000000
2378 -1361.0000000000
2383 -1360.0000000000
2387 -1358.0000000000
2393 -1357.0000000000
2399 -1356.0000000000
2414 -1354.0000000000
2415 -1353.0000000000
2420 -1352.0000000000
2424 -1351.0000000000
2426 -1350.0000000000
2433 -1349.0000000000
2449 -1348.0000000000
2455 -1346.0000000000
2463 -1345.0000000000
2472 -1343.0000000000
2483 -1342.0000000000
2486 -1340.0000000000
2487 -1339.0000000000
2492 -1338.0000000000
2494 -1337.0000000000
2498 -1336.0000000000
2501 -1335.0000000000
2502 -1334.0000000000
2514 -1333.0000000000
2522 -1331.0000000000
2527 -1330.0000000000
2537 -1329.0000000000
2542 -1328.0000000000
2550 -1327.0000000000
2554 -1326.0000000000
2560 -1325.0000000000
2564 -1324.0000000000
2565 -1323.0000000000
2566 -1321.0000000000
2572 -1320.0000000000
2579 -1319.0000000000
2581 -1318.0000000000
2582 -1317.0000000000
2583 -1316.0000000000
2587 -1314.0000000000
2593 -1312.0000000000
2597 -1311.0000000000
2601 -1310.0000000000
2602 -1309.0000000000
2604 -1308.0000000000
2605 -1307.0000000000
2629 -1306.0000000000
2630 -1305.0000000000
2632 -1304.0000000000
2635 -1303.0000000000
2637 -1302.0000000000
2638 -1301.0000000000
2644 -1298.0000000000
2654 -1297.0000000000
2657 -1296.0000000000
2659 -1295.0000000000
2663 -1294.0000000000
2667 -1293.0000000000
2673 -1291.0000000000
2678 -1289.0000000000
2679 -1288.0000000000
2700 -1287.0000000000
2727 -1286.0000000000
2734 -1285.0000000000
2735 -1282.0000000000
2753 -1281.0000000000
2756 -1280.0000000000
2758 -1279.0000000000
2767 -1278.0000000000
2774 -1277.0000000000
2779 -1276.0000000000
2786 -1275.0000000000
2799 -1274.0000000000
2807 -1273.0000000000
2817 -1272.0000000000
2819 -1271.0000000000
2822 -1270.0000000000
2828 -1269.0000000000
2829 -1268.0000000000
2837 -1267.0000000000
2855 -1266.0000000000
2857 -1265.0000000000
2858 -1264.0000000000
2862 -1263.0000000000
2869 -1262.0000000000
2871 -1260.0000000000
2881 -1259.0000000000
2884 -1258.0000000000
2887 -1257.0000000000
2892 -1256.0000000000
2901 -1255.0000000000
2914 -1254.0000000000
2922 -1253.0000000000
2925 -1252.0000000000
2939 -1251.0000000000
2941 -1250.0000000000
2944 -1249.0000000000
2947 -1248.0000000000
2949 -1247.0000000000
2965 -1246.0000000000
2977 -1245.0000000000
2982 -1244.0000000000
2983 -1243.0000000000
2986 -1242.0000000000
2994 -1241.0000000000
3020 -1240.0000000000
3026 -1239.0000000000
3030 -1238.0000000000
3036 -1237.0000000000
3056 -1236.0000000000
3059 -1234.0000000000
3062 -1232.0000000000
3071 -1230.0000000000
3085 -1229.0000000000
3098 -1228.0000000000
3099 -1227.0000000000
3101 -1226.0000000000
3108 -1225.0000000000
3117 -1224.0000000000
3132 -1223.0000000000
3133 -1222.0000000000
3142 -1221.0000000000
3144 -1220.0000000000
3154 -1219.0000000000
3158 -1218.0000000000
3160 -1216.0000000000
3162 -1215.0000000000
3164 -1213.0000000000
3177 -1212.0000000000
3184 -1210.0000000000
3187 -1209.0000000000
3191 -1208.0000000000
3195 -1207.0000000000
3201 -1206.0000000000
3202 -1205.0000000000
3206 -1204.0000000000
3209 -1203.0000000000
3211 -1202.0000000000
3216 -1201.0000000000
3227 -1200.0000000000
3232 -1199.0000000000
3245 -1198.0000000000
3248 -1197.0000000000
3259 -1196.0000000000
3267 -1195.0000000000
3285 -1194.0000000000
3294 -1193.0000000000
3296 -1192.0000000000
3299 -1191.0000000000
3300 -1190.0000000000
3301 -1189.0000000000
3310 -1188.0000000000
3323 -1186.0000000000
3332 -1185.0000000000
3334 -1184.0000000000
3337 -1183.0000000000
3371 -1182.0000000000
3372 -1181.0000000000
3383 -1180.0000000000
3384 -1179.0000000000
3389 -1178.0000000000
3395 -1177.0000000000
3419 -1176.0000000000
3431 -1175.0000000000
3441 -1174.0000000000
3451 -1173.0000000000
3453 -1172.0000000000
3462 -1171.0000000000
3472 -1170.0000000000
3478 -1169.0000000000
3481 -1168.0000000000
3483 -1167.0000000000
3484 -1166.0000000000
3490 -1165.0000000000
3491 -1164.0000000000
3503 -1163.0000000000
3516 -1162.0000000000
3519 -1161.0000000000
3526 -1160.0000000000
3543 -1159.0000000000
3561 -1158.0000000000
3566 -1157.0000000000
3571 -1156.0000000000
3576 -1155.0000000000
3582 -1153.0000000000
3584 -1152.0000000000
3586 -1151.0000000000
3588 -1150.0000000000
3591 -1149.0000000000
3595 -1147.0000000000
3599 -1146.0000000000
3608 -1145.0000000000
3611 -1144.0000000000
3615 -1143.0000000000
3637 -1142.0000000000
3641 -1141.0000000000
3642 -1140.0000000000
3645 -1139.0000000000
3651 -1137.0000000000
3656 -1136.0000000000
3659 -1135.0000000000
3669 -1134.0000000000
3673 -1133.0000000000
3679 -1132.0000000000
3712 -1131.0000000000
3721 -1130.0000000000
3737 -1129.0000000000
3738 -1128.0000000000
3758 -1127.0000000000
3766 -1125.0000000000
3795 -1124.0000000000
3812 -1123.0000000000
3815 -1122.0000000000
3818 -1121.0000000000
3824 -1120.0000000000
3830 -1119.0000000000
3842 -1118.0000000000
3862 -1117.0000000000
3865 -1116.0000000000
3870 -1115.0000000000
3871 -1114.0000000000
3877 -1112.0000000000
3892 -1111.0000000000
3900 -1110.0000000000
3901 -1108.0000000000
3908 -1106.0000000000
3911 -1105.0000000000
3916 -1104.0000000000
3918 -1103.0000000000
3921 -1102.0000000000
3929 -1099.0000000000
3932 -1098.0000000000
3937 -1097.0000000000
3939 -1096.0000000000
3942 -1095.0000000000
3944 -1094.0000000000
3950 -1093.0000000000
3956 -1092.0000000000
3967 -1091.0000000000
3985 -1090.0000000000
4010 -1088.0000000000
4024 -1087.0000000000
4027 -1086.0000000000
4039 -1085.0000000000
4053 -1084.0000000000
4057 -1083.0000000000
4077 -1082.0000000000
4081 -1081.0000000000
4084 -1079.0000000000
4091 -1077.0000000000
4106 -1076.0000000000
4107 -1075.0000000000
4119 -1074.0000000000
4126 -1073.0000000000
4127 -1072.0000000000
4131 -1071.0000000000
4134 -1069.0000000000
4176 -1067.0000000000
4178 -1066.0000000000
4189 -1065.0000000000
4210 -1064.0000000000
4230 -1063.0000000000
4244 -1062.0000000000
4258 -1060.0000000000
4264 -1059.0000000000
4267 -1057.0000000000
4275 -1056.0000000000
4278 -1055.0000000000
4281 -1054.0000000000
4283 -1053.0000000000
4286 -1052.0000000000
4290 -1051.0000000000
4294 -1050.0000000000
4297 -1049.0000000000
4304 -1048.0000000000
4324 -1047.0000000000
4328 -1046.0000000000
4330 -1045.0000000000
4344 -1044.0000000000
4348 -1043.0000000000
4349 -1042.0000000000
4353 -1041.0000000000
4359 -1039.0000000000
4361 -1038.0000000000
4371 -1037.0000000000
4387 -1036.0000000000
4392 -1035.0000000000
4403 -1034.0000000000
4410 -1033.0000000000
4411 -1032.0000000000
4415 -1031.0000000000
4420 -1030.0000000000
4428 -1029.0000000000
4429 -1028.0000000000
4444 -1027.0000000000
4451 -1025.0000000000
4475 -1024.0000000000
4480 -1023.0000000000
4481 -1021.0000000000
4498 -1020.0000000000
4510 -1019.0000000000
4525 -1018.0000000000
4549 -1016.0000000000
4556 -1015.0000000000
4600 -1014.0000000000
4601 -1013.0000000000
4604 -1012.0000000000
4618 -1011.0000000000
4619 -1010.0000000000
4627 -1009.0000000000
4633 -1008.0000000000
4635 -1006.0000000000
4649 -1005.0000000000
4654 -1004.0000000000
4666 -1003.0000000000
4671 -1002.0000000000
4684 -1001.0000000000
4685 -999.0000000000
4690 -998.0000000000
4702 -997.0000000000
4703 -996.0000000000
4712 -995.0000000000
4716 -994.0000000000
4723 -993.0000000000
4732 -992.0000000000
4735 -991.0000000000
4746 -990.0000000000
4765 -989.0000000000
4769 -988.0000000000
4771 -987.0000000000
4794 -986.0000000000
4796 -985.0000000000
4805 -984.0000000000
4809 -983.0000000000
4817 -981.0000000000
4821 -980.0000000000
4855 -979.0000000000
4860 -977.0000000000
4878 -976.0000000000
4899 -975.0000000000
4918 -974.0000000000
4920 -973.0000000000
4930 -972.0000000000
4964 -971.0000000000
4989 -970.0000000000
5003 -969.0000000000
5008 -968.0000000000
5029 -967.0000000000
5031 -966.0000000000
5036 -965.0000000000
5038 -964.0000000000
5039 -963.0000000000
5051 -962.0000000000
5057 -960.0000000000
5062 -959.0000000000
5065 -958.0000000000
5068 -957.0000000000
5072 -956.0000000000
5080 -955.0000000000
5084 -954.0000000000
5089 -953.0000000000
5121 -952.0000000000
5134 -949.0000000000
5135 -947.0000000000
5147 -946.0000000000
5157 -945.0000000000
5166 -944.0000000000
5171 -943.0000000000
5196 -942.0000000000
5201 -941.0000000000
5208 -940.0000000000
5212 -939.0000000000
5214 -938.0000000000
5218 -936.0000000000
5231 -935.0000000000
5232 -934.0000000000
5248 -933.0000000000
5249 -932.0000000000
5257 -931.0000000000
5259 -929.0000000000
5270 -928.0000000000
5272 -927.0000000000
5284 -926.0000000000
5288 -925.0000000000
5290 -924.0000000000
5297 -923.0000000000
5299 -922.0000000000
5305 -920.0000000000
5320 -919.0000000000
5325 -918.0000000000
5326 -917.0000000000
5344 -916.0000000000
5347 -915.0000000000
5352 -914.0000000000
5353 -913.0000000000
5374 -912.0000000000
5383 -911.0000000000
5413 -910.0000000000
5428 -909.0000000000
5441 -908.0000000000
5449 -907.0000000000
5457 -906.0000000000
5458 -905.0000000000
5466 -904.0000000000
5494 -903.0000000000
5497 -901.0000000000
5508 -900.0000000000
5512 -898.0000000000
5524 -897.0000000000
5533 -896.0000000000
5538 -895.0000000000
5539 -894.0000000000
5540 -893.0000000000
5555 -892.0000000000
5559 -891.0000000000
5567 -890.0000000000
5569 -889.0000000000
5587 -888.0000000000
5592 -887.0000000000
5593 -886.0000000000
5596 -885.0000000000
5597 -884.0000000000
5601 -882.0000000000
5607 -881.0000000000
5639 -880.0000000000
5644 -879.0000000000
5645 -876.0000000000
5673 -875.0000000000
5681 -874.0000000000
5696 -873.0000000000
5734 -872.0000000000
5739 -871.0000000000
5741 -870.0000000000
5755 -869.0000000000
5779 -868.0000000000
5796 -867.0000000000
5802 -866.0000000000
5812 -865.0000000000
5817 -864.0000000000
5832 -863.0000000000
5852 -862.0000000000
5859 -861.0000000000
5866 -860.0000000000
5884 -859.0000000000
5902 -858.0000000000
5905 -857.0000000000
5910 -856.0000000000
5916 -855.0000000000
5949 -854.0000000000
5968 -853.0000000000
5984 -852.0000000000
6001 -851.0000000000
6022 -850.0000000000
6032 -849.0000000000
6054 -848.0000000000
6076 -847.0000000000
6085 -846.0000000000
6093 -845.0000000000
6100 -844.0000000000
6120 -843.0000000000
6125 -842.0000000000
6155 -841.0000000000
6164 -840.0000000000
6172 -839.0000000000
6174 -838.0000000000
6201 -837.0000000000
6218 -836.0000000000
6221 -834.0000000000
6233 -833.0000000000
6248 -832.0000000000
6253 -831.0000000000
6258 -830.0000000000
6263 -829.0000000000
6293 -828.0000000000
6300 -827.0000000000
6304 -826.0000000000
6310 -825.0000000000
6330 -824.0000000000
6333 -823.0000000000
6357 -822.0000000000
6360 -821.0000000000
6369 -820.0000000000
6379 -818.0000000000
6381 -817.0000000000
6395 -816.0000000000
6408 -815.0000000000
6417 -814.0000000000
6443 -812.0000000000
6457 -811.0000000000
6460 -808.0000000000
6474 -807.0000000000
6475 -806.0000000000
6495 -805.0000000000
6497 -803.0000000000
6518 -802.0000000000
6530 -800.0000000000
6535 -799.0000000000
6552 -798.0000000000
6557 -797.0000000000
6564 -796.0000000000
6573 -795.0000000000
6592 -794.0000000000
6593 -793.0000000000
6604 -792.0000000000
6611 -791.0000000000
6620 -790.0000000000
6675 -789.0000000000
6678 -788.0000000000
6696 -787.0000000000
6698 -785.0000000000
6704 -784.0000000000
6727 -782.0000000000
6735 -781.0000000000
6743 -780.0000000000
6747 -779.0000000000
6748 -778.0000000000
6755 -777.0000000000
6758 -776.0000000000
6765 -775.0000000000
6772 -774.0000000000
6783 -773.0000000000
6794 -772.0000000000
6796 -771.0000000000
6812 -770.0000000000
6819 -769.0000000000
6838 -768.0000000000
6842 -767.0000000000
6851 -766.0000000000
6852 -765.0000000000
6863 -764.0000000000
6877 -763.0000000000
6885 -762.0000000000
6926 -761.0000000000
6932 -760.0000000000
6943 -758.0000000000
6974 -757.0000000000
7005 -756.0000000000
7007 -753.0000000000
7014 -752.0000000000
7044 -750.0000000000
7061 -749.0000000000
7062 -748.0000000000
7079 -747.0000000000
7081 -746.0000000000
7082 -745.0000000000
7101 -744.0000000000
7113 -743.0000000000
7119 -742.0000000000
7162 -741.0000000000
7166 -740.0000000000
7176 -739.0000000000
7177 -738.0000000000
7180 -737.0000000000
7185 -736.0000000000
7193 -735.0000000000
7199 -734.0000000000
7201 -733.0000000000
7243 -732.0000000000
7253 -731.0000000000
7254 -729.0000000000
7259 -728.0000000000
7281 -727.0000000000
7325 -726.0000000000
7344 -725.0000000000
7347 -724.0000000000
7351 -723.0000000000
7357 -722.0000000000
7358 -721.0000000000
7366 -720.0000000000
7369 -719.0000000000
7375 -718.0000000000
7377 -717.0000000000
7378 -716.0000000000
7382 -715.0000000000
7390 -714.0000000000
7410 -713.0000000000
7411 -712.0000000000
7412 -711.0000000000
7419 -710.0000000000
7438 -709.0000000000
7442 -708.0000000000
7444 -707.0000000000
7461 -705.0000000000
7468 -704.0000000000
7485 -702.0000000000
7495 -701.0000000000
7505 -700.0000000000
7512 -699.0000000000
7524 -698.0000000000
7554 -697.0000000000
7660 -696.0000000000
7662 -695.0000000000
7667 -694.0000000000
7674 -693.0000000000
7680 -692.0000000000
7686 -690.0000000000
7714 -689.0000000000
7727 -688.0000000000
7756 -687.0000000000
7764 -686.0000000000
7780 -685.0000000000
7806 -683.0000000000
7834 -682.0000000000
7842 -681.0000000000
7871 -680.0000000000
7872 -679.0000000000
7885 -678.0000000000
7919 -676.0000000000
7922 -675.0000000000
7936 -674.0000000000
7946 -673.0000000000
7969 -672.0000000000
7976 -671.0000000000
7983 -670.0000000000
8004 -669.0000000000
8010 -668.0000000000
8018 -667.0000000000
8020 -666.0000000000
8051 -665.0000000000
8061 -664.0000000000
8063 -663.0000000000
8069 -662.0000000000
8075 -661.0000000000
8077 -660.0000000000
8078 -659.0000000000
8092 -658.0000000000
8099 -657.0000000000
8100 -656.0000000000
8128 -655.0000000000
8147 -654.0000000000
8162 -653.0000000000
8183 -652.0000000000
8184 -651.0000000000
8191 -650.0000000000
8203 -649.0000000000
8210 -648.0000000000
8218 -647.0000000000
8236 -646.0000000000
8259 -644.0000000000
8268 -642.0000000000
8271 -641.0000000000
8274 -640.0000000000
8306 -639.0000000000
8307 -638.0000000000
8326 -636.0000000000
8333 -635.0000000000
8343 -634.0000000000
8344 -633.0000000000
8349 -631.0000000000
8358 -630.0000000000
8361 -629.0000000000
8362 -628.0000000000
8370 -627.0000000000
8378 -626.0000000000
8387 -625.0000000000
8407 -624.0000000000
8420 -623.0000000000
8426 -622.0000000000
8433 -621.0000000000
8444 -620.0000000000
8462 -619.0000000000
8468 -617.0000000000
8472 -616.0000000000
8477 -615.0000000000
8484 -614.0000000000
8491 -613.0000000000
8494 -612.0000000000
8521 -611.0000000000
8533 -610.0000000000
8551 -609.0000000000
8553 -608.0000000000
8555 -607.0000000000
8559 -606.0000000000
8564 -605.0000000000
8572 -604.0000000000
8574 -603.0000000000
8577 -602.0000000000
8581 -601.0000000000
8590 -600.0000000000
8594 -599.0000000000
8636 -598.0000000000
8637 -597.0000000000
8643 -596.0000000000
8652 -595.0000000000
8670 -594.0000000000
8688 -593.0000000000
8730 -592.0000000000
8750 -591.0000000000
8752 -590.0000000000
8763 -589.0000000000
8772 -588.0000000000
8775 -587.0000000000
8777 -586.0000000000
8779 -585.0000000000
8784 -584.0000000000
8792 -583.0000000000
8810 -582.0000000000
8811 -581.0000000000
8827 -580.0000000000
8837 -579.0000000000
8856 -578.0000000000
8859 -577.0000000000
8868 -576.0000000000
8891 -575.0000000000
8948 -574.0000000000
8990 -573.0000000000
9025 -572.0000000000
9045 -571.0000000000
9048 -570.0000000000
9061 -569.0000000000
9089 -567.0000000000
9096 -566.0000000000
9111 -565.0000000000
9115 -564.0000000000
9133 -563.0000000000
9158 -562.0000000000
9159 -561.0000000000
9168 -560.0000000000
9194 -559.0000000000
9213 -558.0000000000
9236 -556.0000000000
9283 -555.0000000000
9293 -554.0000000000
9340 -552.0000000000
9342 -551.0000000000
9364 -550.0000000000
9370 -549.0000000000
9407 -548.0000000000
9411 -547.0000000000
9427 -546.0000000000
9436 -545.0000000000
9471 -544.0000000000
9476 -543.0000000000
9518 -542.0000000000
9592 -541.0000000000
9599 -540.0000000000
9600 -538.0000000000
9605 -537.0000000000
9628 -536.0000000000
9633 -535.0000000000
9655 -534.0000000000
9668 -533.0000000000
9677 -532.0000000000
9685 -531.0000000000
9703 -530.0000000000
9722 -529.0000000000
9766 -528.0000000000
9772 -527.0000000000
9775 -526.0000000000
9787 -525.0000000000
9858 -523.0000000000
9876 -522.0000000000
9880 -521.0000000000
9902 -520.0000000000
9915 -519.0000000000
9955 -518.0000000000
9968 -517.0000000000
9991 -516.0000000000
10000 -516.0000000000
evaluations raw_y
1 -1918.0000000000
2 -1916.0000000000
12 -1915.0000000000
15 -1914.0000000000
17 -1913.0000000000
23 -1912.0000000000
28 -1911.0000000000
29 -1910.0000000000
35 -1909.0000000000
36 -1908.0000000000
41 -1907.0000000000
45 -1906.0000000000
48 -1905.0000000000
56 -1904.0000000000
57 -1903.0000000000
59 -1900.0000000000
61 -1899.0000000000
63 -1898.0000000000
64 -1897.0000000000
67 -1896.0000000000
69 -1894.0000000000
70 -1893.0000000000
71 -1892.0000000000
77 -1891.0000000000
78 -1890.0000000000
94 -1889.0000000000
96 -1888.0000000000
101 -1886.0000000000
103 -1885.0000000000
104 -1884.0000000000
108 -1882.0000000000
111 -1880.0000000000
113 -1879.0000000000
117 -1878.0000000000
124 -1876.0000000000
130 -1875.0000000000
132 -1874.0000000000
135 -1873.0000000000
146 -1872.0000000000
151 -1871.0000000000
155 -1870.0000000000
157 -1868.0000000000
162 -1867.0000000000
164 -1865.0000000000
165 -1863.0000000000
170 -1861.0000000000
172 -1859.0000000000
179 -1858.0000000000
182 -1857.0000000000
184 -1855.0000000000
186 -1853.0000000000
200 -1852.0000000000
202 -1851.0000000000
205 -1850.0000000000
208 -1849.0000000000
210 -1848.0000000000
211 -1845.0000000000
218 -1844.0000000000
220 -1843.0000000000
224 -1842.0000000000
235 -1841.0000000000
237 -1840.0000000000
246 -1839.0000000000
258 -1838.0000000000
259 -1837.0000000000
264 -1836.0000000000
266 -1835.0000000000
267 -1834.0000000000
275 -1833.0000000000
278 -1832.0000000000
286 -1831.0000000000
288 -1830.0000000000
291 -1829.0000000000
294 -1828.0000000000
298 -1827.0000000000
302 -1826.0000000000
304 -1825.0000000000
305 -1824.0000000000
307 -1822.0000000000
318 -1820.0000000000
326 -1819.0000000000
331 -1818.0000000000
338 -1817.0000000000
341 -1815.0000000000
343 -1814.0000000000
345 -1812.0000000000
347 -1811.0000000000
348 -1809.0000000000
350 -1808.0000000000
351 -1807.0000000000
355 -1806.0000000000
358 -1805.0000000000
363 -1804.0000000000
369 -1803.0000000000
372 -1801.0000000000
373 -1800.0000000000
380 -1799.0000000000
388 -1797.0000000000
391 -1794.0000000000
395 -1793.0000000000
396 -1792.0000000000
399 -1791.0000000000
405 -1789.0000000000
406 -1787.0000000000
412 -1786.0000000000
413 -1784.0000000000
416 -1782.0000000000
426 -1781.0000000000
429 -1780.0000000000
433 -1779.0000000000
446 -1778.0000000000
447 -1777.0000000000
458 -1776.0000000000
459 -1775.0000000000
460 -1774.0000000000
461 -1773.0000000000
470 -1772.0000000000
471 -1771.0000000000
475 -1770.0000000000
476 -1769.0000000000
477 -1767.0000000000
484 -1766.0000000000
492 -1765.0000000000
506 -1764.0000000000
508 -1763.0000000000
515 -1762.0000000000
518 -1761.0000000000
519 -1760.0000000000
524 -1759.0000000000
531 -1758.0000000000
533 -1756.0000000000
536 -1755.0000000000
543 -1754.0000000000
549 -1753.0000000000
556 -1752.0000000000
563 -1751.0000000000
566 -1749.0000000000
568 -1748.0000000000
571 -1747.0000000000
573 -1746.0000000000
580 -1745.0000000000
581 -1743.0000000000
583 -1742.0000000000
596 -1741.0000000000
598 -1740.0000000000
599 -1739.0000000000
604 -1738.0000000000
605 -1737.0000000000
613 -1736.0000000000
614 -1734.0000000000
616 -1733.0000000000
619 -1732.0000000000
624 -1731.0000000000
625 -1730.0000000000
633 -1729.0000000000
635 -1727.0000000000
644 -1726.0000000000
651 -1725.0000000000
655 -1724.0000000000
663 -1723.0000000000
664 -1721.0000000000
666 -1720.0000000000
667 -1718.0000000000
671 -1717.0000000000
673 -1716.0000000000
680 -1715.0000000000
685 -1713.0000000000
686 -1711.0000000000
699 -1710.0000000000
712 -1708.0000000000
720 -1707.0000000000
738 -1706.0000000000
741 -1705.0000000000
751 -1704.0000000000
754 -1703.0000000000
765 -1702.0000000000
767 -1701.0000000000
768 -1700.0000000000
770 -1699.0000000000
782 -1698.0000000000
791 -1697.0000000000
793 -1696.0000000000
800 -1695.0000000000
804 -1694.0000000000
809 -1693.0000000000
815 -1692.0000000000
820 -1691.0000000000
822 -1689.0000000000
823 -1688.0000000000
824 -1687.0000000000
827 -1686.0000000000
839 -1685.0000000000
841 -1684.0000000000
842 -1681.0000000000
844 -1680.0000000000
847 -1679.0000000000
854 -1678.0000000000
855 -1677.0000000000
858 -1676.0000000000
860 -1675.0000000000
861 -1674.0000000000
862 -1673.0000000000
870 -1672.0000000000
875 -1671.0000000000
880 -1670.0000000000
892 -1669.0000000000
899 -1666.0000000000
900 -1665.0000000000
908 -1664.0000000000
912 -1661.0000000000
914 -1660.0000000000
915 -1659.0000000000
917 -1658.0000000000
920 -1657.0000000000
926 -1656.0000000000
928 -1655.0000000000
935 -1654.0000000000
941 -1653.0000000000
947 -1652.0000000000
948 -1651.0000000000
950 -1650.0000000000
953 -1649.0000000000
954 -1648.0000000000
957 -1645.0000000000
962 -1644.0000000000
963 -1643.0000000000
965 -1642.0000000000
966 -1641.0000000000
968 -1639.0000000000
971 -1638.0000000000
974 -1637.0000000000
982 -1636.0000000000
986 -1634.0000000000
1006 -1633.0000000000
1008 -1632.0000000000
1011 -1631.0000000000
1018 -1630.0000000000
1022 -1629.0000000000
1027 -1628.0000000000
1036 -1626.0000000000
1039 -1625.0000000000
1046 -1623.0000000000
1059 -1622.0000000000
1075 -1621.0000000000
1088 -1620.0000000000
1092 -1619.0000000000
1094 -1618.0000000000
1100 -1617.0000000000
1101 -1616.0000000000
1105 -1615.0000000000
1107 -1614.0000000000
1113 -1613.0000000000
1120 -1612.0000000000
1125 -1611.0000000000
1129 -1609.0000000000
1133 -1608.0000000000
1135 -1607.0000000000
1143 -1606.0000000000
1151 -1604.0000000000
1152 -1603.0000000000
1154 -1602.0000000000
1155 -1601.0000000000
1163 -1599.0000000000
1164 -1598.0000000000
1166 -1597.0000000000
1170 -1595.0000000000
1174 -1594.0000000000
1178 -1592.0000000000
1179 -1590.0000000000
1182 -1589.0000000000
1185 -1588.0000000000
1200 -1585.0000000000
1203 -1584.0000000000
1209 -1583.0000000000
1216 -1582.0000000000
1221 -1581.0000000000
1231 -1578.0000000000
1233 -1577.0000000000
1237 -1576.0000000000
1239 -1575.0000000000
1240 -1574.0000000000
1241 -1573.0000000000
1243 -1572.0000000000
1250 -1571.0000000000
1252 -1570.0000000000
1255 -1569.0000000000
1257 -1568.0000000000
1258 -1567.0000000000
1268 -1566.0000000000
1269 -1565.0000000000
1270 -1564.0000000000
1282 -1563.0000000000
1293 -1562.0000000000
1299 -1561.0000000000
1304 -1559.0000000000
1313 -1558.0000000000
1315 -1557.0000000000
1321 -1556.0000000000
1325 -1554.0000000000
1330 -1553.0000000000
1333 -1551.0000000000
1334 -1550.0000000000
1339 -1548.0000000000
1343 -1547.0000000000
1348 -1546.0000000000
1351 -1545.0000000000
1357 -1544.0000000000
1358 -1543.0000000000
1362 -1542.0000000000
1369 -1541.0000000000
1378 -1540.0000000000
1380 -1539.0000000000
1381 -1536.0000000000
1397 -1535.0000000000
1401 -1534.0000000000
1402 -1533.0000000000
1405 -1532.0000000000
1409 -1531.0000000000
1413 -1530.0000000000
1420 -1529.0000000000
1423 -1528.0000000000
1425 -1527.0000000000
1432 -1525.0000000000
1438 -1524.0000000000
1452 -1523.0000000000
1455 -1522.0000000000
1459 -1521.0000000000
1472 -1519.0000000000
1475 -1518.0000000000
1479 -1516.0000000000
1480 -1515.0000000000
1481 -1514.0000000000
1482 -1513.0000000000
1488 -1512.0000000000
1493 -1511.0000000000
1494 -1510.0000000000
1495 -1509.0000000000
1499 -1508.0000000000
1501 -1507.0000000000
1503 -1505.0000000000
1512 -1503.0000000000
1513 -1502.0000000000
1516 -1500.0000000000
1518 -1499.0000000000
1535 -1498.0000000000
1547 -1497.0000000000
1552 -1496.0000000000
1561 -1495.0000000000
1564 -1494.0000000000
1571 -1493.0000000000
1573 -1492.0000000000
1582 -1491.0000000000
1584 -1490.0000000000
1587 -1489.0000000000
1597 -1488.0000000000
1599 -1487.0000000000
1603 -1486.0000000000
1613 -1485.0000000000
1620 -1484.0000000000
1626 -1483.0000000000
1629 -1482.0000000000
1651 -1480.0000000000
1654 -1479.0000000000
1657 -1478.0000000000
1659 -1476.0000000000
1660 -1474.0000000000
1661 -1473.0000000000
1678 -1472.0000000000
1682 -1471.0000000000
1689 -1470.0000000000
1692 -1469.0000000000
1697 -1468.0000000000
1701 -1467.0000000000
1704 -1466.0000000000
1706 -1465.0000000000
1707 -1464.0000000000
1708 -1463.0000000000
1709 -1462.0000000000
1711 -1460.0000000000
1718 -1459.0000000000
1721 -1458.0000000000
1723 -1456.0000000000
1741 -1455.0000000000
1742 -1453.0000000000
1745 -1452.0000000000
1758 -1451.0000000000
1770 -1450.0000000000
1792 -1449.0000000000
1799 -1448.0000000000
1800 -1447.0000000000
1805 -1446.0000000000
1806 -1445.0000000000
1809 -1444.0000000000
1814 -1443.0000000000
1817 -1441.0000000000
1820 -1440.0000000000
1825 -1439.0000000000
1828 -1438.0000000000
1830 -1436.0000000000
1846 -1435.0000000000
1853 -1433.0000000000
1856 -1432.0000000000
1863 -1431.0000000000
1870 -1430.0000000000
1871 -1429.0000000000
1876 -1428.0000000000
1878 -1427.0000000000
1888 -1426.0000000000
1907 -1425.0000000000
1908 -1424.0000000000
1915 -1423.0000000000
1918 -1422.0000000000
1919 -1420.0000000000
1921 -1419.0000000000
1922 -1418.0000000000
1932 -1417.0000000000
1945 -1416.0000000000
1949 -1415.0000000000
1953 -1413.0000000000
1959 -1411.0000000000
1967 -1410.0000000000
1968 -1409.0000000000
1970 -1408.0000000000
1981 -1407.0000000000
1987 -1406.0000000000
1988 -1405.0000000000
1989 -1404.0000000000
1998 -1403.0000000000
2012 -1402.0000000000
2024 -1401.0000000000
2025 -1400.0000000000
2032 -1399.0000000000
2037 -1398.0000000000
2072 -1397.0000000000
2075 -1396.0000000000
2078 -1395.0000000000
2083 -1393.0000000000
2087 -1392.0000000000
2098 -1391.0000000000
2099 -1390.0000000000
2109 -1389.0000000000
2111 -1387.0000000000
2112 -1385.0000000000
2113 -1383.0000000000
2123 -1382.0000000000
2136 -1381.0000000000
2140 -1380.0000000000
2142 -1379.0000000000
2157 -1378.0000000000
2158 -1377.0000000000
2159 -1376.0000000000
2160 -1375.0000000000
2164 -1374.0000000000
2174 -1373.0000000000
2180 -1372.0000000000
2181 -1371.0000000000
2203 -1370.0000000000
2206 -1369.0000000000
2213 -1368.0000000000
2214 -1367.0000000000
2215 -1365.0000000000
2232 -1364.0000000000
2235 -1363.0000000000
2240 -1362.0000000000
2241 -1360.0000000000
2248 -1359.0000000000
2262 -1358.0000000000
2263 -1357.0000000000
2273 -1356.0000000000
2280 -1355.0000000000
2292 -1354.0000000000
2303 -1353.0000000000
2305 -1352.0000000000
2311 -1350.0000000000
2313 -1349.0000000000
2325 -1348.0000000000
2332 -1347.0000000000
2333 -1346.0000000000
2340 -1345.0000000000
2346 -1344.0000000000
2355 -1343.0000000000
2363 -1342.0000000000
2379 -1341.0000000000
2380 -1340.0000000000
2383 -1339.0000000000
2397 -1338.0000000000
2413 -1337.0000000000
2430 -1336.0000000000
2431 -1334.0000000000
2433 -1333.0000000000
2442 -1332.0000000000
2444 -1331.0000000000
2445 -1330.0000000000
2451 -1329.0000000000
2462 -1328.0000000000
2472 -1327.0000000000
2476 -1325.0000000000
2477 -1324.0000000000
2483 -1322.0000000000
2491 -1321.0000000000
2493 -1319.0000000000
2494 -1318.0000000000
2500 -1316.0000000000
2510 -1315.0000000000
2513 -1314.0000000000
2514 -1313.0000000000
2517 -1312.0000000000
2527 -1311.0000000000
2528 -1310.0000000000
2531 -1309.0000000000
2534 -1308.0000000000
2535 -1307.0000000000
2541 -1306.0000000000
2542 -1305.0000000000
2543 -1303.0000000000
2546 -1302.0000000000
2552 -1301.0000000000
2559 -1300.0000000000
2561 -1299.0000000000
2564 -1298.0000000000
2577 -1297.0000000000
2581 -1295.0000000000
2582 -1292.0000000000
2588 -1291.0000000000
2590 -1289.0000000000
2620 -1288.0000000000
2633 -1287.0000000000
2640 -1286.0000000000
2643 -1285.0000000000
2646 -1282.0000000000
2650 -1281.0000000000
2651 -1280.0000000000
2658 -1279.0000000000
2669 -1278.0000000000
2671 -1277.0000000000
2672 -1276.0000000000
2684 -1275.0000000000
2696 -1274.0000000000
2706 -1273.0000000000
2707 -1272.0000000000
2725 -1269.0000000000
2727 -1268.0000000000
2739 -1267.0000000000
2742 -1266.0000000000
2744 -1265.0000000000
2747 -1264.0000000000
2750 -1263.0000000000
2751 -1262.0000000000
2753 -1261.0000000000
2755 -1260.0000000000
2760 -1259.0000000000
2762 -1258.0000000000
2778 -1257.0000000000
2798 -1256.0000000000
2799 -1255.0000000000
2804 -1253.0000000000
2806 -1252.0000000000
2809 -1251.0000000000
2815 -1250.0000000000
2828 -1249.0000000000
2832 -1248.0000000000
2838 -1247.0000000000
2842 -1246.0000000000
2845 -1245.0000000000
2865 -1244.0000000000
2872 -1243.0000000000
2884 -1241.0000000000
2899 -1240.0000000000
2900 -1239.0000000000
2904 -1238.0000000000
2908 -1237.0000000000
2917 -1236.0000000000
2920 -1235.0000000000
2923 -1233.0000000000
2924 -1232.0000000000
2925 -1230.0000000000
2926 -1229.0000000000
2935 -1228.0000000000
2936 -1227.0000000000
2947 -1226.0000000000
2949 -1225.0000000000
2950 -1224.0000000000
2956 -1223.0000000000
2963 -1222.0000000000
2976 -1221.0000000000
2988 -1219.0000000000
2994 -1218.0000000000
3004 -1217.0000000000
3016 -1216.0000000000
3020 -1215.0000000000
3022 -1213.0000000000
3028 -1212.0000000000
3031 -1211.0000000000
3037 -1210.0000000000
3044 -1209.0000000000
3048 -1208.0000000000
3052 -1206.0000000000
3053 -1204.0000000000
3058 -1203.0000000000
3061 -1202.0000000000
3082 -1201.0000000000
3091 -1200.0000000000
3092 -1199.0000000000
3096 -1198.0000000000
3097 -1197.0000000000
3112 -1196.0000000000
3116 -1195.0000000000
3127 -1194.0000000000
3139 -1192.0000000000
3141 -1191.0000000000
3148 -1190.0000000000
3157 -1188.0000000000
3179 -1187.0000000000
3180 -1186.0000000000
3189 -1185.0000000000
3203 -1183.0000000000
3204 -1181.0000000000
3207 -1179.0000000000
3211 -1178.0000000000
3231 -1177.0000000000
3236 -1176.0000000000
3246 -1175.0000000000
3249 -1174.0000000000
3256 -1173.0000000000
3262 -1170.0000000000
3265 -1169.0000000000
3266 -1168.0000000000
3272 -1166.0000000000
3277 -1165.0000000000
3283 -1164.0000000000
3288 -1163.0000000000
3300 -1161.0000000000
3303 -1160.0000000000
3308 -1159.0000000000
3309 -1158.0000000000
3317 -1157.0000000000
3320 -1156.0000000000
3326 -1155.0000000000
3350 -1154.0000000000
3382 -1153.0000000000
3388 -1152.0000000000
3403 -1150.0000000000
3417 -1148.0000000000
3438 -1147.0000000000
3448 -1146.0000000000
3491 -1145.0000000000
3497 -1144.0000000000
3499 -1143.0000000000
3502 -1142.0000000000
3509 -1141.0000000000
3517 -1140.0000000000
3535 -1139.0000000000
3544 -1138.0000000000
3553 -1137.0000000000
3554 -1136.0000000000
3582 -1135.0000000000
3583 -1134.0000000000
3611 -1133.0000000000
3624 -1132.0000000000
3629 -1131.0000000000
3645 -1130.0000000000
3663 -1129.0000000000
3668 -1128.0000000000
3675 -1127.0000000000
3689 -1126.0000000000
3692 -1125.0000000000
3693 -1124.0000000000
3707 -1123.0000000000
3718 -1122.0000000000
3722 -1120.0000000000
3726 -1118.0000000000
3743 -1117.0000000000
3744 -1116.0000000000
3745 -1115.0000000000
3748 -1114.0000000000
3758 -1113.0000000000
3765 -1112.0000000000
3776 -1111.0000000000
3777 -1110.0000000000
3783 -1109.0000000000
3792 -1107.0000000000
3794 -1106.0000000000
3795 -1105.0000000000
3811 -1104.0000000000
3835 -1103.0000000000
3837 -1102.0000000000
3846 -1101.0000000000
3848 -1100.0000000000
3850 -1099.0000000000
3853 -1098.0000000000
3856 -1097.0000000000
3870 -1096.0000000000
3886 -1095.0000000000
3887 -1094.0000000000
3888 -1093.0000000000
3894 -1091.0000000000
3897 -1090.0000000000
3899 -1089.0000000000
3900 -1088.0000000000
3907 -1087.0000000000
3926 -1085.0000000000
3928 -1084.0000000000
3937 -1083.0000000000
3944 -1082.0000000000
3971 -1081.0000000000
3981 -1080.0000000000
3985 -1079.0000000000
3991 -1078.0000000000
4014 -1077.0000000000
4021 -1076.0000000000
4031 -1075.0000000000
4032 -1074.0000000000
4068 -1072.0000000000
4091 -1071.0000000000
4100 -1070.0000000000
4102 -1069.0000000000
4112 -1068.0000000000
4124 -1067.0000000000
4139 -1066.0000000000
4148 -1065.0000000000
4160 -1062.0000000000
4187 -1061.0000000000
4198 -1059.0000000000
4216 -1058.0000000000
4222 -1057.0000000000
4226 -1056.0000000000
4252 -1055.0000000000
4259 -1053.0000000000
4261 -1051.0000000000
4272 -1050.0000000000
4288 -1049.0000000000
4294 -1048.0000000000
4295 -1047.0000000000
4304 -1046.0000000000
4325 -1045.0000000000
4331 -1044.0000000000
4336 -1043.0000000000
4340 -1042.0000000000
4349 -1041.0000000000
4352 -1039.0000000000
4354 -1038.0000000000
4363 -1036.0000000000
4422 -1035.0000000000
4423 -1034.0000000000
4428 -1032.0000000000
4442 -1031.0000000000
4453 -1030.0000000000
4467 -1029.0000000000
4468 -1028.0000000000
4481 -1027.0000000000
4508 -1025.0000000000
4517 -1023.0000000000
4523 -1021.0000000000
4542 -1020.0000000000
4543 -1019.0000000000
4544 -1018.0000000000
4552 -1016.0000000000
4553 -1015.0000000000
4555 -1014.0000000000
4558 -1013.0000000000
4560 -1012.0000000000
4561 -1010.0000000000
4578 -1009.0000000000
4581 -1007.0000000000
4583 -1006.0000000000
4585 -1005.0000000000
4591 -1004.0000000000
4592 -1002.0000000000
4600 -1001.0000000000
4605 -1000.0000000000
4609 -998.0000000000
4626 -997.0000000000
4639 -996.0000000000
4650 -994.0000000000
4674 -993.0000000000
4677 -991.0000000000
4679 -990.0000000000
4714 -989.0000000000
4732 -987.0000000000
4760 -986.0000000000
4764 -985.0000000000
4772 -984.0000000000
4789 -983.0000000000
4793 -982.0000000000
4800 -981.0000000000
4802 -980.0000000000
4813 -978.0000000000
4817 -977.0000000000
4832 -976.0000000000
4843 -975.0000000000
4845 -974.0000000000
4871 -973.0000000000
4879 -972.0000000000
4880 -971.0000000000
4893 -970.0000000000
4905 -969.0000000000
4914 -968.0000000000
4919 -967.0000000000
4921 -966.0000000000
4952 -965.0000000000
4965 -964.0000000000
4967 -963.0000000000
4969 -962.0000000000
4977 -961.0000000000
4984 -960.0000000000
4989 -959.0000000000
4990 -958.0000000000
5010 -957.0000000000
5042 -956.0000000000
5045 -955.0000000000
5046 -954.0000000000
5047 -953.0000000000
5050 -952.0000000000
5055 -951.0000000000
5059 -950.0000000000
5074 -949.0000000000
5091 -948.0000000000
5103 -947.0000000000
5108 -945.0000000000
5110 -944.0000000000
5122 -943.0000000000
5132 -941.0000000000
5139 -940.0000000000
5156 -939.0000000000
5159 -937.0000000000
5182 -936.0000000000
5186 -934.0000000000
5188 -933.0000000000
5213 -932.0000000000
5234 -931.0000000000
5244 -930.0000000000
5250 -929.0000000000
5256 -928.0000000000
5261 -926.0000000000
5273 -925.0000000000
5284 -924.0000000000
5287 -923.0000000000
5311 -921.0000000000
5313 -920.0000000000
5315 -918.0000000000
5316 -916.0000000000
5317 -915.0000000000
5323 -914.0000000000
5327 -913.0000000000
5330 -912.0000000000
5362 -911.0000000000
5368 -910.0000000000
5370 -909.0000000000
5371 -908.0000000000
5381 -907.0000000000
5385 -906.0000000000
5415 -905.0000000000
5420 -904.0000000000
5443 -903.0000000000
5445 -902.0000000000
5457 -901.0000000000
5470 -900.0000000000
5471 -899.0000000000
5475 -898.0000000000
5489 -897.0000000000
5502 -896.0000000000
5596 -895.0000000000
5609 -894.0000000000
5612 -893.0000000000
5617 -892.0000000000
5621 -891.0000000000
5648 -890.0000000000
5650 -889.0000000000
5658 -887.0000000000
5663 -886.0000000000
5664 -885.0000000000
5693 -884.0000000000
5702 -883.0000000000
5710 -882.0000000000
5737 -881.0000000000
5752 -880.0000000000
5756 -879.0000000000
5765 -878.0000000000
5768 -877.0000000000
5784 -876.0000000000
5786 -875.0000000000
5790 -873.0000000000
5810 -872.0000000000
5819 -871.0000000000
5822 -870.0000000000
5824 -869.0000000000
5832 -868.0000000000
5838 -867.0000000000
5854 -866.0000000000
5855 -865.0000000000
5864 -864.0000000000
5865 -863.0000000000
5866 -862.0000000000
5875 -861.0000000000
5885 -860.0000000000
5887 -859.0000000000
5890 -858.0000000000
5898 -857.0000000000
5904 -856.0000000000
5910 -854.0000000000
5912 -853.0000000000
5915 -852.0000000000
5936 -851.0000000000
5948 -850.0000000000
5952 -849.0000000000
5954 -848.0000000000
5964 -847.0000000000
5965 -846.0000000000
5978 -845.0000000000
5985 -844.0000000000
5992 -842.0000000000
6005 -841.0000000000
6010 -840.0000000000
6012 -839.0000000000
6013 -838.0000000000
6021 -837.0000000000
6026 -836.0000000000
6035 -835.0000000000
6041 -834.0000000000
6049 -833.0000000000
6061 -832.0000000000
6069 -831.0000000000
6078 -830.0000000000
6080 -828.0000000000
6105 -827.0000000000
6110 -826.0000000000
6117 -825.0000000000
6124 -824.0000000000
6129 -823.0000000000
6138 -822.0000000000
6161 -821.0000000000
6162 -820.0000000000
6167 -819.0000000000
6180 -818.0000000000
6199 -817.0000000000
6201 -816.0000000000
6203 -815.0000000000
6205 -814.0000000000
6218 -813.0000000000
6226 -811.0000000000
6241 -810.0000000000
6254 -809.0000000000
6263 -808.0000000000
6269 -807.0000000000
6283 -806.0000000000
6290 -805.0000000000
6306 -804.0000000000
6307 -803.0000000000
6328 -802.0000000000
6335 -801.0000000000
6341 -800.0000000000
6355 -799.0000000000
6360 -797.0000000000
6370 -796.0000000000
6372 -795.0000000000
6379 -794.0000000000
6398 -793.0000000000
6399 -792.0000000000
6455 -791.0000000000
6460 -790.0000000000
6462 -789.0000000000
6486 -788.0000000000
6498 -787.0000000000
6504 -785.0000000000
6512 -784.0000000000
6518 -783.0000000000
6519 -782.0000000000
6526 -781.0000000000
6542 -780.0000000000
6556 -779.0000000000
6557 -778.0000000000
6563 -776.0000000000
6576 -775.0000000000
6581 -774.0000000000
6611 -773.0000000000
6616 -772.0000000000
6626 -771.0000000000
6633 -770.0000000000
6640 -769.0000000000
6648 -768.0000000000
6650 -767.0000000000
6654 -766.0000000000
6667 -764.0000000000
6680 -763.0000000000
6720 -762.0000000000
6738 -761.0000000000
6749 -760.0000000000
6782 -759.0000000000
6803 -758.0000000000
6814 -757.0000000000
6817 -756.0000000000
6818 -755.0000000000
6819 -754.0000000000
6826 -753.0000000000
6828 -752.0000000000
6852 -751.0000000000
6856 -750.0000000000
6863 -749.0000000000
6867 -748.0000000000
6868 -747.0000000000
6869 -746.0000000000
6885 -745.0000000000
6887 -744.0000000000
6922 -743.0000000000
6924 -741.0000000000
6929 -740.0000000000
6931 -739.0000000000
6933 -738.0000000000
6936 -737.0000000000
6944 -736.0000000000
6945 -735.0000000000
6960 -734.0000000000
6966 -733.0000000000
6967 -732.0000000000
6982 -731.0000000000
7002 -730.0000000000
7005 -729.0000000000
7017 -728.0000000000
7022 -727.0000000000
7024 -726.0000000000
7035 -725.0000000000
7040 -724.0000000000
7046 -723.0000000000
7075 -722.0000000000
7076 -721.0000000000
7078 -720.0000000000
7086 -719.0000000000
7090 -718.0000000000
7092 -717.0000000000
7093 -716.0000000000
7124 -715.0000000000
7132 -714.0000000000
7140 -713.0000000000
7155 -711.0000000000
7163 -710.0000000000
7171 -709.0000000000
7192 -708.0000000000
7213 -706.0000000000
7234 -705.0000000000
7235 -704.0000000000
7249 -703.0000000000
7254 -701.0000000000
7289 -700.0000000000
7291 -699.0000000000
7294 -698.0000000000
7334 -697.0000000000
7355 -696.0000000000
7358 -695.0000000000
7391 -694.0000000000
7433 -693.0000000000
7437 -692.0000000000
7440 -691.0000000000
7460 -690.0000000000
7475 -689.0000000000
7479 -688.0000000000
7494 -687.0000000000
7499 -686.0000000000
7509 -685.0000000000
7510 -684.0000000000
7518 -683.0000000000
7526 -682.0000000000
7533 -681.0000000000
7541 -680.0000000000
7557 -679.0000000000
7578 -678.0000000000
7583 -677.0000000000
7586 -676.0000000000
7593 -675.0000000000
7619 -674.0000000000
7625 -673.0000000000
7631 -672.0000000000
7635 -671.0000000000
7644 -670.0000000000
7649 -669.0000000000
7663 -668.0000000000
7668 -667.0000000000
7688 -666.0000000000
7707 -664.0000000000
7730 -663.0000000000
7746 -662.0000000000
7766 -661.0000000000
7835 -660.0000000000
7836 -659.0000000000
7840 -658.0000000000
7881 -657.0000000000
7885 -656.0000000000
7910 -655.0000000000
7915 -654.0000000000
7920 -653.0000000000
7938 -652.0000000000
7950 -651.0000000000
7995 -650.0000000000
8019 -647.0000000000
8028 -646.0000000000
8048 -645.0000000000
8070 -644.0000000000
8076 -643.0000000000
8078 -642.0000000000
8081 -641.0000000000
8124 -640.0000000000
8154 -639.0000000000
8172 -638.0000000000
8181 -636.0000000000
8183 -635.0000000000
8192 -634.0000000000
8193 -633.0000000000
8210 -632.0000000000
8212 -631.0000000000
8249 -630.0000000000
8274 -628.0000000000
8304 -627.0000000000
8306 -626.0000000000
8349 -625.0000000000
8353 -623.0000000000
8371 -622.0000000000
8374 -621.0000000000
8375 -620.0000000000
8380 -619.0000000000
8387 -617.0000000000
8416 -616.0000000000
8423 -615.0000000000
8438 -614.0000000000
8450 -613.0000000000
8485 -609.0000000000
8491 -608.0000000000
8527 -607.0000000000
8533 -606.0000000000
8552 -605.0000000000
8573 -604.0000000000
8586 -603.0000000000
8624 -602.0000000000
8633 -600.0000000000
8638 -599.0000000000
8656 -598.0000000000
8671 -597.0000000000
8680 -596.0000000000
8693 -595.0000000000
8702 -594.0000000000
8714 -593.0000000000
8734 -592.0000000000
8755 -591.0000000000
8782 -590.0000000000
8790 -589.0000000000
8812 -587.0000000000
8860 -586.0000000000
8867 -585.0000000000
8888 -583.0000000000
8889 -582.0000000000
8891 -581.0000000000
8915 -579.0000000000
8922 -578.0000000000
8948 -576.0000000000
8951 -575.0000000000
8957 -574.0000000000
8965 -572.0000000000
8985 -570.0000000000
9006 -569.0000000000
9017 -568.0000000000
9034 -567.0000000000
9045 -566.0000000000
9048 -565.0000000000
9059 -564.0000000000
9075 -563.0000000000
9088 -562.0000000000
9089 -561.0000000000
9094 -560.0000000000
9113 -559.0000000000
9152 -558.0000000000
9166 -556.0000000000
9167 -555.0000000000
9207 -554.0000000000
9235 -553.0000000000
9312 -552.0000000000
9325 -551.0000000000
9343 -550.0000000000
9362 -549.0000000000
9376 -548.0000000000
9381 -546.0000000000
9388 -545.0000000000
9419 -544.0000000000
9420 -543.0000000000
9449 -541.0000000000
9455 -540.0000000000
9472 -539.0000000000
9484 -538.0000000000
9498 -537.0000000000
9499 -536.0000000000
9527 -535.0000000000
9554 -534.0000000000
9561 -533.0000000000
9576 -532.0000000000
9587 -531.0000000000
9635 -530.0000000000
9636 -529.0000000000
9638 -528.0000000000
9639 -527.0000000000
9658 -526.0000000000
9677 -525.0000000000
9679 -523.0000000000
9701 -522.0000000000
9711 -521.0000000000
9743 -520.0000000000
9757 -518.0000000000
9790 -517.0000000000
9791 -516.0000000000
9830 -515.0000000000
9986 -514.0000000000
10000 -516.0000000000
evaluations raw_y
1 -2005.0000000000
2 -2003.0000000000
4 -2001.0000000000
12 -2000.0000000000
18 -1998.0000000000
21 -1997.0000000000
22 -1996.0000000000
26 -1994.0000000000
27 -1993.0000000000
28 -1990.0000000000
36 -1989.0000000000
39 -1987.0000000000
44 -1986.0000000000
45 -1985.0000000000
55 -1983.0000000000
64 -1981.0000000000
69 -1980.0000000000
73 -1979.0000000000
74 -1978.0000000000
85 -1977.0000000000
94 -1976.0000000000
95 -1974.0000000000
100 -1972.0000000000
110 -1971.0000000000
113 -1969.0000000000
116 -1968.0000000000
117 -1967.0000000000
120 -1966.0000000000
131 -1965.0000000000
137 -1964.0000000000
139 -1963.0000000000
142 -1962.0000000000
144 -1961.0000000000
151 -1960.0000000000
152 -1959.0000000000
159 -1958.0000000000
160 -1956.0000000000
161 -1954.0000000000
164 -1953.0000000000
169 -1952.0000000000
170 -1951.0000000000
171 -1950.0000000000
172 -1949.0000000000
175 -1948.0000000000
176 -1947.0000000000
178 -1946.0000000000
181 -1945.0000000000
183 -1943.0000000000
185 -1942.0000000000
187 -1941.0000000000
191 -1939.0000000000
200 -1938.0000000000
204 -1937.0000000000
206 -1936.0000000000
207 -1935.0000000000
220 -1934.0000000000
223 -1933.0000000000
224 -1932.0000000000
228 -1931.0000000000
229 -1929.0000000000
236 -1928.0000000000
238 -1927.0000000000
239 -1926.0000000000
248 -1925.0000000000
249 -1924.0000000000
256 -1923.0000000000
259 -1922.0000000000
263 -1921.0000000000
264 -1920.0000000000
271 -1919.0000000000
279 -1918.0000000000
280 -1917.0000000000
288 -1916.0000000000
292 -1913.0000000000
294 -1912.0000000000
297 -1911.0000000000
299 -1910.0000000000
300 -1909.0000000000
302 -1908.0000000000
310 -1907.0000000000
311 -1906.0000000000
313 -1905.0000000000
319 -1904.0000000000
323 -1903.0000000000
324 -1902.0000000000
325 -1901.0000000000
331 -1900.0000000000
341 -1898.0000000000
345 -1897.0000000000
346 -1896.0000000000
352 -1895.0000000000
353 -1894.0000000000
354 -1893.0000000000
356 -1891.0000000000
372 -1890.0000000000
373 -1889.0000000000
375 -1888.0000000000
377 -1887.0000000000
378 -1886.0000000000
379 -1885.0000000000
384 -1884.0000000000
385 -1883.0000000000
388 -1882.0000000000
397 -1881.0000000000
408 -1880.0000000000
419 -1879.0000000000
421 -1878.0000000000
425 -1877.0000000000
441 -1876.0000000000
444 -1875.0000000000
448 -1874.0000000000
451 -1873.0000000000
452 -1872.0000000000
454 -1871.0000000000
458 -1870.0000000000
462 -1869.0000000000
473 -1868.0000000000
474 -1867.0000000000
477 -1865.0000000000
479 -1864.0000000000
485 -1863.0000000000
486 -1862.0000000000
487 -1861.0000000000
488 -1860.0000000000
494 -1859.0000000000
495 -1857.0000000000
496 -1856.0000000000
501 -1855.0000000000
503 -1854.0000000000
504 -1853.0000000000
508 -1852.0000000000
513 -1851.0000000000
514 -1849.0000000000
517 -1848.0000000000
530 -1847.0000000000
534 -1846.0000000000
541 -1845.0000000000
545 -1844.0000000000
546 -1843.0000000000
563 -1842.0000000000
564 -1840.0000000000
567 -1839.0000000000
570 -1838.0000000000
579 -1837.0000000000
583 -1836.0000000000
592 -1835.0000000000
594 -1832.0000000000
595 -1830.0000000000
606 -1829.0000000000
608 -1828.0000000000
618 -1827.0000000000
619 -1826.0000000000
622 -1824.0000000000
629 -1823.0000000000
632 -1822.0000000000
633 -1821.0000000000
649 -1820.0000000000
650 -1818.0000000000
651 -1817.0000000000
657 -1816.0000000000
658 -1815.0000000000
662 -1814.0000000000
669 -1813.0000000000
670 -1812.0000000000
672 -1811.0000000000
673 -1810.0000000000
678 -1809.0000000000
694 -1808.0000000000
696 -1807.0000000000
705 -1805.0000000000
707 -1804.0000000000
713 -1802.0000000000
724 -1801.0000000000
727 -1799.0000000000
732 -1798.0000000000
734 -1797.0000000000
736 -1796.0000000000
741 -1795.0000000000
745 -1794.0000000000
750 -1792.0000000000
758 -1791.0000000000
762 -1790.0000000000
763 -1788.0000000000
764 -1787.0000000000
770 -1786.0000000000
779 -1784.0000000000
785 -1783.0000000000
787 -1782.0000000000
792 -1781.0000000000
796 -1780.0000000000
813 -1778.0000000000
817 -1777.0000000000
837 -1776.0000000000
839 -1775.0000000000
840 -1774.0000000000
841 -1772.0000000000
843 -1770.0000000000
851 -1769.0000000000
861 -1768.0000000000
867 -1767.0000000000
873 -1766.0000000000
874 -1765.0000000000
876 -1764.0000000000
878 -1763.0000000000
880 -1761.0000000000
881 -1760.0000000000
883 -1759.0000000000
888 -1758.0000000000
899 -1757.0000000000
901 -1756.0000000000
916 -1755.0000000000
920 -1754.0000000000
923 -1753.0000000000
924 -1752.0000000000
930 -1751.0000000000
935 -1750.0000000000
936 -1748.0000000000
938 -1747.0000000000
939 -1746.0000000000
943 -1745.0000000000
947 -1744.0000000000
950 -1743.0000000000
957 -1742.0000000000
958 -1741.0000000000
961 -1739.0000000000
971 -1738.0000000000
974 -1737.0000000000
982 -1736.0000000000
985 -1733.0000000000
996 -1732.0000000000
1008 -1731.0000000000
1012 -1730.0000000000
1016 -1729.0000000000
1023 -1728.0000000000
1025 -1727.0000000000
1026 -1725.0000000000
1030 -1724.0000000000
1034 -1723.0000000000
1036 -1722.0000000000
1051 -1721.0000000000
1053 -1720.0000000000
1055 -1718.0000000000
1063 -1717.0000000000
1074 -1716.0000000000
1079 -1715.0000000000
1080 -1714.0000000000
1082 -1713.0000000000
1092 -1712.0000000000
1104 -1711.0000000000
1106 -1710.0000000000
1108 -1709.0000000000
1112 -1708.0000000000
1116 -1707.0000000000
1117 -1704.0000000000
1123 -1703.0000000000
1124 -1702.0000000000
1128 -1700.0000000000
1130 -1699.0000000000
1132 -1698.0000000000
1138 -1697.0000000000
1143 -1696.0000000000
1147 -1695.0000000000
1153 -1694.0000000000
1157 -1693.0000000000
1164 -1692.0000000000
1178 -1691.0000000000
1180 -1689.0000000000
1186 -1688.0000000000
1191 -1687.0000000000
1192 -1685.0000000000
1193 -1684.0000000000
1210 -1683.0000000000
1215 -1682.0000000000
1219 -1680.0000000000
1227 -1679.0000000000
1231 -1677.0000000000
1233 -1675.0000000000
1236 -1674.0000000000
1239 -1673.0000000000
1256 -1671.0000000000
1263 -1670.0000000000
1267 -1669.0000000000
1268 -1668.0000000000
1270 -1667.0000000000
1277 -1665.0000000000
1278 -1664.0000000000
1279 -1663.0000000000
1287 -1662.0000000000
1288 -1661.0000000000
1290 -1660.0000000000
1303 -1659.0000000000
1305 -1658.0000000000
1306 -1656.0000000000
1313 -1655.0000000000
1318 -1654.0000000000
1325 -1653.0000000000
1333 -1651.0000000000
1335 -1650.0000000000
1337 -1649.0000000000
1341 -1648.0000000000
1343 -1647.0000000000
1346 -1646.0000000000
1350 -1644.0000000000
1354 -1642.0000000000
1357 -1641.0000000000
1359 -1639.0000000000
1360 -1636.0000000000
1361 -1635.0000000000
1362 -1634.0000000000
1364 -1633.0000000000
1372 -1632.0000000000
1373 -1630.0000000000
1379 -1629.0000000000
1387 -1628.0000000000
1389 -1626.0000000000
1398 -1625.0000000000
1400 -1624.0000000000
1401 -1623.0000000000
1406 -1622.0000000000
1409 -1621.0000000000
1423 -1619.0000000000
1427 -1617.0000000000
1430 -1616.0000000000
1431 -1615.0000000000
1432 -1614.0000000000
1439 -1613.0000000000
1441 -1612.0000000000
1443 -1611.0000000000
1445 -1610.0000000000
1451 -1609.0000000000
1458 -1608.0000000000
1465 -1606.0000000000
1485 -1604.0000000000
1490 -1603.0000000000
1493 -1602.0000000000
1498 -1601.0000000000
1504 -1600.0000000000
1506 -1599.0000000000
1512 -1598.0000000000
1514 -1597.0000000000
1519 -1596.0000000000
1521 -1595.0000000000
1522 -1594.0000000000
1525 -1593.0000000000
1526 -1592.0000000000
1530 -1591.0000000000
1531 -1590.0000000000
1533 -1589.0000000000
1535 -1588.0000000000
1537 -1587.0000000000
1543 -1586.0000000000
1544 -1585.0000000000
1555 -1584.0000000000
1563 -1581.0000000000
1564 -1580.0000000000
1569 -1579.0000000000
1581 -1578.0000000000
1584 -1577.0000000000
1591 -1576.0000000000
1593 -1575.0000000000
1606 -1574.0000000000
1608 -1572.0000000000
1620 -1571.0000000000
1621 -1570.0000000000
1648 -1569.0000000000
1649 -1568.0000000000
1661 -1567.0000000000
1668 -1566.0000000000
1672 -1565.0000000000
1677 -1563.0000000000
1682 -1562.0000000000
1694 -1560.0000000000
1701 -1558.0000000000
1708 -1557.0000000000
1709 -1555.0000000000
1710 -1553.0000000000
1716 -1552.0000000000
1718 -1551.0000000000
1719 -1550.0000000000
1725 -1549.0000000000
1727 -1546.0000000000
1729 -1545.0000000000
1739 -1544.0000000000
1747 -1543.0000000000
1753 -1541.0000000000
1755 -1540.0000000000
1762 -1539.0000000000
1779 -1537.0000000000
1784 -1535.0000000000
1793 -1533.0000000000
1798 -1532.0000000000
1802 -1531.0000000000
1804 -1530.0000000000
1806 -1528.0000000000
1807 -1527.0000000000
1819 -1526.0000000000
1825 -1525.0000000000
1838 -1524.0000000000
1844 -1523.0000000000
1845 -1522.0000000000
1849 -1521.0000000000
1851 -1520.0000000000
1861 -1519.0000000000
1862 -1518.0000000000
1868 -1517.0000000000
1876 -1516.0000000000
1877 -1515.0000000000
1883 -1514.0000000000
1884 -1512.0000000000
1898 -1511.0000000000
1904 -1510.0000000000
1909 -1509.0000000000
1924 -1508.0000000000
1925 -1506.0000000000
1946 -1505.0000000000
1951 -1503.0000000000
1954 -1501.0000000000
1956 -1500.0000000000
1961 -1499.0000000000
1962 -1498.0000000000
1966 -1497.0000000000
1971 -1496.0000000000
1972 -1495.0000000000
1979 -1494.0000000000
1987 -1493.0000000000
1989 -1492.0000000000
1991 -1491.0000000000
1993 -1490.0000000000
1995 -1488.0000000000
2002 -1487.0000000000
2006 -1484.0000000000
2014 -1483.0000000000
2035 -1482.0000000000
2040 -1481.0000000000
2051 -1480.0000000000
2058 -1479.0000000000
2063 -1478.0000000000
2064 -1477.0000000000
2070 -1476.0000000000
2071 -1475.0000000000
2073 -1474.0000000000
2079 -1473.0000000000
2081 -1472.0000000000
2085 -1471.0000000000
2091 -1469.0000000000
2099 -1467.0000000000
2103 -1466.0000000000
2113 -1465.0000000000
2120 -1464.0000000000
2127 -1463.0000000000
2130 -1461.0000000000
2132 -1460.0000000000
2137 -1459.0000000000
2142 -1458.0000000000
2145 -1457.0000000000
2147 -1456.0000000000
2149 -1454.0000000000
2155 -1452.0000000000
2164 -1451.0000000000
2165 -1450.0000000000
2172 -1449.0000000000
2177 -1447.0000000000
2179 -1446.0000000000
2194 -1445.0000000000
2196 -1443.0000000000
2200 -1442.0000000000
2206 -1441.0000000000
2211 -1439.0000000000
2212 -1438.0000000000
2224 -1437.0000000000
2226 -1434.0000000000
2227 -1433.0000000000
2237 -1432.0000000000
2239 -1431.0000000000
2245 -1429.0000000000
2250 -1428.0000000000
2281 -1427.0000000000
2290 -1425.0000000000
2291 -1424.0000000000
2299 -1423.0000000000
2305 -1422.0000000000
2307 -1421.0000000000
2309 -1420.0000000000
2312 -1419.0000000000
2320 -1418.0000000000
2326 -1417.0000000000
2328 -1416.0000000000
2330 -1415.0000000000
2331 -1413.0000000000
2338 -1411.0000000000
2345 -1410.0000000000
2350 -1409.0000000000
2353 -1408.0000000000
2357 -1407.0000000000
2370 -1406.0000000000
2371 -1405.0000000000
2379 -1404.0000000000
2380 -1403.0000000000
2382 -1402.0000000000
2398 -1401.0000000000
2403 -1400.0000000000
2404 -1398.0000000000
2407 -1396.0000000000
2408 -1395.0000000000
2419 -1394.0000000000
2420 -1393.0000000000
2428 -1392.0000000000
2430 -1391.0000000000
2431 -1390.0000000000
2433 -1389.0000000000
2436 -1388.0000000000
2453 -1387.0000000000
2456 -1385.0000000000
2460 -1384.0000000000
2462 -1383.0000000000
2463 -1382.0000000000
2480 -1381.0000000000
2482 -1380.0000000000
2485 -1378.0000000000
2493 -1377.0000000000
2498 -1376.0000000000
2516 -1375.0000000000
2520 -1374.0000000000
2526 -1373.0000000000
2528 -1371.0000000000
2530 -1370.0000000000
2533 -1368.0000000000
2544 -1367.0000000000
2548 -1366.0000000000
2552 -1365.0000000000
2559 -1364.0000000000
2571 -1362.0000000000
2580 -1361.0000000000
2584 -1360.0000000000
2588 -1357.0000000000
2593 -1356.0000000000
2595 -1354.0000000000
2603 -1353.0000000000
2605 -1351.0000000000
2607 -1350.0000000000
2618 -1349.0000000000
2619 -1348.0000000000
2622 -1347.0000000000
2624 -1346.0000000000
2646 -1345.0000000000
2650 -1344.0000000000
2651 -1343.0000000000
2656 -1342.0000000000
2661 -1341.0000000000
2663 -1340.0000000000
2665 -1339.0000000000
2673 -1338.0000000000
2676 -1336.0000000000
2684 -1335.0000000000
2686 -1334.0000000000
2698 -1333.0000000000
2699 -1332.0000000000
2702 -1331.0000000000
2703 -1330.0000000000
2705 -1329.0000000000
2718 -1328.0000000000
2721 -1327.0000000000
2723 -1326.0000000000
2725 -1325.0000000000
2728 -1324.0000000000
2742 -1323.0000000000
2750 -1322.0000000000
2755 -1320.0000000000
2759 -1319.0000000000
2761 -1317.0000000000
2771 -1316.0000000000
2772 -1315.0000000000
2779 -1314.0000000000
2791 -1313.0000000000
2795 -1312.0000000000
2798 -1311.0000000000
2801 -1310.0000000000
2802 -1309.0000000000
2811 -1308.0000000000
2818 -1307.0000000000
2824 -1305.0000000000
2827 -1303.0000000000
2833 -1302.0000000000
2836 -1301.0000000000
2839 -1300.0000000000
2840 -1299.0000000000
2842 -1298.0000000000
2868 -1297.0000000000
2878 -1296.0000000000
2883 -1295.0000000000
2898 -1294.0000000000
2902 -1293.0000000000
2907 -1292.0000000000
2908 -1291.0000000000
2914 -1290.0000000000
2933 -1289.0000000000
2934 -1288.0000000000
2935 -1287.0000000000
2946 -1285.0000000000
2961 -1283.0000000000
2964 -1281.0000000000
2967 -1280.0000000000
2970 -1279.0000000000
2971 -1278.0000000000
2976 -1277.0000000000
2984 -1276.0000000000
2994 -1275.0000000000
2999 -1274.0000000000
3012 -1273.0000000000
3014 -1272.0000000000
3023 -1271.0000000000
3027 -1270.0000000000
3031 -1268.0000000000
3032 -1267.0000000000
3035 -1266.0000000000
3036 -1265.0000000000
3045 -1264.0000000000
3048 -1263.0000000000
3051 -1262.0000000000
3052 -1260.0000000000
3054 -1259.0000000000
3058 -1257.0000000000
3060 -1256.0000000000
3062 -1254.0000000000
3066 -1253.0000000000
3067 -1252.0000000000
3076 -1251.0000000000
3079 -1250.0000000000
3085 -1249.0000000000
3087 -1248.0000000000
3089 -1247.0000000000
3102 -1246.0000000000
3106 -1245.0000000000
3108 -1243.0000000000
3119 -1242.0000000000
3121 -1241.0000000000
3124 -1240.0000000000
3128 -1239.0000000000
3129 -1238.0000000000
3136 -1237.0000000000
3146 -1236.0000000000
3147 -1235.0000000000
3148 -1234.0000000000
3167 -1233.0000000000
3169 -1232.0000000000
3172 -1231.0000000000
3192 -1230.0000000000
3198 -1229.0000000000
3200 -1228.0000000000
3211 -1227.0000000000
3213 -1226.0000000000
3217 -1225.0000000000
3261 -1224.0000000000
3263 -1223.0000000000
3270 -1222.0000000000
3276 -1221.0000000000
3289 -1220.0000000000
3291 -1219.0000000000
3298 -1218.0000000000
3299 -1217.0000000000
3300 -1216.0000000000
3301 -1215.0000000000
3308 -1214.0000000000
3314 -1213.0000000000
3323 -1211.0000000000
3326 -1210.0000000000
3336 -1208.0000000000
3338 -1207.0000000000
3347 -1205.0000000000
3348 -1204.0000000000
3365 -1202.0000000000
3367 -1201.0000000000
3368 -1199.0000000000
3374 -1197.0000000000
3377 -1196.0000000000
3382 -1195.0000000000
3388 -1194.0000000000
3391 -1193.0000000000
3393 -1192.0000000000
3446 -1191.0000000000
3452 -1190.0000000000
3456 -1189.0000000000
3464 -1188.0000000000
3477 -1187.0000000000
3487 -1186.0000000000
3489 -1185.0000000000
3510 -1184.0000000000
3511 -1183.0000000000
3537 -1182.0000000000
3541 -1181.0000000000
3542 -1180.0000000000
3582 -1179.0000000000
3589 -1178.0000000000
3601 -1177.0000000000
3625 -1176.0000000000
3630 -1175.0000000000
3635 -1174.0000000000
3636 -1173.0000000000
3639 -1172.0000000000
3651 -1171.0000000000
3664 -1170.0000000000
3666 -1169.0000000000
3670 -1167.0000000000
3673 -1165.0000000000
3674 -1164.0000000000
3677 -1163.0000000000
3691 -1162.0000000000
3707 -1161.0000000000
3712 -1160.0000000000
3713 -1159.0000000000
3716 -1158.0000000000
3722 -1157.0000000000
3729 -1156.0000000000
3742 -1154.0000000000
3751 -1153.0000000000
3752 -1152.0000000000
3756 -1151.0000000000
3767 -1149.0000000000
3783 -1147.0000000000
3790 -1146.0000000000
3791 -1145.0000000000
3794 -1144.0000000000
3803 -1143.0000000000
3804 -1142.0000000000
3811 -1141.0000000000
3815 -1140.0000000000
3818 -1139.0000000000
3830 -1138.0000000000
3835 -1137.0000000000
3837 -1136.0000000000
3846 -1135.0000000000
3856 -1134.0000000000
3872 -1132.0000000000
3877 -1131.0000000000
3892 -1130.0000000000
3893 -1129.0000000000
3894 -1127.0000000000
3895 -1126.0000000000
3901 -1125.0000000000
3903 -1124.0000000000
3919 -1123.0000000000
3931 -1122.0000000000
3933 -1121.0000000000
3953 -1120.0000000000
3968 -1119.0000000000
3973 -1118.0000000000
3980 -1117.0000000000
3985 -1116.0000000000
4016 -1115.0000000000
4022 -1114.0000000000
4040 -1113.0000000000
4042 -1112.0000000000
4074 -1111.0000000000
4086 -1110.0000000000
4110 -1109.0000000000
4161 -1108.0000000000
4165 -1107.0000000000
4174 -1106.0000000000
4175 -1105.0000000000
4176 -1104.0000000000
4180 -1103.0000000000
4186 -1102.0000000000
4205 -1101.0000000000
4206 -1100.0000000000
4209 -1099.0000000000
4219 -1098.0000000000
4222 -1097.0000000000
4303 -1096.0000000000
4312 -1095.0000000000
4317 -1094.0000000000
4329 -1093.0000000000
4338 -1092.0000000000
4342 -1091.0000000000
4349 -1090.0000000000
4379 -1089.0000000000
4385 -1088.0000000000
4389 -1087.0000000000
4391 -1086.0000000000
4399 -1085.0000000000
4405 -1084.0000000000
4427 -1083.0000000000
4429 -1082.0000000000
4430 -1081.0000000000
4449 -1080.0000000000
4454 -1079.0000000000
4462 -1078.0000000000
4463 -1077.0000000000
4472 -1076.0000000000
4483 -1075.0000000000
4505 -1074.0000000000
4517 -1073.0000000000
4520 -1072.0000000000
4521 -1071.0000000000
4523 -1068.0000000000
4529 -1067.0000000000
4532 -1066.0000000000
4539 -1065.0000000000
4555 -1064.0000000000
4562 -1063.0000000000
4568 -1062.0000000000
4570 -1061.0000000000
4573 -1060.0000000000
4588 -1059.0000000000
4596 -1058.0000000000
4603 -1057.0000000000
4607 -1055.0000000000
4608 -1054.0000000000
4612 -1052.0000000000
4614 -1050.0000000000
4625 -1049.0000000000
4626 -1048.0000000000
4648 -1046.0000000000
4649 -1045.0000000000
4653 -1044.0000000000
4657 -1043.0000000000
4681 -1042.0000000000
4684 -1041.0000000000
4690 -1040.0000000000
4706 -1039.0000000000
4710 -1038.0000000000
4724 -1037.0000000000
4735 -1036.0000000000
4736 -1035.0000000000
4740 -1034.0000000000
4762 -1032.0000000000
4773 -1031.0000000000
4782 -1030.0000000000
4791 -1029.0000000000
4795 -1028.0000000000
4800 -1027.0000000000
4803 -1026.0000000000
4837 -1025.0000000000
4842 -1022.0000000000
4849 -1021.0000000000
4858 -1020.0000000000
4862 -1019.0000000000
4867 -1018.0000000000
4880 -1017.0000000000
4891 -1016.0000000000
4895 -1015.0000000000
4901 -1014.0000000000
4910 -1013.0000000000
4920 -1012.0000000000
4924 -1011.0000000000
4925 -1010.0000000000
4926 -1009.0000000000
4945 -1006.0000000000
4954 -1005.0000000000
4961 -1004.0000000000
4972 -1003.0000000000
4979 -1002.0000000000
4982 -1001.0000000000
4986 -1000.0000000000
4990 -999.0000000000
4998 -998.0000000000
5011 -997.0000000000
5016 -996.0000000000
5018 -995.0000000000
5023 -994.0000000000
5033 -992.0000000000
5044 -991.0000000000
5057 -990.0000000000
5064 -989.0000000000
5068 -988.0000000000
5078 -987.0000000000
5084 -986.0000000000
5090 -984.0000000000
5092 -983.0000000000
5102 -982.0000000000
5108 -981.0000000000
5109 -980.0000000000
5119 -979.0000000000
5127 -977.0000000000
5129 -976.0000000000
5151 -974.0000000000
5156 -972.0000000000
5168 -971.0000000000
5171 -970.0000000000
5174 -969.0000000000
5188 -968.0000000000
5197 -967.0000000000
5204 -966.0000000000
5220 -965.0000000000
5223 -964.0000000000
5264 -963.0000000000
5270 -962.0000000000
5274 -961.0000000000
5280 -960.0000000000
5286 -958.0000000000
5291 -957.0000000000
5302 -955.0000000000
5308 -954.0000000000
5312 -953.0000000000
5327 -952.0000000000
5339 -951.0000000000
5345 -950.0000000000
5349 -949.0000000000
5351 -948.0000000000
5353 -947.0000000000
5354 -946.0000000000
5355 -945.0000000000
5357 -944.0000000000
5379 -943.0000000000
5381 -942.0000000000
5388 -941.0000000000
5400 -940.0000000000
5420 -939.0000000000
5437 -938.0000000000
5440 -937.0000000000
5450 -936.0000000000
5455 -935.0000000000
5476 -934.0000000000
5493 -933.0000000000
5503 -932.0000000000
5504 -931.0000000000
5505 -930.0000000000
5528 -929.0000000000
5543 -928.0000000000
5545 -927.0000000000
5546 -925.0000000000
5551 -924.0000000000
5565 -923.0000000000
5569 -922.0000000000
5575 -920.0000000000
5578 -919.0000000000
5609 -917.0000000000
5614 -916.0000000000
5625 -915.0000000000
5635 -914.0000000000
5644 -913.0000000000
5646 -912.0000000000
5648 -911.0000000000
5665 -910.0000000000
5666 -909.0000000000
5669 -908.0000000000
5672 -907.0000000000
5698 -906.0000000000
5705 -905.0000000000
5713 -904.0000000000
5717 -903.0000000000
5721 -902.0000000000
5736 -900.0000000000
5738 -899.0000000000
5748 -898.0000000000
5751 -897.0000000000
5754 -896.0000000000
5780 -895.0000000000
5783 -894.0000000000
5792 -893.0000000000
5807 -892.0000000000
5843 -891.0000000000
5855 -890.0000000000
5864 -889.0000000000
5868 -887.0000000000
5870 -886.0000000000
5871 -885.0000000000
5881 -884.0000000000
5882 -883.0000000000
5896 -882.0000000000
5899 -881.0000000000
5914 -879.0000000000
5929 -878.0000000000
5932 -877.0000000000
5949 -876.0000000000
5955 -875.0000000000
5960 -874.0000000000
5962 -873.0000000000
5974 -872.0000000000
5987 -871.0000000000
5996 -870.0000000000
6002 -869.0000000000
6015 -868.0000000000
6016 -867.0000000000
6021 -866.0000000000
6026 -865.0000000000
6030 -864.0000000000
6033 -863.0000000000
6035 -862.0000000000
6039 -861.0000000000
6048 -860.0000000000
6081 -859.0000000000
6089 -857.0000000000
6092 -856.0000000000
6095 -855.0000000000
6098 -854.0000000000
6119 -853.0000000000
6128 -852.0000000000
6146 -851.0000000000
6155 -850.0000000000
6182 -849.0000000000
6201 -848.0000000000
6207 -847.0000000000
6219 -846.0000000000
6233 -845.0000000000
6248 -844.0000000000
6252 -843.0000000000
6266 -842.0000000000
6288 -840.0000000000
6294 -839.0000000000
6295 -838.0000000000
6302 -837.0000000000
6309 -836.0000000000
6331 -835.0000000000
6346 -834.0000000000
6352 -833.0000000000
6363 -832.0000000000
6368 -831.0000000000
6376 -830.0000000000
6396 -829.0000000000
6407 -828.0000000000
6429 -827.0000000000
6441 -826.0000000000
6443 -825.0000000000
6454 -824.0000000000
6484 -823.0000000000
6490 -822.0000000000
6499 -821.0000000000
6539 -820.0000000000
6543 -819.0000000000
6550 -818.0000000000
6551 -817.0000000000
6559 -816.0000000000
6560 -814.0000000000
6566 -813.0000000000
6584 -812.0000000000
6641 -811.0000000000
6652 -808.0000000000
6653 -807.0000000000
6663 -806.0000000000
6670 -805.0000000000
6717 -804.0000000000
6725 -802.0000000000
6726 -801.0000000000
6731 -800.0000000000
6779 -799.0000000000
6780 -798.0000000000
6789 -797.0000000000
6799 -796.0000000000
6804 -795.0000000000
6811 -794.0000000000
6826 -793.0000000000
6832 -792.0000000000
6838 -791.0000000000
6843 -789.0000000000
6849 -788.0000000000
6851 -787.0000000000
6854 -786.0000000000
6867 -785.0000000000
6892 -784.0000000000
6896 -783.0000000000
6914 -782.0000000000
6919 -781.0000000000
6925 -780.0000000000
6928 -779.0000000000
6929 -778.0000000000
6934 -777.0000000000
6938 -776.0000000000
6962 -775.0000000000
6987 -774.0000000000
6988 -773.0000000000
6995 -772.0000000000
7005 -771.0000000000
7016 -770.0000000000
7040 -769.0000000000
7066 -768.0000000000
7073 -767.0000000000
7088 -766.0000000000
7093 -765.0000000000
7115 -764.0000000000
7133 -763.0000000000
7145 -762.0000000000
7148 -761.0000000000
7174 -760.0000000000
7178 -758.0000000000
7182 -757.0000000000
7202 -756.0000000000
7204 -755.0000000000
7216 -754.0000000000
7238 -753.0000000000
7241 -752.0000000000
7242 -751.0000000000
7251 -750.0000000000
7269 -749.0000000000
7280 -748.0000000000
7289 -746.0000000000
7290 -745.0000000000
7327 -744.0000000000
7341 -743.0000000000
7360 -742.0000000000
7374 -741.0000000000
7375 -740.0000000000
7380 -739.0000000000
7395 -738.0000000000
7450 -737.0000000000
7456 -735.0000000000
7474 -734.0000000000
7483 -733.0000000000
7530 -732.0000000000
7531 -731.0000000000
7534 -730.0000000000
7542 -729.0000000000
7552 -728.0000000000
7553 -727.0000000000
7567 -726.0000000000
7575 -725.0000000000
7579 -724.0000000000
7586 -723.0000000000
7600 -722.0000000000
7610 -721.0000000000
7615 -720.0000000000
7618 -719.0000000000
7632 -718.0000000000
7635 -717.0000000000
7645 -716.0000000000
7649 -714.0000000000
7694 -713.0000000000
7695 -712.0000000000
7717 -711.0000000000
7721 -709.0000000000
7722 -708.0000000000
7735 -707.0000000000
7763 -706.0000000000
7766 -705.0000000000
7769 -704.0000000000
7774 -703.0000000000
7778 -702.0000000000
7780 -701.0000000000
7802 -700.0000000000
7807 -699.0000000000
7827 -698.0000000000
7845 -697.0000000000
7861 -696.0000000000
7863 -695.0000000000
7868 -694.0000000000
7883 -693.0000000000
7899 -692.0000000000
7979 -691.0000000000
7998 -690.0000000000
8039 -689.0000000000
8051 -688.0000000000
8053 -687.0000000000
8086 -686.0000000000
8107 -685.0000000000
8108 -684.0000000000
8111 -683.0000000000
8114 -682.0000000000
8130 -681.0000000000
8141 -680.0000000000
8193 -679.0000000000
8199 -678.0000000000
8212 -677.0000000000
8214 -676.0000000000
8216 -675.0000000000
8220 -673.0000000000
8237 -672.0000000000
8238 -671.0000000000
8244 -670.0000000000
8252 -669.0000000000
8289 -668.0000000000
8309 -667.0000000000
8355 -666.0000000000
8367 -665.0000000000
8371 -664.0000000000
8379 -663.0000000000
8384 -662.0000000000
8411 -661.0000000000
8462 -660.0000000000
8482 -659.0000000000
8484 -658.0000000000
8528 -657.0000000000
8561 -656.0000000000
8562 -655.0000000000
8569 -654.0000000000
8596 -653.0000000000
8601 -652.0000000000
8615 -651.0000000000
8642 -650.0000000000
8698 -649.0000000000
8708 -648.0000000000
8710 -646.0000000000
8720 -645.0000000000
8735 -643.0000000000
8743 -642.0000000000
8747 -641.0000000000
8759 -640.0000000000
8793 -639.0000000000
8797 -638.0000000000
8828 -637.0000000000
8921 -636.0000000000
8923 -635.0000000000
8936 -634.0000000000
8989 -633.0000000000
8993 -632.0000000000
9006 -631.0000000000
9042 -630.0000000000
9052 -629.0000000000
9072 -628.0000000000
9074 -627.0000000000
9081 -624.0000000000
9199 -623.0000000000
9210 -622.0000000000
9227 -620.0000000000
9256 -619.0000000000
9278 -618.0000000000
9307 -617.0000000000
9352 -616.0000000000
9353 -614.0000000000
9354 -613.0000000000
9362 -612.0000000000
9366 -611.0000000000
9370 -610.0000000000
9374 -608.0000000000
9389 -607.0000000000
9396 -606.0000000000
9452 -605.0000000000
9480 -604.0000000000
9500 -602.0000000000
9504 -601.0000000000
9506 -599.0000000000
9533 -598.0000000000
9534 -597.0000000000
9541 -596.0000000000
9543 -595.0000000000
9553 -594.0000000000
9558 -593.0000000000
9570 -592.0000000000
9610 -591.0000000000
9616 -590.0000000000
9630 -589.0000000000
9633 -588.0000000000
9652 -587.0000000000
9699 -586.0000000000
9708 -585.0000000000
9733 -584.0000000000
9739 -583.0000000000
9740 -581.0000000000
9789 -580.0000000000
9796 -579.0000000000
9801 -578.0000000000
9823 -577.0000000000
9832 -576.0000000000
9862 -575.0000000000
9872 -574.0000000000
9879 -573.0000000000
9882 -572.0000000000
9887 -571.0000000000
9927 -570.0000000000
9953 -569.0000000000
9961 -568.0000000000
10000 -571.0000000000
evaluations raw_y
1 -1979.0000000000
3 -1976.0000000000
7 -1975.0000000000
9 -1974.0000000000
10 -1973.0000000000
12 -1971.0000000000
15 -1970.0000000000
16 -1969.0000000000
18 -1968.0000000000
22 -1967.0000000000
24 -1966.0000000000
27 -1965.0000000000
31 -1964.0000000000
36 -1963.0000000000
39 -1962.0000000000
47 -1960.0000000000
62 -1959.0000000000
68 -1958.0000000000
70 -1957.0000000000
77 -1956.0000000000
81 -1955.0000000000
86 -1953.0000000000
90 -1952.0000000000
94 -1951.0000000000
95 -1950.0000000000
100 -1949.0000000000
111 -1947.0000000000
113 -1945.0000000000
128 -1943.0000000000
133 -1941.0000000000
141 -1939.0000000000
142 -1936.0000000000
143 -1935.0000000000
144 -1934.0000000000
146 -1933.0000000000
151 -1931.0000000000
154 -1930.0000000000
156 -1929.0000000000
160 -1928.0000000000
162 -1927.0000000000
164 -1926.0000000000
166 -1925.0000000000
167 -1923.0000000000
174 -1922.0000000000
175 -1921.0000000000
176 -1920.0000000000
183 -1919.0000000000
185 -1918.0000000000
190 -1917.0000000000
204 -1916.0000000000
207 -1914.0000000000
208 -1913.0000000000
210 -1912.0000000000
225 -1911.0000000000
239 -1909.0000000000
248 -1908.0000000000
257 -1907.0000000000
260 -1906.0000000000
265 -1905.0000000000
270 -1904.0000000000
277 -1903.0000000000
281 -1902.0000000000
293 -1901.0000000000
295 -1900.0000000000
297 -1899.0000000000
310 -1898.0000000000
313 -1897.0000000000
323 -1896.0000000000
326 -1895.0000000000
327 -1894.0000000000
328 -1893.0000000000
336 -1892.0000000000
338 -1891.0000000000
353 -1890.0000000000
371 -1889.0000000000
372 -1888.0000000000
388 -1887.0000000000
389 -1886.0000000000
392 -1885.0000000000
400 -1883.0000000000
402 -1882.0000000000
403 -1881.0000000000
406 -1880.0000000000
415 -1879.0000000000
416 -1877.0000000000
417 -1875.0000000000
419 -1873.0000000000
421 -1872.0000000000
428 -1871.0000000000
430 -1869.0000000000
438 -1868.0000000000
442 -1867.0000000000
445 -1866.0000000000
446 -1865.0000000000
447 -1864.0000000000
449 -1862.0000000000
455 -1861.0000000000
459 -1860.0000000000
462 -1858.0000000000
464 -1856.0000000000
466 -1855.0000000000
468 -1854.0000000000
474 -1853.0000000000
477 -1852.0000000000
481 -1850.0000000000
492 -1848.0000000000
494 -1847.0000000000
496 -1846.0000000000
500 -1845.0000000000
513 -1844.0000000000
515 -1843.0000000000
518 -1842.0000000000
520 -1841.0000000000
523 -1840.0000000000
524 -1839.0000000000
528 -1836.0000000000
531 -1835.0000000000
532 -1834.0000000000
541 -1833.0000000000
543 -1832.0000000000
544 -1831.0000000000
546 -1830.0000000000
561 -1829.0000000000
564 -1828.0000000000
565 -1827.0000000000
566 -1826.0000000000
573 -1825.0000000000
579 -1824.0000000000
582 -1823.0000000000
584 -1822.0000000000
590 -1821.0000000000
597 -1820.0000000000
608 -1818.0000000000
610 -1817.0000000000
627 -1816.0000000000
628 -1814.0000000000
630 -1812.0000000000
633 -1811.0000000000
635 -1810.0000000000
642 -1809.0000000000
643 -1808.0000000000
647 -1807.0000000000
650 -1806.0000000000
660 -1805.0000000000
662 -1803.0000000000
673 -1801.0000000000
674 -1799.0000000000
678 -1798.0000000000
679 -1797.0000000000
684 -1796.0000000000
685 -1795.0000000000
694 -1793.0000000000
695 -1792.0000000000
701 -1791.0000000000
702 -1790.0000000000
709 -1789.0000000000
710 -1788.0000000000
712 -1786.0000000000
713 -1785.0000000000
721 -1784.0000000000
726 -1783.0000000000
727 -1782.0000000000
729 -1781.0000000000
731 -1779.0000000000
732 -1778.0000000000
733 -1777.0000000000
736 -1775.0000000000
739 -1774.0000000000
743 -1773.0000000000
753 -1772.0000000000
754 -1771.0000000000
759 -1770.0000000000
760 -1768.0000000000
763 -1767.0000000000
764 -1766.0000000000
765 -1765.0000000000
767 -1764.0000000000
771 -1763.0000000000
777 -1762.0000000000
778 -1761.0000000000
779 -1759.0000000000
781 -1758.0000000000
786 -1757.0000000000
788 -1756.0000000000
794 -1755.0000000000
795 -1753.0000000000
796 -1752.0000000000
797 -1751.0000000000
798 -1749.0000000000
801 -1748.0000000000
802 -1747.0000000000
803 -1746.0000000000
804 -1745.0000000000
806 -1744.0000000000
810 -1743.0000000000
811 -1742.0000000000
812 -1741.0000000000
814 -1740.0000000000
817 -1739.0000000000
819 -1738.0000000000
821 -1737.0000000000
826 -1736.0000000000
830 -1735.0000000000
835 -1734.0000000000
836 -1733.0000000000
837 -1732.0000000000
858 -1731.0000000000
862 -1730.0000000000
865 -1729.0000000000
875 -1728.0000000000
879 -1727.0000000000
881 -1725.0000000000
883 -1724.0000000000
887 -1723.0000000000
890 -1722.0000000000
893 -1721.0000000000
895 -1720.0000000000
898 -1719.0000000000
902 -1718.0000000000
904 -1717.0000000000
909 -1716.0000000000
912 -1715.0000000000
917 -1714.0000000000
918 -1712.0000000000
924 -1709.0000000000
927 -1708.0000000000
930 -1707.0000000000
938 -1706.0000000000
945 -1705.0000000000
952 -1703.0000000000
954 -1701.0000000000
957 -1700.0000000000
960 -1699.0000000000
962 -1698.0000000000
964 -1697.0000000000
967 -1696.0000000000
968 -1695.0000000000
971 -1694.0000000000
974 -1693.0000000000
978 -1692.0000000000
988 -1689.0000000000
990 -1688.0000000000
1008 -1687.0000000000
1015 -1685.0000000000
1026 -1684.0000000000
1035 -1682.0000000000
1039 -1681.0000000000
1044 -1680.0000000000
1045 -1678.0000000000
1047 -1677.0000000000
1048 -1675.0000000000
1053 -1674.0000000000
1054 -1673.0000000000
1056 -1672.0000000000
1067 -1671.0000000000
1080 -1668.0000000000
1084 -1667.0000000000
1085 -1666.0000000000
1096 -1665.0000000000
1099 -1664.0000000000
1102 -1663.0000000000
1106 -1662.0000000000
1108 -1660.0000000000
1110 -1659.0000000000
1111 -1658.0000000000
1113 -1656.0000000000
1120 -1655.0000000000
1125 -1654.0000000000
1127 -1653.0000000000
1133 -1652.0000000000
1135 -1650.0000000000
1137 -1649.0000000000
1140 -1648.0000000000
1155 -1647.0000000000
1158 -1646.0000000000
1160 -1645.0000000000
1174 -1644.0000000000
1176 -1642.0000000000
1179 -1641.0000000000
1182 -1640.0000000000
1183 -1639.0000000000
1187 -1638.0000000000
1189 -1637.0000000000
1190 -1636.0000000000
1191 -1635.0000000000
1195 -1633.0000000000
1196 -1631.0000000000
1197 -1629.0000000000
1205 -1628.0000000000
1207 -1627.0000000000
1209 -1625.0000000000
1217 -1624.0000000000
1218 -1623.0000000000
1222 -1622.0000000000
1227 -1621.0000000000
1243 -1619.0000000000
1246 -1618.0000000000
1247 -1617.0000000000
1253 -1616.0000000000
1254 -1615.0000000000
1255 -1614.0000000000
1261 -1613.0000000000
1263 -1612.0000000000
1266 -1611.0000000000
1267 -1610.0000000000
1272 -1609.0000000000
1277 -1607.0000000000
1282 -1605.0000000000
1283 -1604.0000000000
1286 -1603.0000000000
1297 -1602.0000000000
1298 -1600.0000000000
1318 -1599.0000000000
1320 -1598.0000000000
1323 -1597.0000000000
1329 -1595.0000000000
1336 -1593.0000000000
1340 -1592.0000000000
1346 -1591.0000000000
1353 -1590.0000000000
1357 -1589.0000000000
1359 -1588.0000000000
1364 -1587.0000000000
1365 -1586.0000000000
1368 -1584.0000000000
1373 -1583.0000000000
1376 -1582.0000000000
1378 -1581.0000000000
1383 -1580.0000000000
1390 -1579.0000000000
1392 -1576.0000000000
1394 -1575.0000000000
1398 -1573.0000000000
1402 -1572.0000000000
1404 -1571.0000000000
1405 -1570.0000000000
1406 -1569.0000000000
1408 -1568.0000000000
1415 -1567.0000000000
1420 -1566.0000000000
1422 -1565.0000000000
1431 -1564.0000000000
1436 -1563.0000000000
1437 -1562.0000000000
1441 -1561.0000000000
1443 -1559.0000000000
1445 -1558.0000000000
1453 -1557.0000000000
1455 -1556.0000000000
1470 -1555.0000000000
1478 -1554.0000000000
1484 -1552.0000000000
1486 -1551.0000000000
1488 -1549.0000000000
1496 -1548.0000000000
1497 -1547.0000000000
1505 -1546.0000000000
1510 -1545.0000000000
1511 -1544.0000000000
1512 -1543.0000000000
1513 -1542.0000000000
1514 -1541.0000000000
1520 -1538.0000000000
1523 -1536.0000000000
1529 -1535.0000000000
1536 -1534.0000000000
1539 -1533.0000000000
1546 -1532.0000000000
1552 -1530.0000000000
1564 -1529.0000000000
1566 -1528.0000000000
1581 -1526.0000000000
1588 -1525.0000000000
1591 -1524.0000000000
1594 -1523.0000000000
1611 -1522.0000000000
1613 -1521.0000000000
1618 -1520.0000000000
1620 -1519.0000000000
1624 -1518.0000000000
1630 -1517.0000000000
1631 -1515.0000000000
1637 -1514.0000000000
1643 -1513.0000000000
1645 -1511.0000000000
1648 -1509.0000000000
1652 -1508.0000000000
1658 -1507.0000000000
1668 -1506.0000000000
1672 -1505.0000000000
1686 -1504.0000000000
1687 -1503.0000000000
1688 -1501.0000000000
1699 -1500.0000000000
1707 -1499.0000000000
1720 -1498.0000000000
1721 -1496.0000000000
1723 -1495.0000000000
1728 -1494.0000000000
1740 -1493.0000000000
1743 -1492.0000000000
1744 -1491.0000000000
1750 -1490.0000000000
1753 -1488.0000000000
1757 -1487.0000000000
1770 -1486.0000000000
1771 -1485.0000000000
1773 -1484.0000000000
1782 -1483.0000000000
1794 -1481.0000000000
1810 -1480.0000000000
1812 -1479.0000000000
1816 -1478.0000000000
1830 -1477.0000000000
1837 -1476.0000000000
1839 -1475.0000000000
1847 -1474.0000000000
1850 -1473.0000000000
1857 -1471.0000000000
1858 -1470.0000000000
1860 -1469.0000000000
1865 -1468.0000000000
1875 -1467.0000000000
1883 -1466.0000000000
1884 -1465.0000000000
1885 -1464.0000000000
1888 -1463.0000000000
1897 -1462.0000000000
1906 -1461.0000000000
1907 -1460.0000000000
1908 -1459.0000000000
1912 -1457.0000000000
1917 -1456.0000000000
1936 -1454.0000000000
1939 -1453.0000000000
1953 -1451.0000000000
1980 -1450.0000000000
1986 -1449.0000000000
1989 -1448.0000000000
1992 -1447.0000000000
1993 -1446.0000000000
1994 -1445.0000000000
1998 -1444.0000000000
2000 -1443.0000000000
2003 -1442.0000000000
2008 -1441.0000000000
2017 -1440.0000000000
2019 -1438.0000000000
2034 -1437.0000000000
2035 -1435.0000000000
2037 -1433.0000000000
2041 -1432.0000000000
2049 -1431.0000000000
2050 -1430.0000000000
2053 -1429.0000000000
2059 -1428.0000000000
2060 -1427.0000000000
2064 -1426.0000000000
2068 -1425.0000000000
2070 -1423.0000000000
2072 -1422.0000000000
2084 -1420.0000000000
2085 -1418.0000000000
2087 -1417.0000000000
2092 -1415.0000000000
2095 -1414.0000000000
2097 -1413.0000000000
2105 -1412.0000000000
2109 -1411.0000000000
2112 -1410.0000000000
2140 -1409.0000000000
2141 -1408.0000000000
2161 -1407.0000000000
2167 -1406.0000000000
2171 -1404.0000000000
2174 -1403.0000000000
2184 -1401.0000000000
2185 -1400.0000000000
2186 -1399.0000000000
2193 -1398.0000000000
2196 -1397.0000000000
2198 -1396.0000000000
2200 -1395.0000000000
2205 -1394.0000000000
2207 -1392.0000000000
2213 -1391.0000000000
2215 -1390.0000000000
2218 -1389.0000000000
2231 -1387.0000000000
2236 -1386.0000000000
2252 -1385.0000000000
2258 -1383.0000000000
2259 -1382.0000000000
2260 -1381.0000000000
2262 -1380.0000000000
2264 -1379.0000000000
2274 -1376.0000000000
2280 -1375.0000000000
2287 -1374.0000000000
2305 -1373.0000000000
2321 -1371.0000000000
2331 -1369.0000000000
2335 -1368.0000000000
2343 -1367.0000000000
2361 -1366.0000000000
2364 -1365.0000000000
2372 -1364.0000000000
2375 -1363.0000000000
2378 -1362.0000000000
2383 -1361.0000000000
2391 -1360.0000000000
2393 -1359.0000000000
2394 -1358.0000000000
2396 -1357.0000000000
2398 -1356.0000000000
2400 -1355.0000000000
2405 -1354.0000000000
2407 -1353.0000000000
2412 -1352.0000000000
2425 -1350.0000000000
2429 -1349.0000000000
2432 -1348.0000000000
2435 -1347.0000000000
2450 -1346.0000000000
2468 -1344.0000000000
2472 -1343.0000000000
2473 -1342.0000000000
2475 -1341.0000000000
2483 -1340.0000000000
2484 -1339.0000000000
2487 -1338.0000000000
2488 -1337.0000000000
2496 -1336.0000000000
2503 -1335.0000000000
2517 -1334.0000000000
2519 -1333.0000000000
2522 -1332.0000000000
2532 -1331.0000000000
2535 -1330.0000000000
2541 -1329.0000000000
2547 -1327.0000000000
2549 -1325.0000000000
2558 -1324.0000000000
2568 -1323.0000000000
2581 -1322.0000000000
2600 -1321.0000000000
2602 -1320.0000000000
2607 -1319.0000000000
2613 -1317.0000000000
2618 -1316.0000000000
2636 -1315.0000000000
2642 -1314.0000000000
2650 -1312.0000000000
2656 -1311.0000000000
2662 -1310.0000000000
2674 -1309.0000000000
2679 -1308.0000000000
2683 -1307.0000000000
2684 -1306.0000000000
2689 -1305.0000000000
2693 -1304.0000000000
2704 -1303.0000000000
2713 -1302.0000000000
2716 -1301.0000000000
2724 -1300.0000000000
2725 -1299.0000000000
2736 -1298.0000000000
2745 -1297.0000000000
2753 -1296.0000000000
2763 -1295.0000000000
2766 -1294.0000000000
2767 -1293.0000000000
2790 -1291.0000000000
2793 -1290.0000000000
2812 -1289.0000000000
2816 -1288.0000000000
2831 -1287.0000000000
2833 -1286.0000000000
2836 -1285.0000000000
2855 -1283.0000000000
2863 -1282.0000000000
2871 -1281.0000000000
2876 -1280.0000000000
2905 -1279.0000000000
2909 -1278.0000000000
2933 -1277.0000000000
2946 -1276.0000000000
2948 -1275.0000000000
2955 -1274.0000000000
2956 -1273.0000000000
2968 -1272.0000000000
2978 -1271.0000000000
2981 -1270.0000000000
2982 -1269.0000000000
2983 -1268.0000000000
2984 -1266.0000000000
2992 -1265.0000000000
2995 -1264.0000000000
2998 -1262.0000000000
3002 -1261.0000000000
3009 -1260.0000000000
3013 -1259.0000000000
3023 -1258.0000000000
3047 -1257.0000000000
3072 -1256.0000000000
3109 -1254.0000000000
3110 -1252.0000000000
3111 -1251.0000000000
3124 -1250.0000000000
3127 -1249.0000000000
3131 -1248.0000000000
3133 -1247.0000000000
3143 -1246.0000000000
3147 -1245.0000000000
3155 -1244.0000000000
3158 -1243.0000000000
3171 -1242.0000000000
3173 -1240.0000000000
3177 -1239.0000000000
3183 -1238.0000000000
3189 -1237.0000000000
3199 -1236.0000000000
3205 -1235.0000000000
3207 -1234.0000000000
3214 -1233.0000000000
3225 -1232.0000000000
3227 -1231.0000000000
3234 -1229.0000000000
3252 -1228.0000000000
3255 -1226.0000000000
3260 -1225.0000000000
3272 -1224.0000000000
3273 -1223.0000000000
3281 -1222.0000000000
3284 -1221.0000000000
3285 -1220.0000000000
3288 -1219.0000000000
3305 -1218.0000000000
3315 -1217.0000000000
3318 -1216.0000000000
3324 -1215.0000000000
3332 -1214.0000000000
3334 -1211.0000000000
3341 -1210.0000000000
3345 -1209.0000000000
3349 -1208.0000000000
3357 -1207.0000000000
3362 -1206.0000000000
3365 -1205.0000000000
3372 -1204.0000000000
3376 -1203.0000000000
3379 -1202.0000000000
3385 -1201.0000000000
3393 -1200.0000000000
3395 -1199.0000000000
3402 -1198.0000000000
3405 -1197.0000000000
3407 -1196.0000000000
3434 -1195.0000000000
3445 -1194.0000000000
3449 -1193.0000000000
3460 -1192.0000000000
3464 -1191.0000000000
3469 -1189.0000000000
3471 -1188.0000000000
3482 -1186.0000000000
3490 -1185.0000000000
3497 -1183.0000000000
3514 -1182.0000000000
3525 -1180.0000000000
3526 -1179.0000000000
3547 -1178.0000000000
3551 -1177.0000000000
3554 -1176.0000000000
3579 -1175.0000000000
3592 -1174.0000000000
3597 -1173.0000000000
3602 -1172.0000000000
3628 -1171.0000000000
3634 -1170.0000000000
3635 -1169.0000000000
3642 -1168.0000000000
3665 -1167.0000000000
3677 -1166.0000000000
3682 -1165.0000000000
3695 -1164.0000000000
3701 -1162.0000000000
3709 -1161.0000000000
3710 -1160.0000000000
3716 -1159.0000000000
3724 -1158.0000000000
3729 -1157.0000000000
3733 -1156.0000000000
3756 -1155.0000000000
3759 -1153.0000000000
3769 -1152.0000000000
3778 -1151.0000000000
3785 -1150.0000000000
3790 -1148.0000000000
3795 -1146.0000000000
3806 -1145.0000000000
3810 -1144.0000000000
3813 -1142.0000000000
3817 -1141.0000000000
3833 -1140.0000000000
3836 -1139.0000000000
3853 -1138.0000000000
3854 -1137.0000000000
3855 -1136.0000000000
3863 -1135.0000000000
3874 -1134.0000000000
3876 -1133.0000000000
3879 -1132.0000000000
3885 -1131.0000000000
3887 -1130.0000000000
3888 -1129.0000000000
3892 -1128.0000000000
3899 -1127.0000000000
3903 -1126.0000000000
3923 -1125.0000000000
3924 -1124.0000000000
3929 -1123.0000000000
3937 -1122.0000000000
3938 -1121.0000000000
3942 -1120.0000000000
3945 -1119.0000000000
3947 -1118.0000000000
3949 -1117.0000000000
3950 -1116.0000000000
3961 -1115.0000000000
3963 -1114.0000000000
3969 -1113.0000000000
3984 -1112.0000000000
3988 -1111.0000000000
4005 -1109.0000000000
4011 -1108.0000000000
4034 -1106.0000000000
4039 -1105.0000000000
4040 -1104.0000000000
4060 -1103.0000000000
4112 -1101.0000000000
4119 -1100.0000000000
4121 -1099.0000000000
4125 -1098.0000000000
4129 -1097.0000000000
4131 -1095.0000000000
4133 -1094.0000000000
4146 -1093.0000000000
4149 -1092.0000000000
4150 -1091.0000000000
4152 -1090.0000000000
4163 -1089.0000000000
4178 -1087.0000000000
4198 -1085.0000000000
4203 -1084.0000000000
4204 -1083.0000000000
4207 -1082.0000000000
4214 -1081.0000000000
4215 -1080.0000000000
4218 -1079.0000000000
4223 -1078.0000000000
4252 -1076.0000000000
4266 -1075.0000000000
4269 -1073.0000000000
4274 -1072.0000000000
4289 -1071.0000000000
4295 -1070.0000000000
4306 -1069.0000000000
4308 -1068.0000000000
4310 -1067.0000000000
4334 -1066.0000000000
4347 -1065.0000000000
4366 -1063.0000000000
4383 -1062.0000000000
4401 -1061.0000000000
4404 -1060.0000000000
4406 -1059.0000000000
4423 -1058.0000000000
4428 -1055.0000000000
4432 -1054.0000000000
4443 -1053.0000000000
4486 -1051.0000000000
4492 -1050.0000000000
4505 -1049.0000000000
4511 -1048.0000000000
4515 -1047.0000000000
4520 -1046.0000000000
4539 -1044.0000000000
4549 -1043.0000000000
4550 -1042.0000000000
4564 -1041.0000000000
4566 -1039.0000000000
4574 -1038.0000000000
4578 -1037.0000000000
4588 -1036.0000000000
4602 -1034.0000000000
4618 -1033.0000000000
4619 -1032.0000000000
4623 -1031.0000000000
4630 -1030.0000000000
4632 -1029.0000000000
4636 -1028.0000000000
4639 -1027.0000000000
4642 -1026.0000000000
4646 -1025.0000000000
4660 -1024.0000000000
4663 -1022.0000000000
4668 -1020.0000000000
4671 -1019.0000000000
4676 -1018.0000000000
4684 -1016.0000000000
4693 -1015.0000000000
4708 -1014.0000000000
4721 -1013.0000000000
4730 -1011.0000000000
4745 -1010.0000000000
4760 -1009.0000000000
4762 -1008.0000000000
4763 -1007.0000000000
4779 -1006.0000000000
4789 -1005.0000000000
4805 -1004.0000000000
4817 -1003.0000000000
4818 -1002.0000000000
4855 -1001.0000000000
4859 -1000.0000000000
4873 -999.0000000000
4883 -998.0000000000
4888 -996.0000000000
4889 -995.0000000000
4895 -994.0000000000
4900 -993.0000000000
4910 -992.0000000000
4926 -991.0000000000
4927 -990.0000000000
4937 -988.0000000000
4953 -986.0000000000
4956 -985.0000000000
4957 -983.0000000000
4965 -981.0000000000
4978 -980.0000000000
4980 -979.0000000000
5007 -978.0000000000
5018 -977.0000000000
5019 -975.0000000000
5028 -973.0000000000
5029 -972.0000000000
5030 -971.0000000000
5040 -970.0000000000
5054 -969.0000000000
5069 -968.0000000000
5072 -967.0000000000
5079 -966.0000000000
5082 -965.0000000000
5085 -964.0000000000
5086 -963.0000000000
5088 -962.0000000000
5102 -961.0000000000
5105 -960.0000000000
5125 -958.0000000000
5136 -957.0000000000
5142 -956.0000000000
5146 -954.0000000000
5151 -952.0000000000
5164 -950.0000000000
5195 -949.0000000000
5199 -948.0000000000
5202 -946.0000000000
5206 -945.0000000000
5214 -944.0000000000
5232 -943.0000000000
5233 -942.0000000000
5235 -941.0000000000
5239 -940.0000000000
5257 -939.0000000000
5258 -938.0000000000
5269 -937.0000000000
5274 -936.0000000000
5275 -935.0000000000
5277 -934.0000000000
5278 -932.0000000000
5293 -931.0000000000
5316 -929.0000000000
5337 -927.0000000000
5348 -924.0000000000
5354 -923.0000000000
5355 -922.0000000000
5362 -921.0000000000
5366 -920.0000000000
5379 -919.0000000000
5390 -918.0000000000
5404 -917.0000000000
5410 -916.0000000000
5412 -915.0000000000
5427 -914.0000000000
5429 -913.0000000000
5430 -912.0000000000
5450 -911.0000000000
5453 -910.0000000000
5469 -909.0000000000
5470 -908.0000000000
5483 -907.0000000000
5490 -905.0000000000
5494 -904.0000000000
5501 -903.0000000000
5504 -902.0000000000
5512 -901.0000000000
5527 -900.0000000000
5541 -899.0000000000
5551 -897.0000000000
5561 -896.0000000000
5563 -894.0000000000
5572 -893.0000000000
5602 -892.0000000000
5625 -891.0000000000
5635 -890.0000000000
5641 -888.0000000000
5647 -887.0000000000
5653 -886.0000000000
5662 -885.0000000000
5697 -884.0000000000
5698 -883.0000000000
5705 -882.0000000000
5711 -881.0000000000
5725 -880.0000000000
5748 -879.0000000000
5750 -878.0000000000
5752 -877.0000000000
5769 -875.0000000000
5776 -874.0000000000
5778 -873.0000000000
5790 -871.0000000000
5793 -870.0000000000
5795 -869.0000000000
5811 -868.0000000000
5822 -867.0000000000
5824 -865.0000000000
5826 -864.0000000000
5834 -863.0000000000
5848 -862.0000000000
5861 -861.0000000000
5869 -860.0000000000
5872 -859.0000000000
5885 -858.0000000000
5887 -857.0000000000
5892 -856.0000000000
5894 -855.0000000000
5898 -853.0000000000
5904 -852.0000000000
5905 -851.0000000000
5910 -850.0000000000
5911 -849.0000000000
5926 -848.0000000000
5929 -847.0000000000
5932 -846.0000000000
5934 -845.0000000000
5942 -844.0000000000
5951 -843.0000000000
5967 -842.0000000000
5971 -841.0000000000
5975 -840.0000000000
5977 -838.0000000000
5996 -837.0000000000
6010 -836.0000000000
6013 -835.0000000000
6015 -834.0000000000
6046 -833.0000000000
6053 -832.0000000000
6083 -831.0000000000
6090 -830.0000000000
6098 -829.0000000000
6099 -828.0000000000
6102 -825.0000000000
6128 -824.0000000000
6129 -823.0000000000
6139 -822.0000000000
6169 -821.0000000000
6176 -820.0000000000
6195 -819.0000000000
6207 -818.0000000000
6209 -817.0000000000
6216 -816.0000000000
6229 -815.0000000000
6244 -813.0000000000
6251 -812.0000000000
6266 -811.0000000000
6271 -810.0000000000
6273 -809.0000000000
6281 -808.0000000000
6290 -807.0000000000
6295 -804.0000000000
6297 -803.0000000000
6314 -802.0000000000
6322 -801.0000000000
6324 -800.0000000000
6327 -799.0000000000
6333 -797.0000000000
6336 -796.0000000000
6338 -795.0000000000
6347 -794.0000000000
6361 -793.0000000000
6388 -792.0000000000
6398 -791.0000000000
6428 -790.0000000000
6440 -789.0000000000
6447 -788.0000000000
6455 -787.0000000000
6466 -786.0000000000
6473 -785.0000000000
6492 -784.0000000000
6493 -782.0000000000
6496 -781.0000000000
6511 -780.0000000000
6535 -778.0000000000
6540 -777.0000000000
6550 -776.0000000000
6569 -775.0000000000
6570 -774.0000000000
6607 -772.0000000000
6617 -771.0000000000
6619 -769.0000000000
6620 -768.0000000000
6631 -767.0000000000
6637 -766.0000000000
6641 -764.0000000000
6670 -763.0000000000
6693 -762.0000000000
6712 -761.0000000000
6720 -760.0000000000
6721 -759.0000000000
6729 -758.0000000000
6730 -757.0000000000
6732 -756.0000000000
6736 -755.0000000000
6744 -754.0000000000
6768 -753.0000000000
6770 -752.0000000000
6771 -751.0000000000
6779 -750.0000000000
6797 -749.0000000000
6802 -748.0000000000
6808 -747.0000000000
6821 -746.0000000000
6828 -745.0000000000
6830 -744.0000000000
6831 -743.0000000000
6844 -742.0000000000
6913 -741.0000000000
6933 -740.0000000000
6950 -739.0000000000
6953 -738.0000000000
6977 -737.0000000000
6978 -736.0000000000
7000 -735.0000000000
7006 -734.0000000000
7023 -732.0000000000
7031 -731.0000000000
7034 -730.0000000000
7043 -729.0000000000
7073 -728.0000000000
7102 -727.0000000000
7110 -726.0000000000
7120 -725.0000000000
7126 -724.0000000000
7142 -723.0000000000
7147 -722.0000000000
7159 -721.0000000000
7171 -720.0000000000
7184 -719.0000000000
7195 -718.0000000000
7218 -717.0000000000
7220 -716.0000000000
7240 -715.0000000000
7251 -714.0000000000
7254 -713.0000000000
7255 -712.0000000000
7271 -711.0000000000
7274 -710.0000000000
7301 -709.0000000000
7334 -708.0000000000
7370 -707.0000000000
7400 -706.0000000000
7426 -705.0000000000
7433 -704.0000000000
7443 -703.0000000000
7452 -702.0000000000
7467 -701.0000000000
7471 -700.0000000000
7483 -699.0000000000
7491 -698.0000000000
7498 -697.0000000000
7513 -695.0000000000
7526 -694.0000000000
7538 -693.0000000000
7548 -691.0000000000
7552 -690.0000000000
7556 -689.0000000000
7569 -688.0000000000
7581 -687.0000000000
7582 -686.0000000000
7592 -685.0000000000
7614 -684.0000000000
7623 -683.0000000000
7637 -682.0000000000
7656 -680.0000000000
7664 -679.0000000000
7669 -678.0000000000
7672 -677.0000000000
7674 -676.0000000000
7692 -675.0000000000
7703 -674.0000000000
7732 -673.0000000000
7751 -672.0000000000
7756 -671.0000000000
7766 -670.0000000000
7767 -669.0000000000
7779 -668.0000000000
7797 -667.0000000000
7800 -666.0000000000
7807 -665.0000000000
7808 -664.0000000000
7810 -663.0000000000
7811 -662.0000000000
7819 -661.0000000000
7821 -660.0000000000
7832 -659.0000000000
7835 -657.0000000000
7858 -656.0000000000
7868 -655.0000000000
7885 -654.0000000000
7910 -653.0000000000
7928 -652.0000000000
7934 -651.0000000000
7959 -650.0000000000
7975 -649.0000000000
7978 -648.0000000000
7988 -647.0000000000
8006 -646.0000000000
8014 -644.0000000000
8041 -643.0000000000
8050 -642.0000000000
8062 -641.0000000000
8082 -640.0000000000
8083 -638.0000000000
8086 -637.0000000000
8095 -636.0000000000
8114 -635.0000000000
8161 -634.0000000000
8164 -633.0000000000
8186 -632.0000000000
8193 -631.0000000000
8256 -630.0000000000
8263 -629.0000000000
8266 -628.0000000000
8273 -627.0000000000
8280 -626.0000000000
8311 -625.0000000000
8333 -624.0000000000
8354 -623.0000000000
8412 -622.0000000000
8413 -620.0000000000
8440 -619.0000000000
8444 -618.0000000000
8454 -617.0000000000
8468 -616.0000000000
8490 -615.0000000000
8520 -614.0000000000
8541 -613.0000000000
8547 -612.0000000000
8559 -611.0000000000
8569 -610.0000000000
8575 -609.0000000000
8632 -608.0000000000
8660 -607.0000000000
8690 -606.0000000000
8726 -605.0000000000
8728 -604.0000000000
8731 -603.0000000000
8769 -601.0000000000
8792 -600.0000000000
8819 -599.0000000000
8820 -597.0000000000
8823 -596.0000000000
8825 -595.0000000000
8844 -594.0000000000
8874 -593.0000000000
8899 -592.0000000000
8904 -591.0000000000
8909 -590.0000000000
8910 -589.0000000000
8919 -588.0000000000
8938 -587.0000000000
8959 -586.0000000000
8974 -585.0000000000
8975 -584.0000000000
8986 -583.0000000000
9003 -582.0000000000
9006 -581.0000000000
9027 -580.0000000000
9041 -579.0000000000
9044 -578.0000000000
9048 -577.0000000000
9064 -576.0000000000
9065 -575.0000000000
9073 -574.0000000000
9076 -573.0000000000
9091 -572.0000000000
9097 -571.0000000000
9101 -570.0000000000
9103 -569.0000000000
9106 -567.0000000000
9111 -566.0000000000
9139 -565.0000000000
9164 -564.0000000000
9185 -563.0000000000
9210 -562.0000000000
9232 -561.0000000000
9235 -560.0000000000
9284 -559.0000000000
9306 -558.0000000000
9316 -557.0000000000
9318 -556.0000000000
9319 -555.0000000000
9334 -554.0000000000
9346 -553.0000000000
9351 -552.0000000000
9384 -551.0000000000
9436 -550.0000000000
9461 -549.0000000000
9505 -548.0000000000
9511 -547.0000000000
9513 -545.0000000000
9542 -544.0000000000
9548 -542.0000000000
9556 -541.0000000000
9567 -540.0000000000
9583 -539.0000000000
9611 -538.0000000000
9614 -536.0000000000
9615 -534.0000000000
9616 -533.0000000000
9698 -532.0000000000
9721 -531.0000000000
9728 -530.0000000000
9755 -529.0000000000
9809 -528.0000000000
9866 -527.0000000000
9888 -525.0000000000
9894 -524.0000000000
9895 -523.0000000000
9903 -522.0000000000
9957 -521.0000000000
9959 -519.0000000000
10000 -519.0000000000
evaluations raw_y
1 -2060.0000000000
3 -2059.0000000000
4 -2058.0000000000
15 -2057.0000000000
17 -2056.0000000000
19 -2055.0000000000
27 -2054.0000000000
30 -2053.0000000000
34 -2052.0000000000
40 -2050.0000000000
46 -2049.0000000000
48 -2047.0000000000
52 -2044.0000000000
57 -2043.0000000000
63 -2042.0000000000
64 -2041.0000000000
65 -2040.0000000000
66 -2039.0000000000
69 -2037.0000000000
74 -2036.0000000000
75 -2034.0000000000
78 -2032.0000000000
79 -2031.0000000000
82 -2030.0000000000
88 -2029.0000000000
92 -2028.0000000000
97 -2027.0000000000
106 -2025.0000000000
112 -2024.0000000000
113 -2023.0000000000
120 -2022.0000000000
121 -2021.0000000000
130 -2019.0000000000
131 -2018.0000000000
134 -2016.0000000000
137 -2015.0000000000
143 -2014.0000000000
147 -2013.0000000000
150 -2012.0000000000
169 -2011.0000000000
173 -2010.0000000000
176 -2009.0000000000
177 -2007.0000000000
179 -2006.0000000000
182 -2005.0000000000
185 -2003.0000000000
189 -2002.0000000000
191 -2001.0000000000
192 -2000.0000000000
194 -1999.0000000000
197 -1998.0000000000
200 -1996.0000000000
203 -1995.0000000000
204 -1994.0000000000
206 -1993.0000000000
209 -1992.0000000000
210 -1991.0000000000
211 -1990.0000000000
212 -1989.0000000000
213 -1987.0000000000
220 -1985.0000000000
223 -1984.0000000000
231 -1983.0000000000
236 -1981.0000000000
237 -1980.0000000000
240 -1979.0000000000
244 -1978.0000000000
245 -1976.0000000000
248 -1975.0000000000
256 -1974.0000000000
261 -1973.0000000000
266 -1972.0000000000
270 -1971.0000000000
272 -1970.0000000000
274 -1967.0000000000
277 -1966.0000000000
284 -1964.0000000000
285 -1962.0000000000
292 -1960.0000000000
294 -1959.0000000000
295 -1957.0000000000
302 -1956.0000000000
306 -1954.0000000000
308 -1953.0000000000
309 -1952.0000000000
314 -1951.0000000000
316 -1949.0000000000
317 -1948.0000000000
318 -1946.0000000000
319 -1945.0000000000
320 -1944.0000000000
326 -1943.0000000000
330 -1942.0000000000
333 -1941.0000000000
338 -1940.0000000000
340 -1939.0000000000
341 -1938.0000000000
348 -1937.0000000000
350 -1934.0000000000
355 -1933.0000000000
356 -1932.0000000000
360 -1931.0000000000
366 -1930.0000000000
368 -1929.0000000000
371 -1925.0000000000
382 -1924.0000000000
386 -1923.0000000000
390 -1922.0000000000
391 -1921.0000000000
394 -1919.0000000000
396 -1918.0000000000
397 -1917.0000000000
398 -1916.0000000000
401 -1915.0000000000
402 -1914.0000000000
404 -1913.0000000000
407 -1911.0000000000
409 -1910.0000000000
414 -1909.0000000000
416 -1908.0000000000
417 -1907.0000000000
419 -1906.0000000000
423 -1905.0000000000
424 -1903.0000000000
426 -1902.0000000000
427 -1901.0000000000
433 -1900.0000000000
438 -1899.0000000000
439 -1897.0000000000
443 -1896.0000000000
444 -1894.0000000000
450 -1893.0000000000
452 -1892.0000000000
454 -1891.0000000000
455 -1890.0000000000
458 -1889.0000000000
462 -1887.0000000000
470 -1886.0000000000
472 -1883.0000000000
479 -1882.0000000000
485 -1881.0000000000
486 -1880.0000000000
490 -1878.0000000000
494 -1877.0000000000
495 -1876.0000000000
496 -1875.0000000000
497 -1874.0000000000
498 -1873.0000000000
507 -1871.0000000000
508 -1869.0000000000
510 -1868.0000000000
511 -1866.0000000000
512 -1864.0000000000
513 -1863.0000000000
515 -1862.0000000000
523 -1861.0000000000
533 -1860.0000000000
540 -1859.0000000000
545 -1858.0000000000
546 -1857.0000000000
549 -1856.0000000000
564 -1855.0000000000
565 -1854.0000000000
568 -1853.0000000000
573 -1851.0000000000
576 -1850.0000000000
583 -1849.0000000000
585 -1848.0000000000
586 -1847.0000000000
587 -1845.0000000000
593 -1844.0000000000
598 -1843.0000000000
599 -1842.0000000000
607 -1840.0000000000
610 -1839.0000000000
613 -1838.0000000000
614 -1836.0000000000
615 -1835.0000000000
625 -1832.0000000000
629 -1831.0000000000
630 -1830.0000000000
631 -1829.0000000000
641 -1828.0000000000
649 -1827.0000000000
651 -1826.0000000000
659 -1825.0000000000
660 -1824.0000000000
668 -1822.0000000000
678 -1821.0000000000
684 -1820.0000000000
687 -1819.0000000000
688 -1818.0000000000
700 -1817.0000000000
705 -1816.0000000000
712 -1814.0000000000
719 -1813.0000000000
726 -1811.0000000000
730 -1810.0000000000
731 -1809.0000000000
738 -1808.0000000000
742 -1807.0000000000
745 -1806.0000000000
751 -1805.0000000000
757 -1804.0000000000
760 -1803.0000000000
761 -1802.0000000000
762 -1800.0000000000
763 -1799.0000000000
765 -1798.0000000000
766 -1797.0000000000
772 -1796.0000000000
775 -1795.0000000000
781 -1794.0000000000
783 -1793.0000000000
784 -1792.0000000000
804 -1791.0000000000
807 -1790.0000000000
815 -1789.0000000000
818 -1788.0000000000
820 -1787.0000000000
824 -1785.0000000000
830 -1784.0000000000
837 -1782.0000000000
840 -1781.0000000000
843 -1780.0000000000
846 -1779.0000000000
849 -1778.0000000000
854 -1777.0000000000
865 -1776.0000000000
869 -1774.0000000000
870 -1773.0000000000
875 -1772.0000000000
877 -1770.0000000000
879 -1769.0000000000
888 -1768.0000000000
891 -1767.0000000000
895 -1766.0000000000
897 -1765.0000000000
903 -1764.0000000000
917 -1763.0000000000
920 -1762.0000000000
923 -1761.0000000000
930 -1760.0000000000
939 -1759.0000000000
946 -1757.0000000000
952 -1756.0000000000
953 -1754.0000000000
959 -1753.0000000000
962 -1752.0000000000
966 -1751.0000000000
969 -1750.0000000000
979 -1748.0000000000
988 -1747.0000000000
990 -1743.0000000000
993 -1742.0000000000
1003 -1740.0000000000
1005 -1739.0000000000
1020 -1737.0000000000
1023 -1736.0000000000
1025 -1735.0000000000
1034 -1734.0000000000
1036 -1733.0000000000
1046 -1732.0000000000
1050 -1731.0000000000
1052 -1728.0000000000
1053 -1727.0000000000
1056 -1726.0000000000
1058 -1725.0000000000
1059 -1724.0000000000
1060 -1722.0000000000
1066 -1721.0000000000
1075 -1720.0000000000
1083 -1719.0000000000
1084 -1717.0000000000
1089 -1716.0000000000
1098 -1715.0000000000
1106 -1714.0000000000
1111 -1712.0000000000
1113 -1711.0000000000
1116 -1710.0000000000
1118 -1709.0000000000
1122 -1707.0000000000
1123 -1706.0000000000
1125 -1705.0000000000
1126 -1704.0000000000
1134 -1703.0000000000
1135 -1702.0000000000
1136 -1701.0000000000
1141 -1700.0000000000
1146 -1699.0000000000
1148 -1698.0000000000
1153 -1697.0000000000
1157 -1696.0000000000
1162 -1695.0000000000
1173 -1694.0000000000
1175 -1693.0000000000
1181 -1692.0000000000
1183 -1691.0000000000
1190 -1690.0000000000
1191 -1689.0000000000
1194 -1688.0000000000
1195 -1687.0000000000
1200 -1685.0000000000
1207 -1684.0000000000
1222 -1683.0000000000
1224 -1682.0000000000
1225 -1681.0000000000
1233 -1680.0000000000
1237 -1679.0000000000
1238 -1678.0000000000
1247 -1677.0000000000
1263 -1676.0000000000
1270 -1675.0000000000
1272 -1674.0000000000
1279 -1673.0000000000
1285 -1672.0000000000
1293 -1671.0000000000
1294 -1670.0000000000
1303 -1667.0000000000
1305 -1666.0000000000
1311 -1665.0000000000
1315 -1664.0000000000
1318 -1662.0000000000
1324 -1661.0000000000
1332 -1659.0000000000
1340 -1658.0000000000
1348 -1657.0000000000
1350 -1656.0000000000
1352 -1655.0000000000
1353 -1654.0000000000
1354 -1652.0000000000
1356 -1650.0000000000
1360 -1649.0000000000
1367 -1648.0000000000
1369 -1647.0000000000
1376 -1646.0000000000
1379 -1645.0000000000
1390 -1643.0000000000
1392 -1642.0000000000
1396 -1641.0000000000
1400 -1640.0000000000
1406 -1639.0000000000
1414 -1638.0000000000
1415 -1636.0000000000
1416 -1635.0000000000
1428 -1634.0000000000
1429 -1632.0000000000
1443 -1631.0000000000
1445 -1629.0000000000
1446 -1627.0000000000
1450 -1626.0000000000
1451 -1625.0000000000
1454 -1622.0000000000
1464 -1621.0000000000
1472 -1620.0000000000
1474 -1619.0000000000
1481 -1618.0000000000
1484 -1616.0000000000
1489 -1615.0000000000
1491 -1614.0000000000
1492 -1612.0000000000
1501 -1610.0000000000
1511 -1609.0000000000
1519 -1608.0000000000
1520 -1607.0000000000
1524 -1606.0000000000
1525 -1605.0000000000
1526 -1604.0000000000
1529 -1603.0000000000
1533 -1601.0000000000
1539 -1600.0000000000
1550 -1599.0000000000
1561 -1598.0000000000
1564 -1597.0000000000
1570 -1595.0000000000
1581 -1594.0000000000
1584 -1593.0000000000
1587 -1592.0000000000
1590 -1591.0000000000
1592 -1590.0000000000
1594 -1589.0000000000
1595 -1588.0000000000
1599 -1587.0000000000
1602 -1586.0000000000
1613 -1585.0000000000
1615 -1584.0000000000
1618 -1583.0000000000
1621 -1582.0000000000
1624 -1581.0000000000
1629 -1580.0000000000
1630 -1579.0000000000
1633 -1578.0000000000
1635 -1577.0000000000
1642 -1576.0000000000
1656 -1575.0000000000
1658 -1574.0000000000
1662 -1573.0000000000
1672 -1571.0000000000
1683 -1570.0000000000
1684 -1569.0000000000
1685 -1567.0000000000
1688 -1566.0000000000
1691 -1565.0000000000
1694 -1564.0000000000
1697 -1563.0000000000
1708 -1562.0000000000
1715 -1561.0000000000
1720 -1560.0000000000
1721 -1558.0000000000
1722 -1557.0000000000
1723 -1556.0000000000
1725 -1554.0000000000
1726 -1553.0000000000
1738 -1552.0000000000
1742 -1551.0000000000
1746 -1550.0000000000
1755 -1548.0000000000
1763 -1547.0000000000
1766 -1546.0000000000
1774 -1545.0000000000
1782 -1544.0000000000
1791 -1543.0000000000
1792 -1542.0000000000
1796 -1541.0000000000
1827 -1540.0000000000
1828 -1539.0000000000
1830 -1538.0000000000
1840 -1537.0000000000
1842 -1536.0000000000
1851 -1535.0000000000
1867 -1534.0000000000
1868 -1533.0000000000
1876 -1531.0000000000
1886 -1530.0000000000
1892 -1529.0000000000
1893 -1527.0000000000
1904 -1526.0000000000
1908 -1525.0000000000
1915 -1524.0000000000
1916 -1523.0000000000
1918 -1522.0000000000
1923 -1521.0000000000
1925 -1520.0000000000
1927 -1519.0000000000
1933 -1518.0000000000
1936 -1517.0000000000
1941 -1516.0000000000
1942 -1514.0000000000
1947 -1513.0000000000
1950 -1512.0000000000
1954 -1511.0000000000
1956 -1509.0000000000
1960 -1507.0000000000
1970 -1506.0000000000
1973 -1505.0000000000
1979 -1504.0000000000
1981 -1503.0000000000
1982 -1502.0000000000
1986 -1501.0000000000
1998 -1500.0000000000
2000 -1499.0000000000
2001 -1498.0000000000
2018 -1497.0000000000
2026 -1496.0000000000
2028 -1494.0000000000
2032 -1493.0000000000
2046 -1492.0000000000
2055 -1490.0000000000
2057 -1489.0000000000
2060 -1488.0000000000
2061 -1487.0000000000
2067 -1486.0000000000
2076 -1483.0000000000
2081 -1482.0000000000
2086 -1481.0000000000
2088 -1478.0000000000
2090 -1477.0000000000
2096 -1476.0000000000
2100 -1475.0000000000
2116 -1473.0000000000
2122 -1472.0000000000
2125 -1471.0000000000
2133 -1470.0000000000
2135 -1469.0000000000
2142 -1468.0000000000
2146 -1467.0000000000
2161 -1466.0000000000
2166 -1464.0000000000
2178 -1463.0000000000
2186 -1462.0000000000
2192 -1460.0000000000
2194 -1458.0000000000
2197 -1457.0000000000
2203 -1456.0000000000
2210 -1455.0000000000
2220 -1454.0000000000
2225 -1453.0000000000
2227 -1452.0000000000
2237 -1451.0000000000
2241 -1449.0000000000
2250 -1448.0000000000
2258 -1447.0000000000
2265 -1446.0000000000
2276 -1445.0000000000
2298 -1444.0000000000
2300 -1443.0000000000
2305 -1442.0000000000
2309 -1441.0000000000
2311 -1439.0000000000
2318 -1438.0000000000
2322 -1437.0000000000
2332 -1436.0000000000
2334 -1435.0000000000
2336 -1434.0000000000
2361 -1433.0000000000
2363 -1431.0000000000
2366 -1430.0000000000
2367 -1429.0000000000
2368 -1428.0000000000
2370 -1427.0000000000
2384 -1425.0000000000
2385 -1424.0000000000
2415 -1422.0000000000
2422 -1421.0000000000
2427 -1420.0000000000
2428 -1419.0000000000
2430 -1418.0000000000
2445 -1417.0000000000
2447 -1416.0000000000
2448 -1415.0000000000
2451 -1414.0000000000
2453 -1412.0000000000
2456 -1411.0000000000
2459 -1410.0000000000
2463 -1409.0000000000
2464 -1407.0000000000
2465 -1406.0000000000
2467 -1405.0000000000
2482 -1404.0000000000
2495 -1403.0000000000
2496 -1402.0000000000
2499 -1401.0000000000
2506 -1400.0000000000
2515 -1399.0000000000
2519 -1398.0000000000
2523 -1397.0000000000
2531 -1396.0000000000
2532 -1395.0000000000
2553 -1394.0000000000
2555 -1393.0000000000
2569 -1392.0000000000
2579 -1391.0000000000
2580 -1390.0000000000
2586 -1389.0000000000
2591 -1387.0000000000
2595 -1386.0000000000
2596 -1384.0000000000
2606 -1383.0000000000
2609 -1381.0000000000
2612 -1380.0000000000
2613 -1378.0000000000
2621 -1377.0000000000
2637 -1376.0000000000
2648 -1375.0000000000
2663 -1374.0000000000
2664 -1373.0000000000
2669 -1372.0000000000
2671 -1371.0000000000
2674 -1370.0000000000
2682 -1369.0000000000
2684 -1368.0000000000
2691 -1367.0000000000
2705 -1366.0000000000
2709 -1364.0000000000
2715 -1363.0000000000
2718 -1362.0000000000
2723 -1361.0000000000
2725 -1360.0000000000
2735 -1359.0000000000
2749 -1358.0000000000
2759 -1357.0000000000
2761 -1356.0000000000
2763 -1355.0000000000
2768 -1352.0000000000
2776 -1351.0000000000
2778 -1350.0000000000
2779 -1349.0000000000
2784 -1348.0000000000
2785 -1347.0000000000
2791 -1346.0000000000
2798 -1345.0000000000
2806 -1344.0000000000
2807 -1343.0000000000
2809 -1342.0000000000
2815 -1341.0000000000
2817 -1340.0000000000
2826 -1339.0000000000
2834 -1338.0000000000
2840 -1337.0000000000
2851 -1336.0000000000
2852 -1335.0000000000
2860 -1334.0000000000
2870 -1333.0000000000
2878 -1332.0000000000
2879 -1331.0000000000
2889 -1330.0000000000
2890 -1329.0000000000
2891 -1328.0000000000
2904 -1327.0000000000
2913 -1324.0000000000
2922 -1322.0000000000
2923 -1321.0000000000
2926 -1320.0000000000
2927 -1319.0000000000
2928 -1318.0000000000
2930 -1317.0000000000
2931 -1316.0000000000
2934 -1315.0000000000
2946 -1314.0000000000
2953 -1313.0000000000
2961 -1311.0000000000
2963 -1309.0000000000
2966 -1308.0000000000
2967 -1307.0000000000
2979 -1306.0000000000
2982 -1304.0000000000
2984 -1303.0000000000
2988 -1301.0000000000
3005 -1300.0000000000
3008 -1299.0000000000
3017 -1298.0000000000
3023 -1295.0000000000
3027 -1293.0000000000
3029 -1292.0000000000
3030 -1291.0000000000
3053 -1290.0000000000
3056 -1288.0000000000
3059 -1287.0000000000
3066 -1286.0000000000
3068 -1285.0000000000
3075 -1284.0000000000
3081 -1283.0000000000
3086 -1282.0000000000
3101 -1281.0000000000
3116 -1277.0000000000
3121 -1276.0000000000
3122 -1275.0000000000
3133 -1274.0000000000
3135 -1272.0000000000
3137 -1271.0000000000
3142 -1270.0000000000
3149 -1269.0000000000
3153 -1268.0000000000
3154 -1267.0000000000
3157 -1266.0000000000
3172 -1265.0000000000
3184 -1264.0000000000
3188 -1263.0000000000
3191 -1262.0000000000
3203 -1261.0000000000
3213 -1260.0000000000
3217 -1259.0000000000
3235 -1258.0000000000
3236 -1257.0000000000
3237 -1256.0000000000
3238 -1255.0000000000
3243 -1254.0000000000
3261 -1253.0000000000
3262 -1252.0000000000
3267 -1251.0000000000
3276 -1250.0000000000
3324 -1249.0000000000
3333 -1247.0000000000
3335 -1246.0000000000
3343 -1245.0000000000
3361 -1243.0000000000
3363 -1242.0000000000
3376 -1241.0000000000
3377 -1240.0000000000
3388 -1239.0000000000
3389 -1238.0000000000
3391 -1236.0000000000
3402 -1235.0000000000
3406 -1234.0000000000
3409 -1233.0000000000
3410 -1231.0000000000
3423 -1230.0000000000
3439 -1229.0000000000
3445 -1228.0000000000
3462 -1227.0000000000
3497 -1226.0000000000
3507 -1225.0000000000
3517 -1224.0000000000
3521 -1222.0000000000
3529 -1221.0000000000
3532 -1219.0000000000
3537 -1218.0000000000
3552 -1217.0000000000
3553 -1216.0000000000
3559 -1215.0000000000
3568 -1213.0000000000
3571 -1211.0000000000
3576 -1210.0000000000
3577 -1209.0000000000
3579 -1208.0000000000
3583 -1207.0000000000
3586 -1206.0000000000
3592 -1205.0000000000
3601 -1203.0000000000
3608 -1202.0000000000
3618 -1201.0000000000
3621 -1200.0000000000
3626 -1199.0000000000
3627 -1198.0000000000
3647 -1197.0000000000
3650 -1196.0000000000
3659 -1194.0000000000
3671 -1193.0000000000
3673 -1192.0000000000
3687 -1190.0000000000
3697 -1188.0000000000
3712 -1187.0000000000
3721 -1186.0000000000
3738 -1184.0000000000
3746 -1183.0000000000
3760 -1181.0000000000
3766 -1179.0000000000
3767 -1178.0000000000
3770 -1177.0000000000
3773 -1176.0000000000
3778 -1175.0000000000
3781 -1174.0000000000
3784 -1173.0000000000
3791 -1172.0000000000
3792 -1171.0000000000
3794 -1170.0000000000
3805 -1168.0000000000
3810 -1167.0000000000
3811 -1166.0000000000
3820 -1165.0000000000
3835 -1164.0000000000
3860 -1163.0000000000
3865 -1162.0000000000
3876 -1160.0000000000
3879 -1159.0000000000
3892 -1158.0000000000
3903 -1157.0000000000
3905 -1156.0000000000
3906 -1155.0000000000
3911 -1154.0000000000
3913 -1153.0000000000
3919 -1152.0000000000
3939 -1151.0000000000
3952 -1150.0000000000
3954 -1149.0000000000
3956 -1148.0000000000
3959 -1147.0000000000
3969 -1146.0000000000
3970 -1145.0000000000
3985 -1144.0000000000
3987 -1143.0000000000
3988 -1142.0000000000
3989 -1141.0000000000
3991 -1140.0000000000
3998 -1139.0000000000
4012 -1138.0000000000
4018 -1137.0000000000
4020 -1136.0000000000
4022 -1135.0000000000
4025 -1134.0000000000
4027 -1133.0000000000
4067 -1132.0000000000
4070 -1131.0000000000
4071 -1130.0000000000
4074 -1129.0000000000
4080 -1128.0000000000
4083 -1126.0000000000
4091 -1125.0000000000
4104 -1124.0000000000
4105 -1123.0000000000
4117 -1122.0000000000
4118 -1121.0000000000
4123 -1120.0000000000
4137 -1119.0000000000
4144 -1118.0000000000
4146 -1117.0000000000
4150 -1116.0000000000
4151 -1115.0000000000
4164 -1114.0000000000
4168 -1112.0000000000
4176 -1111.0000000000
4186 -1109.0000000000
4187 -1108.0000000000
4194 -1107.0000000000
4198 -1106.0000000000
4205 -1105.0000000000
4208 -1104.0000000000
4219 -1103.0000000000
4231 -1102.0000000000
4232 -1101.0000000000
4235 -1100.0000000000
4248 -1099.0000000000
4263 -1098.0000000000
4265 -1097.0000000000
4268 -1096.0000000000
4285 -1094.0000000000
4299 -1093.0000000000
4312 -1092.0000000000
4327 -1091.0000000000
4336 -1090.0000000000
4344 -1089.0000000000
4353 -1088.0000000000
4397 -1087.0000000000
4398 -1086.0000000000
4408 -1085.0000000000
4432 -1084.0000000000
4435 -1083.0000000000
4439 -1081.0000000000
4440 -1079.0000000000
4449 -1078.0000000000
4458 -1077.0000000000
4459 -1076.0000000000
4478 -1074.0000000000
4485 -1073.0000000000
4490 -1072.0000000000
4491 -1071.0000000000
4494 -1070.0000000000
4495 -1069.0000000000
4496 -1068.0000000000
4513 -1067.0000000000
4515 -1066.0000000000
4524 -1065.0000000000
4534 -1063.0000000000
4536 -1062.0000000000
4557 -1060.0000000000
4569 -1059.0000000000
4593 -1058.0000000000
4597 -1057.0000000000
4598 -1056.0000000000
4607 -1054.0000000000
4627 -1053.0000000000
4628 -1052.0000000000
4629 -1051.0000000000
4636 -1050.0000000000
4648 -1049.0000000000
4659 -1048.0000000000
4673 -1047.0000000000
4674 -1046.0000000000
4675 -1045.0000000000
4687 -1044.0000000000
4694 -1043.0000000000
4709 -1042.0000000000
4716 -1041.0000000000
4722 -1040.0000000000
4732 -1039.0000000000
4747 -1037.0000000000
4764 -1036.0000000000
4773 -1035.0000000000
4778 -1034.0000000000
4779 -1033.0000000000
4782 -1031.0000000000
4787 -1030.0000000000
4796 -1028.0000000000
4797 -1027.0000000000
4808 -1026.0000000000
4814 -1025.0000000000
4828 -1024.0000000000
4843 -1023.0000000000
4845 -1022.0000000000
4851 -1021.0000000000
4857 -1020.0000000000
4868 -1019.0000000000
4880 -1018.0000000000
4898 -1017.0000000000
4914 -1016.0000000000
4922 -1015.0000000000
4924 -1013.0000000000
4926 -1011.0000000000
4929 -1009.0000000000
4933 -1008.0000000000
4956 -1006.0000000000
4969 -1005.0000000000
4975 -1003.0000000000
4978 -1002.0000000000
4986 -1001.0000000000
4989 -1000.0000000000
4996 -999.0000000000
5005 -998.0000000000
5009 -997.0000000000
5012 -995.0000000000
5049 -994.0000000000
5053 -992.0000000000
5057 -990.0000000000
5058 -989.0000000000
5062 -988.0000000000
5063 -987.0000000000
5068 -986.0000000000
5072 -985.0000000000
5083 -984.0000000000
5084 -982.0000000000
5094 -981.0000000000
5101 -980.0000000000
5124 -979.0000000000
5127 -978.0000000000
5130 -977.0000000000
5141 -976.0000000000
5155 -974.0000000000
5162 -973.0000000000
5180 -972.0000000000
5182 -971.0000000000
5183 -970.0000000000
5188 -969.0000000000
5214 -968.0000000000
5218 -967.0000000000
5247 -966.0000000000
5260 -964.0000000000
5262 -962.0000000000
5264 -961.0000000000
5271 -960.0000000000
5273 -959.0000000000
5290 -958.0000000000
5291 -956.0000000000
5300 -955.0000000000
5307 -954.0000000000
5308 -953.0000000000
5311 -952.0000000000
5325 -951.0000000000
5327 -949.0000000000
5331 -948.0000000000
5341 -947.0000000000
5381 -946.0000000000
5427 -945.0000000000
5431 -943.0000000000
5437 -942.0000000000
5439 -941.0000000000
5447 -940.0000000000
5451 -939.0000000000
5463 -938.0000000000
5473 -937.0000000000
5474 -936.0000000000
5504 -935.0000000000
5508 -933.0000000000
5509 -932.0000000000
5517 -931.0000000000
5524 -930.0000000000
5531 -929.0000000000
5538 -927.0000000000
5550 -926.0000000000
5559 -925.0000000000
5573 -924.0000000000
5583 -922.0000000000
5586 -921.0000000000
5587 -920.0000000000
5598 -917.0000000000
5604 -916.0000000000
5612 -915.0000000000
5635 -913.0000000000
5647 -912.0000000000
5661 -911.0000000000
5663 -910.0000000000
5710 -909.0000000000
5737 -908.0000000000
5750 -907.0000000000
5753 -906.0000000000
5763 -905.0000000000
5785 -904.0000000000
5797 -902.0000000000
5800 -901.0000000000
5813 -900.0000000000
5815 -899.0000000000
5823 -898.0000000000
5831 -897.0000000000
5846 -896.0000000000
5851 -895.0000000000
5857 -894.0000000000
5897 -893.0000000000
5907 -892.0000000000
5914 -891.0000000000
5917 -890.0000000000
5918 -889.0000000000
5925 -888.0000000000
5948 -887.0000000000
5965 -885.0000000000
5983 -884.0000000000
5989 -883.0000000000
6017 -882.0000000000
6019 -881.0000000000
6027 -880.0000000000
6051 -879.0000000000
6062 -878.0000000000
6074 -877.0000000000
6088 -876.0000000000
6094 -875.0000000000
6105 -874.0000000000
6113 -873.0000000000
6118 -872.0000000000
6122 -871.0000000000
6123 -870.0000000000
6129 -869.0000000000
6136 -868.0000000000
6137 -867.0000000000
6138 -866.0000000000
6140 -864.0000000000
6145 -863.0000000000
6149 -862.0000000000
6157 -861.0000000000
6158 -858.0000000000
6172 -857.0000000000
6185 -856.0000000000
6190 -855.0000000000
6194 -854.0000000000
6209 -853.0000000000
6254 -852.0000000000
6258 -851.0000000000
6271 -850.0000000000
6291 -849.0000000000
6298 -848.0000000000
6300 -846.0000000000
6316 -845.0000000000
6317 -844.0000000000
6318 -843.0000000000
6328 -841.0000000000
6330 -840.0000000000
6343 -839.0000000000
6347 -838.0000000000
6356 -837.0000000000
6357 -836.0000000000
6367 -835.0000000000
6379 -834.0000000000
6388 -832.0000000000
6401 -831.0000000000
6404 -830.0000000000
6424 -828.0000000000
6430 -827.0000000000
6439 -826.0000000000
6499 -825.0000000000
6503 -824.0000000000
6510 -823.0000000000
6514 -822.0000000000
6534 -821.0000000000
6547 -820.0000000000
6559 -819.0000000000
6560 -818.0000000000
6572 -817.0000000000
6580 -816.0000000000
6582 -815.0000000000
6584 -814.0000000000
6592 -813.0000000000
6601 -811.0000000000
6604 -810.0000000000
6612 -809.0000000000
6623 -808.0000000000
6636 -807.0000000000
6638 -806.0000000000
6652 -805.0000000000
6661 -804.0000000000
6662 -803.0000000000
6668 -802.0000000000
6724 -801.0000000000
6725 -800.0000000000
6732 -799.0000000000
6752 -798.0000000000
6780 -797.0000000000
6783 -796.0000000000
6810 -795.0000000000
6812 -793.0000000000
6818 -792.0000000000
6824 -791.0000000000
6825 -790.0000000000
6839 -789.0000000000
6845 -788.0000000000
6848 -787.0000000000
6860 -786.0000000000
6867 -785.0000000000
6869 -784.0000000000
6896 -783.0000000000
6897 -782.0000000000
6908 -781.0000000000
6910 -780.0000000000
6931 -779.0000000000
6937 -778.0000000000
6941 -776.0000000000
6945 -775.0000000000
6946 -774.0000000000
6947 -773.0000000000
6959 -772.0000000000
6962 -771.0000000000
6964 -769.0000000000
6995 -768.0000000000
7001 -767.0000000000
7018 -766.0000000000
7026 -765.0000000000
7055 -764.0000000000
7072 -763.0000000000
7073 -761.0000000000
7076 -760.0000000000
7108 -759.0000000000
7117 -758.0000000000
7139 -757.0000000000
7169 -756.0000000000
7211 -755.0000000000
7215 -754.0000000000
7239 -751.0000000000
7243 -750.0000000000
7257 -749.0000000000
7280 -748.0000000000
7282 -747.0000000000
7284 -746.0000000000
7288 -745.0000000000
7290 -744.0000000000
7393 -743.0000000000
7398 -742.0000000000
7441 -741.0000000000
7462 -740.0000000000
7510 -739.0000000000
7526 -738.0000000000
7556 -737.0000000000
7557 -736.0000000000
7558 -735.0000000000
7576 -734.0000000000
7579 -733.0000000000
7583 -732.0000000000
7588 -731.0000000000
7594 -730.0000000000
7598 -729.0000000000
7638 -728.0000000000
7645 -727.0000000000
7646 -726.0000000000
7675 -725.0000000000
7676 -724.0000000000
7678 -723.0000000000
7679 -722.0000000000
7707 -721.0000000000
7720 -720.0000000000
7745 -719.0000000000
7757 -718.0000000000
7772 -717.0000000000
7776 -716.0000000000
7795 -715.0000000000
7835 -714.0000000000
7849 -713.0000000000
7878 -711.0000000000
7887 -710.0000000000
7906 -709.0000000000
7927 -708.0000000000
7931 -707.0000000000
7955 -706.0000000000
7957 -705.0000000000
7967 -704.0000000000
7976 -703.0000000000
7998 -702.0000000000
8002 -701.0000000000
8003 -700.0000000000
8012 -699.0000000000
8014 -698.0000000000
8015 -697.0000000000
8016 -696.0000000000
8026 -695.0000000000
8030 -694.0000000000
8031 -693.0000000000
8040 -692.0000000000
8052 -691.0000000000
8075 -690.0000000000
8085 -689.0000000000
8094 -688.0000000000
8103 -687.0000000000
8135 -686.0000000000
8139 -685.0000000000
8147 -684.0000000000
8158 -683.0000000000
8164 -682.0000000000
8190 -681.0000000000
8207 -680.0000000000
8212 -679.0000000000
8235 -678.0000000000
8259 -677.0000000000
8305 -676.0000000000
8326 -675.0000000000
8364 -674.0000000000
8374 -673.0000000000
8376 -672.0000000000
8391 -671.0000000000
8392 -670.0000000000
8393 -669.0000000000
8400 -668.0000000000
8410 -667.0000000000
8422 -666.0000000000
8424 -665.0000000000
8444 -663.0000000000
8457 -662.0000000000
8471 -661.0000000000
8473 -660.0000000000
8492 -659.0000000000
8496 -658.0000000000
8499 -657.0000000000
8569 -656.0000000000
8591 -655.0000000000
8600 -654.0000000000
8612 -653.0000000000
8619 -652.0000000000
8625 -651.0000000000
8631 -650.0000000000
8666 -649.0000000000
8676 -648.0000000000
8679 -647.0000000000
8685 -646.0000000000
8686 -645.0000000000
8710 -644.0000000000
8731 -643.0000000000
8733 -642.0000000000
8737 -641.0000000000
8738 -640.0000000000
8739 -639.0000000000
8743 -638.0000000000
8763 -637.0000000000
8811 -636.0000000000
8817 -635.0000000000
8832 -633.0000000000
8834 -632.0000000000
8866 -631.0000000000
8885 -629.0000000000
8896 -628.0000000000
8907 -627.0000000000
8928 -626.0000000000
8940 -625.0000000000
8958 -623.0000000000
8974 -622.0000000000
8986 -621.0000000000
8997 -620.0000000000
9005 -619.0000000000
9009 -618.0000000000
9032 -617.0000000000
9052 -616.0000000000
9056 -615.0000000000
9068 -614.0000000000
9078 -612.0000000000
9096 -611.0000000000
9097 -610.0000000000
9101 -609.0000000000
9113 -608.0000000000
9122 -607.0000000000
9150 -606.0000000000
9157 -605.0000000000
9160 -604.0000000000
9176 -603.0000000000
9189 -602.0000000000
9201 -601.0000000000
9204 -600.0000000000
9213 -599.0000000000
9229 -598.0000000000
9231 -595.0000000000
9248 -594.0000000000
9254 -593.0000000000
9255 -592.0000000000
9261 -591.0000000000
9263 -590.0000000000
9323 -588.0000000000
9330 -587.0000000000
9334 -586.0000000000
9335 -585.0000000000
9347 -584.0000000000
9350 -583.0000000000
9363 -582.0000000000
9368 -580.0000000000
9404 -579.0000000000
9413 -578.0000000000
9423 -576.0000000000
9428 -575.0000000000
9431 -574.0000000000
9434 -573.0000000000
9458 -572.0000000000
9476 -571.0000000000
9502 -570.0000000000
9516 -569.0000000000
9527 -568.0000000000
9545 -567.0000000000
9589 -566.0000000000
9599 -565.0000000000
9620 -564.0000000000
9639 -563.0000000000
9650 -562.0000000000
9651 -560.0000000000
9652 -558.0000000000
9665 -557.0000000000
9672 -556.0000000000
9675 -555.0000000000
9681 -554.0000000000
9709 -553.0000000000
9726 -552.0000000000
9747 -551.0000000000
9782 -550.0000000000
9787 -549.0000000000
9794 -548.0000000000
9814 -547.0000000000
9853 -545.0000000000
9858 -544.0000000000
9861 -543.0000000000
9873 -542.0000000000
9904 -540.0000000000
9923 -539.0000000000
9935 -538.0000000000
9973 -537.0000000000
9979 -536.0000000000
10000 -536.0000000000
evaluations raw_y
1 -1982.0000000000
12 -1980.0000000000
16 -1979.0000000000
19 -1978.0000000000
20 -1977.0000000000
22 -1976.0000000000
23 -1975.0000000000
26 -1974.0000000000
27 -1973.0000000000
28 -1972.0000000000
36 -1971.0000000000
39 -1970.0000000000
49 -1969.0000000000
50 -1968.0000000000
51 -1966.0000000000
52 -1965.0000000000
56 -1964.0000000000
57 -1963.0000000000
65 -1962.0000000000
70 -1961.0000000000
71 -1960.0000000000
72 -1959.0000000000
82 -1958.0000000000
87 -1956.0000000000
89 -1955.0000000000
93 -1954.0000000000
94 -1952.0000000000
98 -1951.0000000000
101 -1949.0000000000
104 -1948.0000000000
111 -1947.0000000000
115 -1946.0000000000
123 -1945.0000000000
124 -1944.0000000000
125 -1943.0000000000
126 -1942.0000000000
127 -1940.0000000000
130 -1939.0000000000
133 -1938.0000000000
136 -1937.0000000000
137 -1936.0000000000
141 -1935.0000000000
144 -1934.0000000000
148 -1933.0000000000
150 -1932.0000000000
155 -1931.0000000000
161 -1930.0000000000
172 -1929.0000000000
180 -1928.0000000000
182 -1927.0000000000
188 -1926.0000000000
192 -1925.0000000000
194 -1924.0000000000
198 -1923.0000000000
201 -1922.0000000000
202 -1920.0000000000
203 -1918.0000000000
205 -1917.0000000000
226 -1916.0000000000
227 -1913.0000000000
229 -1912.0000000000
230 -1911.0000000000
231 -1909.0000000000
233 -1907.0000000000
241 -1906.0000000000
245 -1905.0000000000
270 -1904.0000000000
271 -1903.0000000000
272 -1902.0000000000
276 -1901.0000000000
277 -1900.0000000000
280 -1899.0000000000
284 -1898.0000000000
288 -1897.0000000000
290 -1896.0000000000
299 -1895.0000000000
300 -1894.0000000000
302 -1892.0000000000
304 -1890.0000000000
306 -1889.0000000000
308 -1888.0000000000
309 -1887.0000000000
310 -1886.0000000000
333 -1885.0000000000
334 -1884.0000000000
339 -1883.0000000000
347 -1882.0000000000
365 -1881.0000000000
368 -1880.0000000000
370 -1879.0000000000
380 -1878.0000000000
382 -1877.0000000000
385 -1876.0000000000
386 -1875.0000000000
391 -1874.0000000000
392 -1872.0000000000
393 -1871.0000000000
398 -1870.0000000000
400 -1869.0000000000
404 -1867.0000000000
408 -1865.0000000000
412 -1864.0000000000
414 -1863.0000000000
419 -1861.0000000000
420 -1860.0000000000
424 -1858.0000000000
426 -1857.0000000000
428 -1852.0000000000
435 -1849.0000000000
436 -1847.0000000000
437 -1845.0000000000
439 -1844.0000000000
450 -1842.0000000000
454 -1841.0000000000
456 -1840.0000000000
458 -1839.0000000000
460 -1838.0000000000
464 -1837.0000000000
465 -1834.0000000000
466 -1833.0000000000
478 -1832.0000000000
481 -1830.0000000000
482 -1829.0000000000
492 -1828.0000000000
495 -1827.0000000000
500 -1826.0000000000
501 -1824.0000000000
505 -1823.0000000000
507 -1821.0000000000
508 -1820.0000000000
515 -1818.0000000000
518 -1816.0000000000
520 -1815.0000000000
526 -1814.0000000000
528 -1813.0000000000
534 -1812.0000000000
539 -1810.0000000000
543 -1809.0000000000
546 -1808.0000000000
549 -1806.0000000000
552 -1805.0000000000
554 -1804.0000000000
555 -1803.0000000000
563 -1802.0000000000
569 -1801.0000000000
572 -1799.0000000000
573 -1797.0000000000
575 -1796.0000000000
576 -1795.0000000000
581 -1794.0000000000
587 -1793.0000000000
590 -1791.0000000000
591 -1790.0000000000
593 -1789.0000000000
594 -1787.0000000000
596 -1786.0000000000
601 -1784.0000000000
609 -1782.0000000000
612 -1781.0000000000
613 -1780.0000000000
617 -1779.0000000000
623 -1776.0000000000
631 -1775.0000000000
637 -1774.0000000000
638 -1773.0000000000
640 -1772.0000000000
649 -1771.0000000000
653 -1770.0000000000
658 -1769.0000000000
661 -1768.0000000000
668 -1767.0000000000
675 -1765.0000000000
676 -1764.0000000000
678 -1762.0000000000
679 -1761.0000000000
685 -1760.0000000000
686 -1759.0000000000
687 -1758.0000000000
689 -1757.0000000000
693 -1756.0000000000
697 -1755.0000000000
698 -1754.0000000000
701 -1753.0000000000
703 -1752.0000000000
704 -1751.0000000000
713 -1750.0000000000
716 -1749.0000000000
720 -1748.0000000000
722 -1747.0000000000
726 -1746.0000000000
728 -1745.0000000000
729 -1744.0000000000
731 -1743.0000000000
736 -1742.0000000000
746 -1741.0000000000
750 -1739.0000000000
759 -1738.0000000000
763 -1737.0000000000
764 -1736.0000000000
767 -1734.0000000000
776 -1733.0000000000
788 -1732.0000000000
794 -1731.0000000000
801 -1730.0000000000
805 -1729.0000000000
807 -1728.0000000000
810 -1727.0000000000
814 -1725.0000000000
816 -1724.0000000000
821 -1723.0000000000
830 -1722.0000000000
833 -1721.0000000000
835 -1720.0000000000
845 -1719.0000000000
846 -1718.0000000000
850 -1717.0000000000
856 -1716.0000000000
860 -1715.0000000000
872 -1714.0000000000
878 -1713.0000000000
880 -1711.0000000000
881 -1709.0000000000
882 -1708.0000000000
884 -1707.0000000000
890 -1705.0000000000
894 -1704.0000000000
900 -1703.0000000000
911 -1701.0000000000
917 -1700.0000000000
921 -1699.0000000000
923 -1698.0000000000
936 -1697.0000000000
940 -1696.0000000000
946 -1695.0000000000
952 -1694.0000000000
955 -1693.0000000000
962 -1691.0000000000
969 -1690.0000000000
970 -1689.0000000000
974 -1688.0000000000
983 -1687.0000000000
985 -1686.0000000000
1003 -1685.0000000000
1010 -1684.0000000000
1011 -1683.0000000000
1018 -1682.0000000000
1021 -1681.0000000000
1025 -1680.0000000000
1028 -1679.0000000000
1036 -1678.0000000000
1043 -1677.0000000000
1047 -1676.0000000000
1048 -1675.0000000000
1051 -1674.0000000000
1057 -1673.0000000000
1058 -1672.0000000000
1059 -1671.0000000000
1061 -1670.0000000000
1073 -1669.0000000000
1075 -1668.0000000000
1087 -1666.0000000000
1090 -1664.0000000000
1096 -1663.0000000000
1097 -1662.0000000000
1105 -1661.0000000000
1107 -1660.0000000000
1114 -1659.0000000000
1125 -1658.0000000000
1126 -1656.0000000000
1129 -1655.0000000000
1132 -1654.0000000000
1134 -1653.0000000000
1139 -1652.0000000000
1143 -1651.0000000000
1144 -1650.0000000000
1145 -1649.0000000000
1163 -1648.0000000000
1165 -1647.0000000000
1168 -1646.0000000000
1169 -1645.0000000000
1170 -1644.0000000000
1184 -1643.0000000000
1190 -1642.0000000000
1197 -1640.0000000000
1200 -1638.0000000000
1205 -1635.0000000000
1207 -1634.0000000000
1208 -1633.0000000000
1209 -1632.0000000000
1216 -1631.0000000000
1225 -1630.0000000000
1227 -1629.0000000000
1231 -1628.0000000000
1232 -1627.0000000000
1233 -1626.0000000000
1249 -1625.0000000000
1250 -1624.0000000000
1251 -1623.0000000000
1254 -1622.0000000000
1261 -1621.0000000000
1269 -1620.0000000000
1271 -1619.0000000000
1280 -1618.0000000000
1285 -1616.0000000000
1286 -1615.0000000000
1289 -1613.0000000000
1292 -1612.0000000000
1293 -1611.0000000000
1305 -1610.0000000000
1311 -1608.0000000000
1313 -1606.0000000000
1314 -1605.0000000000
1318 -1603.0000000000
1322 -1602.0000000000
1323 -1599.0000000000
1324 -1598.0000000000
1336 -1596.0000000000
1338 -1595.0000000000
1341 -1594.0000000000
1344 -1592.0000000000
1348 -1591.0000000000
1351 -1590.0000000000
1357 -1589.0000000000
1360 -1588.0000000000
1369 -1587.0000000000
1370 -1586.0000000000
1371 -1585.0000000000
1372 -1583.0000000000
1373 -1582.0000000000
1375 -1581.0000000000
1377 -1580.0000000000
1381 -1577.0000000000
1384 -1576.0000000000
1388 -1575.0000000000
1389 -1574.0000000000
1390 -1573.0000000000
1391 -1572.0000000000
1393 -1571.0000000000
1397 -1569.0000000000
1402 -1568.0000000000
1406 -1567.0000000000
1411 -1566.0000000000
1414 -1564.0000000000
1418 -1563.0000000000
1419 -1562.0000000000
1423 -1561.0000000000
1427 -1560.0000000000
1430 -1559.0000000000
1432 -1558.0000000000
1440 -1557.0000000000
1445 -1556.0000000000
1446 -1555.0000000000
1453 -1554.0000000000
1460 -1553.0000000000
1463 -1552.0000000000
1468 -1551.0000000000
1472 -1550.0000000000
1481 -1549.0000000000
1488 -1548.0000000000
1500 -1547.0000000000
1503 -1546.0000000000
1505 -1545.0000000000
1510 -1542.0000000000
1511 -1540.0000000000
1512 -1538.0000000000
1514 -1537.0000000000
1517 -1536.0000000000
1526 -1535.0000000000
1527 -1532.0000000000
1535 -1531.0000000000
1540 -1530.0000000000
1548 -1529.0000000000
1550 -1528.0000000000
1559 -1527.0000000000
1566 -1526.0000000000
1569 -1525.0000000000
1573 -1524.0000000000
1580 -1523.0000000000
1585 -1522.0000000000
1593 -1521.0000000000
1596 -1520.0000000000
1604 -1519.0000000000
1612 -1518.0000000000
1616 -1517.0000000000
1618 -1516.0000000000
1627 -1513.0000000000
1631 -1511.0000000000
1642 -1510.0000000000
1649 -1509.0000000000
1662 -1508.0000000000
1683 -1506.0000000000
1689 -1503.0000000000
1695 -1501.0000000000
1697 -1500.0000000000
1700 -1499.0000000000
1721 -1498.0000000000
1722 -1497.0000000000
1737 -1496.0000000000
1743 -1495.0000000000
1752 -1494.0000000000
1760 -1493.0000000000
1774 -1492.0000000000
1777 -1491.0000000000
1780 -1490.0000000000
1784 -1489.0000000000
1786 -1488.0000000000
1791 -1487.0000000000
1794 -1486.0000000000
1796 -1485.0000000000
1804 -1484.0000000000
1808 -1483.0000000000
1813 -1482.0000000000
1814 -1481.0000000000
1819 -1480.0000000000
1822 -1478.0000000000
1825 -1476.0000000000
1826 -1474.0000000000
1836 -1473.0000000000
1841 -1472.0000000000
1846 -1470.0000000000
1859 -1468.0000000000
1862 -1467.0000000000
1864 -1466.0000000000
1866 -1465.0000000000
1867 -1464.0000000000
1868 -1463.0000000000
1872 -1462.0000000000
1881 -1461.0000000000
1885 -1460.0000000000
1893 -1459.0000000000
1898 -1458.0000000000
1901 -1456.0000000000
1902 -1455.0000000000
1916 -1454.0000000000
1929 -1452.0000000000
1930 -1448.0000000000
1933 -1447.0000000000
1938 -1446.0000000000
1939 -1445.0000000000
1943 -1444.0000000000
1948 -1443.0000000000
1950 -1442.0000000000
1954 -1441.0000000000
1957 -1440.0000000000
1964 -1439.0000000000
1968 -1438.0000000000
1972 -1437.0000000000
1975 -1436.0000000000
1981 -1435.0000000000
1983 -1434.0000000000
1986 -1433.0000000000
1987 -1432.0000000000
1988 -1431.0000000000
1993 -1430.0000000000
2002 -1429.0000000000
2009 -1428.0000000000
2028 -1427.0000000000
2029 -1426.0000000000
2030 -1425.0000000000
2031 -1424.0000000000
2035 -1423.0000000000
2037 -1422.0000000000
2038 -1421.0000000000
2040 -1419.0000000000
2059 -1418.0000000000
2064 -1416.0000000000
2066 -1415.0000000000
2069 -1414.0000000000
2070 -1413.0000000000
2075 -1412.0000000000
2076 -1410.0000000000
2083 -1408.0000000000
2094 -1407.0000000000
2096 -1406.0000000000
2099 -1405.0000000000
2114 -1404.0000000000
2115 -1403.0000000000
2117 -1402.0000000000
2123 -1401.0000000000
2124 -1400.0000000000
2141 -1398.0000000000
2146 -1397.0000000000
2149 -1396.0000000000
2154 -1395.0000000000
2160 -1394.0000000000
2174 -1393.0000000000
2177 -1392.0000000000
2178 -1391.0000000000
2182 -1390.0000000000
2183 -1389.0000000000
2187 -1387.0000000000
2188 -1386.0000000000
2191 -1385.0000000000
2205 -1383.0000000000
2212 -1380.0000000000
2220 -1379.0000000000
2230 -1378.0000000000
2234 -1377.0000000000
2246 -1376.0000000000
2247 -1375.0000000000
2250 -1374.0000000000
2259 -1373.0000000000
2263 -1371.0000000000
2267 -1370.0000000000
2278 -1369.0000000000
2281 -1368.0000000000
2282 -1367.0000000000
2300 -1364.0000000000
2301 -1363.0000000000
2313 -1362.0000000000
2333 -1361.0000000000
2338 -1360.0000000000
2339 -1358.0000000000
2348 -1357.0000000000
2352 -1356.0000000000
2361 -1354.0000000000
2379 -1353.0000000000
2382 -1352.0000000000
2387 -1351.0000000000
2395 -1350.0000000000
2403 -1349.0000000000
2404 -1348.0000000000
2406 -1346.0000000000
2410 -1345.0000000000
2426 -1343.0000000000
2428 -1342.0000000000
2431 -1341.0000000000
2432 -1340.0000000000
2445 -1339.0000000000
2453 -1338.0000000000
2455 -1336.0000000000
2457 -1335.0000000000
2459 -1334.0000000000
2461 -1333.0000000000
2466 -1332.0000000000
2468 -1331.0000000000
2473 -1329.0000000000
2477 -1328.0000000000
2482 -1327.0000000000
2485 -1326.0000000000
2486 -1325.0000000000
2498 -1324.0000000000
2536 -1323.0000000000
2538 -1322.0000000000
2545 -1321.0000000000
2547 -1320.0000000000
2556 -1319.0000000000
2564 -1318.0000000000
2579 -1317.0000000000
2582 -1316.0000000000
2586 -1315.0000000000
2589 -1314.0000000000
2597 -1313.0000000000
2598 -1312.0000000000
2599 -1311.0000000000
2601 -1310.0000000000
2608 -1309.0000000000
2618 -1308.0000000000
2630 -1307.0000000000
2634 -1306.0000000000
2641 -1305.0000000000
2656 -1304.0000000000
2665 -1303.0000000000
2668 -1302.0000000000
2671 -1301.0000000000
2673 -1300.0000000000
2675 -1298.0000000000
2679 -1297.0000000000
2681 -1296.0000000000
2683 -1295.0000000000
2688 -1294.0000000000
2695 -1293.0000000000
2709 -1292.0000000000
2710 -1291.0000000000
2713 -1290.0000000000
2724 -1289.0000000000
2733 -1288.0000000000
2734 -1287.0000000000
2735 -1286.0000000000
2738 -1284.0000000000
2746 -1283.0000000000
2754 -1281.0000000000
2755 -1280.0000000000
2759 -1278.0000000000
2769 -1277.0000000000
2774 -1276.0000000000
2775 -1275.0000000000
2776 -1274.0000000000
2788 -1273.0000000000
2789 -1272.0000000000
2791 -1271.0000000000
2797 -1270.0000000000
2801 -1269.0000000000
2802 -1268.0000000000
2811 -1267.0000000000
2818 -1266.0000000000
2821 -1264.0000000000
2823 -1263.0000000000
2827 -1262.0000000000
2831 -1261.0000000000
2835 -1260.0000000000
2849 -1259.0000000000
2874 -1258.0000000000
2875 -1257.0000000000
2883 -1256.0000000000
2884 -1255.0000000000
2885 -1254.0000000000
2900 -1253.0000000000
2907 -1251.0000000000
2912 -1250.0000000000
2918 -1249.0000000000
2922 -1248.0000000000
2933 -1246.0000000000
2938 -1244.0000000000
2939 -1243.0000000000
2947 -1242.0000000000
2957 -1241.0000000000
2965 -1240.0000000000
2971 -1239.0000000000
2974 -1238.0000000000
2979 -1237.0000000000
2987 -1236.0000000000
2994 -1235.0000000000
2999 -1234.0000000000
3004 -1233.0000000000
3006 -1232.0000000000
3022 -1230.0000000000
3032 -1229.0000000000
3033 -1228.0000000000
3036 -1227.0000000000
3055 -1226.0000000000
3065 -1225.0000000000
3076 -1224.0000000000
3102 -1223.0000000000
3110 -1222.0000000000
3111 -1221.0000000000
3118 -1220.0000000000
3120 -1219.0000000000
3127 -1218.0000000000
3145 -1217.0000000000
3164 -1216.0000000000
3165 -1215.0000000000
3170 -1214.0000000000
3173 -1213.0000000000
3187 -1212.0000000000
3193 -1210.0000000000
3200 -1209.0000000000
3204 -1208.0000000000
3205 -1207.0000000000
3213 -1206.0000000000
3215 -1205.0000000000
3220 -1204.0000000000
3222 -1202.0000000000
3225 -1201.0000000000
3231 -1200.0000000000
3233 -1198.0000000000
3269 -1197.0000000000
3272 -1196.0000000000
3273 -1195.0000000000
3280 -1194.0000000000
3284 -1193.0000000000
3287 -1192.0000000000
3302 -1190.0000000000
3305 -1189.0000000000
3306 -1188.0000000000
3313 -1187.0000000000
3322 -1186.0000000000
3325 -1185.0000000000
3348 -1184.0000000000
3349 -1183.0000000000
3372 -1182.0000000000
3375 -1181.0000000000
3381 -1180.0000000000
3382 -1179.0000000000
3408 -1178.0000000000
3414 -1177.0000000000
3416 -1174.0000000000
3418 -1173.0000000000
3426 -1172.0000000000
3427 -1171.0000000000
3429 -1170.0000000000
3434 -1169.0000000000
3437 -1168.0000000000
3444 -1167.0000000000
3453 -1166.0000000000
3455 -1165.0000000000
3460 -1164.0000000000
3477 -1163.0000000000
3487 -1162.0000000000
3499 -1161.0000000000
3504 -1160.0000000000
3511 -1159.0000000000
3514 -1157.0000000000
3519 -1156.0000000000
3531 -1155.0000000000
3539 -1154.0000000000
3551 -1153.0000000000
3569 -1152.0000000000
3574 -1151.0000000000
3576 -1150.0000000000
3579 -1149.0000000000
3581 -1148.0000000000
3583 -1146.0000000000
3590 -1145.0000000000
3595 -1144.0000000000
3597 -1143.0000000000
3599 -1142.0000000000
3608 -1141.0000000000
3624 -1140.0000000000
3641 -1139.0000000000
3644 -1137.0000000000
3650 -1136.0000000000
3652 -1134.0000000000
3666 -1133.0000000000
3672 -1132.0000000000
3675 -1131.0000000000
3683 -1130.0000000000
3684 -1129.0000000000
3693 -1128.0000000000
3706 -1126.0000000000
3710 -1124.0000000000
3712 -1123.0000000000
3713 -1122.0000000000
3718 -1120.0000000000
3725 -1119.0000000000
3743 -1118.0000000000
3754 -1117.0000000000
3756 -1116.0000000000
3757 -1115.0000000000
3763 -1114.0000000000
3765 -1112.0000000000
3766 -1111.0000000000
3779 -1110.0000000000
3787 -1109.0000000000
3804 -1108.0000000000
3820 -1107.0000000000
3833 -1106.0000000000
3844 -1105.0000000000
3858 -1104.0000000000
3869 -1103.0000000000
3877 -1102.0000000000
3887 -1101.0000000000
3909 -1099.0000000000
3927 -1098.0000000000
3932 -1096.0000000000
3945 -1095.0000000000
3973 -1094.0000000000
3979 -1093.0000000000
3988 -1092.0000000000
3994 -1091.0000000000
3999 -1090.0000000000
4002 -1089.0000000000
4012 -1088.0000000000
4033 -1087.0000000000
4034 -1085.0000000000
4045 -1084.0000000000
4047 -1083.0000000000
4050 -1082.0000000000
4053 -1081.0000000000
4054 -1080.0000000000
4060 -1079.0000000000
4069 -1078.0000000000
4070 -1077.0000000000
4072 -1076.0000000000
4076 -1075.0000000000
4101 -1074.0000000000
4121 -1073.0000000000
4137 -1071.0000000000
4153 -1070.0000000000
4165 -1069.0000000000
4193 -1068.0000000000
4199 -1067.0000000000
4227 -1066.0000000000
4234 -1065.0000000000
4236 -1064.0000000000
4239 -1062.0000000000
4243 -1061.0000000000
4264 -1060.0000000000
4277 -1059.0000000000
4280 -1058.0000000000
4285 -1057.0000000000
4295 -1056.0000000000
4310 -1055.0000000000
4325 -1053.0000000000
4326 -1052.0000000000
4330 -1051.0000000000
4335 -1050.0000000000
4338 -1049.0000000000
4348 -1048.0000000000
4352 -1047.0000000000
4360 -1046.0000000000
4364 -1045.0000000000
4380 -1044.0000000000
4403 -1041.0000000000
4411 -1040.0000000000
4420 -1039.0000000000
4432 -1038.0000000000
4434 -1037.0000000000
4436 -1035.0000000000
4450 -1034.0000000000
4468 -1033.0000000000
4471 -1032.0000000000
4482 -1031.0000000000
4500 -1030.0000000000
4502 -1029.0000000000
4507 -1028.0000000000
4508 -1027.0000000000
4518 -1026.0000000000
4524 -1025.0000000000
4525 -1024.0000000000
4546 -1023.0000000000
4548 -1022.0000000000
4550 -1021.0000000000
4553 -1020.0000000000
4568 -1019.0000000000
4581 -1018.0000000000
4589 -1016.0000000000
4595 -1015.0000000000
4603 -1013.0000000000
4616 -1012.0000000000
4634 -1011.0000000000
4639 -1010.0000000000
4645 -1009.0000000000
4653 -1008.0000000000
4656 -1007.0000000000
4670 -1006.0000000000
4671 -1005.0000000000
4699 -1004.0000000000
4705 -1003.0000000000
4706 -1002.0000000000
4713 -1001.0000000000
4725 -1000.0000000000
4738 -998.0000000000
4744 -997.0000000000
4794 -996.0000000000
4797 -995.0000000000
4808 -994.0000000000
4809 -993.0000000000
4822 -992.0000000000
4824 -991.0000000000
4849 -990.0000000000
4889 -989.0000000000
4906 -987.0000000000
4924 -986.0000000000
4926 -985.0000000000
4941 -984.0000000000
4949 -983.0000000000
4959 -982.0000000000
4964 -981.0000000000
4983 -980.0000000000
5000 -979.0000000000
5010 -978.0000000000
5012 -977.0000000000
5017 -976.0000000000
5032 -975.0000000000
5039 -974.0000000000
5056 -973.0000000000
5059 -972.0000000000
5061 -971.0000000000
5067 -970.0000000000
5070 -969.0000000000
5076 -968.0000000000
5077 -967.0000000000
5080 -966.0000000000
5085 -965.0000000000
5091 -964.0000000000
5099 -963.0000000000
5102 -962.0000000000
5103 -960.0000000000
5105 -958.0000000000
5106 -957.0000000000
5110 -956.0000000000
5142 -955.0000000000
5156 -954.0000000000
5170 -953.0000000000
5175 -952.0000000000
5186 -951.0000000000
5190 -950.0000000000
5197 -949.0000000000
5205 -948.0000000000
5218 -947.0000000000
5235 -946.0000000000
5248 -945.0000000000
5255 -944.0000000000
5265 -943.0000000000
5267 -942.0000000000
5279 -941.0000000000
5281 -940.0000000000
5283 -939.0000000000
5291 -938.0000000000
5301 -937.0000000000
5315 -936.0000000000
5318 -935.0000000000
5321 -934.0000000000
5333 -933.0000000000
5346 -932.0000000000
5365 -931.0000000000
5366 -930.0000000000
5367 -929.0000000000
5375 -928.0000000000
5386 -926.0000000000
5399 -925.0000000000
5414 -924.0000000000
5415 -923.0000000000
5422 -922.0000000000
5426 -921.0000000000
5436 -920.0000000000
5441 -918.0000000000
5464 -917.0000000000
5475 -915.0000000000
5481 -913.0000000000
5489 -912.0000000000
5500 -910.0000000000
5504 -909.0000000000
5529 -908.0000000000
5547 -907.0000000000
5555 -906.0000000000
5559 -904.0000000000
5567 -903.0000000000
5578 -902.0000000000
5594 -901.0000000000
5596 -900.0000000000
5640 -899.0000000000
5644 -898.0000000000
5662 -897.0000000000
5667 -896.0000000000
5669 -895.0000000000
5695 -894.0000000000
5706 -893.0000000000
5717 -892.0000000000
5720 -891.0000000000
5725 -890.0000000000
5733 -889.0000000000
5744 -888.0000000000
5781 -887.0000000000
5798 -886.0000000000
5800 -885.0000000000
5814 -884.0000000000
5817 -883.0000000000
5818 -882.0000000000
5819 -881.0000000000
5840 -880.0000000000
5843 -879.0000000000
5850 -878.0000000000
5868 -877.0000000000
5908 -876.0000000000
5916 -875.0000000000
5931 -873.0000000000
5935 -872.0000000000
5950 -871.0000000000
5974 -870.0000000000
5978 -869.0000000000
5982 -868.0000000000
5983 -867.0000000000
5993 -866.0000000000
6001 -865.0000000000
6014 -864.0000000000
6035 -863.0000000000
6045 -862.0000000000
6050 -861.0000000000
6056 -860.0000000000
6069 -859.0000000000
6071 -858.0000000000
6087 -857.0000000000
6091 -856.0000000000
6096 -855.0000000000
6125 -854.0000000000
6130 -853.0000000000
6132 -852.0000000000
6150 -851.0000000000
6154 -849.0000000000
6158 -848.0000000000
6191 -846.0000000000
6194 -845.0000000000
6226 -844.0000000000
6229 -843.0000000000
6235 -842.0000000000
6245 -840.0000000000
6264 -839.0000000000
6279 -838.0000000000
6304 -837.0000000000
6315 -836.0000000000
6348 -835.0000000000
6349 -834.0000000000
6381 -833.0000000000
6383 -832.0000000000
6389 -831.0000000000
6424 -830.0000000000
6427 -829.0000000000
6434 -828.0000000000
6438 -827.0000000000
6450 -826.0000000000
6475 -825.0000000000
6477 -824.0000000000
6486 -822.0000000000
6507 -821.0000000000
6530 -820.0000000000
6533 -819.0000000000
6542 -817.0000000000
6545 -816.0000000000
6548 -815.0000000000
6549 -813.0000000000
6589 -812.0000000000
6595 -811.0000000000
6607 -810.0000000000
6609 -809.0000000000
6612 -808.0000000000
6621 -807.0000000000
6634 -806.0000000000
6642 -805.0000000000
6648 -804.0000000000
6659 -803.0000000000
6663 -802.0000000000
6692 -801.0000000000
6710 -800.0000000000
6715 -799.0000000000
6755 -798.0000000000
6767 -797.0000000000
6775 -796.0000000000
6777 -795.0000000000
6793 -794.0000000000
6809 -793.0000000000
6810 -791.0000000000
6835 -790.0000000000
6837 -789.0000000000
6841 -788.0000000000
6861 -787.0000000000
6865 -786.0000000000
6896 -785.0000000000
6904 -784.0000000000
6915 -783.0000000000
6921 -782.0000000000
6940 -781.0000000000
6959 -780.0000000000
6968 -779.0000000000
6985 -778.0000000000
6994 -777.0000000000
7008 -776.0000000000
7023 -774.0000000000
7028 -773.0000000000
7035 -771.0000000000
7043 -769.0000000000
7046 -767.0000000000
7048 -766.0000000000
7065 -765.0000000000
7066 -764.0000000000
7091 -763.0000000000
7100 -761.0000000000
7128 -760.0000000000
7151 -759.0000000000
7163 -758.0000000000
7172 -757.0000000000
7187 -756.0000000000
7192 -755.0000000000
7199 -754.0000000000
7207 -752.0000000000
7208 -751.0000000000
7217 -750.0000000000
7219 -749.0000000000
7226 -748.0000000000
7231 -747.0000000000
7235 -746.0000000000
7236 -745.0000000000
7240 -744.0000000000
7241 -743.0000000000
7257 -742.0000000000
7259 -741.0000000000
7265 -740.0000000000
7269 -739.0000000000
7284 -738.0000000000
7304 -737.0000000000
7308 -736.0000000000
7320 -735.0000000000
7332 -734.0000000000
7345 -732.0000000000
7347 -731.0000000000
7358 -730.0000000000
7363 -729.0000000000
7367 -728.0000000000
7368 -727.0000000000
7371 -725.0000000000
7406 -724.0000000000
7407 -723.0000000000
7411 -722.0000000000
7439 -721.0000000000
7455 -720.0000000000
7465 -719.0000000000
7477 -718.0000000000
7492 -717.0000000000
7502 -716.0000000000
7526 -715.0000000000
7533 -714.0000000000
7544 -713.0000000000
7551 -712.0000000000
7558 -711.0000000000
7561 -710.0000000000
7573 -709.0000000000
7574 -708.0000000000
7581 -707.0000000000
7582 -706.0000000000
7592 -705.0000000000
7603 -704.0000000000
7604 -703.0000000000
7621 -702.0000000000
7642 -701.0000000000
7661 -700.0000000000
7668 -699.0000000000
7689 -698.0000000000
7690 -697.0000000000
7697 -696.0000000000
7715 -695.0000000000
7716 -694.0000000000
7729 -693.0000000000
7757 -692.0000000000
7770 -691.0000000000
7778 -690.0000000000
7780 -689.0000000000
7798 -688.0000000000
7817 -687.0000000000
7820 -685.0000000000
7839 -684.0000000000
7855 -683.0000000000
7887 -681.0000000000
7889 -680.0000000000
7923 -679.0000000000
7933 -678.0000000000
7935 -677.0000000000
7955 -676.0000000000
7977 -675.0000000000
7979 -674.0000000000
7993 -672.0000000000
8016 -671.0000000000
8019 -670.0000000000
8020 -669.0000000000
8029 -668.0000000000
8038 -667.0000000000
8056 -666.0000000000
8065 -665.0000000000
8095 -663.0000000000
8103 -662.0000000000
8116 -661.0000000000
8134 -660.0000000000
8135 -659.0000000000
8138 -658.0000000000
8140 -657.0000000000
8153 -656.0000000000
8164 -655.0000000000
8176 -654.0000000000
8200 -652.0000000000
8263 -651.0000000000
8281 -649.0000000000
8286 -648.0000000000
8291 -647.0000000000
8319 -646.0000000000
8321 -645.0000000000
8326 -644.0000000000
8367 -643.0000000000
8374 -641.0000000000
8382 -640.0000000000
8394 -639.0000000000
8402 -638.0000000000
8403 -636.0000000000
8423 -635.0000000000
8437 -633.0000000000
8451 -632.0000000000
8488 -631.0000000000
8501 -630.0000000000
8502 -629.0000000000
8505 -628.0000000000
8518 -627.0000000000
8521 -626.0000000000
8538 -625.0000000000
8539 -624.0000000000
8553 -623.0000000000
8573 -622.0000000000
8597 -621.0000000000
8605 -620.0000000000
8607 -619.0000000000
8625 -618.0000000000
8641 -617.0000000000
8661 -615.0000000000
8686 -614.0000000000
8725 -613.0000000000
8729 -612.0000000000
8753 -611.0000000000
8756 -610.0000000000
8757 -609.0000000000
8773 -608.0000000000
8774 -607.0000000000
8776 -604.0000000000
8787 -603.0000000000
8812 -602.0000000000
8825 -601.0000000000
8834 -600.0000000000
8837 -599.0000000000
8848 -598.0000000000
8855 -597.0000000000
8870 -596.0000000000
8901 -595.0000000000
8905 -593.0000000000
8913 -592.0000000000
8934 -591.0000000000
8952 -590.0000000000
8957 -589.0000000000
8993 -588.0000000000
9055 -587.0000000000
9069 -585.0000000000
9077 -584.0000000000
9083 -582.0000000000
9090 -581.0000000000
9096 -580.0000000000
9097 -579.0000000000
9100 -577.0000000000
9126 -576.0000000000
9137 -575.0000000000
9143 -574.0000000000
9154 -573.0000000000
9179 -572.0000000000
9205 -571.0000000000
9218 -570.0000000000
9228 -569.0000000000
9232 -568.0000000000
9244 -566.0000000000
9265 -565.0000000000
9268 -564.0000000000
9274 -563.0000000000
9297 -562.0000000000
9298 -561.0000000000
9349 -560.0000000000
9350 -559.0000000000
9361 -558.0000000000
9372 -557.0000000000
9378 -556.0000000000
9389 -555.0000000000
9396 -554.0000000000
9406 -553.0000000000
9410 -552.0000000000
9455 -551.0000000000
9459 -550.0000000000
9479 -549.0000000000
9501 -548.0000000000
9507 -547.0000000000
9514 -546.0000000000
9574 -544.0000000000
9586 -543.0000000000
9590 -542.0000000000
9604 -541.0000000000
9609 -540.0000000000
9648 -539.0000000000
9662 -538.0000000000
9751 -537.0000000000
9752 -536.0000000000
9753 -535.0000000000
9765 -534.0000000000
9784 -533.0000000000
9790 -532.0000000000
9887 -531.0000000000
9902 -530.0000000000
9928 -529.0000000000
9936 -528.0000000000
9940 -527.0000000000
9946 -526.0000000000
9996 -525.0000000000
10000 -525.0000000000
evaluations raw_y
1 -2028.0000000000
4 -2027.0000000000
10 -2026.0000000000
12 -2025.0000000000
25 -2024.0000000000
30 -2023.0000000000
33 -2021.0000000000
44 -2020.0000000000
47 -2019.0000000000
51 -2018.0000000000
55 -2017.0000000000
57 -2016.0000000000
67 -2015.0000000000
68 -2014.0000000000
72 -2013.0000000000
73 -2012.0000000000
78 -2010.0000000000
82 -2009.0000000000
83 -2008.0000000000
84 -2007.0000000000
89 -2005.0000000000
98 -2004.0000000000
99 -2003.0000000000
101 -2001.0000000000
107 -2000.0000000000
108 -1999.0000000000
115 -1998.0000000000
118 -1997.0000000000
120 -1996.0000000000
126 -1995.0000000000
129 -1994.0000000000
137 -1993.0000000000
140 -1992.0000000000
141 -1991.0000000000
144 -1990.0000000000
145 -1989.0000000000
151 -1988.0000000000
155 -1987.0000000000
158 -1986.0000000000
160 -1984.0000000000
168 -1983.0000000000
170 -1982.0000000000
175 -1981.0000000000
178 -1980.0000000000
179 -1978.0000000000
181 -1977.0000000000
186 -1975.0000000000
197 -1974.0000000000
198 -1973.0000000000
214 -1972.0000000000
215 -1969.0000000000
221 -1968.0000000000
228 -1967.0000000000
231 -1966.0000000000
237 -1965.0000000000
238 -1964.0000000000
239 -1963.0000000000
241 -1962.0000000000
249 -1961.0000000000
254 -1959.0000000000
256 -1958.0000000000
262 -1957.0000000000
266 -1955.0000000000
267 -1954.0000000000
273 -1952.0000000000
275 -1951.0000000000
286 -1950.0000000000
294 -1949.0000000000
300 -1948.0000000000
302 -1947.0000000000
307 -1946.0000000000
308 -1945.0000000000
309 -1943.0000000000
313 -1942.0000000000
326 -1941.0000000000
328 -1939.0000000000
334 -1938.0000000000
335 -1936.0000000000
336 -1935.0000000000
346 -1934.0000000000
351 -1933.0000000000
359 -1932.0000000000
360 -1931.0000000000
361 -1930.0000000000
365 -1929.0000000000
368 -1928.0000000000
375 -1927.0000000000
377 -1925.0000000000
378 -1924.0000000000
384 -1923.0000000000
387 -1922.0000000000
388 -1921.0000000000
389 -1918.0000000000
394 -1917.0000000000
398 -1915.0000000000
399 -1914.0000000000
403 -1913.0000000000
404 -1912.0000000000
409 -1911.0000000000
414 -1910.0000000000
415 -1909.0000000000
417 -1908.0000000000
420 -1907.0000000000
421 -1906.0000000000
424 -1905.0000000000
427 -1904.0000000000
431 -1903.0000000000
432 -1902.0000000000
433 -1901.0000000000
436 -1900.0000000000
440 -1899.0000000000
443 -1898.0000000000
449 -1896.0000000000
450 -1895.0000000000
454 -1893.0000000000
456 -1892.0000000000
457 -1891.0000000000
459 -1890.0000000000
468 -1889.0000000000
473 -1887.0000000000
478 -1886.0000000000
497 -1885.0000000000
501 -1884.0000000000
504 -1883.0000000000
505 -1882.0000000000
508 -1881.0000000000
510 -1880.0000000000
514 -1877.0000000000
515 -1876.0000000000
521 -1874.0000000000
524 -1873.0000000000
526 -1871.0000000000
527 -1870.0000000000
534 -1869.0000000000
535 -1868.0000000000
549 -1867.0000000000
552 -1866.0000000000
553 -1864.0000000000
557 -1863.0000000000
563 -1862.0000000000
566 -1861.0000000000
569 -1860.0000000000
579 -1859.0000000000
581 -1858.0000000000
587 -1857.0000000000
588 -1856.0000000000
597 -1855.0000000000
598 -1854.0000000000
606 -1853.0000000000
609 -1852.0000000000
610 -1851.0000000000
611 -1850.0000000000
614 -1849.0000000000
615 -1848.0000000000
619 -1847.0000000000
620 -1846.0000000000
623 -1845.0000000000
626 -1844.0000000000
628 -1843.0000000000
636 -1842.0000000000
648 -1841.0000000000
662 -1840.0000000000
663 -1839.0000000000
664 -1837.0000000000
665 -1836.0000000000
666 -1833.0000000000
670 -1832.0000000000
679 -1831.0000000000
686 -1830.0000000000
697 -1829.0000000000
701 -1828.0000000000
704 -1826.0000000000
708 -1823.0000000000
709 -1822.0000000000
711 -1821.0000000000
714 -1820.0000000000
720 -1819.0000000000
722 -1818.0000000000
728 -1817.0000000000
740 -1816.0000000000
743 -1814.0000000000
745 -1812.0000000000
752 -1811.0000000000
762 -1810.0000000000
778 -1809.0000000000
782 -1808.0000000000
783 -1806.0000000000
789 -1805.0000000000
791 -1804.0000000000
794 -1803.0000000000
795 -1802.0000000000
801 -1801.0000000000
804 -1799.0000000000
810 -1797.0000000000
815 -1796.0000000000
824 -1795.0000000000
825 -1794.0000000000
828 -1793.0000000000
830 -1792.0000000000
832 -1791.0000000000
837 -1790.0000000000
839 -1789.0000000000
849 -1788.0000000000
850 -1787.0000000000
851 -1785.0000000000
852 -1784.0000000000
854 -1783.0000000000
855 -1782.0000000000
859 -1780.0000000000
860 -1779.0000000000
863 -1778.0000000000
864 -1777.0000000000
866 -1774.0000000000
869 -1773.0000000000
876 -1772.0000000000
879 -1771.0000000000
881 -1770.0000000000
895 -1767.0000000000
896 -1765.0000000000
898 -1764.0000000000
901 -1763.0000000000
906 -1762.0000000000
909 -1760.0000000000
913 -1759.0000000000
930 -1757.0000000000
937 -1756.0000000000
944 -1754.0000000000
950 -1752.0000000000
953 -1751.0000000000
954 -1750.0000000000
956 -1749.0000000000
957 -1748.0000000000
958 -1747.0000000000
960 -1746.0000000000
970 -1745.0000000000
974 -1744.0000000000
978 -1743.0000000000
985 -1742.0000000000
987 -1741.0000000000
990 -1740.0000000000
1005 -1739.0000000000
1008 -1737.0000000000
1013 -1736.0000000000
1014 -1735.0000000000
1015 -1733.0000000000
1021 -1731.0000000000
1028 -1730.0000000000
1031 -1729.0000000000
1033 -1728.0000000000
1034 -1726.0000000000
1035 -1724.0000000000
1043 -1721.0000000000
1065 -1720.0000000000
1068 -1719.0000000000
1075 -1718.0000000000
1076 -1717.0000000000
1077 -1716.0000000000
1082 -1715.0000000000
1083 -1714.0000000000
1084 -1713.0000000000
1089 -1711.0000000000
1090 -1710.0000000000
1094 -1709.0000000000
1101 -1708.0000000000
1105 -1707.0000000000
1106 -1706.0000000000
1107 -1705.0000000000
1116 -1704.0000000000
1118 -1703.0000000000
1124 -1701.0000000000
1125 -1700.0000000000
1126 -1699.0000000000
1130 -1698.0000000000
1137 -1697.0000000000
1144 -1696.0000000000
1147 -1694.0000000000
1148 -1691.0000000000
1152 -1690.0000000000
1157 -1689.0000000000
1160 -1688.0000000000
1162 -1687.0000000000
1167 -1686.0000000000
1168 -1685.0000000000
1178 -1684.0000000000
1180 -1683.0000000000
1185 -1682.0000000000
1186 -1681.0000000000
1187 -1679.0000000000
1199 -1678.0000000000
1205 -1677.0000000000
1213 -1676.0000000000
1217 -1675.0000000000
1218 -1673.0000000000
1219 -1672.0000000000
1227 -1670.0000000000
1228 -1669.0000000000
1230 -1668.0000000000
1240 -1667.0000000000
1243 -1666.0000000000
1249 -1665.0000000000
1269 -1664.0000000000
1274 -1663.0000000000
1275 -1662.0000000000
1280 -1661.0000000000
1284 -1659.0000000000
1285 -1658.0000000000
1287 -1656.0000000000
1309 -1655.0000000000
1310 -1654.0000000000
1316 -1652.0000000000
1340 -1651.0000000000
1356 -1650.0000000000
1361 -1649.0000000000
1366 -1648.0000000000
1367 -1647.0000000000
1370 -1646.0000000000
1375 -1645.0000000000
1376 -1644.0000000000
1377 -1643.0000000000
1381 -1642.0000000000
1385 -1641.0000000000
1387 -1640.0000000000
1391 -1639.0000000000
1392 -1638.0000000000
1394 -1637.0000000000
1405 -1636.0000000000
1406 -1635.0000000000
1411 -1634.0000000000
1415 -1633.0000000000
1418 -1632.0000000000
1422 -1631.0000000000
1432 -1630.0000000000
1438 -1629.0000000000
1445 -1628.0000000000
1447 -1627.0000000000
1448 -1624.0000000000
1452 -1623.0000000000
1458 -1622.0000000000
1466 -1621.0000000000
1472 -1620.0000000000
1474 -1619.0000000000
1477 -1618.0000000000
1480 -1617.0000000000
1483 -1615.0000000000
1508 -1614.0000000000
1517 -1613.0000000000
1519 -1612.0000000000
1524 -1611.0000000000
1532 -1610.0000000000
1537 -1608.0000000000
1541 -1607.0000000000
1542 -1606.0000000000
1559 -1605.0000000000
1566 -1604.0000000000
1571 -1603.0000000000
1593 -1602.0000000000
1595 -1601.0000000000
1598 -1600.0000000000
1600 -1598.0000000000
1604 -1595.0000000000
1609 -1594.0000000000
1610 -1593.0000000000
1618 -1592.0000000000
1623 -1591.0000000000
1626 -1590.0000000000
1630 -1589.0000000000
1633 -1588.0000000000
1637 -1587.0000000000
1640 -1586.0000000000
1644 -1585.0000000000
1647 -1584.0000000000
1655 -1583.0000000000
1656 -1582.0000000000
1659 -1581.0000000000
1668 -1580.0000000000
1677 -1579.0000000000
1682 -1578.0000000000
1689 -1576.0000000000
1691 -1573.0000000000
1695 -1572.0000000000
1702 -1571.0000000000
1719 -1570.0000000000
1721 -1569.0000000000
1722 -1567.0000000000
1724 -1566.0000000000
1727 -1565.0000000000
1729 -1564.0000000000
1735 -1563.0000000000
1737 -1562.0000000000
1740 -1561.0000000000
1741 -1559.0000000000
1743 -1558.0000000000
1744 -1557.0000000000
1746 -1556.0000000000
1749 -1555.0000000000
1754 -1554.0000000000
1755 -1553.0000000000
1756 -1552.0000000000
1761 -1551.0000000000
1764 -1550.0000000000
1768 -1549.0000000000
1773 -1548.0000000000
1782 -1547.0000000000
1784 -1546.0000000000
1789 -1545.0000000000
1793 -1544.0000000000
1803 -1543.0000000000
1827 -1542.0000000000
1829 -1541.0000000000
1834 -1540.0000000000
1840 -1539.0000000000
1841 -1538.0000000000
1847 -1537.0000000000
1856 -1536.0000000000
1858 -1535.0000000000
1864 -1534.0000000000
1869 -1533.0000000000
1870 -1532.0000000000
1876 -1529.0000000000
1880 -1527.0000000000
1895 -1526.0000000000
1896 -1525.0000000000
1901 -1524.0000000000
1903 -1523.0000000000
1907 -1522.0000000000
1916 -1521.0000000000
1921 -1520.0000000000
1922 -1519.0000000000
1927 -1518.0000000000
1929 -1517.0000000000
1930 -1516.0000000000
1937 -1515.0000000000
1938 -1512.0000000000
1943 -1511.0000000000
1945 -1510.0000000000
1947 -1509.0000000000
1949 -1508.0000000000
1954 -1507.0000000000
1958 -1506.0000000000
1962 -1505.0000000000
1963 -1504.0000000000
1971 -1503.0000000000
1975 -1500.0000000000
2001 -1498.0000000000
2003 -1497.0000000000
2004 -1496.0000000000
2006 -1495.0000000000
2014 -1493.0000000000
2018 -1492.0000000000
2021 -1491.0000000000
2026 -1488.0000000000
2034 -1487.0000000000
2044 -1486.0000000000
2051 -1485.0000000000
2064 -1484.0000000000
2083 -1483.0000000000
2085 -1481.0000000000
2089 -1480.0000000000
2094 -1479.0000000000
2097 -1478.0000000000
2102 -1477.0000000000
2106 -1476.0000000000
2108 -1475.0000000000
2116 -1474.0000000000
2118 -1473.0000000000
2119 -1472.0000000000
2121 -1471.0000000000
2138 -1470.0000000000
2140 -1469.0000000000
2142 -1467.0000000000
2143 -1466.0000000000
2146 -1465.0000000000
2156 -1463.0000000000
2159 -1461.0000000000
2166 -1460.0000000000
2171 -1459.0000000000
2182 -1458.0000000000
2187 -1456.0000000000
2191 -1455.0000000000
2204 -1454.0000000000
2214 -1453.0000000000
2215 -1452.0000000000
2217 -1451.0000000000
2218 -1450.0000000000
2226 -1447.0000000000
2243 -1446.0000000000
2247 -1445.0000000000
2252 -1444.0000000000
2253 -1443.0000000000
2266 -1442.0000000000
2274 -1441.0000000000
2280 -1440.0000000000
2285 -1439.0000000000
2290 -1437.0000000000
2291 -1436.0000000000
2296 -1435.0000000000
2297 -1433.0000000000
2305 -1432.0000000000
2314 -1431.0000000000
2316 -1429.0000000000
2321 -1428.0000000000
2322 -1427.0000000000
2335 -1425.0000000000
2339 -1424.0000000000
2340 -1423.0000000000
2342 -1422.0000000000
2343 -1421.0000000000
2345 -1420.0000000000
2346 -1419.0000000000
2347 -1418.0000000000
2365 -1417.0000000000
2372 -1415.0000000000
2394 -1414.0000000000
2399 -1413.0000000000
2402 -1412.0000000000
2409 -1411.0000000000
2419 -1410.0000000000
2420 -1409.0000000000
2421 -1408.0000000000
2424 -1407.0000000000
2426 -1406.0000000000
2439 -1405.0000000000
2455 -1404.0000000000
2462 -1403.0000000000
2468 -1402.0000000000
2475 -1400.0000000000
2480 -1399.0000000000
2487 -1398.0000000000
2529 -1397.0000000000
2531 -1396.0000000000
2544 -1395.0000000000
2550 -1394.0000000000
2552 -1393.0000000000
2554 -1392.0000000000
2555 -1391.0000000000
2563 -1390.0000000000
2565 -1389.0000000000
2581 -1388.0000000000
2593 -1387.0000000000
2597 -1386.0000000000
2599 -1385.0000000000
2605 -1384.0000000000
2610 -1383.0000000000
2612 -1382.0000000000
2626 -1381.0000000000
2628 -1380.0000000000
2632 -1379.0000000000
2642 -1378.0000000000
2643 -1377.0000000000
2644 -1376.0000000000
2645 -1375.0000000000
2646 -1374.0000000000
2664 -1373.0000000000
2666 -1372.0000000000
2671 -1371.0000000000
2672 -1370.0000000000
2679 -1369.0000000000
2685 -1368.0000000000
2699 -1365.0000000000
2704 -1364.0000000000
2707 -1363.0000000000
2709 -1362.0000000000
2720 -1359.0000000000
2721 -1358.0000000000
2722 -1357.0000000000
2723 -1356.0000000000
2724 -1355.0000000000
2726 -1353.0000000000
2727 -1352.0000000000
2728 -1351.0000000000
2739 -1350.0000000000
2742 -1349.0000000000
2744 -1348.0000000000
2752 -1347.0000000000
2763 -1345.0000000000
2769 -1344.0000000000
2776 -1343.0000000000
2778 -1342.0000000000
2783 -1341.0000000000
2789 -1340.0000000000
2795 -1338.0000000000
2798 -1337.0000000000
2804 -1336.0000000000
2806 -1335.0000000000
2810 -1333.0000000000
2812 -1331.0000000000
2817 -1329.0000000000
2834 -1327.0000000000
2841 -1326.0000000000
2843 -1325.0000000000
2846 -1324.0000000000
2857 -1323.0000000000
2862 -1322.0000000000
2863 -1321.0000000000
2869 -1320.0000000000
2872 -1319.0000000000
2873 -1318.0000000000
2876 -1317.0000000000
2879 -1316.0000000000
2890 -1315.0000000000
2903 -1314.0000000000
2906 -1313.0000000000
2913 -1312.0000000000
2917 -1311.0000000000
2919 -1310.0000000000
2920 -1309.0000000000
2933 -1307.0000000000
2934 -1306.0000000000
2935 -1305.0000000000
2938 -1304.0000000000
2955 -1303.0000000000
2959 -1302.0000000000
2969 -1301.0000000000
2976 -1300.0000000000
2985 -1299.0000000000
2989 -1298.0000000000
2996 -1297.0000000000
3000 -1296.0000000000
3005 -1295.0000000000
3012 -1294.0000000000
3019 -1293.0000000000
3020 -1292.0000000000
3026 -1291.0000000000
3028 -1290.0000000000
3029 -1289.0000000000
3045 -1288.0000000000
3049 -1287.0000000000
3053 -1286.0000000000
3072 -1284.0000000000
3073 -1283.0000000000
3091 -1282.0000000000
3098 -1280.0000000000
3105 -1279.0000000000
3112 -1278.0000000000
3113 -1274.0000000000
3116 -1273.0000000000
3134 -1272.0000000000
3157 -1271.0000000000
3166 -1270.0000000000
3179 -1269.0000000000
3181 -1268.0000000000
3183 -1266.0000000000
3185 -1265.0000000000
3194 -1264.0000000000
3195 -1263.0000000000
3196 -1262.0000000000
3203 -1261.0000000000
3211 -1260.0000000000
3216 -1259.0000000000
3218 -1258.0000000000
3227 -1257.0000000000
3239 -1256.0000000000
3241 -1255.0000000000
3245 -1254.0000000000
3252 -1252.0000000000
3256 -1251.0000000000
3260 -1250.0000000000
3261 -1249.0000000000
3262 -1248.0000000000
3277 -1247.0000000000
3282 -1246.0000000000
3296 -1245.0000000000
3297 -1243.0000000000
3300 -1242.0000000000
3308 -1241.0000000000
3312 -1239.0000000000
3324 -1238.0000000000
3334 -1237.0000000000
3338 -1236.0000000000
3343 -1234.0000000000
3347 -1233.0000000000
3349 -1232.0000000000
3364 -1231.0000000000
3365 -1230.0000000000
3371 -1229.0000000000
3377 -1228.0000000000
3380 -1227.0000000000
3385 -1226.0000000000
3396 -1225.0000000000
3401 -1224.0000000000
3404 -1223.0000000000
3407 -1222.0000000000
3421 -1221.0000000000
3425 -1220.0000000000
3439 -1219.0000000000
3461 -1218.0000000000
3462 -1217.0000000000
3469 -1216.0000000000
3471 -1215.0000000000
3473 -1214.0000000000
3481 -1213.0000000000
3483 -1212.0000000000
3486 -1211.0000000000
3491 -1210.0000000000
3497 -1209.0000000000
3504 -1207.0000000000
3522 -1206.0000000000
3524 -1205.0000000000
3529 -1203.0000000000
3530 -1202.0000000000
3544 -1201.0000000000
3567 -1200.0000000000
3574 -1199.0000000000
3620 -1198.0000000000
3636 -1197.0000000000
3642 -1196.0000000000
3647 -1195.0000000000
3648 -1194.0000000000
3657 -1193.0000000000
3666 -1192.0000000000
3667 -1191.0000000000
3676 -1190.0000000000
3686 -1189.0000000000
3694 -1188.0000000000
3705 -1187.0000000000
3708 -1186.0000000000
3710 -1185.0000000000
3719 -1184.0000000000
3723 -1182.0000000000
3730 -1181.0000000000
3742 -1180.0000000000
3752 -1179.0000000000
3764 -1178.0000000000
3767 -1177.0000000000
3768 -1176.0000000000
3790 -1175.0000000000
3792 -1174.0000000000
3799 -1173.0000000000
3819 -1171.0000000000
3826 -1170.0000000000
3834 -1169.0000000000
3842 -1168.0000000000
3851 -1167.0000000000
3853 -1166.0000000000
3854 -1165.0000000000
3870 -1164.0000000000
3871 -1163.0000000000
3872 -1162.0000000000
3876 -1160.0000000000
3888 -1159.0000000000
3901 -1157.0000000000
3902 -1154.0000000000
3904 -1153.0000000000
3906 -1152.0000000000
3912 -1151.0000000000
3913 -1150.0000000000
3917 -1149.0000000000
3930 -1148.0000000000
3936 -1147.0000000000
3937 -1146.0000000000
3950 -1145.0000000000
3957 -1144.0000000000
3969 -1143.0000000000
3971 -1141.0000000000
3974 -1140.0000000000
3998 -1139.0000000000
3999 -1138.0000000000
4015 -1137.0000000000
4027 -1136.0000000000
4032 -1135.0000000000
4036 -1134.0000000000
4040 -1132.0000000000
4048 -1131.0000000000
4058 -1130.0000000000
4059 -1129.0000000000
4063 -1128.0000000000
4064 -1127.0000000000
4065 -1126.0000000000
4072 -1125.0000000000
4080 -1124.0000000000
4082 -1123.0000000000
4083 -1122.0000000000
4085 -1121.0000000000
4086 -1120.0000000000
4094 -1119.0000000000
4104 -1118.0000000000
4109 -1117.0000000000
4115 -1116.0000000000
4127 -1115.0000000000
4150 -1114.0000000000
4158 -1113.0000000000
4159 -1112.0000000000
4160 -1111.0000000000
4170 -1109.0000000000
4178 -1107.0000000000
4190 -1106.0000000000
4198 -1105.0000000000
4207 -1104.0000000000
4211 -1103.0000000000
4224 -1102.0000000000
4229 -1101.0000000000
4232 -1100.0000000000
4233 -1099.0000000000
4234 -1098.0000000000
4237 -1097.0000000000
4240 -1096.0000000000
4255 -1095.0000000000
4272 -1094.0000000000
4281 -1093.0000000000
4311 -1092.0000000000
4321 -1091.0000000000
4330 -1089.0000000000
4335 -1088.0000000000
4359 -1087.0000000000
4365 -1086.0000000000
4368 -1085.0000000000
4369 -1084.0000000000
4373 -1083.0000000000
4378 -1082.0000000000
4384 -1081.0000000000
4394 -1080.0000000000
4396 -1078.0000000000
4401 -1077.0000000000
4406 -1076.0000000000
4407 -1075.0000000000
4431 -1074.0000000000
4443 -1073.0000000000
4458 -1072.0000000000
4471 -1071.0000000000
4476 -1070.0000000000
4477 -1068.0000000000
4481 -1067.0000000000
4485 -1066.0000000000
4487 -1065.0000000000
4489 -1064.0000000000
4508 -1063.0000000000
4509 -1062.0000000000
4526 -1060.0000000000
4528 -1058.0000000000
4534 -1057.0000000000
4547 -1056.0000000000
4564 -1054.0000000000
4565 -1053.0000000000
4570 -1052.0000000000
4571 -1051.0000000000
4583 -1050.0000000000
4584 -1049.0000000000
4591 -1046.0000000000
4601 -1045.0000000000
4608 -1044.0000000000
4622 -1043.0000000000
4624 -1042.0000000000
4626 -1040.0000000000
4632 -1039.0000000000
4635 -1038.0000000000
4637 -1037.0000000000
4643 -1036.0000000000
4646 -1035.0000000000
4647 -1034.0000000000
4658 -1033.0000000000
4660 -1032.0000000000
4689 -1029.0000000000
4693 -1028.0000000000
4710 -1027.0000000000
4713 -1026.0000000000
4716 -1025.0000000000
4723 -1023.0000000000
4731 -1022.0000000000
4738 -1021.0000000000
4751 -1020.0000000000
4752 -1019.0000000000
4755 -1018.0000000000
4771 -1017.0000000000
4777 -1016.0000000000
4781 -1015.0000000000
4785 -1013.0000000000
4798 -1011.0000000000
4801 -1009.0000000000
4802 -1008.0000000000
4836 -1007.0000000000
4838 -1006.0000000000
4840 -1005.0000000000
4852 -1004.0000000000
4858 -1003.0000000000
4873 -1002.0000000000
4893 -1001.0000000000
4900 -1000.0000000000
4912 -999.0000000000
4920 -998.0000000000
4922 -997.0000000000
4923 -996.0000000000
4928 -995.0000000000
4929 -994.0000000000
4937 -993.0000000000
4950 -992.0000000000
4956 -991.0000000000
4961 -990.0000000000
4975 -989.0000000000
4980 -988.0000000000
4996 -987.0000000000
4999 -986.0000000000
5002 -985.0000000000
5003 -984.0000000000
5009 -982.0000000000
5014 -981.0000000000
5036 -980.0000000000
5043 -979.0000000000
5051 -978.0000000000
5055 -977.0000000000
5061 -976.0000000000
5074 -975.0000000000
5075 -974.0000000000
5080 -973.0000000000
5131 -972.0000000000
5133 -971.0000000000
5152 -970.0000000000
5153 -969.0000000000
5160 -968.0000000000
5161 -966.0000000000
5169 -965.0000000000
5176 -964.0000000000
5193 -963.0000000000
5201 -962.0000000000
5204 -961.0000000000
5205 -960.0000000000
5217 -959.0000000000
5237 -958.0000000000
5239 -957.0000000000
5256 -956.0000000000
5268 -955.0000000000
5281 -954.0000000000
5297 -952.0000000000
5299 -951.0000000000
5300 -950.0000000000
5305 -949.0000000000
5314 -947.0000000000
5339 -946.0000000000
5359 -944.0000000000
5361 -943.0000000000
5387 -941.0000000000
5392 -940.0000000000
5398 -939.0000000000
5412 -938.0000000000
5414 -937.0000000000
5419 -936.0000000000
5422 -935.0000000000
5428 -934.0000000000
5442 -933.0000000000
5444 -932.0000000000
5475 -931.0000000000
5479 -930.0000000000
5480 -929.0000000000
5484 -928.0000000000
5490 -927.0000000000
5499 -926.0000000000
5508 -925.0000000000
5516 -924.0000000000
5518 -922.0000000000
5530 -920.0000000000
5535 -919.0000000000
5543 -918.0000000000
5546 -917.0000000000
5551 -916.0000000000
5558 -915.0000000000
5560 -913.0000000000
5565 -912.0000000000
5566 -911.0000000000
5569 -910.0000000000
5572 -909.0000000000
5580 -908.0000000000
5582 -906.0000000000
5585 -905.0000000000
5591 -904.0000000000
5593 -903.0000000000
5596 -902.0000000000
5598 -901.0000000000
5626 -900.0000000000
5632 -899.0000000000
5635 -898.0000000000
5644 -897.0000000000
5659 -896.0000000000
5678 -895.0000000000
5685 -894.0000000000
5686 -893.0000000000
5709 -891.0000000000
5712 -890.0000000000
5719 -889.0000000000
5721 -888.0000000000
5726 -887.0000000000
5736 -885.0000000000
5744 -884.0000000000
5754 -883.0000000000
5763 -882.0000000000
5772 -881.0000000000
5780 -880.0000000000
5791 -879.0000000000
5812 -878.0000000000
5824 -877.0000000000
5828 -876.0000000000
5831 -875.0000000000
5836 -874.0000000000
5840 -873.0000000000
5842 -872.0000000000
5848 -871.0000000000
5871 -870.0000000000
5882 -868.0000000000
5899 -866.0000000000
5920 -865.0000000000
5925 -864.0000000000
5931 -863.0000000000
5933 -862.0000000000
5946 -861.0000000000
5960 -859.0000000000
5968 -857.0000000000
5985 -856.0000000000
5994 -855.0000000000
5995 -854.0000000000
5998 -853.0000000000
6014 -852.0000000000
6015 -851.0000000000
6026 -850.0000000000
6039 -849.0000000000
6045 -848.0000000000
6046 -847.0000000000
6081 -846.0000000000
6096 -843.0000000000
6097 -842.0000000000
6104 -841.0000000000
6133 -840.0000000000
6140 -839.0000000000
6160 -838.0000000000
6166 -837.0000000000
6178 -836.0000000000
6179 -835.0000000000
6190 -834.0000000000
6192 -833.0000000000
6199 -831.0000000000
6206 -830.0000000000
6207 -829.0000000000
6221 -828.0000000000
6248 -827.0000000000
6260 -826.0000000000
6302 -825.0000000000
6303 -824.0000000000
6306 -823.0000000000
6319 -822.0000000000
6324 -821.0000000000
6326 -820.0000000000
6336 -819.0000000000
6338 -818.0000000000
6349 -817.0000000000
6352 -816.0000000000
6353 -815.0000000000
6362 -814.0000000000
6370 -813.0000000000
6371 -812.0000000000
6379 -811.0000000000
6402 -809.0000000000
6408 -808.0000000000
6429 -807.0000000000
6432 -806.0000000000
6437 -805.0000000000
6438 -804.0000000000
6453 -803.0000000000
6455 -802.0000000000
6460 -801.0000000000
6490 -800.0000000000
6504 -799.0000000000
6525 -798.0000000000
6540 -797.0000000000
6550 -796.0000000000
6554 -795.0000000000
6562 -794.0000000000
6595 -793.0000000000
6601 -791.0000000000
6602 -789.0000000000
6607 -788.0000000000
6625 -787.0000000000
6627 -786.0000000000
6635 -785.0000000000
6640 -784.0000000000
6642 -783.0000000000
6654 -782.0000000000
6655 -781.0000000000
6662 -780.0000000000
6664 -779.0000000000
6667 -778.0000000000
6685 -777.0000000000
6697 -776.0000000000
6725 -775.0000000000
6730 -774.0000000000
6731 -773.0000000000
6745 -772.0000000000
6746 -771.0000000000
6759 -770.0000000000
6770 -769.0000000000
6772 -768.0000000000
6776 -767.0000000000
6778 -766.0000000000
6789 -765.0000000000
6800 -764.0000000000
6810 -762.0000000000
6813 -761.0000000000
6824 -760.0000000000
6832 -759.0000000000
6845 -758.0000000000
6847 -757.0000000000
6848 -756.0000000000
6856 -754.0000000000
6888 -753.0000000000
6892 -752.0000000000
6901 -751.0000000000
6916 -750.0000000000
6925 -748.0000000000
6926 -747.0000000000
6973 -746.0000000000
6978 -745.0000000000
6979 -744.0000000000
6982 -743.0000000000
6993 -742.0000000000
7003 -741.0000000000
7012 -740.0000000000
7013 -739.0000000000
7034 -738.0000000000
7053 -736.0000000000
7056 -735.0000000000
7076 -734.0000000000
7078 -733.0000000000
7091 -732.0000000000
7108 -731.0000000000
7119 -730.0000000000
7121 -729.0000000000
7136 -728.0000000000
7152 -726.0000000000
7157 -724.0000000000
7167 -723.0000000000
7177 -722.0000000000
7211 -720.0000000000
7213 -719.0000000000
7233 -718.0000000000
7307 -717.0000000000
7313 -716.0000000000
7342 -715.0000000000
7423 -714.0000000000
7424 -713.0000000000
7435 -712.0000000000
7438 -711.0000000000
7442 -710.0000000000
7451 -709.0000000000
7473 -708.0000000000
7483 -707.0000000000
7528 -706.0000000000
7557 -704.0000000000
7561 -703.0000000000
7565 -702.0000000000
7566 -701.0000000000
7568 -700.0000000000
7583 -699.0000000000
7589 -698.0000000000
7593 -697.0000000000
7608 -696.0000000000
7616 -695.0000000000
7621 -694.0000000000
7628 -693.0000000000
7634 -692.0000000000
7643 -691.0000000000
7682 -690.0000000000
7721 -689.0000000000
7727 -688.0000000000
7732 -687.0000000000
7733 -686.0000000000
7763 -685.0000000000
7773 -684.0000000000
7774 -683.0000000000
7776 -682.0000000000
7777 -681.0000000000
7778 -680.0000000000
7784 -679.0000000000
7821 -677.0000000000
7853 -676.0000000000
7860 -675.0000000000
7885 -673.0000000000
7894 -672.0000000000
7897 -671.0000000000
7899 -669.0000000000
7911 -668.0000000000
7947 -667.0000000000
7951 -666.0000000000
7971 -665.0000000000
7972 -664.0000000000
7976 -663.0000000000
7992 -662.0000000000
8026 -661.0000000000
8050 -660.0000000000
8057 -658.0000000000
8060 -657.0000000000
8064 -656.0000000000
8076 -655.0000000000
8077 -654.0000000000
8103 -653.0000000000
8133 -652.0000000000
8145 -651.0000000000
8153 -650.0000000000
8168 -649.0000000000
8175 -648.0000000000
8184 -646.0000000000
8199 -645.0000000000
8209 -644.0000000000
8211 -643.0000000000
8241 -641.0000000000
8262 -640.0000000000
8263 -639.0000000000
8344 -638.0000000000
8383 -637.0000000000
8473 -636.0000000000
8475 -635.0000000000
8512 -634.0000000000
8520 -633.0000000000
8571 -632.0000000000
8617 -631.0000000000
8619 -630.0000000000
8646 -629.0000000000
8662 -628.0000000000
8676 -627.0000000000
8680 -626.0000000000
8681 -624.0000000000
8685 -623.0000000000
8713 -622.0000000000
8722 -621.0000000000
8728 -620.0000000000
8733 -618.0000000000
8735 -617.0000000000
8736 -616.0000000000
8737 -615.0000000000
8749 -614.0000000000
8755 -613.0000000000
8775 -612.0000000000
8808 -611.0000000000
8829 -610.0000000000
8831 -609.0000000000
8839 -608.0000000000
8845 -607.0000000000
8856 -606.0000000000
8867 -605.0000000000
8878 -604.0000000000
8889 -603.0000000000
8924 -602.0000000000
8973 -601.0000000000
8984 -600.0000000000
9002 -599.0000000000
9005 -598.0000000000
9008 -597.0000000000
9014 -595.0000000000
9024 -594.0000000000
9030 -593.0000000000
9034 -592.0000000000
9035 -591.0000000000
9038 -590.0000000000
9047 -589.0000000000
9050 -588.0000000000
9051 -587.0000000000
9059 -586.0000000000
9062 -585.0000000000
9066 -584.0000000000
9107 -583.0000000000
9131 -582.0000000000
9144 -581.0000000000
9160 -580.0000000000
9163 -579.0000000000
9184 -578.0000000000
9247 -577.0000000000
9248 -576.0000000000
9250 -575.0000000000
9285 -574.0000000000
9308 -572.0000000000
9309 -571.0000000000
9311 -570.0000000000
9339 -569.0000000000
9358 -568.0000000000
9393 -567.0000000000
9401 -566.0000000000
9409 -564.0000000000
9420 -563.0000000000
9466 -562.0000000000
9468 -561.0000000000
9480 -560.0000000000
9517 -559.0000000000
9519 -558.0000000000
9526 -557.0000000000
9533 -556.0000000000
9536 -555.0000000000
9554 -554.0000000000
9568 -553.0000000000
9577 -552.0000000000
9618 -551.0000000000
9629 -550.0000000000
9636 -549.0000000000
9656 -548.0000000000
9673 -547.0000000000
9689 -546.0000000000
9726 -545.0000000000
9727 -544.0000000000
9738 -543.0000000000
9753 -542.0000000000
9755 -541.0000000000
9758 -540.0000000000
9759 -537.0000000000
9764 -536.0000000000
9775 -535.0000000000
9789 -533.0000000000
9816 -532.0000000000
9823 -531.0000000000
9835 -530.0000000000
9853 -529.0000000000
9855 -528.0000000000
9867 -526.0000000000
9873 -525.0000000000
9889 -524.0000000000
9927 -523.0000000000
9940 -522.0000000000
9942 -521.0000000000
9987 -520.0000000000
9989 -519.0000000000
9991 -518.0000000000
10000 -520.0000000000
evaluations raw_y
1 -2046.0000000000
7 -2045.0000000000
8 -2044.0000000000
14 -2043.0000000000
17 -2042.0000000000
22 -2041.0000000000
23 -2040.0000000000
24 -2039.0000000000
30 -2037.0000000000
32 -2036.0000000000
39 -2035.0000000000
42 -2034.0000000000
43 -2032.0000000000
44 -2031.0000000000
45 -2030.0000000000
60 -2029.0000000000
63 -2028.0000000000
68 -2026.0000000000
83 -2025.0000000000
93 -2023.0000000000
101 -2022.0000000000
108 -2021.0000000000
109 -2020.0000000000
119 -2018.0000000000
120 -2017.0000000000
121 -2016.0000000000
122 -2015.0000000000
125 -2014.0000000000
126 -2012.0000000000
134 -2010.0000000000
135 -2009.0000000000
146 -2008.0000000000
147 -2007.0000000000
148 -2006.0000000000
151 -2005.0000000000
152 -2004.0000000000
153 -2003.0000000000
155 -2002.0000000000
156 -2001.0000000000
161 -1998.0000000000
178 -1996.0000000000
182 -1995.0000000000
183 -1993.0000000000
184 -1992.0000000000
188 -1991.0000000000
190 -1990.0000000000
196 -1989.0000000000
202 -1988.0000000000
203 -1987.0000000000
205 -1986.0000000000
208 -1985.0000000000
209 -1984.0000000000
215 -1983.0000000000
223 -1982.0000000000
224 -1981.0000000000
229 -1980.0000000000
235 -1979.0000000000
237 -1978.0000000000
243 -1975.0000000000
254 -1974.0000000000
260 -1972.0000000000
264 -1971.0000000000
270 -1970.0000000000
271 -1968.0000000000
277 -1967.0000000000
317 -1966.0000000000
324 -1964.0000000000
327 -1963.0000000000
340 -1959.0000000000
343 -1957.0000000000
355 -1956.0000000000
358 -1955.0000000000
359 -1954.0000000000
361 -1953.0000000000
362 -1952.0000000000
365 -1951.0000000000
375 -1949.0000000000
377 -1947.0000000000
381 -1946.0000000000
392 -1945.0000000000
396 -1943.0000000000
398 -1942.0000000000
400 -1941.0000000000
403 -1940.0000000000
404 -1939.0000000000
407 -1938.0000000000
415 -1937.0000000000
428 -1936.0000000000
429 -1935.0000000000
431 -1932.0000000000
432 -1931.0000000000
436 -1930.0000000000
437 -1929.0000000000
441 -1927.0000000000
443 -1926.0000000000
459 -1925.0000000000
460 -1923.0000000000
461 -1922.0000000000
462 -1921.0000000000
466 -1920.0000000000
467 -1919.0000000000
472 -1918.0000000000
473 -1916.0000000000
475 -1915.0000000000
477 -1914.0000000000
478 -1913.0000000000
482 -1911.0000000000
488 -1910.0000000000
491 -1909.0000000000
502 -1908.0000000000
505 -1907.0000000000
512 -1905.0000000000
516 -1904.0000000000
517 -1903.0000000000
519 -1902.0000000000
520 -1900.0000000000
527 -1899.0000000000
540 -1897.0000000000
541 -1896.0000000000
547 -1895.0000000000
550 -1894.0000000000
552 -1893.0000000000
565 -1892.0000000000
577 -1891.0000000000
579 -1890.0000000000
581 -1889.0000000000
582 -1887.0000000000
590 -1886.0000000000
595 -1885.0000000000
596 -1884.0000000000
597 -1883.0000000000
602 -1882.0000000000
603 -1881.0000000000
605 -1880.0000000000
610 -1879.0000000000
612 -1877.0000000000
615 -1875.0000000000
619 -1874.0000000000
627 -1872.0000000000
628 -1869.0000000000
629 -1868.0000000000
638 -1867.0000000000
639 -1866.0000000000
653 -1865.0000000000
654 -1864.0000000000
657 -1863.0000000000
660 -1861.0000000000
661 -1859.0000000000
662 -1856.0000000000
666 -1854.0000000000
670 -1853.0000000000
672 -1852.0000000000
673 -1851.0000000000
677 -1850.0000000000
679 -1848.0000000000
682 -1847.0000000000
695 -1846.0000000000
698 -1844.0000000000
700 -1843.0000000000
701 -1842.0000000000
715 -1841.0000000000
719 -1840.0000000000
724 -1839.0000000000
725 -1837.0000000000
731 -1836.0000000000
732 -1835.0000000000
733 -1834.0000000000
738 -1833.0000000000
747 -1832.0000000000
755 -1831.0000000000
756 -1830.0000000000
769 -1828.0000000000
771 -1826.0000000000
772 -1825.0000000000
773 -1824.0000000000
787 -1822.0000000000
795 -1821.0000000000
799 -1820.0000000000
802 -1819.0000000000
804 -1818.0000000000
808 -1817.0000000000
814 -1816.0000000000
816 -1815.0000000000
823 -1814.0000000000
830 -1813.0000000000
839 -1812.0000000000
840 -1811.0000000000
841 -1810.0000000000
847 -1809.0000000000
856 -1808.0000000000
857 -1807.0000000000
864 -1806.0000000000
865 -1805.0000000000
866 -1804.0000000000
867 -1802.0000000000
870 -1801.0000000000
871 -1800.0000000000
877 -1799.0000000000
879 -1798.0000000000
883 -1797.0000000000
887 -1796.0000000000
889 -1794.0000000000
890 -1793.0000000000
907 -1792.0000000000
912 -1791.0000000000
913 -1790.0000000000
917 -1788.0000000000
918 -1787.0000000000
922 -1786.0000000000
942 -1785.0000000000
950 -1784.0000000000
960 -1783.0000000000
961 -1782.0000000000
962 -1780.0000000000
967 -1778.0000000000
973 -1777.0000000000
975 -1775.0000000000
987 -1774.0000000000
989 -1772.0000000000
994 -1770.0000000000
1004 -1768.0000000000
1005 -1767.0000000000
1009 -1766.0000000000
1014 -1765.0000000000
1025 -1764.0000000000
1027 -1763.0000000000
1029 -1762.0000000000
1038 -1760.0000000000
1044 -1758.0000000000
1046 -1757.0000000000
1049 -1756.0000000000
1050 -1754.0000000000
1051 -1752.0000000000
1054 -1750.0000000000
1062 -1749.0000000000
1065 -1748.0000000000
1069 -1747.0000000000
1073 -1746.0000000000
1076 -1745.0000000000
1081 -1742.0000000000
1092 -1740.0000000000
1095 -1739.0000000000
1100 -1738.0000000000
1101 -1737.0000000000
1112 -1736.0000000000
1114 -1735.0000000000
1118 -1734.0000000000
1122 -1733.0000000000
1133 -1732.0000000000
1134 -1731.0000000000
1138 -1730.0000000000
1142 -1729.0000000000
1146 -1728.0000000000
1147 -1727.0000000000
1149 -1726.0000000000
1151 -1725.0000000000
1161 -1723.0000000000
1164 -1722.0000000000
1169 -1721.0000000000
1173 -1720.0000000000
1180 -1719.0000000000
1182 -1718.0000000000
1187 -1716.0000000000
1190 -1715.0000000000
1193 -1714.0000000000
1194 -1713.0000000000
1198 -1712.0000000000
1209 -1711.0000000000
1210 -1709.0000000000
1213 -1707.0000000000
1219 -1706.0000000000
1226 -1704.0000000000
1227 -1703.0000000000
1228 -1702.0000000000
1229 -1701.0000000000
1238 -1700.0000000000
1247 -1699.0000000000
1253 -1698.0000000000
1256 -1696.0000000000
1257 -1695.0000000000
1267 -1694.0000000000
1281 -1693.0000000000
1298 -1692.0000000000
1303 -1691.0000000000
1307 -1690.0000000000
1309 -1689.0000000000
1315 -1688.0000000000
1322 -1686.0000000000
1324 -1685.0000000000
1333 -1684.0000000000
1334 -1683.0000000000
1336 -1682.0000000000
1337 -1681.0000000000
1338 -1680.0000000000
1343 -1679.0000000000
1344 -1678.0000000000
1349 -1677.0000000000
1355 -1676.0000000000
1365 -1674.0000000000
1373 -1673.0000000000
1377 -1672.0000000000
1378 -1671.0000000000
1385 -1670.0000000000
1386 -1669.0000000000
1391 -1667.0000000000
1392 -1666.0000000000
1398 -1665.0000000000
1400 -1664.0000000000
1405 -1663.0000000000
1408 -1662.0000000000
1411 -1661.0000000000
1425 -1660.0000000000
1431 -1659.0000000000
1439 -1658.0000000000
1442 -1657.0000000000
1458 -1656.0000000000
1461 -1655.0000000000
1467 -1654.0000000000
1468 -1653.0000000000
1473 -1652.0000000000
1476 -1651.0000000000
1477 -1650.0000000000
1479 -1649.0000000000
1485 -1648.0000000000
1487 -1646.0000000000
1488 -1644.0000000000
1498 -1643.0000000000
1499 -1642.0000000000
1501 -1640.0000000000
1504 -1639.0000000000
1506 -1638.0000000000
1508 -1637.0000000000
1514 -1636.0000000000
1515 -1635.0000000000
1522 -1634.0000000000
1524 -1633.0000000000
1525 -1632.0000000000
1527 -1631.0000000000
1535 -1629.0000000000
1542 -1628.0000000000
1545 -1627.0000000000
1552 -1626.0000000000
1554 -1624.0000000000
1565 -1623.0000000000
1569 -1620.0000000000
1586 -1619.0000000000
1587 -1618.0000000000
1591 -1617.0000000000
1599 -1616.0000000000
1600 -1615.0000000000
1601 -1614.0000000000
1608 -1613.0000000000
1616 -1612.0000000000
1619 -1611.0000000000
1638 -1610.0000000000
1643 -1609.0000000000
1645 -1608.0000000000
1648 -1607.0000000000
1656 -1605.0000000000
1663 -1604.0000000000
1666 -1603.0000000000
1667 -1602.0000000000
1668 -1601.0000000000
1671 -1599.0000000000
1678 -1598.0000000000
1696 -1597.0000000000
1699 -1596.0000000000
1700 -1595.0000000000
1708 -1592.0000000000
1716 -1591.0000000000
1721 -1590.0000000000
1722 -1588.0000000000
1725 -1587.0000000000
1727 -1586.0000000000
1731 -1585.0000000000
1734 -1584.0000000000
1736 -1583.0000000000
1740 -1582.0000000000
1752 -1580.0000000000
1756 -1578.0000000000
1762 -1577.0000000000
1763 -1576.0000000000
1765 -1575.0000000000
1773 -1574.0000000000
1781 -1573.0000000000
1786 -1572.0000000000
1791 -1571.0000000000
1794 -1570.0000000000
1803 -1569.0000000000
1805 -1568.0000000000
1806 -1567.0000000000
1818 -1565.0000000000
1819 -1562.0000000000
1821 -1560.0000000000
1824 -1559.0000000000
1831 -1558.0000000000
1832 -1557.0000000000
1835 -1556.0000000000
1836 -1555.0000000000
1849 -1554.0000000000
1854 -1552.0000000000
1865 -1551.0000000000
1866 -1550.0000000000
1867 -1549.0000000000
1875 -1548.0000000000
1876 -1547.0000000000
1882 -1546.0000000000
1888 -1545.0000000000
1893 -1544.0000000000
1897 -1543.0000000000
1903 -1542.0000000000
1914 -1541.0000000000
1918 -1540.0000000000
1919 -1539.0000000000
1926 -1538.0000000000
1929 -1537.0000000000
1936 -1536.0000000000
1946 -1535.0000000000
1952 -1534.0000000000
1955 -1531.0000000000
1957 -1530.0000000000
1965 -1529.0000000000
1969 -1528.0000000000
1974 -1527.0000000000
1980 -1526.0000000000
1990 -1525.0000000000
1993 -1524.0000000000
1995 -1523.0000000000
1998 -1521.0000000000
2003 -1519.0000000000
2011 -1518.0000000000
2015 -1517.0000000000
2044 -1516.0000000000
2048 -1515.0000000000
2049 -1514.0000000000
2063 -1513.0000000000
2066 -1512.0000000000
2070 -1511.0000000000
2082 -1510.0000000000
2093 -1509.0000000000
2094 -1508.0000000000
2101 -1507.0000000000
2105 -1505.0000000000
2111 -1503.0000000000
2117 -1501.0000000000
2123 -1500.0000000000
2124 -1499.0000000000
2130 -1498.0000000000
2133 -1497.0000000000
2139 -1496.0000000000
2156 -1494.0000000000
2170 -1493.0000000000
2172 -1492.0000000000
2174 -1491.0000000000
2178 -1490.0000000000
2188 -1489.0000000000
2198 -1488.0000000000
2199 -1487.0000000000
2200 -1486.0000000000
2202 -1485.0000000000
2207 -1483.0000000000
2219 -1482.0000000000
2223 -1481.0000000000
2229 -1480.0000000000
2235 -1479.0000000000
2257 -1478.0000000000
2269 -1477.0000000000
2272 -1475.0000000000
2277 -1474.0000000000
2283 -1473.0000000000
2285 -1471.0000000000
2286 -1469.0000000000
2294 -1468.0000000000
2302 -1466.0000000000
2304 -1465.0000000000
2315 -1464.0000000000
2317 -1463.0000000000
2324 -1462.0000000000
2331 -1461.0000000000
2335 -1459.0000000000
2338 -1457.0000000000
2347 -1456.0000000000
2351 -1455.0000000000
2356 -1454.0000000000
2358 -1453.0000000000
2360 -1452.0000000000
2366 -1451.0000000000
2376 -1450.0000000000
2377 -1449.0000000000
2380 -1448.0000000000
2382 -1447.0000000000
2389 -1444.0000000000
2402 -1443.0000000000
2408 -1442.0000000000
2413 -1441.0000000000
2429 -1439.0000000000
2430 -1438.0000000000
2444 -1437.0000000000
2445 -1436.0000000000
2447 -1435.0000000000
2461 -1434.0000000000
2468 -1433.0000000000
2474 -1432.0000000000
2479 -1431.0000000000
2480 -1430.0000000000
2481 -1429.0000000000
2484 -1428.0000000000
2490 -1427.0000000000
2492 -1426.0000000000
2496 -1425.0000000000
2500 -1424.0000000000
2516 -1423.0000000000
2517 -1421.0000000000
2519 -1420.0000000000
2528 -1419.0000000000
2529 -1418.0000000000
2534 -1416.0000000000
2545 -1415.0000000000
2557 -1414.0000000000
2566 -1413.0000000000
2568 -1412.0000000000
2570 -1411.0000000000
2574 -1410.0000000000
2586 -1409.0000000000
2587 -1408.0000000000
2595 -1407.0000000000
2596 -1406.0000000000
2600 -1405.0000000000
2604 -1404.0000000000
2616 -1403.0000000000
2617 -1401.0000000000
2621 -1399.0000000000
2622 -1398.0000000000
2637 -1397.0000000000
2645 -1396.0000000000
2647 -1395.0000000000
2653 -1394.0000000000
2658 -1392.0000000000
2662 -1391.0000000000
2664 -1390.0000000000
2671 -1389.0000000000
2674 -1388.0000000000
2675 -1387.0000000000
2682 -1386.0000000000
2686 -1385.0000000000
2692 -1383.0000000000
2704 -1382.0000000000
2711 -1381.0000000000
2715 -1380.0000000000
2727 -1379.0000000000
2742 -1378.0000000000
2754 -1377.0000000000
2760 -1376.0000000000
2762 -1373.0000000000
2778 -1372.0000000000
2782 -1371.0000000000
2803 -1370.0000000000
2805 -1369.0000000000
2806 -1368.0000000000
2808 -1367.0000000000
2853 -1366.0000000000
2863 -1364.0000000000
2864 -1363.0000000000
2876 -1362.0000000000
2880 -1360.0000000000
2884 -1359.0000000000
2885 -1358.0000000000
2887 -1357.0000000000
2888 -1356.0000000000
2892 -1355.0000000000
2898 -1354.0000000000
2909 -1353.0000000000
2911 -1352.0000000000
2914 -1351.0000000000
2916 -1350.0000000000
2917 -1348.0000000000
2921 -1347.0000000000
2923 -1346.0000000000
2927 -1345.0000000000
2929 -1344.0000000000
2938 -1343.0000000000
2943 -1341.0000000000
2946 -1340.0000000000
2951 -1339.0000000000
2953 -1337.0000000000
2957 -1336.0000000000
2964 -1335.0000000000
2965 -1334.0000000000
3006 -1333.0000000000
3009 -1332.0000000000
3034 -1330.0000000000
3044 -1329.0000000000
3046 -1328.0000000000
3053 -1327.0000000000
3055 -1326.0000000000
3057 -1324.0000000000
3063 -1323.0000000000
3069 -1322.0000000000
3070 -1321.0000000000
3079 -1319.0000000000
3080 -1318.0000000000
3083 -1317.0000000000
3089 -1316.0000000000
3091 -1315.0000000000
3093 -1314.0000000000
3096 -1312.0000000000
3099 -1310.0000000000
3103 -1308.0000000000
3106 -1307.0000000000
3108 -1306.0000000000
3109 -1305.0000000000
3129 -1304.0000000000
3138 -1303.0000000000
3141 -1302.0000000000
3150 -1300.0000000000
3158 -1299.0000000000
3165 -1298.0000000000
3172 -1297.0000000000
3175 -1295.0000000000
3182 -1293.0000000000
3191 -1292.0000000000
3198 -1291.0000000000
3199 -1289.0000000000
3201 -1288.0000000000
3206 -1287.0000000000
3210 -1286.0000000000
3224 -1285.0000000000
3230 -1284.0000000000
3240 -1283.0000000000
3242 -1281.0000000000
3245 -1279.0000000000
3246 -1278.0000000000
3260 -1277.0000000000
3261 -1276.0000000000
3271 -1275.0000000000
3274 -1274.0000000000
3275 -1273.0000000000
3292 -1272.0000000000
3304 -1271.0000000000
3307 -1269.0000000000
3312 -1268.0000000000
3329 -1267.0000000000
3333 -1266.0000000000
3341 -1265.0000000000
3345 -1264.0000000000
3348 -1263.0000000000
3354 -1262.0000000000
3363 -1261.0000000000
3367 -1260.0000000000
3370 -1259.0000000000
3376 -1258.0000000000
3378 -1257.0000000000
3379 -1254.0000000000
3381 -1253.0000000000
3384 -1252.0000000000
3385 -1251.0000000000
3387 -1250.0000000000
3392 -1248.0000000000
3396 -1247.0000000000
3403 -1246.0000000000
3412 -1245.0000000000
3415 -1244.0000000000
3418 -1243.0000000000
3419 -1242.0000000000
3433 -1241.0000000000
3437 -1240.0000000000
3440 -1238.0000000000
3444 -1237.0000000000
3445 -1235.0000000000
3449 -1234.0000000000
3456 -1233.0000000000
3475 -1232.0000000000
3479 -1230.0000000000
3480 -1229.0000000000
3495 -1228.0000000000
3496 -1226.0000000000
3504 -1225.0000000000
3512 -1222.0000000000
3521 -1221.0000000000
3526 -1220.0000000000
3527 -1219.0000000000
3531 -1218.0000000000
3551 -1217.0000000000
3568 -1216.0000000000
3573 -1215.0000000000
3585 -1214.0000000000
3587 -1213.0000000000
3595 -1212.0000000000
3597 -1211.0000000000
3604 -1210.0000000000
3605 -1209.0000000000
3616 -1208.0000000000
3617 -1207.0000000000
3621 -1206.0000000000
3627 -1205.0000000000
3633 -1204.0000000000
3645 -1203.0000000000
3653 -1202.0000000000
3666 -1200.0000000000
3690 -1199.0000000000
3692 -1197.0000000000
3706 -1196.0000000000
3709 -1195.0000000000
3760 -1193.0000000000
3778 -1191.0000000000
3787 -1189.0000000000
3801 -1188.0000000000
3827 -1186.0000000000
3831 -1185.0000000000
3837 -1184.0000000000
3843 -1183.0000000000
3849 -1182.0000000000
3855 -1181.0000000000
3859 -1180.0000000000
3879 -1178.0000000000
3882 -1177.0000000000
3892 -1176.0000000000
3894 -1175.0000000000
3910 -1174.0000000000
3924 -1173.0000000000
3928 -1172.0000000000
3932 -1171.0000000000
3948 -1170.0000000000
3961 -1168.0000000000
3962 -1167.0000000000
3967 -1166.0000000000
3976 -1165.0000000000
3983 -1164.0000000000
3987 -1163.0000000000
3991 -1162.0000000000
3995 -1161.0000000000
4000 -1160.0000000000
4001 -1159.0000000000
4005 -1158.0000000000
4008 -1157.0000000000
4009 -1156.0000000000
4015 -1155.0000000000
4030 -1154.0000000000
4033 -1153.0000000000
4052 -1152.0000000000
4054 -1151.0000000000
4055 -1150.0000000000
4069 -1149.0000000000
4070 -1148.0000000000
4075 -1147.0000000000
4102 -1146.0000000000
4105 -1145.0000000000
4115 -1144.0000000000
4116 -1143.0000000000
4133 -1142.0000000000
4135 -1141.0000000000
4140 -1139.0000000000
4143 -1138.0000000000
4145 -1137.0000000000
4146 -1136.0000000000
4156 -1135.0000000000
4166 -1134.0000000000
4170 -1133.0000000000
4182 -1132.0000000000
4183 -1130.0000000000
4188 -1129.0000000000
4193 -1128.0000000000
4222 -1127.0000000000
4224 -1126.0000000000
4248 -1125.0000000000
4251 -1124.0000000000
4255 -1123.0000000000
4256 -1122.0000000000
4269 -1121.0000000000
4270 -1120.0000000000
4282 -1119.0000000000
4287 -1118.0000000000
4297 -1116.0000000000
4299 -1115.0000000000
4308 -1114.0000000000
4321 -1112.0000000000
4329 -1111.0000000000
4359 -1110.0000000000
4365 -1109.0000000000
4366 -1108.0000000000
4372 -1107.0000000000
4379 -1106.0000000000
4411 -1104.0000000000
4414 -1103.0000000000
4419 -1102.0000000000
4420 -1101.0000000000
4429 -1100.0000000000
4435 -1099.0000000000
4446 -1098.0000000000
4448 -1097.0000000000
4452 -1096.0000000000
4462 -1095.0000000000
4470 -1094.0000000000
4479 -1093.0000000000
4488 -1092.0000000000
4511 -1091.0000000000
4521 -1090.0000000000
4524 -1088.0000000000
4530 -1087.0000000000
4551 -1086.0000000000
4553 -1085.0000000000
4556 -1084.0000000000
4558 -1083.0000000000
4562 -1082.0000000000
4577 -1081.0000000000
4583 -1080.0000000000
4586 -1078.0000000000
4590 -1077.0000000000
4610 -1076.0000000000
4621 -1075.0000000000
4629 -1074.0000000000
4636 -1073.0000000000
4637 -1072.0000000000
4648 -1071.0000000000
4659 -1070.0000000000
4666 -1069.0000000000
4680 -1068.0000000000
4682 -1067.0000000000
4688 -1066.0000000000
4694 -1064.0000000000
4713 -1063.0000000000
4718 -1062.0000000000
4730 -1061.0000000000
4742 -1060.0000000000
4743 -1059.0000000000
4744 -1058.0000000000
4747 -1057.0000000000
4748 -1056.0000000000
4758 -1055.0000000000
4762 -1054.0000000000
4767 -1053.0000000000
4772 -1051.0000000000
4773 -1050.0000000000
4775 -1049.0000000000
4777 -1048.0000000000
4782 -1047.0000000000
4789 -1046.0000000000
4793 -1044.0000000000
4798 -1043.0000000000
4799 -1042.0000000000
4816 -1041.0000000000
4821 -1040.0000000000
4825 -1039.0000000000
4842 -1038.0000000000
4845 -1037.0000000000
4847 -1036.0000000000
4851 -1035.0000000000
4854 -1034.0000000000
4860 -1033.0000000000
4871 -1032.0000000000
4872 -1031.0000000000
4876 -1030.0000000000
4877 -1029.0000000000
4888 -1027.0000000000
4891 -1026.0000000000
4921 -1025.0000000000
4923 -1024.0000000000
4930 -1023.0000000000
4932 -1022.0000000000
4937 -1021.0000000000
4944 -1020.0000000000
4976 -1019.0000000000
4981 -1018.0000000000
4983 -1017.0000000000
4984 -1016.0000000000
4989 -1015.0000000000
4998 -1014.0000000000
5004 -1013.0000000000
5010 -1012.0000000000
5011 -1011.0000000000
5017 -1010.0000000000
5027 -1007.0000000000
5028 -1006.0000000000
5046 -1005.0000000000
5051 -1003.0000000000
5067 -1002.0000000000
5085 -1001.0000000000
5117 -1000.0000000000
5122 -999.0000000000
5123 -998.0000000000
5126 -996.0000000000
5139 -995.0000000000
5181 -994.0000000000
5182 -993.0000000000
5183 -992.0000000000
5201 -991.0000000000
5216 -990.0000000000
5224 -989.0000000000
5226 -988.0000000000
5227 -987.0000000000
5231 -986.0000000000
5238 -985.0000000000
5239 -984.0000000000
5249 -983.0000000000
5252 -982.0000000000
5259 -981.0000000000
5267 -980.0000000000
5283 -979.0000000000
5300 -978.0000000000
5310 -977.0000000000
5319 -975.0000000000
5322 -974.0000000000
5332 -973.0000000000
5338 -972.0000000000
5341 -971.0000000000
5343 -970.0000000000
5351 -968.0000000000
5352 -967.0000000000
5365 -966.0000000000
5369 -965.0000000000
5370 -964.0000000000
5378 -962.0000000000
5384 -961.0000000000
5387 -960.0000000000
5398 -959.0000000000
5403 -958.0000000000
5424 -956.0000000000
5433 -955.0000000000
5436 -954.0000000000
5446 -953.0000000000
5451 -952.0000000000
5462 -951.0000000000
5503 -950.0000000000
5506 -949.0000000000
5507 -948.0000000000
5528 -947.0000000000
5535 -946.0000000000
5537 -945.0000000000
5545 -944.0000000000
5549 -942.0000000000
5563 -941.0000000000
5570 -940.0000000000
5580 -939.0000000000
5615 -938.0000000000
5622 -937.0000000000
5644 -936.0000000000
5645 -935.0000000000
5655 -934.0000000000
5660 -933.0000000000
5661 -932.0000000000
5665 -931.0000000000
5673 -930.0000000000
5675 -929.0000000000
5681 -928.0000000000
5682 -927.0000000000
5705 -926.0000000000
5710 -925.0000000000
5711 -924.0000000000
5713 -923.0000000000
5715 -921.0000000000
5716 -920.0000000000
5718 -919.0000000000
5723 -918.0000000000
5727 -916.0000000000
5744 -915.0000000000
5752 -914.0000000000
5756 -913.0000000000
5773 -912.0000000000
5781 -911.0000000000
5795 -910.0000000000
5802 -909.0000000000
5814 -908.0000000000
5825 -907.0000000000
5848 -906.0000000000
5850 -905.0000000000
5853 -904.0000000000
5857 -903.0000000000
5864 -902.0000000000
5867 -900.0000000000
5883 -899.0000000000
5897 -898.0000000000
5906 -897.0000000000
5913 -896.0000000000
5921 -895.0000000000
5925 -894.0000000000
5928 -893.0000000000
5943 -892.0000000000
5967 -890.0000000000
5972 -889.0000000000
5990 -887.0000000000
6019 -886.0000000000
6020 -885.0000000000
6024 -884.0000000000
6049 -883.0000000000
6058 -882.0000000000
6060 -881.0000000000
6068 -880.0000000000
6082 -879.0000000000
6093 -878.0000000000
6098 -877.0000000000
6114 -876.0000000000
6120 -875.0000000000
6155 -874.0000000000
6157 -873.0000000000
6166 -871.0000000000
6213 -870.0000000000
6216 -869.0000000000
6218 -868.0000000000
6233 -867.0000000000
6249 -866.0000000000
6251 -865.0000000000
6256 -864.0000000000
6257 -863.0000000000
6274 -862.0000000000
6280 -860.0000000000
6282 -859.0000000000
6297 -858.0000000000
6298 -857.0000000000
6311 -856.0000000000
6317 -855.0000000000
6358 -854.0000000000
6373 -853.0000000000
6392 -852.0000000000
6395 -851.0000000000
6407 -850.0000000000
6459 -849.0000000000
6461 -848.0000000000
6470 -847.0000000000
6479 -846.0000000000
6482 -845.0000000000
6496 -844.0000000000
6526 -843.0000000000
6529 -842.0000000000
6536 -841.0000000000
6542 -840.0000000000
6557 -839.0000000000
6562 -838.0000000000
6567 -837.0000000000
6575 -836.0000000000
6580 -835.0000000000
6587 -834.0000000000
6598 -833.0000000000
6604 -831.0000000000
6616 -830.0000000000
6635 -829.0000000000
6644 -828.0000000000
6646 -827.0000000000
6647 -826.0000000000
6652 -824.0000000000
6664 -823.0000000000
6666 -822.0000000000
6679 -821.0000000000
6691 -820.0000000000
6698 -819.0000000000
6703 -818.0000000000
6710 -817.0000000000
6712 -815.0000000000
6722 -814.0000000000
6727 -813.0000000000
6731 -812.0000000000
6751 -811.0000000000
6755 -810.0000000000
6756 -809.0000000000
6757 -808.0000000000
6767 -807.0000000000
6770 -806.0000000000
6772 -805.0000000000
6779 -804.0000000000
6780 -803.0000000000
6793 -802.0000000000
6802 -801.0000000000
6807 -800.0000000000
6815 -799.0000000000
6818 -798.0000000000
6827 -797.0000000000
6845 -795.0000000000
6851 -794.0000000000
6871 -793.0000000000
6884 -792.0000000000
6899 -791.0000000000
6908 -790.0000000000
6909 -789.0000000000
6910 -788.0000000000
6933 -787.0000000000
6935 -786.0000000000
6940 -785.0000000000
6948 -784.0000000000
6949 -783.0000000000
6953 -782.0000000000
6954 -781.0000000000
6959 -780.0000000000
6969 -779.0000000000
6971 -778.0000000000
6976 -777.0000000000
6979 -776.0000000000
6984 -775.0000000000
6995 -774.0000000000
7003 -773.0000000000
7019 -772.0000000000
7068 -771.0000000000
7073 -770.0000000000
7076 -769.0000000000
7083 -768.0000000000
7084 -767.0000000000
7099 -765.0000000000
7107 -763.0000000000
7117 -762.0000000000
7120 -761.0000000000
7122 -760.0000000000
7124 -759.0000000000
7129 -758.0000000000
7131 -757.0000000000
7135 -756.0000000000
7136 -755.0000000000
7161 -754.0000000000
7162 -752.0000000000
7163 -751.0000000000
7169 -750.0000000000
7170 -749.0000000000
7197 -748.0000000000
7212 -747.0000000000
7213 -746.0000000000
7217 -745.0000000000
7225 -744.0000000000
7232 -743.0000000000
7234 -742.0000000000
7237 -741.0000000000
7246 -740.0000000000
7251 -739.0000000000
7255 -738.0000000000
7269 -737.0000000000
7289 -736.0000000000
7290 -735.0000000000
7305 -734.0000000000
7331 -733.0000000000
7336 -732.0000000000
7368 -731.0000000000
7376 -730.0000000000
7377 -729.0000000000
7384 -728.0000000000
7389 -727.0000000000
7390 -726.0000000000
7393 -725.0000000000
7398 -724.0000000000
7403 -723.0000000000
7413 -722.0000000000
7436 -721.0000000000
7452 -720.0000000000
7457 -719.0000000000
7468 -718.0000000000
7470 -717.0000000000
7487 -716.0000000000
7502 -715.0000000000
7504 -713.0000000000
7512 -712.0000000000
7528 -711.0000000000
7544 -710.0000000000
7545 -709.0000000000
7584 -708.0000000000
7590 -707.0000000000
7594 -706.0000000000
7602 -705.0000000000
7648 -704.0000000000
7651 -703.0000000000
7667 -701.0000000000
7670 -700.0000000000
7690 -699.0000000000
7695 -697.0000000000
7727 -696.0000000000
7752 -695.0000000000
7756 -694.0000000000
7764 -693.0000000000
7800 -692.0000000000
7863 -691.0000000000
7864 -690.0000000000
7870 -689.0000000000
7881 -688.0000000000
7905 -687.0000000000
7909 -686.0000000000
7919 -685.0000000000
7944 -684.0000000000
7947 -682.0000000000
7955 -681.0000000000
7957 -680.0000000000
7978 -679.0000000000
7989 -678.0000000000
7991 -677.0000000000
8016 -676.0000000000
8035 -675.0000000000
8036 -673.0000000000
8039 -672.0000000000
8058 -671.0000000000
8068 -670.0000000000
8103 -669.0000000000
8140 -668.0000000000
8148 -667.0000000000
8154 -666.0000000000
8200 -665.0000000000
8207 -664.0000000000
8241 -663.0000000000
8250 -662.0000000000
8259 -661.0000000000
8268 -660.0000000000
8272 -659.0000000000
8285 -658.0000000000
8291 -657.0000000000
8295 -655.0000000000
8296 -654.0000000000
8301 -653.0000000000
8370 -652.0000000000
8379 -651.0000000000
8389 -650.0000000000
8403 -649.0000000000
8418 -648.0000000000
8422 -647.0000000000
8430 -646.0000000000
8440 -645.0000000000
8510 -644.0000000000
8517 -643.0000000000
8562 -642.0000000000
8578 -640.0000000000
8590 -638.0000000000
8607 -637.0000000000
8608 -636.0000000000
8643 -635.0000000000
8647 -634.0000000000
8650 -633.0000000000
8655 -632.0000000000
8671 -631.0000000000
8711 -630.0000000000
8715 -629.0000000000
8716 -628.0000000000
8744 -626.0000000000
8769 -624.0000000000
8777 -623.0000000000
8799 -622.0000000000
8812 -621.0000000000
8813 -620.0000000000
8836 -619.0000000000
8877 -618.0000000000
8887 -617.0000000000
8920 -616.0000000000
8925 -615.0000000000
8948 -614.0000000000
8957 -613.0000000000
8963 -612.0000000000
8989 -611.0000000000
9013 -610.0000000000
9076 -609.0000000000
9098 -608.0000000000
9111 -607.0000000000
9129 -606.0000000000
9152 -605.0000000000
9162 -604.0000000000
9251 -603.0000000000
9255 -602.0000000000
9260 -601.0000000000
9269 -600.0000000000
9270 -599.0000000000
9309 -598.0000000000
9310 -597.0000000000
9337 -595.0000000000
9345 -594.0000000000
9365 -593.0000000000
9369 -592.0000000000
9397 -591.0000000000
9412 -590.0000000000
9434 -589.0000000000
9443 -588.0000000000
9450 -587.0000000000
9469 -586.0000000000
9477 -585.0000000000
9479 -584.0000000000
9484 -583.0000000000
9497 -582.0000000000
9505 -581.0000000000
9542 -580.0000000000
9545 -579.0000000000
9556 -577.0000000000
9559 -576.0000000000
9573 -575.0000000000
9575 -574.0000000000
9583 -573.0000000000
9586 -572.0000000000
9595 -570.0000000000
9596 -569.0000000000
9658 -568.0000000000
9721 -567.0000000000
9735 -566.0000000000
9749 -565.0000000000
9757 -564.0000000000
9759 -563.0000000000
9773 -562.0000000000
9818 -561.0000000000
9823 -560.0000000000
9833 -559.0000000000
9867 -558.0000000000
9880 -556.0000000000
9912 -555.0000000000
9930 -554.0000000000
9957 -553.0000000000
9967 -552.0000000000
9969 -551.0000000000
9985 -550.0000000000
9996 -548.0000000000
9999 -547.0000000000
10000 -547.0000000000
evaluations raw_y
1 -2009.0000000000
3 -2007.0000000000
10 -2006.0000000000
13 -2005.0000000000
14 -2004.0000000000
20 -2003.0000000000
23 -2002.0000000000
27 -2001.0000000000
33 -1999.0000000000
45 -1998.0000000000
46 -1997.0000000000
50 -1996.0000000000
52 -1994.0000000000
54 -1992.0000000000
56 -1990.0000000000
59 -1989.0000000000
62 -1988.0000000000
66 -1986.0000000000
68 -1985.0000000000
71 -1984.0000000000
81 -1983.0000000000
82 -1982.0000000000
92 -1981.0000000000
97 -1979.0000000000
98 -1978.0000000000
99 -1977.0000000000
102 -1976.0000000000
110 -1974.0000000000
120 -1973.0000000000
122 -1972.0000000000
134 -1971.0000000000
135 -1970.0000000000
138 -1969.0000000000
139 -1968.0000000000
152 -1966.0000000000
156 -1965.0000000000
158 -1963.0000000000
167 -1962.0000000000
176 -1961.0000000000
180 -1960.0000000000
183 -1959.0000000000
188 -1958.0000000000
190 -1957.0000000000
193 -1956.0000000000
194 -1955.0000000000
208 -1954.0000000000
214 -1953.0000000000
217 -1951.0000000000
220 -1949.0000000000
223 -1947.0000000000
225 -1946.0000000000
226 -1945.0000000000
228 -1943.0000000000
231 -1942.0000000000
232 -1941.0000000000
236 -1940.0000000000
245 -1939.0000000000
247 -1938.0000000000
248 -1937.0000000000
250 -1936.0000000000
251 -1935.0000000000
260 -1933.0000000000
262 -1932.0000000000
263 -1930.0000000000
264 -1929.0000000000
265 -1926.0000000000
266 -1925.0000000000
267 -1923.0000000000
269 -1922.0000000000
270 -1921.0000000000
275 -1920.0000000000
277 -1919.0000000000
278 -1918.0000000000
279 -1917.0000000000
280 -1915.0000000000
288 -1914.0000000000
293 -1913.0000000000
300 -1911.0000000000
305 -1910.0000000000
308 -1908.0000000000
312 -1905.0000000000
313 -1904.0000000000
314 -1903.0000000000
317 -1902.0000000000
326 -1900.0000000000
329 -1899.0000000000
334 -1897.0000000000
342 -1896.0000000000
348 -1894.0000000000
349 -1891.0000000000
351 -1890.0000000000
377 -1889.0000000000
378 -1887.0000000000
379 -1886.0000000000
384 -1885.0000000000
387 -1884.0000000000
390 -1883.0000000000
398 -1882.0000000000
403 -1881.0000000000
404 -1880.0000000000
405 -1877.0000000000
409 -1876.0000000000
425 -1875.0000000000
432 -1874.0000000000
433 -1872.0000000000
434 -1871.0000000000
435 -1870.0000000000
437 -1868.0000000000
440 -1867.0000000000
441 -1866.0000000000
446 -1865.0000000000
455 -1864.0000000000
457 -1863.0000000000
459 -1862.0000000000
460 -1861.0000000000
469 -1860.0000000000
473 -1859.0000000000
475 -1858.0000000000
477 -1857.0000000000
483 -1856.0000000000
484 -1855.0000000000
486 -1854.0000000000
489 -1853.0000000000
491 -1851.0000000000
495 -1850.0000000000
496 -1849.0000000000
501 -1847.0000000000
503 -1846.0000000000
506 -1845.0000000000
510 -1843.0000000000
511 -1842.0000000000
513 -1841.0000000000
514 -1840.0000000000
515 -1839.0000000000
520 -1838.0000000000
524 -1837.0000000000
530 -1836.0000000000
535 -1833.0000000000
536 -1832.0000000000
539 -1831.0000000000
561 -1830.0000000000
565 -1829.0000000000
572 -1828.0000000000
579 -1827.0000000000
581 -1826.0000000000
592 -1825.0000000000
598 -1823.0000000000
599 -1822.0000000000
602 -1820.0000000000
606 -1819.0000000000
609 -1818.0000000000
615 -1817.0000000000
623 -1816.0000000000
627 -1815.0000000000
629 -1814.0000000000
638 -1813.0000000000
642 -1812.0000000000
643 -1811.0000000000
647 -1810.0000000000
649 -1809.0000000000
665 -1808.0000000000
666 -1807.0000000000
671 -1806.0000000000
675 -1805.0000000000
676 -1804.0000000000
685 -1803.0000000000
687 -1801.0000000000
688 -1800.0000000000
689 -1799.0000000000
690 -1798.0000000000
702 -1795.0000000000
706 -1794.0000000000
707 -1793.0000000000
710 -1791.0000000000
712 -1790.0000000000
715 -1789.0000000000
718 -1788.0000000000
721 -1787.0000000000
723 -1786.0000000000
730 -1785.0000000000
735 -1784.0000000000
736 -1783.0000000000
738 -1782.0000000000
751 -1781.0000000000
753 -1780.0000000000
771 -1779.0000000000
779 -1778.0000000000
780 -1777.0000000000
782 -1776.0000000000
796 -1775.0000000000
810 -1774.0000000000
820 -1773.0000000000
826 -1771.0000000000
827 -1769.0000000000
830 -1768.0000000000
831 -1766.0000000000
832 -1765.0000000000
842 -1763.0000000000
845 -1762.0000000000
848 -1761.0000000000
850 -1760.0000000000
852 -1759.0000000000
853 -1758.0000000000
859 -1756.0000000000
862 -1755.0000000000
863 -1754.0000000000
877 -1752.0000000000
880 -1751.0000000000
883 -1750.0000000000
890 -1749.0000000000
897 -1747.0000000000
901 -1746.0000000000
902 -1745.0000000000
904 -1744.0000000000
914 -1743.0000000000
918 -1742.0000000000
920 -1741.0000000000
925 -1739.0000000000
932 -1737.0000000000
936 -1736.0000000000
939 -1735.0000000000
942 -1733.0000000000
943 -1732.0000000000
958 -1731.0000000000
963 -1730.0000000000
965 -1729.0000000000
972 -1728.0000000000
974 -1727.0000000000
975 -1726.0000000000
977 -1725.0000000000
978 -1723.0000000000
983 -1721.0000000000
989 -1720.0000000000
991 -1719.0000000000
1002 -1718.0000000000
1004 -1717.0000000000
1007 -1716.0000000000
1012 -1715.0000000000
1013 -1714.0000000000
1015 -1713.0000000000
1016 -1712.0000000000
1017 -1711.0000000000
1018 -1710.0000000000
1037 -1709.0000000000
1039 -1708.0000000000
1053 -1706.0000000000
1060 -1705.0000000000
1061 -1703.0000000000
1065 -1702.0000000000
1068 -1701.0000000000
1071 -1700.0000000000
1073 -1699.0000000000
1075 -1698.0000000000
1082 -1697.0000000000
1088 -1693.0000000000
1097 -1691.0000000000
1107 -1690.0000000000
1112 -1689.0000000000
1113 -1688.0000000000
1114 -1686.0000000000
1116 -1685.0000000000
1117 -1684.0000000000
1123 -1683.0000000000
1135 -1682.0000000000
1136 -1681.0000000000
1155 -1680.0000000000
1157 -1679.0000000000
1164 -1678.0000000000
1165 -1677.0000000000
1168 -1675.0000000000
1177 -1674.0000000000
1187 -1673.0000000000
1196 -1672.0000000000
1203 -1670.0000000000
1204 -1669.0000000000
1205 -1668.0000000000
1210 -1666.0000000000
1223 -1665.0000000000
1224 -1664.0000000000
1227 -1663.0000000000
1235 -1662.0000000000
1238 -1661.0000000000
1239 -1660.0000000000
1247 -1659.0000000000
1248 -1658.0000000000
1249 -1657.0000000000
1264 -1655.0000000000
1278 -1653.0000000000
1282 -1652.0000000000
1283 -1651.0000000000
1292 -1650.0000000000
1293 -1649.0000000000
1294 -1648.0000000000
1319 -1647.0000000000
1321 -1646.0000000000
1323 -1645.0000000000
1326 -1644.0000000000
1332 -1643.0000000000
1343 -1642.0000000000
1347 -1641.0000000000
1359 -1640.0000000000
1367 -1639.0000000000
1368 -1638.0000000000
1369 -1636.0000000000
1371 -1635.0000000000
1372 -1634.0000000000
1378 -1633.0000000000
1381 -1632.0000000000
1386 -1631.0000000000
1387 -1630.0000000000
1388 -1629.0000000000
1391 -1628.0000000000
1400 -1626.0000000000
1403 -1624.0000000000
1405 -1623.0000000000
1406 -1622.0000000000
1407 -1621.0000000000
1410 -1619.0000000000
1415 -1618.0000000000
1420 -1617.0000000000
1423 -1616.0000000000
1429 -1615.0000000000
1437 -1614.0000000000
1441 -1613.0000000000
1443 -1612.0000000000
1451 -1611.0000000000
1462 -1610.0000000000
1465 -1609.0000000000
1467 -1608.0000000000
1471 -1606.0000000000
1479 -1605.0000000000
1487 -1604.0000000000
1489 -1603.0000000000
1495 -1602.0000000000
1498 -1601.0000000000
1499 -1600.0000000000
1501 -1599.0000000000
1508 -1598.0000000000
1509 -1596.0000000000
1515 -1595.0000000000
1519 -1594.0000000000
1527 -1592.0000000000
1530 -1589.0000000000
1532 -1588.0000000000
1544 -1587.0000000000
1550 -1586.0000000000
1552 -1585.0000000000
1559 -1582.0000000000
1564 -1581.0000000000
1567 -1580.0000000000
1569 -1579.0000000000
1575 -1578.0000000000
1579 -1577.0000000000
1581 -1576.0000000000
1583 -1575.0000000000
1589 -1573.0000000000
1590 -1572.0000000000
1591 -1571.0000000000
1595 -1570.0000000000
1605 -1569.0000000000
1610 -1568.0000000000
1613 -1567.0000000000
1622 -1566.0000000000
1635 -1565.0000000000
1639 -1564.0000000000
1651 -1563.0000000000
1652 -1562.0000000000
1661 -1561.0000000000
1663 -1560.0000000000
1664 -1559.0000000000
1668 -1558.0000000000
1672 -1557.0000000000
1679 -1556.0000000000
1688 -1555.0000000000
1689 -1554.0000000000
1696 -1552.0000000000
1699 -1551.0000000000
1705 -1550.0000000000
1708 -1548.0000000000
1710 -1547.0000000000
1715 -1546.0000000000
1721 -1545.0000000000
1725 -1544.0000000000
1728 -1543.0000000000
1734 -1542.0000000000
1735 -1540.0000000000
1736 -1539.0000000000
1743 -1538.0000000000
1747 -1537.0000000000
1750 -1536.0000000000
1764 -1535.0000000000
1771 -1532.0000000000
1776 -1530.0000000000
1780 -1529.0000000000
1784 -1527.0000000000
1785 -1525.0000000000
1790 -1524.0000000000
1800 -1523.0000000000
1802 -1522.0000000000
1803 -1521.0000000000
1808 -1520.0000000000
1832 -1519.0000000000
1837 -1517.0000000000
1840 -1516.0000000000
1841 -1515.0000000000
1843 -1514.0000000000
1866 -1513.0000000000
1870 -1512.0000000000
1871 -1510.0000000000
1873 -1509.0000000000
1874 -1508.0000000000
1878 -1507.0000000000
1884 -1506.0000000000
1886 -1505.0000000000
1887 -1504.0000000000
1888 -1503.0000000000
1891 -1502.0000000000
1895 -1501.0000000000
1907 -1499.0000000000
1916 -1498.0000000000
1917 -1497.0000000000
1918 -1496.0000000000
1924 -1495.0000000000
1926 -1494.0000000000
1958 -1493.0000000000
1959 -1491.0000000000
1965 -1490.0000000000
1991 -1489.0000000000
1999 -1488.0000000000
2001 -1487.0000000000
2011 -1486.0000000000
2012 -1485.0000000000
2013 -1484.0000000000
2016 -1483.0000000000
2023 -1481.0000000000
2024 -1480.0000000000
2025 -1479.0000000000
2031 -1478.0000000000
2038 -1477.0000000000
2041 -1476.0000000000
2042 -1475.0000000000
2051 -1474.0000000000
2053 -1473.0000000000
2055 -1472.0000000000
2058 -1470.0000000000
2063 -1469.0000000000
2065 -1467.0000000000
2068 -1465.0000000000
2078 -1464.0000000000
2089 -1463.0000000000
2090 -1462.0000000000
2092 -1461.0000000000
2094 -1459.0000000000
2096 -1458.0000000000
2101 -1457.0000000000
2104 -1456.0000000000
2108 -1455.0000000000
2110 -1452.0000000000
2116 -1450.0000000000
2132 -1449.0000000000
2137 -1448.0000000000
2141 -1446.0000000000
2145 -1445.0000000000
2155 -1443.0000000000
2156 -1442.0000000000
2157 -1441.0000000000
2169 -1440.0000000000
2184 -1439.0000000000
2192 -1438.0000000000
2203 -1437.0000000000
2210 -1436.0000000000
2213 -1435.0000000000
2219 -1434.0000000000
2223 -1433.0000000000
2224 -1432.0000000000
2229 -1431.0000000000
2242 -1430.0000000000
2247 -1429.0000000000
2248 -1428.0000000000
2257 -1427.0000000000
2259 -1426.0000000000
2261 -1425.0000000000
2265 -1423.0000000000
2280 -1422.0000000000
2282 -1421.0000000000
2283 -1420.0000000000
2285 -1419.0000000000
2286 -1418.0000000000
2289 -1417.0000000000
2296 -1416.0000000000
2301 -1415.0000000000
2312 -1413.0000000000
2314 -1412.0000000000
2324 -1411.0000000000
2325 -1410.0000000000
2334 -1409.0000000000
2338 -1408.0000000000
2341 -1406.0000000000
2343 -1405.0000000000
2349 -1403.0000000000
2354 -1401.0000000000
2356 -1400.0000000000
2363 -1399.0000000000
2370 -1398.0000000000
2379 -1397.0000000000
2383 -1396.0000000000
2384 -1394.0000000000
2385 -1392.0000000000
2408 -1391.0000000000
2413 -1390.0000000000
2418 -1389.0000000000
2421 -1387.0000000000
2424 -1385.0000000000
2430 -1384.0000000000
2447 -1383.0000000000
2448 -1381.0000000000
2457 -1380.0000000000
2466 -1379.0000000000
2472 -1378.0000000000
2485 -1377.0000000000
2490 -1376.0000000000
2492 -1374.0000000000
2500 -1373.0000000000
2513 -1371.0000000000
2515 -1370.0000000000
2518 -1369.0000000000
2529 -1367.0000000000
2533 -1366.0000000000
2535 -1365.0000000000
2537 -1364.0000000000
2539 -1361.0000000000
2540 -1359.0000000000
2546 -1358.0000000000
2551 -1357.0000000000
2552 -1356.0000000000
2553 -1355.0000000000
2556 -1354.0000000000
2558 -1353.0000000000
2559 -1350.0000000000
2564 -1349.0000000000
2569 -1348.0000000000
2570 -1347.0000000000
2580 -1346.0000000000
2583 -1345.0000000000
2587 -1343.0000000000
2589 -1342.0000000000
2595 -1341.0000000000
2599 -1340.0000000000
2606 -1338.0000000000
2613 -1336.0000000000
2618 -1335.0000000000
2627 -1334.0000000000
2629 -1333.0000000000
2630 -1331.0000000000
2633 -1330.0000000000
2635 -1329.0000000000
2643 -1328.0000000000
2648 -1325.0000000000
2662 -1324.0000000000
2663 -1323.0000000000
2666 -1321.0000000000
2672 -1320.0000000000
2674 -1319.0000000000
2675 -1317.0000000000
2677 -1316.0000000000
2679 -1315.0000000000
2686 -1314.0000000000
2689 -1313.0000000000
2695 -1312.0000000000
2698 -1311.0000000000
2702 -1310.0000000000
2708 -1309.0000000000
2719 -1308.0000000000
2724 -1307.0000000000
2730 -1306.0000000000
2733 -1305.0000000000
2734 -1304.0000000000
2752 -1303.0000000000
2753 -1301.0000000000
2759 -1299.0000000000
2760 -1298.0000000000
2787 -1297.0000000000
2788 -1296.0000000000
2797 -1295.0000000000
2809 -1294.0000000000
2812 -1293.0000000000
2814 -1292.0000000000
2818 -1291.0000000000
2819 -1289.0000000000
2822 -1288.0000000000
2824 -1287.0000000000
2837 -1286.0000000000
2840 -1285.0000000000
2847 -1284.0000000000
2850 -1283.0000000000
2877 -1282.0000000000
2883 -1281.0000000000
2888 -1280.0000000000
2903 -1279.0000000000
2904 -1278.0000000000
2909 -1276.0000000000
2912 -1275.0000000000
2913 -1274.0000000000
2919 -1272.0000000000
2932 -1271.0000000000
2937 -1270.0000000000
2943 -1268.0000000000
2945 -1267.0000000000
2946 -1266.0000000000
2952 -1265.0000000000
2953 -1264.0000000000
2958 -1263.0000000000
2964 -1262.0000000000
2968 -1259.0000000000
2973 -1258.0000000000
2974 -1257.0000000000
2984 -1256.0000000000
2997 -1255.0000000000
3004 -1253.0000000000
3017 -1252.0000000000
3038 -1251.0000000000
3052 -1250.0000000000
3055 -1249.0000000000
3059 -1248.0000000000
3064 -1247.0000000000
3065 -1246.0000000000
3066 -1245.0000000000
3068 -1244.0000000000
3079 -1243.0000000000
3080 -1242.0000000000
3087 -1239.0000000000
3095 -1237.0000000000
3102 -1236.0000000000
3106 -1235.0000000000
3112 -1234.0000000000
3120 -1233.0000000000
3123 -1232.0000000000
3134 -1231.0000000000
3153 -1230.0000000000
3159 -1229.0000000000
3162 -1228.0000000000
3170 -1227.0000000000
3180 -1226.0000000000
3186 -1225.0000000000
3191 -1224.0000000000
3197 -1223.0000000000
3199 -1222.0000000000
3200 -1221.0000000000
3201 -1220.0000000000
3209 -1219.0000000000
3211 -1217.0000000000
3222 -1216.0000000000
3223 -1215.0000000000
3229 -1214.0000000000
3232 -1213.0000000000
3254 -1212.0000000000
3258 -1211.0000000000
3261 -1209.0000000000
3279 -1208.0000000000
3295 -1207.0000000000
3300 -1206.0000000000
3317 -1204.0000000000
3332 -1202.0000000000
3335 -1201.0000000000
3344 -1200.0000000000
3385 -1199.0000000000
3395 -1197.0000000000
3396 -1196.0000000000
3398 -1195.0000000000
3411 -1194.0000000000
3421 -1193.0000000000
3424 -1192.0000000000
3426 -1191.0000000000
3432 -1190.0000000000
3445 -1189.0000000000
3454 -1188.0000000000
3456 -1186.0000000000
3463 -1185.0000000000
3465 -1184.0000000000
3468 -1183.0000000000
3473 -1182.0000000000
3500 -1181.0000000000
3502 -1179.0000000000
3517 -1178.0000000000
3527 -1177.0000000000
3529 -1176.0000000000
3541 -1175.0000000000
3542 -1174.0000000000
3547 -1173.0000000000
3568 -1171.0000000000
3597 -1170.0000000000
3601 -1169.0000000000
3612 -1168.0000000000
3636 -1167.0000000000
3642 -1166.0000000000
3645 -1165.0000000000
3649 -1164.0000000000
3656 -1163.0000000000
3672 -1162.0000000000
3674 -1161.0000000000
3677 -1160.0000000000
3691 -1158.0000000000
3712 -1156.0000000000
3713 -1155.0000000000
3715 -1154.0000000000
3750 -1153.0000000000
3781 -1152.0000000000
3782 -1150.0000000000
3789 -1149.0000000000
3791 -1148.0000000000
3794 -1147.0000000000
3798 -1146.0000000000
3831 -1145.0000000000
3832 -1144.0000000000
3846 -1143.0000000000
3849 -1142.0000000000
3864 -1141.0000000000
3870 -1140.0000000000
3872 -1139.0000000000
3877 -1138.0000000000
3878 -1136.0000000000
3892 -1135.0000000000
3902 -1134.0000000000
3916 -1133.0000000000
3926 -1132.0000000000
3938 -1131.0000000000
3955 -1130.0000000000
3975 -1129.0000000000
3979 -1127.0000000000
3986 -1126.0000000000
3991 -1125.0000000000
3993 -1124.0000000000
4002 -1122.0000000000
4008 -1121.0000000000
4013 -1120.0000000000
4017 -1119.0000000000
4022 -1118.0000000000
4026 -1117.0000000000
4039 -1116.0000000000
4042 -1114.0000000000
4047 -1112.0000000000
4049 -1111.0000000000
4059 -1108.0000000000
4062 -1107.0000000000
4064 -1106.0000000000
4071 -1105.0000000000
4079 -1104.0000000000
4094 -1103.0000000000
4100 -1102.0000000000
4113 -1100.0000000000
4114 -1099.0000000000
4132 -1098.0000000000
4144 -1097.0000000000
4146 -1096.0000000000
4147 -1095.0000000000
4151 -1094.0000000000
4155 -1093.0000000000
4164 -1092.0000000000
4171 -1091.0000000000
4184 -1090.0000000000
4185 -1089.0000000000
4187 -1088.0000000000
4204 -1087.0000000000
4210 -1086.0000000000
4234 -1085.0000000000
4239 -1084.0000000000
4242 -1083.0000000000
4250 -1082.0000000000
4255 -1081.0000000000
4273 -1079.0000000000
4285 -1078.0000000000
4287 -1077.0000000000
4307 -1076.0000000000
4313 -1075.0000000000
4318 -1074.0000000000
4319 -1072.0000000000
4328 -1071.0000000000
4329 -1069.0000000000
4340 -1068.0000000000
4347 -1067.0000000000
4357 -1066.0000000000
4361 -1065.0000000000
4366 -1064.0000000000
4378 -1063.0000000000
4382 -1062.0000000000
4383 -1061.0000000000
4395 -1060.0000000000
4400 -1059.0000000000
4415 -1058.0000000000
4418 -1056.0000000000
4423 -1055.0000000000
4426 -1054.0000000000
4433 -1053.0000000000
4435 -1052.0000000000
4441 -1051.0000000000
4445 -1050.0000000000
4450 -1049.0000000000
4453 -1048.0000000000
4459 -1047.0000000000
4471 -1046.0000000000
4473 -1045.0000000000
4480 -1044.0000000000
4484 -1043.0000000000
4485 -1042.0000000000
4493 -1041.0000000000
4517 -1040.0000000000
4521 -1039.0000000000
4586 -1038.0000000000
4587 -1036.0000000000
4593 -1035.0000000000
4594 -1034.0000000000
4597 -1033.0000000000
4599 -1032.0000000000
4603 -1031.0000000000
4618 -1030.0000000000
4623 -1029.0000000000
4629 -1028.0000000000
4637 -1027.0000000000
4640 -1025.0000000000
4646 -1023.0000000000
4656 -1022.0000000000
4657 -1021.0000000000
4663 -1020.0000000000
4677 -1019.0000000000
4679 -1018.0000000000
4680 -1017.0000000000
4684 -1016.0000000000
4694 -1015.0000000000
4706 -1014.0000000000
4710 -1013.0000000000
4730 -1012.0000000000
4736 -1011.0000000000
4738 -1010.0000000000
4752 -1008.0000000000
4808 -1007.0000000000
4837 -1006.0000000000
4848 -1005.0000000000
4853 -1004.0000000000
4855 -1003.0000000000
4863 -1002.0000000000
4874 -1001.0000000000
4879 -1000.0000000000
4906 -999.0000000000
4936 -998.0000000000
4940 -997.0000000000
4942 -996.0000000000
4948 -995.0000000000
4966 -994.0000000000
4976 -993.0000000000
4978 -992.0000000000
4983 -991.0000000000
4985 -990.0000000000
4989 -989.0000000000
5012 -988.0000000000
5022 -987.0000000000
5025 -986.0000000000
5029 -984.0000000000
5036 -983.0000000000
5041 -982.0000000000
5042 -981.0000000000
5051 -980.0000000000
5058 -979.0000000000
5069 -978.0000000000
5082 -977.0000000000
5090 -975.0000000000
5096 -974.0000000000
5097 -973.0000000000
5100 -972.0000000000
5120 -970.0000000000
5121 -969.0000000000
5124 -968.0000000000
5132 -967.0000000000
5142 -966.0000000000
5152 -965.0000000000
5166 -964.0000000000
5177 -963.0000000000
5179 -961.0000000000
5190 -960.0000000000
5229 -959.0000000000
5240 -958.0000000000
5299 -957.0000000000
5324 -956.0000000000
5325 -955.0000000000
5327 -954.0000000000
5331 -953.0000000000
5332 -952.0000000000
5341 -950.0000000000
5344 -948.0000000000
5352 -946.0000000000
5359 -945.0000000000
5364 -944.0000000000
5367 -943.0000000000
5370 -942.0000000000
5376 -941.0000000000
5381 -940.0000000000
5387 -939.0000000000
5392 -938.0000000000
5403 -937.0000000000
5410 -935.0000000000
5418 -934.0000000000
5424 -932.0000000000
5427 -930.0000000000
5435 -929.0000000000
5441 -928.0000000000
5443 -927.0000000000
5450 -926.0000000000
5477 -924.0000000000
5478 -923.0000000000
5486 -922.0000000000
5501 -921.0000000000
5518 -920.0000000000
5534 -919.0000000000
5541 -918.0000000000
5545 -917.0000000000
5548 -916.0000000000
5552 -915.0000000000
5560 -914.0000000000
5574 -913.0000000000
5590 -912.0000000000
5594 -911.0000000000
5607 -910.0000000000
5650 -908.0000000000
5663 -907.0000000000
5670 -905.0000000000
5687 -904.0000000000
5690 -903.0000000000
5693 -902.0000000000
5695 -901.0000000000
5699 -900.0000000000
5715 -899.0000000000
5734 -898.0000000000
5750 -897.0000000000
5756 -895.0000000000
5800 -894.0000000000
5807 -893.0000000000
5862 -892.0000000000
5866 -891.0000000000
5870 -890.0000000000
5874 -889.0000000000
5875 -888.0000000000
5876 -887.0000000000
5881 -886.0000000000
5883 -885.0000000000
5885 -884.0000000000
5888 -883.0000000000
5899 -882.0000000000
5902 -881.0000000000
5903 -880.0000000000
5905 -879.0000000000
5908 -878.0000000000
5909 -877.0000000000
5929 -876.0000000000
5932 -875.0000000000
5933 -874.0000000000
5936 -873.0000000000
5946 -872.0000000000
5976 -871.0000000000
6014 -869.0000000000
6035 -868.0000000000
6038 -867.0000000000
6045 -865.0000000000
6048 -863.0000000000
6050 -862.0000000000
6062 -861.0000000000
6073 -860.0000000000
6089 -858.0000000000
6094 -857.0000000000
6096 -856.0000000000
6107 -855.0000000000
6110 -854.0000000000
6120 -853.0000000000
6127 -852.0000000000
6137 -851.0000000000
6139 -850.0000000000
6147 -849.0000000000
6170 -848.0000000000
6183 -847.0000000000
6195 -846.0000000000
6198 -845.0000000000
6202 -844.0000000000
6206 -843.0000000000
6212 -842.0000000000
6222 -841.0000000000
6266 -839.0000000000
6278 -838.0000000000
6281 -837.0000000000
6283 -836.0000000000
6296 -835.0000000000
6322 -834.0000000000
6341 -833.0000000000
6365 -832.0000000000
6368 -831.0000000000
6383 -830.0000000000
6384 -829.0000000000
6449 -828.0000000000
6464 -827.0000000000
6485 -826.0000000000
6508 -825.0000000000
6514 -824.0000000000
6518 -823.0000000000
6549 -822.0000000000
6569 -821.0000000000
6574 -820.0000000000
6576 -819.0000000000
6577 -818.0000000000
6586 -817.0000000000
6589 -816.0000000000
6592 -815.0000000000
6593 -814.0000000000
6599 -813.0000000000
6614 -812.0000000000
6642 -810.0000000000
6645 -809.0000000000
6647 -808.0000000000
6668 -807.0000000000
6675 -806.0000000000
6714 -805.0000000000
6722 -804.0000000000
6725 -803.0000000000
6735 -802.0000000000
6737 -801.0000000000
6750 -800.0000000000
6761 -799.0000000000
6767 -798.0000000000
6794 -797.0000000000
6803 -796.0000000000
6809 -795.0000000000
6829 -794.0000000000
6862 -793.0000000000
6866 -792.0000000000
6892 -791.0000000000
6897 -790.0000000000
6909 -789.0000000000
6910 -788.0000000000
6934 -786.0000000000
6948 -785.0000000000
6958 -784.0000000000
6971 -783.0000000000
6979 -782.0000000000
6980 -781.0000000000
7005 -780.0000000000
7007 -779.0000000000
7018 -778.0000000000
7023 -777.0000000000
7025 -776.0000000000
7035 -775.0000000000
7039 -773.0000000000
7073 -772.0000000000
7083 -771.0000000000
7122 -770.0000000000
7130 -769.0000000000
7135 -768.0000000000
7196 -767.0000000000
7213 -765.0000000000
7220 -764.0000000000
7245 -763.0000000000
7255 -762.0000000000
7263 -761.0000000000
7273 -760.0000000000
7275 -758.0000000000
7280 -757.0000000000
7316 -756.0000000000
7334 -755.0000000000
7339 -753.0000000000
7349 -752.0000000000
7353 -751.0000000000
7357 -750.0000000000
7384 -749.0000000000
7392 -748.0000000000
7398 -746.0000000000
7399 -745.0000000000
7413 -744.0000000000
7415 -743.0000000000
7416 -742.0000000000
7418 -741.0000000000
7433 -740.0000000000
7438 -738.0000000000
7448 -737.0000000000
7484 -736.0000000000
7485 -735.0000000000
7498 -734.0000000000
7513 -733.0000000000
7516 -731.0000000000
7518 -729.0000000000
7543 -728.0000000000
7553 -727.0000000000
7559 -726.0000000000
7584 -725.0000000000
7604 -724.0000000000
7645 -722.0000000000
7655 -721.0000000000
7657 -720.0000000000
7660 -719.0000000000
7664 -718.0000000000
7701 -717.0000000000
7708 -716.0000000000
7717 -715.0000000000
7739 -714.0000000000
7760 -713.0000000000
7763 -712.0000000000
7767 -711.0000000000
7770 -710.0000000000
7773 -709.0000000000
7780 -708.0000000000
7822 -706.0000000000
7828 -705.0000000000
7829 -704.0000000000
7842 -703.0000000000
7862 -702.0000000000
7864 -701.0000000000
7881 -700.0000000000
7896 -698.0000000000
7908 -697.0000000000
7913 -696.0000000000
7918 -695.0000000000
7919 -694.0000000000
7923 -693.0000000000
7935 -692.0000000000
7943 -691.0000000000
7981 -690.0000000000
7990 -689.0000000000
7998 -688.0000000000
8019 -687.0000000000
8029 -686.0000000000
8055 -685.0000000000
8072 -684.0000000000
8086 -683.0000000000
8092 -682.0000000000
8095 -681.0000000000
8165 -680.0000000000
8177 -679.0000000000
8180 -678.0000000000
8185 -677.0000000000
8191 -675.0000000000
8195 -674.0000000000
8204 -673.0000000000
8208 -672.0000000000
8219 -671.0000000000
8227 -670.0000000000
8229 -669.0000000000
8232 -668.0000000000
8267 -667.0000000000
8269 -666.0000000000
8274 -665.0000000000
8290 -664.0000000000
8301 -663.0000000000
8304 -662.0000000000
8310 -661.0000000000
8315 -660.0000000000
8342 -659.0000000000
8352 -658.0000000000
8367 -657.0000000000
8380 -656.0000000000
8390 -655.0000000000
8397 -654.0000000000
8416 -653.0000000000
8418 -652.0000000000
8422 -651.0000000000
8423 -650.0000000000
8441 -649.0000000000
8458 -648.0000000000
8480 -647.0000000000
8488 -646.0000000000
8499 -645.0000000000
8525 -644.0000000000
8533 -643.0000000000
8552 -642.0000000000
8565 -641.0000000000
8580 -640.0000000000
8584 -639.0000000000
8597 -638.0000000000
8659 -637.0000000000
8684 -636.0000000000
8689 -635.0000000000
8691 -634.0000000000
8695 -633.0000000000
8697 -632.0000000000
8699 -630.0000000000
8717 -629.0000000000
8726 -628.0000000000
8743 -627.0000000000
8771 -626.0000000000
8782 -625.0000000000
8790 -624.0000000000
8811 -623.0000000000
8823 -622.0000000000
8842 -621.0000000000
8849 -620.0000000000
8851 -619.0000000000
8856 -618.0000000000
8859 -617.0000000000
8877 -616.0000000000
8880 -615.0000000000
8887 -614.0000000000
8905 -613.0000000000
8920 -612.0000000000
8927 -610.0000000000
8947 -609.0000000000
8973 -608.0000000000
9008 -607.0000000000
9028 -606.0000000000
9059 -605.0000000000
9074 -604.0000000000
9092 -603.0000000000
9100 -602.0000000000
9110 -601.0000000000
9122 -600.0000000000
9131 -599.0000000000
9132 -598.0000000000
9142 -597.0000000000
9164 -596.0000000000
9168 -595.0000000000
9175 -593.0000000000
9184 -592.0000000000
9215 -591.0000000000
9246 -590.0000000000
9252 -589.0000000000
9289 -588.0000000000
9301 -586.0000000000
9306 -584.0000000000
9307 -583.0000000000
9390 -582.0000000000
9417 -581.0000000000
9421 -580.0000000000
9455 -579.0000000000
9475 -578.0000000000
9501 -577.0000000000
9504 -576.0000000000
9514 -575.0000000000
9523 -574.0000000000
9568 -573.0000000000
9593 -572.0000000000
9606 -571.0000000000
9612 -570.0000000000
9665 -569.0000000000
9677 -568.0000000000
9686 -566.0000000000
9698 -565.0000000000
9701 -564.0000000000
9731 -563.0000000000
9733 -562.0000000000
9738 -561.0000000000
9753 -560.0000000000
9754 -559.0000000000
9758 -558.0000000000
9766 -557.0000000000
9811 -556.0000000000
9837 -555.0000000000
9862 -554.0000000000
9898 -553.0000000000
9918 -551.0000000000
9919 -550.0000000000
9929 -549.0000000000
9951 -548.0000000000
9955 -547.0000000000
9959 -546.0000000000
9978 -545.0000000000
9985 -544.0000000000
9986 -543.0000000000
10000 -545.0000000000
evaluations raw_y
1 -1988.0000000000
4 -1987.0000000000
5 -1985.0000000000
6 -1984.0000000000
9 -1983.0000000000
11 -1982.0000000000
12 -1981.0000000000
21 -1980.0000000000
22 -1979.0000000000
41 -1978.0000000000
42 -1976.0000000000
44 -1974.0000000000
46 -1973.0000000000
47 -1972.0000000000
50 -1971.0000000000
52 -1970.0000000000
59 -1969.0000000000
69 -1968.0000000000
70 -1966.0000000000
71 -1965.0000000000
79 -1964.0000000000
84 -1963.0000000000
87 -1962.0000000000
88 -1961.0000000000
98 -1960.0000000000
100 -1958.0000000000
104 -1957.0000000000
105 -1956.0000000000
106 -1954.0000000000
107 -1952.0000000000
108 -1951.0000000000
109 -1948.0000000000
110 -1947.0000000000
111 -1946.0000000000
112 -1945.0000000000
114 -1944.0000000000
120 -1943.0000000000
128 -1942.0000000000
130 -1941.0000000000
133 -1940.0000000000
134 -1939.0000000000
137 -1938.0000000000
142 -1937.0000000000
148 -1935.0000000000
153 -1934.0000000000
155 -1933.0000000000
157 -1932.0000000000
161 -1931.0000000000
163 -1929.0000000000
167 -1928.0000000000
171 -1927.0000000000
174 -1925.0000000000
175 -1924.0000000000
180 -1922.0000000000
182 -1920.0000000000
184 -1919.0000000000
186 -1918.0000000000
187 -1917.0000000000
189 -1915.0000000000
197 -1914.0000000000
201 -1912.0000000000
208 -1910.0000000000
210 -1909.0000000000
214 -1908.0000000000
217 -1907.0000000000
218 -1906.0000000000
221 -1905.0000000000
225 -1904.0000000000
226 -1903.0000000000
227 -1900.0000000000
228 -1899.0000000000
229 -1898.0000000000
230 -1897.0000000000
232 -1896.0000000000
234 -1894.0000000000
238 -1893.0000000000
241 -1892.0000000000
242 -1891.0000000000
252 -1889.0000000000
254 -1888.0000000000
261 -1886.0000000000
262 -1885.0000000000
267 -1884.0000000000
270 -1883.0000000000
274 -1882.0000000000
280 -1881.0000000000
289 -1879.0000000000
292 -1878.0000000000
297 -1876.0000000000
299 -1874.0000000000
303 -1873.0000000000
305 -1872.0000000000
313 -1871.0000000000
321 -1870.0000000000
323 -1868.0000000000
326 -1867.0000000000
337 -1866.0000000000
341 -1865.0000000000
347 -1864.0000000000
349 -1863.0000000000
352 -1862.0000000000
363 -1861.0000000000
377 -1860.0000000000
379 -1859.0000000000
388 -1857.0000000000
397 -1855.0000000000
398 -1854.0000000000
402 -1853.0000000000
403 -1852.0000000000
404 -1850.0000000000
407 -1849.0000000000
410 -1848.0000000000
415 -1847.0000000000
418 -1845.0000000000
421 -1844.0000000000
428 -1843.0000000000
437 -1842.0000000000
439 -1841.0000000000
443 -1840.0000000000
456 -1839.0000000000
457 -1838.0000000000
468 -1836.0000000000
482 -1835.0000000000
485 -1834.0000000000
491 -1833.0000000000
493 -1832.0000000000
498 -1831.0000000000
500 -1830.0000000000
505 -1829.0000000000
509 -1828.0000000000
513 -1824.0000000000
516 -1823.0000000000
517 -1822.0000000000
527 -1820.0000000000
531 -1819.0000000000
535 -1818.0000000000
540 -1817.0000000000
541 -1816.0000000000
546 -1815.0000000000
548 -1814.0000000000
550 -1813.0000000000
552 -1811.0000000000
554 -1810.0000000000
559 -1808.0000000000
569 -1806.0000000000
577 -1805.0000000000
581 -1804.0000000000
587 -1803.0000000000
608 -1802.0000000000
614 -1801.0000000000
616 -1800.0000000000
618 -1799.0000000000
620 -1797.0000000000
623 -1796.0000000000
628 -1795.0000000000
629 -1793.0000000000
630 -1792.0000000000
632 -1791.0000000000
637 -1790.0000000000
641 -1788.0000000000
644 -1787.0000000000
645 -1786.0000000000
647 -1785.0000000000
657 -1784.0000000000
658 -1783.0000000000
663 -1782.0000000000
664 -1781.0000000000
670 -1780.0000000000
671 -1779.0000000000
676 -1778.0000000000
677 -1777.0000000000
678 -1776.0000000000
681 -1774.0000000000
687 -1773.0000000000
690 -1772.0000000000
691 -1771.0000000000
695 -1768.0000000000
697 -1767.0000000000
698 -1766.0000000000
700 -1764.0000000000
703 -1763.0000000000
706 -1762.0000000000
709 -1761.0000000000
713 -1760.0000000000
718 -1759.0000000000
720 -1757.0000000000
725 -1756.0000000000
729 -1754.0000000000
730 -1753.0000000000
735 -1751.0000000000
740 -1750.0000000000
743 -1747.0000000000
744 -1746.0000000000
745 -1745.0000000000
746 -1744.0000000000
747 -1743.0000000000
748 -1742.0000000000
755 -1741.0000000000
758 -1739.0000000000
771 -1737.0000000000
774 -1736.0000000000
779 -1735.0000000000
781 -1734.0000000000
782 -1733.0000000000
786 -1732.0000000000
798 -1731.0000000000
801 -1728.0000000000
804 -1725.0000000000
808 -1724.0000000000
809 -1722.0000000000
813 -1721.0000000000
820 -1720.0000000000
822 -1719.0000000000
825 -1716.0000000000
828 -1715.0000000000
830 -1714.0000000000
832 -1713.0000000000
835 -1712.0000000000
836 -1710.0000000000
838 -1709.0000000000
842 -1708.0000000000
844 -1707.0000000000
845 -1706.0000000000
848 -1705.0000000000
852 -1704.0000000000
864 -1703.0000000000
871 -1702.0000000000
877 -1701.0000000000
878 -1700.0000000000
880 -1699.0000000000
891 -1698.0000000000
896 -1697.0000000000
898 -1696.0000000000
903 -1695.0000000000
907 -1694.0000000000
915 -1693.0000000000
922 -1692.0000000000
927 -1691.0000000000
937 -1690.0000000000
945 -1689.0000000000
946 -1688.0000000000
963 -1687.0000000000
964 -1684.0000000000
965 -1683.0000000000
976 -1681.0000000000
977 -1680.0000000000
984 -1679.0000000000
989 -1677.0000000000
991 -1676.0000000000
992 -1675.0000000000
995 -1673.0000000000
996 -1672.0000000000
999 -1670.0000000000
1005 -1669.0000000000
1016 -1668.0000000000
1018 -1667.0000000000
1026 -1666.0000000000
1030 -1664.0000000000
1041 -1663.0000000000
1042 -1662.0000000000
1053 -1661.0000000000
1055 -1660.0000000000
1056 -1659.0000000000
1060 -1658.0000000000
1071 -1657.0000000000
1072 -1656.0000000000
1075 -1655.0000000000
1076 -1651.0000000000
1079 -1650.0000000000
1099 -1649.0000000000
1103 -1647.0000000000
1104 -1646.0000000000
1105 -1643.0000000000
1115 -1642.0000000000
1120 -1641.0000000000
1129 -1640.0000000000
1130 -1639.0000000000
1137 -1638.0000000000
1138 -1637.0000000000
1139 -1635.0000000000
1148 -1634.0000000000
1149 -1633.0000000000
1151 -1631.0000000000
1153 -1630.0000000000
1158 -1629.0000000000
1164 -1628.0000000000
1165 -1627.0000000000
1170 -1625.0000000000
1171 -1623.0000000000
1175 -1622.0000000000
1181 -1621.0000000000
1182 -1620.0000000000
1185 -1619.0000000000
1190 -1618.0000000000
1193 -1616.0000000000
1194 -1615.0000000000
1198 -1614.0000000000
1199 -1612.0000000000
1201 -1610.0000000000
1203 -1609.0000000000
1205 -1608.0000000000
1206 -1605.0000000000
1217 -1603.0000000000
1223 -1602.0000000000
1228 -1601.0000000000
1231 -1600.0000000000
1239 -1599.0000000000
1244 -1598.0000000000
1247 -1597.0000000000
1250 -1596.0000000000
1251 -1595.0000000000
1259 -1592.0000000000
1260 -1591.0000000000
1264 -1590.0000000000
1269 -1589.0000000000
1270 -1588.0000000000
1280 -1587.0000000000
1295 -1585.0000000000
1298 -1584.0000000000
1316 -1583.0000000000
1327 -1582.0000000000
1329 -1581.0000000000
1333 -1580.0000000000
1336 -1578.0000000000
1339 -1576.0000000000
1343 -1575.0000000000
1344 -1574.0000000000
1345 -1573.0000000000
1349 -1572.0000000000
1352 -1570.0000000000
1363 -1569.0000000000
1386 -1568.0000000000
1401 -1567.0000000000
1402 -1566.0000000000
1405 -1564.0000000000
1408 -1563.0000000000
1418 -1560.0000000000
1427 -1559.0000000000
1430 -1558.0000000000
1432 -1557.0000000000
1436 -1555.0000000000
1437 -1554.0000000000
1439 -1553.0000000000
1445 -1552.0000000000
1450 -1551.0000000000
1454 -1550.0000000000
1466 -1549.0000000000
1468 -1546.0000000000
1469 -1545.0000000000
1470 -1544.0000000000
1484 -1543.0000000000
1489 -1541.0000000000
1493 -1540.0000000000
1496 -1539.0000000000
1497 -1538.0000000000
1499 -1537.0000000000
1502 -1536.0000000000
1508 -1535.0000000000
1509 -1532.0000000000
1519 -1531.0000000000
1524 -1530.0000000000
1537 -1528.0000000000
1541 -1527.0000000000
1545 -1526.0000000000
1549 -1523.0000000000
1554 -1522.0000000000
1556 -1521.0000000000
1558 -1520.0000000000
1563 -1519.0000000000
1564 -1518.0000000000
1567 -1517.0000000000
1570 -1516.0000000000
1573 -1514.0000000000
1586 -1513.0000000000
1593 -1512.0000000000
1597 -1511.0000000000
1603 -1510.0000000000
1604 -1508.0000000000
1608 -1505.0000000000
1612 -1504.0000000000
1620 -1502.0000000000
1626 -1500.0000000000
1639 -1499.0000000000
1647 -1498.0000000000
1650 -1497.0000000000
1653 -1496.0000000000
1655 -1495.0000000000
1659 -1494.0000000000
1683 -1493.0000000000
1687 -1492.0000000000
1689 -1490.0000000000
1691 -1489.0000000000
1692 -1488.0000000000
1694 -1487.0000000000
1701 -1486.0000000000
1711 -1485.0000000000
1723 -1483.0000000000
1726 -1480.0000000000
1739 -1479.0000000000
1741 -1478.0000000000
1752 -1477.0000000000
1762 -1475.0000000000
1770 -1474.0000000000
1771 -1473.0000000000
1776 -1472.0000000000
1793 -1471.0000000000
1801 -1469.0000000000
1809 -1468.0000000000
1816 -1467.0000000000
1818 -1466.0000000000
1831 -1465.0000000000
1845 -1464.0000000000
1853 -1463.0000000000
1855 -1462.0000000000
1857 -1461.0000000000
1862 -1460.0000000000
1867 -1459.0000000000
1872 -1458.0000000000
1885 -1457.0000000000
1887 -1456.0000000000
1888 -1455.0000000000
1896 -1454.0000000000
1903 -1453.0000000000
1904 -1452.0000000000
1907 -1450.0000000000
1909 -1449.0000000000
1913 -1447.0000000000
1924 -1446.0000000000
1940 -1445.0000000000
1951 -1444.0000000000
1952 -1442.0000000000
1958 -1441.0000000000
1971 -1439.0000000000
1978 -1438.0000000000
1980 -1437.0000000000
1983 -1436.0000000000
2001 -1435.0000000000
2003 -1434.0000000000
2009 -1433.0000000000
2010 -1432.0000000000
2011 -1431.0000000000
2017 -1429.0000000000
2022 -1428.0000000000
2025 -1426.0000000000
2043 -1425.0000000000
2047 -1423.0000000000
2050 -1422.0000000000
2053 -1421.0000000000
2054 -1420.0000000000
2055 -1418.0000000000
2074 -1417.0000000000
2075 -1416.0000000000
2076 -1415.0000000000
2080 -1414.0000000000
2084 -1413.0000000000
2089 -1412.0000000000
2090 -1411.0000000000
2095 -1410.0000000000
2098 -1409.0000000000
2103 -1408.0000000000
2109 -1407.0000000000
2115 -1405.0000000000
2125 -1403.0000000000
2127 -1402.0000000000
2135 -1401.0000000000
2137 -1400.0000000000
2138 -1399.0000000000
2144 -1398.0000000000
2146 -1397.0000000000
2149 -1396.0000000000
2152 -1395.0000000000
2154 -1394.0000000000
2161 -1393.0000000000
2168 -1392.0000000000
2175 -1391.0000000000
2184 -1390.0000000000
2185 -1389.0000000000
2189 -1388.0000000000
2192 -1386.0000000000
2216 -1385.0000000000
2217 -1384.0000000000
2228 -1383.0000000000
2230 -1382.0000000000
2232 -1381.0000000000
2233 -1379.0000000000
2234 -1375.0000000000
2241 -1374.0000000000
2242 -1373.0000000000
2248 -1372.0000000000
2251 -1370.0000000000
2254 -1369.0000000000
2256 -1368.0000000000
2267 -1367.0000000000
2271 -1366.0000000000
2274 -1365.0000000000
2278 -1364.0000000000
2280 -1363.0000000000
2283 -1362.0000000000
2295 -1361.0000000000
2299 -1360.0000000000
2311 -1359.0000000000
2334 -1358.0000000000
2339 -1357.0000000000
2348 -1356.0000000000
2355 -1355.0000000000
2361 -1353.0000000000
2363 -1352.0000000000
2366 -1351.0000000000
2392 -1350.0000000000
2399 -1349.0000000000
2404 -1348.0000000000
2407 -1347.0000000000
2414 -1346.0000000000
2417 -1344.0000000000
2422 -1342.0000000000
2425 -1341.0000000000
2429 -1339.0000000000
2435 -1338.0000000000
2438 -1337.0000000000
2442 -1336.0000000000
2444 -1335.0000000000
2455 -1334.0000000000
2459 -1333.0000000000
2462 -1332.0000000000
2467 -1331.0000000000
2470 -1330.0000000000
2476 -1329.0000000000
2486 -1328.0000000000
2491 -1327.0000000000
2512 -1326.0000000000
2519 -1325.0000000000
2534 -1323.0000000000
2539 -1322.0000000000
2548 -1320.0000000000
2551 -1319.0000000000
2559 -1318.0000000000
2562 -1316.0000000000
2566 -1314.0000000000
2570 -1313.0000000000
2574 -1311.0000000000
2582 -1310.0000000000
2601 -1309.0000000000
2603 -1308.0000000000
2604 -1307.0000000000
2606 -1306.0000000000
2608 -1304.0000000000
2618 -1303.0000000000
2619 -1302.0000000000
2626 -1301.0000000000
2633 -1300.0000000000
2635 -1299.0000000000
2639 -1298.0000000000
2642 -1297.0000000000
2656 -1296.0000000000
2657 -1294.0000000000
2660 -1293.0000000000
2667 -1292.0000000000
2677 -1290.0000000000
2679 -1289.0000000000
2702 -1287.0000000000
2708 -1286.0000000000
2710 -1285.0000000000
2712 -1283.0000000000
2722 -1282.0000000000
2723 -1281.0000000000
2736 -1280.0000000000
2746 -1279.0000000000
2759 -1277.0000000000
2764 -1276.0000000000
2766 -1275.0000000000
2783 -1273.0000000000
2787 -1272.0000000000
2799 -1271.0000000000
2807 -1270.0000000000
2815 -1269.0000000000
2820 -1268.0000000000
2834 -1266.0000000000
2850 -1265.0000000000
2857 -1264.0000000000
2859 -1263.0000000000
2877 -1262.0000000000
2887 -1261.0000000000
2897 -1260.0000000000
2907 -1259.0000000000
2913 -1258.0000000000
2920 -1257.0000000000
2926 -1256.0000000000
2936 -1254.0000000000
2939 -1253.0000000000
2941 -1252.0000000000
2945 -1251.0000000000
2946 -1250.0000000000
2959 -1249.0000000000
2966 -1248.0000000000
2975 -1247.0000000000
2980 -1246.0000000000
2989 -1245.0000000000
2994 -1244.0000000000
2996 -1242.0000000000
3001 -1241.0000000000
3002 -1239.0000000000
3009 -1238.0000000000
3010 -1237.0000000000
3018 -1236.0000000000
3022 -1235.0000000000
3023 -1234.0000000000
3034 -1233.0000000000
3044 -1232.0000000000
3063 -1231.0000000000
3066 -1230.0000000000
3069 -1229.0000000000
3074 -1228.0000000000
3083 -1227.0000000000
3084 -1226.0000000000
3094 -1225.0000000000
3096 -1224.0000000000
3101 -1223.0000000000
3106 -1222.0000000000
3111 -1221.0000000000
3118 -1220.0000000000
3120 -1219.0000000000
3121 -1218.0000000000
3122 -1216.0000000000
3128 -1215.0000000000
3130 -1214.0000000000
3134 -1213.0000000000
3138 -1212.0000000000
3139 -1210.0000000000
3149 -1209.0000000000
3151 -1207.0000000000
3157 -1206.0000000000
3166 -1205.0000000000
3175 -1204.0000000000
3181 -1203.0000000000
3183 -1200.0000000000
3190 -1199.0000000000
3197 -1197.0000000000
3198 -1196.0000000000
3204 -1195.0000000000
3207 -1193.0000000000
3210 -1191.0000000000
3216 -1189.0000000000
3218 -1188.0000000000
3220 -1187.0000000000
3223 -1186.0000000000
3230 -1185.0000000000
3237 -1184.0000000000
3245 -1183.0000000000
3249 -1182.0000000000
3256 -1181.0000000000
3257 -1180.0000000000
3258 -1179.0000000000
3262 -1178.0000000000
3271 -1177.0000000000
3286 -1176.0000000000
3287 -1174.0000000000
3293 -1173.0000000000
3298 -1172.0000000000
3327 -1170.0000000000
3328 -1169.0000000000
3336 -1168.0000000000
3380 -1167.0000000000
3383 -1166.0000000000
3385 -1165.0000000000
3392 -1164.0000000000
3448 -1163.0000000000
3450 -1162.0000000000
3455 -1160.0000000000
3459 -1159.0000000000
3480 -1158.0000000000
3484 -1157.0000000000
3491 -1156.0000000000
3503 -1155.0000000000
3506 -1154.0000000000
3510 -1153.0000000000
3513 -1152.0000000000
3516 -1151.0000000000
3517 -1150.0000000000
3520 -1149.0000000000
3528 -1148.0000000000
3530 -1147.0000000000
3531 -1146.0000000000
3533 -1145.0000000000
3539 -1144.0000000000
3543 -1143.0000000000
3551 -1141.0000000000
3553 -1140.0000000000
3558 -1139.0000000000
3568 -1138.0000000000
3571 -1137.0000000000
3573 -1136.0000000000
3584 -1134.0000000000
3587 -1133.0000000000
3604 -1132.0000000000
3632 -1131.0000000000
3643 -1130.0000000000
3647 -1128.0000000000
3649 -1127.0000000000
3655 -1126.0000000000
3658 -1125.0000000000
3668 -1124.0000000000
3673 -1123.0000000000
3675 -1121.0000000000
3687 -1120.0000000000
3693 -1119.0000000000
3701 -1118.0000000000
3711 -1117.0000000000
3722 -1115.0000000000
3723 -1114.0000000000
3725 -1113.0000000000
3726 -1112.0000000000
3734 -1111.0000000000
3744 -1110.0000000000
3746 -1109.0000000000
3758 -1107.0000000000
3767 -1106.0000000000
3778 -1105.0000000000
3780 -1104.0000000000
3793 -1103.0000000000
3794 -1102.0000000000
3796 -1101.0000000000
3797 -1100.0000000000
3798 -1098.0000000000
3809 -1097.0000000000
3825 -1096.0000000000
3829 -1095.0000000000
3831 -1094.0000000000
3834 -1093.0000000000
3854 -1091.0000000000
3869 -1090.0000000000
3904 -1089.0000000000
3907 -1088.0000000000
3911 -1087.0000000000
3923 -1086.0000000000
3926 -1085.0000000000
3931 -1084.0000000000
3936 -1082.0000000000
3943 -1081.0000000000
3954 -1080.0000000000
3961 -1079.0000000000
3978 -1077.0000000000
4001 -1076.0000000000
4015 -1075.0000000000
4016 -1074.0000000000
4025 -1073.0000000000
4033 -1072.0000000000
4046 -1071.0000000000
4048 -1070.0000000000
4050 -1069.0000000000
4051 -1068.0000000000
4105 -1067.0000000000
4114 -1066.0000000000
4117 -1065.0000000000
4128 -1064.0000000000
4143 -1063.0000000000
4147 -1062.0000000000
4167 -1060.0000000000
4172 -1059.0000000000
4175 -1058.0000000000
4178 -1056.0000000000
4200 -1055.0000000000
4208 -1054.0000000000
4235 -1053.0000000000
4242 -1052.0000000000
4259 -1049.0000000000
4279 -1046.0000000000
4282 -1045.0000000000
4291 -1044.0000000000
4314 -1043.0000000000
4322 -1042.0000000000
4332 -1041.0000000000
4334 -1040.0000000000
4363 -1039.0000000000
4371 -1038.0000000000
4376 -1037.0000000000
4380 -1036.0000000000
4383 -1035.0000000000
4388 -1034.0000000000
4389 -1033.0000000000
4398 -1032.0000000000
4400 -1031.0000000000
4402 -1030.0000000000
4407 -1029.0000000000
4408 -1028.0000000000
4417 -1027.0000000000
4418 -1026.0000000000
4419 -1025.0000000000
4433 -1024.0000000000
4435 -1023.0000000000
4438 -1021.0000000000
4444 -1020.0000000000
4448 -1019.0000000000
4452 -1018.0000000000
4455 -1017.0000000000
4473 -1016.0000000000
4479 -1015.0000000000
4480 -1014.0000000000
4490 -1013.0000000000
4504 -1012.0000000000
4509 -1011.0000000000
4513 -1009.0000000000
4517 -1008.0000000000
4561 -1007.0000000000
4579 -1005.0000000000
4587 -1004.0000000000
4589 -1003.0000000000
4631 -1002.0000000000
4645 -1001.0000000000
4648 -1000.0000000000
4664 -999.0000000000
4669 -998.0000000000
4698 -997.0000000000
4701 -996.0000000000
4705 -995.0000000000
4706 -994.0000000000
4719 -993.0000000000
4721 -992.0000000000
4723 -991.0000000000
4726 -990.0000000000
4729 -989.0000000000
4730 -988.0000000000
4737 -987.0000000000
4741 -986.0000000000
4743 -985.0000000000
4752 -984.0000000000
4760 -983.0000000000
4761 -982.0000000000
4763 -981.0000000000
4774 -980.0000000000
4782 -979.0000000000
4790 -978.0000000000
4792 -977.0000000000
4793 -976.0000000000
4797 -974.0000000000
4803 -973.0000000000
4866 -972.0000000000
4896 -971.0000000000
4898 -970.0000000000
4914 -969.0000000000
4940 -968.0000000000
4944 -966.0000000000
4962 -965.0000000000
4982 -964.0000000000
4984 -962.0000000000
4986 -961.0000000000
4989 -960.0000000000
5014 -957.0000000000
5028 -956.0000000000
5034 -955.0000000000
5040 -954.0000000000
5052 -953.0000000000
5056 -952.0000000000
5059 -951.0000000000
5079 -949.0000000000
5083 -948.0000000000
5099 -947.0000000000
5102 -945.0000000000
5114 -944.0000000000
5120 -943.0000000000
5132 -942.0000000000
5141 -941.0000000000
5146 -940.0000000000
5152 -939.0000000000
5157 -937.0000000000
5164 -936.0000000000
5168 -935.0000000000
5196 -933.0000000000
5197 -932.0000000000
5220 -931.0000000000
5221 -930.0000000000
5222 -929.0000000000
5233 -928.0000000000
5245 -926.0000000000
5248 -925.0000000000
5280 -924.0000000000
5308 -923.0000000000
5309 -922.0000000000
5313 -921.0000000000
5330 -918.0000000000
5335 -917.0000000000
5338 -916.0000000000
5351 -915.0000000000
5360 -914.0000000000
5362 -913.0000000000
5365 -912.0000000000
5376 -911.0000000000
5381 -910.0000000000
5387 -909.0000000000
5391 -908.0000000000
5400 -907.0000000000
5401 -906.0000000000
5403 -905.0000000000
5405 -904.0000000000
5406 -903.0000000000
5421 -902.0000000000
5425 -901.0000000000
5431 -900.0000000000
5452 -899.0000000000
5454 -898.0000000000
5473 -897.0000000000
5481 -895.0000000000
5493 -894.0000000000
5499 -893.0000000000
5503 -892.0000000000
5508 -891.0000000000
5510 -890.0000000000
5515 -889.0000000000
5523 -888.0000000000
5530 -887.0000000000
5532 -886.0000000000
5541 -885.0000000000
5544 -884.0000000000
5549 -883.0000000000
5561 -882.0000000000
5563 -881.0000000000
5569 -880.0000000000
5570 -879.0000000000
5571 -878.0000000000
5577 -877.0000000000
5589 -876.0000000000
5605 -875.0000000000
5609 -874.0000000000
5627 -872.0000000000
5654 -871.0000000000
5659 -870.0000000000
5671 -869.0000000000
5688 -868.0000000000
5689 -867.0000000000
5700 -865.0000000000
5703 -864.0000000000
5704 -863.0000000000
5713 -862.0000000000
5722 -861.0000000000
5731 -860.0000000000
5742 -859.0000000000
5746 -858.0000000000
5754 -857.0000000000
5763 -856.0000000000
5766 -855.0000000000
5784 -854.0000000000
5792 -853.0000000000
5795 -852.0000000000
5806 -851.0000000000
5809 -850.0000000000
5824 -847.0000000000
5827 -846.0000000000
5832 -845.0000000000
5834 -844.0000000000
5841 -842.0000000000
5855 -841.0000000000
5862 -840.0000000000
5872 -839.0000000000
5875 -838.0000000000
5879 -837.0000000000
5883 -836.0000000000
5885 -835.0000000000
5905 -834.0000000000
5911 -833.0000000000
5914 -832.0000000000
5930 -831.0000000000
5932 -830.0000000000
5939 -829.0000000000
5957 -828.0000000000
5974 -827.0000000000
5978 -826.0000000000
5981 -825.0000000000
5984 -824.0000000000
6000 -823.0000000000
6006 -822.0000000000
6022 -821.0000000000
6039 -820.0000000000
6040 -819.0000000000
6053 -818.0000000000
6077 -817.0000000000
6087 -816.0000000000
6098 -815.0000000000
6111 -814.0000000000
6121 -813.0000000000
6151 -812.0000000000
6153 -811.0000000000
6166 -810.0000000000
6170 -809.0000000000
6194 -808.0000000000
6198 -807.0000000000
6202 -806.0000000000
6209 -805.0000000000
6238 -804.0000000000
6255 -803.0000000000
6262 -802.0000000000
6266 -801.0000000000
6271 -800.0000000000
6281 -799.0000000000
6283 -798.0000000000
6286 -797.0000000000
6300 -796.0000000000
6310 -795.0000000000
6329 -794.0000000000
6331 -793.0000000000
6352 -791.0000000000
6380 -790.0000000000
6398 -788.0000000000
6452 -787.0000000000
6457 -786.0000000000
6458 -785.0000000000
6471 -784.0000000000
6515 -782.0000000000
6519 -781.0000000000
6541 -780.0000000000
6591 -779.0000000000
6609 -778.0000000000
6617 -777.0000000000
6650 -776.0000000000
6670 -775.0000000000
6676 -774.0000000000
6680 -773.0000000000
6690 -772.0000000000
6701 -771.0000000000
6717 -770.0000000000
6726 -769.0000000000
6747 -768.0000000000
6756 -767.0000000000
6760 -766.0000000000
6763 -765.0000000000
6769 -764.0000000000
6770 -763.0000000000
6787 -762.0000000000
6829 -761.0000000000
6832 -760.0000000000
6836 -759.0000000000
6843 -758.0000000000
6871 -757.0000000000
6883 -756.0000000000
6900 -755.0000000000
6909 -754.0000000000
6917 -753.0000000000
6925 -752.0000000000
6954 -751.0000000000
6974 -750.0000000000
6982 -749.0000000000
6989 -748.0000000000
7006 -747.0000000000
7007 -746.0000000000
7018 -745.0000000000
7028 -744.0000000000
7074 -743.0000000000
7078 -742.0000000000
7109 -741.0000000000
7112 -740.0000000000
7115 -739.0000000000
7118 -737.0000000000
7130 -736.0000000000
7156 -735.0000000000
7195 -734.0000000000
7203 -733.0000000000
7208 -732.0000000000
7219 -731.0000000000
7241 -730.0000000000
7255 -729.0000000000
7277 -728.0000000000
7278 -727.0000000000
7290 -725.0000000000
7291 -724.0000000000
7333 -723.0000000000
7345 -722.0000000000
7355 -721.0000000000
7370 -720.0000000000
7409 -719.0000000000
7410 -718.0000000000
7454 -717.0000000000
7455 -716.0000000000
7457 -715.0000000000
7463 -714.0000000000
7479 -713.0000000000
7480 -710.0000000000
7506 -709.0000000000
7527 -708.0000000000
7540 -707.0000000000
7548 -706.0000000000
7556 -705.0000000000
7561 -704.0000000000
7576 -703.0000000000
7630 -702.0000000000
7647 -701.0000000000
7664 -700.0000000000
7688 -698.0000000000
7790 -697.0000000000
7794 -696.0000000000
7796 -695.0000000000
7809 -694.0000000000
7811 -692.0000000000
7812 -691.0000000000
7815 -690.0000000000
7824 -689.0000000000
7829 -688.0000000000
7854 -687.0000000000
7898 -686.0000000000
7913 -685.0000000000
7983 -684.0000000000
8004 -683.0000000000
8014 -682.0000000000
8015 -681.0000000000
8027 -680.0000000000
8047 -679.0000000000
8081 -678.0000000000
8096 -677.0000000000
8110 -676.0000000000
8126 -675.0000000000
8141 -674.0000000000
8146 -673.0000000000
8157 -672.0000000000
8162 -671.0000000000
8172 -669.0000000000
8176 -668.0000000000
8187 -665.0000000000
8194 -664.0000000000
8212 -663.0000000000
8219 -661.0000000000
8228 -660.0000000000
8234 -659.0000000000
8246 -658.0000000000
8260 -657.0000000000
8286 -656.0000000000
8287 -655.0000000000
8309 -654.0000000000
8335 -653.0000000000
8336 -652.0000000000
8341 -651.0000000000
8355 -650.0000000000
8357 -649.0000000000
8375 -648.0000000000
8377 -647.0000000000
8386 -646.0000000000
8393 -645.0000000000
8412 -644.0000000000
8414 -643.0000000000
8418 -642.0000000000
8445 -641.0000000000
8450 -640.0000000000
8466 -639.0000000000
8471 -637.0000000000
8482 -635.0000000000
8483 -634.0000000000
8484 -633.0000000000
8488 -632.0000000000
8525 -631.0000000000
8529 -630.0000000000
8536 -629.0000000000
8565 -628.0000000000
8571 -627.0000000000
8602 -626.0000000000
8627 -624.0000000000
8633 -623.0000000000
8699 -622.0000000000
8702 -621.0000000000
8703 -620.0000000000
8714 -619.0000000000
8722 -618.0000000000
8724 -617.0000000000
8734 -616.0000000000
8736 -615.0000000000
8762 -614.0000000000
8764 -612.0000000000
8781 -611.0000000000
8793 -610.0000000000
8801 -608.0000000000
8804 -607.0000000000
8820 -606.0000000000
8833 -605.0000000000
8850 -603.0000000000
8853 -602.0000000000
8879 -601.0000000000
8882 -600.0000000000
8893 -598.0000000000
8912 -597.0000000000
8923 -596.0000000000
8927 -595.0000000000
8928 -594.0000000000
8936 -593.0000000000
8953 -592.0000000000
8965 -591.0000000000
8978 -590.0000000000
9013 -589.0000000000
9018 -588.0000000000
9024 -587.0000000000
9060 -586.0000000000
9117 -585.0000000000
9134 -584.0000000000
9158 -583.0000000000
9161 -582.0000000000
9211 -581.0000000000
9224 -580.0000000000
9231 -579.0000000000
9252 -578.0000000000
9270 -577.0000000000
9287 -576.0000000000
9290 -574.0000000000
9304 -573.0000000000
9332 -572.0000000000
9366 -571.0000000000
9380 -570.0000000000
9383 -568.0000000000
9506 -567.0000000000
9510 -566.0000000000
9517 -565.0000000000
9538 -564.0000000000
9544 -563.0000000000
9552 -562.0000000000
9612 -560.0000000000
9629 -559.0000000000
9673 -558.0000000000
9700 -557.0000000000
9729 -556.0000000000
9731 -555.0000000000
9777 -554.0000000000
9812 -553.0000000000
9872 -552.0000000000
9880 -551.0000000000
9903 -550.0000000000
9911 -549.0000000000
9945 -548.0000000000
9948 -547.0000000000
9971 -546.0000000000
9983 -545.0000000000
10000 -545.0000000000
evaluations raw_y
1 -2054.0000000000
4 -2052.0000000000
8 -2051.0000000000
9 -2050.0000000000
11 -2047.0000000000
13 -2046.0000000000
15 -2045.0000000000
16 -2044.0000000000
19 -2043.0000000000
23 -2042.0000000000
24 -2041.0000000000
29 -2040.0000000000
31 -2039.0000000000
34 -2038.0000000000
40 -2037.0000000000
41 -2036.0000000000
46 -2035.0000000000
49 -2032.0000000000
54 -2031.0000000000
59 -2030.0000000000
65 -2029.0000000000
67 -2028.0000000000
70 -2027.0000000000
71 -2026.0000000000
72 -2025.0000000000
73 -2024.0000000000
75 -2023.0000000000
88 -2022.0000000000
93 -2021.0000000000
99 -2020.0000000000
100 -2019.0000000000
105 -2018.0000000000
107 -2017.0000000000
108 -2016.0000000000
116 -2015.0000000000
123 -2013.0000000000
128 -2008.0000000000
129 -2007.0000000000
130 -2006.0000000000
133 -2005.0000000000
138 -2004.0000000000
148 -2003.0000000000
150 -2002.0000000000
155 -2001.0000000000
158 -1998.0000000000
165 -1997.0000000000
166 -1996.0000000000
172 -1995.0000000000
180 -1994.0000000000
182 -1993.0000000000
183 -1991.0000000000
184 -1990.0000000000
185 -1989.0000000000
189 -1988.0000000000
190 -1987.0000000000
194 -1986.0000000000
196 -1985.0000000000
197 -1984.0000000000
201 -1983.0000000000
202 -1982.0000000000
204 -1981.0000000000
205 -1980.0000000000
207 -1979.0000000000
208 -1978.0000000000
210 -1977.0000000000
216 -1976.0000000000
226 -1975.0000000000
227 -1974.0000000000
228 -1973.0000000000
233 -1971.0000000000
240 -1970.0000000000
251 -1969.0000000000
258 -1967.0000000000
259 -1966.0000000000
264 -1965.0000000000
265 -1964.0000000000
266 -1962.0000000000
269 -1961.0000000000
270 -1960.0000000000
272 -1959.0000000000
274 -1958.0000000000
279 -1957.0000000000
281 -1954.0000000000
285 -1953.0000000000
286 -1952.0000000000
289 -1951.0000000000
297 -1950.0000000000
301 -1949.0000000000
302 -1948.0000000000
309 -1946.0000000000
314 -1945.0000000000
315 -1944.0000000000
316 -1943.0000000000
319 -1941.0000000000
323 -1940.0000000000
324 -1938.0000000000
327 -1937.0000000000
328 -1936.0000000000
329 -1935.0000000000
344 -1934.0000000000
346 -1933.0000000000
349 -1930.0000000000
355 -1929.0000000000
361 -1928.0000000000
373 -1927.0000000000
376 -1926.0000000000
383 -1924.0000000000
384 -1923.0000000000
389 -1922.0000000000
393 -1921.0000000000
395 -1920.0000000000
396 -1919.0000000000
398 -1918.0000000000
402 -1917.0000000000
405 -1916.0000000000
406 -1915.0000000000
434 -1914.0000000000
439 -1913.0000000000
455 -1912.0000000000
457 -1911.0000000000
471 -1909.0000000000
472 -1908.0000000000
476 -1907.0000000000
481 -1906.0000000000
486 -1905.0000000000
492 -1904.0000000000
497 -1903.0000000000
498 -1902.0000000000
502 -1901.0000000000
503 -1900.0000000000
504 -1899.0000000000
505 -1898.0000000000
506 -1897.0000000000
512 -1896.0000000000
527 -1895.0000000000
542 -1894.0000000000
543 -1892.0000000000
545 -1891.0000000000
549 -1890.0000000000
550 -1889.0000000000
554 -1888.0000000000
556 -1887.0000000000
557 -1886.0000000000
558 -1885.0000000000
562 -1884.0000000000
570 -1882.0000000000
571 -1880.0000000000
574 -1879.0000000000
578 -1877.0000000000
580 -1876.0000000000
589 -1875.0000000000
593 -1874.0000000000
595 -1873.0000000000
599 -1872.0000000000
603 -1871.0000000000
608 -1870.0000000000
613 -1869.0000000000
616 -1868.0000000000
619 -1867.0000000000
620 -1865.0000000000
627 -1864.0000000000
639 -1862.0000000000
648 -1860.0000000000
654 -1858.0000000000
656 -1857.0000000000
661 -1855.0000000000
662 -1854.0000000000
663 -1853.0000000000
664 -1852.0000000000
670 -1851.0000000000
675 -1849.0000000000
678 -1848.0000000000
684 -1847.0000000000
692 -1846.0000000000
698 -1845.0000000000
700 -1844.0000000000
701 -1843.0000000000
703 -1842.0000000000
709 -1841.0000000000
710 -1840.0000000000
713 -1839.0000000000
720 -1838.0000000000
722 -1837.0000000000
724 -1835.0000000000
729 -1834.0000000000
737 -1832.0000000000
740 -1831.0000000000
741 -1829.0000000000
752 -1827.0000000000
756 -1825.0000000000
759 -1824.0000000000
762 -1823.0000000000
765 -1822.0000000000
767 -1821.0000000000
777 -1820.0000000000
778 -1819.0000000000
779 -1817.0000000000
789 -1816.0000000000
790 -1815.0000000000
792 -1814.0000000000
795 -1813.0000000000
796 -1812.0000000000
798 -1811.0000000000
802 -1810.0000000000
803 -1809.0000000000
805 -1808.0000000000
810 -1807.0000000000
811 -1806.0000000000
817 -1805.0000000000
827 -1804.0000000000
828 -1803.0000000000
848 -1802.0000000000
851 -1800.0000000000
853 -1799.0000000000
856 -1798.0000000000
861 -1796.0000000000
871 -1793.0000000000
887 -1792.0000000000
895 -1791.0000000000
896 -1790.0000000000
906 -1789.0000000000
909 -1788.0000000000
910 -1785.0000000000
911 -1784.0000000000
918 -1783.0000000000
922 -1782.0000000000
926 -1781.0000000000
930 -1780.0000000000
933 -1778.0000000000
936 -1777.0000000000
940 -1776.0000000000
961 -1775.0000000000
972 -1773.0000000000
979 -1772.0000000000
982 -1771.0000000000
983 -1770.0000000000
984 -1769.0000000000
986 -1768.0000000000
992 -1767.0000000000
995 -1766.0000000000
1002 -1765.0000000000
1004 -1764.0000000000
1010 -1763.0000000000
1020 -1762.0000000000
1025 -1761.0000000000
1026 -1760.0000000000
1036 -1759.0000000000
1040 -1756.0000000000
1047 -1755.0000000000
1049 -1754.0000000000
1050 -1753.0000000000
1051 -1751.0000000000
1059 -1749.0000000000
1062 -1748.0000000000
1063 -1746.0000000000
1064 -1745.0000000000
1065 -1744.0000000000
1070 -1743.0000000000
1072 -1742.0000000000
1078 -1741.0000000000
1079 -1740.0000000000
1084 -1739.0000000000
1086 -1738.0000000000
1088 -1737.0000000000
1092 -1734.0000000000
1093 -1733.0000000000
1094 -1731.0000000000
1098 -1730.0000000000
1102 -1728.0000000000
1103 -1726.0000000000
1105 -1725.0000000000
1120 -1724.0000000000
1121 -1723.0000000000
1122 -1722.0000000000
1128 -1721.0000000000
1130 -1719.0000000000
1138 -1718.0000000000
1145 -1717.0000000000
1146 -1715.0000000000
1152 -1714.0000000000
1158 -1713.0000000000
1159 -1712.0000000000
1162 -1711.0000000000
1164 -1710.0000000000
1167 -1709.0000000000
1168 -1708.0000000000
1170 -1707.0000000000
1172 -1706.0000000000
1173 -1704.0000000000
1175 -1703.0000000000
1179 -1702.0000000000
1182 -1701.0000000000
1187 -1700.0000000000
1189 -1698.0000000000
1193 -1697.0000000000
1194 -1696.0000000000
1196 -1695.0000000000
1198 -1694.0000000000
1210 -1693.0000000000
1214 -1691.0000000000
1219 -1690.0000000000
1222 -1688.0000000000
1224 -1687.0000000000
1226 -1685.0000000000
1229 -1683.0000000000
1230 -1682.0000000000
1232 -1681.0000000000
1239 -1679.0000000000
1241 -1678.0000000000
1244 -1677.0000000000
1247 -1676.0000000000
1248 -1674.0000000000
1253 -1673.0000000000
1257 -1672.0000000000
1260 -1671.0000000000
1264 -1670.0000000000
1265 -1668.0000000000
1267 -1666.0000000000
1269 -1665.0000000000
1271 -1664.0000000000
1280 -1663.0000000000
1282 -1662.0000000000
1290 -1661.0000000000
1293 -1660.0000000000
1294 -1659.0000000000
1305 -1657.0000000000
1315 -1656.0000000000
1317 -1655.0000000000
1320 -1654.0000000000
1335 -1653.0000000000
1336 -1652.0000000000
1342 -1651.0000000000
1350 -1648.0000000000
1353 -1646.0000000000
1357 -1645.0000000000
1362 -1644.0000000000
1365 -1643.0000000000
1370 -1641.0000000000
1378 -1640.0000000000
1383 -1639.0000000000
1384 -1637.0000000000
1385 -1636.0000000000
1394 -1634.0000000000
1396 -1633.0000000000
1402 -1632.0000000000
1404 -1631.0000000000
1413 -1630.0000000000
1415 -1628.0000000000
1416 -1627.0000000000
1424 -1626.0000000000
1425 -1625.0000000000
1432 -1623.0000000000
1437 -1622.0000000000
1440 -1621.0000000000
1441 -1620.0000000000
1447 -1618.0000000000
1450 -1617.0000000000
1456 -1616.0000000000
1462 -1615.0000000000
1470 -1614.0000000000
1472 -1613.0000000000
1479 -1612.0000000000
1483 -1611.0000000000
1496 -1610.0000000000
1498 -1609.0000000000
1509 -1608.0000000000
1510 -1607.0000000000
1516 -1606.0000000000
1518 -1605.0000000000
1519 -1602.0000000000
1526 -1600.0000000000
1528 -1599.0000000000
1533 -1598.0000000000
1538 -1597.0000000000
1540 -1595.0000000000
1541 -1594.0000000000
1547 -1593.0000000000
1551 -1592.0000000000
1557 -1591.0000000000
1558 -1590.0000000000
1560 -1589.0000000000
1565 -1587.0000000000
1568 -1586.0000000000
1573 -1584.0000000000
1574 -1583.0000000000
1576 -1582.0000000000
1578 -1579.0000000000
1590 -1577.0000000000
1592 -1573.0000000000
1597 -1572.0000000000
1604 -1571.0000000000
1605 -1570.0000000000
1609 -1569.0000000000
1622 -1567.0000000000
1625 -1566.0000000000
1629 -1565.0000000000
1638 -1564.0000000000
1640 -1563.0000000000
1641 -1561.0000000000
1649 -1560.0000000000
1652 -1559.0000000000
1653 -1558.0000000000
1660 -1557.0000000000
1672 -1556.0000000000
1678 -1555.0000000000
1683 -1554.0000000000
1684 -1553.0000000000
1692 -1552.0000000000
1695 -1551.0000000000
1700 -1550.0000000000
1703 -1549.0000000000
1705 -1548.0000000000
1712 -1547.0000000000
1714 -1546.0000000000
1715 -1543.0000000000
1716 -1542.0000000000
1717 -1541.0000000000
1723 -1540.0000000000
1724 -1538.0000000000
1742 -1537.0000000000
1754 -1536.0000000000
1759 -1535.0000000000
1761 -1532.0000000000
1762 -1531.0000000000
1763 -1528.0000000000
1766 -1527.0000000000
1767 -1525.0000000000
1781 -1524.0000000000
1783 -1523.0000000000
1785 -1521.0000000000
1812 -1520.0000000000
1813 -1519.0000000000
1822 -1518.0000000000
1825 -1517.0000000000
1833 -1515.0000000000
1835 -1514.0000000000
1840 -1512.0000000000
1844 -1511.0000000000
1848 -1510.0000000000
1851 -1509.0000000000
1852 -1507.0000000000
1854 -1506.0000000000
1871 -1505.0000000000
1879 -1504.0000000000
1885 -1502.0000000000
1904 -1500.0000000000
1912 -1499.0000000000
1914 -1497.0000000000
1929 -1495.0000000000
1951 -1494.0000000000
1952 -1493.0000000000
1955 -1491.0000000000
1968 -1490.0000000000
1974 -1488.0000000000
1982 -1487.0000000000
1985 -1486.0000000000
2010 -1485.0000000000
2014 -1484.0000000000
2021 -1483.0000000000
2051 -1482.0000000000
2052 -1481.0000000000
2059 -1480.0000000000
2067 -1479.0000000000
2068 -1478.0000000000
2081 -1477.0000000000
2085 -1476.0000000000
2105 -1475.0000000000
2106 -1474.0000000000
2109 -1473.0000000000
2110 -1472.0000000000
2117 -1471.0000000000
2123 -1470.0000000000
2126 -1469.0000000000
2129 -1466.0000000000
2131 -1465.0000000000
2136 -1464.0000000000
2143 -1463.0000000000
2150 -1462.0000000000
2152 -1461.0000000000
2164 -1460.0000000000
2174 -1459.0000000000
2175 -1458.0000000000
2177 -1457.0000000000
2184 -1456.0000000000
2189 -1455.0000000000
2196 -1453.0000000000
2211 -1452.0000000000
2214 -1451.0000000000
2217 -1450.0000000000
2226 -1449.0000000000
2228 -1448.0000000000
2229 -1447.0000000000
2230 -1446.0000000000
2235 -1445.0000000000
2242 -1444.0000000000
2250 -1443.0000000000
2253 -1442.0000000000
2255 -1441.0000000000
2258 -1439.0000000000
2265 -1438.0000000000
2268 -1437.0000000000
2271 -1436.0000000000
2274 -1434.0000000000
2277 -1433.0000000000
2291 -1432.0000000000
2300 -1431.0000000000
2303 -1430.0000000000
2304 -1429.0000000000
2324 -1428.0000000000
2327 -1427.0000000000
2330 -1426.0000000000
2331 -1425.0000000000
2339 -1424.0000000000
2345 -1423.0000000000
2355 -1422.0000000000
2360 -1420.0000000000
2365 -1419.0000000000
2366 -1416.0000000000
2373 -1415.0000000000
2376 -1414.0000000000
2390 -1412.0000000000
2391 -1410.0000000000
2396 -1409.0000000000
2403 -1408.0000000000
2409 -1407.0000000000
2414 -1406.0000000000
2416 -1404.0000000000
2427 -1403.0000000000
2429 -1401.0000000000
2434 -1400.0000000000
2438 -1399.0000000000
2442 -1398.0000000000
2445 -1395.0000000000
2446 -1393.0000000000
2451 -1392.0000000000
2462 -1391.0000000000
2465 -1389.0000000000
2466 -1388.0000000000
2471 -1387.0000000000
2479 -1386.0000000000
2481 -1385.0000000000
2485 -1384.0000000000
2489 -1383.0000000000
2506 -1381.0000000000
2507 -1380.0000000000
2515 -1379.0000000000
2523 -1378.0000000000
2524 -1377.0000000000
2531 -1376.0000000000
2546 -1375.0000000000
2548 -1374.0000000000
2560 -1373.0000000000
2562 -1372.0000000000
2571 -1371.0000000000
2572 -1370.0000000000
2578 -1369.0000000000
2579 -1368.0000000000
2583 -1367.0000000000
2586 -1366.0000000000
2597 -1365.0000000000
2607 -1364.0000000000
2611 -1363.0000000000
2625 -1362.0000000000
2628 -1361.0000000000
2630 -1360.0000000000
2638 -1359.0000000000
2641 -1358.0000000000
2644 -1357.0000000000
2651 -1356.0000000000
2670 -1355.0000000000
2672 -1354.0000000000
2695 -1353.0000000000
2699 -1352.0000000000
2702 -1351.0000000000
2706 -1350.0000000000
2707 -1349.0000000000
2713 -1348.0000000000
2718 -1347.0000000000
2722 -1346.0000000000
2726 -1345.0000000000
2736 -1344.0000000000
2743 -1343.0000000000
2763 -1342.0000000000
2767 -1341.0000000000
2772 -1340.0000000000
2787 -1339.0000000000
2800 -1338.0000000000
2805 -1337.0000000000
2810 -1335.0000000000
2818 -1334.0000000000
2820 -1332.0000000000
2827 -1331.0000000000
2831 -1330.0000000000
2842 -1329.0000000000
2848 -1328.0000000000
2857 -1327.0000000000
2859 -1325.0000000000
2861 -1324.0000000000
2868 -1323.0000000000
2872 -1322.0000000000
2874 -1320.0000000000
2880 -1319.0000000000
2884 -1318.0000000000
2888 -1316.0000000000
2889 -1314.0000000000
2891 -1313.0000000000
2902 -1312.0000000000
2911 -1311.0000000000
2915 -1310.0000000000
2918 -1308.0000000000
2921 -1306.0000000000
2923 -1305.0000000000
2929 -1304.0000000000
2937 -1303.0000000000
2939 -1302.0000000000
2943 -1300.0000000000
2953 -1299.0000000000
2957 -1298.0000000000
2959 -1296.0000000000
2960 -1295.0000000000
2963 -1294.0000000000
2986 -1293.0000000000
2995 -1292.0000000000
3000 -1291.0000000000
3006 -1290.0000000000
3016 -1289.0000000000
3020 -1288.0000000000
3036 -1286.0000000000
3053 -1285.0000000000
3055 -1283.0000000000
3060 -1282.0000000000
3063 -1281.0000000000
3064 -1278.0000000000
3075 -1277.0000000000
3086 -1276.0000000000
3104 -1275.0000000000
3125 -1273.0000000000
3131 -1272.0000000000
3137 -1271.0000000000
3146 -1270.0000000000
3151 -1269.0000000000
3161 -1268.0000000000
3163 -1267.0000000000
3170 -1266.0000000000
3172 -1265.0000000000
3174 -1264.0000000000
3177 -1263.0000000000
3181 -1262.0000000000
3183 -1261.0000000000
3192 -1260.0000000000
3197 -1259.0000000000
3204 -1258.0000000000
3210 -1257.0000000000
3216 -1256.0000000000
3217 -1255.0000000000
3227 -1254.0000000000
3238 -1253.0000000000
3240 -1252.0000000000
3243 -1251.0000000000
3256 -1250.0000000000
3257 -1249.0000000000
3261 -1248.0000000000
3268 -1247.0000000000
3270 -1246.0000000000
3275 -1245.0000000000
3281 -1244.0000000000
3282 -1243.0000000000
3287 -1242.0000000000
3293 -1241.0000000000
3305 -1240.0000000000
3311 -1239.0000000000
3314 -1238.0000000000
3317 -1237.0000000000
3324 -1236.0000000000
3336 -1235.0000000000
3339 -1234.0000000000
3347 -1233.0000000000
3359 -1232.0000000000
3361 -1231.0000000000
3366 -1230.0000000000
3375 -1229.0000000000
3376 -1228.0000000000
3380 -1227.0000000000
3385 -1226.0000000000
3389 -1225.0000000000
3390 -1224.0000000000
3401 -1223.0000000000
3409 -1221.0000000000
3419 -1220.0000000000
3421 -1219.0000000000
3426 -1218.0000000000
3433 -1216.0000000000
3436 -1215.0000000000
3440 -1214.0000000000
3444 -1213.0000000000
3446 -1212.0000000000
3448 -1211.0000000000
3449 -1210.0000000000
3452 -1209.0000000000
3458 -1208.0000000000
3460 -1207.0000000000
3467 -1206.0000000000
3472 -1205.0000000000
3477 -1204.0000000000
3479 -1203.0000000000
3484 -1202.0000000000
3494 -1201.0000000000
3495 -1200.0000000000
3497 -1199.0000000000
3498 -1198.0000000000
3505 -1197.0000000000
3511 -1196.0000000000
3512 -1195.0000000000
3517 -1194.0000000000
3538 -1193.0000000000
3539 -1192.0000000000
3543 -1190.0000000000
3544 -1189.0000000000
3545 -1187.0000000000
3560 -1186.0000000000
3562 -1185.0000000000
3566 -1184.0000000000
3573 -1183.0000000000
3578 -1182.0000000000
3586 -1181.0000000000
3595 -1179.0000000000
3604 -1177.0000000000
3607 -1176.0000000000
3619 -1175.0000000000
3630 -1174.0000000000
3636 -1173.0000000000
3650 -1172.0000000000
3657 -1171.0000000000
3659 -1170.0000000000
3663 -1169.0000000000
3668 -1168.0000000000
3671 -1166.0000000000
3675 -1165.0000000000
3678 -1164.0000000000
3680 -1162.0000000000
3692 -1161.0000000000
3695 -1160.0000000000
3698 -1159.0000000000
3709 -1158.0000000000
3716 -1157.0000000000
3719 -1156.0000000000
3730 -1155.0000000000
3734 -1154.0000000000
3740 -1153.0000000000
3756 -1151.0000000000
3770 -1150.0000000000
3777 -1149.0000000000
3779 -1147.0000000000
3785 -1146.0000000000
3790 -1145.0000000000
3820 -1144.0000000000
3823 -1142.0000000000
3832 -1141.0000000000
3834 -1140.0000000000
3839 -1138.0000000000
3845 -1137.0000000000
3850 -1136.0000000000
3854 -1135.0000000000
3862 -1134.0000000000
3864 -1133.0000000000
3865 -1132.0000000000
3869 -1130.0000000000
3870 -1128.0000000000
3886 -1127.0000000000
3887 -1126.0000000000
3889 -1125.0000000000
3911 -1124.0000000000
3914 -1123.0000000000
3918 -1122.0000000000
3919 -1121.0000000000
3920 -1120.0000000000
3931 -1119.0000000000
3932 -1118.0000000000
3933 -1117.0000000000
3935 -1116.0000000000
3943 -1115.0000000000
3945 -1114.0000000000
3947 -1113.0000000000
3956 -1111.0000000000
3976 -1110.0000000000
3980 -1109.0000000000
3981 -1108.0000000000
3986 -1106.0000000000
3988 -1105.0000000000
3989 -1104.0000000000
3991 -1103.0000000000
4010 -1102.0000000000
4018 -1101.0000000000
4023 -1100.0000000000
4039 -1099.0000000000
4056 -1098.0000000000
4059 -1097.0000000000
4065 -1096.0000000000
4066 -1095.0000000000
4069 -1094.0000000000
4073 -1092.0000000000
4100 -1091.0000000000
4108 -1090.0000000000
4112 -1089.0000000000
4113 -1088.0000000000
4121 -1087.0000000000
4127 -1086.0000000000
4131 -1085.0000000000
4134 -1084.0000000000
4139 -1083.0000000000
4140 -1082.0000000000
4141 -1081.0000000000
4156 -1080.0000000000
4169 -1079.0000000000
4176 -1078.0000000000
4177 -1077.0000000000
4179 -1076.0000000000
4180 -1075.0000000000
4186 -1074.0000000000
4187 -1073.0000000000
4191 -1072.0000000000
4192 -1071.0000000000
4196 -1070.0000000000
4200 -1068.0000000000
4208 -1067.0000000000
4216 -1066.0000000000
4224 -1065.0000000000
4233 -1064.0000000000
4236 -1063.0000000000
4249 -1062.0000000000
4258 -1059.0000000000
4259 -1058.0000000000
4261 -1057.0000000000
4264 -1056.0000000000
4266 -1054.0000000000
4281 -1053.0000000000
4284 -1052.0000000000
4286 -1051.0000000000
4300 -1050.0000000000
4301 -1048.0000000000
4306 -1047.0000000000
4309 -1046.0000000000
4319 -1045.0000000000
4324 -1044.0000000000
4348 -1043.0000000000
4350 -1042.0000000000
4352 -1041.0000000000
4361 -1040.0000000000
4384 -1039.0000000000
4393 -1038.0000000000
4414 -1037.0000000000
4415 -1036.0000000000
4417 -1035.0000000000
4422 -1034.0000000000
4431 -1033.0000000000
4442 -1032.0000000000
4474 -1031.0000000000
4488 -1030.0000000000
4501 -1029.0000000000
4521 -1028.0000000000
4523 -1027.0000000000
4533 -1026.0000000000
4547 -1024.0000000000
4550 -1023.0000000000
4551 -1021.0000000000
4574 -1020.0000000000
4578 -1019.0000000000
4579 -1017.0000000000
4614 -1016.0000000000
4615 -1015.0000000000
4622 -1014.0000000000
4638 -1013.0000000000
4647 -1012.0000000000
4670 -1011.0000000000
4679 -1010.0000000000
4693 -1008.0000000000
4700 -1007.0000000000
4701 -1006.0000000000
4720 -1005.0000000000
4734 -1004.0000000000
4735 -1003.0000000000
4741 -1002.0000000000
4744 -1001.0000000000
4750 -1000.0000000000
4758 -999.0000000000
4766 -998.0000000000
4775 -997.0000000000
4776 -995.0000000000
4778 -994.0000000000
4781 -993.0000000000
4792 -992.0000000000
4805 -991.0000000000
4829 -990.0000000000
4838 -989.0000000000
4840 -988.0000000000
4843 -987.0000000000
4846 -986.0000000000
4856 -985.0000000000
4859 -984.0000000000
4860 -983.0000000000
4873 -982.0000000000
4888 -980.0000000000
4896 -979.0000000000
4898 -978.0000000000
4906 -977.0000000000
4907 -976.0000000000
4914 -975.0000000000
4926 -974.0000000000
4930 -973.0000000000
4932 -972.0000000000
4940 -971.0000000000
4960 -970.0000000000
4962 -969.0000000000
4967 -968.0000000000
4968 -967.0000000000
4974 -966.0000000000
4977 -965.0000000000
4978 -962.0000000000
4980 -960.0000000000
5015 -959.0000000000
5019 -958.0000000000
5024 -957.0000000000
5028 -956.0000000000
5030 -955.0000000000
5031 -954.0000000000
5033 -953.0000000000
5038 -952.0000000000
5075 -950.0000000000
5079 -949.0000000000
5088 -948.0000000000
5097 -947.0000000000
5101 -946.0000000000
5121 -945.0000000000
5125 -944.0000000000
5147 -943.0000000000
5149 -942.0000000000
5163 -941.0000000000
5169 -939.0000000000
5170 -938.0000000000
5202 -937.0000000000
5203 -936.0000000000
5205 -935.0000000000
5208 -934.0000000000
5211 -933.0000000000
5222 -932.0000000000
5243 -931.0000000000
5259 -930.0000000000
5263 -929.0000000000
5273 -928.0000000000
5274 -926.0000000000
5291 -925.0000000000
5311 -924.0000000000
5312 -923.0000000000
5315 -922.0000000000
5323 -921.0000000000
5338 -920.0000000000
5367 -918.0000000000
5371 -916.0000000000
5403 -915.0000000000
5452 -913.0000000000
5472 -911.0000000000
5479 -910.0000000000
5482 -909.0000000000
5515 -908.0000000000
5532 -907.0000000000
5542 -906.0000000000
5554 -905.0000000000
5559 -903.0000000000
5568 -902.0000000000
5569 -900.0000000000
5573 -899.0000000000
5577 -898.0000000000
5581 -897.0000000000
5583 -896.0000000000
5589 -895.0000000000
5600 -894.0000000000
5614 -893.0000000000
5616 -892.0000000000
5617 -891.0000000000
5634 -890.0000000000
5642 -889.0000000000
5667 -888.0000000000
5693 -887.0000000000
5700 -886.0000000000
5702 -885.0000000000
5703 -884.0000000000
5713 -883.0000000000
5717 -882.0000000000
5738 -881.0000000000
5742 -880.0000000000
5750 -879.0000000000
5787 -878.0000000000
5804 -877.0000000000
5808 -876.0000000000
5814 -875.0000000000
5832 -873.0000000000
5834 -871.0000000000
5844 -870.0000000000
5862 -869.0000000000
5865 -867.0000000000
5876 -866.0000000000
5879 -865.0000000000
5880 -864.0000000000
5886 -863.0000000000
5889 -862.0000000000
5908 -861.0000000000
5909 -860.0000000000
5920 -859.0000000000
5934 -858.0000000000
5935 -857.0000000000
5940 -856.0000000000
5945 -855.0000000000
5950 -854.0000000000
5955 -853.0000000000
5959 -852.0000000000
5973 -851.0000000000
5985 -850.0000000000
5998 -849.0000000000
5999 -848.0000000000
6005 -847.0000000000
6036 -846.0000000000
6054 -845.0000000000
6056 -843.0000000000
6075 -842.0000000000
6096 -841.0000000000
6108 -840.0000000000
6111 -839.0000000000
6122 -838.0000000000
6130 -837.0000000000
6138 -836.0000000000
6143 -834.0000000000
6153 -833.0000000000
6180 -831.0000000000
6186 -830.0000000000
6203 -829.0000000000
6213 -828.0000000000
6225 -827.0000000000
6273 -826.0000000000
6279 -824.0000000000
6285 -823.0000000000
6300 -822.0000000000
6314 -820.0000000000
6319 -819.0000000000
6327 -818.0000000000
6331 -817.0000000000
6333 -816.0000000000
6356 -815.0000000000
6358 -814.0000000000
6386 -812.0000000000
6389 -811.0000000000
6402 -810.0000000000
6418 -809.0000000000
6420 -808.0000000000
6429 -807.0000000000
6444 -806.0000000000
6455 -805.0000000000
6474 -804.0000000000
6476 -803.0000000000
6484 -802.0000000000
6492 -801.0000000000
6505 -800.0000000000
6513 -799.0000000000
6515 -798.0000000000
6519 -797.0000000000
6547 -795.0000000000
6553 -794.0000000000
6572 -793.0000000000
6574 -792.0000000000
6587 -791.0000000000
6588 -790.0000000000
6592 -789.0000000000
6602 -788.0000000000
6603 -787.0000000000
6615 -786.0000000000
6649 -785.0000000000
6673 -784.0000000000
6682 -782.0000000000
6683 -781.0000000000
6693 -780.0000000000
6694 -779.0000000000
6708 -778.0000000000
6713 -777.0000000000
6716 -776.0000000000
6731 -775.0000000000
6737 -774.0000000000
6762 -773.0000000000
6776 -772.0000000000
6791 -771.0000000000
6792 -769.0000000000
6793 -768.0000000000
6803 -767.0000000000
6806 -766.0000000000
6835 -765.0000000000
6850 -764.0000000000
6854 -762.0000000000
6857 -761.0000000000
6870 -760.0000000000
6882 -758.0000000000
6892 -757.0000000000
6897 -756.0000000000
6909 -755.0000000000
6920 -754.0000000000
6935 -753.0000000000
6936 -752.0000000000
6941 -751.0000000000
6971 -750.0000000000
6979 -749.0000000000
6991 -748.0000000000
6994 -747.0000000000
6995 -746.0000000000
6997 -745.0000000000
6999 -744.0000000000
7022 -743.0000000000
7043 -742.0000000000
7070 -741.0000000000
7098 -740.0000000000
7112 -739.0000000000
7139 -738.0000000000
7171 -737.0000000000
7183 -736.0000000000
7187 -735.0000000000
7228 -734.0000000000
7231 -733.0000000000
7236 -732.0000000000
7240 -731.0000000000
7271 -730.0000000000
7275 -729.0000000000
7282 -728.0000000000
7301 -727.0000000000
7320 -726.0000000000
7322 -725.0000000000
7324 -724.0000000000
7329 -723.0000000000
7332 -722.0000000000
7335 -721.0000000000
7345 -720.0000000000
7349 -719.0000000000
7360 -718.0000000000
7384 -717.0000000000
7387 -716.0000000000
7388 -714.0000000000
7399 -713.0000000000
7401 -712.0000000000
7424 -711.0000000000
7427 -710.0000000000
7435 -709.0000000000
7449 -707.0000000000
7452 -706.0000000000
7467 -705.0000000000
7479 -704.0000000000
7484 -703.0000000000
7485 -702.0000000000
7486 -701.0000000000
7488 -700.0000000000
7505 -699.0000000000
7519 -698.0000000000
7530 -697.0000000000
7531 -696.0000000000
7542 -695.0000000000
7550 -694.0000000000
7593 -693.0000000000
7640 -692.0000000000
7641 -691.0000000000
7649 -690.0000000000
7661 -689.0000000000
7667 -688.0000000000
7673 -687.0000000000
7676 -686.0000000000
7689 -685.0000000000
7692 -684.0000000000
7698 -683.0000000000
7704 -682.0000000000
7705 -681.0000000000
7711 -680.0000000000
7721 -678.0000000000
7723 -677.0000000000
7735 -676.0000000000
7739 -675.0000000000
7741 -673.0000000000
7748 -672.0000000000
7755 -671.0000000000
7772 -670.0000000000
7774 -669.0000000000
7789 -668.0000000000
7802 -667.0000000000
7807 -666.0000000000
7817 -665.0000000000
7819 -664.0000000000
7831 -663.0000000000
7861 -661.0000000000
7885 -660.0000000000
7891 -659.0000000000
7905 -658.0000000000
7928 -657.0000000000
7935 -656.0000000000
7944 -655.0000000000
7950 -654.0000000000
7952 -653.0000000000
7971 -652.0000000000
7981 -651.0000000000
7982 -650.0000000000
8008 -649.0000000000
8022 -648.0000000000
8040 -647.0000000000
8053 -646.0000000000
8068 -645.0000000000
8072 -643.0000000000
8074 -642.0000000000
8103 -641.0000000000
8139 -640.0000000000
8149 -639.0000000000
8162 -638.0000000000
8174 -636.0000000000
8194 -635.0000000000
8210 -634.0000000000
8283 -633.0000000000
8304 -632.0000000000
8310 -631.0000000000
8334 -630.0000000000
8347 -629.0000000000
8355 -628.0000000000
8357 -627.0000000000
8369 -626.0000000000
8383 -625.0000000000
8421 -624.0000000000
8434 -623.0000000000
8435 -622.0000000000
8447 -621.0000000000
8450 -620.0000000000
8455 -619.0000000000
8465 -618.0000000000
8477 -617.0000000000
8478 -616.0000000000
8486 -615.0000000000
8488 -614.0000000000
8489 -613.0000000000
8496 -612.0000000000
8534 -610.0000000000
8553 -609.0000000000
8566 -608.0000000000
8576 -607.0000000000
8581 -606.0000000000
8622 -605.0000000000
8656 -604.0000000000
8706 -603.0000000000
8714 -602.0000000000
8721 -601.0000000000
8734 -600.0000000000
8735 -599.0000000000
8736 -598.0000000000
8747 -597.0000000000
8767 -596.0000000000
8806 -595.0000000000
8821 -594.0000000000
8823 -593.0000000000
8851 -591.0000000000
8854 -589.0000000000
8863 -587.0000000000
8879 -586.0000000000
8883 -585.0000000000
8904 -584.0000000000
8919 -583.0000000000
8924 -582.0000000000
8930 -581.0000000000
8951 -580.0000000000
8987 -579.0000000000
8990 -578.0000000000
8994 -577.0000000000
8997 -576.0000000000
9012 -574.0000000000
9041 -573.0000000000
9079 -572.0000000000
9081 -571.0000000000
9087 -570.0000000000
9088 -569.0000000000
9105 -568.0000000000
9144 -567.0000000000
9216 -566.0000000000
9221 -564.0000000000
9222 -563.0000000000
9228 -562.0000000000
9235 -561.0000000000
9245 -560.0000000000
9279 -559.0000000000
9290 -558.0000000000
9301 -557.0000000000
9309 -556.0000000000
9316 -555.0000000000
9346 -554.0000000000
9360 -553.0000000000
9367 -552.0000000000
9383 -551.0000000000
9407 -549.0000000000
9428 -548.0000000000
9431 -547.0000000000
9457 -546.0000000000
9475 -545.0000000000
9510 -544.0000000000
9513 -543.0000000000
9560 -542.0000000000
9564 -541.0000000000
9574 -540.0000000000
9584 -538.0000000000
9627 -537.0000000000
9629 -536.0000000000
9631 -535.0000000000
9656 -534.0000000000
9658 -533.0000000000
9695 -532.0000000000
9700 -531.0000000000
9706 -530.0000000000
9797 -529.0000000000
9817 -528.0000000000
9820 -527.0000000000
9824 -526.0000000000
9825 -525.0000000000
9837 -523.0000000000
9857 -522.0000000000
9873 -521.0000000000
9894 -520.0000000000
9896 -519.0000000000
9904 -518.0000000000
9906 -517.0000000000
9909 -516.0000000000
9911 -515.0000000000
9939 -514.0000000000
9944 -513.0000000000
9958 -512.0000000000
9965 -511.0000000000
10000 -513.0000000000
evaluations raw_y
1 -2008.0000000000
14 -2007.0000000000
17 -2006.0000000000
20 -2004.0000000000
21 -2003.0000000000
27 -2002.0000000000
28 -2001.0000000000
41 -2000.0000000000
43 -1999.0000000000
50 -1998.0000000000
51 -1997.0000000000
53 -1996.0000000000
54 -1995.0000000000
56 -1994.0000000000
64 -1993.0000000000
65 -1992.0000000000
72 -1990.0000000000
79 -1988.0000000000
82 -1987.0000000000
89 -1986.0000000000
92 -1985.0000000000
95 -1984.0000000000
102 -1983.0000000000
104 -1981.0000000000
110 -1980.0000000000
111 -1979.0000000000
115 -1978.0000000000
120 -1977.0000000000
124 -1976.0000000000
125 -1975.0000000000
128 -1974.0000000000
129 -1973.0000000000
133 -1972.0000000000
135 -1971.0000000000
136 -1969.0000000000
143 -1968.0000000000
147 -1967.0000000000
148 -1966.0000000000
155 -1965.0000000000
157 -1963.0000000000
159 -1962.0000000000
163 -1961.0000000000
166 -1960.0000000000
168 -1957.0000000000
171 -1955.0000000000
174 -1954.0000000000
175 -1953.0000000000
177 -1952.0000000000
181 -1951.0000000000
192 -1950.0000000000
195 -1948.0000000000
205 -1946.0000000000
208 -1944.0000000000
215 -1943.0000000000
216 -1942.0000000000
223 -1940.0000000000
227 -1938.0000000000
233 -1937.0000000000
239 -1935.0000000000
243 -1934.0000000000
244 -1933.0000000000
245 -1931.0000000000
248 -1930.0000000000
250 -1929.0000000000
251 -1928.0000000000
257 -1927.0000000000
258 -1925.0000000000
268 -1924.0000000000
271 -1923.0000000000
272 -1922.0000000000
274 -1921.0000000000
292 -1920.0000000000
295 -1919.0000000000
298 -1918.0000000000
299 -1917.0000000000
305 -1916.0000000000
317 -1915.0000000000
318 -1914.0000000000
325 -1911.0000000000
331 -1909.0000000000
335 -1907.0000000000
336 -1906.0000000000
338 -1904.0000000000
339 -1903.0000000000
340 -1902.0000000000
341 -1901.0000000000
345 -1900.0000000000
349 -1899.0000000000
351 -1898.0000000000
355 -1897.0000000000
357 -1896.0000000000
368 -1895.0000000000
371 -1894.0000000000
373 -1893.0000000000
375 -1891.0000000000
384 -1890.0000000000
387 -1888.0000000000
388 -1887.0000000000
392 -1886.0000000000
393 -1885.0000000000
404 -1884.0000000000
409 -1883.0000000000
413 -1882.0000000000
417 -1881.0000000000
431 -1880.0000000000
433 -1879.0000000000
439 -1878.0000000000
440 -1877.0000000000
445 -1875.0000000000
453 -1874.0000000000
456 -1873.0000000000
457 -1872.0000000000
458 -1871.0000000000
462 -1870.0000000000
465 -1869.0000000000
478 -1867.0000000000
480 -1866.0000000000
485 -1865.0000000000
496 -1864.0000000000
497 -1863.0000000000
507 -1862.0000000000
513 -1861.0000000000
515 -1860.0000000000
516 -1859.0000000000
520 -1858.0000000000
522 -1856.0000000000
523 -1855.0000000000
528 -1854.0000000000
534 -1853.0000000000
551 -1852.0000000000
554 -1850.0000000000
555 -1849.0000000000
557 -1846.0000000000
560 -1845.0000000000
563 -1844.0000000000
567 -1842.0000000000
573 -1840.0000000000
574 -1839.0000000000
584 -1837.0000000000
585 -1836.0000000000
594 -1834.0000000000
602 -1833.0000000000
603 -1832.0000000000
606 -1830.0000000000
608 -1829.0000000000
609 -1828.0000000000
612 -1827.0000000000
614 -1825.0000000000
615 -1823.0000000000
619 -1822.0000000000
620 -1821.0000000000
624 -1820.0000000000
626 -1819.0000000000
627 -1818.0000000000
637 -1817.0000000000
642 -1816.0000000000
643 -1814.0000000000
648 -1813.0000000000
653 -1811.0000000000
654 -1810.0000000000
661 -1809.0000000000
664 -1807.0000000000
671 -1806.0000000000
680 -1805.0000000000
686 -1804.0000000000
704 -1803.0000000000
706 -1802.0000000000
709 -1801.0000000000
710 -1798.0000000000
714 -1797.0000000000
722 -1795.0000000000
724 -1794.0000000000
725 -1793.0000000000
747 -1792.0000000000
749 -1791.0000000000
750 -1790.0000000000
751 -1789.0000000000
755 -1788.0000000000
758 -1786.0000000000
763 -1785.0000000000
779 -1784.0000000000
783 -1782.0000000000
784 -1781.0000000000
786 -1779.0000000000
790 -1778.0000000000
797 -1777.0000000000
807 -1776.0000000000
810 -1775.0000000000
811 -1774.0000000000
816 -1773.0000000000
820 -1772.0000000000
823 -1771.0000000000
826 -1770.0000000000
827 -1769.0000000000
837 -1768.0000000000
839 -1767.0000000000
844 -1766.0000000000
846 -1765.0000000000
850 -1764.0000000000
851 -1761.0000000000
861 -1760.0000000000
874 -1759.0000000000
876 -1758.0000000000
879 -1757.0000000000
882 -1756.0000000000
883 -1755.0000000000
891 -1754.0000000000
897 -1753.0000000000
901 -1752.0000000000
906 -1751.0000000000
911 -1750.0000000000
914 -1748.0000000000
919 -1747.0000000000
923 -1746.0000000000
928 -1744.0000000000
936 -1741.0000000000
941 -1739.0000000000
942 -1738.0000000000
943 -1737.0000000000
964 -1735.0000000000
969 -1734.0000000000
973 -1733.0000000000
976 -1732.0000000000
982 -1731.0000000000
986 -1730.0000000000
987 -1728.0000000000
988 -1727.0000000000
992 -1725.0000000000
995 -1724.0000000000
997 -1723.0000000000
998 -1721.0000000000
1011 -1720.0000000000
1017 -1718.0000000000
1025 -1717.0000000000
1037 -1716.0000000000
1040 -1715.0000000000
1041 -1714.0000000000
1042 -1712.0000000000
1043 -1711.0000000000
1055 -1710.0000000000
1061 -1708.0000000000
1066 -1705.0000000000
1068 -1703.0000000000
1071 -1702.0000000000
1076 -1701.0000000000
1078 -1699.0000000000
1079 -1698.0000000000
1081 -1697.0000000000
1085 -1696.0000000000
1086 -1694.0000000000
1088 -1692.0000000000
1092 -1691.0000000000
1098 -1690.0000000000
1100 -1689.0000000000
1105 -1688.0000000000
1115 -1687.0000000000
1116 -1686.0000000000
1118 -1685.0000000000
1122 -1684.0000000000
1124 -1683.0000000000
1130 -1682.0000000000
1132 -1681.0000000000
1134 -1680.0000000000
1140 -1679.0000000000
1143 -1677.0000000000
1147 -1676.0000000000
1148 -1675.0000000000
1157 -1674.0000000000
1158 -1672.0000000000
1169 -1671.0000000000
1173 -1670.0000000000
1178 -1669.0000000000
1181 -1668.0000000000
1183 -1667.0000000000
1185 -1666.0000000000
1191 -1665.0000000000
1193 -1664.0000000000
1194 -1663.0000000000
1200 -1662.0000000000
1203 -1660.0000000000
1204 -1659.0000000000
1213 -1658.0000000000
1214 -1657.0000000000
1221 -1656.0000000000
1230 -1655.0000000000
1232 -1654.0000000000
1238 -1652.0000000000
1256 -1651.0000000000
1257 -1650.0000000000
1262 -1649.0000000000
1267 -1648.0000000000
1270 -1647.0000000000
1271 -1646.0000000000
1272 -1645.0000000000
1276 -1643.0000000000
1284 -1642.0000000000
1293 -1641.0000000000
1295 -1640.0000000000
1306 -1639.0000000000
1320 -1638.0000000000
1325 -1636.0000000000
1328 -1635.0000000000
1339 -1634.0000000000
1341 -1633.0000000000
1342 -1632.0000000000
1351 -1631.0000000000
1354 -1630.0000000000
1357 -1628.0000000000
1360 -1627.0000000000
1366 -1626.0000000000
1369 -1624.0000000000
1376 -1622.0000000000
1377 -1621.0000000000
1380 -1620.0000000000
1390 -1619.0000000000
1397 -1618.0000000000
1406 -1617.0000000000
1409 -1616.0000000000
1410 -1615.0000000000
1412 -1614.0000000000
1413 -1613.0000000000
1416 -1611.0000000000
1417 -1610.0000000000
1422 -1609.0000000000
1425 -1608.0000000000
1428 -1607.0000000000
1433 -1606.0000000000
1447 -1605.0000000000
1448 -1604.0000000000
1456 -1603.0000000000
1464 -1602.0000000000
1477 -1601.0000000000
1480 -1600.0000000000
1481 -1599.0000000000
1484 -1598.0000000000
1488 -1597.0000000000
1494 -1596.0000000000
1495 -1595.0000000000
1498 -1594.0000000000
1503 -1593.0000000000
1507 -1592.0000000000
1516 -1590.0000000000
1519 -1587.0000000000
1520 -1586.0000000000
1521 -1585.0000000000
1529 -1584.0000000000
1530 -1583.0000000000
1538 -1582.0000000000
1551 -1579.0000000000
1554 -1578.0000000000
1556 -1576.0000000000
1560 -1574.0000000000
1564 -1573.0000000000
1568 -1572.0000000000
1571 -1571.0000000000
1575 -1569.0000000000
1576 -1568.0000000000
1585 -1566.0000000000
1587 -1564.0000000000
1593 -1563.0000000000
1602 -1562.0000000000
1606 -1561.0000000000
1607 -1560.0000000000
1608 -1559.0000000000
1611 -1558.0000000000
1615 -1557.0000000000
1617 -1555.0000000000
1621 -1554.0000000000
1628 -1553.0000000000
1635 -1551.0000000000
1636 -1549.0000000000
1641 -1547.0000000000
1643 -1546.0000000000
1649 -1545.0000000000
1656 -1544.0000000000
1662 -1543.0000000000
1673 -1542.0000000000
1674 -1541.0000000000
1688 -1540.0000000000
1690 -1539.0000000000
1693 -1538.0000000000
1695 -1536.0000000000
1698 -1535.0000000000
1705 -1534.0000000000
1706 -1533.0000000000
1710 -1532.0000000000
1716 -1531.0000000000
1721 -1530.0000000000
1731 -1529.0000000000
1736 -1527.0000000000
1749 -1525.0000000000
1751 -1522.0000000000
1754 -1521.0000000000
1770 -1519.0000000000
1771 -1518.0000000000
1772 -1517.0000000000
1777 -1515.0000000000
1781 -1514.0000000000
1789 -1513.0000000000
1797 -1512.0000000000
1809 -1511.0000000000
1810 -1510.0000000000
1823 -1509.0000000000
1829 -1507.0000000000
1832 -1505.0000000000
1837 -1504.0000000000
1840 -1503.0000000000
1848 -1502.0000000000
1865 -1501.0000000000
1875 -1500.0000000000
1877 -1499.0000000000
1878 -1498.0000000000
1882 -1495.0000000000
1888 -1494.0000000000
1891 -1493.0000000000
1909 -1492.0000000000
1910 -1491.0000000000
1912 -1490.0000000000
1915 -1489.0000000000
1918 -1488.0000000000
1919 -1487.0000000000
1922 -1486.0000000000
1923 -1485.0000000000
1928 -1484.0000000000
1958 -1483.0000000000
1961 -1482.0000000000
1962 -1480.0000000000
1970 -1479.0000000000
1973 -1478.0000000000
1976 -1477.0000000000
1979 -1476.0000000000
1995 -1475.0000000000
1998 -1473.0000000000
2003 -1472.0000000000
2009 -1471.0000000000
2011 -1469.0000000000
2016 -1468.0000000000
2033 -1467.0000000000
2035 -1466.0000000000
2037 -1465.0000000000
2039 -1464.0000000000
2045 -1463.0000000000
2046 -1462.0000000000
2053 -1460.0000000000
2067 -1459.0000000000
2071 -1458.0000000000
2077 -1457.0000000000
2079 -1456.0000000000
2080 -1455.0000000000
2081 -1454.0000000000
2095 -1453.0000000000
2104 -1452.0000000000
2105 -1450.0000000000
2119 -1449.0000000000
2125 -1448.0000000000
2142 -1447.0000000000
2146 -1446.0000000000
2149 -1445.0000000000
2150 -1444.0000000000
2154 -1443.0000000000
2158 -1442.0000000000
2161 -1441.0000000000
2162 -1440.0000000000
2167 -1439.0000000000
2196 -1438.0000000000
2205 -1436.0000000000
2211 -1435.0000000000
2220 -1433.0000000000
2227 -1432.0000000000
2241 -1431.0000000000
2242 -1430.0000000000
2244 -1429.0000000000
2245 -1428.0000000000
2250 -1427.0000000000
2254 -1426.0000000000
2273 -1425.0000000000
2274 -1424.0000000000
2278 -1423.0000000000
2283 -1422.0000000000
2288 -1421.0000000000
2293 -1420.0000000000
2295 -1419.0000000000
2299 -1417.0000000000
2305 -1416.0000000000
2307 -1415.0000000000
2314 -1413.0000000000
2315 -1412.0000000000
2318 -1411.0000000000
2324 -1410.0000000000
2337 -1409.0000000000
2343 -1408.0000000000
2349 -1407.0000000000
2359 -1406.0000000000
2360 -1404.0000000000
2362 -1401.0000000000
2363 -1400.0000000000
2364 -1399.0000000000
2366 -1397.0000000000
2375 -1396.0000000000
2380 -1395.0000000000
2390 -1394.0000000000
2391 -1393.0000000000
2405 -1392.0000000000
2407 -1390.0000000000
2409 -1389.0000000000
2427 -1388.0000000000
2431 -1387.0000000000
2432 -1386.0000000000
2444 -1385.0000000000
2446 -1384.0000000000
2448 -1383.0000000000
2460 -1381.0000000000
2463 -1380.0000000000
2467 -1379.0000000000
2476 -1378.0000000000
2480 -1377.0000000000
2483 -1376.0000000000
2489 -1375.0000000000
2495 -1374.0000000000
2496 -1373.0000000000
2502 -1372.0000000000
2503 -1371.0000000000
2509 -1370.0000000000
2524 -1369.0000000000
2525 -1367.0000000000
2534 -1365.0000000000
2543 -1363.0000000000
2547 -1362.0000000000
2552 -1360.0000000000
2559 -1359.0000000000
2571 -1358.0000000000
2572 -1357.0000000000
2581 -1354.0000000000
2588 -1353.0000000000
2590 -1352.0000000000
2595 -1351.0000000000
2605 -1350.0000000000
2608 -1349.0000000000
2610 -1348.0000000000
2616 -1347.0000000000
2629 -1346.0000000000
2630 -1345.0000000000
2632 -1344.0000000000
2633 -1343.0000000000
2637 -1342.0000000000
2640 -1341.0000000000
2642 -1340.0000000000
2644 -1338.0000000000
2656 -1337.0000000000
2661 -1335.0000000000
2666 -1334.0000000000
2674 -1331.0000000000
2684 -1330.0000000000
2692 -1329.0000000000
2704 -1328.0000000000
2710 -1327.0000000000
2714 -1326.0000000000
2719 -1325.0000000000
2722 -1324.0000000000
2729 -1323.0000000000
2757 -1322.0000000000
2771 -1321.0000000000
2777 -1320.0000000000
2783 -1319.0000000000
2789 -1318.0000000000
2794 -1317.0000000000
2795 -1316.0000000000
2816 -1315.0000000000
2819 -1314.0000000000
2820 -1313.0000000000
2821 -1312.0000000000
2823 -1311.0000000000
2834 -1309.0000000000
2835 -1308.0000000000
2839 -1307.0000000000
2841 -1306.0000000000
2848 -1305.0000000000
2855 -1304.0000000000
2863 -1303.0000000000
2873 -1302.0000000000
2897 -1301.0000000000
2920 -1300.0000000000
2924 -1298.0000000000
2928 -1297.0000000000
2930 -1296.0000000000
2938 -1295.0000000000
2947 -1294.0000000000
2949 -1293.0000000000
2951 -1292.0000000000
2961 -1290.0000000000
2963 -1289.0000000000
2965 -1288.0000000000
2966 -1287.0000000000
2967 -1286.0000000000
2979 -1285.0000000000
2981 -1284.0000000000
2997 -1283.0000000000
3003 -1282.0000000000
3005 -1281.0000000000
3007 -1280.0000000000
3016 -1279.0000000000
3020 -1278.0000000000
3025 -1277.0000000000
3027 -1276.0000000000
3028 -1275.0000000000
3031 -1274.0000000000
3032 -1273.0000000000
3033 -1272.0000000000
3035 -1271.0000000000
3039 -1269.0000000000
3062 -1268.0000000000
3070 -1267.0000000000
3073 -1265.0000000000
3074 -1264.0000000000
3076 -1263.0000000000
3086 -1261.0000000000
3089 -1260.0000000000
3104 -1259.0000000000
3107 -1258.0000000000
3112 -1257.0000000000
3128 -1256.0000000000
3132 -1255.0000000000
3134 -1254.0000000000
3140 -1252.0000000000
3148 -1251.0000000000
3155 -1250.0000000000
3168 -1249.0000000000
3169 -1248.0000000000
3177 -1247.0000000000
3178 -1245.0000000000
3190 -1244.0000000000
3204 -1243.0000000000
3215 -1242.0000000000
3221 -1241.0000000000
3224 -1240.0000000000
3228 -1239.0000000000
3246 -1237.0000000000
3256 -1236.0000000000
3258 -1235.0000000000
3262 -1234.0000000000
3266 -1233.0000000000
3268 -1232.0000000000
3277 -1230.0000000000
3278 -1229.0000000000
3304 -1228.0000000000
3309 -1227.0000000000
3313 -1226.0000000000
3314 -1225.0000000000
3315 -1224.0000000000
3317 -1223.0000000000
3323 -1222.0000000000
3324 -1221.0000000000
3338 -1220.0000000000
3346 -1219.0000000000
3365 -1218.0000000000
3369 -1217.0000000000
3378 -1216.0000000000
3381 -1215.0000000000
3398 -1214.0000000000
3400 -1213.0000000000
3403 -1212.0000000000
3414 -1211.0000000000
3431 -1210.0000000000
3444 -1209.0000000000
3454 -1208.0000000000
3465 -1207.0000000000
3476 -1206.0000000000
3478 -1205.0000000000
3484 -1204.0000000000
3488 -1203.0000000000
3492 -1202.0000000000
3494 -1201.0000000000
3530 -1199.0000000000
3543 -1198.0000000000
3561 -1197.0000000000
3562 -1196.0000000000
3573 -1193.0000000000
3574 -1192.0000000000
3576 -1191.0000000000
3577 -1190.0000000000
3581 -1189.0000000000
3600 -1188.0000000000
3610 -1187.0000000000
3624 -1186.0000000000
3645 -1185.0000000000
3652 -1184.0000000000
3653 -1181.0000000000
3654 -1180.0000000000
3664 -1179.0000000000
3671 -1177.0000000000
3683 -1176.0000000000
3693 -1175.0000000000
3719 -1173.0000000000
3735 -1172.0000000000
3737 -1171.0000000000
3738 -1170.0000000000
3739 -1169.0000000000
3754 -1168.0000000000
3758 -1167.0000000000
3762 -1166.0000000000
3770 -1165.0000000000
3774 -1164.0000000000
3779 -1163.0000000000
3783 -1162.0000000000
3787 -1161.0000000000
3789 -1160.0000000000
3802 -1159.0000000000
3813 -1158.0000000000
3815 -1157.0000000000
3816 -1156.0000000000
3819 -1155.0000000000
3825 -1154.0000000000
3843 -1153.0000000000
3847 -1152.0000000000
3851 -1151.0000000000
3852 -1150.0000000000
3864 -1149.0000000000
3866 -1148.0000000000
3869 -1146.0000000000
3871 -1145.0000000000
3877 -1144.0000000000
3898 -1143.0000000000
3899 -1141.0000000000
3902 -1140.0000000000
3905 -1139.0000000000
3920 -1138.0000000000
3929 -1137.0000000000
3930 -1136.0000000000
3933 -1134.0000000000
3934 -1133.0000000000
3943 -1132.0000000000
3957 -1131.0000000000
3961 -1130.0000000000
3969 -1128.0000000000
3977 -1127.0000000000
3992 -1126.0000000000
4009 -1124.0000000000
4018 -1123.0000000000
4029 -1122.0000000000
4042 -1121.0000000000
4051 -1120.0000000000
4056 -1119.0000000000
4059 -1118.0000000000
4061 -1117.0000000000
4068 -1116.0000000000
4075 -1114.0000000000
4080 -1113.0000000000
4082 -1112.0000000000
4089 -1111.0000000000
4094 -1110.0000000000
4095 -1108.0000000000
4097 -1107.0000000000
4099 -1106.0000000000
4101 -1105.0000000000
4103 -1104.0000000000
4116 -1103.0000000000
4120 -1102.0000000000
4122 -1101.0000000000
4130 -1100.0000000000
4135 -1099.0000000000
4138 -1098.0000000000
4143 -1096.0000000000
4152 -1094.0000000000
4161 -1093.0000000000
4162 -1091.0000000000
4172 -1090.0000000000
4185 -1089.0000000000
4188 -1087.0000000000
4197 -1086.0000000000
4200 -1085.0000000000
4209 -1084.0000000000
4219 -1083.0000000000
4221 -1081.0000000000
4222 -1080.0000000000
4227 -1078.0000000000
4228 -1077.0000000000
4235 -1076.0000000000
4238 -1075.0000000000
4252 -1073.0000000000
4262 -1072.0000000000
4268 -1071.0000000000
4295 -1070.0000000000
4311 -1069.0000000000
4314 -1068.0000000000
4325 -1067.0000000000
4334 -1066.0000000000
4338 -1065.0000000000
4349 -1064.0000000000
4350 -1063.0000000000
4351 -1062.0000000000
4359 -1061.0000000000
4365 -1060.0000000000
4367 -1059.0000000000
4386 -1058.0000000000
4396 -1056.0000000000
4400 -1055.0000000000
4415 -1054.0000000000
4418 -1053.0000000000
4419 -1052.0000000000
4426 -1051.0000000000
4434 -1050.0000000000
4448 -1049.0000000000
4457 -1048.0000000000
4473 -1047.0000000000
4478 -1046.0000000000
4482 -1045.0000000000
4492 -1044.0000000000
4497 -1043.0000000000
4505 -1042.0000000000
4509 -1041.0000000000
4537 -1040.0000000000
4538 -1039.0000000000
4539 -1038.0000000000
4540 -1037.0000000000
4553 -1036.0000000000
4558 -1035.0000000000
4581 -1034.0000000000
4582 -1033.0000000000
4585 -1032.0000000000
4589 -1031.0000000000
4605 -1030.0000000000
4607 -1029.0000000000
4608 -1028.0000000000
4609 -1027.0000000000
4615 -1025.0000000000
4620 -1024.0000000000
4627 -1023.0000000000
4636 -1022.0000000000
4682 -1021.0000000000
4693 -1020.0000000000
4696 -1018.0000000000
4697 -1017.0000000000
4698 -1016.0000000000
4714 -1015.0000000000
4715 -1014.0000000000
4721 -1013.0000000000
4743 -1012.0000000000
4761 -1011.0000000000
4762 -1010.0000000000
4766 -1009.0000000000
4773 -1007.0000000000
4779 -1006.0000000000
4798 -1005.0000000000
4799 -1004.0000000000
4824 -1003.0000000000
4833 -1002.0000000000
4837 -1001.0000000000
4842 -1000.0000000000
4850 -999.0000000000
4854 -997.0000000000
4863 -996.0000000000
4866 -995.0000000000
4877 -994.0000000000
4898 -993.0000000000
4915 -992.0000000000
4922 -991.0000000000
4924 -990.0000000000
4926 -989.0000000000
4928 -986.0000000000
4931 -985.0000000000
4933 -984.0000000000
4942 -983.0000000000
4950 -981.0000000000
4980 -980.0000000000
4994 -979.0000000000
4998 -977.0000000000
5000 -976.0000000000
5002 -975.0000000000
5008 -974.0000000000
5019 -973.0000000000
5020 -972.0000000000
5023 -971.0000000000
5025 -970.0000000000
5042 -969.0000000000
5044 -968.0000000000
5075 -967.0000000000
5076 -966.0000000000
5124 -965.0000000000
5137 -964.0000000000
5139 -963.0000000000
5143 -962.0000000000
5178 -961.0000000000
5181 -960.0000000000
5186 -959.0000000000
5200 -958.0000000000
5201 -957.0000000000
5214 -955.0000000000
5224 -954.0000000000
5226 -953.0000000000
5237 -952.0000000000
5239 -951.0000000000
5242 -950.0000000000
5245 -949.0000000000
5247 -948.0000000000
5272 -947.0000000000
5274 -946.0000000000
5285 -945.0000000000
5289 -944.0000000000
5307 -943.0000000000
5331 -942.0000000000
5343 -941.0000000000
5353 -940.0000000000
5364 -939.0000000000
5369 -936.0000000000
5371 -935.0000000000
5384 -934.0000000000
5400 -933.0000000000
5434 -932.0000000000
5435 -930.0000000000
5443 -928.0000000000
5445 -927.0000000000
5466 -923.0000000000
5476 -922.0000000000
5489 -921.0000000000
5501 -920.0000000000
5511 -918.0000000000
5536 -917.0000000000
5547 -916.0000000000
5553 -915.0000000000
5563 -912.0000000000
5572 -911.0000000000
5598 -910.0000000000
5630 -908.0000000000
5644 -907.0000000000
5649 -906.0000000000
5653 -905.0000000000
5694 -904.0000000000
5701 -903.0000000000
5717 -902.0000000000
5721 -901.0000000000
5730 -900.0000000000
5734 -899.0000000000
5737 -898.0000000000
5756 -896.0000000000
5760 -895.0000000000
5769 -894.0000000000
5777 -893.0000000000
5781 -892.0000000000
5784 -891.0000000000
5788 -889.0000000000
5791 -888.0000000000
5811 -887.0000000000
5814 -885.0000000000
5829 -884.0000000000
5843 -883.0000000000
5851 -882.0000000000
5853 -881.0000000000
5854 -880.0000000000
5857 -879.0000000000
5861 -878.0000000000
5866 -877.0000000000
5872 -876.0000000000
5892 -875.0000000000
5895 -874.0000000000
5899 -873.0000000000
5981 -872.0000000000
5997 -871.0000000000
6003 -870.0000000000
6018 -869.0000000000
6019 -868.0000000000
6024 -867.0000000000
6042 -866.0000000000
6044 -865.0000000000
6049 -864.0000000000
6091 -863.0000000000
6102 -861.0000000000
6105 -860.0000000000
6106 -859.0000000000
6112 -858.0000000000
6123 -857.0000000000
6124 -856.0000000000
6125 -855.0000000000
6156 -854.0000000000
6181 -852.0000000000
6183 -851.0000000000
6217 -850.0000000000
6224 -849.0000000000
6227 -848.0000000000
6237 -845.0000000000
6246 -844.0000000000
6255 -843.0000000000
6260 -841.0000000000
6293 -840.0000000000
6295 -839.0000000000
6301 -838.0000000000
6304 -837.0000000000
6313 -835.0000000000
6329 -834.0000000000
6359 -833.0000000000
6365 -832.0000000000
6382 -831.0000000000
6397 -830.0000000000
6399 -829.0000000000
6404 -828.0000000000
6425 -827.0000000000
6441 -826.0000000000
6444 -825.0000000000
6451 -824.0000000000
6452 -823.0000000000
6458 -822.0000000000
6464 -821.0000000000
6474 -819.0000000000
6484 -818.0000000000
6485 -817.0000000000
6487 -816.0000000000
6500 -815.0000000000
6520 -814.0000000000
6521 -813.0000000000
6525 -811.0000000000
6528 -810.0000000000
6547 -809.0000000000
6551 -807.0000000000
6577 -806.0000000000
6583 -804.0000000000
6585 -803.0000000000
6594 -802.0000000000
6595 -801.0000000000
6605 -800.0000000000
6611 -799.0000000000
6612 -798.0000000000
6643 -796.0000000000
6653 -795.0000000000
6655 -794.0000000000
6658 -793.0000000000
6665 -792.0000000000
6697 -790.0000000000
6702 -789.0000000000
6721 -788.0000000000
6732 -787.0000000000
6737 -786.0000000000
6742 -785.0000000000
6751 -784.0000000000
6753 -783.0000000000
6758 -782.0000000000
6774 -781.0000000000
6777 -780.0000000000
6805 -779.0000000000
6809 -777.0000000000
6845 -776.0000000000
6847 -775.0000000000
6862 -772.0000000000
6873 -771.0000000000
6875 -770.0000000000
6880 -769.0000000000
6884 -768.0000000000
6888 -767.0000000000
6892 -766.0000000000
6911 -765.0000000000
6919 -764.0000000000
6927 -763.0000000000
6928 -762.0000000000
6947 -761.0000000000
6957 -760.0000000000
6971 -759.0000000000
6972 -758.0000000000
6975 -756.0000000000
6994 -755.0000000000
7014 -754.0000000000
7017 -753.0000000000
7030 -752.0000000000
7052 -751.0000000000
7057 -750.0000000000
7082 -749.0000000000
7090 -748.0000000000
7093 -747.0000000000
7094 -746.0000000000
7095 -745.0000000000
7106 -744.0000000000
7121 -743.0000000000
7131 -742.0000000000
7187 -741.0000000000
7195 -740.0000000000
7197 -739.0000000000
7223 -738.0000000000
7225 -737.0000000000
7243 -736.0000000000
7270 -735.0000000000
7275 -734.0000000000
7281 -733.0000000000
7294 -732.0000000000
7295 -731.0000000000
7296 -730.0000000000
7313 -729.0000000000
7324 -728.0000000000
7349 -727.0000000000
7351 -726.0000000000
7412 -725.0000000000
7417 -724.0000000000
7422 -723.0000000000
7426 -722.0000000000
7427 -721.0000000000
7459 -720.0000000000
7496 -718.0000000000
7498 -716.0000000000
7499 -715.0000000000
7526 -714.0000000000
7536 -713.0000000000
7592 -712.0000000000
7594 -711.0000000000
7596 -710.0000000000
7602 -709.0000000000
7613 -708.0000000000
7628 -707.0000000000
7629 -706.0000000000
7646 -705.0000000000
7663 -704.0000000000
7666 -703.0000000000
7688 -702.0000000000
7710 -701.0000000000
7714 -700.0000000000
7715 -698.0000000000
7728 -697.0000000000
7758 -696.0000000000
7775 -695.0000000000
7781 -694.0000000000
7791 -693.0000000000
7814 -692.0000000000
7879 -691.0000000000
7881 -690.0000000000
7932 -689.0000000000
7933 -688.0000000000
7943 -687.0000000000
7946 -686.0000000000
7948 -684.0000000000
7949 -683.0000000000
7958 -682.0000000000
7960 -680.0000000000
7971 -679.0000000000
7998 -678.0000000000
8010 -677.0000000000
8037 -676.0000000000
8038 -675.0000000000
8040 -674.0000000000
8047 -673.0000000000
8057 -672.0000000000
8064 -671.0000000000
8067 -670.0000000000
8100 -669.0000000000
8118 -668.0000000000
8131 -667.0000000000
8142 -666.0000000000
8169 -665.0000000000
8178 -664.0000000000
8204 -663.0000000000
8205 -662.0000000000
8208 -661.0000000000
8231 -660.0000000000
8260 -659.0000000000
8261 -658.0000000000
8264 -657.0000000000
8290 -655.0000000000
8310 -654.0000000000
8335 -653.0000000000
8362 -652.0000000000
8372 -651.0000000000
8374 -650.0000000000
8376 -648.0000000000
8381 -647.0000000000
8385 -646.0000000000
8389 -645.0000000000
8392 -644.0000000000
8394 -643.0000000000
8399 -642.0000000000
8407 -641.0000000000
8446 -640.0000000000
8460 -639.0000000000
8467 -638.0000000000
8471 -637.0000000000
8503 -636.0000000000
8516 -635.0000000000
8523 -633.0000000000
8550 -632.0000000000
8559 -631.0000000000
8573 -630.0000000000
8581 -629.0000000000
8593 -628.0000000000
8606 -627.0000000000
8612 -626.0000000000
8623 -625.0000000000
8632 -624.0000000000
8688 -623.0000000000
8705 -622.0000000000
8735 -621.0000000000
8743 -620.0000000000
8750 -619.0000000000
8751 -618.0000000000
8761 -617.0000000000
8778 -616.0000000000
8782 -615.0000000000
8809 -614.0000000000
8834 -613.0000000000
8844 -612.0000000000
8875 -611.0000000000
8879 -610.0000000000
8880 -609.0000000000
8900 -608.0000000000
8903 -607.0000000000
8909 -606.0000000000
8914 -604.0000000000
8916 -603.0000000000
8935 -602.0000000000
9011 -601.0000000000
9014 -600.0000000000
9016 -599.0000000000
9019 -598.0000000000
9074 -597.0000000000
9088 -596.0000000000
9172 -595.0000000000
9221 -593.0000000000
9223 -592.0000000000
9226 -591.0000000000
9236 -590.0000000000
9245 -589.0000000000
9254 -588.0000000000
9260 -587.0000000000
9278 -586.0000000000
9285 -585.0000000000
9290 -584.0000000000
9315 -583.0000000000
9369 -582.0000000000
9402 -581.0000000000
9412 -580.0000000000
9423 -579.0000000000
9441 -578.0000000000
9454 -577.0000000000
9457 -576.0000000000
9458 -575.0000000000
9459 -573.0000000000
9497 -571.0000000000
9521 -570.0000000000
9532 -569.0000000000
9539 -568.0000000000
9542 -567.0000000000
9612 -566.0000000000
9634 -565.0000000000
9640 -564.0000000000
9647 -563.0000000000
9652 -562.0000000000
9654 -561.0000000000
9660 -560.0000000000
9705 -559.0000000000
9711 -558.0000000000
9712 -557.0000000000
9718 -556.0000000000
9733 -555.0000000000
9745 -554.0000000000
9761 -553.0000000000
9772 -552.0000000000
9785 -551.0000000000
9849 -549.0000000000
9862 -548.0000000000
9869 -547.0000000000
9873 -546.0000000000
9930 -545.0000000000
9946 -544.0000000000
9958 -543.0000000000
9969 -542.0000000000
9976 -541.0000000000
9977 -539.0000000000
10000 -541.0000000000
evaluations raw_y
1 -1994.0000000000
3 -1993.0000000000
4 -1992.0000000000
12 -1990.0000000000
13 -1989.0000000000
14 -1988.0000000000
15 -1987.0000000000
17 -1986.0000000000
18 -1984.0000000000
21 -1983.0000000000
22 -1981.0000000000
25 -1980.0000000000
28 -1979.0000000000
32 -1978.0000000000
35 -1977.0000000000
41 -1976.0000000000
46 -1974.0000000000
47 -1973.0000000000
51 -1972.0000000000
52 -1971.0000000000
53 -1970.0000000000
54 -1969.0000000000
57 -1968.0000000000
58 -1967.0000000000
61 -1964.0000000000
65 -1962.0000000000
72 -1961.0000000000
73 -1960.0000000000
76 -1959.0000000000
81 -1957.0000000000
82 -1956.0000000000
84 -1955.0000000000
85 -1954.0000000000
89 -1953.0000000000
94 -1952.0000000000
101 -1951.0000000000
105 -1950.0000000000
106 -1949.0000000000
107 -1948.0000000000
115 -1947.0000000000
116 -1946.0000000000
117 -1945.0000000000
118 -1944.0000000000
122 -1943.0000000000
123 -1941.0000000000
126 -1940.0000000000
127 -1939.0000000000
142 -1938.0000000000
145 -1937.0000000000
146 -1936.0000000000
147 -1934.0000000000
169 -1933.0000000000
170 -1932.0000000000
172 -1931.0000000000
173 -1930.0000000000
176 -1929.0000000000
179 -1928.0000000000
189 -1925.0000000000
193 -1924.0000000000
197 -1923.0000000000
209 -1922.0000000000
219 -1921.0000000000
220 -1920.0000000000
228 -1919.0000000000
229 -1918.0000000000
236 -1917.0000000000
244 -1916.0000000000
246 -1914.0000000000
248 -1912.0000000000
252 -1911.0000000000
258 -1909.0000000000
268 -1908.0000000000
276 -1907.0000000000
278 -1906.0000000000
279 -1905.0000000000
282 -1904.0000000000
283 -1902.0000000000
286 -1900.0000000000
289 -1899.0000000000
290 -1898.0000000000
292 -1897.0000000000
293 -1896.0000000000
296 -1895.0000000000
303 -1894.0000000000
306 -1893.0000000000
308 -1892.0000000000
310 -1891.0000000000
315 -1890.0000000000
318 -1888.0000000000
320 -1887.0000000000
329 -1886.0000000000
330 -1885.0000000000
331 -1883.0000000000
340 -1882.0000000000
341 -1881.0000000000
343 -1880.0000000000
346 -1879.0000000000
348 -1878.0000000000
352 -1877.0000000000
354 -1876.0000000000
356 -1874.0000000000
365 -1873.0000000000
368 -1872.0000000000
369 -1871.0000000000
372 -1870.0000000000
377 -1869.0000000000
378 -1868.0000000000
381 -1867.0000000000
382 -1866.0000000000
390 -1865.0000000000
392 -1864.0000000000
393 -1863.0000000000
394 -1862.0000000000
395 -1861.0000000000
396 -1859.0000000000
401 -1857.0000000000
412 -1856.0000000000
418 -1855.0000000000
421 -1853.0000000000
430 -1852.0000000000
433 -1851.0000000000
436 -1849.0000000000
444 -1848.0000000000
451 -1847.0000000000
457 -1846.0000000000
460 -1845.0000000000
463 -1844.0000000000
465 -1843.0000000000
474 -1840.0000000000
481 -1839.0000000000
486 -1838.0000000000
487 -1837.0000000000
491 -1836.0000000000
496 -1835.0000000000
504 -1834.0000000000
505 -1833.0000000000
509 -1832.0000000000
510 -1831.0000000000
516 -1829.0000000000
521 -1828.0000000000
523 -1826.0000000000
526 -1825.0000000000
527 -1824.0000000000
529 -1823.0000000000
531 -1822.0000000000
535 -1821.0000000000
538 -1820.0000000000
542 -1819.0000000000
543 -1818.0000000000
546 -1817.0000000000
548 -1815.0000000000
551 -1814.0000000000
554 -1813.0000000000
564 -1812.0000000000
568 -1811.0000000000
571 -1810.0000000000
573 -1809.0000000000
576 -1807.0000000000
583 -1806.0000000000
584 -1805.0000000000
588 -1804.0000000000
592 -1802.0000000000
593 -1801.0000000000
599 -1800.0000000000
601 -1799.0000000000
606 -1798.0000000000
610 -1797.0000000000
611 -1796.0000000000
624 -1794.0000000000
627 -1792.0000000000
629 -1791.0000000000
630 -1790.0000000000
634 -1789.0000000000
644 -1788.0000000000
646 -1787.0000000000
650 -1786.0000000000
651 -1784.0000000000
653 -1783.0000000000
654 -1782.0000000000
661 -1781.0000000000
668 -1780.0000000000
672 -1779.0000000000
683 -1777.0000000000
684 -1776.0000000000
688 -1775.0000000000
689 -1774.0000000000
691 -1773.0000000000
696 -1772.0000000000
704 -1771.0000000000
705 -1769.0000000000
712 -1768.0000000000
714 -1767.0000000000
719 -1766.0000000000
724 -1765.0000000000
726 -1764.0000000000
730 -1763.0000000000
744 -1761.0000000000
747 -1759.0000000000
749 -1758.0000000000
751 -1757.0000000000
761 -1756.0000000000
763 -1755.0000000000
768 -1753.0000000000
774 -1752.0000000000
783 -1751.0000000000
784 -1750.0000000000
791 -1749.0000000000
792 -1748.0000000000
793 -1745.0000000000
808 -1744.0000000000
810 -1743.0000000000
813 -1742.0000000000
826 -1741.0000000000
827 -1740.0000000000
828 -1739.0000000000
834 -1738.0000000000
835 -1737.0000000000
837 -1736.0000000000
840 -1735.0000000000
846 -1734.0000000000
855 -1732.0000000000
862 -1731.0000000000
868 -1730.0000000000
869 -1729.0000000000
872 -1728.0000000000
874 -1727.0000000000
878 -1726.0000000000
880 -1725.0000000000
886 -1723.0000000000
887 -1722.0000000000
889 -1721.0000000000
891 -1720.0000000000
893 -1718.0000000000
902 -1716.0000000000
906 -1715.0000000000
907 -1714.0000000000
919 -1713.0000000000
927 -1712.0000000000
931 -1711.0000000000
941 -1710.0000000000
942 -1708.0000000000
947 -1707.0000000000
954 -1706.0000000000
958 -1705.0000000000
963 -1704.0000000000
964 -1702.0000000000
972 -1701.0000000000
978 -1700.0000000000
989 -1699.0000000000
998 -1698.0000000000
1000 -1697.0000000000
1007 -1696.0000000000
1010 -1695.0000000000
1014 -1693.0000000000
1019 -1692.0000000000
1024 -1691.0000000000
1027 -1690.0000000000
1036 -1689.0000000000
1037 -1688.0000000000
1038 -1687.0000000000
1039 -1686.0000000000
1042 -1685.0000000000
1044 -1684.0000000000
1045 -1683.0000000000
1049 -1682.0000000000
1050 -1681.0000000000
1053 -1677.0000000000
1058 -1676.0000000000
1061 -1675.0000000000
1066 -1674.0000000000
1068 -1673.0000000000
1070 -1672.0000000000
1077 -1671.0000000000
1078 -1670.0000000000
1082 -1669.0000000000
1093 -1668.0000000000
1105 -1667.0000000000
1107 -1666.0000000000
1109 -1665.0000000000
1114 -1664.0000000000
1116 -1663.0000000000
1122 -1661.0000000000
1125 -1660.0000000000
1128 -1659.0000000000
1129 -1658.0000000000
1130 -1657.0000000000
1133 -1656.0000000000
1135 -1654.0000000000
1136 -1653.0000000000
1141 -1652.0000000000
1144 -1649.0000000000
1150 -1648.0000000000
1153 -1647.0000000000
1158 -1646.0000000000
1159 -1645.0000000000
1161 -1642.0000000000
1167 -1641.0000000000
1169 -1639.0000000000
1175 -1638.0000000000
1180 -1637.0000000000
1186 -1636.0000000000
1190 -1635.0000000000
1195 -1634.0000000000
1198 -1631.0000000000
1200 -1629.0000000000
1204 -1628.0000000000
1206 -1627.0000000000
1210 -1625.0000000000
1211 -1623.0000000000
1213 -1621.0000000000
1214 -1620.0000000000
1217 -1619.0000000000
1218 -1618.0000000000
1224 -1616.0000000000
1228 -1615.0000000000
1230 -1614.0000000000
1231 -1613.0000000000
1237 -1612.0000000000
1239 -1611.0000000000
1250 -1609.0000000000
1260 -1606.0000000000
1261 -1605.0000000000
1264 -1604.0000000000
1265 -1603.0000000000
1276 -1602.0000000000
1290 -1601.0000000000
1294 -1599.0000000000
1298 -1597.0000000000
1299 -1596.0000000000
1310 -1594.0000000000
1311 -1592.0000000000
1319 -1591.0000000000
1323 -1589.0000000000
1325 -1588.0000000000
1327 -1587.0000000000
1330 -1586.0000000000
1336 -1585.0000000000
1337 -1584.0000000000
1349 -1583.0000000000
1356 -1582.0000000000
1357 -1581.0000000000
1358 -1580.0000000000
1361 -1579.0000000000
1373 -1578.0000000000
1375 -1576.0000000000
1379 -1575.0000000000
1384 -1574.0000000000
1386 -1573.0000000000
1387 -1572.0000000000
1388 -1571.0000000000
1390 -1569.0000000000
1398 -1568.0000000000
1399 -1567.0000000000
1406 -1566.0000000000
1411 -1564.0000000000
1414 -1562.0000000000
1422 -1561.0000000000
1428 -1560.0000000000
1435 -1559.0000000000
1438 -1557.0000000000
1439 -1556.0000000000
1440 -1555.0000000000
1443 -1554.0000000000
1445 -1553.0000000000
1451 -1551.0000000000
1452 -1550.0000000000
1463 -1549.0000000000
1467 -1548.0000000000
1478 -1547.0000000000
1492 -1546.0000000000
1495 -1545.0000000000
1496 -1544.0000000000
1500 -1543.0000000000
1502 -1540.0000000000
1503 -1538.0000000000
1504 -1537.0000000000
1510 -1536.0000000000
1513 -1535.0000000000
1518 -1534.0000000000
1528 -1532.0000000000
1534 -1531.0000000000
1536 -1530.0000000000
1540 -1529.0000000000
1559 -1528.0000000000
1564 -1527.0000000000
1566 -1526.0000000000
1567 -1525.0000000000
1576 -1524.0000000000
1582 -1523.0000000000
1587 -1522.0000000000
1601 -1521.0000000000
1605 -1520.0000000000
1606 -1518.0000000000
1607 -1517.0000000000
1609 -1516.0000000000
1611 -1515.0000000000
1618 -1514.0000000000
1622 -1513.0000000000
1632 -1512.0000000000
1633 -1511.0000000000
1634 -1510.0000000000
1635 -1509.0000000000
1636 -1508.0000000000
1640 -1507.0000000000
1650 -1506.0000000000
1658 -1505.0000000000
1663 -1504.0000000000
1671 -1503.0000000000
1681 -1501.0000000000
1687 -1500.0000000000
1693 -1499.0000000000
1697 -1497.0000000000
1699 -1496.0000000000
1702 -1495.0000000000
1704 -1493.0000000000
1705 -1491.0000000000
1714 -1490.0000000000
1718 -1489.0000000000
1726 -1487.0000000000
1731 -1486.0000000000
1732 -1485.0000000000
1735 -1484.0000000000
1739 -1483.0000000000
1741 -1482.0000000000
1745 -1481.0000000000
1750 -1480.0000000000
1751 -1478.0000000000
1753 -1476.0000000000
1763 -1475.0000000000
1771 -1473.0000000000
1790 -1472.0000000000
1797 -1470.0000000000
1801 -1469.0000000000
1803 -1468.0000000000
1812 -1467.0000000000
1815 -1466.0000000000
1816 -1465.0000000000
1817 -1463.0000000000
1822 -1462.0000000000
1828 -1461.0000000000
1832 -1460.0000000000
1833 -1458.0000000000
1838 -1457.0000000000
1844 -1456.0000000000
1846 -1455.0000000000
1855 -1453.0000000000
1861 -1452.0000000000
1864 -1451.0000000000
1876 -1450.0000000000
1891 -1449.0000000000
1892 -1448.0000000000
1894 -1447.0000000000
1896 -1446.0000000000
1897 -1445.0000000000
1901 -1444.0000000000
1913 -1443.0000000000
1914 -1442.0000000000
1915 -1441.0000000000
1921 -1440.0000000000
1929 -1439.0000000000
1931 -1438.0000000000
1942 -1437.0000000000
1966 -1435.0000000000
1967 -1434.0000000000
1978 -1433.0000000000
1980 -1432.0000000000
1983 -1431.0000000000
1995 -1430.0000000000
2005 -1429.0000000000
2006 -1428.0000000000
2018 -1427.0000000000
2020 -1426.0000000000
2034 -1425.0000000000
2043 -1424.0000000000
2044 -1423.0000000000
2050 -1421.0000000000
2053 -1420.0000000000
2054 -1419.0000000000
2057 -1417.0000000000
2063 -1416.0000000000
2083 -1415.0000000000
2087 -1414.0000000000
2090 -1413.0000000000
2095 -1412.0000000000
2101 -1411.0000000000
2102 -1410.0000000000
2116 -1408.0000000000
2122 -1407.0000000000
2128 -1406.0000000000
2131 -1405.0000000000
2135 -1404.0000000000
2151 -1402.0000000000
2154 -1401.0000000000
2176 -1400.0000000000
2179 -1399.0000000000
2180 -1398.0000000000
2195 -1397.0000000000
2197 -1396.0000000000
2220 -1394.0000000000
2225 -1393.0000000000
2228 -1392.0000000000
2237 -1391.0000000000
2238 -1388.0000000000
2245 -1386.0000000000
2247 -1385.0000000000
2249 -1384.0000000000
2250 -1383.0000000000
2256 -1382.0000000000
2260 -1381.0000000000
2264 -1380.0000000000
2275 -1379.0000000000
2279 -1378.0000000000
2283 -1376.0000000000
2287 -1375.0000000000
2289 -1374.0000000000
2290 -1373.0000000000
2291 -1372.0000000000
2292 -1371.0000000000
2297 -1370.0000000000
2298 -1369.0000000000
2303 -1368.0000000000
2305 -1367.0000000000
2310 -1366.0000000000
2315 -1365.0000000000
2316 -1364.0000000000
2327 -1363.0000000000
2331 -1361.0000000000
2334 -1360.0000000000
2344 -1359.0000000000
2347 -1358.0000000000
2348 -1357.0000000000
2353 -1356.0000000000
2370 -1355.0000000000
2373 -1354.0000000000
2377 -1353.0000000000
2389 -1351.0000000000
2400 -1350.0000000000
2418 -1349.0000000000
2419 -1348.0000000000
2421 -1346.0000000000
2423 -1345.0000000000
2429 -1344.0000000000
2433 -1342.0000000000
2443 -1341.0000000000
2445 -1339.0000000000
2448 -1338.0000000000
2450 -1336.0000000000
2451 -1335.0000000000
2457 -1334.0000000000
2463 -1333.0000000000
2465 -1332.0000000000
2469 -1331.0000000000
2471 -1330.0000000000
2484 -1329.0000000000
2487 -1328.0000000000
2500 -1327.0000000000
2507 -1326.0000000000
2510 -1325.0000000000
2517 -1324.0000000000
2518 -1323.0000000000
2520 -1322.0000000000
2529 -1321.0000000000
2534 -1320.0000000000
2535 -1319.0000000000
2536 -1318.0000000000
2538 -1317.0000000000
2544 -1316.0000000000
2547 -1315.0000000000
2548 -1314.0000000000
2564 -1313.0000000000
2569 -1312.0000000000
2570 -1311.0000000000
2582 -1310.0000000000
2585 -1308.0000000000
2587 -1307.0000000000
2589 -1306.0000000000
2590 -1305.0000000000
2600 -1303.0000000000
2605 -1302.0000000000
2606 -1300.0000000000
2611 -1299.0000000000
2625 -1298.0000000000
2628 -1297.0000000000
2630 -1296.0000000000
2635 -1295.0000000000
2636 -1294.0000000000
2638 -1293.0000000000
2640 -1292.0000000000
2649 -1291.0000000000
2654 -1290.0000000000
2656 -1289.0000000000
2657 -1288.0000000000
2664 -1287.0000000000
2667 -1285.0000000000
2670 -1284.0000000000
2676 -1283.0000000000
2684 -1282.0000000000
2708 -1279.0000000000
2716 -1277.0000000000
2718 -1276.0000000000
2721 -1275.0000000000
2730 -1274.0000000000
2745 -1273.0000000000
2751 -1272.0000000000
2753 -1271.0000000000
2766 -1270.0000000000
2769 -1269.0000000000
2770 -1268.0000000000
2776 -1267.0000000000
2783 -1265.0000000000
2808 -1264.0000000000
2815 -1263.0000000000
2818 -1262.0000000000
2821 -1261.0000000000
2829 -1260.0000000000
2835 -1259.0000000000
2854 -1258.0000000000
2855 -1257.0000000000
2880 -1256.0000000000
2886 -1255.0000000000
2896 -1254.0000000000
2902 -1253.0000000000
2912 -1252.0000000000
2914 -1249.0000000000
2937 -1248.0000000000
2938 -1247.0000000000
2945 -1246.0000000000
2946 -1244.0000000000
2949 -1243.0000000000
2956 -1242.0000000000
2966 -1241.0000000000
2970 -1240.0000000000
2973 -1239.0000000000
2975 -1238.0000000000
2989 -1236.0000000000
2994 -1235.0000000000
3004 -1234.0000000000
3017 -1233.0000000000
3018 -1231.0000000000
3019 -1230.0000000000
3026 -1229.0000000000
3039 -1228.0000000000
3042 -1227.0000000000
3043 -1225.0000000000
3044 -1224.0000000000
3045 -1223.0000000000
3047 -1222.0000000000
3057 -1220.0000000000
3074 -1219.0000000000
3078 -1218.0000000000
3092 -1217.0000000000
3097 -1216.0000000000
3111 -1215.0000000000
3114 -1214.0000000000
3126 -1213.0000000000
3127 -1212.0000000000
3137 -1211.0000000000
3142 -1210.0000000000
3151 -1209.0000000000
3152 -1208.0000000000
3153 -1207.0000000000
3178 -1206.0000000000
3180 -1205.0000000000
3185 -1204.0000000000
3187 -1203.0000000000
3195 -1202.0000000000
3197 -1201.0000000000
3201 -1200.0000000000
3203 -1199.0000000000
3208 -1198.0000000000
3223 -1196.0000000000
3226 -1195.0000000000
3228 -1194.0000000000
3229 -1193.0000000000
3230 -1192.0000000000
3234 -1191.0000000000
3240 -1190.0000000000
3247 -1189.0000000000
3250 -1188.0000000000
3252 -1187.0000000000
3253 -1186.0000000000
3255 -1185.0000000000
3259 -1183.0000000000
3276 -1181.0000000000
3300 -1180.0000000000
3309 -1179.0000000000
3316 -1178.0000000000
3317 -1177.0000000000
3327 -1176.0000000000
3328 -1175.0000000000
3344 -1174.0000000000
3349 -1173.0000000000
3350 -1172.0000000000
3357 -1171.0000000000
3363 -1170.0000000000
3368 -1169.0000000000
3374 -1168.0000000000
3397 -1167.0000000000
3401 -1166.0000000000
3403 -1165.0000000000
3404 -1164.0000000000
3417 -1163.0000000000
3420 -1162.0000000000
3427 -1161.0000000000
3433 -1160.0000000000
3439 -1159.0000000000
3445 -1158.0000000000
3457 -1157.0000000000
3463 -1156.0000000000
3465 -1155.0000000000
3484 -1154.0000000000
3485 -1153.0000000000
3494 -1152.0000000000
3497 -1151.0000000000
3498 -1150.0000000000
3500 -1149.0000000000
3503 -1148.0000000000
3511 -1147.0000000000
3514 -1146.0000000000
3518 -1145.0000000000
3520 -1144.0000000000
3522 -1143.0000000000
3525 -1142.0000000000
3544 -1140.0000000000
3546 -1139.0000000000
3549 -1137.0000000000
3562 -1136.0000000000
3570 -1135.0000000000
3571 -1134.0000000000
3572 -1133.0000000000
3588 -1132.0000000000
3600 -1131.0000000000
3604 -1130.0000000000
3605 -1129.0000000000
3606 -1128.0000000000
3610 -1127.0000000000
3612 -1125.0000000000
3618 -1124.0000000000
3629 -1123.0000000000
3655 -1122.0000000000
3659 -1121.0000000000
3661 -1120.0000000000
3676 -1119.0000000000
3678 -1118.0000000000
3681 -1117.0000000000
3683 -1116.0000000000
3699 -1114.0000000000
3704 -1113.0000000000
3705 -1112.0000000000
3709 -1111.0000000000
3723 -1110.0000000000
3729 -1109.0000000000
3732 -1108.0000000000
3737 -1107.0000000000
3738 -1106.0000000000
3750 -1105.0000000000
3751 -1104.0000000000
3755 -1103.0000000000
3756 -1102.0000000000
3760 -1100.0000000000
3766 -1099.0000000000
3771 -1098.0000000000
3780 -1097.0000000000
3784 -1096.0000000000
3792 -1095.0000000000
3801 -1094.0000000000
3803 -1093.0000000000
3806 -1092.0000000000
3807 -1089.0000000000
3812 -1088.0000000000
3818 -1087.0000000000
3833 -1086.0000000000
3837 -1085.0000000000
3838 -1084.0000000000
3847 -1083.0000000000
3854 -1082.0000000000
3895 -1081.0000000000
3907 -1080.0000000000
3908 -1079.0000000000
3918 -1078.0000000000
3925 -1077.0000000000
3933 -1076.0000000000
3941 -1075.0000000000
3947 -1074.0000000000
3952 -1073.0000000000
3959 -1072.0000000000
3963 -1071.0000000000
3968 -1070.0000000000
3974 -1069.0000000000
3980 -1068.0000000000
3987 -1067.0000000000
4000 -1065.0000000000
4007 -1064.0000000000
4008 -1063.0000000000
4017 -1061.0000000000
4020 -1060.0000000000
4023 -1059.0000000000
4026 -1058.0000000000
4032 -1057.0000000000
4036 -1056.0000000000
4037 -1055.0000000000
4039 -1054.0000000000
4040 -1053.0000000000
4042 -1052.0000000000
4051 -1051.0000000000
4052 -1050.0000000000
4055 -1049.0000000000
4056 -1048.0000000000
4071 -1047.0000000000
4079 -1046.0000000000
4085 -1045.0000000000
4101 -1044.0000000000
4112 -1043.0000000000
4146 -1042.0000000000
4148 -1041.0000000000
4150 -1040.0000000000
4173 -1039.0000000000
4175 -1038.0000000000
4176 -1037.0000000000
4180 -1036.0000000000
4196 -1035.0000000000
4210 -1034.0000000000
4212 -1033.0000000000
4216 -1032.0000000000
4222 -1031.0000000000
4224 -1030.0000000000
4238 -1029.0000000000
4242 -1028.0000000000
4243 -1027.0000000000
4247 -1026.0000000000
4251 -1025.0000000000
4253 -1024.0000000000
4270 -1023.0000000000
4281 -1022.0000000000
4288 -1020.0000000000
4290 -1019.0000000000
4296 -1018.0000000000
4300 -1017.0000000000
4324 -1016.0000000000
4327 -1015.0000000000
4328 -1014.0000000000
4363 -1013.0000000000
4364 -1012.0000000000
4366 -1011.0000000000
4374 -1010.0000000000
4376 -1008.0000000000
4416 -1007.0000000000
4434 -1006.0000000000
4451 -1005.0000000000
4465 -1004.0000000000
4472 -1003.0000000000
4483 -1002.0000000000
4494 -1001.0000000000
4517 -1000.0000000000
4521 -998.0000000000
4523 -997.0000000000
4525 -996.0000000000
4526 -995.0000000000
4528 -994.0000000000
4529 -993.0000000000
4557 -992.0000000000
4564 -991.0000000000
4589 -990.0000000000
4591 -989.0000000000
4596 -988.0000000000
4598 -987.0000000000
4600 -986.0000000000
4611 -985.0000000000
4630 -984.0000000000
4639 -983.0000000000
4645 -982.0000000000
4646 -981.0000000000
4658 -980.0000000000
4666 -979.0000000000
4681 -978.0000000000
4685 -976.0000000000
4692 -975.0000000000
4693 -974.0000000000
4700 -973.0000000000
4703 -972.0000000000
4705 -971.0000000000
4711 -970.0000000000
4721 -969.0000000000
4734 -968.0000000000
4740 -967.0000000000
4752 -965.0000000000
4760 -963.0000000000
4786 -962.0000000000
4805 -961.0000000000
4807 -960.0000000000
4829 -959.0000000000
4844 -958.0000000000
4864 -957.0000000000
4866 -956.0000000000
4873 -955.0000000000
4880 -954.0000000000
4883 -953.0000000000
4884 -952.0000000000
4899 -951.0000000000
4901 -950.0000000000
4919 -949.0000000000
4940 -948.0000000000
4942 -947.0000000000
4961 -946.0000000000
4991 -945.0000000000
5000 -944.0000000000
5001 -943.0000000000
5002 -942.0000000000
5008 -941.0000000000
5011 -940.0000000000
5022 -939.0000000000
5032 -938.0000000000
5035 -937.0000000000
5036 -936.0000000000
5042 -935.0000000000
5084 -933.0000000000
5087 -932.0000000000
5098 -931.0000000000
5100 -930.0000000000
5102 -929.0000000000
5107 -928.0000000000
5113 -927.0000000000
5118 -926.0000000000
5131 -925.0000000000
5148 -924.0000000000
5150 -923.0000000000
5168 -922.0000000000
5170 -921.0000000000
5174 -919.0000000000
5178 -918.0000000000
5182 -917.0000000000
5199 -916.0000000000
5201 -915.0000000000
5213 -914.0000000000
5220 -913.0000000000
5223 -911.0000000000
5248 -910.0000000000
5255 -909.0000000000
5267 -908.0000000000
5276 -907.0000000000
5288 -906.0000000000
5300 -905.0000000000
5309 -904.0000000000
5326 -902.0000000000
5343 -901.0000000000
5345 -900.0000000000
5346 -899.0000000000
5349 -897.0000000000
5376 -895.0000000000
5383 -894.0000000000
5404 -892.0000000000
5408 -891.0000000000
5420 -889.0000000000
5426 -888.0000000000
5445 -887.0000000000
5461 -886.0000000000
5493 -885.0000000000
5497 -884.0000000000
5505 -883.0000000000
5510 -882.0000000000
5541 -881.0000000000
5575 -880.0000000000
5576 -879.0000000000
5585 -878.0000000000
5586 -877.0000000000
5603 -876.0000000000
5642 -875.0000000000
5652 -874.0000000000
5660 -873.0000000000
5662 -871.0000000000
5665 -870.0000000000
5667 -869.0000000000
5676 -868.0000000000
5682 -867.0000000000
5690 -866.0000000000
5693 -865.0000000000
5706 -864.0000000000
5707 -863.0000000000
5710 -862.0000000000
5713 -861.0000000000
5718 -860.0000000000
5727 -859.0000000000
5730 -858.0000000000
5732 -857.0000000000
5735 -856.0000000000
5741 -855.0000000000
5742 -854.0000000000
5744 -853.0000000000
5751 -852.0000000000
5752 -850.0000000000
5765 -849.0000000000
5766 -847.0000000000
5790 -846.0000000000
5796 -845.0000000000
5801 -844.0000000000
5805 -843.0000000000
5827 -842.0000000000
5843 -841.0000000000
5853 -840.0000000000
5856 -839.0000000000
5862 -837.0000000000
5882 -836.0000000000
5903 -835.0000000000
5916 -834.0000000000
5935 -833.0000000000
5939 -831.0000000000
5943 -830.0000000000
5961 -829.0000000000
5966 -828.0000000000
5969 -827.0000000000
5974 -826.0000000000
5979 -825.0000000000
5984 -824.0000000000
5985 -823.0000000000
5986 -822.0000000000
5990 -821.0000000000
6001 -820.0000000000
6014 -819.0000000000
6020 -818.0000000000
6024 -817.0000000000
6028 -816.0000000000
6038 -815.0000000000
6048 -814.0000000000
6074 -813.0000000000
6096 -812.0000000000
6100 -811.0000000000
6110 -809.0000000000
6121 -808.0000000000
6144 -807.0000000000
6151 -806.0000000000
6161 -805.0000000000
6163 -804.0000000000
6173 -803.0000000000
6199 -802.0000000000
6212 -801.0000000000
6214 -800.0000000000
6249 -799.0000000000
6265 -798.0000000000
6267 -797.0000000000
6273 -796.0000000000
6284 -795.0000000000
6286 -794.0000000000
6287 -793.0000000000
6292 -792.0000000000
6307 -791.0000000000
6308 -789.0000000000
6319 -788.0000000000
6324 -787.0000000000
6331 -786.0000000000
6333 -784.0000000000
6340 -783.0000000000
6352 -782.0000000000
6357 -781.0000000000
6375 -780.0000000000
6388 -779.0000000000
6394 -778.0000000000
6447 -776.0000000000
6451 -775.0000000000
6452 -774.0000000000
6459 -773.0000000000
6461 -772.0000000000
6463 -771.0000000000
6464 -770.0000000000
6466 -769.0000000000
6470 -768.0000000000
6496 -767.0000000000
6512 -765.0000000000
6514 -764.0000000000
6518 -763.0000000000
6551 -762.0000000000
6558 -761.0000000000
6562 -760.0000000000
6566 -759.0000000000
6569 -757.0000000000
6576 -756.0000000000
6583 -755.0000000000
6584 -754.0000000000
6598 -753.0000000000
6610 -752.0000000000
6625 -751.0000000000
6655 -750.0000000000
6659 -749.0000000000
6668 -748.0000000000
6679 -747.0000000000
6683 -745.0000000000
6685 -744.0000000000
6696 -743.0000000000
6697 -742.0000000000
6711 -741.0000000000
6721 -740.0000000000
6737 -739.0000000000
6740 -737.0000000000
6748 -735.0000000000
6752 -733.0000000000
6754 -732.0000000000
6759 -730.0000000000
6765 -729.0000000000
6794 -728.0000000000
6806 -727.0000000000
6808 -726.0000000000
6825 -725.0000000000
6847 -724.0000000000
6850 -722.0000000000
6852 -721.0000000000
6858 -720.0000000000
6913 -719.0000000000
6956 -718.0000000000
6997 -717.0000000000
7006 -716.0000000000
7010 -715.0000000000
7011 -713.0000000000
7018 -712.0000000000
7033 -711.0000000000
7045 -710.0000000000
7056 -709.0000000000
7063 -708.0000000000
7085 -707.0000000000
7091 -706.0000000000
7122 -705.0000000000
7132 -704.0000000000
7152 -703.0000000000
7153 -702.0000000000
7183 -701.0000000000
7190 -700.0000000000
7194 -699.0000000000
7224 -698.0000000000
7231 -696.0000000000
7232 -695.0000000000
7233 -693.0000000000
7234 -692.0000000000
7237 -691.0000000000
7265 -689.0000000000
7279 -688.0000000000
7284 -687.0000000000
7324 -686.0000000000
7338 -685.0000000000
7341 -684.0000000000
7363 -683.0000000000
7379 -682.0000000000
7383 -681.0000000000
7404 -680.0000000000
7411 -679.0000000000
7424 -678.0000000000
7431 -677.0000000000
7435 -676.0000000000
7455 -674.0000000000
7482 -673.0000000000
7495 -672.0000000000
7497 -671.0000000000
7516 -670.0000000000
7527 -667.0000000000
7528 -666.0000000000
7540 -665.0000000000
7545 -664.0000000000
7546 -663.0000000000
7555 -662.0000000000
7559 -661.0000000000
7574 -660.0000000000
7578 -659.0000000000
7579 -657.0000000000
7613 -656.0000000000
7621 -655.0000000000
7642 -653.0000000000
7646 -652.0000000000
7652 -651.0000000000
7710 -650.0000000000
7718 -649.0000000000
7739 -648.0000000000
7817 -647.0000000000
7831 -646.0000000000
7889 -645.0000000000
7942 -644.0000000000
7978 -643.0000000000
7986 -642.0000000000
8006 -641.0000000000
8046 -640.0000000000
8051 -639.0000000000
8056 -638.0000000000
8057 -637.0000000000
8069 -636.0000000000
8076 -635.0000000000
8093 -634.0000000000
8107 -633.0000000000
8118 -632.0000000000
8141 -630.0000000000
8152 -629.0000000000
8164 -628.0000000000
8172 -627.0000000000
8183 -625.0000000000
8194 -624.0000000000
8202 -623.0000000000
8218 -621.0000000000
8247 -620.0000000000
8249 -619.0000000000
8291 -618.0000000000
8313 -617.0000000000
8319 -616.0000000000
8327 -615.0000000000
8328 -614.0000000000
8337 -613.0000000000
8339 -612.0000000000
8351 -611.0000000000
8383 -610.0000000000
8406 -609.0000000000
8433 -608.0000000000
8436 -606.0000000000
8449 -605.0000000000
8450 -604.0000000000
8466 -603.0000000000
8473 -602.0000000000
8529 -601.0000000000
8537 -600.0000000000
8550 -599.0000000000
8564 -598.0000000000
8573 -596.0000000000
8586 -595.0000000000
8622 -594.0000000000
8626 -593.0000000000
8668 -592.0000000000
8705 -590.0000000000
8712 -589.0000000000
8714 -588.0000000000
8721 -587.0000000000
8743 -586.0000000000
8747 -585.0000000000
8752 -584.0000000000
8771 -582.0000000000
8849 -581.0000000000
8864 -579.0000000000
8900 -578.0000000000
8973 -577.0000000000
8992 -576.0000000000
8998 -575.0000000000
9005 -574.0000000000
9016 -573.0000000000
9023 -572.0000000000
9034 -571.0000000000
9043 -570.0000000000
9045 -569.0000000000
9047 -567.0000000000
9127 -566.0000000000
9129 -565.0000000000
9164 -564.0000000000
9193 -563.0000000000
9213 -562.0000000000
9218 -561.0000000000
9228 -560.0000000000
9237 -559.0000000000
9240 -558.0000000000
9243 -557.0000000000
9250 -556.0000000000
9272 -555.0000000000
9297 -554.0000000000
9339 -553.0000000000
9349 -552.0000000000
9350 -551.0000000000
9354 -549.0000000000
9394 -548.0000000000
9426 -547.0000000000
9442 -546.0000000000
9459 -545.0000000000
9480 -544.0000000000
9511 -543.0000000000
9545 -542.0000000000
9561 -539.0000000000
9584 -538.0000000000
9585 -537.0000000000
9602 -536.0000000000
9609 -535.0000000000
9652 -534.0000000000
9671 -533.0000000000
9675 -532.0000000000
9686 -531.0000000000
9692 -530.0000000000
9693 -529.0000000000
9694 -528.0000000000
9705 -527.0000000000
9743 -525.0000000000
9748 -524.0000000000
9751 -523.0000000000
9757 -522.0000000000
9763 -521.0000000000
9780 -520.0000000000
9789 -519.0000000000
9807 -518.0000000000
9827 -517.0000000000
9835 -516.0000000000
9845 -515.0000000000
9846 -514.0000000000
9855 -513.0000000000
9863 -512.0000000000
9885 -511.0000000000
9944 -510.0000000000
9967 -509.0000000000
9979 -508.0000000000
9991 -507.0000000000
10000 -508.0000000000
evaluations raw_y
1 -2023.0000000000
3 -2022.0000000000
12 -2021.0000000000
26 -2020.0000000000
27 -2019.0000000000
32 -2018.0000000000
34 -2016.0000000000
37 -2014.0000000000
39 -2013.0000000000
41 -2012.0000000000
42 -2011.0000000000
45 -2010.0000000000
46 -2008.0000000000
49 -2007.0000000000
52 -2006.0000000000
53 -2005.0000000000
59 -2004.0000000000
60 -2003.0000000000
63 -2002.0000000000
65 -2001.0000000000
71 -2000.0000000000
81 -1999.0000000000
82 -1997.0000000000
83 -1996.0000000000
93 -1995.0000000000
97 -1994.0000000000
100 -1993.0000000000
107 -1992.0000000000
114 -1991.0000000000
128 -1990.0000000000
137 -1989.0000000000
141 -1988.0000000000
142 -1987.0000000000
143 -1986.0000000000
147 -1985.0000000000
149 -1984.0000000000
155 -1983.0000000000
161 -1982.0000000000
164 -1981.0000000000
166 -1980.0000000000
171 -1979.0000000000
176 -1977.0000000000
179 -1976.0000000000
181 -1975.0000000000
187 -1974.0000000000
191 -1973.0000000000
197 -1972.0000000000
198 -1970.0000000000
202 -1969.0000000000
206 -1966.0000000000
215 -1965.0000000000
220 -1964.0000000000
221 -1963.0000000000
223 -1961.0000000000
225 -1960.0000000000
226 -1959.0000000000
236 -1957.0000000000
238 -1956.0000000000
243 -1954.0000000000
256 -1953.0000000000
259 -1951.0000000000
260 -1950.0000000000
262 -1949.0000000000
275 -1948.0000000000
278 -1946.0000000000
279 -1944.0000000000
282 -1943.0000000000
285 -1942.0000000000
293 -1941.0000000000
306 -1940.0000000000
317 -1939.0000000000
320 -1938.0000000000
322 -1937.0000000000
325 -1936.0000000000
326 -1934.0000000000
327 -1933.0000000000
329 -1932.0000000000
330 -1931.0000000000
331 -1930.0000000000
332 -1928.0000000000
334 -1927.0000000000
341 -1926.0000000000
342 -1924.0000000000
344 -1923.0000000000
352 -1921.0000000000
353 -1920.0000000000
359 -1919.0000000000
360 -1918.0000000000
365 -1917.0000000000
369 -1915.0000000000
370 -1914.0000000000
373 -1913.0000000000
377 -1912.0000000000
379 -1910.0000000000
382 -1909.0000000000
386 -1908.0000000000
397 -1907.0000000000
402 -1906.0000000000
413 -1904.0000000000
419 -1903.0000000000
424 -1901.0000000000
426 -1900.0000000000
428 -1899.0000000000
432 -1898.0000000000
435 -1896.0000000000
451 -1895.0000000000
452 -1894.0000000000
458 -1893.0000000000
466 -1891.0000000000
469 -1890.0000000000
470 -1889.0000000000
476 -1888.0000000000
477 -1886.0000000000
479 -1885.0000000000
481 -1884.0000000000
482 -1883.0000000000
483 -1882.0000000000
490 -1881.0000000000
491 -1880.0000000000
492 -1879.0000000000
504 -1878.0000000000
505 -1877.0000000000
508 -1876.0000000000
512 -1875.0000000000
514 -1874.0000000000
515 -1873.0000000000
523 -1871.0000000000
532 -1870.0000000000
533 -1866.0000000000
537 -1865.0000000000
541 -1863.0000000000
551 -1862.0000000000
562 -1861.0000000000
573 -1860.0000000000
574 -1859.0000000000
582 -1858.0000000000
593 -1857.0000000000
598 -1856.0000000000
602 -1855.0000000000
604 -1854.0000000000
605 -1853.0000000000
606 -1852.0000000000
607 -1850.0000000000
610 -1849.0000000000
613 -1848.0000000000
619 -1847.0000000000
622 -1846.0000000000
632 -1845.0000000000
633 -1844.0000000000
636 -1843.0000000000
637 -1842.0000000000
645 -1840.0000000000
652 -1839.0000000000
654 -1838.0000000000
665 -1837.0000000000
668 -1836.0000000000
669 -1835.0000000000
681 -1834.0000000000
683 -1833.0000000000
685 -1832.0000000000
688 -1829.0000000000
692 -1828.0000000000
694 -1827.0000000000
696 -1826.0000000000
700 -1825.0000000000
702 -1824.0000000000
703 -1823.0000000000
704 -1822.0000000000
709 -1821.0000000000
714 -1820.0000000000
718 -1819.0000000000
721 -1817.0000000000
725 -1815.0000000000
733 -1814.0000000000
738 -1813.0000000000
747 -1812.0000000000
749 -1811.0000000000
752 -1810.0000000000
754 -1809.0000000000
755 -1807.0000000000
766 -1806.0000000000
768 -1804.0000000000
769 -1803.0000000000
783 -1802.0000000000
784 -1801.0000000000
789 -1800.0000000000
791 -1799.0000000000
801 -1798.0000000000
802 -1797.0000000000
812 -1795.0000000000
815 -1794.0000000000
816 -1793.0000000000
819 -1792.0000000000
822 -1791.0000000000
827 -1790.0000000000
829 -1788.0000000000
830 -1787.0000000000
833 -1786.0000000000
835 -1785.0000000000
838 -1783.0000000000
842 -1782.0000000000
849 -1781.0000000000
853 -1780.0000000000
854 -1779.0000000000
857 -1778.0000000000
860 -1777.0000000000
866 -1775.0000000000
870 -1774.0000000000
873 -1772.0000000000
876 -1771.0000000000
880 -1769.0000000000
890 -1768.0000000000
903 -1767.0000000000
911 -1766.0000000000
915 -1765.0000000000
918 -1764.0000000000
930 -1763.0000000000
936 -1762.0000000000
941 -1761.0000000000
945 -1760.0000000000
946 -1759.0000000000
963 -1758.0000000000
967 -1757.0000000000
968 -1756.0000000000
977 -1755.0000000000
980 -1754.0000000000
990 -1752.0000000000
999 -1750.0000000000
1005 -1748.0000000000
1008 -1747.0000000000
1009 -1746.0000000000
1020 -1745.0000000000
1028 -1744.0000000000
1034 -1743.0000000000
1035 -1741.0000000000
1036 -1740.0000000000
1038 -1739.0000000000
1039 -1738.0000000000
1042 -1737.0000000000
1043 -1736.0000000000
1045 -1735.0000000000
1058 -1734.0000000000
1068 -1733.0000000000
1069 -1732.0000000000
1071 -1730.0000000000
1074 -1729.0000000000
1079 -1728.0000000000
1083 -1726.0000000000
1085 -1725.0000000000
1087 -1724.0000000000
1095 -1723.0000000000
1101 -1722.0000000000
1102 -1721.0000000000
1104 -1720.0000000000
1105 -1719.0000000000
1107 -1718.0000000000
1108 -1717.0000000000
1109 -1716.0000000000
1110 -1715.0000000000
1111 -1713.0000000000
1123 -1711.0000000000
1124 -1710.0000000000
1125 -1709.0000000000
1133 -1708.0000000000
1149 -1707.0000000000
1157 -1706.0000000000
1158 -1705.0000000000
1160 -1704.0000000000
1162 -1703.0000000000
1167 -1701.0000000000
1168 -1700.0000000000
1175 -1698.0000000000
1177 -1695.0000000000
1178 -1694.0000000000
1180 -1693.0000000000
1198 -1692.0000000000
1200 -1691.0000000000
1201 -1689.0000000000
1204 -1688.0000000000
1205 -1687.0000000000
1206 -1686.0000000000
1207 -1685.0000000000
1208 -1684.0000000000
1214 -1683.0000000000
1215 -1682.0000000000
1217 -1681.0000000000
1218 -1680.0000000000
1220 -1679.0000000000
1223 -1678.0000000000
1226 -1677.0000000000
1233 -1674.0000000000
1235 -1673.0000000000
1241 -1672.0000000000
1243 -1671.0000000000
1250 -1670.0000000000
1258 -1669.0000000000
1263 -1668.0000000000
1265 -1667.0000000000
1269 -1666.0000000000
1270 -1665.0000000000
1275 -1664.0000000000
1279 -1663.0000000000
1288 -1661.0000000000
1289 -1660.0000000000
1294 -1659.0000000000
1297 -1658.0000000000
1302 -1657.0000000000
1313 -1656.0000000000
1317 -1654.0000000000
1325 -1653.0000000000
1329 -1652.0000000000
1336 -1651.0000000000
1338 -1650.0000000000
1343 -1649.0000000000
1344 -1648.0000000000
1356 -1647.0000000000
1357 -1646.0000000000
1358 -1645.0000000000
1364 -1644.0000000000
1367 -1643.0000000000
1372 -1642.0000000000
1385 -1641.0000000000
1389 -1639.0000000000
1397 -1638.0000000000
1405 -1636.0000000000
1414 -1635.0000000000
1420 -1634.0000000000
1425 -1633.0000000000
1436 -1632.0000000000
1446 -1630.0000000000
1449 -1629.0000000000
1466 -1627.0000000000
1469 -1626.0000000000
1470 -1625.0000000000
1475 -1624.0000000000
1480 -1623.0000000000
1485 -1622.0000000000
1488 -1621.0000000000
1493 -1619.0000000000
1495 -1618.0000000000
1496 -1616.0000000000
1497 -1615.0000000000
1509 -1614.0000000000
1511 -1613.0000000000
1513 -1612.0000000000
1518 -1611.0000000000
1520 -1608.0000000000
1528 -1607.0000000000
1542 -1606.0000000000
1547 -1605.0000000000
1553 -1604.0000000000
1564 -1603.0000000000
1565 -1602.0000000000
1576 -1601.0000000000
1593 -1600.0000000000
1616 -1599.0000000000
1622 -1598.0000000000
1633 -1596.0000000000
1641 -1595.0000000000
1644 -1594.0000000000
1646 -1593.0000000000
1648 -1590.0000000000
1657 -1589.0000000000
1667 -1588.0000000000
1669 -1587.0000000000
1675 -1583.0000000000
1677 -1582.0000000000
1680 -1581.0000000000
1683 -1580.0000000000
1690 -1579.0000000000
1693 -1578.0000000000
1694 -1577.0000000000
1696 -1576.0000000000
1713 -1575.0000000000
1714 -1574.0000000000
1716 -1573.0000000000
1719 -1572.0000000000
1723 -1570.0000000000
1725 -1569.0000000000
1734 -1567.0000000000
1735 -1566.0000000000
1741 -1565.0000000000
1747 -1564.0000000000
1749 -1563.0000000000
1755 -1562.0000000000
1760 -1561.0000000000
1764 -1559.0000000000
1765 -1558.0000000000
1770 -1557.0000000000
1773 -1556.0000000000
1784 -1555.0000000000
1788 -1554.0000000000
1798 -1551.0000000000
1799 -1549.0000000000
1803 -1548.0000000000
1805 -1546.0000000000
1821 -1545.0000000000
1828 -1544.0000000000
1836 -1543.0000000000
1837 -1542.0000000000
1846 -1541.0000000000
1854 -1539.0000000000
1857 -1538.0000000000
1858 -1537.0000000000
1865 -1536.0000000000
1872 -1535.0000000000
1881 -1534.0000000000
1885 -1533.0000000000
1891 -1531.0000000000
1897 -1529.0000000000
1899 -1528.0000000000
1902 -1527.0000000000
1907 -1526.0000000000
1912 -1525.0000000000
1914 -1524.0000000000
1915 -1523.0000000000
1920 -1522.0000000000
1924 -1521.0000000000
1930 -1520.0000000000
1931 -1519.0000000000
1934 -1518.0000000000
1936 -1517.0000000000
1938 -1516.0000000000
1944 -1515.0000000000
1945 -1513.0000000000
1947 -1512.0000000000
1948 -1511.0000000000
1964 -1510.0000000000
1965 -1509.0000000000
1967 -1508.0000000000
1989 -1507.0000000000
2012 -1505.0000000000
2013 -1504.0000000000
2020 -1503.0000000000
2021 -1502.0000000000
2028 -1501.0000000000
2034 -1500.0000000000
2050 -1499.0000000000
2059 -1498.0000000000
2060 -1497.0000000000
2062 -1496.0000000000
2067 -1495.0000000000
2102 -1494.0000000000
2109 -1493.0000000000
2110 -1492.0000000000
2114 -1490.0000000000
2116 -1487.0000000000
2118 -1486.0000000000
2119 -1485.0000000000
2129 -1484.0000000000
2142 -1483.0000000000
2143 -1482.0000000000
2154 -1481.0000000000
2161 -1480.0000000000
2162 -1478.0000000000
2169 -1477.0000000000
2173 -1476.0000000000
2178 -1475.0000000000
2181 -1474.0000000000
2187 -1473.0000000000
2201 -1471.0000000000
2204 -1470.0000000000
2208 -1469.0000000000
2211 -1468.0000000000
2223 -1467.0000000000
2230 -1466.0000000000
2237 -1465.0000000000
2240 -1464.0000000000
2243 -1463.0000000000
2258 -1462.0000000000
2260 -1460.0000000000
2264 -1459.0000000000
2278 -1458.0000000000
2297 -1457.0000000000
2301 -1455.0000000000
2315 -1454.0000000000
2323 -1453.0000000000
2336 -1452.0000000000
2338 -1451.0000000000
2340 -1450.0000000000
2350 -1449.0000000000
2358 -1447.0000000000
2359 -1445.0000000000
2362 -1444.0000000000
2373 -1443.0000000000
2376 -1441.0000000000
2385 -1440.0000000000
2386 -1439.0000000000
2393 -1438.0000000000
2395 -1437.0000000000
2403 -1436.0000000000
2404 -1435.0000000000
2415 -1434.0000000000
2417 -1433.0000000000
2421 -1432.0000000000
2423 -1431.0000000000
2430 -1430.0000000000
2431 -1428.0000000000
2438 -1426.0000000000
2440 -1425.0000000000
2448 -1424.0000000000
2457 -1423.0000000000
2464 -1422.0000000000
2466 -1421.0000000000
2472 -1420.0000000000
2476 -1419.0000000000
2479 -1418.0000000000
2480 -1417.0000000000
2482 -1416.0000000000
2485 -1415.0000000000
2486 -1414.0000000000
2490 -1413.0000000000
2497 -1412.0000000000
2499 -1411.0000000000
2501 -1410.0000000000
2505 -1409.0000000000
2506 -1408.0000000000
2525 -1407.0000000000
2531 -1406.0000000000
2535 -1404.0000000000
2539 -1402.0000000000
2542 -1401.0000000000
2545 -1400.0000000000
2548 -1399.0000000000
2549 -1398.0000000000
2551 -1397.0000000000
2562 -1396.0000000000
2565 -1395.0000000000
2571 -1394.0000000000
2573 -1393.0000000000
2575 -1392.0000000000
2577 -1391.0000000000
2589 -1390.0000000000
2596 -1389.0000000000
2599 -1388.0000000000
2602 -1387.0000000000
2609 -1386.0000000000
2616 -1384.0000000000
2624 -1383.0000000000
2626 -1382.0000000000
2642 -1381.0000000000
2646 -1380.0000000000
2661 -1379.0000000000
2667 -1378.0000000000
2671 -1377.0000000000
2676 -1376.0000000000
2679 -1375.0000000000
2683 -1374.0000000000
2698 -1373.0000000000
2705 -1372.0000000000
2717 -1371.0000000000
2731 -1370.0000000000
2733 -1369.0000000000
2736 -1368.0000000000
2751 -1367.0000000000
2766 -1366.0000000000
2777 -1365.0000000000
2778 -1364.0000000000
2784 -1363.0000000000
2795 -1362.0000000000
2801 -1361.0000000000
2821 -1360.0000000000
2828 -1359.0000000000
2830 -1358.0000000000
2848 -1357.0000000000
2851 -1356.0000000000
2861 -1354.0000000000
2866 -1353.0000000000
2879 -1352.0000000000
2880 -1351.0000000000
2887 -1350.0000000000
2897 -1349.0000000000
2899 -1348.0000000000
2906 -1347.0000000000
2910 -1346.0000000000
2912 -1345.0000000000
2914 -1344.0000000000
2927 -1342.0000000000
2929 -1341.0000000000
2932 -1340.0000000000
2956 -1339.0000000000
2958 -1338.0000000000
2964 -1337.0000000000
2965 -1336.0000000000
2975 -1335.0000000000
2979 -1334.0000000000
2987 -1333.0000000000
2999 -1332.0000000000
3004 -1331.0000000000
3011 -1330.0000000000
3018 -1329.0000000000
3032 -1328.0000000000
3033 -1327.0000000000
3034 -1325.0000000000
3037 -1324.0000000000
3044 -1323.0000000000
3045 -1322.0000000000
3046 -1320.0000000000
3051 -1319.0000000000
3063 -1318.0000000000
3064 -1317.0000000000
3065 -1316.0000000000
3067 -1315.0000000000
3071 -1314.0000000000
3077 -1312.0000000000
3083 -1311.0000000000
3093 -1310.0000000000
3098 -1309.0000000000
3099 -1308.0000000000
3104 -1307.0000000000
3107 -1306.0000000000
3108 -1305.0000000000
3111 -1303.0000000000
3119 -1302.0000000000
3125 -1301.0000000000
3128 -1300.0000000000
3138 -1299.0000000000
3146 -1298.0000000000
3168 -1296.0000000000
3172 -1295.0000000000
3174 -1294.0000000000
3182 -1293.0000000000
3186 -1292.0000000000
3191 -1291.0000000000
3198 -1290.0000000000
3205 -1289.0000000000
3207 -1288.0000000000
3215 -1287.0000000000
3216 -1286.0000000000
3217 -1285.0000000000
3226 -1284.0000000000
3232 -1283.0000000000
3245 -1282.0000000000
3248 -1281.0000000000
3250 -1280.0000000000
3255 -1278.0000000000
3256 -1277.0000000000
3270 -1276.0000000000
3281 -1275.0000000000
3282 -1273.0000000000
3293 -1272.0000000000
3294 -1271.0000000000
3296 -1270.0000000000
3312 -1269.0000000000
3321 -1268.0000000000
3327 -1267.0000000000
3336 -1266.0000000000
3338 -1265.0000000000
3339 -1264.0000000000
3349 -1262.0000000000
3351 -1261.0000000000
3359 -1260.0000000000
3362 -1259.0000000000
3373 -1257.0000000000
3379 -1256.0000000000
3381 -1255.0000000000
3388 -1254.0000000000
3392 -1253.0000000000
3405 -1252.0000000000
3419 -1251.0000000000
3421 -1250.0000000000
3422 -1249.0000000000
3426 -1248.0000000000
3428 -1246.0000000000
3438 -1245.0000000000
3441 -1242.0000000000
3444 -1241.0000000000
3446 -1240.0000000000
3448 -1239.0000000000
3455 -1238.0000000000
3469 -1237.0000000000
3471 -1236.0000000000
3475 -1235.0000000000
3496 -1233.0000000000
3510 -1232.0000000000
3511 -1231.0000000000
3515 -1229.0000000000
3519 -1228.0000000000
3522 -1227.0000000000
3528 -1226.0000000000
3539 -1225.0000000000
3549 -1224.0000000000
3550 -1223.0000000000
3582 -1222.0000000000
3592 -1221.0000000000
3593 -1219.0000000000
3605 -1218.0000000000
3614 -1217.0000000000
3621 -1216.0000000000
3635 -1215.0000000000
3648 -1214.0000000000
3650 -1213.0000000000
3653 -1212.0000000000
3656 -1211.0000000000
3660 -1210.0000000000
3664 -1209.0000000000
3665 -1208.0000000000
3668 -1207.0000000000
3673 -1206.0000000000
3677 -1205.0000000000
3688 -1204.0000000000
3692 -1203.0000000000
3708 -1202.0000000000
3713 -1201.0000000000
3717 -1200.0000000000
3719 -1198.0000000000
3723 -1197.0000000000
3724 -1195.0000000000
3727 -1194.0000000000
3729 -1193.0000000000
3742 -1192.0000000000
3743 -1191.0000000000
3773 -1189.0000000000
3783 -1187.0000000000
3795 -1186.0000000000
3796 -1185.0000000000
3797 -1184.0000000000
3808 -1183.0000000000
3810 -1182.0000000000
3812 -1181.0000000000
3827 -1179.0000000000
3830 -1178.0000000000
3832 -1177.0000000000
3834 -1176.0000000000
3836 -1175.0000000000
3848 -1174.0000000000
3850 -1173.0000000000
3851 -1172.0000000000
3853 -1171.0000000000
3858 -1170.0000000000
3862 -1169.0000000000
3870 -1168.0000000000
3895 -1167.0000000000
3900 -1166.0000000000
3905 -1165.0000000000
3916 -1163.0000000000
3928 -1162.0000000000
3935 -1161.0000000000
3945 -1160.0000000000
3947 -1159.0000000000
3965 -1158.0000000000
3973 -1157.0000000000
3982 -1155.0000000000
3985 -1154.0000000000
3991 -1153.0000000000
3996 -1151.0000000000
4001 -1150.0000000000
4007 -1149.0000000000
4010 -1148.0000000000
4012 -1147.0000000000
4026 -1146.0000000000
4042 -1145.0000000000
4052 -1143.0000000000
4053 -1142.0000000000
4058 -1141.0000000000
4059 -1140.0000000000
4060 -1139.0000000000
4062 -1137.0000000000
4071 -1136.0000000000
4089 -1135.0000000000
4093 -1134.0000000000
4095 -1133.0000000000
4105 -1132.0000000000
4106 -1131.0000000000
4123 -1130.0000000000
4127 -1129.0000000000
4154 -1128.0000000000
4156 -1127.0000000000
4161 -1126.0000000000
4180 -1125.0000000000
4187 -1124.0000000000
4194 -1123.0000000000
4201 -1122.0000000000
4203 -1120.0000000000
4254 -1119.0000000000
4262 -1118.0000000000
4263 -1117.0000000000
4268 -1116.0000000000
4269 -1115.0000000000
4273 -1114.0000000000
4278 -1112.0000000000
4287 -1111.0000000000
4293 -1110.0000000000
4295 -1108.0000000000
4311 -1107.0000000000
4314 -1106.0000000000
4315 -1105.0000000000
4317 -1104.0000000000
4324 -1103.0000000000
4332 -1102.0000000000
4334 -1101.0000000000
4335 -1100.0000000000
4344 -1099.0000000000
4346 -1098.0000000000
4356 -1097.0000000000
4359 -1096.0000000000
4370 -1095.0000000000
4373 -1094.0000000000
4376 -1093.0000000000
4380 -1092.0000000000
4388 -1091.0000000000
4419 -1090.0000000000
4429 -1088.0000000000
4438 -1087.0000000000
4439 -1086.0000000000
4447 -1085.0000000000
4454 -1084.0000000000
4461 -1083.0000000000
4468 -1082.0000000000
4484 -1081.0000000000
4489 -1080.0000000000
4491 -1079.0000000000
4492 -1078.0000000000
4508 -1077.0000000000
4521 -1076.0000000000
4548 -1075.0000000000
4557 -1074.0000000000
4563 -1073.0000000000
4572 -1072.0000000000
4603 -1071.0000000000
4604 -1070.0000000000
4624 -1069.0000000000
4626 -1068.0000000000
4629 -1067.0000000000
4640 -1066.0000000000
4642 -1065.0000000000
4651 -1064.0000000000
4652 -1063.0000000000
4655 -1062.0000000000
4657 -1060.0000000000
4667 -1059.0000000000
4671 -1058.0000000000
4674 -1057.0000000000
4689 -1056.0000000000
4693 -1055.0000000000
4694 -1054.0000000000
4700 -1053.0000000000
4701 -1052.0000000000
4710 -1050.0000000000
4718 -1049.0000000000
4723 -1048.0000000000
4726 -1047.0000000000
4735 -1046.0000000000
4741 -1045.0000000000
4743 -1044.0000000000
4748 -1043.0000000000
4755 -1042.0000000000
4757 -1041.0000000000
4761 -1040.0000000000
4762 -1039.0000000000
4764 -1037.0000000000
4766 -1036.0000000000
4778 -1034.0000000000
4780 -1033.0000000000
4787 -1032.0000000000
4795 -1031.0000000000
4805 -1030.0000000000
4822 -1029.0000000000
4834 -1027.0000000000
4844 -1026.0000000000
4881 -1025.0000000000
4883 -1024.0000000000
4884 -1023.0000000000
4895 -1022.0000000000
4897 -1021.0000000000
4920 -1019.0000000000
4931 -1018.0000000000
4936 -1016.0000000000
4940 -1015.0000000000
4942 -1014.0000000000
4963 -1013.0000000000
4964 -1011.0000000000
4965 -1010.0000000000
4969 -1009.0000000000
4979 -1008.0000000000
4992 -1007.0000000000
5001 -1006.0000000000
5006 -1004.0000000000
5013 -1003.0000000000
5023 -1002.0000000000
5035 -1001.0000000000
5038 -999.0000000000
5042 -998.0000000000
5049 -997.0000000000
5051 -996.0000000000
5070 -995.0000000000
5086 -993.0000000000
5090 -992.0000000000
5094 -991.0000000000
5100 -990.0000000000
5113 -989.0000000000
5126 -988.0000000000
5140 -987.0000000000
5146 -985.0000000000
5150 -984.0000000000
5157 -983.0000000000
5168 -982.0000000000
5171 -981.0000000000
5181 -980.0000000000
5182 -979.0000000000
5189 -978.0000000000
5191 -977.0000000000
5193 -976.0000000000
5196 -975.0000000000
5211 -974.0000000000
5222 -973.0000000000
5225 -972.0000000000
5231 -971.0000000000
5235 -970.0000000000
5238 -969.0000000000
5239 -968.0000000000
5240 -967.0000000000
5247 -966.0000000000
5251 -965.0000000000
5253 -964.0000000000
5260 -963.0000000000
5269 -962.0000000000
5287 -961.0000000000
5292 -960.0000000000
5306 -959.0000000000
5312 -958.0000000000
5318 -957.0000000000
5319 -956.0000000000
5320 -955.0000000000
5339 -954.0000000000
5345 -953.0000000000
5358 -952.0000000000
5361 -951.0000000000
5365 -950.0000000000
5370 -949.0000000000
5371 -947.0000000000
5374 -946.0000000000
5376 -945.0000000000
5394 -944.0000000000
5410 -943.0000000000
5420 -942.0000000000
5423 -941.0000000000
5424 -940.0000000000
5433 -939.0000000000
5434 -938.0000000000
5445 -937.0000000000
5467 -936.0000000000
5473 -935.0000000000
5482 -934.0000000000
5487 -933.0000000000
5499 -931.0000000000
5502 -930.0000000000
5510 -929.0000000000
5530 -928.0000000000
5552 -927.0000000000
5555 -926.0000000000
5560 -925.0000000000
5563 -924.0000000000
5566 -923.0000000000
5586 -922.0000000000
5590 -921.0000000000
5595 -919.0000000000
5607 -918.0000000000
5621 -917.0000000000
5625 -916.0000000000
5628 -915.0000000000
5639 -914.0000000000
5646 -913.0000000000
5649 -912.0000000000
5657 -911.0000000000
5665 -910.0000000000
5669 -909.0000000000
5676 -908.0000000000
5679 -907.0000000000
5691 -905.0000000000
5693 -904.0000000000
5715 -903.0000000000
5728 -902.0000000000
5737 -901.0000000000
5740 -900.0000000000
5749 -898.0000000000
5751 -896.0000000000
5763 -893.0000000000
5765 -892.0000000000
5771 -891.0000000000
5777 -890.0000000000
5791 -889.0000000000
5797 -888.0000000000
5803 -885.0000000000
5810 -883.0000000000
5823 -882.0000000000
5826 -881.0000000000
5830 -880.0000000000
5837 -879.0000000000
5859 -878.0000000000
5860 -877.0000000000
5862 -876.0000000000
5867 -875.0000000000
5872 -874.0000000000
5905 -873.0000000000
5925 -872.0000000000
5926 -871.0000000000
5948 -870.0000000000
5979 -869.0000000000
6003 -867.0000000000
6005 -866.0000000000
6009 -865.0000000000
6026 -864.0000000000
6047 -863.0000000000
6073 -862.0000000000
6083 -861.0000000000
6086 -860.0000000000
6095 -859.0000000000
6104 -858.0000000000
6111 -857.0000000000
6117 -856.0000000000
6143 -855.0000000000
6146 -854.0000000000
6152 -853.0000000000
6154 -852.0000000000
6165 -851.0000000000
6185 -850.0000000000
6189 -849.0000000000
6207 -848.0000000000
6217 -847.0000000000
6229 -846.0000000000
6230 -845.0000000000
6250 -844.0000000000
6251 -843.0000000000
6266 -842.0000000000
6272 -841.0000000000
6277 -840.0000000000
6280 -839.0000000000
6281 -837.0000000000
6289 -836.0000000000
6292 -835.0000000000
6303 -834.0000000000
6316 -833.0000000000
6350 -832.0000000000
6355 -831.0000000000
6363 -830.0000000000
6364 -829.0000000000
6367 -827.0000000000
6369 -826.0000000000
6393 -824.0000000000
6433 -823.0000000000
6438 -822.0000000000
6452 -821.0000000000
6471 -820.0000000000
6474 -819.0000000000
6487 -818.0000000000
6492 -816.0000000000
6508 -815.0000000000
6522 -814.0000000000
6524 -813.0000000000
6528 -812.0000000000
6532 -811.0000000000
6566 -810.0000000000
6577 -809.0000000000
6579 -808.0000000000
6582 -807.0000000000
6590 -806.0000000000
6593 -805.0000000000
6603 -804.0000000000
6618 -803.0000000000
6638 -802.0000000000
6679 -801.0000000000
6685 -800.0000000000
6717 -799.0000000000
6720 -798.0000000000
6738 -797.0000000000
6759 -796.0000000000
6761 -794.0000000000
6762 -793.0000000000
6774 -792.0000000000
6778 -791.0000000000
6805 -790.0000000000
6806 -789.0000000000
6817 -788.0000000000
6818 -787.0000000000
6820 -786.0000000000
6824 -785.0000000000
6829 -784.0000000000
6840 -783.0000000000
6884 -782.0000000000
6903 -781.0000000000
6933 -780.0000000000
6952 -779.0000000000
6957 -778.0000000000
6971 -777.0000000000
6982 -776.0000000000
6986 -775.0000000000
6992 -774.0000000000
7021 -773.0000000000
7051 -772.0000000000
7056 -771.0000000000
7066 -770.0000000000
7069 -769.0000000000
7096 -768.0000000000
7098 -767.0000000000
7099 -766.0000000000
7128 -765.0000000000
7130 -764.0000000000
7136 -762.0000000000
7216 -761.0000000000
7221 -760.0000000000
7236 -759.0000000000
7251 -758.0000000000
7255 -757.0000000000
7260 -756.0000000000
7285 -755.0000000000
7299 -754.0000000000
7305 -753.0000000000
7313 -752.0000000000
7320 -751.0000000000
7350 -750.0000000000
7356 -749.0000000000
7371 -748.0000000000
7372 -746.0000000000
7379 -745.0000000000
7418 -744.0000000000
7427 -743.0000000000
7445 -742.0000000000
7448 -739.0000000000
7459 -738.0000000000
7487 -737.0000000000
7489 -736.0000000000
7502 -735.0000000000
7516 -733.0000000000
7559 -732.0000000000
7562 -731.0000000000
7564 -730.0000000000
7587 -729.0000000000
7590 -728.0000000000
7592 -727.0000000000
7598 -726.0000000000
7604 -725.0000000000
7619 -724.0000000000
7623 -723.0000000000
7629 -722.0000000000
7636 -720.0000000000
7648 -719.0000000000
7657 -718.0000000000
7690 -717.0000000000
7735 -716.0000000000
7754 -715.0000000000
7801 -714.0000000000
7834 -713.0000000000
7838 -712.0000000000
7847 -711.0000000000
7880 -710.0000000000
7883 -709.0000000000
7886 -708.0000000000
7896 -707.0000000000
7898 -706.0000000000
7925 -704.0000000000
7936 -703.0000000000
7945 -702.0000000000
7954 -701.0000000000
7963 -700.0000000000
7973 -698.0000000000
7988 -697.0000000000
7994 -695.0000000000
8008 -694.0000000000
8010 -693.0000000000
8014 -692.0000000000
8017 -691.0000000000
8031 -690.0000000000
8059 -689.0000000000
8071 -688.0000000000
8075 -686.0000000000
8079 -685.0000000000
8082 -684.0000000000
8085 -683.0000000000
8086 -682.0000000000
8090 -681.0000000000
8096 -680.0000000000
8101 -679.0000000000
8105 -678.0000000000
8121 -677.0000000000
8132 -676.0000000000
8138 -674.0000000000
8141 -673.0000000000
8142 -671.0000000000
8155 -670.0000000000
8179 -669.0000000000
8180 -668.0000000000
8195 -667.0000000000
8202 -666.0000000000
8205 -664.0000000000
8240 -663.0000000000
8244 -662.0000000000
8264 -661.0000000000
8270 -660.0000000000
8281 -659.0000000000
8293 -658.0000000000
8327 -657.0000000000
8360 -656.0000000000
8365 -655.0000000000
8386 -654.0000000000
8406 -653.0000000000
8408 -652.0000000000
8422 -651.0000000000
8435 -650.0000000000
8439 -649.0000000000
8453 -648.0000000000
8461 -646.0000000000
8491 -645.0000000000
8504 -644.0000000000
8512 -643.0000000000
8515 -642.0000000000
8516 -641.0000000000
8535 -640.0000000000
8545 -639.0000000000
8547 -638.0000000000
8551 -637.0000000000
8558 -636.0000000000
8562 -635.0000000000
8565 -634.0000000000
8581 -632.0000000000
8658 -630.0000000000
8666 -629.0000000000
8677 -628.0000000000
8679 -627.0000000000
8680 -626.0000000000
8687 -625.0000000000
8692 -624.0000000000
8702 -623.0000000000
8703 -622.0000000000
8741 -621.0000000000
8751 -620.0000000000
8805 -619.0000000000
8810 -618.0000000000
8814 -617.0000000000
8817 -616.0000000000
8818 -615.0000000000
8826 -614.0000000000
8839 -613.0000000000
8856 -612.0000000000
8883 -611.0000000000
8895 -610.0000000000
8897 -609.0000000000
8905 -608.0000000000
8942 -607.0000000000
8946 -606.0000000000
8966 -605.0000000000
8971 -603.0000000000
8981 -602.0000000000
9024 -601.0000000000
9028 -600.0000000000
9037 -599.0000000000
9045 -598.0000000000
9076 -597.0000000000
9093 -596.0000000000
9105 -593.0000000000
9113 -591.0000000000
9114 -589.0000000000
9182 -588.0000000000
9233 -587.0000000000
9244 -586.0000000000
9276 -585.0000000000
9285 -584.0000000000
9291 -583.0000000000
9294 -582.0000000000
9302 -581.0000000000
9303 -580.0000000000
9313 -579.0000000000
9333 -577.0000000000
9417 -576.0000000000
9420 -575.0000000000
9445 -574.0000000000
9485 -573.0000000000
9513 -572.0000000000
9566 -571.0000000000
9579 -570.0000000000
9593 -569.0000000000
9594 -568.0000000000
9602 -567.0000000000
9632 -566.0000000000
9644 -565.0000000000
9645 -564.0000000000
9671 -563.0000000000
9683 -562.0000000000
9705 -561.0000000000
9713 -560.0000000000
9752 -559.0000000000
9755 -558.0000000000
9806 -557.0000000000
9825 -556.0000000000
9829 -555.0000000000
9850 -554.0000000000
9905 -553.0000000000
9917 -552.0000000000
9918 -551.0000000000
9929 -550.0000000000
9960 -549.0000000000
9980 -548.0000000000
10000 -550.0000000000
evaluations raw_y
1 -2028.0000000000
2 -2027.0000000000
6 -2025.0000000000
7 -2024.0000000000
10 -2022.0000000000
19 -2020.0000000000
20 -2019.0000000000
25 -2015.0000000000
33 -2014.0000000000
44 -2013.0000000000
48 -2011.0000000000
57 -2010.0000000000
60 -2009.0000000000
70 -2008.0000000000
75 -2007.0000000000
76 -2006.0000000000
79 -2005.0000000000
84 -2003.0000000000
88 -2002.0000000000
89 -2000.0000000000
103 -1999.0000000000
106 -1998.0000000000
109 -1997.0000000000
112 -1996.0000000000
113 -1995.0000000000
122 -1994.0000000000
127 -1993.0000000000
129 -1992.0000000000
132 -1991.0000000000
136 -1990.0000000000
139 -1989.0000000000
141 -1988.0000000000
146 -1987.0000000000
150 -1986.0000000000
158 -1985.0000000000
159 -1984.0000000000
160 -1983.0000000000
161 -1982.0000000000
162 -1981.0000000000
170 -1980.0000000000
176 -1979.0000000000
179 -1978.0000000000
180 -1977.0000000000
183 -1976.0000000000
189 -1975.0000000000
191 -1974.0000000000
194 -1973.0000000000
195 -1971.0000000000
196 -1970.0000000000
202 -1968.0000000000
219 -1967.0000000000
230 -1966.0000000000
231 -1965.0000000000
232 -1964.0000000000
234 -1962.0000000000
236 -1961.0000000000
245 -1960.0000000000
246 -1959.0000000000
247 -1957.0000000000
252 -1954.0000000000
256 -1953.0000000000
257 -1952.0000000000
265 -1950.0000000000
268 -1949.0000000000
271 -1948.0000000000
275 -1947.0000000000
280 -1946.0000000000
287 -1944.0000000000
288 -1943.0000000000
291 -1942.0000000000
293 -1941.0000000000
295 -1940.0000000000
306 -1939.0000000000
308 -1938.0000000000
309 -1937.0000000000
311 -1936.0000000000
316 -1935.0000000000
318 -1934.0000000000
319 -1932.0000000000
322 -1931.0000000000
323 -1930.0000000000
325 -1928.0000000000
338 -1926.0000000000
349 -1924.0000000000
352 -1922.0000000000
358 -1921.0000000000
361 -1920.0000000000
363 -1919.0000000000
367 -1918.0000000000
370 -1917.0000000000
377 -1916.0000000000
380 -1915.0000000000
387 -1913.0000000000
391 -1911.0000000000
392 -1910.0000000000
400 -1909.0000000000
401 -1907.0000000000
406 -1906.0000000000
409 -1905.0000000000
412 -1904.0000000000
414 -1903.0000000000
416 -1902.0000000000
418 -1901.0000000000
421 -1899.0000000000
425 -1898.0000000000
432 -1897.0000000000
435 -1896.0000000000
440 -1895.0000000000
442 -1893.0000000000
443 -1892.0000000000
444 -1890.0000000000
452 -1889.0000000000
455 -1886.0000000000
456 -1885.0000000000
457 -1884.0000000000
463 -1883.0000000000
466 -1882.0000000000
471 -1879.0000000000
477 -1878.0000000000
478 -1877.0000000000
479 -1876.0000000000
481 -1875.0000000000
483 -1874.0000000000
485 -1873.0000000000
489 -1872.0000000000
491 -1871.0000000000
494 -1870.0000000000
505 -1869.0000000000
514 -1868.0000000000
517 -1867.0000000000
526 -1866.0000000000
527 -1865.0000000000
528 -1863.0000000000
538 -1861.0000000000
539 -1860.0000000000
540 -1859.0000000000
542 -1858.0000000000
554 -1856.0000000000
562 -1855.0000000000
565 -1854.0000000000
567 -1851.0000000000
569 -1850.0000000000
573 -1848.0000000000
574 -1846.0000000000
576 -1844.0000000000
584 -1842.0000000000
585 -1841.0000000000
588 -1840.0000000000
590 -1839.0000000000
592 -1837.0000000000
596 -1836.0000000000
598 -1835.0000000000
600 -1834.0000000000
602 -1833.0000000000
609 -1832.0000000000
611 -1831.0000000000
613 -1830.0000000000
619 -1829.0000000000
622 -1828.0000000000
623 -1825.0000000000
627 -1823.0000000000
630 -1821.0000000000
635 -1819.0000000000
647 -1817.0000000000
653 -1815.0000000000
658 -1814.0000000000
661 -1813.0000000000
669 -1812.0000000000
673 -1811.0000000000
674 -1810.0000000000
678 -1809.0000000000
681 -1808.0000000000
682 -1807.0000000000
683 -1806.0000000000
687 -1805.0000000000
688 -1804.0000000000
689 -1803.0000000000
690 -1801.0000000000
692 -1799.0000000000
693 -1798.0000000000
694 -1797.0000000000
700 -1796.0000000000
701 -1795.0000000000
704 -1793.0000000000
716 -1791.0000000000
722 -1790.0000000000
728 -1789.0000000000
733 -1788.0000000000
735 -1786.0000000000
741 -1785.0000000000
742 -1784.0000000000
746 -1783.0000000000
748 -1782.0000000000
753 -1781.0000000000
754 -1780.0000000000
758 -1778.0000000000
760 -1777.0000000000
772 -1776.0000000000
776 -1775.0000000000
779 -1774.0000000000
781 -1773.0000000000
783 -1772.0000000000
789 -1771.0000000000
791 -1770.0000000000
797 -1769.0000000000
804 -1767.0000000000
816 -1766.0000000000
820 -1765.0000000000
839 -1764.0000000000
841 -1763.0000000000
843 -1762.0000000000
845 -1761.0000000000
851 -1760.0000000000
855 -1757.0000000000
856 -1755.0000000000
861 -1754.0000000000
871 -1753.0000000000
880 -1752.0000000000
883 -1751.0000000000
888 -1748.0000000000
899 -1747.0000000000
904 -1745.0000000000
905 -1744.0000000000
923 -1743.0000000000
925 -1742.0000000000
926 -1740.0000000000
935 -1739.0000000000
936 -1738.0000000000
940 -1737.0000000000
944 -1736.0000000000
945 -1735.0000000000
949 -1734.0000000000
950 -1733.0000000000
951 -1732.0000000000
953 -1731.0000000000
971 -1730.0000000000
974 -1727.0000000000
978 -1726.0000000000
981 -1725.0000000000
985 -1724.0000000000
986 -1723.0000000000
998 -1721.0000000000
1009 -1719.0000000000
1012 -1718.0000000000
1014 -1717.0000000000
1017 -1716.0000000000
1021 -1715.0000000000
1022 -1714.0000000000
1025 -1713.0000000000
1028 -1712.0000000000
1031 -1709.0000000000
1035 -1708.0000000000
1040 -1707.0000000000
1043 -1705.0000000000
1048 -1704.0000000000
1056 -1703.0000000000
1058 -1702.0000000000
1063 -1700.0000000000
1065 -1698.0000000000
1066 -1697.0000000000
1067 -1696.0000000000
1073 -1695.0000000000
1081 -1694.0000000000
1082 -1693.0000000000
1083 -1691.0000000000
1092 -1690.0000000000
1095 -1689.0000000000
1100 -1687.0000000000
1101 -1686.0000000000
1105 -1684.0000000000
1110 -1683.0000000000
1119 -1682.0000000000
1124 -1681.0000000000
1135 -1680.0000000000
1138 -1678.0000000000
1139 -1676.0000000000
1145 -1675.0000000000
1147 -1674.0000000000
1148 -1671.0000000000
1155 -1670.0000000000
1161 -1669.0000000000
1167 -1668.0000000000
1173 -1667.0000000000
1185 -1666.0000000000
1189 -1664.0000000000
1190 -1663.0000000000
1192 -1661.0000000000
1194 -1660.0000000000
1201 -1659.0000000000
1214 -1658.0000000000
1225 -1657.0000000000
1241 -1656.0000000000
1254 -1654.0000000000
1263 -1653.0000000000
1271 -1651.0000000000
1273 -1650.0000000000
1284 -1649.0000000000
1286 -1648.0000000000
1291 -1647.0000000000
1294 -1646.0000000000
1295 -1644.0000000000
1296 -1642.0000000000
1301 -1641.0000000000
1307 -1640.0000000000
1312 -1639.0000000000
1315 -1637.0000000000
1322 -1636.0000000000
1331 -1635.0000000000
1335 -1634.0000000000
1341 -1633.0000000000
1343 -1632.0000000000
1356 -1631.0000000000
1358 -1630.0000000000
1360 -1629.0000000000
1361 -1628.0000000000
1368 -1627.0000000000
1375 -1625.0000000000
1379 -1624.0000000000
1383 -1623.0000000000
1387 -1622.0000000000
1406 -1621.0000000000
1411 -1620.0000000000
1419 -1619.0000000000
1420 -1618.0000000000
1429 -1617.0000000000
1430 -1616.0000000000
1435 -1615.0000000000
1439 -1614.0000000000
1440 -1613.0000000000
1442 -1612.0000000000
1446 -1611.0000000000
1448 -1610.0000000000
1468 -1609.0000000000
1476 -1608.0000000000
1477 -1607.0000000000
1478 -1606.0000000000
1479 -1605.0000000000
1486 -1604.0000000000
1487 -1603.0000000000
1492 -1602.0000000000
1498 -1600.0000000000
1500 -1599.0000000000
1506 -1596.0000000000
1508 -1595.0000000000
1512 -1594.0000000000
1513 -1593.0000000000
1514 -1589.0000000000
1515 -1587.0000000000
1520 -1586.0000000000
1526 -1585.0000000000
1528 -1584.0000000000
1542 -1582.0000000000
1544 -1581.0000000000
1548 -1579.0000000000
1585 -1578.0000000000
1595 -1577.0000000000
1597 -1576.0000000000
1602 -1574.0000000000
1610 -1571.0000000000
1612 -1570.0000000000
1615 -1569.0000000000
1617 -1568.0000000000
1620 -1566.0000000000
1624 -1565.0000000000
1631 -1564.0000000000
1633 -1563.0000000000
1636 -1562.0000000000
1648 -1561.0000000000
1663 -1560.0000000000
1665 -1559.0000000000
1666 -1558.0000000000
1688 -1557.0000000000
1690 -1555.0000000000
1705 -1554.0000000000
1709 -1553.0000000000
1710 -1552.0000000000
1716 -1551.0000000000
1718 -1550.0000000000
1720 -1549.0000000000
1722 -1548.0000000000
1724 -1547.0000000000
1725 -1546.0000000000
1727 -1545.0000000000
1733 -1544.0000000000
1737 -1542.0000000000
1745 -1541.0000000000
1749 -1540.0000000000
1751 -1539.0000000000
1753 -1538.0000000000
1764 -1537.0000000000
1765 -1536.0000000000
1771 -1535.0000000000
1775 -1534.0000000000
1778 -1533.0000000000
1780 -1532.0000000000
1781 -1531.0000000000
1787 -1530.0000000000
1790 -1529.0000000000
1796 -1528.0000000000
1799 -1527.0000000000
1805 -1526.0000000000
1807 -1525.0000000000
1814 -1524.0000000000
1817 -1522.0000000000
1820 -1521.0000000000
1826 -1520.0000000000
1828 -1519.0000000000
1832 -1517.0000000000
1842 -1516.0000000000
1856 -1515.0000000000
1857 -1514.0000000000
1867 -1513.0000000000
1869 -1511.0000000000
1871 -1509.0000000000
1874 -1508.0000000000
1878 -1507.0000000000
1882 -1505.0000000000
1887 -1504.0000000000
1889 -1503.0000000000
1899 -1502.0000000000
1900 -1501.0000000000
1901 -1500.0000000000
1906 -1499.0000000000
1910 -1497.0000000000
1920 -1496.0000000000
1935 -1495.0000000000
1937 -1494.0000000000
1946 -1493.0000000000
1948 -1492.0000000000
1952 -1491.0000000000
1955 -1489.0000000000
1961 -1488.0000000000
1962 -1487.0000000000
1966 -1486.0000000000
1979 -1485.0000000000
1990 -1484.0000000000
1995 -1483.0000000000
1998 -1482.0000000000
2005 -1481.0000000000
2020 -1480.0000000000
2052 -1479.0000000000
2059 -1478.0000000000
2068 -1477.0000000000
2073 -1476.0000000000
2085 -1475.0000000000
2089 -1473.0000000000
2092 -1472.0000000000
2096 -1471.0000000000
2103 -1470.0000000000
2109 -1469.0000000000
2118 -1468.0000000000
2119 -1467.0000000000
2126 -1466.0000000000
2132 -1465.0000000000
2139 -1463.0000000000
2142 -1462.0000000000
2143 -1461.0000000000
2144 -1460.0000000000
2150 -1458.0000000000
2163 -1457.0000000000
2171 -1456.0000000000
2176 -1455.0000000000
2195 -1454.0000000000
2196 -1453.0000000000
2210 -1451.0000000000
2213 -1449.0000000000
2229 -1448.0000000000
2237 -1446.0000000000
2240 -1445.0000000000
2245 -1444.0000000000
2247 -1443.0000000000
2253 -1441.0000000000
2258 -1439.0000000000
2268 -1438.0000000000
2274 -1437.0000000000
2280 -1436.0000000000
2283 -1435.0000000000
2284 -1434.0000000000
2289 -1432.0000000000
2291 -1431.0000000000
2299 -1430.0000000000
2303 -1429.0000000000
2309 -1427.0000000000
2318 -1426.0000000000
2324 -1425.0000000000
2334 -1424.0000000000
2339 -1423.0000000000
2341 -1422.0000000000
2342 -1421.0000000000
2345 -1420.0000000000
2348 -1419.0000000000
2355 -1418.0000000000
2360 -1417.0000000000
2364 -1416.0000000000
2367 -1415.0000000000
2373 -1414.0000000000
2377 -1412.0000000000
2387 -1410.0000000000
2391 -1409.0000000000
2394 -1408.0000000000
2396 -1407.0000000000
2400 -1406.0000000000
2403 -1405.0000000000
2414 -1404.0000000000
2415 -1403.0000000000
2416 -1401.0000000000
2422 -1400.0000000000
2423 -1397.0000000000
2424 -1396.0000000000
2429 -1394.0000000000
2435 -1393.0000000000
2437 -1392.0000000000
2441 -1391.0000000000
2445 -1390.0000000000
2459 -1389.0000000000
2461 -1388.0000000000
2467 -1387.0000000000
2472 -1386.0000000000
2473 -1385.0000000000
2487 -1384.0000000000
2490 -1383.0000000000
2495 -1382.0000000000
2512 -1381.0000000000
2517 -1380.0000000000
2532 -1379.0000000000
2537 -1378.0000000000
2541 -1377.0000000000
2543 -1376.0000000000
2544 -1375.0000000000
2545 -1374.0000000000
2547 -1372.0000000000
2548 -1370.0000000000
2549 -1369.0000000000
2553 -1368.0000000000
2556 -1367.0000000000
2568 -1366.0000000000
2578 -1364.0000000000
2581 -1363.0000000000
2582 -1362.0000000000
2583 -1361.0000000000
2591 -1360.0000000000
2593 -1358.0000000000
2601 -1357.0000000000
2615 -1356.0000000000
2629 -1354.0000000000
2632 -1353.0000000000
2636 -1352.0000000000
2637 -1351.0000000000
2638 -1350.0000000000
2640 -1349.0000000000
2648 -1348.0000000000
2654 -1347.0000000000
2668 -1346.0000000000
2671 -1345.0000000000
2679 -1343.0000000000
2680 -1342.0000000000
2686 -1341.0000000000
2696 -1340.0000000000
2708 -1339.0000000000
2709 -1337.0000000000
2711 -1336.0000000000
2724 -1335.0000000000
2741 -1334.0000000000
2742 -1331.0000000000
2747 -1330.0000000000
2759 -1329.0000000000
2766 -1328.0000000000
2770 -1327.0000000000
2771 -1325.0000000000
2785 -1324.0000000000
2799 -1323.0000000000
2810 -1322.0000000000
2812 -1321.0000000000
2816 -1320.0000000000
2827 -1319.0000000000
2833 -1318.0000000000
2848 -1317.0000000000
2851 -1316.0000000000
2854 -1315.0000000000
2855 -1313.0000000000
2870 -1312.0000000000
2881 -1311.0000000000
2883 -1310.0000000000
2903 -1309.0000000000
2917 -1308.0000000000
2922 -1307.0000000000
2927 -1304.0000000000
2930 -1303.0000000000
2935 -1301.0000000000
2937 -1300.0000000000
2945 -1299.0000000000
2957 -1298.0000000000
2960 -1297.0000000000
2973 -1296.0000000000
2975 -1295.0000000000
2978 -1294.0000000000
2980 -1292.0000000000
3001 -1291.0000000000
3002 -1290.0000000000
3003 -1289.0000000000
3010 -1287.0000000000
3012 -1286.0000000000
3025 -1284.0000000000
3028 -1283.0000000000
3030 -1282.0000000000
3031 -1281.0000000000
3033 -1280.0000000000
3046 -1278.0000000000
3064 -1277.0000000000
3065 -1276.0000000000
3066 -1275.0000000000
3067 -1274.0000000000
3068 -1272.0000000000
3074 -1271.0000000000
3083 -1270.0000000000
3084 -1269.0000000000
3093 -1268.0000000000
3095 -1266.0000000000
3099 -1265.0000000000
3136 -1264.0000000000
3144 -1263.0000000000
3159 -1262.0000000000
3171 -1261.0000000000
3177 -1260.0000000000
3179 -1259.0000000000
3186 -1258.0000000000
3191 -1257.0000000000
3192 -1256.0000000000
3207 -1255.0000000000
3210 -1252.0000000000
3213 -1251.0000000000
3219 -1250.0000000000
3227 -1249.0000000000
3230 -1248.0000000000
3239 -1246.0000000000
3243 -1245.0000000000
3244 -1244.0000000000
3245 -1242.0000000000
3268 -1240.0000000000
3275 -1239.0000000000
3278 -1238.0000000000
3279 -1237.0000000000
3285 -1236.0000000000
3286 -1235.0000000000
3288 -1234.0000000000
3293 -1233.0000000000
3306 -1232.0000000000
3320 -1230.0000000000
3330 -1229.0000000000
3347 -1228.0000000000
3348 -1227.0000000000
3351 -1225.0000000000
3357 -1223.0000000000
3366 -1222.0000000000
3369 -1221.0000000000
3371 -1219.0000000000
3380 -1218.0000000000
3382 -1217.0000000000
3385 -1216.0000000000
3391 -1215.0000000000
3393 -1214.0000000000
3404 -1213.0000000000
3410 -1211.0000000000
3416 -1210.0000000000
3428 -1209.0000000000
3429 -1208.0000000000
3436 -1207.0000000000
3437 -1204.0000000000
3442 -1203.0000000000
3443 -1202.0000000000
3448 -1201.0000000000
3454 -1200.0000000000
3459 -1199.0000000000
3466 -1198.0000000000
3468 -1197.0000000000
3469 -1195.0000000000
3474 -1194.0000000000
3478 -1193.0000000000
3485 -1192.0000000000
3492 -1190.0000000000
3494 -1189.0000000000
3496 -1188.0000000000
3521 -1187.0000000000
3525 -1186.0000000000
3532 -1185.0000000000
3535 -1184.0000000000
3537 -1183.0000000000
3551 -1182.0000000000
3552 -1181.0000000000
3556 -1179.0000000000
3566 -1178.0000000000
3571 -1177.0000000000
3574 -1176.0000000000
3575 -1175.0000000000
3576 -1174.0000000000
3580 -1173.0000000000
3595 -1171.0000000000
3596 -1169.0000000000
3597 -1168.0000000000
3603 -1167.0000000000
3611 -1166.0000000000
3624 -1164.0000000000
3628 -1163.0000000000
3635 -1161.0000000000
3638 -1160.0000000000
3640 -1158.0000000000
3647 -1157.0000000000
3659 -1156.0000000000
3664 -1155.0000000000
3668 -1153.0000000000
3670 -1152.0000000000
3676 -1149.0000000000
3711 -1148.0000000000
3719 -1147.0000000000
3726 -1146.0000000000
3732 -1145.0000000000
3736 -1144.0000000000
3739 -1143.0000000000
3750 -1142.0000000000
3758 -1141.0000000000
3767 -1140.0000000000
3768 -1139.0000000000
3775 -1138.0000000000
3776 -1137.0000000000
3781 -1136.0000000000
3788 -1135.0000000000
3792 -1134.0000000000
3804 -1133.0000000000
3806 -1132.0000000000
3822 -1131.0000000000
3825 -1130.0000000000
3832 -1129.0000000000
3843 -1128.0000000000
3845 -1127.0000000000
3853 -1125.0000000000
3854 -1124.0000000000
3862 -1123.0000000000
3863 -1122.0000000000
3867 -1121.0000000000
3873 -1120.0000000000
3878 -1119.0000000000
3884 -1118.0000000000
3896 -1117.0000000000
3897 -1116.0000000000
3903 -1115.0000000000
3914 -1114.0000000000
3917 -1113.0000000000
3956 -1112.0000000000
3975 -1111.0000000000
3978 -1110.0000000000
3983 -1109.0000000000
3987 -1108.0000000000
3989 -1107.0000000000
4001 -1106.0000000000
4008 -1104.0000000000
4018 -1103.0000000000
4033 -1102.0000000000
4039 -1101.0000000000
4041 -1100.0000000000
4046 -1099.0000000000
4063 -1098.0000000000
4064 -1097.0000000000
4068 -1095.0000000000
4073 -1094.0000000000
4074 -1093.0000000000
4117 -1092.0000000000
4127 -1091.0000000000
4133 -1089.0000000000
4147 -1088.0000000000
4158 -1087.0000000000
4185 -1085.0000000000
4187 -1084.0000000000
4189 -1083.0000000000
4192 -1081.0000000000
4203 -1080.0000000000
4204 -1079.0000000000
4213 -1078.0000000000
4236 -1077.0000000000
4249 -1076.0000000000
4259 -1073.0000000000
4270 -1072.0000000000
4280 -1071.0000000000
4285 -1070.0000000000
4300 -1069.0000000000
4324 -1068.0000000000
4327 -1067.0000000000
4358 -1065.0000000000
4371 -1064.0000000000
4382 -1062.0000000000
4389 -1061.0000000000
4393 -1060.0000000000
4403 -1059.0000000000
4414 -1058.0000000000
4425 -1057.0000000000
4426 -1055.0000000000
4439 -1054.0000000000
4444 -1053.0000000000
4460 -1052.0000000000
4466 -1051.0000000000
4477 -1050.0000000000
4487 -1049.0000000000
4488 -1048.0000000000
4497 -1047.0000000000
4499 -1046.0000000000
4504 -1045.0000000000
4512 -1044.0000000000
4514 -1043.0000000000
4517 -1042.0000000000
4519 -1041.0000000000
4521 -1039.0000000000
4523 -1038.0000000000
4547 -1036.0000000000
4569 -1035.0000000000
4571 -1034.0000000000
4581 -1033.0000000000
4585 -1032.0000000000
4593 -1031.0000000000
4599 -1030.0000000000
4606 -1029.0000000000
4635 -1028.0000000000
4644 -1027.0000000000
4653 -1026.0000000000
4657 -1025.0000000000
4664 -1024.0000000000
4679 -1023.0000000000
4688 -1022.0000000000
4709 -1021.0000000000
4710 -1020.0000000000
4717 -1018.0000000000
4732 -1016.0000000000
4748 -1015.0000000000
4764 -1014.0000000000
4767 -1013.0000000000
4768 -1012.0000000000
4808 -1011.0000000000
4811 -1010.0000000000
4819 -1009.0000000000
4827 -1008.0000000000
4832 -1007.0000000000
4847 -1006.0000000000
4857 -1005.0000000000
4864 -1004.0000000000
4878 -1002.0000000000
4881 -1001.0000000000
4912 -1000.0000000000
4916 -999.0000000000
4918 -998.0000000000
4920 -997.0000000000
4921 -996.0000000000
4924 -995.0000000000
4925 -994.0000000000
4926 -993.0000000000
4930 -992.0000000000
4931 -991.0000000000
4932 -990.0000000000
4937 -989.0000000000
4938 -988.0000000000
4949 -987.0000000000
4960 -986.0000000000
4971 -985.0000000000
4972 -984.0000000000
4974 -983.0000000000
4976 -982.0000000000
4984 -981.0000000000
4989 -980.0000000000
4994 -979.0000000000
4998 -978.0000000000
5003 -977.0000000000
5009 -975.0000000000
5011 -974.0000000000
5058 -973.0000000000
5067 -972.0000000000
5069 -971.0000000000
5073 -970.0000000000
5074 -969.0000000000
5088 -968.0000000000
5090 -967.0000000000
5091 -966.0000000000
5121 -965.0000000000
5123 -964.0000000000
5127 -963.0000000000
5130 -962.0000000000
5134 -961.0000000000
5147 -960.0000000000
5152 -959.0000000000
5177 -958.0000000000
5184 -957.0000000000
5186 -956.0000000000
5193 -955.0000000000
5211 -954.0000000000
5223 -953.0000000000
5232 -951.0000000000
5234 -950.0000000000
5238 -949.0000000000
5245 -948.0000000000
5247 -947.0000000000
5275 -946.0000000000
5276 -945.0000000000
5310 -944.0000000000
5322 -943.0000000000
5323 -942.0000000000
5324 -941.0000000000
5339 -940.0000000000
5342 -939.0000000000
5348 -937.0000000000
5353 -936.0000000000
5361 -934.0000000000
5366 -933.0000000000
5396 -932.0000000000
5412 -931.0000000000
5422 -930.0000000000
5424 -929.0000000000
5425 -928.0000000000
5432 -927.0000000000
5438 -926.0000000000
5444 -925.0000000000
5450 -924.0000000000
5451 -923.0000000000
5454 -922.0000000000
5455 -921.0000000000
5462 -920.0000000000
5469 -918.0000000000
5470 -917.0000000000
5481 -916.0000000000
5487 -915.0000000000
5496 -914.0000000000
5497 -913.0000000000
5500 -912.0000000000
5501 -911.0000000000
5510 -910.0000000000
5511 -908.0000000000
5512 -907.0000000000
5516 -906.0000000000
5523 -905.0000000000
5540 -904.0000000000
5557 -903.0000000000
5563 -902.0000000000
5567 -901.0000000000
5599 -900.0000000000
5605 -899.0000000000
5611 -898.0000000000
5625 -897.0000000000
5643 -896.0000000000
5646 -895.0000000000
5647 -894.0000000000
5654 -893.0000000000
5658 -892.0000000000
5670 -891.0000000000
5677 -889.0000000000
5689 -888.0000000000
5709 -887.0000000000
5733 -886.0000000000
5754 -885.0000000000
5755 -884.0000000000
5766 -883.0000000000
5777 -882.0000000000
5812 -881.0000000000
5846 -879.0000000000
5854 -878.0000000000
5879 -877.0000000000
5881 -876.0000000000
5882 -874.0000000000
5911 -873.0000000000
5913 -871.0000000000
5918 -870.0000000000
5922 -869.0000000000
5924 -868.0000000000
5963 -867.0000000000
5965 -866.0000000000
5974 -864.0000000000
6020 -863.0000000000
6071 -862.0000000000
6072 -861.0000000000
6091 -860.0000000000
6104 -858.0000000000
6124 -857.0000000000
6136 -856.0000000000
6154 -855.0000000000
6170 -854.0000000000
6188 -853.0000000000
6205 -852.0000000000
6214 -851.0000000000
6220 -850.0000000000
6237 -849.0000000000
6244 -848.0000000000
6276 -847.0000000000
6289 -846.0000000000
6308 -845.0000000000
6309 -844.0000000000
6310 -842.0000000000
6313 -841.0000000000
6331 -840.0000000000
6364 -839.0000000000
6368 -838.0000000000
6375 -837.0000000000
6395 -835.0000000000
6396 -833.0000000000
6435 -832.0000000000
6442 -831.0000000000
6444 -830.0000000000
6460 -829.0000000000
6478 -827.0000000000
6504 -826.0000000000
6509 -825.0000000000
6516 -824.0000000000
6520 -822.0000000000
6524 -821.0000000000
6542 -820.0000000000
6547 -819.0000000000
6553 -818.0000000000
6564 -816.0000000000
6566 -815.0000000000
6577 -813.0000000000
6589 -812.0000000000
6591 -811.0000000000
6618 -810.0000000000
6620 -809.0000000000
6624 -808.0000000000
6626 -807.0000000000
6677 -805.0000000000
6694 -803.0000000000
6705 -802.0000000000
6713 -801.0000000000
6716 -800.0000000000
6729 -799.0000000000
6737 -798.0000000000
6759 -797.0000000000
6769 -796.0000000000
6776 -795.0000000000
6792 -794.0000000000
6802 -793.0000000000
6806 -792.0000000000
6808 -791.0000000000
6885 -790.0000000000
6886 -789.0000000000
6889 -788.0000000000
6892 -787.0000000000
6908 -786.0000000000
6910 -785.0000000000
6928 -784.0000000000
6931 -783.0000000000
6941 -780.0000000000
6948 -779.0000000000
6965 -778.0000000000
6979 -777.0000000000
6981 -776.0000000000
6986 -775.0000000000
6987 -774.0000000000
7025 -773.0000000000
7034 -772.0000000000
7035 -771.0000000000
7049 -770.0000000000
7064 -769.0000000000
7065 -768.0000000000
7090 -767.0000000000
7098 -766.0000000000
7111 -765.0000000000
7114 -764.0000000000
7125 -763.0000000000
7145 -762.0000000000
7148 -761.0000000000
7168 -760.0000000000
7174 -759.0000000000
7193 -758.0000000000
7194 -757.0000000000
7195 -756.0000000000
7205 -755.0000000000
7209 -754.0000000000
7227 -753.0000000000
7252 -752.0000000000
7261 -751.0000000000
7276 -750.0000000000
7292 -749.0000000000
7318 -748.0000000000
7320 -746.0000000000
7333 -745.0000000000
7338 -744.0000000000
7369 -743.0000000000
7378 -742.0000000000
7391 -741.0000000000
7412 -740.0000000000
7428 -739.0000000000
7429 -738.0000000000
7440 -737.0000000000
7443 -736.0000000000
7459 -735.0000000000
7465 -734.0000000000
7484 -733.0000000000
7492 -732.0000000000
7498 -731.0000000000
7508 -730.0000000000
7509 -729.0000000000
7512 -728.0000000000
7517 -727.0000000000
7544 -725.0000000000
7555 -724.0000000000
7572 -723.0000000000
7589 -722.0000000000
7594 -720.0000000000
7595 -718.0000000000
7607 -717.0000000000
7612 -716.0000000000
7619 -715.0000000000
7650 -714.0000000000
7659 -713.0000000000
7676 -712.0000000000
7696 -711.0000000000
7703 -710.0000000000
7728 -709.0000000000
7733 -708.0000000000
7767 -707.0000000000
7774 -706.0000000000
7799 -705.0000000000
7808 -704.0000000000
7846 -702.0000000000
7873 -701.0000000000
7895 -700.0000000000
7916 -699.0000000000
7919 -698.0000000000
7927 -697.0000000000
7953 -696.0000000000
7964 -695.0000000000
7971 -694.0000000000
7972 -693.0000000000
7977 -692.0000000000
7980 -691.0000000000
7989 -690.0000000000
8022 -689.0000000000
8047 -687.0000000000
8048 -686.0000000000
8068 -685.0000000000
8070 -684.0000000000
8072 -683.0000000000
8079 -682.0000000000
8080 -681.0000000000
8092 -680.0000000000
8099 -679.0000000000
8104 -678.0000000000
8125 -677.0000000000
8132 -676.0000000000
8163 -675.0000000000
8197 -674.0000000000
8245 -673.0000000000
8250 -672.0000000000
8259 -671.0000000000
8266 -670.0000000000
8280 -668.0000000000
8293 -666.0000000000
8319 -665.0000000000
8325 -664.0000000000
8326 -662.0000000000
8335 -661.0000000000
8336 -659.0000000000
8337 -657.0000000000
8343 -656.0000000000
8359 -655.0000000000
8367 -654.0000000000
8386 -653.0000000000
8390 -652.0000000000
8395 -651.0000000000
8414 -650.0000000000
8459 -649.0000000000
8469 -648.0000000000
8477 -647.0000000000
8517 -646.0000000000
8530 -645.0000000000
8560 -644.0000000000
8574 -643.0000000000
8598 -641.0000000000
8610 -640.0000000000
8622 -639.0000000000
8630 -638.0000000000
8640 -637.0000000000
8654 -636.0000000000
8662 -635.0000000000
8700 -634.0000000000
8708 -633.0000000000
8751 -632.0000000000
8767 -631.0000000000
8785 -629.0000000000
8791 -628.0000000000
8844 -627.0000000000
8851 -626.0000000000
8854 -625.0000000000
8855 -624.0000000000
8887 -623.0000000000
8902 -622.0000000000
8921 -621.0000000000
8942 -620.0000000000
8956 -619.0000000000
8969 -618.0000000000
9001 -617.0000000000
9022 -616.0000000000
9031 -615.0000000000
9048 -613.0000000000
9056 -612.0000000000
9099 -611.0000000000
9103 -609.0000000000
9105 -608.0000000000
9111 -607.0000000000
9115 -605.0000000000
9131 -603.0000000000
9145 -602.0000000000
9171 -601.0000000000
9176 -600.0000000000
9179 -599.0000000000
9201 -598.0000000000
9228 -597.0000000000
9231 -596.0000000000
9255 -595.0000000000
9268 -592.0000000000
9273 -591.0000000000
9311 -590.0000000000
9314 -588.0000000000
9330 -587.0000000000
9339 -586.0000000000
9341 -585.0000000000
9343 -584.0000000000
9345 -583.0000000000
9349 -582.0000000000
9359 -581.0000000000
9420 -580.0000000000
9425 -579.0000000000
9435 -578.0000000000
9442 -577.0000000000
9452 -576.0000000000
9469 -575.0000000000
9485 -574.0000000000
9508 -573.0000000000
9511 -572.0000000000
9534 -571.0000000000
9535 -570.0000000000
9565 -569.0000000000
9571 -568.0000000000
9586 -567.0000000000
9599 -566.0000000000
9600 -565.0000000000
9651 -564.0000000000
9677 -563.0000000000
9692 -562.0000000000
9709 -561.0000000000
9713 -560.0000000000
9719 -559.0000000000
9729 -558.0000000000
9730 -557.0000000000
9749 -556.0000000000
9773 -555.0000000000
9788 -554.0000000000
9821 -553.0000000000
9847 -552.0000000000
9874 -551.0000000000
9890 -550.0000000000
9893 -549.0000000000
9927 -548.0000000000
9980 -547.0000000000
9982 -546.0000000000
9984 -545.0000000000
10000 -545.0000000000
evaluations raw_y
1 -2050.0000000000
2 -2048.0000000000
3 -2046.0000000000
4 -2044.0000000000
16 -2043.0000000000
18 -2042.0000000000
20 -2041.0000000000
23 -2039.0000000000
32 -2038.0000000000
35 -2037.0000000000
38 -2036.0000000000
39 -2035.0000000000
41 -2034.0000000000
43 -2033.0000000000
50 -2032.0000000000
52 -2030.0000000000
53 -2029.0000000000
59 -2028.0000000000
62 -2027.0000000000
66 -2026.0000000000
67 -2025.0000000000
70 -2024.0000000000
76 -2023.0000000000
79 -2022.0000000000
82 -2020.0000000000
85 -2019.0000000000
87 -2018.0000000000
95 -2017.0000000000
97 -2016.0000000000
101 -2014.0000000000
102 -2013.0000000000
105 -2012.0000000000
107 -2011.0000000000
115 -2010.0000000000
118 -2009.0000000000
131 -2008.0000000000
135 -2007.0000000000
136 -2006.0000000000
141 -2005.0000000000
142 -2002.0000000000
143 -2001.0000000000
144 -2000.0000000000
148 -1999.0000000000
152 -1997.0000000000
156 -1994.0000000000
161 -1993.0000000000
167 -1992.0000000000
178 -1991.0000000000
182 -1990.0000000000
184 -1989.0000000000
187 -1988.0000000000
190 -1986.0000000000
196 -1985.0000000000
202 -1984.0000000000
203 -1983.0000000000
204 -1982.0000000000
205 -1981.0000000000
209 -1980.0000000000
210 -1979.0000000000
211 -1978.0000000000
215 -1976.0000000000
218 -1974.0000000000
219 -1972.0000000000
221 -1971.0000000000
223 -1970.0000000000
232 -1969.0000000000
237 -1967.0000000000
239 -1966.0000000000
247 -1965.0000000000
251 -1964.0000000000
257 -1962.0000000000
260 -1961.0000000000
263 -1960.0000000000
266 -1959.0000000000
270 -1958.0000000000
272 -1957.0000000000
279 -1956.0000000000
284 -1954.0000000000
285 -1953.0000000000
286 -1952.0000000000
288 -1951.0000000000
293 -1950.0000000000
306 -1948.0000000000
313 -1947.0000000000
315 -1946.0000000000
317 -1945.0000000000
318 -1943.0000000000
332 -1941.0000000000
348 -1940.0000000000
350 -1939.0000000000
351 -1938.0000000000
352 -1937.0000000000
356 -1936.0000000000
357 -1935.0000000000
358 -1934.0000000000
363 -1933.0000000000
364 -1932.0000000000
365 -1931.0000000000
366 -1930.0000000000
377 -1928.0000000000
382 -1927.0000000000
385 -1926.0000000000
389 -1923.0000000000
390 -1922.0000000000
396 -1921.0000000000
397 -1920.0000000000
402 -1919.0000000000
406 -1918.0000000000
414 -1917.0000000000
422 -1915.0000000000
424 -1914.0000000000
428 -1913.0000000000
429 -1911.0000000000
439 -1910.0000000000
452 -1909.0000000000
456 -1908.0000000000
457 -1907.0000000000
460 -1905.0000000000
467 -1904.0000000000
469 -1902.0000000000
471 -1901.0000000000
473 -1900.0000000000
480 -1899.0000000000
484 -1898.0000000000
489 -1897.0000000000
495 -1896.0000000000
504 -1894.0000000000
505 -1893.0000000000
506 -1892.0000000000
510 -1891.0000000000
513 -1890.0000000000
518 -1889.0000000000
528 -1888.0000000000
529 -1887.0000000000
534 -1886.0000000000
539 -1885.0000000000
551 -1884.0000000000
556 -1883.0000000000
559 -1882.0000000000
564 -1881.0000000000
566 -1879.0000000000
569 -1878.0000000000
571 -1877.0000000000
575 -1876.0000000000
581 -1875.0000000000
604 -1874.0000000000
605 -1872.0000000000
608 -1871.0000000000
615 -1870.0000000000
616 -1869.0000000000
621 -1868.0000000000
628 -1867.0000000000
632 -1865.0000000000
641 -1864.0000000000
642 -1863.0000000000
645 -1862.0000000000
648 -1860.0000000000
651 -1858.0000000000
661 -1857.0000000000
662 -1855.0000000000
668 -1853.0000000000
670 -1852.0000000000
671 -1851.0000000000
675 -1850.0000000000
679 -1849.0000000000
684 -1847.0000000000
686 -1845.0000000000
687 -1842.0000000000
693 -1841.0000000000
698 -1840.0000000000
699 -1839.0000000000
700 -1838.0000000000
702 -1837.0000000000
704 -1836.0000000000
707 -1835.0000000000
714 -1834.0000000000
715 -1833.0000000000
718 -1832.0000000000
722 -1830.0000000000
724 -1829.0000000000
725 -1828.0000000000
726 -1826.0000000000
728 -1824.0000000000
731 -1823.0000000000
741 -1822.0000000000
745 -1821.0000000000
749 -1820.0000000000
750 -1818.0000000000
764 -1817.0000000000
769 -1816.0000000000
785 -1815.0000000000
788 -1814.0000000000
790 -1812.0000000000
806 -1811.0000000000
813 -1808.0000000000
815 -1806.0000000000
819 -1805.0000000000
824 -1804.0000000000
831 -1803.0000000000
837 -1802.0000000000
840 -1800.0000000000
850 -1799.0000000000
852 -1798.0000000000
856 -1797.0000000000
857 -1796.0000000000
864 -1795.0000000000
871 -1794.0000000000
873 -1793.0000000000
874 -1792.0000000000
879 -1791.0000000000
882 -1790.0000000000
883 -1788.0000000000
885 -1787.0000000000
897 -1786.0000000000
901 -1785.0000000000
904 -1784.0000000000
906 -1781.0000000000
907 -1780.0000000000
914 -1779.0000000000
916 -1778.0000000000
922 -1777.0000000000
925 -1776.0000000000
930 -1774.0000000000
933 -1773.0000000000
934 -1772.0000000000
937 -1771.0000000000
939 -1769.0000000000
944 -1768.0000000000
946 -1767.0000000000
947 -1766.0000000000
949 -1765.0000000000
955 -1764.0000000000
957 -1761.0000000000
962 -1760.0000000000
964 -1759.0000000000
965 -1758.0000000000
969 -1757.0000000000
973 -1756.0000000000
974 -1755.0000000000
977 -1754.0000000000
979 -1753.0000000000
981 -1752.0000000000
982 -1751.0000000000
987 -1750.0000000000
991 -1749.0000000000
999 -1748.0000000000
1002 -1747.0000000000
1011 -1745.0000000000
1012 -1744.0000000000
1014 -1743.0000000000
1016 -1742.0000000000
1018 -1740.0000000000
1028 -1739.0000000000
1031 -1738.0000000000
1038 -1737.0000000000
1039 -1736.0000000000
1042 -1735.0000000000
1044 -1734.0000000000
1047 -1733.0000000000
1048 -1732.0000000000
1052 -1731.0000000000
1055 -1730.0000000000
1063 -1729.0000000000
1065 -1728.0000000000
1070 -1727.0000000000
1071 -1726.0000000000
1073 -1725.0000000000
1078 -1723.0000000000
1079 -1722.0000000000
1087 -1721.0000000000
1113 -1720.0000000000
1114 -1718.0000000000
1118 -1717.0000000000
1119 -1716.0000000000
1120 -1715.0000000000
1122 -1714.0000000000
1124 -1712.0000000000
1128 -1711.0000000000
1130 -1710.0000000000
1132 -1708.0000000000
1138 -1707.0000000000
1146 -1706.0000000000
1150 -1705.0000000000
1156 -1703.0000000000
1164 -1702.0000000000
1166 -1701.0000000000
1167 -1700.0000000000
1169 -1697.0000000000
1171 -1696.0000000000
1172 -1695.0000000000
1174 -1694.0000000000
1179 -1693.0000000000
1182 -1692.0000000000
1186 -1691.0000000000
1196 -1689.0000000000
1199 -1688.0000000000
1202 -1687.0000000000
1208 -1686.0000000000
1212 -1685.0000000000
1218 -1684.0000000000
1219 -1682.0000000000
1220 -1681.0000000000
1221 -1680.0000000000
1222 -1679.0000000000
1224 -1678.0000000000
1235 -1677.0000000000
1242 -1676.0000000000
1249 -1674.0000000000
1250 -1673.0000000000
1254 -1672.0000000000
1256 -1671.0000000000
1258 -1669.0000000000
1265 -1668.0000000000
1271 -1667.0000000000
1275 -1666.0000000000
1295 -1665.0000000000
1300 -1663.0000000000
1301 -1662.0000000000
1303 -1661.0000000000
1304 -1659.0000000000
1313 -1658.0000000000
1318 -1657.0000000000
1332 -1656.0000000000
1333 -1655.0000000000
1339 -1654.0000000000
1341 -1653.0000000000
1344 -1652.0000000000
1348 -1651.0000000000
1350 -1649.0000000000
1351 -1647.0000000000
1357 -1646.0000000000
1359 -1645.0000000000
1362 -1642.0000000000
1366 -1640.0000000000
1369 -1639.0000000000
1372 -1638.0000000000
1373 -1637.0000000000
1374 -1636.0000000000
1378 -1635.0000000000
1384 -1633.0000000000
1391 -1632.0000000000
1400 -1631.0000000000
1401 -1630.0000000000
1404 -1628.0000000000
1413 -1627.0000000000
1429 -1626.0000000000
1432 -1625.0000000000
1433 -1624.0000000000
1438 -1623.0000000000
1440 -1622.0000000000
1445 -1620.0000000000
1452 -1619.0000000000
1454 -1618.0000000000
1457 -1617.0000000000
1458 -1616.0000000000
1461 -1615.0000000000
1462 -1614.0000000000
1468 -1613.0000000000
1471 -1611.0000000000
1472 -1610.0000000000
1478 -1609.0000000000
1483 -1608.0000000000
1484 -1607.0000000000
1493 -1606.0000000000
1499 -1605.0000000000
1502 -1604.0000000000
1503 -1603.0000000000
1504 -1602.0000000000
1509 -1601.0000000000
1511 -1600.0000000000
1514 -1598.0000000000
1517 -1597.0000000000
1519 -1596.0000000000
1521 -1595.0000000000
1524 -1593.0000000000
1526 -1591.0000000000
1532 -1590.0000000000
1534 -1589.0000000000
1546 -1588.0000000000
1555 -1587.0000000000
1561 -1586.0000000000
1568 -1585.0000000000
1579 -1583.0000000000
1586 -1582.0000000000
1591 -1581.0000000000
1599 -1580.0000000000
1610 -1579.0000000000
1611 -1578.0000000000
1613 -1577.0000000000
1617 -1575.0000000000
1619 -1574.0000000000
1621 -1573.0000000000
1637 -1571.0000000000
1638 -1570.0000000000
1643 -1569.0000000000
1645 -1568.0000000000
1649 -1567.0000000000
1658 -1566.0000000000
1660 -1565.0000000000
1661 -1564.0000000000
1663 -1563.0000000000
1666 -1562.0000000000
1668 -1560.0000000000
1672 -1559.0000000000
1674 -1558.0000000000
1690 -1557.0000000000
1692 -1556.0000000000
1700 -1555.0000000000
1705 -1554.0000000000
1706 -1553.0000000000
1709 -1552.0000000000
1711 -1551.0000000000
1712 -1550.0000000000
1715 -1549.0000000000
1725 -1548.0000000000
1732 -1547.0000000000
1735 -1546.0000000000
1737 -1545.0000000000
1740 -1543.0000000000
1741 -1542.0000000000
1749 -1541.0000000000
1771 -1539.0000000000
1781 -1538.0000000000
1786 -1536.0000000000
1787 -1535.0000000000
1804 -1534.0000000000
1811 -1533.0000000000
1814 -1531.0000000000
1818 -1529.0000000000
1819 -1528.0000000000
1820 -1526.0000000000
1823 -1524.0000000000
1826 -1523.0000000000
1842 -1522.0000000000
1854 -1521.0000000000
1863 -1518.0000000000
1868 -1517.0000000000
1874 -1516.0000000000
1876 -1515.0000000000
1884 -1514.0000000000
1885 -1513.0000000000
1887 -1512.0000000000
1891 -1511.0000000000
1892 -1510.0000000000
1895 -1509.0000000000
1896 -1508.0000000000
1897 -1507.0000000000
1903 -1506.0000000000
1919 -1505.0000000000
1927 -1504.0000000000
1928 -1501.0000000000
1929 -1500.0000000000
1943 -1499.0000000000
1945 -1498.0000000000
1946 -1497.0000000000
1947 -1496.0000000000
1950 -1495.0000000000
1954 -1494.0000000000
1955 -1493.0000000000
1959 -1492.0000000000
1974 -1491.0000000000
1976 -1490.0000000000
1979 -1489.0000000000
1981 -1488.0000000000
1993 -1487.0000000000
1996 -1485.0000000000
1997 -1483.0000000000
2000 -1482.0000000000
2005 -1481.0000000000
2006 -1480.0000000000
2016 -1478.0000000000
2020 -1477.0000000000
2022 -1476.0000000000
2030 -1475.0000000000
2039 -1474.0000000000
2040 -1473.0000000000
2043 -1472.0000000000
2044 -1471.0000000000
2054 -1469.0000000000
2057 -1468.0000000000
2067 -1467.0000000000
2075 -1466.0000000000
2077 -1465.0000000000
2083 -1464.0000000000
2086 -1462.0000000000
2087 -1461.0000000000
2090 -1460.0000000000
2091 -1459.0000000000
2094 -1458.0000000000
2100 -1456.0000000000
2109 -1455.0000000000
2126 -1454.0000000000
2127 -1453.0000000000
2130 -1452.0000000000
2149 -1451.0000000000
2150 -1450.0000000000
2151 -1449.0000000000
2153 -1448.0000000000
2154 -1447.0000000000
2156 -1446.0000000000
2157 -1444.0000000000
2164 -1441.0000000000
2172 -1440.0000000000
2173 -1439.0000000000
2177 -1438.0000000000
2187 -1437.0000000000
2196 -1436.0000000000
2197 -1435.0000000000
2208 -1434.0000000000
2209 -1433.0000000000
2216 -1432.0000000000
2218 -1431.0000000000
2235 -1429.0000000000
2236 -1428.0000000000
2240 -1427.0000000000
2241 -1426.0000000000
2243 -1425.0000000000
2248 -1424.0000000000
2255 -1423.0000000000
2264 -1422.0000000000
2271 -1421.0000000000
2283 -1420.0000000000
2295 -1419.0000000000
2296 -1418.0000000000
2303 -1417.0000000000
2304 -1416.0000000000
2309 -1415.0000000000
2310 -1414.0000000000
2316 -1413.0000000000
2323 -1412.0000000000
2324 -1410.0000000000
2327 -1409.0000000000
2330 -1407.0000000000
2336 -1406.0000000000
2338 -1405.0000000000
2345 -1404.0000000000
2359 -1403.0000000000
2360 -1401.0000000000
2361 -1400.0000000000
2364 -1399.0000000000
2367 -1398.0000000000
2380 -1397.0000000000
2386 -1396.0000000000
2387 -1395.0000000000
2393 -1394.0000000000
2396 -1393.0000000000
2401 -1391.0000000000
2405 -1389.0000000000
2409 -1388.0000000000
2414 -1387.0000000000
2415 -1386.0000000000
2419 -1385.0000000000
2423 -1384.0000000000
2428 -1383.0000000000
2430 -1382.0000000000
2436 -1381.0000000000
2445 -1380.0000000000
2452 -1379.0000000000
2454 -1378.0000000000
2456 -1376.0000000000
2458 -1375.0000000000
2461 -1374.0000000000
2462 -1373.0000000000
2464 -1371.0000000000
2465 -1370.0000000000
2468 -1369.0000000000
2470 -1368.0000000000
2473 -1367.0000000000
2476 -1365.0000000000
2480 -1364.0000000000
2484 -1363.0000000000
2486 -1362.0000000000
2490 -1361.0000000000
2502 -1360.0000000000
2521 -1359.0000000000
2522 -1358.0000000000
2526 -1357.0000000000
2535 -1356.0000000000
2541 -1355.0000000000
2557 -1354.0000000000
2558 -1352.0000000000
2571 -1350.0000000000
2572 -1349.0000000000
2579 -1348.0000000000
2582 -1347.0000000000
2589 -1346.0000000000
2600 -1345.0000000000
2604 -1344.0000000000
2607 -1343.0000000000
2614 -1342.0000000000
2623 -1341.0000000000
2640 -1340.0000000000
2646 -1337.0000000000
2662 -1334.0000000000
2671 -1333.0000000000
2676 -1331.0000000000
2693 -1329.0000000000
2696 -1328.0000000000
2702 -1327.0000000000
2705 -1326.0000000000
2722 -1325.0000000000
2725 -1324.0000000000
2730 -1323.0000000000
2753 -1321.0000000000
2758 -1320.0000000000
2763 -1319.0000000000
2782 -1316.0000000000
2784 -1315.0000000000
2786 -1314.0000000000
2790 -1313.0000000000
2794 -1312.0000000000
2796 -1311.0000000000
2799 -1310.0000000000
2802 -1309.0000000000
2805 -1307.0000000000
2810 -1305.0000000000
2821 -1303.0000000000
2827 -1302.0000000000
2831 -1301.0000000000
2833 -1300.0000000000
2838 -1299.0000000000
2858 -1298.0000000000
2880 -1297.0000000000
2882 -1296.0000000000
2883 -1295.0000000000
2895 -1294.0000000000
2898 -1292.0000000000
2901 -1291.0000000000
2903 -1290.0000000000
2904 -1286.0000000000
2909 -1285.0000000000
2912 -1284.0000000000
2931 -1283.0000000000
2934 -1282.0000000000
2946 -1281.0000000000
2963 -1280.0000000000
2968 -1279.0000000000
2971 -1278.0000000000
2984 -1277.0000000000
2992 -1276.0000000000
2994 -1275.0000000000
2997 -1272.0000000000
3003 -1271.0000000000
3020 -1270.0000000000
3023 -1269.0000000000
3025 -1268.0000000000
3040 -1267.0000000000
3041 -1266.0000000000
3055 -1265.0000000000
3059 -1264.0000000000
3064 -1263.0000000000
3067 -1262.0000000000
3074 -1261.0000000000
3080 -1260.0000000000
3084 -1259.0000000000
3106 -1258.0000000000
3110 -1257.0000000000
3133 -1256.0000000000
3141 -1255.0000000000
3158 -1254.0000000000
3159 -1253.0000000000
3172 -1252.0000000000
3174 -1251.0000000000
3177 -1250.0000000000
3188 -1249.0000000000
3193 -1248.0000000000
3194 -1247.0000000000
3197 -1245.0000000000
3202 -1244.0000000000
3205 -1243.0000000000
3209 -1242.0000000000
3215 -1241.0000000000
3218 -1240.0000000000
3224 -1239.0000000000
3235 -1237.0000000000
3251 -1236.0000000000
3254 -1235.0000000000
3257 -1234.0000000000
3267 -1233.0000000000
3270 -1232.0000000000
3299 -1230.0000000000
3309 -1229.0000000000
3322 -1228.0000000000
3324 -1227.0000000000
3353 -1226.0000000000
3359 -1225.0000000000
3367 -1224.0000000000
3368 -1223.0000000000
3375 -1222.0000000000
3383 -1220.0000000000
3394 -1219.0000000000
3396 -1218.0000000000
3401 -1216.0000000000
3406 -1214.0000000000
3418 -1213.0000000000
3434 -1211.0000000000
3453 -1210.0000000000
3455 -1209.0000000000
3458 -1208.0000000000
3475 -1207.0000000000
3490 -1206.0000000000
3492 -1204.0000000000
3502 -1203.0000000000
3504 -1202.0000000000
3520 -1201.0000000000
3534 -1200.0000000000
3558 -1199.0000000000
3577 -1198.0000000000
3583 -1197.0000000000
3584 -1196.0000000000
3590 -1195.0000000000
3592 -1194.0000000000
3635 -1193.0000000000
3637 -1192.0000000000
3647 -1191.0000000000
3649 -1190.0000000000
3659 -1188.0000000000
3672 -1185.0000000000
3681 -1184.0000000000
3682 -1183.0000000000
3692 -1181.0000000000
3693 -1179.0000000000
3695 -1178.0000000000
3697 -1176.0000000000
3701 -1175.0000000000
3718 -1174.0000000000
3729 -1173.0000000000
3737 -1172.0000000000
3754 -1171.0000000000
3758 -1170.0000000000
3759 -1169.0000000000
3771 -1168.0000000000
3792 -1165.0000000000
3794 -1164.0000000000
3804 -1162.0000000000
3808 -1161.0000000000
3814 -1160.0000000000
3824 -1159.0000000000
3833 -1158.0000000000
3834 -1157.0000000000
3842 -1156.0000000000
3853 -1155.0000000000
3858 -1154.0000000000
3864 -1153.0000000000
3869 -1152.0000000000
3871 -1151.0000000000
3872 -1149.0000000000
3881 -1147.0000000000
3893 -1144.0000000000
3895 -1143.0000000000
3900 -1141.0000000000
3918 -1140.0000000000
3919 -1139.0000000000
3938 -1138.0000000000
3951 -1137.0000000000
3956 -1135.0000000000
3961 -1134.0000000000
3968 -1133.0000000000
3970 -1132.0000000000
3987 -1131.0000000000
3995 -1130.0000000000
3999 -1129.0000000000
4001 -1128.0000000000
4013 -1127.0000000000
4017 -1126.0000000000
4018 -1125.0000000000
4021 -1124.0000000000
4026 -1123.0000000000
4037 -1122.0000000000
4039 -1121.0000000000
4049 -1119.0000000000
4052 -1118.0000000000
4053 -1117.0000000000
4062 -1116.0000000000
4064 -1115.0000000000
4068 -1113.0000000000
4069 -1112.0000000000
4079 -1111.0000000000
4089 -1109.0000000000
4093 -1108.0000000000
4103 -1107.0000000000
4118 -1106.0000000000
4120 -1105.0000000000
4128 -1104.0000000000
4130 -1103.0000000000
4137 -1102.0000000000
4139 -1101.0000000000
4154 -1100.0000000000
4177 -1098.0000000000
4178 -1096.0000000000
4194 -1095.0000000000
4195 -1094.0000000000
4197 -1093.0000000000
4202 -1092.0000000000
4211 -1091.0000000000
4218 -1090.0000000000
4219 -1089.0000000000
4237 -1088.0000000000
4239 -1087.0000000000
4243 -1086.0000000000
4245 -1085.0000000000
4250 -1083.0000000000
4269 -1082.0000000000
4282 -1080.0000000000
4288 -1079.0000000000
4292 -1078.0000000000
4300 -1077.0000000000
4305 -1076.0000000000
4321 -1075.0000000000
4339 -1074.0000000000
4354 -1073.0000000000
4378 -1072.0000000000
4387 -1071.0000000000
4396 -1070.0000000000
4397 -1069.0000000000
4398 -1068.0000000000
4400 -1067.0000000000
4427 -1066.0000000000
4433 -1065.0000000000
4434 -1063.0000000000
4445 -1062.0000000000
4447 -1061.0000000000
4486 -1060.0000000000
4495 -1059.0000000000
4540 -1058.0000000000
4554 -1057.0000000000
4566 -1056.0000000000
4599 -1055.0000000000
4603 -1053.0000000000
4604 -1052.0000000000
4605 -1051.0000000000
4612 -1050.0000000000
4614 -1049.0000000000
4621 -1048.0000000000
4631 -1047.0000000000
4652 -1046.0000000000
4653 -1045.0000000000
4657 -1044.0000000000
4658 -1043.0000000000
4668 -1042.0000000000
4675 -1040.0000000000
4677 -1039.0000000000
4691 -1037.0000000000
4696 -1036.0000000000
4701 -1034.0000000000
4716 -1033.0000000000
4727 -1032.0000000000
4733 -1030.0000000000
4766 -1028.0000000000
4777 -1027.0000000000
4779 -1026.0000000000
4783 -1025.0000000000
4797 -1024.0000000000
4798 -1022.0000000000
4864 -1021.0000000000
4867 -1020.0000000000
4879 -1018.0000000000
4882 -1017.0000000000
4901 -1016.0000000000
4902 -1015.0000000000
4903 -1014.0000000000
4911 -1013.0000000000
4912 -1012.0000000000
4918 -1011.0000000000
4923 -1010.0000000000
4927 -1009.0000000000
4930 -1008.0000000000
4936 -1007.0000000000
4942 -1006.0000000000
4944 -1004.0000000000
4949 -1002.0000000000
4953 -1001.0000000000
4967 -1000.0000000000
4978 -999.0000000000
4989 -998.0000000000
4992 -997.0000000000
5002 -996.0000000000
5012 -995.0000000000
5023 -994.0000000000
5031 -993.0000000000
5052 -992.0000000000
5058 -990.0000000000
5062 -989.0000000000
5075 -988.0000000000
5077 -986.0000000000
5082 -985.0000000000
5083 -984.0000000000
5088 -983.0000000000
5112 -982.0000000000
5131 -980.0000000000
5138 -979.0000000000
5141 -978.0000000000
5147 -977.0000000000
5157 -976.0000000000
5160 -975.0000000000
5181 -974.0000000000
5182 -973.0000000000
5202 -972.0000000000
5212 -971.0000000000
5228 -970.0000000000
5233 -969.0000000000
5240 -968.0000000000
5241 -967.0000000000
5265 -966.0000000000
5268 -965.0000000000
5275 -963.0000000000
5291 -962.0000000000
5298 -961.0000000000
5324 -960.0000000000
5332 -959.0000000000
5341 -957.0000000000
5342 -955.0000000000
5344 -954.0000000000
5355 -953.0000000000
5356 -952.0000000000
5386 -951.0000000000
5390 -950.0000000000
5432 -949.0000000000
5438 -948.0000000000
5440 -947.0000000000
5456 -946.0000000000
5465 -945.0000000000
5470 -944.0000000000
5471 -943.0000000000
5485 -942.0000000000
5490 -941.0000000000
5494 -940.0000000000
5500 -939.0000000000
5505 -938.0000000000
5515 -937.0000000000
5519 -936.0000000000
5532 -935.0000000000
5549 -934.0000000000
5554 -933.0000000000
5568 -932.0000000000
5569 -931.0000000000
5571 -930.0000000000
5584 -929.0000000000
5637 -927.0000000000
5650 -926.0000000000
5653 -925.0000000000
5654 -924.0000000000
5677 -923.0000000000
5695 -922.0000000000
5700 -921.0000000000
5705 -920.0000000000
5709 -919.0000000000
5745 -918.0000000000
5770 -917.0000000000
5778 -916.0000000000
5808 -915.0000000000
5810 -914.0000000000
5811 -913.0000000000
5812 -912.0000000000
5821 -911.0000000000
5829 -910.0000000000
5831 -909.0000000000
5834 -907.0000000000
5835 -906.0000000000
5844 -904.0000000000
5849 -903.0000000000
5869 -902.0000000000
5880 -901.0000000000
5899 -900.0000000000
5918 -899.0000000000
5923 -898.0000000000
5929 -897.0000000000
5930 -896.0000000000
5938 -894.0000000000
5942 -893.0000000000
5946 -892.0000000000
5948 -891.0000000000
5959 -890.0000000000
5991 -889.0000000000
6005 -888.0000000000
6012 -887.0000000000
6021 -886.0000000000
6031 -885.0000000000
6055 -884.0000000000
6069 -883.0000000000
6070 -881.0000000000
6073 -880.0000000000
6082 -879.0000000000
6098 -878.0000000000
6108 -877.0000000000
6110 -876.0000000000
6111 -875.0000000000
6120 -874.0000000000
6139 -873.0000000000
6148 -872.0000000000
6154 -871.0000000000
6159 -870.0000000000
6176 -869.0000000000
6183 -868.0000000000
6191 -867.0000000000
6196 -866.0000000000
6234 -864.0000000000
6238 -862.0000000000
6253 -861.0000000000
6255 -860.0000000000
6266 -859.0000000000
6279 -858.0000000000
6285 -857.0000000000
6324 -855.0000000000
6328 -854.0000000000
6331 -853.0000000000
6354 -852.0000000000
6361 -851.0000000000
6370 -849.0000000000
6373 -848.0000000000
6388 -847.0000000000
6393 -846.0000000000
6394 -845.0000000000
6415 -844.0000000000
6421 -843.0000000000
6457 -842.0000000000
6473 -841.0000000000
6474 -840.0000000000
6475 -839.0000000000
6494 -838.0000000000
6518 -837.0000000000
6520 -835.0000000000
6523 -834.0000000000
6527 -833.0000000000
6529 -832.0000000000
6537 -830.0000000000
6565 -829.0000000000
6578 -828.0000000000
6580 -827.0000000000
6583 -826.0000000000
6602 -824.0000000000
6661 -823.0000000000
6673 -822.0000000000
6677 -821.0000000000
6679 -820.0000000000
6688 -819.0000000000
6692 -818.0000000000
6701 -817.0000000000
6703 -816.0000000000
6705 -815.0000000000
6745 -813.0000000000
6758 -812.0000000000
6764 -811.0000000000
6801 -810.0000000000
6812 -809.0000000000
6829 -808.0000000000
6830 -807.0000000000
6855 -806.0000000000
6869 -805.0000000000
6877 -804.0000000000
6889 -803.0000000000
6925 -802.0000000000
6927 -801.0000000000
6935 -800.0000000000
6940 -799.0000000000
6941 -798.0000000000
6949 -797.0000000000
6950 -796.0000000000
6951 -795.0000000000
6988 -794.0000000000
6998 -793.0000000000
7039 -791.0000000000
7044 -790.0000000000
7045 -789.0000000000
7064 -787.0000000000
7073 -786.0000000000
7075 -784.0000000000
7091 -783.0000000000
7114 -782.0000000000
7116 -781.0000000000
7117 -780.0000000000
7134 -779.0000000000
7138 -778.0000000000
7153 -777.0000000000
7160 -776.0000000000
7164 -775.0000000000
7190 -773.0000000000
7192 -772.0000000000
7207 -771.0000000000
7212 -770.0000000000
7223 -769.0000000000
7234 -768.0000000000
7237 -767.0000000000
7271 -765.0000000000
7279 -764.0000000000
7290 -763.0000000000
7293 -762.0000000000
7294 -761.0000000000
7304 -760.0000000000
7309 -759.0000000000
7333 -758.0000000000
7361 -757.0000000000
7411 -756.0000000000
7421 -754.0000000000
7440 -753.0000000000
7445 -752.0000000000
7456 -750.0000000000
7466 -749.0000000000
7483 -748.0000000000
7492 -747.0000000000
7509 -746.0000000000
7519 -745.0000000000
7530 -744.0000000000
7548 -743.0000000000
7570 -742.0000000000
7586 -740.0000000000
7588 -739.0000000000
7593 -738.0000000000
7600 -737.0000000000
7602 -736.0000000000
7604 -735.0000000000
7636 -734.0000000000
7637 -733.0000000000
7640 -732.0000000000
7656 -731.0000000000
7659 -730.0000000000
7662 -729.0000000000
7664 -728.0000000000
7666 -727.0000000000
7685 -726.0000000000
7687 -725.0000000000
7704 -724.0000000000
7710 -723.0000000000
7731 -722.0000000000
7733 -721.0000000000
7756 -720.0000000000
7758 -719.0000000000
7760 -717.0000000000
7767 -716.0000000000
7773 -715.0000000000
7786 -714.0000000000
7806 -713.0000000000
7817 -712.0000000000
7851 -711.0000000000
7856 -710.0000000000
7873 -709.0000000000
7891 -708.0000000000
7899 -707.0000000000
7907 -706.0000000000
7918 -705.0000000000
7922 -704.0000000000
7932 -703.0000000000
7946 -702.0000000000
7970 -701.0000000000
7979 -700.0000000000
7980 -699.0000000000
8002 -698.0000000000
8018 -697.0000000000
8033 -696.0000000000
8046 -692.0000000000
8048 -691.0000000000
8050 -690.0000000000
8070 -689.0000000000
8073 -688.0000000000
8074 -687.0000000000
8103 -686.0000000000
8104 -685.0000000000
8111 -684.0000000000
8147 -683.0000000000
8155 -682.0000000000
8192 -681.0000000000
8201 -680.0000000000
8204 -679.0000000000
8252 -678.0000000000
8275 -676.0000000000
8282 -675.0000000000
8309 -674.0000000000
8315 -673.0000000000
8326 -672.0000000000
8337 -671.0000000000
8347 -670.0000000000
8371 -668.0000000000
8379 -667.0000000000
8393 -666.0000000000
8398 -665.0000000000
8414 -664.0000000000
8425 -663.0000000000
8464 -662.0000000000
8485 -661.0000000000
8494 -660.0000000000
8500 -659.0000000000
8507 -658.0000000000
8558 -657.0000000000
8559 -656.0000000000
8565 -655.0000000000
8613 -654.0000000000
8643 -653.0000000000
8652 -652.0000000000
8664 -651.0000000000
8673 -650.0000000000
8681 -648.0000000000
8685 -647.0000000000
8720 -646.0000000000
8737 -645.0000000000
8738 -644.0000000000
8747 -643.0000000000
8750 -642.0000000000
8758 -641.0000000000
8775 -640.0000000000
8789 -639.0000000000
8797 -638.0000000000
8840 -637.0000000000
8845 -636.0000000000
8848 -635.0000000000
8875 -634.0000000000
8888 -633.0000000000
8896 -632.0000000000
8898 -631.0000000000
8933 -630.0000000000
8953 -629.0000000000
8961 -628.0000000000
8962 -627.0000000000
8965 -626.0000000000
8967 -625.0000000000
8976 -623.0000000000
9019 -622.0000000000
9034 -621.0000000000
9035 -620.0000000000
9038 -619.0000000000
9040 -618.0000000000
9049 -617.0000000000
9129 -616.0000000000
9131 -615.0000000000
9142 -614.0000000000
9149 -613.0000000000
9154 -612.0000000000
9185 -611.0000000000
9196 -610.0000000000
9201 -609.0000000000
9220 -608.0000000000
9227 -607.0000000000
9237 -606.0000000000
9261 -604.0000000000
9267 -603.0000000000
9282 -602.0000000000
9335 -601.0000000000
9341 -600.0000000000
9362 -599.0000000000
9383 -598.0000000000
9389 -597.0000000000
9405 -596.0000000000
9427 -595.0000000000
9442 -594.0000000000
9448 -593.0000000000
9474 -592.0000000000
9483 -591.0000000000
9500 -590.0000000000
9504 -589.0000000000
9510 -588.0000000000
9520 -587.0000000000
9522 -586.0000000000
9550 -585.0000000000
9552 -582.0000000000
9556 -581.0000000000
9559 -580.0000000000
9581 -579.0000000000
9591 -578.0000000000
9614 -577.0000000000
9615 -576.0000000000
9622 -575.0000000000
9645 -574.0000000000
9646 -573.0000000000
9670 -572.0000000000
9685 -571.0000000000
9700 -570.0000000000
9703 -569.0000000000
9721 -567.0000000000
9742 -566.0000000000
9744 -565.0000000000
9747 -563.0000000000
9748 -562.0000000000
9762 -561.0000000000
9824 -560.0000000000
9828 -559.0000000000
9855 -558.0000000000
9878 -557.0000000000
9905 -556.0000000000
9918 -555.0000000000
9921 -554.0000000000
9964 -553.0000000000
10000 -555.0000000000
evaluations raw_y
1 -1949.0000000000
4 -1945.0000000000
10 -1944.0000000000
17 -1942.0000000000
21 -1941.0000000000
37 -1940.0000000000
45 -1939.0000000000
46 -1938.0000000000
50 -1937.0000000000
52 -1936.0000000000
54 -1935.0000000000
60 -1934.0000000000
64 -1933.0000000000
65 -1932.0000000000
72 -1931.0000000000
75 -1930.0000000000
85 -1929.0000000000
86 -1928.0000000000
87 -1927.0000000000
90 -1926.0000000000
94 -1924.0000000000
97 -1923.0000000000
100 -1922.0000000000
102 -1921.0000000000
104 -1919.0000000000
105 -1917.0000000000
106 -1916.0000000000
108 -1915.0000000000
110 -1913.0000000000
127 -1912.0000000000
128 -1911.0000000000
129 -1910.0000000000
130 -1909.0000000000
135 -1908.0000000000
140 -1907.0000000000
147 -1906.0000000000
149 -1904.0000000000
152 -1903.0000000000
170 -1902.0000000000
173 -1901.0000000000
184 -1900.0000000000
185 -1899.0000000000
193 -1897.0000000000
195 -1896.0000000000
198 -1895.0000000000
202 -1894.0000000000
209 -1893.0000000000
210 -1891.0000000000
212 -1890.0000000000
213 -1889.0000000000
215 -1888.0000000000
217 -1887.0000000000
219 -1886.0000000000
223 -1885.0000000000
224 -1884.0000000000
225 -1883.0000000000
232 -1881.0000000000
233 -1880.0000000000
234 -1879.0000000000
237 -1878.0000000000
238 -1877.0000000000
242 -1875.0000000000
244 -1873.0000000000
245 -1872.0000000000
247 -1870.0000000000
248 -1869.0000000000
249 -1868.0000000000
251 -1867.0000000000
252 -1865.0000000000
256 -1864.0000000000
257 -1863.0000000000
258 -1862.0000000000
261 -1861.0000000000
265 -1860.0000000000
273 -1859.0000000000
274 -1858.0000000000
280 -1857.0000000000
295 -1856.0000000000
310 -1855.0000000000
311 -1854.0000000000
313 -1853.0000000000
316 -1852.0000000000
320 -1851.0000000000
323 -1850.0000000000
331 -1849.0000000000
332 -1848.0000000000
336 -1847.0000000000
340 -1845.0000000000
342 -1844.0000000000
344 -1842.0000000000
345 -1841.0000000000
346 -1840.0000000000
347 -1839.0000000000
351 -1838.0000000000
359 -1837.0000000000
363 -1835.0000000000
364 -1834.0000000000
366 -1833.0000000000
372 -1832.0000000000
374 -1831.0000000000
376 -1830.0000000000
379 -1829.0000000000
384 -1827.0000000000
385 -1825.0000000000
391 -1824.0000000000
392 -1823.0000000000
398 -1822.0000000000
399 -1820.0000000000
403 -1819.0000000000
405 -1818.0000000000
407 -1817.0000000000
414 -1815.0000000000
420 -1814.0000000000
421 -1813.0000000000
424 -1812.0000000000
425 -1811.0000000000
431 -1810.0000000000
435 -1809.0000000000
438 -1808.0000000000
441 -1807.0000000000
443 -1806.0000000000
444 -1803.0000000000
445 -1802.0000000000
461 -1801.0000000000
467 -1800.0000000000
468 -1797.0000000000
482 -1796.0000000000
491 -1795.0000000000
501 -1794.0000000000
502 -1793.0000000000
504 -1791.0000000000
507 -1790.0000000000
508 -1789.0000000000
509 -1788.0000000000
510 -1787.0000000000
515 -1786.0000000000
519 -1785.0000000000
528 -1784.0000000000
529 -1783.0000000000
530 -1782.0000000000
535 -1781.0000000000
537 -1780.0000000000
538 -1779.0000000000
542 -1778.0000000000
543 -1777.0000000000
546 -1776.0000000000
551 -1775.0000000000
555 -1774.0000000000
563 -1772.0000000000
565 -1771.0000000000
567 -1770.0000000000
568 -1768.0000000000
569 -1767.0000000000
572 -1766.0000000000
574 -1764.0000000000
575 -1763.0000000000
583 -1762.0000000000
584 -1761.0000000000
586 -1759.0000000000
590 -1758.0000000000
592 -1757.0000000000
598 -1756.0000000000
602 -1755.0000000000
607 -1754.0000000000
609 -1753.0000000000
612 -1752.0000000000
613 -1751.0000000000
621 -1750.0000000000
626 -1749.0000000000
630 -1748.0000000000
639 -1747.0000000000
644 -1746.0000000000
651 -1745.0000000000
653 -1744.0000000000
663 -1743.0000000000
667 -1742.0000000000
673 -1741.0000000000
677 -1740.0000000000
682 -1739.0000000000
683 -1738.0000000000
689 -1737.0000000000
690 -1736.0000000000
691 -1735.0000000000
693 -1734.0000000000
694 -1733.0000000000
695 -1732.0000000000
696 -1731.0000000000
706 -1730.0000000000
712 -1729.0000000000
717 -1728.0000000000
719 -1727.0000000000
725 -1726.0000000000
733 -1725.0000000000
737 -1724.0000000000
742 -1723.0000000000
745 -1722.0000000000
749 -1721.0000000000
753 -1720.0000000000
758 -1718.0000000000
771 -1717.0000000000
775 -1716.0000000000
784 -1714.0000000000
788 -1713.0000000000
789 -1712.0000000000
797 -1711.0000000000
801 -1710.0000000000
802 -1709.0000000000
806 -1708.0000000000
813 -1707.0000000000
816 -1706.0000000000
817 -1704.0000000000
822 -1702.0000000000
829 -1701.0000000000
831 -1700.0000000000
833 -1699.0000000000
840 -1698.0000000000
841 -1696.0000000000
845 -1694.0000000000
865 -1693.0000000000
870 -1691.0000000000
872 -1689.0000000000
881 -1688.0000000000
885 -1686.0000000000
897 -1685.0000000000
899 -1684.0000000000
901 -1683.0000000000
903 -1682.0000000000
909 -1681.0000000000
911 -1680.0000000000
919 -1679.0000000000
924 -1678.0000000000
926 -1677.0000000000
938 -1676.0000000000
942 -1675.0000000000
951 -1674.0000000000
958 -1673.0000000000
959 -1671.0000000000
972 -1670.0000000000
978 -1669.0000000000
981 -1668.0000000000
987 -1667.0000000000
990 -1666.0000000000
995 -1665.0000000000
1002 -1664.0000000000
1016 -1663.0000000000
1026 -1662.0000000000
1036 -1661.0000000000
1037 -1660.0000000000
1042 -1659.0000000000
1044 -1658.0000000000
1053 -1657.0000000000
1054 -1656.0000000000
1059 -1654.0000000000
1061 -1653.0000000000
1067 -1652.0000000000
1069 -1651.0000000000
1073 -1650.0000000000
1081 -1649.0000000000
1088 -1648.0000000000
1090 -1646.0000000000
1096 -1643.0000000000
1097 -1640.0000000000
1100 -1639.0000000000
1101 -1638.0000000000
1113 -1637.0000000000
1116 -1636.0000000000
1124 -1635.0000000000
1128 -1634.0000000000
1132 -1633.0000000000
1137 -1632.0000000000
1138 -1631.0000000000
1139 -1630.0000000000
1144 -1628.0000000000
1149 -1627.0000000000
1156 -1625.0000000000
1166 -1623.0000000000
1172 -1622.0000000000
1173 -1621.0000000000
1177 -1620.0000000000
1179 -1619.0000000000
1181 -1618.0000000000
1186 -1617.0000000000
1187 -1615.0000000000
1199 -1614.0000000000
1207 -1612.0000000000
1208 -1611.0000000000
1210 -1610.0000000000
1213 -1609.0000000000
1214 -1608.0000000000
1216 -1606.0000000000
1217 -1605.0000000000
1222 -1604.0000000000
1227 -1603.0000000000
1233 -1602.0000000000
1244 -1601.0000000000
1253 -1600.0000000000
1255 -1599.0000000000
1259 -1598.0000000000
1261 -1597.0000000000
1262 -1596.0000000000
1269 -1595.0000000000
1270 -1594.0000000000
1273 -1592.0000000000
1283 -1591.0000000000
1288 -1590.0000000000
1291 -1589.0000000000
1292 -1588.0000000000
1294 -1587.0000000000
1295 -1586.0000000000
1301 -1585.0000000000
1312 -1584.0000000000
1313 -1583.0000000000
1314 -1582.0000000000
1332 -1581.0000000000
1333 -1580.0000000000
1334 -1578.0000000000
1338 -1577.0000000000
1348 -1576.0000000000
1350 -1575.0000000000
1353 -1573.0000000000
1354 -1572.0000000000
1359 -1571.0000000000
1376 -1570.0000000000
1384 -1569.0000000000
1389 -1568.0000000000
1395 -1567.0000000000
1406 -1566.0000000000
1409 -1564.0000000000
1410 -1563.0000000000
1413 -1562.0000000000
1417 -1561.0000000000
1420 -1560.0000000000
1421 -1559.0000000000
1422 -1558.0000000000
1425 -1557.0000000000
1426 -1556.0000000000
1434 -1555.0000000000
1444 -1554.0000000000
1446 -1553.0000000000
1449 -1551.0000000000
1452 -1550.0000000000
1461 -1549.0000000000
1465 -1548.0000000000
1468 -1547.0000000000
1469 -1546.0000000000
1486 -1545.0000000000
1495 -1544.0000000000
1500 -1543.0000000000
1501 -1542.0000000000
1503 -1541.0000000000
1507 -1540.0000000000
1511 -1539.0000000000
1515 -1537.0000000000
1516 -1536.0000000000
1518 -1535.0000000000
1519 -1534.0000000000
1525 -1533.0000000000
1532 -1531.0000000000
1535 -1530.0000000000
1537 -1529.0000000000
1538 -1528.0000000000
1550 -1527.0000000000
1552 -1525.0000000000
1559 -1524.0000000000
1568 -1523.0000000000
1569 -1522.0000000000
1573 -1520.0000000000
1574 -1519.0000000000
1575 -1518.0000000000
1595 -1515.0000000000
1598 -1514.0000000000
1610 -1513.0000000000
1614 -1511.0000000000
1622 -1509.0000000000
1623 -1508.0000000000
1627 -1507.0000000000
1630 -1506.0000000000
1652 -1505.0000000000
1653 -1504.0000000000
1659 -1503.0000000000
1661 -1502.0000000000
1662 -1500.0000000000
1679 -1499.0000000000
1682 -1497.0000000000
1684 -1495.0000000000
1688 -1493.0000000000
1692 -1492.0000000000
1704 -1491.0000000000
1705 -1490.0000000000
1712 -1487.0000000000
1716 -1486.0000000000
1726 -1485.0000000000
1728 -1484.0000000000
1737 -1483.0000000000
1739 -1482.0000000000
1756 -1481.0000000000
1757 -1480.0000000000
1760 -1479.0000000000
1765 -1477.0000000000
1768 -1476.0000000000
1775 -1475.0000000000
1793 -1474.0000000000
1796 -1473.0000000000
1821 -1472.0000000000
1841 -1470.0000000000
1848 -1469.0000000000
1863 -1468.0000000000
1864 -1467.0000000000
1878 -1466.0000000000
1880 -1465.0000000000
1886 -1464.0000000000
1894 -1462.0000000000
1895 -1460.0000000000
1899 -1458.0000000000
1911 -1457.0000000000
1912 -1455.0000000000
1915 -1453.0000000000
1916 -1452.0000000000
1923 -1451.0000000000
1929 -1450.0000000000
1941 -1449.0000000000
1943 -1448.0000000000
1945 -1447.0000000000
1951 -1446.0000000000
1962 -1445.0000000000
1964 -1443.0000000000
1974 -1441.0000000000
1983 -1440.0000000000
1987 -1439.0000000000
1989 -1438.0000000000
1990 -1437.0000000000
1994 -1436.0000000000
1998 -1435.0000000000
2007 -1434.0000000000
2018 -1433.0000000000
2019 -1432.0000000000
2022 -1431.0000000000
2023 -1430.0000000000
2026 -1428.0000000000
2031 -1427.0000000000
2036 -1426.0000000000
2050 -1425.0000000000
2068 -1424.0000000000
2070 -1423.0000000000
2073 -1422.0000000000
2081 -1421.0000000000
2082 -1420.0000000000
2086 -1419.0000000000
2093 -1417.0000000000
2105 -1416.0000000000
2114 -1414.0000000000
2117 -1413.0000000000
2127 -1412.0000000000
2137 -1411.0000000000
2149 -1410.0000000000
2155 -1409.0000000000
2163 -1408.0000000000
2168 -1407.0000000000
2172 -1405.0000000000
2173 -1404.0000000000
2178 -1402.0000000000
2179 -1401.0000000000
2181 -1399.0000000000
2186 -1398.0000000000
2187 -1397.0000000000
2188 -1396.0000000000
2193 -1395.0000000000
2194 -1393.0000000000
2203 -1391.0000000000
2206 -1390.0000000000
2207 -1389.0000000000
2210 -1388.0000000000
2212 -1387.0000000000
2218 -1386.0000000000
2220 -1385.0000000000
2224 -1384.0000000000
2240 -1381.0000000000
2245 -1380.0000000000
2248 -1379.0000000000
2254 -1378.0000000000
2259 -1377.0000000000
2260 -1376.0000000000
2261 -1375.0000000000
2263 -1373.0000000000
2265 -1372.0000000000
2270 -1371.0000000000
2274 -1370.0000000000
2275 -1369.0000000000
2297 -1367.0000000000
2306 -1366.0000000000
2310 -1365.0000000000
2312 -1364.0000000000
2319 -1363.0000000000
2323 -1362.0000000000
2332 -1361.0000000000
2338 -1360.0000000000
2343 -1359.0000000000
2344 -1358.0000000000
2373 -1357.0000000000
2388 -1355.0000000000
2395 -1354.0000000000
2396 -1353.0000000000
2403 -1352.0000000000
2410 -1351.0000000000
2420 -1350.0000000000
2423 -1349.0000000000
2424 -1348.0000000000
2427 -1347.0000000000
2431 -1346.0000000000
2432 -1345.0000000000
2434 -1344.0000000000
2436 -1343.0000000000
2444 -1342.0000000000
2447 -1341.0000000000
2452 -1340.0000000000
2455 -1339.0000000000
2467 -1337.0000000000
2482 -1336.0000000000
2486 -1334.0000000000
2489 -1333.0000000000
2496 -1332.0000000000
2500 -1331.0000000000
2502 -1330.0000000000
2503 -1329.0000000000
2505 -1328.0000000000
2521 -1327.0000000000
2529 -1326.0000000000
2532 -1325.0000000000
2533 -1324.0000000000
2534 -1322.0000000000
2546 -1321.0000000000
2550 -1320.0000000000
2552 -1319.0000000000
2553 -1318.0000000000
2555 -1317.0000000000
2557 -1316.0000000000
2572 -1315.0000000000
2575 -1314.0000000000
2581 -1313.0000000000
2589 -1312.0000000000
2592 -1311.0000000000
2593 -1310.0000000000
2596 -1309.0000000000
2616 -1308.0000000000
2618 -1307.0000000000
2620 -1306.0000000000
2627 -1305.0000000000
2637 -1304.0000000000
2639 -1303.0000000000
2663 -1302.0000000000
2664 -1300.0000000000
2667 -1299.0000000000
2670 -1298.0000000000
2680 -1297.0000000000
2683 -1296.0000000000
2690 -1295.0000000000
2692 -1294.0000000000
2699 -1293.0000000000
2702 -1290.0000000000
2717 -1288.0000000000
2718 -1287.0000000000
2729 -1285.0000000000
2743 -1284.0000000000
2752 -1283.0000000000
2753 -1282.0000000000
2754 -1281.0000000000
2757 -1280.0000000000
2758 -1279.0000000000
2759 -1278.0000000000
2782 -1277.0000000000
2786 -1276.0000000000
2793 -1275.0000000000
2797 -1274.0000000000
2799 -1272.0000000000
2800 -1271.0000000000
2802 -1270.0000000000
2817 -1269.0000000000
2818 -1268.0000000000
2821 -1267.0000000000
2825 -1266.0000000000
2831 -1265.0000000000
2836 -1264.0000000000
2837 -1262.0000000000
2847 -1261.0000000000
2855 -1260.0000000000
2858 -1259.0000000000
2861 -1258.0000000000
2867 -1257.0000000000
2868 -1256.0000000000
2873 -1255.0000000000
2876 -1254.0000000000
2877 -1253.0000000000
2888 -1252.0000000000
2891 -1251.0000000000
2894 -1250.0000000000
2902 -1249.0000000000
2905 -1248.0000000000
2906 -1247.0000000000
2918 -1245.0000000000
2920 -1244.0000000000
2921 -1243.0000000000
2928 -1242.0000000000
2929 -1241.0000000000
2933 -1240.0000000000
2944 -1239.0000000000
2945 -1238.0000000000
2946 -1237.0000000000
2961 -1235.0000000000
2967 -1233.0000000000
2977 -1232.0000000000
2990 -1229.0000000000
2997 -1228.0000000000
3010 -1227.0000000000
3011 -1226.0000000000
3013 -1225.0000000000
3030 -1221.0000000000
3043 -1220.0000000000
3046 -1219.0000000000
3055 -1217.0000000000
3060 -1216.0000000000
3063 -1215.0000000000
3065 -1214.0000000000
3066 -1212.0000000000
3078 -1211.0000000000
3079 -1210.0000000000
3082 -1209.0000000000
3086 -1208.0000000000
3094 -1207.0000000000
3098 -1206.0000000000
3102 -1205.0000000000
3104 -1204.0000000000
3105 -1203.0000000000
3108 -1202.0000000000
3120 -1201.0000000000
3126 -1200.0000000000
3128 -1199.0000000000
3133 -1198.0000000000
3138 -1197.0000000000
3141 -1196.0000000000
3150 -1195.0000000000
3154 -1193.0000000000
3156 -1192.0000000000
3171 -1190.0000000000
3185 -1189.0000000000
3186 -1187.0000000000
3193 -1186.0000000000
3194 -1185.0000000000
3195 -1184.0000000000
3200 -1183.0000000000
3222 -1182.0000000000
3228 -1181.0000000000
3234 -1180.0000000000
3244 -1179.0000000000
3251 -1178.0000000000
3253 -1177.0000000000
3259 -1175.0000000000
3266 -1174.0000000000
3268 -1172.0000000000
3274 -1171.0000000000
3276 -1170.0000000000
3277 -1169.0000000000
3279 -1168.0000000000
3281 -1167.0000000000
3287 -1166.0000000000
3312 -1165.0000000000
3324 -1164.0000000000
3340 -1163.0000000000
3348 -1162.0000000000
3349 -1161.0000000000
3357 -1160.0000000000
3358 -1159.0000000000
3376 -1158.0000000000
3381 -1157.0000000000
3384 -1156.0000000000
3391 -1155.0000000000
3397 -1154.0000000000
3399 -1153.0000000000
3417 -1151.0000000000
3434 -1150.0000000000
3441 -1149.0000000000
3448 -1148.0000000000
3454 -1147.0000000000
3460 -1146.0000000000
3462 -1144.0000000000
3472 -1142.0000000000
3475 -1141.0000000000
3483 -1140.0000000000
3493 -1139.0000000000
3497 -1137.0000000000
3512 -1134.0000000000
3515 -1133.0000000000
3519 -1132.0000000000
3523 -1131.0000000000
3540 -1130.0000000000
3544 -1129.0000000000
3545 -1128.0000000000
3550 -1127.0000000000
3560 -1126.0000000000
3567 -1125.0000000000
3569 -1124.0000000000
3571 -1123.0000000000
3605 -1122.0000000000
3609 -1120.0000000000
3620 -1118.0000000000
3621 -1117.0000000000
3639 -1115.0000000000
3643 -1114.0000000000
3649 -1112.0000000000
3657 -1111.0000000000
3659 -1110.0000000000
3661 -1109.0000000000
3664 -1108.0000000000
3678 -1107.0000000000
3693 -1106.0000000000
3694 -1105.0000000000
3695 -1104.0000000000
3697 -1103.0000000000
3725 -1102.0000000000
3730 -1101.0000000000
3743 -1100.0000000000
3747 -1099.0000000000
3755 -1098.0000000000
3758 -1097.0000000000
3763 -1096.0000000000
3767 -1095.0000000000
3775 -1094.0000000000
3784 -1093.0000000000
3805 -1092.0000000000
3815 -1091.0000000000
3825 -1089.0000000000
3827 -1088.0000000000
3836 -1087.0000000000
3839 -1086.0000000000
3853 -1085.0000000000
3856 -1084.0000000000
3859 -1083.0000000000
3861 -1082.0000000000
3867 -1081.0000000000
3875 -1080.0000000000
3876 -1079.0000000000
3878 -1078.0000000000
3891 -1077.0000000000
3894 -1076.0000000000
3907 -1075.0000000000
3911 -1074.0000000000
3918 -1073.0000000000
3922 -1072.0000000000
3940 -1071.0000000000
3949 -1070.0000000000
3950 -1069.0000000000
3972 -1068.0000000000
4009 -1067.0000000000
4012 -1065.0000000000
4024 -1063.0000000000
4026 -1062.0000000000
4028 -1061.0000000000
4035 -1059.0000000000
4036 -1058.0000000000
4041 -1057.0000000000
4045 -1056.0000000000
4071 -1055.0000000000
4077 -1054.0000000000
4084 -1051.0000000000
4090 -1050.0000000000
4099 -1049.0000000000
4103 -1048.0000000000
4106 -1047.0000000000
4107 -1046.0000000000
4114 -1045.0000000000
4121 -1043.0000000000
4131 -1042.0000000000
4158 -1041.0000000000
4161 -1040.0000000000
4165 -1039.0000000000
4172 -1038.0000000000
4192 -1037.0000000000
4208 -1036.0000000000
4222 -1034.0000000000
4232 -1033.0000000000
4241 -1031.0000000000
4263 -1030.0000000000
4266 -1028.0000000000
4297 -1027.0000000000
4319 -1024.0000000000
4326 -1022.0000000000
4328 -1021.0000000000
4336 -1020.0000000000
4362 -1019.0000000000
4363 -1017.0000000000
4365 -1016.0000000000
4374 -1015.0000000000
4376 -1014.0000000000
4388 -1013.0000000000
4394 -1012.0000000000
4408 -1011.0000000000
4422 -1010.0000000000
4428 -1009.0000000000
4430 -1008.0000000000
4432 -1007.0000000000
4439 -1006.0000000000
4447 -1005.0000000000
4465 -1004.0000000000
4470 -1002.0000000000
4473 -1001.0000000000
4478 -1000.0000000000
4492 -999.0000000000
4495 -998.0000000000
4503 -997.0000000000
4521 -996.0000000000
4531 -995.0000000000
4544 -994.0000000000
4549 -993.0000000000
4555 -992.0000000000
4579 -991.0000000000
4589 -990.0000000000
4591 -989.0000000000
4605 -988.0000000000
4624 -987.0000000000
4637 -986.0000000000
4658 -985.0000000000
4659 -984.0000000000
4685 -983.0000000000
4687 -982.0000000000
4704 -981.0000000000
4715 -980.0000000000
4716 -979.0000000000
4771 -978.0000000000
4775 -977.0000000000
4776 -976.0000000000
4780 -975.0000000000
4807 -974.0000000000
4820 -973.0000000000
4821 -971.0000000000
4822 -970.0000000000
4826 -969.0000000000
4858 -968.0000000000
4862 -967.0000000000
4868 -965.0000000000
4875 -964.0000000000
4880 -963.0000000000
4924 -962.0000000000
4932 -961.0000000000
4934 -959.0000000000
4957 -958.0000000000
4958 -956.0000000000
4960 -955.0000000000
4962 -954.0000000000
4973 -953.0000000000
4983 -951.0000000000
4984 -950.0000000000
4985 -949.0000000000
4993 -948.0000000000
4998 -947.0000000000
5001 -945.0000000000
5002 -944.0000000000
5010 -943.0000000000
5018 -941.0000000000
5026 -939.0000000000
5029 -938.0000000000
5045 -935.0000000000
5052 -934.0000000000
5060 -933.0000000000
5072 -932.0000000000
5073 -931.0000000000
5076 -930.0000000000
5091 -929.0000000000
5112 -928.0000000000
5113 -926.0000000000
5121 -925.0000000000
5124 -924.0000000000
5125 -923.0000000000
5142 -921.0000000000
5147 -920.0000000000
5156 -919.0000000000
5160 -918.0000000000
5161 -917.0000000000
5166 -916.0000000000
5169 -915.0000000000
5171 -914.0000000000
5191 -913.0000000000
5199 -912.0000000000
5211 -911.0000000000
5214 -910.0000000000
5216 -909.0000000000
5222 -908.0000000000
5228 -907.0000000000
5241 -906.0000000000
5244 -905.0000000000
5260 -904.0000000000
5269 -903.0000000000
5278 -902.0000000000
5280 -901.0000000000
5290 -900.0000000000
5307 -899.0000000000
5317 -898.0000000000
5334 -897.0000000000
5345 -896.0000000000
5348 -895.0000000000
5359 -894.0000000000
5368 -893.0000000000
5378 -892.0000000000
5382 -891.0000000000
5389 -890.0000000000
5396 -889.0000000000
5404 -888.0000000000
5420 -887.0000000000
5428 -886.0000000000
5429 -885.0000000000
5437 -883.0000000000
5459 -882.0000000000
5481 -881.0000000000
5486 -880.0000000000
5487 -879.0000000000
5505 -878.0000000000
5518 -877.0000000000
5536 -876.0000000000
5563 -874.0000000000
5566 -873.0000000000
5570 -872.0000000000
5580 -871.0000000000
5585 -870.0000000000
5590 -869.0000000000
5593 -866.0000000000
5598 -865.0000000000
5612 -864.0000000000
5613 -863.0000000000
5614 -862.0000000000
5635 -861.0000000000
5636 -860.0000000000
5642 -859.0000000000
5646 -858.0000000000
5658 -857.0000000000
5661 -856.0000000000
5683 -855.0000000000
5689 -853.0000000000
5695 -852.0000000000
5701 -851.0000000000
5704 -849.0000000000
5705 -848.0000000000
5710 -847.0000000000
5732 -845.0000000000
5753 -844.0000000000
5756 -843.0000000000
5773 -842.0000000000
5775 -841.0000000000
5784 -840.0000000000
5795 -839.0000000000
5796 -838.0000000000
5802 -837.0000000000
5811 -836.0000000000
5816 -835.0000000000
5831 -834.0000000000
5838 -833.0000000000
5844 -832.0000000000
5856 -831.0000000000
5866 -830.0000000000
5868 -829.0000000000
5876 -828.0000000000
5877 -827.0000000000
5887 -826.0000000000
5893 -825.0000000000
5894 -824.0000000000
5896 -823.0000000000
5906 -822.0000000000
5930 -821.0000000000
5933 -820.0000000000
5951 -819.0000000000
5958 -818.0000000000
5963 -817.0000000000
5964 -816.0000000000
5978 -815.0000000000
5979 -814.0000000000
5994 -813.0000000000
6003 -812.0000000000
6011 -811.0000000000
6018 -810.0000000000
6023 -809.0000000000
6024 -807.0000000000
6029 -805.0000000000
6038 -804.0000000000
6057 -803.0000000000
6065 -802.0000000000
6071 -801.0000000000
6073 -800.0000000000
6076 -799.0000000000
6097 -797.0000000000
6113 -796.0000000000
6127 -795.0000000000
6132 -794.0000000000
6135 -793.0000000000
6154 -792.0000000000
6158 -791.0000000000
6167 -790.0000000000
6177 -789.0000000000
6191 -788.0000000000
6194 -787.0000000000
6210 -786.0000000000
6225 -784.0000000000
6246 -783.0000000000
6249 -781.0000000000
6278 -780.0000000000
6280 -779.0000000000
6281 -778.0000000000
6286 -777.0000000000
6302 -776.0000000000
6314 -775.0000000000
6315 -774.0000000000
6329 -773.0000000000
6339 -772.0000000000
6350 -771.0000000000
6359 -769.0000000000
6394 -768.0000000000
6417 -767.0000000000
6435 -765.0000000000
6438 -764.0000000000
6446 -763.0000000000
6455 -762.0000000000
6480 -761.0000000000
6485 -760.0000000000
6486 -759.0000000000
6504 -758.0000000000
6512 -757.0000000000
6514 -756.0000000000
6531 -755.0000000000
6532 -754.0000000000
6535 -753.0000000000
6545 -752.0000000000
6547 -751.0000000000
6555 -750.0000000000
6563 -748.0000000000
6571 -747.0000000000
6572 -746.0000000000
6574 -745.0000000000
6586 -744.0000000000
6605 -743.0000000000
6608 -742.0000000000
6617 -741.0000000000
6621 -740.0000000000
6624 -739.0000000000
6634 -738.0000000000
6636 -737.0000000000
6639 -736.0000000000
6664 -735.0000000000
6668 -733.0000000000
6671 -732.0000000000
6684 -730.0000000000
6685 -729.0000000000
6697 -728.0000000000
6716 -727.0000000000
6725 -726.0000000000
6726 -725.0000000000
6735 -724.0000000000
6766 -723.0000000000
6769 -722.0000000000
6773 -721.0000000000
6779 -720.0000000000
6786 -719.0000000000
6794 -718.0000000000
6809 -717.0000000000
6813 -716.0000000000
6816 -715.0000000000
6836 -714.0000000000
6851 -713.0000000000
6852 -712.0000000000
6854 -711.0000000000
6894 -710.0000000000
6899 -709.0000000000
6934 -708.0000000000
6942 -707.0000000000
6957 -706.0000000000
7013 -705.0000000000
7027 -704.0000000000
7035 -703.0000000000
7042 -702.0000000000
7056 -701.0000000000
7057 -700.0000000000
7066 -698.0000000000
7083 -697.0000000000
7084 -696.0000000000
7087 -694.0000000000
7090 -693.0000000000
7097 -692.0000000000
7113 -691.0000000000
7117 -690.0000000000
7119 -689.0000000000
7136 -688.0000000000
7138 -687.0000000000
7141 -686.0000000000
7149 -685.0000000000
7159 -684.0000000000
7170 -683.0000000000
7177 -682.0000000000
7180 -681.0000000000
7184 -680.0000000000
7189 -679.0000000000
7234 -678.0000000000
7246 -677.0000000000
7263 -676.0000000000
7282 -675.0000000000
7285 -674.0000000000
7288 -673.0000000000
7308 -672.0000000000
7310 -671.0000000000
7336 -670.0000000000
7347 -669.0000000000
7355 -668.0000000000
7359 -667.0000000000
7367 -666.0000000000
7368 -665.0000000000
7372 -664.0000000000
7374 -663.0000000000
7375 -662.0000000000
7376 -661.0000000000
7398 -659.0000000000
7417 -658.0000000000
7445 -657.0000000000
7464 -656.0000000000
7466 -655.0000000000
7477 -654.0000000000
7524 -653.0000000000
7565 -652.0000000000
7578 -651.0000000000
7586 -650.0000000000
7588 -649.0000000000
7599 -647.0000000000
7605 -646.0000000000
7611 -645.0000000000
7623 -644.0000000000
7624 -643.0000000000
7626 -642.0000000000
7628 -641.0000000000
7639 -640.0000000000
7647 -639.0000000000
7663 -638.0000000000
7682 -637.0000000000
7697 -636.0000000000
7702 -635.0000000000
7733 -634.0000000000
7754 -633.0000000000
7755 -632.0000000000
7769 -631.0000000000
7770 -630.0000000000
7771 -629.0000000000
7785 -627.0000000000
7796 -626.0000000000
7804 -625.0000000000
7837 -624.0000000000
7840 -622.0000000000
7854 -621.0000000000
7861 -620.0000000000
7867 -619.0000000000
7897 -618.0000000000
7905 -617.0000000000
7928 -616.0000000000
7930 -614.0000000000
7955 -613.0000000000
7957 -612.0000000000
7971 -611.0000000000
7973 -610.0000000000
7977 -609.0000000000
8033 -608.0000000000
8040 -607.0000000000
8074 -606.0000000000
8084 -605.0000000000
8132 -603.0000000000
8141 -602.0000000000
8175 -601.0000000000
8189 -600.0000000000
8191 -599.0000000000
8196 -598.0000000000
8232 -597.0000000000
8237 -596.0000000000
8258 -595.0000000000
8274 -594.0000000000
8305 -593.0000000000
8319 -592.0000000000
8329 -591.0000000000
8351 -590.0000000000
8371 -588.0000000000
8374 -587.0000000000
8386 -586.0000000000
8398 -585.0000000000
8419 -584.0000000000
8434 -583.0000000000
8442 -582.0000000000
8457 -581.0000000000
8481 -580.0000000000
8487 -579.0000000000
8506 -578.0000000000
8516 -577.0000000000
8538 -576.0000000000
8540 -575.0000000000
8558 -574.0000000000
8582 -573.0000000000
8585 -572.0000000000
8598 -571.0000000000
8621 -570.0000000000
8641 -569.0000000000
8647 -568.0000000000
8655 -567.0000000000
8661 -566.0000000000
8682 -565.0000000000
8709 -564.0000000000
8731 -563.0000000000
8732 -562.0000000000
8733 -559.0000000000
8747 -557.0000000000
8766 -556.0000000000
8776 -555.0000000000
8781 -554.0000000000
8786 -553.0000000000
8817 -551.0000000000
8818 -550.0000000000
8899 -549.0000000000
8906 -548.0000000000
8909 -547.0000000000
8911 -546.0000000000
8922 -545.0000000000
9023 -544.0000000000
9039 -543.0000000000
9041 -542.0000000000
9046 -541.0000000000
9061 -540.0000000000
9063 -539.0000000000
9078 -537.0000000000
9115 -536.0000000000
9144 -535.0000000000
9178 -534.0000000000
9188 -533.0000000000
9200 -532.0000000000
9207 -531.0000000000
9211 -530.0000000000
9214 -529.0000000000
9234 -528.0000000000
9247 -527.0000000000
9261 -526.0000000000
9265 -525.0000000000
9492 -524.0000000000
9511 -523.0000000000
9514 -522.0000000000
9544 -521.0000000000
9651 -520.0000000000
9657 -519.0000000000
9684 -518.0000000000
9691 -517.0000000000
9716 -516.0000000000
9741 -515.0000000000
9753 -514.0000000000
9765 -513.0000000000
9788 -512.0000000000
9792 -511.0000000000
9811 -510.0000000000
9829 -509.0000000000
9830 -508.0000000000
9837 -507.0000000000
9890 -506.0000000000
9933 -505.0000000000
9949 -504.0000000000
9956 -503.0000000000
9961 -502.0000000000
9971 -501.0000000000
9984 -500.0000000000
9987 -499.0000000000
10000 -501.0000000000
evaluations raw_y
1 -1992.0000000000
4 -1991.0000000000
6 -1990.0000000000
9 -1989.0000000000
12 -1987.0000000000
16 -1986.0000000000
20 -1985.0000000000
22 -1984.0000000000
29 -1983.0000000000
30 -1982.0000000000
34 -1981.0000000000
38 -1980.0000000000
44 -1979.0000000000
45 -1977.0000000000
46 -1976.0000000000
48 -1975.0000000000
51 -1974.0000000000
53 -1973.0000000000
56 -1972.0000000000
57 -1970.0000000000
63 -1969.0000000000
67 -1968.0000000000
85 -1967.0000000000
86 -1966.0000000000
89 -1965.0000000000
94 -1964.0000000000
98 -1963.0000000000
99 -1962.0000000000
102 -1960.0000000000
104 -1959.0000000000
111 -1957.0000000000
115 -1956.0000000000
116 -1955.0000000000
117 -1953.0000000000
120 -1950.0000000000
126 -1948.0000000000
131 -1945.0000000000
133 -1944.0000000000
134 -1943.0000000000
135 -1942.0000000000
137 -1941.0000000000
140 -1940.0000000000
142 -1939.0000000000
144 -1938.0000000000
148 -1936.0000000000
150 -1935.0000000000
152 -1933.0000000000
153 -1931.0000000000
156 -1930.0000000000
157 -1929.0000000000
161 -1927.0000000000
162 -1925.0000000000
170 -1924.0000000000
176 -1922.0000000000
177 -1921.0000000000
178 -1919.0000000000
186 -1917.0000000000
193 -1916.0000000000
196 -1915.0000000000
198 -1914.0000000000
204 -1913.0000000000
228 -1912.0000000000
231 -1910.0000000000
236 -1909.0000000000
238 -1907.0000000000
242 -1906.0000000000
249 -1904.0000000000
253 -1903.0000000000
260 -1902.0000000000
262 -1901.0000000000
267 -1900.0000000000
270 -1899.0000000000
272 -1898.0000000000
278 -1897.0000000000
280 -1896.0000000000
281 -1895.0000000000
283 -1892.0000000000
284 -1891.0000000000
287 -1890.0000000000
289 -1889.0000000000
290 -1888.0000000000
295 -1886.0000000000
301 -1885.0000000000
305 -1884.0000000000
308 -1883.0000000000
321 -1882.0000000000
324 -1881.0000000000
325 -1880.0000000000
326 -1879.0000000000
329 -1878.0000000000
331 -1877.0000000000
334 -1876.0000000000
339 -1875.0000000000
342 -1874.0000000000
343 -1873.0000000000
346 -1872.0000000000
350 -1871.0000000000
351 -1869.0000000000
354 -1867.0000000000
356 -1864.0000000000
379 -1863.0000000000
382 -1862.0000000000
384 -1860.0000000000
393 -1858.0000000000
395 -1857.0000000000
401 -1856.0000000000
402 -1855.0000000000
406 -1854.0000000000
407 -1853.0000000000
408 -1852.0000000000
413 -1851.0000000000
418 -1850.0000000000
419 -1848.0000000000
424 -1845.0000000000
429 -1842.0000000000
431 -1841.0000000000
432 -1840.0000000000
435 -1839.0000000000
442 -1838.0000000000
449 -1836.0000000000
454 -1834.0000000000
459 -1833.0000000000
466 -1832.0000000000
467 -1831.0000000000
484 -1830.0000000000
485 -1828.0000000000
489 -1827.0000000000
503 -1826.0000000000
506 -1825.0000000000
508 -1824.0000000000
524 -1821.0000000000
535 -1820.0000000000
555 -1819.0000000000
558 -1817.0000000000
559 -1816.0000000000
565 -1814.0000000000
571 -1813.0000000000
572 -1812.0000000000
586 -1810.0000000000
590 -1809.0000000000
596 -1807.0000000000
597 -1806.0000000000
598 -1805.0000000000
607 -1803.0000000000
615 -1801.0000000000
616 -1800.0000000000
620 -1799.0000000000
623 -1798.0000000000
624 -1796.0000000000
626 -1795.0000000000
627 -1793.0000000000
635 -1792.0000000000
638 -1791.0000000000
646 -1790.0000000000
649 -1789.0000000000
650 -1786.0000000000
651 -1785.0000000000
660 -1783.0000000000
667 -1782.0000000000
669 -1781.0000000000
683 -1779.0000000000
693 -1778.0000000000
695 -1777.0000000000
699 -1776.0000000000
700 -1775.0000000000
703 -1774.0000000000
704 -1773.0000000000
717 -1772.0000000000
718 -1771.0000000000
721 -1770.0000000000
728 -1769.0000000000
730 -1767.0000000000
748 -1766.0000000000
750 -1765.0000000000
751 -1764.0000000000
754 -1763.0000000000
758 -1762.0000000000
759 -1761.0000000000
760 -1760.0000000000
762 -1759.0000000000
763 -1758.0000000000
765 -1757.0000000000
775 -1756.0000000000
802 -1755.0000000000
804 -1754.0000000000
812 -1753.0000000000
813 -1752.0000000000
818 -1751.0000000000
823 -1750.0000000000
831 -1749.0000000000
835 -1748.0000000000
838 -1747.0000000000
848 -1746.0000000000
849 -1745.0000000000
857 -1744.0000000000
861 -1743.0000000000
871 -1741.0000000000
881 -1740.0000000000
887 -1739.0000000000
895 -1738.0000000000
901 -1737.0000000000
915 -1736.0000000000
917 -1735.0000000000
927 -1734.0000000000
942 -1733.0000000000
949 -1732.0000000000
953 -1731.0000000000
963 -1730.0000000000
982 -1728.0000000000
983 -1727.0000000000
984 -1724.0000000000
985 -1723.0000000000
992 -1722.0000000000
993 -1721.0000000000
995 -1720.0000000000
996 -1718.0000000000
999 -1717.0000000000
1007 -1716.0000000000
1015 -1715.0000000000
1016 -1714.0000000000
1017 -1712.0000000000
1025 -1711.0000000000
1026 -1710.0000000000
1028 -1709.0000000000
1031 -1707.0000000000
1033 -1706.0000000000
1034 -1705.0000000000
1039 -1704.0000000000
1046 -1703.0000000000
1048 -1702.0000000000
1053 -1701.0000000000
1054 -1700.0000000000
1055 -1699.0000000000
1061 -1698.0000000000
1063 -1695.0000000000
1064 -1694.0000000000
1065 -1693.0000000000
1067 -1691.0000000000
1069 -1690.0000000000
1071 -1689.0000000000
1073 -1688.0000000000
1077 -1687.0000000000
1079 -1685.0000000000
1093 -1684.0000000000
1096 -1683.0000000000
1097 -1682.0000000000
1099 -1681.0000000000
1101 -1680.0000000000
1112 -1678.0000000000
1120 -1677.0000000000
1124 -1676.0000000000
1140 -1675.0000000000
1141 -1674.0000000000
1142 -1673.0000000000
1148 -1672.0000000000
1152 -1671.0000000000
1153 -1670.0000000000
1158 -1669.0000000000
1162 -1668.0000000000
1166 -1667.0000000000
1167 -1666.0000000000
1175 -1665.0000000000
1180 -1663.0000000000
1185 -1662.0000000000
1187 -1661.0000000000
1192 -1660.0000000000
1197 -1658.0000000000
1200 -1656.0000000000
1201 -1655.0000000000
1204 -1654.0000000000
1215 -1653.0000000000
1221 -1652.0000000000
1226 -1651.0000000000
1229 -1650.0000000000
1235 -1648.0000000000
1238 -1647.0000000000
1256 -1646.0000000000
1262 -1645.0000000000
1273 -1644.0000000000
1276 -1643.0000000000
1277 -1642.0000000000
1287 -1641.0000000000
1292 -1640.0000000000
1293 -1639.0000000000
1299 -1637.0000000000
1323 -1636.0000000000
1340 -1635.0000000000
1350 -1634.0000000000
1353 -1633.0000000000
1372 -1632.0000000000
1377 -1631.0000000000
1378 -1630.0000000000
1380 -1629.0000000000
1385 -1628.0000000000
1387 -1626.0000000000
1389 -1625.0000000000
1391 -1624.0000000000
1396 -1623.0000000000
1397 -1622.0000000000
1401 -1620.0000000000
1403 -1619.0000000000
1405 -1618.0000000000
1415 -1616.0000000000
1417 -1615.0000000000
1423 -1614.0000000000
1425 -1613.0000000000
1428 -1612.0000000000
1429 -1611.0000000000
1432 -1610.0000000000
1444 -1609.0000000000
1448 -1608.0000000000
1451 -1607.0000000000
1456 -1606.0000000000
1457 -1604.0000000000
1469 -1603.0000000000
1476 -1602.0000000000
1481 -1600.0000000000
1483 -1599.0000000000
1486 -1598.0000000000
1488 -1597.0000000000
1503 -1596.0000000000
1507 -1595.0000000000
1508 -1594.0000000000
1510 -1593.0000000000
1512 -1591.0000000000
1514 -1590.0000000000
1515 -1589.0000000000
1516 -1588.0000000000
1518 -1587.0000000000
1519 -1585.0000000000
1522 -1584.0000000000
1523 -1582.0000000000
1525 -1581.0000000000
1532 -1580.0000000000
1538 -1578.0000000000
1547 -1576.0000000000
1552 -1575.0000000000
1556 -1574.0000000000
1558 -1573.0000000000
1559 -1572.0000000000
1561 -1571.0000000000
1568 -1570.0000000000
1575 -1568.0000000000
1589 -1567.0000000000
1594 -1566.0000000000
1597 -1565.0000000000
1603 -1564.0000000000
1605 -1563.0000000000
1617 -1561.0000000000
1620 -1560.0000000000
1626 -1559.0000000000
1628 -1557.0000000000
1633 -1555.0000000000
1634 -1554.0000000000
1650 -1552.0000000000
1661 -1550.0000000000
1672 -1548.0000000000
1685 -1547.0000000000
1689 -1546.0000000000
1700 -1545.0000000000
1702 -1544.0000000000
1713 -1543.0000000000
1718 -1541.0000000000
1725 -1540.0000000000
1734 -1539.0000000000
1740 -1538.0000000000
1749 -1537.0000000000
1755 -1536.0000000000
1760 -1534.0000000000
1768 -1533.0000000000
1772 -1532.0000000000
1778 -1531.0000000000
1788 -1530.0000000000
1798 -1528.0000000000
1800 -1527.0000000000
1802 -1525.0000000000
1807 -1523.0000000000
1810 -1522.0000000000
1812 -1521.0000000000
1818 -1519.0000000000
1825 -1518.0000000000
1828 -1517.0000000000
1829 -1515.0000000000
1834 -1514.0000000000
1842 -1513.0000000000
1847 -1512.0000000000
1854 -1511.0000000000
1856 -1510.0000000000
1858 -1509.0000000000
1866 -1508.0000000000
1879 -1506.0000000000
1881 -1505.0000000000
1883 -1503.0000000000
1890 -1502.0000000000
1891 -1500.0000000000
1892 -1499.0000000000
1893 -1498.0000000000
1895 -1497.0000000000
1896 -1496.0000000000
1897 -1495.0000000000
1907 -1494.0000000000
1909 -1493.0000000000
1910 -1492.0000000000
1916 -1491.0000000000
1919 -1490.0000000000
1925 -1489.0000000000
1929 -1488.0000000000
1932 -1487.0000000000
1933 -1486.0000000000
1939 -1484.0000000000
1953 -1483.0000000000
1958 -1482.0000000000
1959 -1481.0000000000
1962 -1480.0000000000
1969 -1479.0000000000
1973 -1478.0000000000
1974 -1476.0000000000
1988 -1475.0000000000
1993 -1473.0000000000
1997 -1472.0000000000
1998 -1471.0000000000
2000 -1470.0000000000
2004 -1469.0000000000
2012 -1468.0000000000
2015 -1467.0000000000
2017 -1465.0000000000
2022 -1464.0000000000
2039 -1462.0000000000
2048 -1460.0000000000
2051 -1459.0000000000
2052 -1458.0000000000
2054 -1457.0000000000
2056 -1456.0000000000
2058 -1455.0000000000
2060 -1453.0000000000
2070 -1452.0000000000
2088 -1451.0000000000
2092 -1450.0000000000
2095 -1448.0000000000
2096 -1446.0000000000
2099 -1445.0000000000
2113 -1444.0000000000
2117 -1442.0000000000
2119 -1441.0000000000
2121 -1440.0000000000
2124 -1439.0000000000
2126 -1438.0000000000
2129 -1437.0000000000
2135 -1434.0000000000
2136 -1433.0000000000
2138 -1432.0000000000
2139 -1430.0000000000
2146 -1428.0000000000
2147 -1427.0000000000
2149 -1426.0000000000
2150 -1425.0000000000
2167 -1424.0000000000
2176 -1423.0000000000
2204 -1421.0000000000
2205 -1420.0000000000
2206 -1419.0000000000
2213 -1418.0000000000
2217 -1417.0000000000
2221 -1416.0000000000
2231 -1415.0000000000
2232 -1414.0000000000
2233 -1413.0000000000
2242 -1411.0000000000
2249 -1409.0000000000
2253 -1408.0000000000
2256 -1407.0000000000
2258 -1406.0000000000
2264 -1405.0000000000
2267 -1403.0000000000
2270 -1401.0000000000
2283 -1400.0000000000
2287 -1399.0000000000
2289 -1398.0000000000
2291 -1397.0000000000
2293 -1396.0000000000
2294 -1395.0000000000
2295 -1394.0000000000
2296 -1393.0000000000
2310 -1391.0000000000
2318 -1389.0000000000
2319 -1387.0000000000
2343 -1386.0000000000
2356 -1385.0000000000
2359 -1384.0000000000
2379 -1382.0000000000
2394 -1381.0000000000
2409 -1380.0000000000
2414 -1378.0000000000
2416 -1376.0000000000
2423 -1374.0000000000
2424 -1373.0000000000
2430 -1372.0000000000
2446 -1370.0000000000
2460 -1369.0000000000
2464 -1368.0000000000
2466 -1366.0000000000
2467 -1365.0000000000
2468 -1364.0000000000
2471 -1363.0000000000
2475 -1362.0000000000
2477 -1361.0000000000
2496 -1359.0000000000
2501 -1358.0000000000
2502 -1357.0000000000
2518 -1356.0000000000
2526 -1355.0000000000
2530 -1354.0000000000
2550 -1353.0000000000
2553 -1352.0000000000
2566 -1351.0000000000
2568 -1350.0000000000
2569 -1349.0000000000
2574 -1348.0000000000
2580 -1345.0000000000
2587 -1344.0000000000
2593 -1343.0000000000
2603 -1342.0000000000
2609 -1341.0000000000
2613 -1340.0000000000
2614 -1339.0000000000
2631 -1338.0000000000
2632 -1337.0000000000
2639 -1336.0000000000
2644 -1335.0000000000
2647 -1334.0000000000
2655 -1333.0000000000
2657 -1331.0000000000
2669 -1330.0000000000
2675 -1329.0000000000
2682 -1328.0000000000
2690 -1327.0000000000
2694 -1326.0000000000
2704 -1325.0000000000
2705 -1324.0000000000
2706 -1323.0000000000
2711 -1321.0000000000
2716 -1320.0000000000
2720 -1319.0000000000
2726 -1318.0000000000
2740 -1317.0000000000
2743 -1315.0000000000
2746 -1313.0000000000
2754 -1311.0000000000
2756 -1310.0000000000
2757 -1309.0000000000
2763 -1308.0000000000
2776 -1307.0000000000
2778 -1306.0000000000
2818 -1305.0000000000
2826 -1304.0000000000
2830 -1303.0000000000
2832 -1302.0000000000
2847 -1301.0000000000
2864 -1300.0000000000
2868 -1299.0000000000
2904 -1298.0000000000
2912 -1297.0000000000
2914 -1296.0000000000
2917 -1295.0000000000
2918 -1294.0000000000
2925 -1293.0000000000
2932 -1292.0000000000
2944 -1291.0000000000
2952 -1290.0000000000
2954 -1288.0000000000
2960 -1287.0000000000
2964 -1286.0000000000
2965 -1284.0000000000
2970 -1283.0000000000
2988 -1282.0000000000
3003 -1281.0000000000
3010 -1280.0000000000
3019 -1279.0000000000
3020 -1278.0000000000
3022 -1277.0000000000
3029 -1276.0000000000
3037 -1275.0000000000
3042 -1274.0000000000
3044 -1273.0000000000
3048 -1272.0000000000
3062 -1271.0000000000
3084 -1270.0000000000
3085 -1269.0000000000
3087 -1268.0000000000
3090 -1267.0000000000
3091 -1266.0000000000
3095 -1265.0000000000
3101 -1264.0000000000
3104 -1263.0000000000
3105 -1262.0000000000
3118 -1261.0000000000
3121 -1259.0000000000
3134 -1257.0000000000
3135 -1256.0000000000
3144 -1255.0000000000
3145 -1254.0000000000
3148 -1253.0000000000
3149 -1252.0000000000
3154 -1251.0000000000
3176 -1250.0000000000
3177 -1249.0000000000
3181 -1248.0000000000
3196 -1246.0000000000
3197 -1245.0000000000
3198 -1243.0000000000
3202 -1242.0000000000
3203 -1241.0000000000
3206 -1240.0000000000
3207 -1239.0000000000
3211 -1238.0000000000
3219 -1237.0000000000
3220 -1236.0000000000
3230 -1235.0000000000
3236 -1233.0000000000
3238 -1232.0000000000
3253 -1230.0000000000
3254 -1228.0000000000
3259 -1227.0000000000
3263 -1226.0000000000
3264 -1225.0000000000
3269 -1224.0000000000
3276 -1223.0000000000
3279 -1222.0000000000
3280 -1221.0000000000
3281 -1220.0000000000
3286 -1218.0000000000
3291 -1217.0000000000
3306 -1216.0000000000
3316 -1215.0000000000
3318 -1214.0000000000
3322 -1213.0000000000
3325 -1212.0000000000
3330 -1211.0000000000
3331 -1210.0000000000
3334 -1209.0000000000
3337 -1208.0000000000
3347 -1207.0000000000
3351 -1206.0000000000
3356 -1204.0000000000
3359 -1203.0000000000
3371 -1201.0000000000
3378 -1200.0000000000
3391 -1199.0000000000
3396 -1198.0000000000
3397 -1196.0000000000
3402 -1195.0000000000
3405 -1193.0000000000
3411 -1192.0000000000
3415 -1191.0000000000
3420 -1190.0000000000
3427 -1189.0000000000
3428 -1188.0000000000
3435 -1187.0000000000
3437 -1186.0000000000
3455 -1185.0000000000
3468 -1184.0000000000
3476 -1183.0000000000
3480 -1182.0000000000
3481 -1181.0000000000
3499 -1180.0000000000
3501 -1179.0000000000
3503 -1178.0000000000
3519 -1177.0000000000
3520 -1176.0000000000
3530 -1175.0000000000
3542 -1174.0000000000
3549 -1172.0000000000
3551 -1171.0000000000
3554 -1170.0000000000
3575 -1169.0000000000
3583 -1168.0000000000
3603 -1167.0000000000
3606 -1166.0000000000
3618 -1165.0000000000
3621 -1164.0000000000
3622 -1163.0000000000
3641 -1162.0000000000
3649 -1161.0000000000
3653 -1160.0000000000
3664 -1159.0000000000
3676 -1158.0000000000
3682 -1156.0000000000
3686 -1155.0000000000
3690 -1154.0000000000
3699 -1153.0000000000
3706 -1152.0000000000
3723 -1150.0000000000
3726 -1149.0000000000
3727 -1148.0000000000
3730 -1147.0000000000
3733 -1146.0000000000
3744 -1145.0000000000
3754 -1144.0000000000
3760 -1143.0000000000
3778 -1141.0000000000
3782 -1140.0000000000
3788 -1139.0000000000
3794 -1138.0000000000
3795 -1137.0000000000
3809 -1136.0000000000
3814 -1135.0000000000
3816 -1134.0000000000
3818 -1133.0000000000
3820 -1131.0000000000
3826 -1130.0000000000
3840 -1128.0000000000
3845 -1127.0000000000
3849 -1125.0000000000
3853 -1124.0000000000
3857 -1123.0000000000
3876 -1121.0000000000
3885 -1120.0000000000
3886 -1119.0000000000
3887 -1118.0000000000
3895 -1117.0000000000
3901 -1116.0000000000
3909 -1115.0000000000
3936 -1114.0000000000
3947 -1113.0000000000
3966 -1112.0000000000
3974 -1111.0000000000
3976 -1110.0000000000
3983 -1109.0000000000
3990 -1108.0000000000
3996 -1107.0000000000
4008 -1106.0000000000
4012 -1105.0000000000
4038 -1104.0000000000
4062 -1103.0000000000
4077 -1102.0000000000
4086 -1101.0000000000
4099 -1100.0000000000
4102 -1099.0000000000
4113 -1098.0000000000
4124 -1097.0000000000
4127 -1094.0000000000
4133 -1093.0000000000
4135 -1092.0000000000
4152 -1091.0000000000
4163 -1089.0000000000
4172 -1088.0000000000
4173 -1087.0000000000
4192 -1085.0000000000
4193 -1084.0000000000
4203 -1082.0000000000
4206 -1081.0000000000
4226 -1080.0000000000
4233 -1079.0000000000
4258 -1078.0000000000
4283 -1077.0000000000
4304 -1076.0000000000
4306 -1075.0000000000
4315 -1074.0000000000
4325 -1073.0000000000
4328 -1070.0000000000
4345 -1069.0000000000
4349 -1068.0000000000
4353 -1067.0000000000
4358 -1066.0000000000
4362 -1065.0000000000
4363 -1064.0000000000
4368 -1063.0000000000
4378 -1062.0000000000
4390 -1061.0000000000
4391 -1060.0000000000
4399 -1059.0000000000
4400 -1058.0000000000
4401 -1057.0000000000
4409 -1056.0000000000
4418 -1055.0000000000
4423 -1054.0000000000
4435 -1053.0000000000
4442 -1052.0000000000
4465 -1051.0000000000
4466 -1050.0000000000
4468 -1049.0000000000
4478 -1048.0000000000
4489 -1047.0000000000
4492 -1046.0000000000
4495 -1045.0000000000
4496 -1044.0000000000
4502 -1043.0000000000
4509 -1041.0000000000
4513 -1040.0000000000
4521 -1038.0000000000
4535 -1037.0000000000
4555 -1036.0000000000
4562 -1035.0000000000
4576 -1034.0000000000
4579 -1033.0000000000
4587 -1031.0000000000
4589 -1030.0000000000
4592 -1029.0000000000
4598 -1027.0000000000
4608 -1025.0000000000
4610 -1024.0000000000
4614 -1023.0000000000
4615 -1022.0000000000
4617 -1021.0000000000
4631 -1020.0000000000
4640 -1019.0000000000
4646 -1018.0000000000
4670 -1017.0000000000
4677 -1015.0000000000
4690 -1014.0000000000
4692 -1013.0000000000
4707 -1012.0000000000
4710 -1010.0000000000
4730 -1009.0000000000
4733 -1008.0000000000
4734 -1006.0000000000
4736 -1005.0000000000
4755 -1004.0000000000
4765 -1003.0000000000
4780 -1002.0000000000
4783 -1001.0000000000
4784 -1000.0000000000
4824 -999.0000000000
4838 -998.0000000000
4840 -997.0000000000
4863 -995.0000000000
4865 -994.0000000000
4875 -993.0000000000
4880 -992.0000000000
4887 -991.0000000000
4918 -990.0000000000
4919 -989.0000000000
4921 -988.0000000000
4928 -987.0000000000
4930 -986.0000000000
4932 -984.0000000000
4958 -983.0000000000
4969 -981.0000000000
4977 -980.0000000000
4979 -978.0000000000
4989 -977.0000000000
4999 -976.0000000000
5012 -975.0000000000
5019 -974.0000000000
5023 -973.0000000000
5024 -972.0000000000
5039 -971.0000000000
5055 -969.0000000000
5067 -968.0000000000
5092 -967.0000000000
5093 -965.0000000000
5114 -964.0000000000
5133 -963.0000000000
5163 -962.0000000000
5167 -961.0000000000
5201 -960.0000000000
5204 -959.0000000000
5216 -957.0000000000
5221 -956.0000000000
5226 -954.0000000000
5231 -953.0000000000
5233 -952.0000000000
5243 -951.0000000000
5249 -950.0000000000
5251 -949.0000000000
5265 -948.0000000000
5288 -946.0000000000
5344 -944.0000000000
5345 -943.0000000000
5350 -942.0000000000
5354 -941.0000000000
5362 -940.0000000000
5365 -939.0000000000
5374 -938.0000000000
5375 -937.0000000000
5378 -936.0000000000
5384 -935.0000000000
5385 -934.0000000000
5391 -933.0000000000
5393 -932.0000000000
5395 -930.0000000000
5410 -929.0000000000
5422 -928.0000000000
5424 -927.0000000000
5434 -926.0000000000
5440 -925.0000000000
5468 -924.0000000000
5472 -923.0000000000
5477 -920.0000000000
5490 -918.0000000000
5503 -917.0000000000
5529 -916.0000000000
5541 -915.0000000000
5549 -914.0000000000
5559 -913.0000000000
5565 -912.0000000000
5567 -911.0000000000
5568 -910.0000000000
5574 -909.0000000000
5581 -908.0000000000
5585 -907.0000000000
5591 -906.0000000000
5611 -905.0000000000
5618 -904.0000000000
5621 -903.0000000000
5626 -902.0000000000
5639 -901.0000000000
5642 -898.0000000000
5643 -897.0000000000
5644 -896.0000000000
5647 -895.0000000000
5651 -894.0000000000
5652 -893.0000000000
5657 -892.0000000000
5658 -891.0000000000
5663 -890.0000000000
5665 -889.0000000000
5683 -888.0000000000
5685 -887.0000000000
5701 -886.0000000000
5720 -885.0000000000
5724 -884.0000000000
5745 -883.0000000000
5746 -882.0000000000
5751 -881.0000000000
5754 -880.0000000000
5763 -879.0000000000
5768 -878.0000000000
5806 -877.0000000000
5809 -876.0000000000
5832 -875.0000000000
5850 -873.0000000000
5852 -872.0000000000
5854 -871.0000000000
5881 -869.0000000000
5888 -868.0000000000
5914 -867.0000000000
5926 -866.0000000000
5930 -865.0000000000
5937 -864.0000000000
5941 -863.0000000000
5947 -862.0000000000
5952 -861.0000000000
5963 -860.0000000000
5965 -859.0000000000
5976 -858.0000000000
5980 -857.0000000000
5982 -855.0000000000
5994 -854.0000000000
6016 -853.0000000000
6025 -852.0000000000
6028 -851.0000000000
6062 -850.0000000000
6065 -848.0000000000
6078 -847.0000000000
6103 -846.0000000000
6110 -844.0000000000
6116 -843.0000000000
6121 -842.0000000000
6122 -841.0000000000
6132 -840.0000000000
6159 -839.0000000000
6164 -838.0000000000
6175 -837.0000000000
6203 -836.0000000000
6220 -835.0000000000
6247 -834.0000000000
6255 -833.0000000000
6291 -832.0000000000
6303 -831.0000000000
6304 -830.0000000000
6307 -828.0000000000
6309 -827.0000000000
6319 -826.0000000000
6323 -825.0000000000
6326 -824.0000000000
6329 -823.0000000000
6334 -822.0000000000
6339 -821.0000000000
6344 -820.0000000000
6349 -819.0000000000
6351 -818.0000000000
6364 -817.0000000000
6370 -816.0000000000
6396 -815.0000000000
6405 -814.0000000000
6414 -813.0000000000
6415 -812.0000000000
6424 -811.0000000000
6472 -810.0000000000
6495 -808.0000000000
6519 -807.0000000000
6538 -806.0000000000
6558 -805.0000000000
6564 -803.0000000000
6568 -802.0000000000
6576 -801.0000000000
6577 -800.0000000000
6601 -799.0000000000
6607 -798.0000000000
6618 -797.0000000000
6629 -796.0000000000
6638 -795.0000000000
6656 -794.0000000000
6670 -793.0000000000
6695 -792.0000000000
6704 -791.0000000000
6709 -790.0000000000
6716 -789.0000000000
6735 -788.0000000000
6743 -787.0000000000
6751 -786.0000000000
6754 -785.0000000000
6756 -783.0000000000
6757 -782.0000000000
6773 -781.0000000000
6788 -780.0000000000
6816 -779.0000000000
6835 -778.0000000000
6858 -777.0000000000
6861 -776.0000000000
6880 -774.0000000000
6881 -773.0000000000
6884 -772.0000000000
6909 -771.0000000000
6915 -770.0000000000
6917 -769.0000000000
6919 -768.0000000000
6928 -767.0000000000
6931 -766.0000000000
6934 -765.0000000000
6956 -764.0000000000
6990 -763.0000000000
6993 -762.0000000000
7014 -761.0000000000
7028 -760.0000000000
7042 -759.0000000000
7051 -758.0000000000
7060 -757.0000000000
7063 -756.0000000000
7064 -755.0000000000
7076 -754.0000000000
7077 -753.0000000000
7104 -752.0000000000
7114 -751.0000000000
7123 -750.0000000000
7142 -749.0000000000
7188 -748.0000000000
7209 -747.0000000000
7218 -745.0000000000
7226 -744.0000000000
7227 -743.0000000000
7240 -742.0000000000
7241 -741.0000000000
7249 -740.0000000000
7255 -739.0000000000
7266 -738.0000000000
7267 -737.0000000000
7278 -735.0000000000
7285 -734.0000000000
7287 -733.0000000000
7296 -731.0000000000
7298 -730.0000000000
7319 -729.0000000000
7390 -728.0000000000
7392 -727.0000000000
7395 -726.0000000000
7404 -725.0000000000
7466 -724.0000000000
7477 -723.0000000000
7478 -722.0000000000
7491 -721.0000000000
7501 -720.0000000000
7525 -719.0000000000
7530 -718.0000000000
7532 -716.0000000000
7562 -715.0000000000
7564 -714.0000000000
7586 -713.0000000000
7604 -712.0000000000
7609 -711.0000000000
7615 -710.0000000000
7624 -709.0000000000
7630 -708.0000000000
7633 -707.0000000000
7655 -706.0000000000
7661 -704.0000000000
7663 -703.0000000000
7675 -702.0000000000
7709 -700.0000000000
7727 -699.0000000000
7734 -698.0000000000
7749 -697.0000000000
7756 -695.0000000000
7774 -694.0000000000
7778 -693.0000000000
7824 -692.0000000000
7833 -690.0000000000
7840 -688.0000000000
7848 -684.0000000000
7850 -683.0000000000
7875 -682.0000000000
7878 -681.0000000000
7881 -680.0000000000
7893 -679.0000000000
7899 -678.0000000000
7921 -676.0000000000
7922 -674.0000000000
7924 -673.0000000000
7928 -672.0000000000
7929 -671.0000000000
7961 -670.0000000000
7969 -669.0000000000
7975 -668.0000000000
7979 -667.0000000000
7982 -666.0000000000
7988 -665.0000000000
7993 -664.0000000000
8016 -663.0000000000
8025 -662.0000000000
8046 -661.0000000000
8050 -660.0000000000
8091 -659.0000000000
8092 -658.0000000000
8106 -657.0000000000
8108 -656.0000000000
8124 -655.0000000000
8147 -654.0000000000
8157 -653.0000000000
8165 -652.0000000000
8178 -651.0000000000
8191 -650.0000000000
8197 -649.0000000000
8220 -648.0000000000
8228 -647.0000000000
8237 -646.0000000000
8238 -645.0000000000
8241 -644.0000000000
8257 -643.0000000000
8281 -642.0000000000
8287 -641.0000000000
8295 -640.0000000000
8323 -639.0000000000
8327 -638.0000000000
8328 -637.0000000000
8335 -636.0000000000
8340 -635.0000000000
8409 -634.0000000000
8413 -633.0000000000
8428 -632.0000000000
8450 -630.0000000000
8456 -629.0000000000
8459 -628.0000000000
8485 -626.0000000000
8488 -625.0000000000
8503 -624.0000000000
8517 -623.0000000000
8530 -621.0000000000
8532 -618.0000000000
8544 -616.0000000000
8556 -615.0000000000
8578 -614.0000000000
8589 -613.0000000000
8603 -612.0000000000
8623 -611.0000000000
8627 -610.0000000000
8629 -609.0000000000
8632 -608.0000000000
8661 -607.0000000000
8673 -606.0000000000
8689 -605.0000000000
8713 -602.0000000000
8720 -601.0000000000
8726 -600.0000000000
8764 -599.0000000000
8807 -598.0000000000
8834 -597.0000000000
8841 -596.0000000000
8852 -595.0000000000
8909 -593.0000000000
8932 -592.0000000000
8997 -591.0000000000
9001 -589.0000000000
9019 -588.0000000000
9041 -587.0000000000
9060 -586.0000000000
9064 -585.0000000000
9099 -584.0000000000
9119 -583.0000000000
9133 -582.0000000000
9146 -581.0000000000
9159 -580.0000000000
9162 -579.0000000000
9171 -578.0000000000
9176 -577.0000000000
9197 -576.0000000000
9199 -575.0000000000
9203 -574.0000000000
9206 -573.0000000000
9242 -572.0000000000
9255 -570.0000000000
9256 -568.0000000000
9299 -567.0000000000
9309 -566.0000000000
9312 -565.0000000000
9326 -564.0000000000
9335 -563.0000000000
9380 -562.0000000000
9402 -561.0000000000
9431 -560.0000000000
9436 -558.0000000000
9463 -557.0000000000
9507 -556.0000000000
9525 -555.0000000000
9531 -554.0000000000
9547 -553.0000000000
9566 -552.0000000000
9575 -551.0000000000
9582 -550.0000000000
9596 -548.0000000000
9609 -545.0000000000
9627 -544.0000000000
9634 -543.0000000000
9642 -542.0000000000
9767 -541.0000000000
9773 -540.0000000000
9776 -539.0000000000
9779 -538.0000000000
9831 -537.0000000000
9832 -536.0000000000
9836 -535.0000000000
9843 -534.0000000000
9858 -533.0000000000
9868 -532.0000000000
9882 -531.0000000000
9895 -530.0000000000
9928 -527.0000000000
9932 -526.0000000000
9940 -525.0000000000
10000 -526.0000000000
evaluations raw_y
1 -1962.0000000000
2 -1961.0000000000
8 -1960.0000000000
13 -1959.0000000000
19 -1958.0000000000
24 -1956.0000000000
25 -1954.0000000000
26 -1952.0000000000
31 -1950.0000000000
42 -1947.0000000000
48 -1946.0000000000
53 -1945.0000000000
54 -1944.0000000000
62 -1943.0000000000
69 -1942.0000000000
78 -1941.0000000000
81 -1940.0000000000
84 -1938.0000000000
92 -1936.0000000000
95 -1935.0000000000
96 -1934.0000000000
98 -1933.0000000000
109 -1932.0000000000
113 -1931.0000000000
116 -1929.0000000000
118 -1928.0000000000
120 -1927.0000000000
125 -1926.0000000000
126 -1925.0000000000
132 -1924.0000000000
142 -1923.0000000000
143 -1922.0000000000
145 -1921.0000000000
149 -1919.0000000000
151 -1918.0000000000
161 -1917.0000000000
164 -1916.0000000000
165 -1915.0000000000
169 -1914.0000000000
173 -1913.0000000000
174 -1912.0000000000
175 -1911.0000000000
176 -1910.0000000000
177 -1909.0000000000
183 -1908.0000000000
185 -1907.0000000000
189 -1906.0000000000
192 -1904.0000000000
193 -1903.0000000000
198 -1902.0000000000
199 -1901.0000000000
202 -1900.0000000000
205 -1899.0000000000
208 -1898.0000000000
213 -1897.0000000000
214 -1896.0000000000
219 -1895.0000000000
238 -1894.0000000000
242 -1893.0000000000
246 -1892.0000000000
247 -1891.0000000000
254 -1890.0000000000
255 -1889.0000000000
256 -1887.0000000000
258 -1886.0000000000
260 -1884.0000000000
263 -1883.0000000000
276 -1882.0000000000
281 -1880.0000000000
286 -1879.0000000000
287 -1878.0000000000
296 -1877.0000000000
297 -1876.0000000000
299 -1875.0000000000
301 -1873.0000000000
310 -1872.0000000000
311 -1870.0000000000
312 -1868.0000000000
315 -1867.0000000000
322 -1865.0000000000
326 -1864.0000000000
327 -1862.0000000000
329 -1858.0000000000
335 -1856.0000000000
340 -1855.0000000000
343 -1854.0000000000
344 -1853.0000000000
348 -1852.0000000000
352 -1851.0000000000
355 -1849.0000000000
359 -1847.0000000000
363 -1846.0000000000
364 -1845.0000000000
366 -1843.0000000000
367 -1841.0000000000
368 -1840.0000000000
371 -1839.0000000000
380 -1836.0000000000
388 -1835.0000000000
391 -1833.0000000000
392 -1831.0000000000
393 -1830.0000000000
403 -1829.0000000000
406 -1828.0000000000
413 -1827.0000000000
424 -1826.0000000000
425 -1824.0000000000
428 -1823.0000000000
432 -1822.0000000000
438 -1821.0000000000
443 -1820.0000000000
454 -1819.0000000000
455 -1818.0000000000
458 -1817.0000000000
459 -1816.0000000000
468 -1815.0000000000
472 -1814.0000000000
474 -1813.0000000000
479 -1811.0000000000
488 -1808.0000000000
489 -1806.0000000000
497 -1805.0000000000
498 -1804.0000000000
499 -1803.0000000000
504 -1802.0000000000
507 -1801.0000000000
521 -1800.0000000000
523 -1798.0000000000
527 -1797.0000000000
529 -1796.0000000000
539 -1794.0000000000
546 -1792.0000000000
548 -1791.0000000000
554 -1790.0000000000
557 -1789.0000000000
563 -1788.0000000000
574 -1786.0000000000
577 -1785.0000000000
581 -1784.0000000000
583 -1783.0000000000
585 -1781.0000000000
593 -1780.0000000000
604 -1779.0000000000
610 -1778.0000000000
612 -1777.0000000000
615 -1776.0000000000
616 -1775.0000000000
624 -1774.0000000000
628 -1772.0000000000
635 -1771.0000000000
636 -1770.0000000000
637 -1769.0000000000
651 -1767.0000000000
655 -1766.0000000000
657 -1765.0000000000
659 -1763.0000000000
660 -1762.0000000000
661 -1761.0000000000
663 -1760.0000000000
665 -1759.0000000000
667 -1758.0000000000
672 -1757.0000000000
677 -1756.0000000000
680 -1755.0000000000
682 -1754.0000000000
684 -1753.0000000000
685 -1752.0000000000
699 -1751.0000000000
703 -1750.0000000000
724 -1749.0000000000
725 -1747.0000000000
732 -1746.0000000000
734 -1745.0000000000
740 -1744.0000000000
758 -1743.0000000000
759 -1742.0000000000
766 -1741.0000000000
768 -1740.0000000000
776 -1739.0000000000
782 -1738.0000000000
788 -1737.0000000000
795 -1735.0000000000
798 -1734.0000000000
799 -1733.0000000000
802 -1732.0000000000
805 -1731.0000000000
809 -1729.0000000000
810 -1728.0000000000
812 -1726.0000000000
817 -1725.0000000000
820 -1724.0000000000
830 -1723.0000000000
833 -1722.0000000000
836 -1721.0000000000
837 -1719.0000000000
839 -1718.0000000000
841 -1717.0000000000
842 -1716.0000000000
846 -1714.0000000000
866 -1713.0000000000
867 -1712.0000000000
871 -1711.0000000000
874 -1710.0000000000
878 -1709.0000000000
887 -1708.0000000000
891 -1707.0000000000
895 -1706.0000000000
898 -1705.0000000000
909 -1704.0000000000
912 -1703.0000000000
913 -1702.0000000000
917 -1701.0000000000
918 -1700.0000000000
920 -1699.0000000000
922 -1698.0000000000
924 -1697.0000000000
934 -1696.0000000000
935 -1695.0000000000
936 -1694.0000000000
939 -1693.0000000000
943 -1691.0000000000
945 -1688.0000000000
948 -1687.0000000000
949 -1685.0000000000
966 -1684.0000000000
971 -1682.0000000000
972 -1679.0000000000
973 -1678.0000000000
978 -1677.0000000000
981 -1676.0000000000
986 -1674.0000000000
987 -1672.0000000000
988 -1670.0000000000
989 -1669.0000000000
990 -1667.0000000000
991 -1666.0000000000
997 -1665.0000000000
1012 -1663.0000000000
1013 -1662.0000000000
1015 -1661.0000000000
1019 -1660.0000000000
1020 -1659.0000000000
1021 -1657.0000000000
1023 -1656.0000000000
1032 -1654.0000000000
1034 -1652.0000000000
1037 -1651.0000000000
1040 -1650.0000000000
1041 -1649.0000000000
1048 -1648.0000000000
1050 -1646.0000000000
1055 -1645.0000000000
1057 -1643.0000000000
1060 -1642.0000000000
1063 -1641.0000000000
1069 -1640.0000000000
1073 -1639.0000000000
1075 -1637.0000000000
1092 -1636.0000000000
1098 -1635.0000000000
1101 -1634.0000000000
1105 -1633.0000000000
1111 -1632.0000000000
1113 -1631.0000000000
1133 -1630.0000000000
1141 -1629.0000000000
1143 -1628.0000000000
1144 -1627.0000000000
1146 -1626.0000000000
1154 -1625.0000000000
1156 -1624.0000000000
1163 -1623.0000000000
1173 -1622.0000000000
1192 -1621.0000000000
1195 -1620.0000000000
1202 -1619.0000000000
1213 -1618.0000000000
1218 -1616.0000000000
1219 -1615.0000000000
1241 -1613.0000000000
1242 -1612.0000000000
1245 -1611.0000000000
1250 -1610.0000000000
1266 -1609.0000000000
1278 -1606.0000000000
1281 -1605.0000000000
1282 -1604.0000000000
1290 -1603.0000000000
1294 -1602.0000000000
1296 -1601.0000000000
1298 -1600.0000000000
1299 -1599.0000000000
1300 -1598.0000000000
1302 -1597.0000000000
1309 -1595.0000000000
1310 -1594.0000000000
1312 -1593.0000000000
1322 -1592.0000000000
1327 -1591.0000000000
1328 -1590.0000000000
1332 -1589.0000000000
1338 -1588.0000000000
1353 -1587.0000000000
1366 -1586.0000000000
1370 -1585.0000000000
1371 -1584.0000000000
1375 -1583.0000000000
1382 -1582.0000000000
1384 -1580.0000000000
1386 -1579.0000000000
1389 -1578.0000000000
1396 -1577.0000000000
1397 -1576.0000000000
1401 -1574.0000000000
1412 -1573.0000000000
1423 -1572.0000000000
1425 -1571.0000000000
1431 -1569.0000000000
1434 -1568.0000000000
1437 -1567.0000000000
1442 -1565.0000000000
1444 -1564.0000000000
1456 -1562.0000000000
1461 -1561.0000000000
1467 -1560.0000000000
1481 -1559.0000000000
1499 -1558.0000000000
1501 -1557.0000000000
1502 -1556.0000000000
1509 -1555.0000000000
1516 -1554.0000000000
1527 -1553.0000000000
1536 -1551.0000000000
1541 -1550.0000000000
1542 -1549.0000000000
1544 -1547.0000000000
1549 -1546.0000000000
1550 -1545.0000000000
1556 -1544.0000000000
1557 -1543.0000000000
1561 -1542.0000000000
1570 -1541.0000000000
1571 -1539.0000000000
1585 -1538.0000000000
1587 -1537.0000000000
1595 -1536.0000000000
1609 -1535.0000000000
1610 -1534.0000000000
1613 -1533.0000000000
1614 -1532.0000000000
1622 -1530.0000000000
1628 -1529.0000000000
1635 -1526.0000000000
1640 -1524.0000000000
1643 -1523.0000000000
1644 -1521.0000000000
1664 -1520.0000000000
1669 -1518.0000000000
1670 -1517.0000000000
1671 -1515.0000000000
1680 -1514.0000000000
1683 -1513.0000000000
1684 -1512.0000000000
1688 -1511.0000000000
1704 -1510.0000000000
1713 -1509.0000000000
1718 -1508.0000000000
1720 -1507.0000000000
1721 -1506.0000000000
1722 -1505.0000000000
1723 -1503.0000000000
1724 -1502.0000000000
1728 -1500.0000000000
1730 -1499.0000000000
1734 -1498.0000000000
1735 -1497.0000000000
1738 -1496.0000000000
1746 -1495.0000000000
1747 -1494.0000000000
1749 -1493.0000000000
1750 -1491.0000000000
1783 -1490.0000000000
1787 -1488.0000000000
1792 -1487.0000000000
1794 -1486.0000000000
1797 -1485.0000000000
1800 -1484.0000000000
1803 -1481.0000000000
1808 -1479.0000000000
1822 -1478.0000000000
1835 -1477.0000000000
1839 -1476.0000000000
1849 -1475.0000000000
1853 -1474.0000000000
1857 -1472.0000000000
1863 -1471.0000000000
1864 -1470.0000000000
1872 -1469.0000000000
1874 -1468.0000000000
1881 -1466.0000000000
1883 -1465.0000000000
1885 -1464.0000000000
1886 -1463.0000000000
1889 -1462.0000000000
1891 -1461.0000000000
1894 -1460.0000000000
1900 -1459.0000000000
1904 -1458.0000000000
1911 -1457.0000000000
1922 -1456.0000000000
1927 -1455.0000000000
1932 -1454.0000000000
1934 -1453.0000000000
1935 -1452.0000000000
1939 -1451.0000000000
1943 -1450.0000000000
1950 -1448.0000000000
1964 -1446.0000000000
1968 -1445.0000000000
1970 -1444.0000000000
1975 -1443.0000000000
1976 -1442.0000000000
1999 -1441.0000000000
2001 -1438.0000000000
2014 -1437.0000000000
2026 -1436.0000000000
2029 -1435.0000000000
2036 -1434.0000000000
2039 -1432.0000000000
2046 -1431.0000000000
2047 -1430.0000000000
2062 -1429.0000000000
2064 -1428.0000000000
2065 -1427.0000000000
2066 -1426.0000000000
2075 -1425.0000000000
2076 -1424.0000000000
2077 -1423.0000000000
2083 -1422.0000000000
2085 -1421.0000000000
2099 -1420.0000000000
2100 -1419.0000000000
2101 -1418.0000000000
2104 -1417.0000000000
2105 -1416.0000000000
2107 -1414.0000000000
2115 -1413.0000000000
2125 -1411.0000000000
2146 -1410.0000000000
2147 -1409.0000000000
2154 -1408.0000000000
2162 -1407.0000000000
2167 -1406.0000000000
2169 -1405.0000000000
2173 -1404.0000000000
2174 -1403.0000000000
2182 -1401.0000000000
2184 -1400.0000000000
2186 -1399.0000000000
2195 -1398.0000000000
2196 -1397.0000000000
2197 -1396.0000000000
2198 -1395.0000000000
2204 -1394.0000000000
2205 -1393.0000000000
2206 -1392.0000000000
2207 -1391.0000000000
2209 -1390.0000000000
2213 -1389.0000000000
2218 -1388.0000000000
2220 -1387.0000000000
2228 -1386.0000000000
2229 -1385.0000000000
2231 -1384.0000000000
2235 -1383.0000000000
2243 -1382.0000000000
2249 -1381.0000000000
2251 -1380.0000000000
2254 -1379.0000000000
2269 -1378.0000000000
2272 -1376.0000000000
2273 -1375.0000000000
2277 -1374.0000000000
2285 -1373.0000000000
2295 -1372.0000000000
2300 -1371.0000000000
2301 -1370.0000000000
2307 -1369.0000000000
2308 -1368.0000000000
2316 -1367.0000000000
2317 -1366.0000000000
2325 -1365.0000000000
2330 -1364.0000000000
2339 -1363.0000000000
2344 -1362.0000000000
2348 -1361.0000000000
2350 -1360.0000000000
2356 -1357.0000000000
2357 -1356.0000000000
2360 -1353.0000000000
2365 -1352.0000000000
2368 -1350.0000000000
2372 -1348.0000000000
2373 -1346.0000000000
2385 -1345.0000000000
2390 -1344.0000000000
2396 -1343.0000000000
2400 -1342.0000000000
2413 -1341.0000000000
2434 -1340.0000000000
2440 -1339.0000000000
2450 -1338.0000000000
2457 -1337.0000000000
2460 -1335.0000000000
2461 -1334.0000000000
2467 -1333.0000000000
2471 -1332.0000000000
2483 -1331.0000000000
2488 -1330.0000000000
2489 -1329.0000000000
2499 -1328.0000000000
2501 -1327.0000000000
2505 -1326.0000000000
2507 -1325.0000000000
2508 -1324.0000000000
2532 -1322.0000000000
2537 -1321.0000000000
2540 -1319.0000000000
2542 -1318.0000000000
2551 -1317.0000000000
2552 -1316.0000000000
2560 -1315.0000000000
2569 -1314.0000000000
2574 -1313.0000000000
2580 -1311.0000000000
2592 -1310.0000000000
2595 -1309.0000000000
2598 -1308.0000000000
2600 -1307.0000000000
2606 -1306.0000000000
2616 -1305.0000000000
2620 -1304.0000000000
2624 -1303.0000000000
2625 -1302.0000000000
2626 -1301.0000000000
2630 -1299.0000000000
2631 -1298.0000000000
2632 -1297.0000000000
2636 -1296.0000000000
2637 -1295.0000000000
2643 -1294.0000000000
2651 -1293.0000000000
2673 -1292.0000000000
2679 -1291.0000000000
2685 -1290.0000000000
2691 -1289.0000000000
2695 -1287.0000000000
2698 -1286.0000000000
2709 -1285.0000000000
2716 -1284.0000000000
2722 -1282.0000000000
2740 -1280.0000000000
2745 -1279.0000000000
2748 -1278.0000000000
2755 -1277.0000000000
2758 -1275.0000000000
2767 -1274.0000000000
2791 -1271.0000000000
2792 -1270.0000000000
2800 -1269.0000000000
2805 -1268.0000000000
2814 -1267.0000000000
2818 -1266.0000000000
2824 -1265.0000000000
2840 -1264.0000000000
2842 -1263.0000000000
2854 -1262.0000000000
2858 -1260.0000000000
2868 -1259.0000000000
2871 -1258.0000000000
2877 -1257.0000000000
2883 -1256.0000000000
2884 -1254.0000000000
2887 -1253.0000000000
2895 -1252.0000000000
2896 -1251.0000000000
2902 -1250.0000000000
2904 -1249.0000000000
2906 -1248.0000000000
2908 -1246.0000000000
2911 -1245.0000000000
2913 -1244.0000000000
2915 -1243.0000000000
2932 -1242.0000000000
2951 -1241.0000000000
2954 -1239.0000000000
2959 -1238.0000000000
2965 -1237.0000000000
2978 -1236.0000000000
2984 -1235.0000000000
2991 -1234.0000000000
2992 -1233.0000000000
2993 -1232.0000000000
2994 -1230.0000000000
3001 -1228.0000000000
3004 -1226.0000000000
3008 -1225.0000000000
3023 -1224.0000000000
3034 -1223.0000000000
3036 -1221.0000000000
3039 -1220.0000000000
3049 -1219.0000000000
3057 -1218.0000000000
3064 -1217.0000000000
3067 -1215.0000000000
3087 -1214.0000000000
3088 -1212.0000000000
3090 -1211.0000000000
3099 -1210.0000000000
3103 -1209.0000000000
3111 -1208.0000000000
3116 -1207.0000000000
3117 -1206.0000000000
3125 -1205.0000000000
3129 -1204.0000000000
3130 -1203.0000000000
3133 -1201.0000000000
3143 -1200.0000000000
3144 -1199.0000000000
3147 -1198.0000000000
3162 -1197.0000000000
3165 -1195.0000000000
3177 -1194.0000000000
3187 -1193.0000000000
3191 -1192.0000000000
3199 -1191.0000000000
3206 -1190.0000000000
3211 -1189.0000000000
3215 -1188.0000000000
3219 -1187.0000000000
3223 -1185.0000000000
3224 -1184.0000000000
3232 -1183.0000000000
3240 -1182.0000000000
3250 -1180.0000000000
3265 -1179.0000000000
3272 -1178.0000000000
3283 -1177.0000000000
3287 -1176.0000000000
3291 -1174.0000000000
3294 -1173.0000000000
3298 -1172.0000000000
3301 -1170.0000000000
3303 -1169.0000000000
3305 -1168.0000000000
3310 -1166.0000000000
3313 -1165.0000000000
3315 -1164.0000000000
3316 -1163.0000000000
3324 -1162.0000000000
3329 -1161.0000000000
3330 -1160.0000000000
3336 -1159.0000000000
3357 -1158.0000000000
3359 -1157.0000000000
3363 -1156.0000000000
3365 -1154.0000000000
3371 -1153.0000000000
3373 -1151.0000000000
3376 -1150.0000000000
3390 -1149.0000000000
3391 -1148.0000000000
3395 -1147.0000000000
3397 -1145.0000000000
3405 -1144.0000000000
3407 -1143.0000000000
3411 -1142.0000000000
3427 -1141.0000000000
3434 -1140.0000000000
3459 -1139.0000000000
3461 -1138.0000000000
3470 -1137.0000000000
3471 -1136.0000000000
3475 -1135.0000000000
3486 -1134.0000000000
3489 -1133.0000000000
3514 -1132.0000000000
3530 -1131.0000000000
3541 -1130.0000000000
3543 -1129.0000000000
3555 -1127.0000000000
3556 -1126.0000000000
3572 -1125.0000000000
3573 -1124.0000000000
3574 -1122.0000000000
3580 -1121.0000000000
3593 -1120.0000000000
3594 -1119.0000000000
3596 -1118.0000000000
3597 -1117.0000000000
3616 -1116.0000000000
3623 -1115.0000000000
3626 -1113.0000000000
3630 -1112.0000000000
3633 -1111.0000000000
3644 -1110.0000000000
3647 -1108.0000000000
3655 -1107.0000000000
3661 -1105.0000000000
3662 -1104.0000000000
3673 -1103.0000000000
3692 -1102.0000000000
3702 -1101.0000000000
3703 -1100.0000000000
3704 -1099.0000000000
3711 -1098.0000000000
3736 -1097.0000000000
3740 -1096.0000000000
3747 -1095.0000000000
3749 -1094.0000000000
3750 -1093.0000000000
3766 -1092.0000000000
3779 -1091.0000000000
3784 -1090.0000000000
3793 -1089.0000000000
3806 -1088.0000000000
3830 -1087.0000000000
3832 -1086.0000000000
3837 -1085.0000000000
3844 -1084.0000000000
3852 -1083.0000000000
3855 -1082.0000000000
3860 -1081.0000000000
3865 -1080.0000000000
3869 -1078.0000000000
3870 -1075.0000000000
3909 -1074.0000000000
3923 -1072.0000000000
3925 -1071.0000000000
3926 -1070.0000000000
3934 -1069.0000000000
3937 -1068.0000000000
3953 -1067.0000000000
3954 -1066.0000000000
3959 -1064.0000000000
3960 -1063.0000000000
3978 -1062.0000000000
3981 -1061.0000000000
3983 -1060.0000000000
3998 -1059.0000000000
4017 -1058.0000000000
4021 -1057.0000000000
4023 -1056.0000000000
4024 -1055.0000000000
4028 -1053.0000000000
4029 -1052.0000000000
4032 -1050.0000000000
4039 -1048.0000000000
4060 -1047.0000000000
4070 -1044.0000000000
4071 -1043.0000000000
4074 -1042.0000000000
4075 -1041.0000000000
4089 -1040.0000000000
4091 -1039.0000000000
4105 -1038.0000000000
4110 -1037.0000000000
4114 -1036.0000000000
4128 -1035.0000000000
4130 -1034.0000000000
4146 -1033.0000000000
4154 -1032.0000000000
4162 -1031.0000000000
4170 -1029.0000000000
4176 -1028.0000000000
4189 -1027.0000000000
4194 -1026.0000000000
4196 -1025.0000000000
4199 -1024.0000000000
4203 -1023.0000000000
4208 -1022.0000000000
4209 -1021.0000000000
4226 -1018.0000000000
4259 -1017.0000000000
4271 -1016.0000000000
4275 -1015.0000000000
4276 -1014.0000000000
4285 -1013.0000000000
4287 -1012.0000000000
4297 -1011.0000000000
4304 -1010.0000000000
4306 -1009.0000000000
4316 -1008.0000000000
4323 -1007.0000000000
4324 -1006.0000000000
4343 -1004.0000000000
4371 -1003.0000000000
4373 -1002.0000000000
4375 -1001.0000000000
4426 -1000.0000000000
4428 -999.0000000000
4431 -998.0000000000
4435 -997.0000000000
4436 -995.0000000000
4437 -994.0000000000
4454 -993.0000000000
4458 -992.0000000000
4471 -991.0000000000
4487 -990.0000000000
4489 -989.0000000000
4493 -988.0000000000
4505 -987.0000000000
4514 -986.0000000000
4516 -985.0000000000
4525 -984.0000000000
4529 -983.0000000000
4531 -982.0000000000
4542 -981.0000000000
4545 -980.0000000000
4547 -977.0000000000
4551 -976.0000000000
4566 -975.0000000000
4569 -974.0000000000
4573 -973.0000000000
4608 -972.0000000000
4609 -971.0000000000
4610 -970.0000000000
4613 -969.0000000000
4621 -968.0000000000
4631 -967.0000000000
4643 -965.0000000000
4648 -963.0000000000
4650 -962.0000000000
4662 -961.0000000000
4668 -960.0000000000
4678 -959.0000000000
4688 -958.0000000000
4691 -957.0000000000
4701 -956.0000000000
4730 -955.0000000000
4740 -954.0000000000
4774 -953.0000000000
4780 -952.0000000000
4786 -951.0000000000
4794 -950.0000000000
4795 -948.0000000000
4799 -947.0000000000
4802 -946.0000000000
4806 -944.0000000000
4825 -943.0000000000
4839 -940.0000000000
4845 -939.0000000000
4851 -938.0000000000
4855 -937.0000000000
4857 -936.0000000000
4858 -935.0000000000
4876 -934.0000000000
4878 -933.0000000000
4887 -932.0000000000
4902 -931.0000000000
4915 -930.0000000000
4916 -928.0000000000
4920 -927.0000000000
4929 -926.0000000000
4931 -925.0000000000
4942 -924.0000000000
4957 -923.0000000000
4961 -922.0000000000
4964 -921.0000000000
4970 -920.0000000000
4981 -919.0000000000
4994 -918.0000000000
4995 -917.0000000000
5000 -916.0000000000
5007 -915.0000000000
5013 -914.0000000000
5018 -913.0000000000
5043 -912.0000000000
5058 -910.0000000000
5069 -909.0000000000
5073 -908.0000000000
5081 -907.0000000000
5095 -906.0000000000
5099 -905.0000000000
5128 -904.0000000000
5134 -903.0000000000
5153 -902.0000000000
5155 -901.0000000000
5160 -900.0000000000
5178 -899.0000000000
5203 -898.0000000000
5212 -897.0000000000
5214 -896.0000000000
5219 -895.0000000000
5222 -894.0000000000
5225 -893.0000000000
5235 -891.0000000000
5236 -890.0000000000
5237 -889.0000000000
5239 -888.0000000000
5255 -887.0000000000
5258 -886.0000000000
5267 -885.0000000000
5269 -884.0000000000
5288 -882.0000000000
5293 -881.0000000000
5342 -880.0000000000
5361 -879.0000000000
5389 -878.0000000000
5414 -877.0000000000
5419 -876.0000000000
5447 -875.0000000000
5451 -874.0000000000
5461 -873.0000000000
5479 -872.0000000000
5481 -871.0000000000
5505 -870.0000000000
5507 -869.0000000000
5515 -868.0000000000
5517 -867.0000000000
5519 -866.0000000000
5538 -865.0000000000
5539 -864.0000000000
5577 -863.0000000000
5586 -862.0000000000
5603 -861.0000000000
5604 -860.0000000000
5607 -859.0000000000
5612 -858.0000000000
5613 -856.0000000000
5621 -855.0000000000
5623 -854.0000000000
5631 -853.0000000000
5636 -852.0000000000
5643 -851.0000000000
5655 -850.0000000000
5666 -849.0000000000
5672 -848.0000000000
5675 -847.0000000000
5718 -846.0000000000
5734 -845.0000000000
5742 -844.0000000000
5743 -843.0000000000
5746 -842.0000000000
5758 -841.0000000000
5759 -840.0000000000
5781 -839.0000000000
5812 -838.0000000000
5814 -837.0000000000
5830 -836.0000000000
5833 -835.0000000000
5843 -834.0000000000
5847 -833.0000000000
5849 -832.0000000000
5853 -831.0000000000
5860 -830.0000000000
5862 -829.0000000000
5878 -828.0000000000
5882 -827.0000000000
5896 -826.0000000000
5919 -824.0000000000
5926 -823.0000000000
5939 -822.0000000000
5940 -821.0000000000
5944 -820.0000000000
5955 -819.0000000000
5972 -818.0000000000
5979 -817.0000000000
6001 -816.0000000000
6005 -815.0000000000
6006 -814.0000000000
6062 -813.0000000000
6072 -812.0000000000
6074 -811.0000000000
6076 -810.0000000000
6098 -809.0000000000
6105 -808.0000000000
6106 -807.0000000000
6138 -806.0000000000
6146 -805.0000000000
6148 -804.0000000000
6154 -803.0000000000
6169 -802.0000000000
6170 -801.0000000000
6172 -800.0000000000
6189 -799.0000000000
6198 -798.0000000000
6200 -797.0000000000
6209 -796.0000000000
6212 -794.0000000000
6214 -793.0000000000
6229 -791.0000000000
6244 -790.0000000000
6245 -789.0000000000
6250 -788.0000000000
6257 -787.0000000000
6262 -786.0000000000
6267 -785.0000000000
6272 -784.0000000000
6273 -783.0000000000
6297 -782.0000000000
6305 -781.0000000000
6327 -780.0000000000
6333 -779.0000000000
6341 -778.0000000000
6343 -777.0000000000
6346 -776.0000000000
6347 -775.0000000000
6351 -774.0000000000
6366 -773.0000000000
6370 -772.0000000000
6375 -771.0000000000
6392 -770.0000000000
6425 -768.0000000000
6430 -767.0000000000
6432 -766.0000000000
6468 -765.0000000000
6479 -764.0000000000
6489 -763.0000000000
6505 -762.0000000000
6519 -761.0000000000
6539 -760.0000000000
6547 -759.0000000000
6548 -758.0000000000
6549 -757.0000000000
6551 -756.0000000000
6556 -755.0000000000
6581 -754.0000000000
6603 -753.0000000000
6624 -752.0000000000
6641 -751.0000000000
6643 -750.0000000000
6656 -749.0000000000
6730 -748.0000000000
6739 -747.0000000000
6744 -746.0000000000
6763 -745.0000000000
6771 -744.0000000000
6774 -743.0000000000
6787 -742.0000000000
6799 -741.0000000000
6806 -740.0000000000
6821 -739.0000000000
6843 -738.0000000000
6847 -737.0000000000
6849 -736.0000000000
6852 -735.0000000000
6857 -734.0000000000
6858 -733.0000000000
6859 -732.0000000000
6875 -731.0000000000
6884 -730.0000000000
6895 -728.0000000000
6912 -727.0000000000
6933 -726.0000000000
6957 -725.0000000000
6963 -724.0000000000
6974 -723.0000000000
7032 -722.0000000000
7071 -721.0000000000
7072 -720.0000000000
7085 -718.0000000000
7087 -717.0000000000
7096 -715.0000000000
7099 -714.0000000000
7101 -713.0000000000
7110 -712.0000000000
7112 -711.0000000000
7123 -710.0000000000
7129 -709.0000000000
7131 -708.0000000000
7138 -707.0000000000
7145 -706.0000000000
7153 -705.0000000000
7155 -704.0000000000
7161 -703.0000000000
7165 -702.0000000000
7176 -701.0000000000
7246 -700.0000000000
7251 -699.0000000000
7293 -697.0000000000
7296 -696.0000000000
7298 -695.0000000000
7302 -694.0000000000
7304 -693.0000000000
7305 -692.0000000000
7308 -691.0000000000
7312 -690.0000000000
7323 -689.0000000000
7330 -687.0000000000
7360 -686.0000000000
7363 -684.0000000000
7366 -683.0000000000
7369 -682.0000000000
7374 -681.0000000000
7380 -680.0000000000
7389 -679.0000000000
7412 -678.0000000000
7416 -677.0000000000
7462 -676.0000000000
7494 -675.0000000000
7498 -674.0000000000
7500 -673.0000000000
7521 -672.0000000000
7522 -671.0000000000
7570 -670.0000000000
7574 -669.0000000000
7578 -668.0000000000
7595 -667.0000000000
7600 -666.0000000000
7606 -665.0000000000
7608 -664.0000000000
7617 -662.0000000000
7629 -661.0000000000
7644 -660.0000000000
7650 -659.0000000000
7663 -658.0000000000
7677 -657.0000000000
7688 -656.0000000000
7696 -655.0000000000
7720 -654.0000000000
7766 -653.0000000000
7785 -652.0000000000
7786 -651.0000000000
7837 -650.0000000000
7845 -649.0000000000
7849 -648.0000000000
7879 -647.0000000000
7958 -646.0000000000
7962 -645.0000000000
7997 -644.0000000000
8000 -642.0000000000
8002 -641.0000000000
8010 -640.0000000000
8011 -639.0000000000
8013 -638.0000000000
8014 -637.0000000000
8015 -636.0000000000
8020 -635.0000000000
8036 -634.0000000000
8061 -632.0000000000
8083 -630.0000000000
8086 -629.0000000000
8108 -628.0000000000
8112 -627.0000000000
8121 -626.0000000000
8122 -625.0000000000
8136 -624.0000000000
8195 -622.0000000000
8223 -621.0000000000
8224 -620.0000000000
8227 -619.0000000000
8233 -617.0000000000
8247 -616.0000000000
8252 -615.0000000000
8287 -614.0000000000
8294 -613.0000000000
8317 -612.0000000000
8323 -611.0000000000
8328 -610.0000000000
8346 -609.0000000000
8362 -608.0000000000
8371 -607.0000000000
8376 -606.0000000000
8398 -605.0000000000
8411 -604.0000000000
8412 -603.0000000000
8448 -602.0000000000
8468 -601.0000000000
8480 -600.0000000000
8508 -599.0000000000
8516 -598.0000000000
8531 -597.0000000000
8542 -596.0000000000
8549 -595.0000000000
8561 -594.0000000000
8589 -593.0000000000
8591 -592.0000000000
8604 -591.0000000000
8609 -590.0000000000
8617 -589.0000000000
8672 -588.0000000000
8681 -587.0000000000
8692 -586.0000000000
8695 -585.0000000000
8710 -584.0000000000
8736 -583.0000000000
8788 -582.0000000000
8803 -581.0000000000
8807 -580.0000000000
8837 -579.0000000000
8850 -578.0000000000
8868 -577.0000000000
8888 -576.0000000000
8898 -575.0000000000
8924 -574.0000000000
8945 -573.0000000000
8964 -572.0000000000
8965 -571.0000000000
8973 -570.0000000000
8979 -569.0000000000
8981 -568.0000000000
8997 -567.0000000000
8999 -566.0000000000
9007 -565.0000000000
9016 -564.0000000000
9039 -563.0000000000
9065 -562.0000000000
9071 -561.0000000000
9076 -560.0000000000
9079 -559.0000000000
9119 -558.0000000000
9120 -557.0000000000
9144 -556.0000000000
9156 -555.0000000000
9162 -554.0000000000
9165 -553.0000000000
9191 -552.0000000000
9199 -551.0000000000
9223 -550.0000000000
9259 -549.0000000000
9261 -548.0000000000
9266 -547.0000000000
9305 -546.0000000000
9322 -545.0000000000
9341 -543.0000000000
9350 -542.0000000000
9354 -541.0000000000
9383 -540.0000000000
9387 -539.0000000000
9405 -538.0000000000
9410 -537.0000000000
9425 -536.0000000000
9443 -535.0000000000
9445 -534.0000000000
9455 -533.0000000000
9470 -531.0000000000
9471 -530.0000000000
9472 -529.0000000000
9512 -527.0000000000
9565 -526.0000000000
9567 -525.0000000000
9576 -524.0000000000
9585 -523.0000000000
9595 -522.0000000000
9630 -521.0000000000
9637 -520.0000000000
9642 -519.0000000000
9644 -518.0000000000
9655 -517.0000000000
9657 -516.0000000000
9667 -515.0000000000
9671 -514.0000000000
9675 -513.0000000000
9687 -512.0000000000
9695 -511.0000000000
9768 -510.0000000000
9770 -509.0000000000
9779 -508.0000000000
9782 -507.0000000000
9810 -506.0000000000
9833 -505.0000000000
9883 -504.0000000000
9889 -503.0000000000
9891 -501.0000000000
9942 -500.0000000000
9946 -499.0000000000
9954 -498.0000000000
9960 -496.0000000000
10000 -496.0000000000
evaluations raw_y
1 -2006.0000000000
2 -2005.0000000000
15 -2004.0000000000
16 -2002.0000000000
17 -2001.0000000000
21 -2000.0000000000
24 -1999.0000000000
26 -1997.0000000000
29 -1996.0000000000
30 -1995.0000000000
33 -1993.0000000000
35 -1991.0000000000
37 -1990.0000000000
56 -1988.0000000000
64 -1986.0000000000
65 -1985.0000000000
67 -1984.0000000000
69 -1983.0000000000
70 -1981.0000000000
79 -1980.0000000000
80 -1979.0000000000
83 -1977.0000000000
87 -1976.0000000000
89 -1975.0000000000
91 -1974.0000000000
92 -1973.0000000000
95 -1972.0000000000
96 -1971.0000000000
97 -1970.0000000000
99 -1969.0000000000
103 -1968.0000000000
106 -1967.0000000000
107 -1966.0000000000
111 -1964.0000000000
112 -1963.0000000000
114 -1962.0000000000
115 -1961.0000000000
116 -1960.0000000000
119 -1959.0000000000
123 -1957.0000000000
124 -1956.0000000000
127 -1955.0000000000
129 -1953.0000000000
132 -1952.0000000000
139 -1951.0000000000
141 -1950.0000000000
150 -1949.0000000000
151 -1948.0000000000
152 -1947.0000000000
159 -1946.0000000000
160 -1945.0000000000
161 -1943.0000000000
163 -1942.0000000000
166 -1941.0000000000
168 -1940.0000000000
174 -1939.0000000000
175 -1938.0000000000
183 -1937.0000000000
185 -1936.0000000000
188 -1935.0000000000
194 -1934.0000000000
198 -1932.0000000000
200 -1931.0000000000
201 -1930.0000000000
203 -1929.0000000000
204 -1928.0000000000
209 -1927.0000000000
220 -1925.0000000000
221 -1924.0000000000
224 -1922.0000000000
231 -1921.0000000000
235 -1920.0000000000
236 -1919.0000000000
246 -1918.0000000000
248 -1917.0000000000
258 -1916.0000000000
260 -1914.0000000000
264 -1912.0000000000
265 -1911.0000000000
267 -1910.0000000000
269 -1909.0000000000
270 -1908.0000000000
271 -1906.0000000000
278 -1905.0000000000
282 -1904.0000000000
284 -1903.0000000000
291 -1902.0000000000
296 -1901.0000000000
299 -1900.0000000000
302 -1898.0000000000
305 -1897.0000000000
308 -1896.0000000000
312 -1895.0000000000
316 -1893.0000000000
318 -1891.0000000000
324 -1890.0000000000
326 -1889.0000000000
328 -1887.0000000000
330 -1885.0000000000
336 -1884.0000000000
337 -1883.0000000000
341 -1882.0000000000
352 -1881.0000000000
353 -1880.0000000000
357 -1879.0000000000
359 -1878.0000000000
363 -1877.0000000000
368 -1876.0000000000
370 -1875.0000000000
378 -1874.0000000000
379 -1873.0000000000
381 -1872.0000000000
385 -1871.0000000000
406 -1870.0000000000
408 -1869.0000000000
421 -1868.0000000000
425 -1866.0000000000
440 -1865.0000000000
449 -1863.0000000000
451 -1860.0000000000
453 -1859.0000000000
454 -1858.0000000000
458 -1857.0000000000
463 -1856.0000000000
466 -1854.0000000000
468 -1853.0000000000
469 -1851.0000000000
488 -1849.0000000000
492 -1848.0000000000
501 -1847.0000000000
505 -1845.0000000000
511 -1844.0000000000
515 -1842.0000000000
525 -1841.0000000000
526 -1840.0000000000
527 -1839.0000000000
529 -1838.0000000000
539 -1837.0000000000
541 -1836.0000000000
550 -1835.0000000000
552 -1834.0000000000
554 -1832.0000000000
562 -1831.0000000000
563 -1830.0000000000
570 -1828.0000000000
571 -1827.0000000000
576 -1826.0000000000
582 -1825.0000000000
583 -1824.0000000000
585 -1823.0000000000
611 -1821.0000000000
615 -1820.0000000000
617 -1819.0000000000
621 -1818.0000000000
625 -1817.0000000000
627 -1815.0000000000
628 -1814.0000000000
632 -1813.0000000000
634 -1812.0000000000
639 -1811.0000000000
646 -1810.0000000000
654 -1808.0000000000
660 -1806.0000000000
663 -1804.0000000000
664 -1803.0000000000
666 -1802.0000000000
667 -1801.0000000000
668 -1799.0000000000
681 -1797.0000000000
684 -1795.0000000000
692 -1794.0000000000
695 -1792.0000000000
706 -1791.0000000000
709 -1790.0000000000
712 -1788.0000000000
713 -1787.0000000000
715 -1786.0000000000
726 -1785.0000000000
728 -1784.0000000000
730 -1782.0000000000
732 -1781.0000000000
737 -1780.0000000000
738 -1778.0000000000
741 -1777.0000000000
743 -1776.0000000000
744 -1775.0000000000
748 -1774.0000000000
767 -1773.0000000000
773 -1772.0000000000
775 -1771.0000000000
787 -1770.0000000000
788 -1769.0000000000
791 -1767.0000000000
795 -1765.0000000000
798 -1763.0000000000
800 -1762.0000000000
802 -1760.0000000000
831 -1759.0000000000
832 -1758.0000000000
839 -1757.0000000000
846 -1756.0000000000
848 -1755.0000000000
851 -1754.0000000000
853 -1753.0000000000
862 -1751.0000000000
871 -1749.0000000000
873 -1748.0000000000
877 -1747.0000000000
891 -1746.0000000000
894 -1745.0000000000
898 -1744.0000000000
899 -1742.0000000000
904 -1741.0000000000
905 -1740.0000000000
923 -1739.0000000000
927 -1738.0000000000
931 -1737.0000000000
934 -1735.0000000000
944 -1733.0000000000
945 -1731.0000000000
948 -1730.0000000000
954 -1727.0000000000
956 -1726.0000000000
958 -1725.0000000000
964 -1724.0000000000
980 -1721.0000000000
986 -1720.0000000000
987 -1719.0000000000
997 -1718.0000000000
998 -1717.0000000000
1002 -1715.0000000000
1004 -1714.0000000000
1005 -1713.0000000000
1006 -1712.0000000000
1013 -1711.0000000000
1020 -1710.0000000000
1027 -1709.0000000000
1028 -1706.0000000000
1035 -1705.0000000000
1037 -1704.0000000000
1040 -1703.0000000000
1044 -1702.0000000000
1045 -1701.0000000000
1047 -1700.0000000000
1048 -1699.0000000000
1052 -1697.0000000000
1054 -1696.0000000000
1056 -1694.0000000000
1057 -1693.0000000000
1058 -1692.0000000000
1063 -1691.0000000000
1067 -1689.0000000000
1070 -1688.0000000000
1075 -1687.0000000000
1077 -1686.0000000000
1080 -1685.0000000000
1081 -1683.0000000000
1085 -1682.0000000000
1087 -1681.0000000000
1091 -1680.0000000000
1095 -1679.0000000000
1098 -1678.0000000000
1099 -1676.0000000000
1101 -1675.0000000000
1102 -1674.0000000000
1109 -1672.0000000000
1111 -1671.0000000000
1114 -1670.0000000000
1115 -1669.0000000000
1117 -1668.0000000000
1120 -1667.0000000000
1123 -1666.0000000000
1127 -1665.0000000000
1128 -1663.0000000000
1130 -1662.0000000000
1132 -1661.0000000000
1136 -1660.0000000000
1139 -1659.0000000000
1140 -1658.0000000000
1141 -1657.0000000000
1142 -1655.0000000000
1145 -1654.0000000000
1147 -1653.0000000000
1150 -1652.0000000000
1151 -1651.0000000000
1152 -1650.0000000000
1155 -1649.0000000000
1160 -1647.0000000000
1161 -1645.0000000000
1166 -1643.0000000000
1173 -1642.0000000000
1185 -1639.0000000000
1189 -1638.0000000000
1194 -1637.0000000000
1205 -1636.0000000000
1207 -1634.0000000000
1209 -1633.0000000000
1215 -1631.0000000000
1217 -1630.0000000000
1218 -1629.0000000000
1220 -1628.0000000000
1221 -1625.0000000000
1227 -1624.0000000000
1234 -1623.0000000000
1236 -1622.0000000000
1246 -1621.0000000000
1252 -1619.0000000000
1266 -1618.0000000000
1270 -1617.0000000000
1274 -1616.0000000000
1278 -1615.0000000000
1280 -1614.0000000000
1282 -1613.0000000000
1285 -1612.0000000000
1286 -1611.0000000000
1287 -1610.0000000000
1290 -1609.0000000000
1298 -1608.0000000000
1301 -1607.0000000000
1304 -1606.0000000000
1308 -1605.0000000000
1313 -1604.0000000000
1319 -1603.0000000000
1320 -1602.0000000000
1322 -1601.0000000000
1323 -1600.0000000000
1324 -1599.0000000000
1328 -1598.0000000000
1334 -1597.0000000000
1339 -1596.0000000000
1344 -1595.0000000000
1362 -1594.0000000000
1363 -1591.0000000000
1365 -1590.0000000000
1369 -1587.0000000000
1372 -1585.0000000000
1383 -1584.0000000000
1389 -1583.0000000000
1391 -1582.0000000000
1399 -1579.0000000000
1404 -1578.0000000000
1406 -1577.0000000000
1407 -1576.0000000000
1408 -1575.0000000000
1414 -1574.0000000000
1422 -1573.0000000000
1429 -1572.0000000000
1430 -1571.0000000000
1437 -1570.0000000000
1447 -1568.0000000000
1450 -1567.0000000000
1452 -1566.0000000000
1455 -1565.0000000000
1456 -1564.0000000000
1460 -1563.0000000000
1461 -1561.0000000000
1463 -1560.0000000000
1464 -1559.0000000000
1465 -1558.0000000000
1469 -1557.0000000000
1470 -1556.0000000000
1472 -1555.0000000000
1479 -1554.0000000000
1494 -1553.0000000000
1498 -1552.0000000000
1509 -1551.0000000000
1512 -1549.0000000000
1513 -1548.0000000000
1519 -1547.0000000000
1523 -1546.0000000000
1525 -1544.0000000000
1528 -1543.0000000000
1536 -1542.0000000000
1540 -1541.0000000000
1545 -1540.0000000000
1556 -1539.0000000000
1559 -1537.0000000000
1560 -1536.0000000000
1570 -1534.0000000000
1573 -1533.0000000000
1576 -1532.0000000000
1579 -1531.0000000000
1581 -1529.0000000000
1582 -1527.0000000000
1585 -1526.0000000000
1591 -1524.0000000000
1593 -1522.0000000000
1600 -1521.0000000000
1602 -1520.0000000000
1606 -1519.0000000000
1607 -1518.0000000000
1612 -1517.0000000000
1615 -1516.0000000000
1624 -1515.0000000000
1625 -1513.0000000000
1627 -1512.0000000000
1632 -1511.0000000000
1636 -1510.0000000000
1644 -1509.0000000000
1647 -1508.0000000000
1649 -1507.0000000000
1650 -1505.0000000000
1651 -1504.0000000000
1661 -1503.0000000000
1664 -1502.0000000000
1665 -1501.0000000000
1667 -1500.0000000000
1672 -1499.0000000000
1677 -1498.0000000000
1680 -1497.0000000000
1685 -1496.0000000000
1689 -1495.0000000000
1695 -1494.0000000000
1697 -1493.0000000000
1699 -1492.0000000000
1706 -1491.0000000000
1717 -1490.0000000000
1720 -1489.0000000000
1722 -1488.0000000000
1728 -1487.0000000000
1732 -1486.0000000000
1739 -1485.0000000000
1743 -1484.0000000000
1744 -1482.0000000000
1745 -1481.0000000000
1750 -1479.0000000000
1755 -1478.0000000000
1761 -1476.0000000000
1767 -1474.0000000000
1770 -1473.0000000000
1771 -1472.0000000000
1777 -1471.0000000000
1781 -1470.0000000000
1786 -1469.0000000000
1789 -1468.0000000000
1797 -1467.0000000000
1798 -1466.0000000000
1806 -1465.0000000000
1811 -1464.0000000000
1812 -1463.0000000000
1813 -1461.0000000000
1822 -1460.0000000000
1837 -1458.0000000000
1849 -1456.0000000000
1853 -1455.0000000000
1856 -1453.0000000000
1866 -1452.0000000000
1872 -1451.0000000000
1877 -1450.0000000000
1887 -1449.0000000000
1891 -1448.0000000000
1893 -1447.0000000000
1907 -1446.0000000000
1908 -1445.0000000000
1913 -1444.0000000000
1917 -1443.0000000000
1926 -1442.0000000000
1947 -1441.0000000000
1951 -1440.0000000000
1959 -1439.0000000000
1965 -1438.0000000000
1972 -1437.0000000000
1979 -1436.0000000000
1981 -1434.0000000000
1987 -1433.0000000000
1991 -1430.0000000000
1999 -1429.0000000000
2000 -1428.0000000000
2015 -1427.0000000000
2022 -1426.0000000000
2027 -1425.0000000000
2035 -1423.0000000000
2037 -1420.0000000000
2053 -1419.0000000000
2054 -1418.0000000000
2056 -1417.0000000000
2057 -1415.0000000000
2061 -1414.0000000000
2063 -1412.0000000000
2071 -1411.0000000000
2072 -1410.0000000000
2077 -1409.0000000000
2085 -1407.0000000000
2088 -1406.0000000000
2089 -1405.0000000000
2097 -1404.0000000000
2102 -1403.0000000000
2108 -1402.0000000000
2117 -1401.0000000000
2121 -1400.0000000000
2129 -1399.0000000000
2134 -1398.0000000000
2139 -1397.0000000000
2141 -1396.0000000000
2166 -1395.0000000000
2176 -1394.0000000000
2184 -1393.0000000000
2196 -1392.0000000000
2205 -1391.0000000000
2230 -1389.0000000000
2239 -1387.0000000000
2240 -1386.0000000000
2244 -1385.0000000000
2248 -1384.0000000000
2253 -1382.0000000000
2267 -1381.0000000000
2273 -1380.0000000000
2275 -1379.0000000000
2278 -1378.0000000000
2286 -1376.0000000000
2290 -1375.0000000000
2295 -1374.0000000000
2300 -1373.0000000000
2302 -1372.0000000000
2313 -1370.0000000000
2327 -1368.0000000000
2329 -1366.0000000000
2330 -1365.0000000000
2342 -1364.0000000000
2345 -1363.0000000000
2373 -1362.0000000000
2379 -1360.0000000000
2399 -1359.0000000000
2407 -1358.0000000000
2409 -1357.0000000000
2414 -1356.0000000000
2416 -1355.0000000000
2428 -1354.0000000000
2432 -1353.0000000000
2433 -1352.0000000000
2441 -1351.0000000000
2443 -1350.0000000000
2455 -1349.0000000000
2463 -1348.0000000000
2468 -1347.0000000000
2472 -1345.0000000000
2474 -1344.0000000000
2480 -1343.0000000000
2482 -1342.0000000000
2499 -1341.0000000000
2503 -1340.0000000000
2504 -1338.0000000000
2514 -1337.0000000000
2524 -1336.0000000000
2526 -1334.0000000000
2528 -1333.0000000000
2535 -1332.0000000000
2547 -1330.0000000000
2550 -1329.0000000000
2555 -1328.0000000000
2576 -1327.0000000000
2582 -1326.0000000000
2593 -1325.0000000000
2594 -1324.0000000000
2597 -1323.0000000000
2603 -1322.0000000000
2617 -1321.0000000000
2636 -1320.0000000000
2637 -1319.0000000000
2641 -1318.0000000000
2647 -1317.0000000000
2655 -1316.0000000000
2659 -1315.0000000000
2660 -1314.0000000000
2661 -1313.0000000000
2665 -1312.0000000000
2667 -1311.0000000000
2680 -1310.0000000000
2684 -1309.0000000000
2688 -1308.0000000000
2697 -1307.0000000000
2700 -1306.0000000000
2705 -1305.0000000000
2716 -1304.0000000000
2717 -1303.0000000000
2722 -1302.0000000000
2730 -1301.0000000000
2755 -1299.0000000000
2759 -1298.0000000000
2771 -1297.0000000000
2787 -1296.0000000000
2799 -1294.0000000000
2809 -1293.0000000000
2820 -1290.0000000000
2832 -1289.0000000000
2834 -1288.0000000000
2847 -1287.0000000000
2848 -1286.0000000000
2849 -1285.0000000000
2864 -1284.0000000000
2872 -1283.0000000000
2873 -1282.0000000000
2875 -1281.0000000000
2879 -1280.0000000000
2882 -1279.0000000000
2885 -1278.0000000000
2888 -1276.0000000000
2890 -1275.0000000000
2894 -1274.0000000000
2901 -1273.0000000000
2909 -1272.0000000000
2925 -1270.0000000000
2930 -1269.0000000000
2945 -1268.0000000000
2956 -1266.0000000000
2962 -1265.0000000000
2963 -1264.0000000000
2991 -1263.0000000000
2995 -1262.0000000000
2996 -1261.0000000000
3004 -1260.0000000000
3016 -1259.0000000000
3017 -1258.0000000000
3032 -1257.0000000000
3035 -1256.0000000000
3057 -1255.0000000000
3061 -1254.0000000000
3069 -1253.0000000000
3075 -1252.0000000000
3076 -1251.0000000000
3084 -1249.0000000000
3094 -1248.0000000000
3110 -1247.0000000000
3111 -1246.0000000000
3115 -1245.0000000000
3116 -1244.0000000000
3118 -1242.0000000000
3126 -1241.0000000000
3135 -1240.0000000000
3141 -1239.0000000000
3146 -1238.0000000000
3157 -1236.0000000000
3161 -1235.0000000000
3167 -1234.0000000000
3174 -1233.0000000000
3180 -1232.0000000000
3185 -1231.0000000000
3188 -1230.0000000000
3205 -1229.0000000000
3214 -1228.0000000000
3219 -1227.0000000000
3229 -1225.0000000000
3231 -1224.0000000000
3235 -1223.0000000000
3239 -1221.0000000000
3241 -1219.0000000000
3247 -1218.0000000000
3251 -1217.0000000000
3252 -1216.0000000000
3253 -1215.0000000000
3261 -1214.0000000000
3266 -1213.0000000000
3271 -1212.0000000000
3275 -1211.0000000000
3287 -1210.0000000000
3297 -1209.0000000000
3298 -1208.0000000000
3312 -1207.0000000000
3314 -1206.0000000000
3323 -1205.0000000000
3326 -1203.0000000000
3330 -1202.0000000000
3337 -1201.0000000000
3340 -1200.0000000000
3341 -1199.0000000000
3342 -1197.0000000000
3344 -1196.0000000000
3348 -1195.0000000000
3355 -1194.0000000000
3357 -1193.0000000000
3371 -1192.0000000000
3374 -1191.0000000000
3375 -1190.0000000000
3379 -1188.0000000000
3382 -1187.0000000000
3386 -1186.0000000000
3422 -1185.0000000000
3423 -1183.0000000000
3426 -1182.0000000000
3439 -1181.0000000000
3442 -1180.0000000000
3447 -1179.0000000000
3449 -1178.0000000000
3466 -1177.0000000000
3469 -1176.0000000000
3485 -1175.0000000000
3492 -1174.0000000000
3495 -1173.0000000000
3498 -1172.0000000000
3502 -1171.0000000000
3504 -1170.0000000000
3512 -1169.0000000000
3513 -1168.0000000000
3520 -1167.0000000000
3524 -1166.0000000000
3525 -1165.0000000000
3542 -1164.0000000000
3557 -1163.0000000000
3561 -1162.0000000000
3565 -1160.0000000000
3567 -1159.0000000000
3573 -1157.0000000000
3577 -1156.0000000000
3583 -1155.0000000000
3586 -1154.0000000000
3591 -1153.0000000000
3603 -1152.0000000000
3616 -1151.0000000000
3621 -1150.0000000000
3622 -1149.0000000000
3625 -1148.0000000000
3635 -1147.0000000000
3636 -1146.0000000000
3644 -1145.0000000000
3646 -1144.0000000000
3647 -1143.0000000000
3650 -1142.0000000000
3652 -1141.0000000000
3660 -1140.0000000000
3663 -1139.0000000000
3688 -1138.0000000000
3694 -1137.0000000000
3695 -1135.0000000000
3701 -1134.0000000000
3714 -1132.0000000000
3766 -1131.0000000000
3767 -1130.0000000000
3781 -1128.0000000000
3795 -1127.0000000000
3810 -1126.0000000000
3811 -1125.0000000000
3814 -1123.0000000000
3837 -1122.0000000000
3846 -1121.0000000000
3854 -1120.0000000000
3856 -1119.0000000000
3869 -1118.0000000000
3878 -1117.0000000000
3879 -1116.0000000000
3887 -1115.0000000000
3892 -1114.0000000000
3895 -1113.0000000000
3896 -1112.0000000000
3900 -1111.0000000000
3902 -1109.0000000000
3908 -1108.0000000000
3912 -1107.0000000000
3914 -1106.0000000000
3947 -1105.0000000000
3948 -1104.0000000000
3949 -1103.0000000000
3953 -1101.0000000000
3971 -1099.0000000000
3979 -1098.0000000000
3983 -1097.0000000000
3985 -1096.0000000000
3987 -1095.0000000000
3998 -1094.0000000000
3999 -1091.0000000000
4008 -1090.0000000000
4012 -1089.0000000000
4019 -1088.0000000000
4060 -1087.0000000000
4068 -1086.0000000000
4072 -1085.0000000000
4078 -1084.0000000000
4080 -1083.0000000000
4088 -1082.0000000000
4102 -1081.0000000000
4112 -1080.0000000000
4117 -1079.0000000000
4120 -1078.0000000000
4122 -1077.0000000000
4126 -1076.0000000000
4133 -1075.0000000000
4136 -1074.0000000000
4146 -1073.0000000000
4175 -1072.0000000000
4176 -1071.0000000000
4178 -1070.0000000000
4190 -1069.0000000000
4218 -1068.0000000000
4240 -1067.0000000000
4242 -1066.0000000000
4245 -1065.0000000000
4263 -1064.0000000000
4279 -1063.0000000000
4296 -1062.0000000000
4325 -1061.0000000000
4343 -1060.0000000000
4345 -1058.0000000000
4347 -1057.0000000000
4349 -1055.0000000000
4352 -1054.0000000000
4361 -1053.0000000000
4364 -1052.0000000000
4366 -1051.0000000000
4367 -1050.0000000000
4394 -1048.0000000000
4410 -1047.0000000000
4416 -1046.0000000000
4424 -1045.0000000000
4443 -1044.0000000000
4453 -1043.0000000000
4466 -1042.0000000000
4468 -1041.0000000000
4471 -1039.0000000000
4491 -1038.0000000000
4493 -1037.0000000000
4502 -1036.0000000000
4505 -1035.0000000000
4509 -1033.0000000000
4518 -1032.0000000000
4532 -1031.0000000000
4534 -1030.0000000000
4570 -1028.0000000000
4572 -1027.0000000000
4585 -1026.0000000000
4593 -1025.0000000000
4598 -1024.0000000000
4604 -1023.0000000000
4608 -1021.0000000000
4612 -1020.0000000000
4613 -1019.0000000000
4624 -1018.0000000000
4631 -1017.0000000000
4635 -1016.0000000000
4640 -1015.0000000000
4646 -1014.0000000000
4650 -1013.0000000000
4656 -1012.0000000000
4668 -1011.0000000000
4673 -1010.0000000000
4691 -1009.0000000000
4697 -1008.0000000000
4718 -1007.0000000000
4723 -1006.0000000000
4724 -1005.0000000000
4727 -1003.0000000000
4737 -1002.0000000000
4747 -1001.0000000000
4759 -1000.0000000000
4760 -999.0000000000
4762 -997.0000000000
4776 -996.0000000000
4777 -995.0000000000
4784 -994.0000000000
4787 -993.0000000000
4803 -991.0000000000
4806 -990.0000000000
4807 -989.0000000000
4813 -988.0000000000
4819 -987.0000000000
4824 -986.0000000000
4830 -985.0000000000
4834 -984.0000000000
4847 -982.0000000000
4851 -981.0000000000
4872 -980.0000000000
4878 -979.0000000000
4881 -977.0000000000
4890 -976.0000000000
4897 -975.0000000000
4926 -974.0000000000
4928 -973.0000000000
4937 -972.0000000000
4941 -971.0000000000
4944 -970.0000000000
4951 -969.0000000000
4952 -968.0000000000
4953 -967.0000000000
4961 -965.0000000000
4963 -964.0000000000
4971 -963.0000000000
4975 -962.0000000000
4976 -961.0000000000
4983 -960.0000000000
4990 -959.0000000000
4991 -958.0000000000
4994 -957.0000000000
4995 -956.0000000000
5019 -955.0000000000
5056 -954.0000000000
5067 -951.0000000000
5068 -950.0000000000
5073 -949.0000000000
5101 -948.0000000000
5107 -947.0000000000
5112 -946.0000000000
5128 -945.0000000000
5129 -944.0000000000
5140 -943.0000000000
5143 -941.0000000000
5153 -940.0000000000
5157 -939.0000000000
5172 -938.0000000000
5175 -937.0000000000
5187 -936.0000000000
5233 -935.0000000000
5248 -934.0000000000
5252 -933.0000000000
5253 -932.0000000000
5264 -931.0000000000
5269 -930.0000000000
5275 -929.0000000000
5277 -928.0000000000
5279 -927.0000000000
5287 -926.0000000000
5293 -925.0000000000
5303 -924.0000000000
5307 -923.0000000000
5313 -922.0000000000
5321 -921.0000000000
5336 -919.0000000000
5341 -918.0000000000
5344 -917.0000000000
5352 -916.0000000000
5355 -915.0000000000
5357 -914.0000000000
5361 -913.0000000000
5365 -912.0000000000
5371 -911.0000000000
5384 -910.0000000000
5405 -909.0000000000
5406 -908.0000000000
5408 -907.0000000000
5420 -906.0000000000
5421 -905.0000000000
5427 -904.0000000000
5443 -903.0000000000
5448 -902.0000000000
5454 -901.0000000000
5455 -900.0000000000
5457 -899.0000000000
5458 -898.0000000000
5473 -897.0000000000
5506 -896.0000000000
5509 -894.0000000000
5524 -893.0000000000
5534 -892.0000000000
5535 -891.0000000000
5548 -890.0000000000
5572 -889.0000000000
5573 -888.0000000000
5584 -887.0000000000
5596 -886.0000000000
5598 -885.0000000000
5599 -884.0000000000
5600 -883.0000000000
5607 -882.0000000000
5616 -881.0000000000
5629 -880.0000000000
5633 -879.0000000000
5652 -878.0000000000
5653 -877.0000000000
5655 -876.0000000000
5691 -875.0000000000
5703 -874.0000000000
5712 -873.0000000000
5713 -872.0000000000
5717 -871.0000000000
5726 -870.0000000000
5733 -869.0000000000
5748 -868.0000000000
5762 -866.0000000000
5784 -865.0000000000
5802 -864.0000000000
5804 -863.0000000000
5809 -862.0000000000
5818 -861.0000000000
5831 -860.0000000000
5833 -859.0000000000
5898 -857.0000000000
5899 -856.0000000000
5907 -855.0000000000
5908 -854.0000000000
5917 -853.0000000000
5919 -852.0000000000
5928 -851.0000000000
5933 -850.0000000000
5948 -849.0000000000
5952 -848.0000000000
5956 -847.0000000000
5970 -846.0000000000
5977 -844.0000000000
5988 -843.0000000000
6002 -842.0000000000
6005 -841.0000000000
6012 -840.0000000000
6060 -838.0000000000
6075 -837.0000000000
6093 -836.0000000000
6109 -835.0000000000
6110 -834.0000000000
6121 -833.0000000000
6127 -831.0000000000
6129 -830.0000000000
6130 -829.0000000000
6156 -828.0000000000
6164 -827.0000000000
6173 -826.0000000000
6190 -825.0000000000
6194 -824.0000000000
6199 -823.0000000000
6222 -822.0000000000
6241 -821.0000000000
6258 -820.0000000000
6261 -819.0000000000
6282 -818.0000000000
6298 -817.0000000000
6337 -816.0000000000
6346 -815.0000000000
6347 -814.0000000000
6361 -813.0000000000
6362 -812.0000000000
6383 -811.0000000000
6411 -810.0000000000
6419 -809.0000000000
6424 -808.0000000000
6465 -807.0000000000
6491 -806.0000000000
6498 -805.0000000000
6511 -804.0000000000
6512 -803.0000000000
6513 -802.0000000000
6542 -801.0000000000
6553 -800.0000000000
6562 -799.0000000000
6569 -798.0000000000
6578 -797.0000000000
6603 -796.0000000000
6619 -795.0000000000
6630 -794.0000000000
6634 -793.0000000000
6636 -792.0000000000
6644 -791.0000000000
6648 -790.0000000000
6649 -788.0000000000
6659 -787.0000000000
6678 -786.0000000000
6730 -785.0000000000
6731 -784.0000000000
6733 -783.0000000000
6738 -782.0000000000
6742 -781.0000000000
6753 -780.0000000000
6758 -779.0000000000
6761 -778.0000000000
6769 -777.0000000000
6774 -776.0000000000
6775 -775.0000000000
6810 -774.0000000000
6814 -773.0000000000
6818 -771.0000000000
6819 -770.0000000000
6823 -769.0000000000
6836 -768.0000000000
6837 -767.0000000000
6838 -765.0000000000
6844 -764.0000000000
6847 -763.0000000000
6861 -762.0000000000
6862 -761.0000000000
6878 -760.0000000000
6879 -758.0000000000
6885 -757.0000000000
6897 -756.0000000000
6899 -755.0000000000
6904 -754.0000000000
6937 -753.0000000000
6942 -752.0000000000
6953 -751.0000000000
6967 -750.0000000000
6976 -749.0000000000
6985 -748.0000000000
7028 -747.0000000000
7031 -746.0000000000
7042 -745.0000000000
7047 -744.0000000000
7048 -743.0000000000
7054 -742.0000000000
7061 -741.0000000000
7100 -740.0000000000
7111 -739.0000000000
7112 -738.0000000000
7133 -737.0000000000
7151 -734.0000000000
7192 -733.0000000000
7194 -732.0000000000
7195 -731.0000000000
7206 -730.0000000000
7210 -729.0000000000
7211 -728.0000000000
7215 -727.0000000000
7239 -726.0000000000
7306 -725.0000000000
7311 -724.0000000000
7320 -723.0000000000
7335 -722.0000000000
7349 -721.0000000000
7364 -720.0000000000
7366 -719.0000000000
7368 -718.0000000000
7371 -716.0000000000
7387 -715.0000000000
7416 -714.0000000000
7429 -713.0000000000
7448 -712.0000000000
7450 -711.0000000000
7453 -710.0000000000
7455 -709.0000000000
7473 -708.0000000000
7481 -706.0000000000
7482 -705.0000000000
7489 -704.0000000000
7492 -703.0000000000
7501 -702.0000000000
7508 -701.0000000000
7511 -700.0000000000
7534 -698.0000000000
7548 -697.0000000000
7557 -696.0000000000
7572 -695.0000000000
7577 -694.0000000000
7587 -691.0000000000
7594 -690.0000000000
7605 -689.0000000000
7628 -688.0000000000
7655 -687.0000000000
7659 -686.0000000000
7667 -685.0000000000
7673 -684.0000000000
7679 -683.0000000000
7686 -682.0000000000
7696 -681.0000000000
7723 -680.0000000000
7734 -679.0000000000
7742 -677.0000000000
7757 -676.0000000000
7763 -675.0000000000
7769 -673.0000000000
7776 -672.0000000000
7803 -671.0000000000
7809 -670.0000000000
7810 -669.0000000000
7817 -668.0000000000
7829 -667.0000000000
7837 -666.0000000000
7858 -664.0000000000
7914 -663.0000000000
7933 -662.0000000000
7954 -661.0000000000
7997 -660.0000000000
8005 -659.0000000000
8018 -657.0000000000
8043 -656.0000000000
8054 -655.0000000000
8057 -654.0000000000
8063 -652.0000000000
8104 -651.0000000000
8111 -650.0000000000
8131 -649.0000000000
8141 -648.0000000000
8173 -647.0000000000
8199 -646.0000000000
8208 -645.0000000000
8214 -644.0000000000
8257 -643.0000000000
8261 -642.0000000000
8263 -641.0000000000
8265 -640.0000000000
8283 -639.0000000000
8284 -638.0000000000
8292 -637.0000000000
8302 -636.0000000000
8313 -635.0000000000
8319 -634.0000000000
8321 -633.0000000000
8350 -632.0000000000
8361 -631.0000000000
8372 -630.0000000000
8390 -629.0000000000
8399 -628.0000000000
8438 -627.0000000000
8455 -626.0000000000
8459 -625.0000000000
8474 -624.0000000000
8475 -623.0000000000
8485 -622.0000000000
8495 -620.0000000000
8496 -619.0000000000
8500 -618.0000000000
8503 -617.0000000000
8530 -616.0000000000
8537 -615.0000000000
8540 -614.0000000000
8560 -613.0000000000
8561 -612.0000000000
8565 -611.0000000000
8569 -610.0000000000
8590 -609.0000000000
8604 -608.0000000000
8610 -607.0000000000
8614 -606.0000000000
8621 -605.0000000000
8649 -604.0000000000
8654 -603.0000000000
8684 -602.0000000000
8707 -601.0000000000
8752 -600.0000000000
8764 -598.0000000000
8773 -597.0000000000
8774 -596.0000000000
8785 -594.0000000000
8789 -592.0000000000
8810 -591.0000000000
8819 -590.0000000000
8832 -589.0000000000
8845 -588.0000000000
8877 -587.0000000000
8893 -586.0000000000
8924 -585.0000000000
8959 -584.0000000000
8982 -583.0000000000
9021 -582.0000000000
9062 -581.0000000000
9072 -579.0000000000
9077 -578.0000000000
9097 -577.0000000000
9104 -576.0000000000
9107 -575.0000000000
9130 -574.0000000000
9148 -573.0000000000
9157 -572.0000000000
9171 -571.0000000000
9206 -570.0000000000
9209 -569.0000000000
9230 -568.0000000000
9237 -567.0000000000
9272 -566.0000000000
9322 -565.0000000000
9360 -564.0000000000
9368 -563.0000000000
9373 -562.0000000000
9385 -561.0000000000
9390 -560.0000000000
9393 -559.0000000000
9412 -557.0000000000
9441 -556.0000000000
9456 -555.0000000000
9507 -554.0000000000
9516 -552.0000000000
9551 -550.0000000000
9599 -549.0000000000
9603 -548.0000000000
9607 -547.0000000000
9623 -546.0000000000
9637 -545.0000000000
9641 -544.0000000000
9657 -543.0000000000
9670 -542.0000000000
9698 -541.0000000000
9704 -540.0000000000
9719 -539.0000000000
9738 -538.0000000000
9743 -537.0000000000
9761 -536.0000000000
9785 -535.0000000000
9793 -534.0000000000
9805 -533.0000000000
9846 -532.0000000000
9883 -530.0000000000
9909 -529.0000000000
9928 -528.0000000000
9934 -526.0000000000
9961 -525.0000000000
9985 -524.0000000000
9995 -523.0000000000
10000 -524.0000000000
evaluations raw_y
1 -1953.0000000000
9 -1952.0000000000
10 -1951.0000000000
15 -1950.0000000000
16 -1949.0000000000
23 -1948.0000000000
35 -1947.0000000000
36 -1946.0000000000
41 -1944.0000000000
43 -1943.0000000000
46 -1942.0000000000
55 -1941.0000000000
62 -1938.0000000000
69 -1937.0000000000
70 -1934.0000000000
75 -1933.0000000000
77 -1931.0000000000
88 -1930.0000000000
89 -1929.0000000000
90 -1928.0000000000
91 -1927.0000000000
93 -1923.0000000000
97 -1922.0000000000
98 -1921.0000000000
102 -1919.0000000000
107 -1918.0000000000
108 -1917.0000000000
109 -1916.0000000000
110 -1915.0000000000
122 -1913.0000000000
124 -1911.0000000000
125 -1910.0000000000
128 -1909.0000000000
129 -1908.0000000000
134 -1907.0000000000
136 -1906.0000000000
138 -1905.0000000000
142 -1904.0000000000
143 -1902.0000000000
147 -1901.0000000000
154 -1898.0000000000
159 -1897.0000000000
168 -1896.0000000000
172 -1895.0000000000
179 -1894.0000000000
181 -1893.0000000000
183 -1890.0000000000
185 -1889.0000000000
189 -1888.0000000000
191 -1887.0000000000
195 -1886.0000000000
196 -1883.0000000000
201 -1882.0000000000
202 -1881.0000000000
203 -1880.0000000000
208 -1879.0000000000
210 -1878.0000000000
214 -1877.0000000000
218 -1876.0000000000
234 -1875.0000000000
237 -1874.0000000000
246 -1873.0000000000
247 -1872.0000000000
249 -1871.0000000000
251 -1870.0000000000
254 -1869.0000000000
257 -1867.0000000000
261 -1866.0000000000
263 -1864.0000000000
264 -1863.0000000000
265 -1862.0000000000
273 -1860.0000000000
276 -1858.0000000000
277 -1857.0000000000
281 -1855.0000000000
286 -1854.0000000000
293 -1853.0000000000
294 -1852.0000000000
298 -1851.0000000000
299 -1848.0000000000
305 -1847.0000000000
308 -1846.0000000000
309 -1845.0000000000
311 -1843.0000000000
312 -1842.0000000000
313 -1841.0000000000
314 -1840.0000000000
316 -1837.0000000000
319 -1836.0000000000
320 -1835.0000000000
327 -1833.0000000000
328 -1832.0000000000
332 -1831.0000000000
344 -1830.0000000000
351 -1829.0000000000
359 -1828.0000000000
360 -1827.0000000000
368 -1826.0000000000
373 -1824.0000000000
376 -1823.0000000000
381 -1822.0000000000
383 -1820.0000000000
395 -1819.0000000000
396 -1818.0000000000
401 -1817.0000000000
406 -1816.0000000000
411 -1815.0000000000
412 -1814.0000000000
414 -1812.0000000000
425 -1811.0000000000
427 -1810.0000000000
428 -1809.0000000000
457 -1808.0000000000
458 -1807.0000000000
459 -1804.0000000000
469 -1803.0000000000
482 -1801.0000000000
485 -1799.0000000000
499 -1798.0000000000
509 -1797.0000000000
514 -1796.0000000000
519 -1795.0000000000
525 -1794.0000000000
532 -1793.0000000000
538 -1792.0000000000
546 -1791.0000000000
547 -1790.0000000000
550 -1789.0000000000
553 -1788.0000000000
554 -1787.0000000000
559 -1786.0000000000
560 -1784.0000000000
561 -1783.0000000000
562 -1782.0000000000
566 -1781.0000000000
567 -1780.0000000000
571 -1779.0000000000
577 -1778.0000000000
581 -1776.0000000000
582 -1775.0000000000
588 -1773.0000000000
594 -1772.0000000000
601 -1770.0000000000
617 -1769.0000000000
619 -1768.0000000000
628 -1766.0000000000
629 -1765.0000000000
630 -1763.0000000000
631 -1761.0000000000
645 -1760.0000000000
647 -1759.0000000000
648 -1757.0000000000
650 -1756.0000000000
656 -1755.0000000000
664 -1754.0000000000
665 -1752.0000000000
667 -1751.0000000000
668 -1749.0000000000
680 -1748.0000000000
681 -1747.0000000000
683 -1746.0000000000
685 -1745.0000000000
688 -1744.0000000000
690 -1743.0000000000
697 -1742.0000000000
698 -1741.0000000000
708 -1740.0000000000
710 -1739.0000000000
714 -1738.0000000000
724 -1737.0000000000
727 -1736.0000000000
731 -1735.0000000000
740 -1734.0000000000
742 -1733.0000000000
745 -1732.0000000000
747 -1731.0000000000
749 -1730.0000000000
754 -1727.0000000000
757 -1724.0000000000
758 -1723.0000000000
770 -1722.0000000000
779 -1721.0000000000
780 -1719.0000000000
788 -1718.0000000000
797 -1717.0000000000
798 -1716.0000000000
799 -1714.0000000000
806 -1713.0000000000
808 -1712.0000000000
815 -1711.0000000000
817 -1710.0000000000
823 -1709.0000000000
824 -1707.0000000000
832 -1706.0000000000
834 -1705.0000000000
838 -1704.0000000000
843 -1703.0000000000
844 -1702.0000000000
847 -1701.0000000000
850 -1700.0000000000
851 -1698.0000000000
876 -1697.0000000000
879 -1696.0000000000
881 -1695.0000000000
883 -1694.0000000000
885 -1693.0000000000
889 -1691.0000000000
895 -1689.0000000000
902 -1688.0000000000
911 -1687.0000000000
915 -1686.0000000000
917 -1685.0000000000
931 -1684.0000000000
936 -1683.0000000000
938 -1682.0000000000
941 -1681.0000000000
943 -1680.0000000000
948 -1679.0000000000
950 -1678.0000000000
956 -1677.0000000000
967 -1675.0000000000
974 -1674.0000000000
976 -1673.0000000000
977 -1672.0000000000
983 -1671.0000000000
984 -1670.0000000000
985 -1669.0000000000
990 -1667.0000000000
995 -1666.0000000000
997 -1663.0000000000
999 -1662.0000000000
1001 -1661.0000000000
1002 -1660.0000000000
1003 -1659.0000000000
1004 -1658.0000000000
1007 -1657.0000000000
1013 -1655.0000000000
1021 -1654.0000000000
1023 -1653.0000000000
1024 -1651.0000000000
1026 -1650.0000000000
1027 -1649.0000000000
1032 -1648.0000000000
1035 -1647.0000000000
1037 -1646.0000000000
1041 -1645.0000000000
1043 -1644.0000000000
1048 -1643.0000000000
1053 -1642.0000000000
1055 -1641.0000000000
1056 -1640.0000000000
1060 -1639.0000000000
1062 -1637.0000000000
1070 -1636.0000000000
1071 -1635.0000000000
1073 -1634.0000000000
1078 -1633.0000000000
1081 -1632.0000000000
1083 -1631.0000000000
1084 -1630.0000000000
1088 -1629.0000000000
1093 -1628.0000000000
1095 -1626.0000000000
1101 -1625.0000000000
1109 -1624.0000000000
1112 -1623.0000000000
1114 -1622.0000000000
1116 -1621.0000000000
1123 -1620.0000000000
1139 -1619.0000000000
1140 -1614.0000000000
1143 -1613.0000000000
1144 -1612.0000000000
1145 -1610.0000000000
1146 -1609.0000000000
1148 -1608.0000000000
1160 -1607.0000000000
1166 -1606.0000000000
1168 -1605.0000000000
1170 -1604.0000000000
1176 -1603.0000000000
1179 -1602.0000000000
1187 -1600.0000000000
1188 -1599.0000000000
1196 -1598.0000000000
1209 -1597.0000000000
1212 -1596.0000000000
1222 -1594.0000000000
1233 -1592.0000000000
1241 -1591.0000000000
1256 -1590.0000000000
1264 -1589.0000000000
1266 -1588.0000000000
1280 -1587.0000000000
1287 -1586.0000000000
1296 -1584.0000000000
1299 -1583.0000000000
1310 -1582.0000000000
1331 -1581.0000000000
1339 -1580.0000000000
1348 -1579.0000000000
1350 -1578.0000000000
1352 -1577.0000000000
1355 -1576.0000000000
1365 -1575.0000000000
1372 -1574.0000000000
1376 -1573.0000000000
1386 -1569.0000000000
1388 -1567.0000000000
1392 -1566.0000000000
1395 -1565.0000000000
1396 -1564.0000000000
1400 -1563.0000000000
1404 -1562.0000000000
1406 -1560.0000000000
1408 -1559.0000000000
1410 -1558.0000000000
1422 -1557.0000000000
1426 -1556.0000000000
1433 -1555.0000000000
1435 -1553.0000000000
1441 -1551.0000000000
1442 -1550.0000000000
1445 -1549.0000000000
1448 -1548.0000000000
1453 -1547.0000000000
1456 -1546.0000000000
1463 -1545.0000000000
1464 -1544.0000000000
1465 -1542.0000000000
1475 -1541.0000000000
1479 -1540.0000000000
1495 -1539.0000000000
1497 -1537.0000000000
1502 -1536.0000000000
1503 -1535.0000000000
1518 -1534.0000000000
1541 -1533.0000000000
1550 -1532.0000000000
1551 -1530.0000000000
1558 -1529.0000000000
1563 -1528.0000000000
1570 -1527.0000000000
1584 -1526.0000000000
1585 -1525.0000000000
1586 -1524.0000000000
1595 -1523.0000000000
1596 -1522.0000000000
1597 -1521.0000000000
1614 -1520.0000000000
1615 -1518.0000000000
1618 -1517.0000000000
1622 -1516.0000000000
1636 -1515.0000000000
1648 -1514.0000000000
1650 -1513.0000000000
1651 -1512.0000000000
1653 -1509.0000000000
1657 -1508.0000000000
1659 -1507.0000000000
1662 -1505.0000000000
1670 -1503.0000000000
1688 -1502.0000000000
1689 -1501.0000000000
1694 -1499.0000000000
1716 -1498.0000000000
1725 -1496.0000000000
1727 -1495.0000000000
1732 -1494.0000000000
1737 -1493.0000000000
1739 -1492.0000000000
1760 -1491.0000000000
1763 -1489.0000000000
1764 -1488.0000000000
1766 -1487.0000000000
1773 -1486.0000000000
1777 -1485.0000000000
1785 -1484.0000000000
1791 -1483.0000000000
1794 -1481.0000000000
1805 -1478.0000000000
1811 -1477.0000000000
1837 -1476.0000000000
1838 -1474.0000000000
1849 -1473.0000000000
1850 -1472.0000000000
1851 -1471.0000000000
1859 -1470.0000000000
1868 -1469.0000000000
1871 -1468.0000000000
1874 -1467.0000000000
1878 -1466.0000000000
1882 -1465.0000000000
1891 -1464.0000000000
1894 -1463.0000000000
1903 -1462.0000000000
1905 -1459.0000000000
1909 -1458.0000000000
1916 -1457.0000000000
1923 -1456.0000000000
1929 -1455.0000000000
1937 -1454.0000000000
1942 -1453.0000000000
1944 -1452.0000000000
1949 -1450.0000000000
1957 -1449.0000000000
1960 -1448.0000000000
1972 -1447.0000000000
1981 -1446.0000000000
1996 -1445.0000000000
1998 -1444.0000000000
2006 -1443.0000000000
2012 -1442.0000000000
2015 -1441.0000000000
2026 -1440.0000000000
2033 -1439.0000000000
2038 -1438.0000000000
2040 -1436.0000000000
2043 -1435.0000000000
2047 -1434.0000000000
2048 -1432.0000000000
2054 -1431.0000000000
2059 -1430.0000000000
2061 -1428.0000000000
2067 -1426.0000000000
2072 -1425.0000000000
2074 -1424.0000000000
2085 -1423.0000000000
2110 -1422.0000000000
2112 -1421.0000000000
2117 -1419.0000000000
2119 -1418.0000000000
2120 -1417.0000000000
2124 -1416.0000000000
2149 -1415.0000000000
2151 -1414.0000000000
2158 -1413.0000000000
2161 -1411.0000000000
2167 -1410.0000000000
2169 -1409.0000000000
2170 -1408.0000000000
2171 -1406.0000000000
2174 -1405.0000000000
2176 -1404.0000000000
2182 -1403.0000000000
2183 -1401.0000000000
2184 -1400.0000000000
2186 -1399.0000000000
2189 -1398.0000000000
2197 -1397.0000000000
2201 -1396.0000000000
2206 -1394.0000000000
2215 -1393.0000000000
2216 -1392.0000000000
2221 -1391.0000000000
2230 -1390.0000000000
2245 -1389.0000000000
2246 -1387.0000000000
2252 -1386.0000000000
2255 -1385.0000000000
2258 -1384.0000000000
2259 -1383.0000000000
2261 -1382.0000000000
2266 -1381.0000000000
2268 -1380.0000000000
2272 -1379.0000000000
2279 -1378.0000000000
2283 -1377.0000000000
2286 -1376.0000000000
2287 -1375.0000000000
2307 -1374.0000000000
2311 -1373.0000000000
2314 -1371.0000000000
2317 -1370.0000000000
2330 -1369.0000000000
2334 -1368.0000000000
2335 -1367.0000000000
2351 -1366.0000000000
2356 -1365.0000000000
2361 -1364.0000000000
2373 -1363.0000000000
2389 -1362.0000000000
2401 -1361.0000000000
2403 -1360.0000000000
2405 -1359.0000000000
2408 -1357.0000000000
2421 -1356.0000000000
2426 -1354.0000000000
2430 -1353.0000000000
2449 -1352.0000000000
2477 -1351.0000000000
2495 -1350.0000000000
2503 -1349.0000000000
2514 -1348.0000000000
2515 -1347.0000000000
2518 -1346.0000000000
2525 -1345.0000000000
2537 -1344.0000000000
2538 -1343.0000000000
2541 -1342.0000000000
2543 -1341.0000000000
2545 -1340.0000000000
2552 -1339.0000000000
2557 -1338.0000000000
2563 -1337.0000000000
2567 -1334.0000000000
2575 -1333.0000000000
2577 -1332.0000000000
2579 -1331.0000000000
2581 -1330.0000000000
2586 -1329.0000000000
2595 -1328.0000000000
2602 -1327.0000000000
2603 -1326.0000000000
2606 -1325.0000000000
2625 -1324.0000000000
2644 -1323.0000000000
2656 -1322.0000000000
2673 -1321.0000000000
2678 -1320.0000000000
2682 -1319.0000000000
2690 -1318.0000000000
2692 -1317.0000000000
2700 -1316.0000000000
2701 -1315.0000000000
2718 -1314.0000000000
2720 -1313.0000000000
2721 -1312.0000000000
2728 -1310.0000000000
2731 -1309.0000000000
2747 -1308.0000000000
2751 -1307.0000000000
2755 -1306.0000000000
2760 -1305.0000000000
2762 -1304.0000000000
2775 -1303.0000000000
2776 -1302.0000000000
2781 -1301.0000000000
2784 -1300.0000000000
2795 -1299.0000000000
2805 -1298.0000000000
2806 -1297.0000000000
2807 -1296.0000000000
2809 -1295.0000000000
2821 -1294.0000000000
2830 -1293.0000000000
2837 -1292.0000000000
2839 -1291.0000000000
2847 -1290.0000000000
2852 -1289.0000000000
2854 -1288.0000000000
2884 -1287.0000000000
2885 -1286.0000000000
2890 -1285.0000000000
2898 -1284.0000000000
2908 -1283.0000000000
2909 -1282.0000000000
2923 -1281.0000000000
2949 -1280.0000000000
2951 -1279.0000000000
2952 -1278.0000000000
2953 -1277.0000000000
2957 -1276.0000000000
2964 -1274.0000000000
2977 -1273.0000000000
2978 -1272.0000000000
2980 -1271.0000000000
2983 -1270.0000000000
2991 -1269.0000000000
2992 -1267.0000000000
3002 -1266.0000000000
3003 -1265.0000000000
3004 -1264.0000000000
3005 -1262.0000000000
3007 -1261.0000000000
3008 -1260.0000000000
3015 -1258.0000000000
3019 -1257.0000000000
3030 -1255.0000000000
3039 -1253.0000000000
3048 -1252.0000000000
3049 -1251.0000000000
3051 -1249.0000000000
3053 -1247.0000000000
3060 -1246.0000000000
3080 -1243.0000000000
3081 -1242.0000000000
3088 -1241.0000000000
3116 -1238.0000000000
3119 -1237.0000000000
3125 -1236.0000000000
3127 -1235.0000000000
3133 -1234.0000000000
3137 -1233.0000000000
3141 -1232.0000000000
3153 -1231.0000000000
3157 -1230.0000000000
3159 -1229.0000000000
3160 -1228.0000000000
3164 -1227.0000000000
3166 -1226.0000000000
3171 -1225.0000000000
3174 -1224.0000000000
3195 -1223.0000000000
3201 -1222.0000000000
3206 -1221.0000000000
3219 -1220.0000000000
3220 -1218.0000000000
3228 -1217.0000000000
3231 -1216.0000000000
3232 -1215.0000000000
3247 -1214.0000000000
3252 -1212.0000000000
3260 -1211.0000000000
3265 -1209.0000000000
3271 -1208.0000000000
3276 -1207.0000000000
3282 -1206.0000000000
3284 -1205.0000000000
3299 -1204.0000000000
3307 -1202.0000000000
3315 -1199.0000000000
3321 -1198.0000000000
3326 -1195.0000000000
3327 -1193.0000000000
3331 -1191.0000000000
3333 -1189.0000000000
3337 -1188.0000000000
3354 -1187.0000000000
3384 -1186.0000000000
3393 -1185.0000000000
3395 -1184.0000000000
3401 -1183.0000000000
3403 -1182.0000000000
3405 -1181.0000000000
3413 -1180.0000000000
3416 -1179.0000000000
3417 -1178.0000000000
3439 -1177.0000000000
3441 -1176.0000000000
3442 -1175.0000000000
3457 -1174.0000000000
3461 -1173.0000000000
3470 -1172.0000000000
3477 -1171.0000000000
3480 -1169.0000000000
3487 -1168.0000000000
3492 -1167.0000000000
3493 -1165.0000000000
3520 -1164.0000000000
3522 -1162.0000000000
3524 -1161.0000000000
3527 -1160.0000000000
3528 -1159.0000000000
3550 -1158.0000000000
3552 -1156.0000000000
3554 -1155.0000000000
3561 -1154.0000000000
3562 -1153.0000000000
3569 -1152.0000000000
3578 -1151.0000000000
3587 -1150.0000000000
3591 -1149.0000000000
3592 -1148.0000000000
3602 -1147.0000000000
3604 -1146.0000000000
3606 -1145.0000000000
3615 -1143.0000000000
3631 -1142.0000000000
3638 -1141.0000000000
3647 -1140.0000000000
3656 -1139.0000000000
3681 -1137.0000000000
3691 -1136.0000000000
3700 -1135.0000000000
3704 -1134.0000000000
3706 -1133.0000000000
3713 -1132.0000000000
3723 -1131.0000000000
3730 -1130.0000000000
3748 -1129.0000000000
3760 -1128.0000000000
3764 -1127.0000000000
3779 -1126.0000000000
3801 -1125.0000000000
3802 -1124.0000000000
3805 -1123.0000000000
3811 -1122.0000000000
3812 -1121.0000000000
3824 -1120.0000000000
3830 -1119.0000000000
3841 -1115.0000000000
3844 -1114.0000000000
3851 -1113.0000000000
3852 -1112.0000000000
3857 -1111.0000000000
3863 -1110.0000000000
3872 -1109.0000000000
3887 -1108.0000000000
3888 -1107.0000000000
3895 -1106.0000000000
3896 -1105.0000000000
3904 -1104.0000000000
3908 -1103.0000000000
3921 -1102.0000000000
3936 -1101.0000000000
3956 -1100.0000000000
3958 -1098.0000000000
3959 -1097.0000000000
3965 -1096.0000000000
3978 -1095.0000000000
3979 -1094.0000000000
3987 -1093.0000000000
4001 -1092.0000000000
4003 -1091.0000000000
4004 -1089.0000000000
4018 -1088.0000000000
4028 -1087.0000000000
4034 -1086.0000000000
4040 -1085.0000000000
4055 -1084.0000000000
4056 -1083.0000000000
4063 -1082.0000000000
4066 -1081.0000000000
4068 -1080.0000000000
4069 -1078.0000000000
4083 -1077.0000000000
4087 -1076.0000000000
4089 -1075.0000000000
4096 -1073.0000000000
4115 -1072.0000000000
4140 -1070.0000000000
4158 -1069.0000000000
4159 -1068.0000000000
4171 -1067.0000000000
4178 -1066.0000000000
4194 -1065.0000000000
4205 -1064.0000000000
4209 -1063.0000000000
4210 -1062.0000000000
4220 -1061.0000000000
4227 -1060.0000000000
4239 -1059.0000000000
4253 -1057.0000000000
4255 -1056.0000000000
4259 -1055.0000000000
4265 -1054.0000000000
4267 -1053.0000000000
4269 -1052.0000000000
4285 -1051.0000000000
4286 -1050.0000000000
4287 -1049.0000000000
4291 -1048.0000000000
4292 -1047.0000000000
4308 -1046.0000000000
4314 -1044.0000000000
4327 -1043.0000000000
4330 -1042.0000000000
4342 -1040.0000000000
4351 -1039.0000000000
4358 -1038.0000000000
4364 -1037.0000000000
4372 -1035.0000000000
4375 -1034.0000000000
4383 -1033.0000000000
4385 -1032.0000000000
4397 -1031.0000000000
4398 -1030.0000000000
4401 -1029.0000000000
4406 -1028.0000000000
4417 -1027.0000000000
4423 -1026.0000000000
4435 -1025.0000000000
4442 -1024.0000000000
4447 -1023.0000000000
4448 -1020.0000000000
4449 -1019.0000000000
4453 -1018.0000000000
4459 -1017.0000000000
4462 -1016.0000000000
4480 -1015.0000000000
4484 -1014.0000000000
4489 -1013.0000000000
4491 -1012.0000000000
4500 -1011.0000000000
4508 -1010.0000000000
4513 -1009.0000000000
4518 -1007.0000000000
4521 -1006.0000000000
4531 -1005.0000000000
4532 -1004.0000000000
4535 -1003.0000000000
4544 -1002.0000000000
4546 -1001.0000000000
4549 -1000.0000000000
4564 -999.0000000000
4571 -998.0000000000
4603 -997.0000000000
4607 -996.0000000000
4624 -995.0000000000
4629 -994.0000000000
4631 -992.0000000000
4633 -991.0000000000
4652 -990.0000000000
4661 -989.0000000000
4665 -988.0000000000
4670 -987.0000000000
4691 -986.0000000000
4704 -985.0000000000
4709 -984.0000000000
4740 -981.0000000000
4745 -979.0000000000
4756 -977.0000000000
4758 -976.0000000000
4767 -975.0000000000
4785 -974.0000000000
4787 -973.0000000000
4792 -972.0000000000
4795 -971.0000000000
4797 -970.0000000000
4802 -969.0000000000
4806 -968.0000000000
4808 -967.0000000000
4816 -966.0000000000
4818 -965.0000000000
4820 -964.0000000000
4823 -963.0000000000
4827 -962.0000000000
4829 -961.0000000000
4838 -960.0000000000
4840 -959.0000000000
4851 -958.0000000000
4853 -956.0000000000
4885 -955.0000000000
4886 -954.0000000000
4889 -953.0000000000
4892 -952.0000000000
4894 -951.0000000000
4909 -950.0000000000
4910 -947.0000000000
4918 -946.0000000000
4928 -945.0000000000
4931 -944.0000000000
4947 -943.0000000000
4958 -942.0000000000
4986 -941.0000000000
4992 -939.0000000000
5001 -938.0000000000
5036 -937.0000000000
5039 -936.0000000000
5055 -935.0000000000
5063 -934.0000000000
5077 -933.0000000000
5095 -932.0000000000
5098 -931.0000000000
5107 -930.0000000000
5117 -929.0000000000
5123 -928.0000000000
5133 -927.0000000000
5138 -926.0000000000
5139 -925.0000000000
5149 -924.0000000000
5155 -923.0000000000
5167 -922.0000000000
5189 -921.0000000000
5198 -920.0000000000
5219 -919.0000000000
5231 -917.0000000000
5242 -916.0000000000
5249 -915.0000000000
5271 -914.0000000000
5289 -913.0000000000
5291 -912.0000000000
5292 -911.0000000000
5310 -910.0000000000
5313 -908.0000000000
5330 -906.0000000000
5333 -905.0000000000
5349 -904.0000000000
5354 -903.0000000000
5390 -902.0000000000
5430 -901.0000000000
5431 -900.0000000000
5440 -899.0000000000
5443 -898.0000000000
5459 -897.0000000000
5467 -896.0000000000
5478 -895.0000000000
5483 -894.0000000000
5496 -893.0000000000
5505 -892.0000000000
5514 -891.0000000000
5516 -890.0000000000
5528 -889.0000000000
5533 -888.0000000000
5534 -887.0000000000
5540 -886.0000000000
5545 -885.0000000000
5546 -883.0000000000
5556 -882.0000000000
5566 -881.0000000000
5570 -880.0000000000
5574 -879.0000000000
5592 -878.0000000000
5597 -877.0000000000
5602 -876.0000000000
5608 -875.0000000000
5617 -874.0000000000
5624 -873.0000000000
5633 -872.0000000000
5635 -871.0000000000
5647 -869.0000000000
5654 -868.0000000000
5663 -867.0000000000
5721 -866.0000000000
5728 -865.0000000000
5730 -864.0000000000
5737 -863.0000000000
5741 -862.0000000000
5745 -861.0000000000
5749 -860.0000000000
5751 -859.0000000000
5756 -858.0000000000
5769 -857.0000000000
5773 -856.0000000000
5785 -855.0000000000
5795 -854.0000000000
5816 -853.0000000000
5821 -852.0000000000
5822 -851.0000000000
5840 -850.0000000000
5847 -848.0000000000
5848 -847.0000000000
5852 -846.0000000000
5853 -845.0000000000
5868 -843.0000000000
5870 -842.0000000000
5874 -841.0000000000
5895 -840.0000000000
5907 -839.0000000000
5910 -838.0000000000
5941 -837.0000000000
5942 -836.0000000000
5951 -834.0000000000
5952 -833.0000000000
5956 -832.0000000000
5961 -830.0000000000
5962 -829.0000000000
5969 -828.0000000000
5989 -827.0000000000
6010 -826.0000000000
6018 -825.0000000000
6026 -824.0000000000
6034 -823.0000000000
6046 -821.0000000000
6051 -820.0000000000
6056 -819.0000000000
6059 -818.0000000000
6069 -817.0000000000
6076 -816.0000000000
6087 -813.0000000000
6089 -812.0000000000
6096 -811.0000000000
6097 -810.0000000000
6098 -809.0000000000
6108 -808.0000000000
6116 -807.0000000000
6124 -806.0000000000
6131 -804.0000000000
6133 -803.0000000000
6157 -802.0000000000
6160 -801.0000000000
6164 -800.0000000000
6176 -799.0000000000
6197 -798.0000000000
6199 -797.0000000000
6208 -796.0000000000
6209 -795.0000000000
6212 -794.0000000000
6222 -793.0000000000
6230 -792.0000000000
6248 -791.0000000000
6249 -790.0000000000
6252 -789.0000000000
6283 -788.0000000000
6294 -787.0000000000
6296 -786.0000000000
6310 -785.0000000000
6334 -784.0000000000
6344 -783.0000000000
6361 -782.0000000000
6367 -781.0000000000
6369 -780.0000000000
6411 -778.0000000000
6417 -777.0000000000
6424 -775.0000000000
6449 -774.0000000000
6467 -773.0000000000
6486 -772.0000000000
6496 -771.0000000000
6504 -770.0000000000
6539 -769.0000000000
6544 -768.0000000000
6549 -766.0000000000
6556 -765.0000000000
6590 -764.0000000000
6591 -763.0000000000
6597 -762.0000000000
6615 -761.0000000000
6619 -759.0000000000
6633 -758.0000000000
6663 -757.0000000000
6665 -756.0000000000
6675 -755.0000000000
6681 -754.0000000000
6710 -753.0000000000
6712 -751.0000000000
6729 -750.0000000000
6739 -749.0000000000
6768 -748.0000000000
6781 -747.0000000000
6797 -746.0000000000
6817 -745.0000000000
6821 -744.0000000000
6822 -743.0000000000
6825 -742.0000000000
6841 -741.0000000000
6842 -740.0000000000
6851 -739.0000000000
6860 -738.0000000000
6863 -737.0000000000
6872 -736.0000000000
6878 -735.0000000000
6906 -734.0000000000
6913 -733.0000000000
6922 -732.0000000000
6942 -731.0000000000
6981 -730.0000000000
6983 -729.0000000000
6988 -728.0000000000
7004 -727.0000000000
7005 -726.0000000000
7018 -725.0000000000
7020 -724.0000000000
7029 -723.0000000000
7041 -722.0000000000
7047 -721.0000000000
7051 -720.0000000000
7055 -719.0000000000
7066 -717.0000000000
7086 -716.0000000000
7118 -715.0000000000
7135 -714.0000000000
7156 -713.0000000000
7157 -712.0000000000
7172 -710.0000000000
7187 -709.0000000000
7197 -708.0000000000
7200 -707.0000000000
7207 -706.0000000000
7219 -705.0000000000
7223 -704.0000000000
7227 -703.0000000000
7232 -702.0000000000
7255 -701.0000000000
7267 -700.0000000000
7274 -699.0000000000
7276 -698.0000000000
7286 -697.0000000000
7329 -696.0000000000
7339 -695.0000000000
7344 -694.0000000000
7346 -693.0000000000
7404 -692.0000000000
7429 -691.0000000000
7444 -690.0000000000
7475 -689.0000000000
7492 -688.0000000000
7498 -687.0000000000
7505 -686.0000000000
7509 -685.0000000000
7529 -684.0000000000
7551 -683.0000000000
7552 -681.0000000000
7571 -680.0000000000
7577 -679.0000000000
7584 -678.0000000000
7611 -677.0000000000
7626 -676.0000000000
7638 -675.0000000000
7648 -674.0000000000
7651 -673.0000000000
7652 -672.0000000000
7667 -671.0000000000
7668 -670.0000000000
7683 -668.0000000000
7730 -666.0000000000
7734 -665.0000000000
7741 -664.0000000000
7777 -663.0000000000
7790 -662.0000000000
7792 -661.0000000000
7823 -659.0000000000
7849 -658.0000000000
7853 -656.0000000000
7859 -655.0000000000
7867 -654.0000000000
7875 -653.0000000000
7879 -652.0000000000
7908 -651.0000000000
7972 -650.0000000000
7975 -649.0000000000
7978 -648.0000000000
7991 -647.0000000000
7996 -646.0000000000
7997 -645.0000000000
8022 -644.0000000000
8027 -643.0000000000
8042 -642.0000000000
8045 -641.0000000000
8051 -640.0000000000
8069 -639.0000000000
8080 -638.0000000000
8093 -637.0000000000
8097 -636.0000000000
8106 -635.0000000000
8108 -634.0000000000
8117 -633.0000000000
8133 -632.0000000000
8135 -631.0000000000
8150 -630.0000000000
8166 -629.0000000000
8212 -628.0000000000
8213 -626.0000000000
8233 -625.0000000000
8243 -624.0000000000
8248 -623.0000000000
8286 -622.0000000000
8291 -621.0000000000
8307 -620.0000000000
8332 -619.0000000000
8356 -618.0000000000
8394 -617.0000000000
8416 -616.0000000000
8429 -615.0000000000
8433 -614.0000000000
8435 -613.0000000000
8438 -612.0000000000
8443 -611.0000000000
8444 -610.0000000000
8460 -609.0000000000
8477 -608.0000000000
8501 -607.0000000000
8503 -606.0000000000
8550 -605.0000000000
8569 -604.0000000000
8572 -602.0000000000
8582 -601.0000000000
8600 -600.0000000000
8604 -599.0000000000
8605 -598.0000000000
8626 -597.0000000000
8633 -596.0000000000
8650 -595.0000000000
8653 -594.0000000000
8674 -593.0000000000
8677 -592.0000000000
8696 -591.0000000000
8712 -590.0000000000
8728 -589.0000000000
8740 -588.0000000000
8792 -587.0000000000
8793 -586.0000000000
8797 -585.0000000000
8812 -584.0000000000
8817 -583.0000000000
8838 -582.0000000000
8843 -581.0000000000
8844 -580.0000000000
8887 -579.0000000000
8889 -578.0000000000
8891 -577.0000000000
8896 -576.0000000000
8912 -575.0000000000
8925 -574.0000000000
8940 -573.0000000000
8955 -572.0000000000
8957 -571.0000000000
8964 -570.0000000000
8974 -569.0000000000
9018 -568.0000000000
9034 -567.0000000000
9035 -566.0000000000
9044 -564.0000000000
9046 -563.0000000000
9051 -562.0000000000
9069 -561.0000000000
9086 -560.0000000000
9088 -559.0000000000
9097 -558.0000000000
9108 -557.0000000000
9121 -556.0000000000
9140 -555.0000000000
9143 -554.0000000000
9194 -553.0000000000
9278 -552.0000000000
9323 -551.0000000000
9337 -550.0000000000
9351 -549.0000000000
9478 -548.0000000000
9492 -547.0000000000
9538 -546.0000000000
9546 -545.0000000000
9595 -544.0000000000
9601 -543.0000000000
9643 -542.0000000000
9657 -541.0000000000
9661 -540.0000000000
9667 -539.0000000000
9694 -538.0000000000
9696 -537.0000000000
9709 -536.0000000000
9732 -535.0000000000
9810 -534.0000000000
9833 -532.0000000000
9836 -531.0000000000
9839 -530.0000000000
9874 -529.0000000000
9878 -528.0000000000
9920 -527.0000000000
9924 -526.0000000000
9929 -525.0000000000
9935 -524.0000000000
9942 -523.0000000000
9948 -522.0000000000
9950 -521.0000000000
9958 -520.0000000000
9979 -519.0000000000
10000 -520.0000000000
evaluations raw_y
1 -1951.0000000000
2 -1950.0000000000
9 -1949.0000000000
10 -1948.0000000000
15 -1947.0000000000
23 -1946.0000000000
26 -1944.0000000000
29 -1943.0000000000
33 -1942.0000000000
47 -1941.0000000000
48 -1940.0000000000
50 -1939.0000000000
56 -1938.0000000000
67 -1937.0000000000
78 -1936.0000000000
80 -1935.0000000000
82 -1934.0000000000
85 -1932.0000000000
87 -1931.0000000000
88 -1930.0000000000
99 -1929.0000000000
105 -1928.0000000000
106 -1927.0000000000
109 -1925.0000000000
119 -1924.0000000000
123 -1923.0000000000
128 -1922.0000000000
129 -1921.0000000000
132 -1920.0000000000
135 -1919.0000000000
138 -1917.0000000000
139 -1916.0000000000
145 -1915.0000000000
146 -1914.0000000000
149 -1913.0000000000
155 -1912.0000000000
156 -1911.0000000000
158 -1910.0000000000
164 -1908.0000000000
171 -1907.0000000000
172 -1905.0000000000
173 -1904.0000000000
175 -1903.0000000000
178 -1902.0000000000
183 -1901.0000000000
184 -1900.0000000000
185 -1899.0000000000
187 -1898.0000000000
188 -1897.0000000000
193 -1896.0000000000
204 -1895.0000000000
205 -1893.0000000000
206 -1892.0000000000
208 -1890.0000000000
209 -1889.0000000000
214 -1887.0000000000
221 -1884.0000000000
226 -1883.0000000000
228 -1882.0000000000
229 -1880.0000000000
230 -1879.0000000000
235 -1878.0000000000
237 -1877.0000000000
240 -1876.0000000000
242 -1875.0000000000
246 -1872.0000000000
256 -1870.0000000000
269 -1869.0000000000
271 -1868.0000000000
279 -1867.0000000000
281 -1866.0000000000
287 -1865.0000000000
289 -1864.0000000000
296 -1862.0000000000
304 -1860.0000000000
319 -1859.0000000000
320 -1858.0000000000
324 -1857.0000000000
326 -1856.0000000000
327 -1855.0000000000
334 -1853.0000000000
336 -1852.0000000000
338 -1851.0000000000
341 -1850.0000000000
342 -1849.0000000000
344 -1848.0000000000
348 -1847.0000000000
354 -1846.0000000000
355 -1845.0000000000
356 -1844.0000000000
377 -1843.0000000000
383 -1842.0000000000
388 -1841.0000000000
392 -1840.0000000000
398 -1839.0000000000
399 -1838.0000000000
401 -1837.0000000000
405 -1836.0000000000
407 -1835.0000000000
408 -1834.0000000000
413 -1833.0000000000
419 -1832.0000000000
422 -1831.0000000000
433 -1830.0000000000
448 -1829.0000000000
449 -1828.0000000000
454 -1827.0000000000
455 -1825.0000000000
482 -1823.0000000000
488 -1822.0000000000
490 -1821.0000000000
493 -1819.0000000000
494 -1818.0000000000
498 -1816.0000000000
500 -1815.0000000000
505 -1814.0000000000
511 -1813.0000000000
522 -1812.0000000000
533 -1811.0000000000
534 -1809.0000000000
540 -1807.0000000000
544 -1806.0000000000
548 -1805.0000000000
552 -1804.0000000000
555 -1803.0000000000
568 -1802.0000000000
569 -1800.0000000000
571 -1799.0000000000
572 -1798.0000000000
578 -1797.0000000000
581 -1795.0000000000
582 -1794.0000000000
585 -1793.0000000000
586 -1792.0000000000
588 -1791.0000000000
592 -1790.0000000000
598 -1788.0000000000
605 -1787.0000000000
607 -1786.0000000000
608 -1785.0000000000
611 -1784.0000000000
616 -1783.0000000000
625 -1782.0000000000
626 -1781.0000000000
628 -1780.0000000000
631 -1779.0000000000
637 -1777.0000000000
638 -1776.0000000000
649 -1775.0000000000
651 -1774.0000000000
657 -1773.0000000000
667 -1772.0000000000
678 -1771.0000000000
683 -1770.0000000000
686 -1767.0000000000
688 -1765.0000000000
695 -1764.0000000000
698 -1762.0000000000
703 -1761.0000000000
711 -1760.0000000000
716 -1759.0000000000
719 -1758.0000000000
725 -1757.0000000000
726 -1756.0000000000
728 -1755.0000000000
732 -1754.0000000000
733 -1753.0000000000
741 -1752.0000000000
744 -1751.0000000000
746 -1750.0000000000
751 -1749.0000000000
755 -1747.0000000000
756 -1744.0000000000
761 -1742.0000000000
765 -1741.0000000000
772 -1740.0000000000
775 -1739.0000000000
784 -1737.0000000000
786 -1736.0000000000
788 -1735.0000000000
803 -1734.0000000000
805 -1733.0000000000
806 -1732.0000000000
810 -1730.0000000000
814 -1729.0000000000
817 -1728.0000000000
823 -1724.0000000000
827 -1723.0000000000
828 -1722.0000000000
837 -1721.0000000000
840 -1720.0000000000
849 -1719.0000000000
853 -1718.0000000000
856 -1717.0000000000
858 -1716.0000000000
865 -1715.0000000000
874 -1713.0000000000
877 -1712.0000000000
888 -1711.0000000000
889 -1708.0000000000
890 -1707.0000000000
892 -1706.0000000000
894 -1704.0000000000
895 -1703.0000000000
902 -1702.0000000000
903 -1700.0000000000
906 -1699.0000000000
908 -1697.0000000000
918 -1696.0000000000
921 -1695.0000000000
932 -1694.0000000000
934 -1693.0000000000
939 -1692.0000000000
942 -1691.0000000000
943 -1690.0000000000
946 -1689.0000000000
950 -1688.0000000000
952 -1687.0000000000
956 -1686.0000000000
963 -1685.0000000000
964 -1684.0000000000
966 -1683.0000000000
968 -1682.0000000000
971 -1681.0000000000
973 -1680.0000000000
978 -1679.0000000000
979 -1678.0000000000
991 -1677.0000000000
999 -1675.0000000000
1007 -1674.0000000000
1010 -1673.0000000000
1014 -1672.0000000000
1017 -1671.0000000000
1020 -1670.0000000000
1024 -1668.0000000000
1031 -1667.0000000000
1035 -1666.0000000000
1037 -1665.0000000000
1039 -1663.0000000000
1040 -1662.0000000000
1041 -1660.0000000000
1044 -1659.0000000000
1045 -1658.0000000000
1050 -1657.0000000000
1053 -1656.0000000000
1056 -1655.0000000000
1059 -1654.0000000000
1066 -1653.0000000000
1068 -1652.0000000000
1070 -1651.0000000000
1080 -1650.0000000000
1081 -1649.0000000000
1085 -1648.0000000000
1089 -1647.0000000000
1090 -1646.0000000000
1092 -1645.0000000000
1121 -1644.0000000000
1126 -1642.0000000000
1127 -1641.0000000000
1137 -1640.0000000000
1138 -1638.0000000000
1148 -1637.0000000000
1149 -1636.0000000000
1153 -1635.0000000000
1161 -1634.0000000000
1165 -1633.0000000000
1170 -1632.0000000000
1177 -1630.0000000000
1181 -1629.0000000000
1184 -1628.0000000000
1197 -1627.0000000000
1198 -1625.0000000000
1201 -1624.0000000000
1208 -1623.0000000000
1209 -1622.0000000000
1212 -1621.0000000000
1214 -1620.0000000000
1217 -1619.0000000000
1225 -1618.0000000000
1226 -1617.0000000000
1227 -1616.0000000000
1228 -1614.0000000000
1233 -1613.0000000000
1235 -1611.0000000000
1241 -1610.0000000000
1243 -1609.0000000000
1259 -1608.0000000000
1266 -1607.0000000000
1271 -1605.0000000000
1272 -1604.0000000000
1278 -1603.0000000000
1280 -1602.0000000000
1281 -1600.0000000000
1287 -1599.0000000000
1288 -1598.0000000000
1289 -1596.0000000000
1290 -1595.0000000000
1291 -1593.0000000000
1293 -1592.0000000000
1295 -1591.0000000000
1297 -1589.0000000000
1301 -1587.0000000000
1309 -1586.0000000000
1315 -1585.0000000000
1319 -1584.0000000000
1326 -1582.0000000000
1343 -1581.0000000000
1344 -1580.0000000000
1349 -1579.0000000000
1353 -1578.0000000000
1354 -1577.0000000000
1360 -1576.0000000000
1365 -1575.0000000000
1370 -1573.0000000000
1374 -1572.0000000000
1382 -1571.0000000000
1383 -1570.0000000000
1386 -1569.0000000000
1393 -1568.0000000000
1413 -1565.0000000000
1422 -1564.0000000000
1424 -1562.0000000000
1447 -1561.0000000000
1450 -1560.0000000000
1459 -1559.0000000000
1463 -1558.0000000000
1464 -1557.0000000000
1466 -1556.0000000000
1470 -1554.0000000000
1471 -1551.0000000000
1476 -1549.0000000000
1480 -1547.0000000000
1486 -1546.0000000000
1487 -1545.0000000000
1497 -1544.0000000000
1498 -1543.0000000000
1500 -1542.0000000000
1504 -1541.0000000000
1510 -1540.0000000000
1512 -1539.0000000000
1522 -1538.0000000000
1528 -1536.0000000000
1538 -1535.0000000000
1540 -1534.0000000000
1544 -1533.0000000000
1547 -1532.0000000000
1550 -1531.0000000000
1558 -1529.0000000000
1568 -1528.0000000000
1576 -1526.0000000000
1585 -1525.0000000000
1590 -1524.0000000000
1598 -1523.0000000000
1601 -1522.0000000000
1603 -1520.0000000000
1605 -1519.0000000000
1606 -1518.0000000000
1609 -1517.0000000000
1616 -1516.0000000000
1617 -1514.0000000000
1618 -1513.0000000000
1620 -1512.0000000000
1621 -1511.0000000000
1627 -1510.0000000000
1629 -1509.0000000000
1645 -1508.0000000000
1646 -1506.0000000000
1651 -1505.0000000000
1653 -1504.0000000000
1659 -1503.0000000000
1670 -1502.0000000000
1673 -1501.0000000000
1675 -1500.0000000000
1676 -1498.0000000000
1681 -1497.0000000000
1689 -1495.0000000000
1691 -1494.0000000000
1700 -1492.0000000000
1701 -1489.0000000000
1706 -1488.0000000000
1707 -1487.0000000000
1708 -1485.0000000000
1710 -1484.0000000000
1712 -1482.0000000000
1715 -1481.0000000000
1728 -1479.0000000000
1731 -1478.0000000000
1735 -1477.0000000000
1739 -1476.0000000000
1740 -1475.0000000000
1766 -1473.0000000000
1768 -1472.0000000000
1770 -1471.0000000000
1772 -1469.0000000000
1773 -1467.0000000000
1776 -1466.0000000000
1779 -1465.0000000000
1781 -1464.0000000000
1801 -1463.0000000000
1811 -1462.0000000000
1814 -1461.0000000000
1825 -1460.0000000000
1834 -1459.0000000000
1843 -1458.0000000000
1846 -1457.0000000000
1847 -1456.0000000000
1850 -1455.0000000000
1852 -1453.0000000000
1856 -1451.0000000000
1857 -1449.0000000000
1873 -1448.0000000000
1878 -1447.0000000000
1888 -1445.0000000000
1890 -1444.0000000000
1894 -1442.0000000000
1897 -1441.0000000000
1898 -1440.0000000000
1910 -1439.0000000000
1915 -1438.0000000000
1918 -1437.0000000000
1923 -1436.0000000000
1924 -1435.0000000000
1932 -1433.0000000000
1936 -1432.0000000000
1940 -1431.0000000000
1945 -1430.0000000000
1948 -1429.0000000000
1955 -1428.0000000000
1956 -1426.0000000000
1959 -1425.0000000000
1970 -1424.0000000000
1978 -1422.0000000000
1984 -1421.0000000000
1991 -1420.0000000000
1992 -1419.0000000000
1994 -1418.0000000000
1996 -1417.0000000000
2006 -1416.0000000000
2012 -1415.0000000000
2013 -1414.0000000000
2018 -1413.0000000000
2021 -1411.0000000000
2033 -1410.0000000000
2035 -1408.0000000000
2040 -1407.0000000000
2042 -1406.0000000000
2046 -1405.0000000000
2057 -1404.0000000000
2066 -1403.0000000000
2067 -1402.0000000000
2072 -1401.0000000000
2083 -1400.0000000000
2086 -1398.0000000000
2095 -1397.0000000000
2107 -1396.0000000000
2109 -1394.0000000000
2112 -1393.0000000000
2114 -1392.0000000000
2126 -1391.0000000000
2130 -1389.0000000000
2135 -1388.0000000000
2139 -1387.0000000000
2141 -1386.0000000000
2142 -1385.0000000000
2143 -1383.0000000000
2148 -1382.0000000000
2161 -1381.0000000000
2162 -1380.0000000000
2163 -1379.0000000000
2166 -1378.0000000000
2177 -1376.0000000000
2183 -1375.0000000000
2189 -1373.0000000000
2197 -1372.0000000000
2198 -1371.0000000000
2205 -1369.0000000000
2212 -1368.0000000000
2216 -1367.0000000000
2223 -1366.0000000000
2235 -1365.0000000000
2237 -1364.0000000000
2242 -1363.0000000000
2243 -1362.0000000000
2247 -1360.0000000000
2248 -1359.0000000000
2252 -1355.0000000000
2254 -1354.0000000000
2255 -1353.0000000000
2260 -1352.0000000000
2262 -1351.0000000000
2263 -1350.0000000000
2271 -1349.0000000000
2289 -1348.0000000000
2290 -1346.0000000000
2294 -1345.0000000000
2301 -1344.0000000000
2321 -1342.0000000000
2333 -1340.0000000000
2338 -1339.0000000000
2339 -1338.0000000000
2341 -1337.0000000000
2343 -1336.0000000000
2344 -1335.0000000000
2348 -1334.0000000000
2352 -1333.0000000000
2361 -1332.0000000000
2376 -1331.0000000000
2378 -1330.0000000000
2382 -1329.0000000000
2390 -1328.0000000000
2396 -1327.0000000000
2409 -1326.0000000000
2411 -1325.0000000000
2448 -1324.0000000000
2449 -1322.0000000000
2469 -1321.0000000000
2486 -1320.0000000000
2502 -1319.0000000000
2522 -1317.0000000000
2526 -1315.0000000000
2529 -1314.0000000000
2540 -1313.0000000000
2541 -1312.0000000000
2545 -1311.0000000000
2555 -1310.0000000000
2559 -1309.0000000000
2560 -1307.0000000000
2575 -1306.0000000000
2582 -1305.0000000000
2584 -1303.0000000000
2587 -1302.0000000000
2599 -1301.0000000000
2607 -1300.0000000000
2618 -1299.0000000000
2623 -1297.0000000000
2626 -1296.0000000000
2628 -1295.0000000000
2633 -1294.0000000000
2635 -1293.0000000000
2644 -1292.0000000000
2651 -1290.0000000000
2653 -1289.0000000000
2665 -1288.0000000000
2669 -1287.0000000000
2671 -1286.0000000000
2680 -1284.0000000000
2682 -1283.0000000000
2691 -1282.0000000000
2697 -1281.0000000000
2698 -1280.0000000000
2700 -1279.0000000000
2706 -1278.0000000000
2711 -1276.0000000000
2713 -1275.0000000000
2726 -1274.0000000000
2739 -1273.0000000000
2740 -1271.0000000000
2741 -1269.0000000000
2744 -1268.0000000000
2752 -1267.0000000000
2756 -1266.0000000000
2758 -1265.0000000000
2761 -1264.0000000000
2765 -1263.0000000000
2766 -1262.0000000000
2779 -1261.0000000000
2786 -1260.0000000000
2793 -1258.0000000000
2799 -1257.0000000000
2800 -1256.0000000000
2801 -1255.0000000000
2825 -1254.0000000000
2829 -1253.0000000000
2835 -1252.0000000000
2847 -1251.0000000000
2849 -1250.0000000000
2861 -1249.0000000000
2863 -1248.0000000000
2875 -1247.0000000000
2876 -1246.0000000000
2887 -1245.0000000000
2901 -1242.0000000000
2914 -1241.0000000000
2920 -1240.0000000000
2922 -1238.0000000000
2939 -1237.0000000000
2940 -1236.0000000000
2945 -1235.0000000000
2962 -1234.0000000000
2967 -1232.0000000000
2970 -1231.0000000000
2971 -1230.0000000000
2974 -1229.0000000000
2976 -1228.0000000000
2983 -1227.0000000000
2995 -1226.0000000000
3003 -1224.0000000000
3006 -1223.0000000000
3028 -1221.0000000000
3040 -1220.0000000000
3048 -1219.0000000000
3055 -1218.0000000000
3058 -1217.0000000000
3060 -1216.0000000000
3063 -1215.0000000000
3077 -1214.0000000000
3100 -1213.0000000000
3104 -1212.0000000000
3122 -1210.0000000000
3128 -1209.0000000000
3136 -1208.0000000000
3137 -1207.0000000000
3158 -1205.0000000000
3161 -1204.0000000000
3164 -1203.0000000000
3172 -1202.0000000000
3188 -1201.0000000000
3189 -1200.0000000000
3193 -1199.0000000000
3200 -1198.0000000000
3205 -1197.0000000000
3207 -1196.0000000000
3235 -1195.0000000000
3248 -1194.0000000000
3252 -1193.0000000000
3253 -1192.0000000000
3258 -1191.0000000000
3260 -1190.0000000000
3262 -1189.0000000000
3265 -1188.0000000000
3266 -1187.0000000000
3267 -1186.0000000000
3268 -1185.0000000000
3273 -1184.0000000000
3277 -1183.0000000000
3279 -1181.0000000000
3285 -1180.0000000000
3297 -1179.0000000000
3303 -1178.0000000000
3304 -1177.0000000000
3311 -1176.0000000000
3312 -1175.0000000000
3316 -1174.0000000000
3317 -1173.0000000000
3332 -1172.0000000000
3335 -1171.0000000000
3341 -1170.0000000000
3342 -1168.0000000000
3345 -1167.0000000000
3351 -1166.0000000000
3352 -1165.0000000000
3354 -1163.0000000000
3359 -1162.0000000000
3362 -1161.0000000000
3368 -1160.0000000000
3369 -1159.0000000000
3373 -1158.0000000000
3376 -1157.0000000000
3380 -1156.0000000000
3385 -1155.0000000000
3386 -1154.0000000000
3394 -1152.0000000000
3396 -1151.0000000000
3412 -1150.0000000000
3421 -1149.0000000000
3448 -1148.0000000000
3464 -1147.0000000000
3480 -1146.0000000000
3490 -1145.0000000000
3491 -1144.0000000000
3508 -1143.0000000000
3515 -1142.0000000000
3517 -1139.0000000000
3522 -1138.0000000000
3528 -1137.0000000000
3548 -1136.0000000000
3563 -1135.0000000000
3569 -1133.0000000000
3572 -1132.0000000000
3577 -1130.0000000000
3583 -1129.0000000000
3604 -1127.0000000000
3612 -1126.0000000000
3616 -1125.0000000000
3618 -1124.0000000000
3620 -1123.0000000000
3638 -1122.0000000000
3648 -1121.0000000000
3656 -1120.0000000000
3660 -1119.0000000000
3707 -1118.0000000000
3724 -1117.0000000000
3732 -1116.0000000000
3737 -1115.0000000000
3740 -1114.0000000000
3743 -1113.0000000000
3745 -1112.0000000000
3749 -1111.0000000000
3750 -1110.0000000000
3751 -1109.0000000000
3752 -1108.0000000000
3767 -1107.0000000000
3773 -1106.0000000000
3775 -1105.0000000000
3778 -1104.0000000000
3792 -1103.0000000000
3796 -1102.0000000000
3808 -1101.0000000000
3814 -1100.0000000000
3820 -1099.0000000000
3830 -1098.0000000000
3845 -1096.0000000000
3852 -1095.0000000000
3859 -1093.0000000000
3860 -1092.0000000000
3880 -1091.0000000000
3887 -1089.0000000000
3888 -1088.0000000000
3895 -1087.0000000000
3897 -1086.0000000000
3915 -1084.0000000000
3917 -1083.0000000000
3933 -1082.0000000000
3937 -1081.0000000000
3952 -1080.0000000000
3961 -1079.0000000000
3963 -1078.0000000000
3981 -1076.0000000000
3986 -1075.0000000000
3987 -1074.0000000000
3988 -1073.0000000000
3996 -1071.0000000000
3997 -1070.0000000000
3998 -1069.0000000000
4001 -1068.0000000000
4010 -1067.0000000000
4020 -1066.0000000000
4021 -1065.0000000000
4026 -1064.0000000000
4030 -1063.0000000000
4031 -1062.0000000000
4035 -1061.0000000000
4038 -1060.0000000000
4039 -1059.0000000000
4048 -1058.0000000000
4058 -1057.0000000000
4059 -1056.0000000000
4064 -1055.0000000000
4078 -1054.0000000000
4090 -1053.0000000000
4091 -1052.0000000000
4093 -1051.0000000000
4102 -1050.0000000000
4112 -1049.0000000000
4121 -1048.0000000000
4130 -1046.0000000000
4139 -1045.0000000000
4152 -1044.0000000000
4159 -1043.0000000000
4173 -1042.0000000000
4186 -1041.0000000000
4197 -1040.0000000000
4203 -1039.0000000000
4212 -1038.0000000000
4213 -1036.0000000000
4221 -1035.0000000000
4222 -1034.0000000000
4238 -1033.0000000000
4245 -1032.0000000000
4255 -1031.0000000000
4259 -1030.0000000000
4260 -1029.0000000000
4261 -1028.0000000000
4263 -1026.0000000000
4269 -1025.0000000000
4272 -1024.0000000000
4275 -1023.0000000000
4280 -1022.0000000000
4283 -1021.0000000000
4285 -1020.0000000000
4289 -1019.0000000000
4297 -1018.0000000000
4319 -1017.0000000000
4327 -1016.0000000000
4333 -1014.0000000000
4335 -1013.0000000000
4339 -1012.0000000000
4341 -1010.0000000000
4352 -1009.0000000000
4373 -1008.0000000000
4377 -1007.0000000000
4385 -1006.0000000000
4391 -1005.0000000000
4409 -1004.0000000000
4411 -1003.0000000000
4414 -1002.0000000000
4420 -1001.0000000000
4431 -999.0000000000
4459 -998.0000000000
4478 -997.0000000000
4490 -995.0000000000
4491 -994.0000000000
4500 -993.0000000000
4502 -992.0000000000
4527 -991.0000000000
4532 -990.0000000000
4536 -989.0000000000
4549 -988.0000000000
4554 -987.0000000000
4560 -986.0000000000
4569 -985.0000000000
4584 -984.0000000000
4599 -983.0000000000
4626 -982.0000000000
4629 -981.0000000000
4633 -980.0000000000
4636 -979.0000000000
4653 -978.0000000000
4654 -977.0000000000
4667 -976.0000000000
4682 -975.0000000000
4699 -974.0000000000
4706 -973.0000000000
4715 -972.0000000000
4736 -971.0000000000
4755 -970.0000000000
4756 -969.0000000000
4770 -968.0000000000
4786 -967.0000000000
4787 -966.0000000000
4792 -965.0000000000
4805 -964.0000000000
4841 -963.0000000000
4855 -962.0000000000
4865 -960.0000000000
4869 -959.0000000000
4873 -958.0000000000
4874 -957.0000000000
4877 -955.0000000000
4878 -954.0000000000
4880 -953.0000000000
4890 -952.0000000000
4894 -951.0000000000
4900 -950.0000000000
4905 -949.0000000000
4910 -948.0000000000
4913 -947.0000000000
4915 -945.0000000000
4932 -944.0000000000
4935 -943.0000000000
4938 -942.0000000000
4953 -941.0000000000
4955 -940.0000000000
4959 -939.0000000000
4961 -936.0000000000
4964 -935.0000000000
4967 -934.0000000000
4974 -932.0000000000
4983 -931.0000000000
4993 -930.0000000000
5000 -928.0000000000
5007 -927.0000000000
5010 -926.0000000000
5017 -925.0000000000
5019 -924.0000000000
5020 -923.0000000000
5027 -922.0000000000
5028 -921.0000000000
5047 -919.0000000000
5048 -918.0000000000
5053 -917.0000000000
5056 -916.0000000000
5058 -915.0000000000
5063 -914.0000000000
5067 -912.0000000000
5094 -911.0000000000
5095 -910.0000000000
5102 -909.0000000000
5112 -908.0000000000
5119 -906.0000000000
5123 -905.0000000000
5131 -904.0000000000
5157 -903.0000000000
5160 -902.0000000000
5172 -901.0000000000
5177 -900.0000000000
5181 -899.0000000000
5183 -898.0000000000
5185 -897.0000000000
5188 -895.0000000000
5198 -894.0000000000
5220 -893.0000000000
5224 -892.0000000000
5232 -891.0000000000
5251 -890.0000000000
5257 -889.0000000000
5258 -888.0000000000
5264 -887.0000000000
5270 -886.0000000000
5289 -885.0000000000
5300 -884.0000000000
5303 -883.0000000000
5327 -882.0000000000
5343 -881.0000000000
5346 -880.0000000000
5347 -879.0000000000
5353 -878.0000000000
5356 -877.0000000000
5370 -876.0000000000
5375 -875.0000000000
5380 -874.0000000000
5391 -873.0000000000
5399 -872.0000000000
5425 -871.0000000000
5437 -870.0000000000
5493 -869.0000000000
5495 -868.0000000000
5521 -867.0000000000
5523 -866.0000000000
5525 -865.0000000000
5526 -864.0000000000
5530 -863.0000000000
5538 -862.0000000000
5585 -861.0000000000
5599 -860.0000000000
5621 -859.0000000000
5623 -858.0000000000
5626 -857.0000000000
5637 -856.0000000000
5648 -855.0000000000
5649 -854.0000000000
5660 -853.0000000000
5681 -852.0000000000
5692 -851.0000000000
5701 -850.0000000000
5714 -849.0000000000
5719 -848.0000000000
5725 -847.0000000000
5737 -846.0000000000
5742 -845.0000000000
5753 -844.0000000000
5763 -843.0000000000
5767 -842.0000000000
5797 -841.0000000000
5820 -840.0000000000
5824 -839.0000000000
5834 -838.0000000000
5838 -837.0000000000
5844 -836.0000000000
5852 -835.0000000000
5857 -833.0000000000
5863 -832.0000000000
5864 -831.0000000000
5874 -830.0000000000
5892 -829.0000000000
5899 -828.0000000000
5910 -827.0000000000
5911 -826.0000000000
5915 -825.0000000000
5919 -824.0000000000
5936 -823.0000000000
5945 -822.0000000000
5955 -821.0000000000
5973 -820.0000000000
5980 -819.0000000000
5987 -818.0000000000
5991 -816.0000000000
5995 -815.0000000000
6000 -814.0000000000
6017 -813.0000000000
6021 -812.0000000000
6026 -811.0000000000
6038 -810.0000000000
6055 -809.0000000000
6056 -808.0000000000
6058 -807.0000000000
6060 -805.0000000000
6071 -804.0000000000
6082 -803.0000000000
6088 -802.0000000000
6105 -801.0000000000
6125 -800.0000000000
6154 -799.0000000000
6177 -798.0000000000
6196 -797.0000000000
6203 -796.0000000000
6221 -795.0000000000
6228 -794.0000000000
6241 -793.0000000000
6263 -792.0000000000
6270 -791.0000000000
6273 -790.0000000000
6283 -789.0000000000
6289 -788.0000000000
6293 -787.0000000000
6295 -786.0000000000
6300 -785.0000000000
6307 -784.0000000000
6312 -783.0000000000
6331 -782.0000000000
6400 -781.0000000000
6406 -780.0000000000
6411 -779.0000000000
6423 -778.0000000000
6428 -777.0000000000
6435 -776.0000000000
6448 -775.0000000000
6458 -774.0000000000
6461 -773.0000000000
6474 -772.0000000000
6476 -770.0000000000
6492 -769.0000000000
6516 -768.0000000000
6570 -767.0000000000
6572 -766.0000000000
6575 -765.0000000000
6637 -764.0000000000
6642 -763.0000000000
6650 -762.0000000000
6671 -761.0000000000
6682 -760.0000000000
6701 -759.0000000000
6717 -758.0000000000
6720 -757.0000000000
6729 -756.0000000000
6731 -755.0000000000
6736 -754.0000000000
6745 -753.0000000000
6748 -752.0000000000
6749 -751.0000000000
6755 -750.0000000000
6759 -749.0000000000
6768 -748.0000000000
6771 -747.0000000000
6787 -746.0000000000
6820 -745.0000000000
6822 -744.0000000000
6824 -743.0000000000
6833 -742.0000000000
6834 -740.0000000000
6837 -738.0000000000
6838 -737.0000000000
6846 -736.0000000000
6849 -735.0000000000
6860 -734.0000000000
6865 -732.0000000000
6880 -731.0000000000
6891 -730.0000000000
6897 -729.0000000000
6953 -728.0000000000
6967 -727.0000000000
6976 -726.0000000000
6981 -725.0000000000
6995 -724.0000000000
6998 -723.0000000000
7023 -722.0000000000
7053 -721.0000000000
7069 -720.0000000000
7083 -719.0000000000
7087 -718.0000000000
7092 -716.0000000000
7104 -715.0000000000
7111 -714.0000000000
7148 -713.0000000000
7150 -712.0000000000
7153 -711.0000000000
7177 -710.0000000000
7205 -708.0000000000
7209 -707.0000000000
7223 -706.0000000000
7242 -705.0000000000
7257 -704.0000000000
7261 -703.0000000000
7278 -702.0000000000
7282 -700.0000000000
7302 -699.0000000000
7318 -698.0000000000
7321 -697.0000000000
7345 -696.0000000000
7356 -695.0000000000
7379 -694.0000000000
7405 -693.0000000000
7407 -692.0000000000
7418 -691.0000000000
7420 -690.0000000000
7421 -689.0000000000
7435 -688.0000000000
7443 -687.0000000000
7444 -686.0000000000
7453 -684.0000000000
7456 -683.0000000000
7469 -682.0000000000
7471 -681.0000000000
7477 -679.0000000000
7494 -678.0000000000
7512 -677.0000000000
7523 -676.0000000000
7528 -674.0000000000
7560 -673.0000000000
7572 -672.0000000000
7574 -671.0000000000
7576 -670.0000000000
7577 -669.0000000000
7585 -668.0000000000
7588 -667.0000000000
7611 -666.0000000000
7617 -664.0000000000
7622 -663.0000000000
7681 -662.0000000000
7683 -661.0000000000
7689 -660.0000000000
7703 -658.0000000000
7726 -657.0000000000
7738 -656.0000000000
7747 -654.0000000000
7756 -653.0000000000
7779 -652.0000000000
7781 -651.0000000000
7782 -650.0000000000
7799 -649.0000000000
7810 -648.0000000000
7814 -647.0000000000
7817 -645.0000000000
7826 -643.0000000000
7839 -642.0000000000
7852 -641.0000000000
7881 -640.0000000000
7898 -639.0000000000
7907 -638.0000000000
7914 -637.0000000000
7931 -636.0000000000
7943 -635.0000000000
7961 -634.0000000000
7985 -633.0000000000
7995 -632.0000000000
8008 -631.0000000000
8038 -630.0000000000
8046 -629.0000000000
8048 -628.0000000000
8057 -627.0000000000
8085 -626.0000000000
8086 -625.0000000000
8090 -623.0000000000
8118 -621.0000000000
8148 -620.0000000000
8155 -619.0000000000
8159 -618.0000000000
8201 -617.0000000000
8238 -616.0000000000
8241 -615.0000000000
8311 -614.0000000000
8323 -613.0000000000
8324 -612.0000000000
8351 -611.0000000000
8362 -610.0000000000
8396 -609.0000000000
8417 -608.0000000000
8431 -607.0000000000
8443 -606.0000000000
8444 -605.0000000000
8478 -604.0000000000
8486 -603.0000000000
8489 -601.0000000000
8507 -600.0000000000
8513 -599.0000000000
8517 -598.0000000000
8528 -597.0000000000
8552 -596.0000000000
8572 -595.0000000000
8589 -594.0000000000
8597 -593.0000000000
8600 -592.0000000000
8603 -591.0000000000
8613 -590.0000000000
8615 -589.0000000000
8617 -588.0000000000
8631 -587.0000000000
8633 -586.0000000000
8649 -584.0000000000
8652 -583.0000000000
8662 -582.0000000000
8668 -581.0000000000
8680 -579.0000000000
8684 -578.0000000000
8688 -575.0000000000
8709 -574.0000000000
8719 -573.0000000000
8737 -572.0000000000
8760 -571.0000000000
8789 -570.0000000000
8792 -569.0000000000
8796 -568.0000000000
8814 -567.0000000000
8824 -566.0000000000
8828 -565.0000000000
8845 -564.0000000000
8846 -563.0000000000
8864 -562.0000000000
8871 -561.0000000000
8884 -560.0000000000
8891 -559.0000000000
8892 -558.0000000000
8923 -557.0000000000
8967 -556.0000000000
8970 -555.0000000000
8973 -554.0000000000
8986 -553.0000000000
9006 -552.0000000000
9017 -551.0000000000
9032 -550.0000000000
9033 -549.0000000000
9047 -548.0000000000
9102 -547.0000000000
9117 -546.0000000000
9119 -545.0000000000
9127 -544.0000000000
9139 -543.0000000000
9173 -542.0000000000
9178 -541.0000000000
9198 -540.0000000000
9214 -539.0000000000
9215 -538.0000000000
9232 -537.0000000000
9240 -536.0000000000
9245 -535.0000000000
9254 -534.0000000000
9265 -533.0000000000
9293 -532.0000000000
9295 -531.0000000000
9298 -530.0000000000
9321 -529.0000000000
9360 -528.0000000000
9388 -527.0000000000
9407 -526.0000000000
9438 -524.0000000000
9439 -523.0000000000
9445 -522.0000000000
9463 -521.0000000000
9522 -520.0000000000
9563 -519.0000000000
9595 -518.0000000000
9597 -517.0000000000
9598 -516.0000000000
9606 -515.0000000000
9615 -514.0000000000
9619 -513.0000000000
9624 -512.0000000000
9653 -511.0000000000
9670 -510.0000000000
9693 -509.0000000000
9713 -508.0000000000
9728 -507.0000000000
9784 -506.0000000000
9816 -505.0000000000
9822 -504.0000000000
9823 -503.0000000000
9850 -502.0000000000
9855 -500.0000000000
9888 -499.0000000000
9900 -498.0000000000
9901 -497.0000000000
9903 -495.0000000000
9910 -494.0000000000
9995 -493.0000000000
10000 -494.0000000000
evaluations raw_y
1 -2004.0000000000
8 -2003.0000000000
11 -2002.0000000000
17 -2000.0000000000
20 -1998.0000000000
31 -1997.0000000000
33 -1996.0000000000
34 -1995.0000000000
36 -1994.0000000000
41 -1993.0000000000
42 -1992.0000000000
43 -1991.0000000000
46 -1990.0000000000
47 -1988.0000000000
49 -1987.0000000000
51 -1986.0000000000
58 -1984.0000000000
60 -1983.0000000000
69 -1982.0000000000
74 -1981.0000000000
76 -1980.0000000000
77 -1979.0000000000
80 -1977.0000000000
81 -1975.0000000000
82 -1973.0000000000
94 -1971.0000000000
97 -1970.0000000000
103 -1969.0000000000
107 -1968.0000000000
109 -1967.0000000000
110 -1966.0000000000
111 -1965.0000000000
117 -1964.0000000000
132 -1962.0000000000
134 -1961.0000000000
139 -1959.0000000000
147 -1958.0000000000
150 -1957.0000000000
154 -1955.0000000000
156 -1954.0000000000
160 -1953.0000000000
163 -1952.0000000000
167 -1951.0000000000
168 -1950.0000000000
170 -1949.0000000000
175 -1948.0000000000
180 -1947.0000000000
181 -1946.0000000000
184 -1944.0000000000
185 -1941.0000000000
192 -1939.0000000000
193 -1938.0000000000
194 -1937.0000000000
199 -1936.0000000000
201 -1935.0000000000
203 -1933.0000000000
206 -1932.0000000000
217 -1930.0000000000
224 -1929.0000000000
228 -1928.0000000000
237 -1927.0000000000
240 -1926.0000000000
242 -1925.0000000000
243 -1924.0000000000
244 -1923.0000000000
246 -1921.0000000000
248 -1919.0000000000
249 -1918.0000000000
251 -1917.0000000000
254 -1915.0000000000
261 -1914.0000000000
263 -1913.0000000000
265 -1912.0000000000
267 -1911.0000000000
268 -1909.0000000000
279 -1908.0000000000
283 -1907.0000000000
288 -1906.0000000000
290 -1905.0000000000
295 -1904.0000000000
305 -1903.0000000000
307 -1902.0000000000
311 -1901.0000000000
312 -1899.0000000000
315 -1898.0000000000
322 -1897.0000000000
330 -1894.0000000000
331 -1893.0000000000
333 -1891.0000000000
335 -1890.0000000000
342 -1889.0000000000
351 -1888.0000000000
352 -1887.0000000000
358 -1886.0000000000
364 -1885.0000000000
370 -1884.0000000000
375 -1883.0000000000
378 -1882.0000000000
381 -1881.0000000000
382 -1880.0000000000
383 -1879.0000000000
384 -1878.0000000000
391 -1877.0000000000
392 -1876.0000000000
396 -1875.0000000000
398 -1874.0000000000
401 -1873.0000000000
403 -1872.0000000000
404 -1871.0000000000
407 -1869.0000000000
409 -1868.0000000000
415 -1867.0000000000
418 -1866.0000000000
432 -1865.0000000000
433 -1864.0000000000
435 -1863.0000000000
444 -1862.0000000000
445 -1860.0000000000
450 -1859.0000000000
454 -1858.0000000000
456 -1857.0000000000
458 -1855.0000000000
463 -1854.0000000000
477 -1853.0000000000
480 -1852.0000000000
481 -1851.0000000000
484 -1850.0000000000
492 -1849.0000000000
495 -1848.0000000000
498 -1847.0000000000
502 -1846.0000000000
503 -1845.0000000000
506 -1844.0000000000
509 -1843.0000000000
510 -1842.0000000000
514 -1840.0000000000
515 -1839.0000000000
516 -1837.0000000000
524 -1836.0000000000
541 -1834.0000000000
542 -1832.0000000000
546 -1829.0000000000
554 -1828.0000000000
557 -1827.0000000000
559 -1826.0000000000
579 -1825.0000000000
580 -1824.0000000000
581 -1823.0000000000
582 -1821.0000000000
590 -1820.0000000000
592 -1818.0000000000
600 -1817.0000000000
607 -1815.0000000000
624 -1814.0000000000
625 -1813.0000000000
630 -1812.0000000000
633 -1810.0000000000
634 -1809.0000000000
635 -1808.0000000000
639 -1807.0000000000
641 -1806.0000000000
648 -1805.0000000000
650 -1803.0000000000
652 -1802.0000000000
660 -1801.0000000000
672 -1800.0000000000
674 -1798.0000000000
679 -1797.0000000000
680 -1796.0000000000
682 -1795.0000000000
687 -1794.0000000000
692 -1793.0000000000
696 -1792.0000000000
704 -1791.0000000000
711 -1790.0000000000
712 -1789.0000000000
714 -1788.0000000000
715 -1787.0000000000
717 -1786.0000000000
722 -1785.0000000000
725 -1784.0000000000
727 -1783.0000000000
729 -1782.0000000000
731 -1781.0000000000
734 -1780.0000000000
739 -1779.0000000000
744 -1778.0000000000
747 -1777.0000000000
748 -1776.0000000000
751 -1775.0000000000
756 -1774.0000000000
759 -1773.0000000000
761 -1772.0000000000
763 -1771.0000000000
766 -1770.0000000000
771 -1768.0000000000
772 -1767.0000000000
773 -1765.0000000000
775 -1764.0000000000
776 -1763.0000000000
781 -1762.0000000000
782 -1761.0000000000
802 -1760.0000000000
813 -1759.0000000000
814 -1757.0000000000
815 -1756.0000000000
817 -1755.0000000000
819 -1754.0000000000
827 -1753.0000000000
829 -1751.0000000000
833 -1750.0000000000
840 -1748.0000000000
847 -1745.0000000000
861 -1744.0000000000
874 -1743.0000000000
876 -1742.0000000000
879 -1741.0000000000
881 -1740.0000000000
886 -1738.0000000000
891 -1737.0000000000
892 -1736.0000000000
898 -1735.0000000000
900 -1734.0000000000
904 -1733.0000000000
907 -1732.0000000000
920 -1731.0000000000
931 -1729.0000000000
935 -1728.0000000000
937 -1727.0000000000
944 -1726.0000000000
951 -1725.0000000000
957 -1724.0000000000
958 -1722.0000000000
961 -1720.0000000000
962 -1719.0000000000
967 -1718.0000000000
972 -1717.0000000000
978 -1716.0000000000
980 -1715.0000000000
989 -1714.0000000000
993 -1713.0000000000
997 -1711.0000000000
1003 -1710.0000000000
1006 -1708.0000000000
1007 -1707.0000000000
1008 -1706.0000000000
1020 -1704.0000000000
1030 -1703.0000000000
1041 -1702.0000000000
1043 -1700.0000000000
1048 -1699.0000000000
1051 -1697.0000000000
1058 -1696.0000000000
1069 -1694.0000000000
1072 -1693.0000000000
1076 -1691.0000000000
1081 -1690.0000000000
1090 -1689.0000000000
1105 -1688.0000000000
1109 -1687.0000000000
1110 -1686.0000000000
1114 -1685.0000000000
1120 -1684.0000000000
1129 -1683.0000000000
1134 -1682.0000000000
1143 -1681.0000000000
1149 -1680.0000000000
1159 -1678.0000000000
1165 -1677.0000000000
1166 -1676.0000000000
1172 -1675.0000000000
1175 -1672.0000000000
1176 -1671.0000000000
1183 -1669.0000000000
1187 -1668.0000000000
1189 -1667.0000000000
1190 -1666.0000000000
1194 -1665.0000000000
1198 -1663.0000000000
1200 -1662.0000000000
1201 -1660.0000000000
1212 -1659.0000000000
1214 -1658.0000000000
1217 -1657.0000000000
1218 -1656.0000000000
1219 -1654.0000000000
1224 -1653.0000000000
1225 -1652.0000000000
1231 -1651.0000000000
1233 -1649.0000000000
1237 -1648.0000000000
1238 -1647.0000000000
1248 -1646.0000000000
1249 -1645.0000000000
1250 -1644.0000000000
1251 -1643.0000000000
1252 -1642.0000000000
1255 -1640.0000000000
1257 -1639.0000000000
1258 -1638.0000000000
1263 -1637.0000000000
1267 -1636.0000000000
1273 -1635.0000000000
1277 -1633.0000000000
1278 -1632.0000000000
1279 -1631.0000000000
1285 -1630.0000000000
1292 -1628.0000000000
1293 -1627.0000000000
1294 -1625.0000000000
1297 -1624.0000000000
1303 -1623.0000000000
1313 -1622.0000000000
1320 -1620.0000000000
1327 -1619.0000000000
1333 -1618.0000000000
1344 -1617.0000000000
1348 -1616.0000000000
1360 -1615.0000000000
1362 -1614.0000000000
1373 -1613.0000000000
1376 -1611.0000000000
1380 -1610.0000000000
1383 -1608.0000000000
1388 -1607.0000000000
1399 -1605.0000000000
1400 -1604.0000000000
1414 -1603.0000000000
1415 -1602.0000000000
1418 -1601.0000000000
1423 -1600.0000000000
1427 -1599.0000000000
1429 -1598.0000000000
1430 -1596.0000000000
1434 -1594.0000000000
1440 -1593.0000000000
1441 -1592.0000000000
1446 -1591.0000000000
1451 -1590.0000000000
1469 -1589.0000000000
1474 -1588.0000000000
1478 -1587.0000000000
1491 -1586.0000000000
1494 -1585.0000000000
1502 -1583.0000000000
1504 -1582.0000000000
1513 -1581.0000000000
1514 -1580.0000000000
1515 -1579.0000000000
1516 -1577.0000000000
1519 -1576.0000000000
1521 -1575.0000000000
1523 -1574.0000000000
1532 -1573.0000000000
1542 -1572.0000000000
1545 -1570.0000000000
1546 -1568.0000000000
1549 -1565.0000000000
1555 -1564.0000000000
1559 -1563.0000000000
1564 -1561.0000000000
1565 -1560.0000000000
1566 -1559.0000000000
1567 -1558.0000000000
1610 -1557.0000000000
1614 -1556.0000000000
1615 -1555.0000000000
1628 -1554.0000000000
1629 -1553.0000000000
1631 -1552.0000000000
1633 -1550.0000000000
1636 -1549.0000000000
1638 -1548.0000000000
1639 -1546.0000000000
1641 -1545.0000000000
1644 -1544.0000000000
1646 -1543.0000000000
1653 -1542.0000000000
1656 -1541.0000000000
1658 -1539.0000000000
1659 -1537.0000000000
1664 -1536.0000000000
1668 -1535.0000000000
1670 -1532.0000000000
1681 -1531.0000000000
1683 -1530.0000000000
1684 -1529.0000000000
1687 -1528.0000000000
1690 -1527.0000000000
1695 -1526.0000000000
1709 -1525.0000000000
1711 -1524.0000000000
1721 -1523.0000000000
1722 -1522.0000000000
1730 -1521.0000000000
1733 -1519.0000000000
1736 -1518.0000000000
1737 -1517.0000000000
1739 -1515.0000000000
1750 -1513.0000000000
1752 -1512.0000000000
1755 -1510.0000000000
1759 -1509.0000000000
1760 -1508.0000000000
1761 -1507.0000000000
1763 -1506.0000000000
1766 -1505.0000000000
1767 -1504.0000000000
1769 -1503.0000000000
1770 -1501.0000000000
1778 -1500.0000000000
1779 -1499.0000000000
1786 -1497.0000000000
1788 -1496.0000000000
1789 -1495.0000000000
1799 -1493.0000000000
1801 -1490.0000000000
1802 -1488.0000000000
1804 -1487.0000000000
1811 -1486.0000000000
1813 -1485.0000000000
1820 -1484.0000000000
1823 -1483.0000000000
1833 -1482.0000000000
1851 -1480.0000000000
1855 -1479.0000000000
1858 -1478.0000000000
1860 -1477.0000000000
1861 -1476.0000000000
1871 -1475.0000000000
1882 -1473.0000000000
1909 -1472.0000000000
1911 -1471.0000000000
1920 -1470.0000000000
1924 -1469.0000000000
1928 -1468.0000000000
1938 -1466.0000000000
1947 -1465.0000000000
1948 -1464.0000000000
1958 -1463.0000000000
1959 -1462.0000000000
1960 -1461.0000000000
1963 -1460.0000000000
1969 -1459.0000000000
1972 -1458.0000000000
1982 -1457.0000000000
1984 -1456.0000000000
1996 -1455.0000000000
1999 -1454.0000000000
2005 -1453.0000000000
2025 -1452.0000000000
2035 -1451.0000000000
2036 -1450.0000000000
2038 -1448.0000000000
2045 -1447.0000000000
2056 -1446.0000000000
2057 -1445.0000000000
2061 -1444.0000000000
2071 -1442.0000000000
2078 -1441.0000000000
2081 -1440.0000000000
2083 -1439.0000000000
2088 -1438.0000000000
2096 -1437.0000000000
2099 -1436.0000000000
2102 -1435.0000000000
2103 -1434.0000000000
2104 -1433.0000000000
2105 -1431.0000000000
2111 -1430.0000000000
2113 -1429.0000000000
2117 -1428.0000000000
2124 -1427.0000000000
2125 -1426.0000000000
2132 -1425.0000000000
2147 -1423.0000000000
2154 -1422.0000000000
2155 -1421.0000000000
2157 -1418.0000000000
2166 -1417.0000000000
2170 -1416.0000000000
2179 -1414.0000000000
2180 -1412.0000000000
2188 -1411.0000000000
2196 -1410.0000000000
2198 -1409.0000000000
2204 -1408.0000000000
2207 -1406.0000000000
2210 -1405.0000000000
2221 -1404.0000000000
2231 -1403.0000000000
2243 -1402.0000000000
2245 -1401.0000000000
2249 -1400.0000000000
2258 -1399.0000000000
2260 -1398.0000000000
2262 -1397.0000000000
2263 -1396.0000000000
2280 -1395.0000000000
2298 -1394.0000000000
2321 -1393.0000000000
2335 -1392.0000000000
2350 -1390.0000000000
2352 -1389.0000000000
2359 -1387.0000000000
2361 -1386.0000000000
2365 -1385.0000000000
2369 -1384.0000000000
2372 -1383.0000000000
2377 -1381.0000000000
2404 -1380.0000000000
2405 -1379.0000000000
2410 -1378.0000000000
2412 -1377.0000000000
2420 -1376.0000000000
2435 -1375.0000000000
2437 -1374.0000000000
2443 -1373.0000000000
2445 -1372.0000000000
2447 -1371.0000000000
2457 -1370.0000000000
2470 -1369.0000000000
2472 -1368.0000000000
2474 -1367.0000000000
2475 -1366.0000000000
2484 -1364.0000000000
2501 -1363.0000000000
2520 -1362.0000000000
2527 -1361.0000000000
2549 -1360.0000000000
2552 -1359.0000000000
2562 -1358.0000000000
2578 -1357.0000000000
2586 -1356.0000000000
2588 -1355.0000000000
2594 -1354.0000000000
2595 -1353.0000000000
2596 -1350.0000000000
2601 -1349.0000000000
2608 -1347.0000000000
2611 -1346.0000000000
2642 -1344.0000000000
2644 -1343.0000000000
2648 -1342.0000000000
2663 -1341.0000000000
2665 -1340.0000000000
2666 -1338.0000000000
2668 -1337.0000000000
2671 -1336.0000000000
2679 -1335.0000000000
2683 -1333.0000000000
2687 -1331.0000000000
2689 -1330.0000000000
2697 -1329.0000000000
2707 -1328.0000000000
2721 -1327.0000000000
2728 -1326.0000000000
2729 -1325.0000000000
2732 -1323.0000000000
2737 -1322.0000000000
2739 -1321.0000000000
2756 -1320.0000000000
2763 -1319.0000000000
2774 -1318.0000000000
2777 -1317.0000000000
2786 -1316.0000000000
2787 -1315.0000000000
2791 -1314.0000000000
2792 -1313.0000000000
2804 -1312.0000000000
2805 -1309.0000000000
2810 -1308.0000000000
2815 -1305.0000000000
2821 -1303.0000000000
2823 -1302.0000000000
2824 -1301.0000000000
2826 -1300.0000000000
2835 -1298.0000000000
2841 -1297.0000000000
2844 -1293.0000000000
2845 -1292.0000000000
2861 -1291.0000000000
2868 -1289.0000000000
2870 -1288.0000000000
2871 -1287.0000000000
2880 -1286.0000000000
2883 -1284.0000000000
2912 -1283.0000000000
2918 -1282.0000000000
2933 -1281.0000000000
2935 -1280.0000000000
2947 -1279.0000000000
2960 -1278.0000000000
2964 -1277.0000000000
2968 -1276.0000000000
2970 -1275.0000000000
2974 -1274.0000000000
2980 -1273.0000000000
2997 -1270.0000000000
3005 -1269.0000000000
3006 -1268.0000000000
3014 -1267.0000000000
3015 -1266.0000000000
3017 -1265.0000000000
3018 -1264.0000000000
3031 -1263.0000000000
3034 -1261.0000000000
3035 -1260.0000000000
3039 -1259.0000000000
3040 -1258.0000000000
3044 -1256.0000000000
3056 -1255.0000000000
3067 -1254.0000000000
3077 -1253.0000000000
3087 -1251.0000000000
3089 -1250.0000000000
3095 -1249.0000000000
3103 -1248.0000000000
3116 -1247.0000000000
3122 -1246.0000000000
3125 -1245.0000000000
3137 -1244.0000000000
3142 -1243.0000000000
3149 -1242.0000000000
3160 -1241.0000000000
3166 -1240.0000000000
3169 -1239.0000000000
3172 -1238.0000000000
3176 -1237.0000000000
3178 -1236.0000000000
3181 -1235.0000000000
3182 -1234.0000000000
3185 -1233.0000000000
3186 -1232.0000000000
3188 -1231.0000000000
3190 -1230.0000000000
3193 -1229.0000000000
3203 -1228.0000000000
3204 -1227.0000000000
3229 -1225.0000000000
3230 -1224.0000000000
3239 -1223.0000000000
3244 -1222.0000000000
3249 -1221.0000000000
3264 -1220.0000000000
3273 -1218.0000000000
3282 -1217.0000000000
3285 -1216.0000000000
3297 -1215.0000000000
3306 -1214.0000000000
3309 -1213.0000000000
3329 -1212.0000000000
3333 -1211.0000000000
3338 -1210.0000000000
3354 -1208.0000000000
3357 -1207.0000000000
3364 -1206.0000000000
3366 -1205.0000000000
3368 -1204.0000000000
3378 -1203.0000000000
3380 -1202.0000000000
3381 -1200.0000000000
3396 -1199.0000000000
3398 -1198.0000000000
3410 -1197.0000000000
3416 -1196.0000000000
3418 -1195.0000000000
3422 -1194.0000000000
3427 -1193.0000000000
3439 -1192.0000000000
3440 -1191.0000000000
3446 -1190.0000000000
3448 -1189.0000000000
3453 -1187.0000000000
3459 -1186.0000000000
3462 -1185.0000000000
3464 -1184.0000000000
3476 -1183.0000000000
3478 -1181.0000000000
3481 -1180.0000000000
3487 -1179.0000000000
3507 -1178.0000000000
3514 -1177.0000000000
3516 -1176.0000000000
3523 -1175.0000000000
3530 -1173.0000000000
3531 -1171.0000000000
3533 -1170.0000000000
3539 -1169.0000000000
3548 -1168.0000000000
3555 -1167.0000000000
3558 -1166.0000000000
3573 -1165.0000000000
3578 -1164.0000000000
3581 -1163.0000000000
3582 -1162.0000000000
3586 -1161.0000000000
3596 -1160.0000000000
3608 -1159.0000000000
3618 -1158.0000000000
3635 -1156.0000000000
3642 -1155.0000000000
3644 -1153.0000000000
3646 -1152.0000000000
3652 -1151.0000000000
3658 -1150.0000000000
3666 -1149.0000000000
3668 -1148.0000000000
3671 -1147.0000000000
3673 -1146.0000000000
3674 -1145.0000000000
3684 -1144.0000000000
3687 -1143.0000000000
3695 -1142.0000000000
3698 -1141.0000000000
3706 -1140.0000000000
3723 -1139.0000000000
3729 -1138.0000000000
3738 -1137.0000000000
3743 -1136.0000000000
3759 -1135.0000000000
3760 -1134.0000000000
3765 -1132.0000000000
3770 -1131.0000000000
3792 -1130.0000000000
3793 -1129.0000000000
3806 -1127.0000000000
3826 -1126.0000000000
3830 -1125.0000000000
3833 -1124.0000000000
3838 -1122.0000000000
3850 -1121.0000000000
3857 -1120.0000000000
3859 -1119.0000000000
3865 -1118.0000000000
3868 -1117.0000000000
3870 -1116.0000000000
3877 -1115.0000000000
3882 -1114.0000000000
3892 -1113.0000000000
3893 -1112.0000000000
3894 -1111.0000000000
3910 -1110.0000000000
3925 -1109.0000000000
3927 -1108.0000000000
3942 -1107.0000000000
3943 -1106.0000000000
3946 -1104.0000000000
3958 -1103.0000000000
3971 -1102.0000000000
3972 -1100.0000000000
3973 -1099.0000000000
3978 -1097.0000000000
3983 -1096.0000000000
3996 -1095.0000000000
4004 -1094.0000000000
4006 -1093.0000000000
4015 -1092.0000000000
4018 -1091.0000000000
4044 -1090.0000000000
4050 -1089.0000000000
4055 -1085.0000000000
4075 -1084.0000000000
4078 -1083.0000000000
4100 -1082.0000000000
4102 -1081.0000000000
4109 -1080.0000000000
4111 -1079.0000000000
4128 -1078.0000000000
4139 -1077.0000000000
4142 -1076.0000000000
4145 -1075.0000000000
4151 -1074.0000000000
4154 -1073.0000000000
4157 -1072.0000000000
4165 -1071.0000000000
4168 -1070.0000000000
4196 -1069.0000000000
4198 -1068.0000000000
4201 -1067.0000000000
4208 -1066.0000000000
4212 -1065.0000000000
4221 -1064.0000000000
4233 -1063.0000000000
4236 -1062.0000000000
4237 -1061.0000000000
4240 -1060.0000000000
4255 -1058.0000000000
4260 -1057.0000000000
4261 -1055.0000000000
4278 -1053.0000000000
4289 -1052.0000000000
4298 -1051.0000000000
4314 -1050.0000000000
4316 -1049.0000000000
4326 -1048.0000000000
4328 -1047.0000000000
4338 -1045.0000000000
4360 -1044.0000000000
4361 -1043.0000000000
4364 -1042.0000000000
4366 -1041.0000000000
4377 -1040.0000000000
4381 -1039.0000000000
4402 -1038.0000000000
4403 -1037.0000000000
4417 -1036.0000000000
4418 -1035.0000000000
4427 -1034.0000000000
4430 -1033.0000000000
4433 -1032.0000000000
4439 -1031.0000000000
4441 -1030.0000000000
4449 -1029.0000000000
4456 -1028.0000000000
4458 -1027.0000000000
4466 -1026.0000000000
4467 -1025.0000000000
4473 -1024.0000000000
4475 -1022.0000000000
4496 -1021.0000000000
4503 -1020.0000000000
4515 -1019.0000000000
4519 -1017.0000000000
4540 -1016.0000000000
4541 -1015.0000000000
4573 -1014.0000000000
4586 -1013.0000000000
4588 -1012.0000000000
4591 -1011.0000000000
4592 -1010.0000000000
4595 -1009.0000000000
4598 -1008.0000000000
4599 -1007.0000000000
4608 -1006.0000000000
4610 -1004.0000000000
4622 -1003.0000000000
4629 -1001.0000000000
4630 -1000.0000000000
4645 -999.0000000000
4654 -998.0000000000
4655 -997.0000000000
4659 -995.0000000000
4663 -994.0000000000
4665 -993.0000000000
4669 -991.0000000000
4670 -990.0000000000
4672 -989.0000000000
4675 -988.0000000000
4719 -987.0000000000
4720 -986.0000000000
4727 -985.0000000000
4734 -984.0000000000
4742 -983.0000000000
4746 -982.0000000000
4773 -980.0000000000
4807 -979.0000000000
4810 -978.0000000000
4831 -977.0000000000
4835 -976.0000000000
4854 -975.0000000000
4863 -974.0000000000
4868 -973.0000000000
4875 -972.0000000000
4876 -971.0000000000
4878 -970.0000000000
4920 -967.0000000000
4922 -966.0000000000
4930 -965.0000000000
4934 -964.0000000000
4940 -963.0000000000
4946 -962.0000000000
4956 -959.0000000000
4988 -958.0000000000
4989 -957.0000000000
4991 -956.0000000000
4998 -955.0000000000
5012 -954.0000000000
5027 -953.0000000000
5035 -952.0000000000
5036 -951.0000000000
5040 -950.0000000000
5046 -949.0000000000
5051 -948.0000000000
5069 -946.0000000000
5070 -945.0000000000
5087 -944.0000000000
5092 -942.0000000000
5104 -939.0000000000
5117 -938.0000000000
5130 -937.0000000000
5151 -936.0000000000
5157 -935.0000000000
5193 -934.0000000000
5196 -933.0000000000
5216 -932.0000000000
5218 -931.0000000000
5222 -930.0000000000
5232 -929.0000000000
5243 -928.0000000000
5247 -927.0000000000
5249 -926.0000000000
5258 -925.0000000000
5263 -924.0000000000
5273 -923.0000000000
5275 -921.0000000000
5279 -920.0000000000
5285 -919.0000000000
5286 -918.0000000000
5297 -917.0000000000
5314 -916.0000000000
5317 -915.0000000000
5328 -914.0000000000
5337 -913.0000000000
5346 -912.0000000000
5354 -911.0000000000
5355 -910.0000000000
5356 -909.0000000000
5363 -908.0000000000
5377 -907.0000000000
5382 -906.0000000000
5384 -905.0000000000
5393 -904.0000000000
5408 -903.0000000000
5437 -902.0000000000
5446 -901.0000000000
5463 -900.0000000000
5468 -899.0000000000
5480 -898.0000000000
5487 -896.0000000000
5513 -894.0000000000
5534 -893.0000000000
5557 -892.0000000000
5558 -891.0000000000
5560 -890.0000000000
5570 -889.0000000000
5575 -887.0000000000
5581 -886.0000000000
5583 -885.0000000000
5588 -884.0000000000
5596 -883.0000000000
5604 -882.0000000000
5615 -881.0000000000
5676 -880.0000000000
5692 -878.0000000000
5693 -877.0000000000
5706 -876.0000000000
5707 -875.0000000000
5708 -873.0000000000
5722 -872.0000000000
5726 -871.0000000000
5739 -870.0000000000
5742 -869.0000000000
5751 -868.0000000000
5763 -867.0000000000
5779 -866.0000000000
5795 -865.0000000000
5827 -864.0000000000
5864 -863.0000000000
5865 -862.0000000000
5866 -861.0000000000
5873 -860.0000000000
5885 -858.0000000000
5893 -857.0000000000
5899 -855.0000000000
5909 -853.0000000000
5944 -852.0000000000
5945 -851.0000000000
5949 -850.0000000000
5950 -849.0000000000
5955 -848.0000000000
5957 -847.0000000000
5996 -846.0000000000
6002 -845.0000000000
6023 -844.0000000000
6031 -843.0000000000
6050 -842.0000000000
6072 -841.0000000000
6077 -840.0000000000
6082 -839.0000000000
6102 -838.0000000000
6105 -837.0000000000
6112 -836.0000000000
6115 -835.0000000000
6118 -833.0000000000
6131 -832.0000000000
6137 -831.0000000000
6139 -830.0000000000
6147 -829.0000000000
6154 -828.0000000000
6159 -827.0000000000
6167 -826.0000000000
6185 -825.0000000000
6195 -824.0000000000
6213 -823.0000000000
6216 -822.0000000000
6229 -821.0000000000
6244 -820.0000000000
6258 -819.0000000000
6269 -818.0000000000
6277 -817.0000000000
6278 -816.0000000000
6279 -815.0000000000
6293 -814.0000000000
6300 -813.0000000000
6312 -812.0000000000
6320 -811.0000000000
6321 -810.0000000000
6360 -809.0000000000
6363 -808.0000000000
6380 -807.0000000000
6381 -806.0000000000
6404 -805.0000000000
6407 -803.0000000000
6428 -802.0000000000
6443 -801.0000000000
6453 -800.0000000000
6461 -799.0000000000
6466 -797.0000000000
6493 -796.0000000000
6497 -795.0000000000
6510 -794.0000000000
6526 -792.0000000000
6528 -791.0000000000
6537 -790.0000000000
6554 -789.0000000000
6555 -788.0000000000
6558 -787.0000000000
6573 -786.0000000000
6611 -785.0000000000
6634 -784.0000000000
6641 -782.0000000000
6670 -781.0000000000
6673 -779.0000000000
6687 -778.0000000000
6706 -777.0000000000
6715 -776.0000000000
6777 -775.0000000000
6779 -773.0000000000
6789 -772.0000000000
6791 -771.0000000000
6797 -770.0000000000
6809 -768.0000000000
6811 -766.0000000000
6822 -765.0000000000
6832 -763.0000000000
6870 -762.0000000000
6876 -761.0000000000
6884 -760.0000000000
6885 -759.0000000000
6886 -758.0000000000
6889 -757.0000000000
6903 -756.0000000000
6921 -755.0000000000
6926 -754.0000000000
6943 -753.0000000000
6959 -751.0000000000
6960 -750.0000000000
6999 -748.0000000000
7001 -747.0000000000
7008 -746.0000000000
7010 -745.0000000000
7015 -744.0000000000
7042 -743.0000000000
7084 -741.0000000000
7104 -740.0000000000
7114 -739.0000000000
7116 -738.0000000000
7119 -737.0000000000
7153 -736.0000000000
7162 -735.0000000000
7172 -734.0000000000
7201 -733.0000000000
7223 -732.0000000000
7225 -731.0000000000
7226 -729.0000000000
7242 -727.0000000000
7249 -726.0000000000
7264 -725.0000000000
7275 -724.0000000000
7278 -723.0000000000
7295 -722.0000000000
7297 -721.0000000000
7303 -720.0000000000
7306 -718.0000000000
7320 -717.0000000000
7324 -716.0000000000
7344 -715.0000000000
7368 -714.0000000000
7372 -712.0000000000
7373 -711.0000000000
7388 -710.0000000000
7417 -709.0000000000
7423 -708.0000000000
7431 -707.0000000000
7432 -706.0000000000
7439 -705.0000000000
7458 -704.0000000000
7464 -703.0000000000
7473 -702.0000000000
7478 -701.0000000000
7479 -700.0000000000
7483 -699.0000000000
7486 -698.0000000000
7517 -697.0000000000
7525 -696.0000000000
7542 -695.0000000000
7548 -694.0000000000
7556 -693.0000000000
7558 -692.0000000000
7566 -691.0000000000
7569 -690.0000000000
7585 -689.0000000000
7588 -688.0000000000
7609 -687.0000000000
7632 -686.0000000000
7693 -685.0000000000
7704 -684.0000000000
7728 -683.0000000000
7766 -682.0000000000
7786 -680.0000000000
7839 -679.0000000000
7845 -677.0000000000
7872 -676.0000000000
7887 -675.0000000000
7891 -674.0000000000
7910 -673.0000000000
7911 -672.0000000000
7929 -671.0000000000
7966 -670.0000000000
7971 -669.0000000000
7993 -668.0000000000
7995 -667.0000000000
8001 -666.0000000000
8018 -665.0000000000
8039 -664.0000000000
8066 -663.0000000000
8067 -662.0000000000
8070 -661.0000000000
8082 -660.0000000000
8099 -659.0000000000
8121 -658.0000000000
8126 -657.0000000000
8141 -656.0000000000
8145 -655.0000000000
8146 -653.0000000000
8153 -652.0000000000
8164 -651.0000000000
8169 -650.0000000000
8179 -649.0000000000
8183 -648.0000000000
8187 -647.0000000000
8189 -646.0000000000
8207 -645.0000000000
8227 -644.0000000000
8275 -643.0000000000
8281 -642.0000000000
8288 -641.0000000000
8303 -640.0000000000
8310 -639.0000000000
8313 -638.0000000000
8330 -637.0000000000
8333 -636.0000000000
8340 -635.0000000000
8358 -634.0000000000
8362 -633.0000000000
8382 -632.0000000000
8396 -631.0000000000
8438 -630.0000000000
8455 -629.0000000000
8462 -627.0000000000
8487 -626.0000000000
8494 -625.0000000000
8496 -624.0000000000
8514 -623.0000000000
8522 -621.0000000000
8569 -620.0000000000
8570 -619.0000000000
8614 -618.0000000000
8618 -617.0000000000
8623 -616.0000000000
8626 -615.0000000000
8633 -614.0000000000
8639 -613.0000000000
8640 -612.0000000000
8657 -611.0000000000
8663 -610.0000000000
8673 -609.0000000000
8675 -608.0000000000
8698 -607.0000000000
8712 -606.0000000000
8743 -605.0000000000
8746 -604.0000000000
8753 -603.0000000000
8760 -602.0000000000
8814 -601.0000000000
8819 -600.0000000000
8827 -599.0000000000
8831 -598.0000000000
8863 -597.0000000000
8872 -596.0000000000
8919 -594.0000000000
8921 -593.0000000000
8930 -591.0000000000
8982 -590.0000000000
8988 -589.0000000000
9006 -588.0000000000
9018 -587.0000000000
9023 -586.0000000000
9026 -585.0000000000
9027 -584.0000000000
9074 -583.0000000000
9081 -582.0000000000
9131 -581.0000000000
9133 -580.0000000000
9136 -579.0000000000
9138 -578.0000000000
9149 -577.0000000000
9151 -576.0000000000
9161 -575.0000000000
9170 -574.0000000000
9219 -573.0000000000
9232 -572.0000000000
9242 -571.0000000000
9243 -570.0000000000
9244 -569.0000000000
9245 -568.0000000000
9258 -567.0000000000
9322 -566.0000000000
9343 -565.0000000000
9372 -564.0000000000
9394 -562.0000000000
9416 -561.0000000000
9424 -560.0000000000
9440 -558.0000000000
9461 -557.0000000000
9465 -556.0000000000
9467 -555.0000000000
9473 -554.0000000000
9475 -553.0000000000
9476 -552.0000000000
9493 -551.0000000000
9501 -550.0000000000
9511 -549.0000000000
9515 -548.0000000000
9528 -547.0000000000
9568 -546.0000000000
9576 -545.0000000000
9578 -544.0000000000
9585 -543.0000000000
9597 -542.0000000000
9617 -541.0000000000
9624 -540.0000000000
9630 -539.0000000000
9639 -538.0000000000
9663 -537.0000000000
9695 -536.0000000000
9700 -535.0000000000
9706 -534.0000000000
9728 -533.0000000000
9743 -532.0000000000
9747 -531.0000000000
9830 -530.0000000000
9842 -529.0000000000
9859 -528.0000000000
9867 -527.0000000000
9879 -526.0000000000
9886 -525.0000000000
9889 -524.0000000000
9906 -523.0000000000
9980 -522.0000000000
9987 -521.0000000000
10000 -521.0000000000
evaluations raw_y
1 -1977.0000000000
4 -1976.0000000000
8 -1973.0000000000
9 -1972.0000000000
14 -1971.0000000000
21 -1970.0000000000
22 -1969.0000000000
26 -1968.0000000000
33 -1966.0000000000
36 -1965.0000000000
40 -1964.0000000000
50 -1963.0000000000
51 -1961.0000000000
54 -1959.0000000000
61 -1958.0000000000
67 -1957.0000000000
70 -1956.0000000000
73 -1955.0000000000
78 -1954.0000000000
80 -1953.0000000000
88 -1952.0000000000
90 -1951.0000000000
92 -1948.0000000000
94 -1947.0000000000
95 -1946.0000000000
99 -1945.0000000000
112 -1944.0000000000
113 -1943.0000000000
118 -1941.0000000000
124 -1939.0000000000
133 -1937.0000000000
136 -1936.0000000000
139 -1934.0000000000
144 -1933.0000000000
146 -1931.0000000000
149 -1930.0000000000
150 -1929.0000000000
151 -1928.0000000000
152 -1927.0000000000
153 -1926.0000000000
156 -1925.0000000000
162 -1924.0000000000
166 -1923.0000000000
171 -1922.0000000000
173 -1921.0000000000
181 -1920.0000000000
185 -1919.0000000000
186 -1917.0000000000
194 -1915.0000000000
197 -1914.0000000000
207 -1913.0000000000
217 -1912.0000000000
221 -1911.0000000000
229 -1910.0000000000
231 -1908.0000000000
235 -1907.0000000000
237 -1905.0000000000
242 -1903.0000000000
246 -1902.0000000000
254 -1901.0000000000
263 -1900.0000000000
264 -1899.0000000000
273 -1897.0000000000
285 -1896.0000000000
286 -1895.0000000000
288 -1894.0000000000
292 -1893.0000000000
295 -1892.0000000000
296 -1891.0000000000
297 -1890.0000000000
311 -1889.0000000000
312 -1888.0000000000
324 -1887.0000000000
326 -1886.0000000000
327 -1885.0000000000
328 -1884.0000000000
330 -1882.0000000000
331 -1881.0000000000
332 -1880.0000000000
334 -1879.0000000000
338 -1878.0000000000
341 -1877.0000000000
343 -1876.0000000000
344 -1875.0000000000
347 -1874.0000000000
352 -1873.0000000000
358 -1872.0000000000
359 -1871.0000000000
362 -1870.0000000000
363 -1869.0000000000
366 -1868.0000000000
368 -1866.0000000000
373 -1865.0000000000
375 -1863.0000000000
382 -1861.0000000000
386 -1860.0000000000
387 -1858.0000000000
395 -1857.0000000000
397 -1856.0000000000
410 -1855.0000000000
418 -1854.0000000000
419 -1852.0000000000
420 -1851.0000000000
421 -1850.0000000000
425 -1849.0000000000
426 -1848.0000000000
429 -1845.0000000000
439 -1843.0000000000
442 -1842.0000000000
445 -1841.0000000000
452 -1840.0000000000
463 -1839.0000000000
467 -1838.0000000000
469 -1835.0000000000
470 -1834.0000000000
473 -1833.0000000000
475 -1831.0000000000
484 -1829.0000000000
486 -1827.0000000000
489 -1826.0000000000
492 -1825.0000000000
497 -1823.0000000000
498 -1822.0000000000
506 -1821.0000000000
507 -1820.0000000000
509 -1818.0000000000
515 -1817.0000000000
525 -1816.0000000000
528 -1815.0000000000
532 -1814.0000000000
534 -1813.0000000000
535 -1812.0000000000
536 -1811.0000000000
537 -1810.0000000000
539 -1808.0000000000
544 -1807.0000000000
545 -1806.0000000000
547 -1805.0000000000
552 -1803.0000000000
555 -1802.0000000000
575 -1800.0000000000
579 -1799.0000000000
583 -1798.0000000000
586 -1797.0000000000
588 -1795.0000000000
594 -1794.0000000000
598 -1793.0000000000
600 -1791.0000000000
612 -1789.0000000000
627 -1788.0000000000
628 -1787.0000000000
640 -1786.0000000000
641 -1785.0000000000
646 -1784.0000000000
649 -1783.0000000000
652 -1782.0000000000
654 -1781.0000000000
655 -1780.0000000000
658 -1779.0000000000
660 -1778.0000000000
661 -1777.0000000000
665 -1776.0000000000
673 -1775.0000000000
677 -1774.0000000000
681 -1773.0000000000
683 -1771.0000000000
685 -1770.0000000000
691 -1768.0000000000
692 -1767.0000000000
704 -1766.0000000000
705 -1763.0000000000
708 -1762.0000000000
716 -1761.0000000000
718 -1759.0000000000
723 -1758.0000000000
727 -1757.0000000000
732 -1756.0000000000
734 -1755.0000000000
742 -1754.0000000000
745 -1753.0000000000
754 -1752.0000000000
758 -1751.0000000000
762 -1749.0000000000
767 -1748.0000000000
769 -1746.0000000000
771 -1745.0000000000
773 -1744.0000000000
776 -1743.0000000000
778 -1742.0000000000
781 -1741.0000000000
788 -1740.0000000000
789 -1739.0000000000
790 -1737.0000000000
796 -1736.0000000000
808 -1735.0000000000
834 -1734.0000000000
835 -1733.0000000000
838 -1732.0000000000
843 -1730.0000000000
856 -1729.0000000000
859 -1728.0000000000
862 -1727.0000000000
867 -1726.0000000000
871 -1724.0000000000
877 -1723.0000000000
883 -1722.0000000000
885 -1721.0000000000
894 -1720.0000000000
897 -1718.0000000000
899 -1717.0000000000
901 -1716.0000000000
902 -1715.0000000000
905 -1713.0000000000
908 -1712.0000000000
918 -1708.0000000000
927 -1707.0000000000
936 -1706.0000000000
940 -1705.0000000000
944 -1704.0000000000
946 -1702.0000000000
950 -1700.0000000000
951 -1699.0000000000
960 -1698.0000000000
963 -1696.0000000000
980 -1695.0000000000
985 -1694.0000000000
992 -1692.0000000000
995 -1689.0000000000
998 -1688.0000000000
1000 -1687.0000000000
1012 -1686.0000000000
1019 -1685.0000000000
1020 -1684.0000000000
1024 -1683.0000000000
1025 -1679.0000000000
1029 -1678.0000000000
1041 -1677.0000000000
1042 -1676.0000000000
1048 -1675.0000000000
1049 -1674.0000000000
1056 -1673.0000000000
1061 -1672.0000000000
1064 -1670.0000000000
1067 -1669.0000000000
1068 -1668.0000000000
1075 -1667.0000000000
1081 -1666.0000000000
1091 -1665.0000000000
1093 -1663.0000000000
1101 -1661.0000000000
1102 -1660.0000000000
1105 -1659.0000000000
1109 -1658.0000000000
1118 -1657.0000000000
1122 -1655.0000000000
1125 -1653.0000000000
1127 -1652.0000000000
1128 -1650.0000000000
1129 -1648.0000000000
1132 -1647.0000000000
1133 -1646.0000000000
1134 -1644.0000000000
1136 -1643.0000000000
1139 -1641.0000000000
1150 -1639.0000000000
1151 -1638.0000000000
1154 -1637.0000000000
1155 -1635.0000000000
1156 -1634.0000000000
1163 -1633.0000000000
1169 -1631.0000000000
1175 -1630.0000000000
1176 -1629.0000000000
1180 -1627.0000000000
1184 -1626.0000000000
1187 -1624.0000000000
1190 -1622.0000000000
1201 -1621.0000000000
1222 -1620.0000000000
1232 -1619.0000000000
1245 -1618.0000000000
1249 -1617.0000000000
1252 -1616.0000000000
1257 -1615.0000000000
1258 -1614.0000000000
1260 -1613.0000000000
1261 -1612.0000000000
1263 -1611.0000000000
1266 -1610.0000000000
1267 -1609.0000000000
1270 -1608.0000000000
1273 -1607.0000000000
1274 -1606.0000000000
1277 -1605.0000000000
1284 -1604.0000000000
1285 -1603.0000000000
1289 -1602.0000000000
1294 -1601.0000000000
1304 -1599.0000000000
1307 -1598.0000000000
1309 -1596.0000000000
1311 -1595.0000000000
1319 -1594.0000000000
1323 -1593.0000000000
1325 -1590.0000000000
1332 -1588.0000000000
1339 -1587.0000000000
1340 -1586.0000000000
1345 -1585.0000000000
1346 -1584.0000000000
1351 -1583.0000000000
1360 -1582.0000000000
1368 -1581.0000000000
1378 -1580.0000000000
1380 -1579.0000000000
1381 -1578.0000000000
1391 -1577.0000000000
1394 -1576.0000000000
1397 -1575.0000000000
1401 -1574.0000000000
1403 -1573.0000000000
1407 -1572.0000000000
1419 -1571.0000000000
1425 -1569.0000000000
1431 -1567.0000000000
1432 -1566.0000000000
1435 -1565.0000000000
1437 -1564.0000000000
1440 -1563.0000000000
1444 -1562.0000000000
1447 -1561.0000000000
1448 -1559.0000000000
1452 -1558.0000000000
1455 -1557.0000000000
1460 -1556.0000000000
1461 -1555.0000000000
1475 -1554.0000000000
1477 -1553.0000000000
1483 -1551.0000000000
1488 -1549.0000000000
1489 -1548.0000000000
1490 -1547.0000000000
1504 -1546.0000000000
1508 -1545.0000000000
1510 -1544.0000000000
1511 -1542.0000000000
1512 -1541.0000000000
1516 -1539.0000000000
1520 -1538.0000000000
1523 -1537.0000000000
1526 -1536.0000000000
1527 -1535.0000000000
1529 -1534.0000000000
1530 -1533.0000000000
1539 -1532.0000000000
1540 -1531.0000000000
1541 -1529.0000000000
1546 -1527.0000000000
1557 -1526.0000000000
1558 -1525.0000000000
1560 -1523.0000000000
1565 -1522.0000000000
1567 -1521.0000000000
1572 -1518.0000000000
1586 -1517.0000000000
1587 -1516.0000000000
1589 -1514.0000000000
1600 -1512.0000000000
1604 -1511.0000000000
1606 -1510.0000000000
1618 -1508.0000000000
1634 -1507.0000000000
1636 -1506.0000000000
1637 -1504.0000000000
1639 -1503.0000000000
1641 -1502.0000000000
1656 -1501.0000000000
1667 -1500.0000000000
1681 -1499.0000000000
1686 -1498.0000000000
1701 -1497.0000000000
1706 -1496.0000000000
1709 -1495.0000000000
1714 -1494.0000000000
1715 -1493.0000000000
1732 -1492.0000000000
1743 -1491.0000000000
1744 -1490.0000000000
1759 -1488.0000000000
1770 -1487.0000000000
1781 -1486.0000000000
1783 -1485.0000000000
1788 -1484.0000000000
1796 -1482.0000000000
1799 -1481.0000000000
1808 -1479.0000000000
1810 -1478.0000000000
1814 -1477.0000000000
1821 -1475.0000000000
1828 -1473.0000000000
1830 -1472.0000000000
1832 -1471.0000000000
1840 -1470.0000000000
1844 -1469.0000000000
1847 -1468.0000000000
1860 -1467.0000000000
1866 -1465.0000000000
1868 -1464.0000000000
1876 -1463.0000000000
1881 -1462.0000000000
1899 -1461.0000000000
1900 -1460.0000000000
1904 -1459.0000000000
1908 -1458.0000000000
1915 -1457.0000000000
1916 -1456.0000000000
1918 -1455.0000000000
1931 -1454.0000000000
1936 -1452.0000000000
1939 -1451.0000000000
1946 -1450.0000000000
1951 -1449.0000000000
1955 -1448.0000000000
1962 -1447.0000000000
1966 -1446.0000000000
1974 -1445.0000000000
1975 -1444.0000000000
1977 -1443.0000000000
1979 -1442.0000000000
1983 -1441.0000000000
1984 -1440.0000000000
1985 -1439.0000000000
2007 -1438.0000000000
2012 -1437.0000000000
2017 -1435.0000000000
2028 -1434.0000000000
2046 -1433.0000000000
2047 -1432.0000000000
2054 -1431.0000000000
2056 -1430.0000000000
2062 -1429.0000000000
2064 -1428.0000000000
2065 -1427.0000000000
2067 -1426.0000000000
2070 -1424.0000000000
2081 -1423.0000000000
2083 -1422.0000000000
2101 -1421.0000000000
2105 -1420.0000000000
2117 -1419.0000000000
2122 -1418.0000000000
2124 -1417.0000000000
2128 -1416.0000000000
2131 -1415.0000000000
2132 -1413.0000000000
2164 -1412.0000000000
2172 -1411.0000000000
2176 -1410.0000000000
2181 -1409.0000000000
2183 -1408.0000000000
2187 -1407.0000000000
2190 -1406.0000000000
2196 -1405.0000000000
2197 -1404.0000000000
2199 -1403.0000000000
2202 -1402.0000000000
2205 -1401.0000000000
2207 -1400.0000000000
2213 -1399.0000000000
2230 -1398.0000000000
2233 -1397.0000000000
2234 -1395.0000000000
2237 -1394.0000000000
2243 -1393.0000000000
2255 -1392.0000000000
2264 -1391.0000000000
2267 -1389.0000000000
2272 -1387.0000000000
2277 -1386.0000000000
2278 -1385.0000000000
2280 -1384.0000000000
2281 -1383.0000000000
2285 -1382.0000000000
2286 -1381.0000000000
2293 -1380.0000000000
2312 -1379.0000000000
2315 -1378.0000000000
2316 -1377.0000000000
2323 -1376.0000000000
2330 -1375.0000000000
2344 -1374.0000000000
2349 -1373.0000000000
2352 -1372.0000000000
2355 -1371.0000000000
2369 -1370.0000000000
2371 -1369.0000000000
2373 -1368.0000000000
2375 -1367.0000000000
2385 -1366.0000000000
2393 -1365.0000000000
2412 -1364.0000000000
2420 -1363.0000000000
2429 -1362.0000000000
2444 -1361.0000000000
2454 -1359.0000000000
2455 -1357.0000000000
2457 -1356.0000000000
2461 -1355.0000000000
2470 -1354.0000000000
2479 -1352.0000000000
2498 -1351.0000000000
2507 -1350.0000000000
2522 -1348.0000000000
2526 -1347.0000000000
2528 -1346.0000000000
2530 -1344.0000000000
2536 -1342.0000000000
2540 -1341.0000000000
2543 -1338.0000000000
2549 -1337.0000000000
2551 -1335.0000000000
2559 -1334.0000000000
2565 -1333.0000000000
2580 -1332.0000000000
2584 -1331.0000000000
2599 -1329.0000000000
2600 -1327.0000000000
2604 -1326.0000000000
2617 -1325.0000000000
2619 -1324.0000000000
2620 -1321.0000000000
2623 -1320.0000000000
2624 -1318.0000000000
2625 -1317.0000000000
2627 -1316.0000000000
2637 -1315.0000000000
2639 -1314.0000000000
2641 -1313.0000000000
2644 -1312.0000000000
2652 -1310.0000000000
2678 -1309.0000000000
2681 -1308.0000000000
2693 -1307.0000000000
2695 -1305.0000000000
2702 -1304.0000000000
2717 -1303.0000000000
2728 -1302.0000000000
2730 -1301.0000000000
2736 -1300.0000000000
2744 -1299.0000000000
2749 -1298.0000000000
2798 -1297.0000000000
2799 -1296.0000000000
2812 -1295.0000000000
2819 -1294.0000000000
2827 -1293.0000000000
2838 -1291.0000000000
2839 -1290.0000000000
2840 -1289.0000000000
2847 -1288.0000000000
2851 -1287.0000000000
2866 -1286.0000000000
2878 -1285.0000000000
2891 -1283.0000000000
2898 -1282.0000000000
2914 -1280.0000000000
2924 -1279.0000000000
2933 -1278.0000000000
2948 -1277.0000000000
2953 -1276.0000000000
2954 -1275.0000000000
2961 -1274.0000000000
2967 -1273.0000000000
2971 -1272.0000000000
2974 -1271.0000000000
2975 -1270.0000000000
2977 -1269.0000000000
2978 -1268.0000000000
3000 -1267.0000000000
3002 -1266.0000000000
3003 -1265.0000000000
3034 -1264.0000000000
3035 -1262.0000000000
3055 -1261.0000000000
3062 -1260.0000000000
3063 -1259.0000000000
3066 -1258.0000000000
3068 -1257.0000000000
3079 -1256.0000000000
3096 -1255.0000000000
3101 -1254.0000000000
3108 -1253.0000000000
3112 -1252.0000000000
3113 -1251.0000000000
3117 -1250.0000000000
3126 -1249.0000000000
3129 -1247.0000000000
3132 -1246.0000000000
3139 -1245.0000000000
3153 -1244.0000000000
3155 -1243.0000000000
3158 -1242.0000000000
3167 -1241.0000000000
3171 -1240.0000000000
3184 -1239.0000000000
3187 -1238.0000000000
3199 -1237.0000000000
3201 -1236.0000000000
3206 -1235.0000000000
3210 -1233.0000000000
3213 -1232.0000000000
3251 -1231.0000000000
3254 -1230.0000000000
3272 -1229.0000000000
3273 -1228.0000000000
3277 -1227.0000000000
3283 -1226.0000000000
3285 -1223.0000000000
3292 -1222.0000000000
3298 -1221.0000000000
3302 -1220.0000000000
3310 -1219.0000000000
3316 -1218.0000000000
3317 -1217.0000000000
3322 -1216.0000000000
3331 -1215.0000000000
3335 -1214.0000000000
3373 -1213.0000000000
3376 -1212.0000000000
3381 -1211.0000000000
3386 -1210.0000000000
3412 -1209.0000000000
3414 -1208.0000000000
3422 -1206.0000000000
3425 -1205.0000000000
3427 -1204.0000000000
3437 -1203.0000000000
3444 -1201.0000000000
3447 -1200.0000000000
3448 -1197.0000000000
3452 -1196.0000000000
3453 -1195.0000000000
3464 -1194.0000000000
3470 -1192.0000000000
3471 -1191.0000000000
3474 -1190.0000000000
3483 -1189.0000000000
3494 -1188.0000000000
3499 -1187.0000000000
3511 -1186.0000000000
3514 -1185.0000000000
3532 -1184.0000000000
3534 -1183.0000000000
3540 -1182.0000000000
3555 -1181.0000000000
3573 -1179.0000000000
3574 -1178.0000000000
3575 -1177.0000000000
3579 -1176.0000000000
3584 -1175.0000000000
3591 -1174.0000000000
3592 -1173.0000000000
3594 -1171.0000000000
3595 -1169.0000000000
3597 -1168.0000000000
3599 -1167.0000000000
3601 -1166.0000000000
3603 -1165.0000000000
3608 -1164.0000000000
3611 -1163.0000000000
3624 -1161.0000000000
3627 -1160.0000000000
3649 -1158.0000000000
3654 -1157.0000000000
3655 -1155.0000000000
3662 -1154.0000000000
3663 -1153.0000000000
3670 -1152.0000000000
3678 -1151.0000000000
3681 -1150.0000000000
3684 -1147.0000000000
3693 -1146.0000000000
3703 -1145.0000000000
3707 -1144.0000000000
3709 -1143.0000000000
3719 -1142.0000000000
3720 -1140.0000000000
3722 -1139.0000000000
3734 -1138.0000000000
3736 -1137.0000000000
3741 -1136.0000000000
3758 -1135.0000000000
3761 -1134.0000000000
3767 -1133.0000000000
3772 -1132.0000000000
3778 -1131.0000000000
3779 -1130.0000000000
3781 -1129.0000000000
3787 -1128.0000000000
3788 -1127.0000000000
3797 -1126.0000000000
3800 -1125.0000000000
3804 -1124.0000000000
3816 -1123.0000000000
3820 -1122.0000000000
3845 -1121.0000000000
3853 -1120.0000000000
3856 -1119.0000000000
3870 -1118.0000000000
3879 -1117.0000000000
3892 -1116.0000000000
3894 -1115.0000000000
3906 -1114.0000000000
3909 -1113.0000000000
3912 -1112.0000000000
3922 -1111.0000000000
3932 -1110.0000000000
3934 -1109.0000000000
3948 -1108.0000000000
3963 -1107.0000000000
3965 -1105.0000000000
4000 -1104.0000000000
4001 -1103.0000000000
4006 -1102.0000000000
4013 -1101.0000000000
4025 -1100.0000000000
4031 -1099.0000000000
4041 -1098.0000000000
4046 -1097.0000000000
4051 -1095.0000000000
4061 -1094.0000000000
4062 -1093.0000000000
4085 -1092.0000000000
4090 -1091.0000000000
4096 -1090.0000000000
4107 -1089.0000000000
4108 -1087.0000000000
4129 -1086.0000000000
4133 -1085.0000000000
4138 -1084.0000000000
4148 -1083.0000000000
4152 -1081.0000000000
4161 -1079.0000000000
4162 -1077.0000000000
4176 -1076.0000000000
4179 -1075.0000000000
4184 -1074.0000000000
4199 -1073.0000000000
4200 -1072.0000000000
4206 -1071.0000000000
4214 -1070.0000000000
4216 -1068.0000000000
4221 -1067.0000000000
4233 -1066.0000000000
4240 -1064.0000000000
4241 -1063.0000000000
4255 -1062.0000000000
4261 -1061.0000000000
4267 -1060.0000000000
4270 -1059.0000000000
4272 -1058.0000000000
4276 -1056.0000000000
4277 -1054.0000000000
4278 -1053.0000000000
4302 -1052.0000000000
4304 -1051.0000000000
4308 -1049.0000000000
4316 -1048.0000000000
4317 -1047.0000000000
4318 -1045.0000000000
4344 -1044.0000000000
4346 -1043.0000000000
4351 -1042.0000000000
4352 -1041.0000000000
4371 -1040.0000000000
4379 -1039.0000000000
4388 -1038.0000000000
4414 -1037.0000000000
4438 -1036.0000000000
4447 -1035.0000000000
4451 -1034.0000000000
4454 -1033.0000000000
4458 -1032.0000000000
4464 -1031.0000000000
4472 -1029.0000000000
4478 -1028.0000000000
4485 -1027.0000000000
4488 -1025.0000000000
4493 -1024.0000000000
4507 -1023.0000000000
4512 -1022.0000000000
4532 -1021.0000000000
4538 -1020.0000000000
4540 -1019.0000000000
4542 -1018.0000000000
4543 -1017.0000000000
4551 -1016.0000000000
4564 -1015.0000000000
4566 -1014.0000000000
4576 -1013.0000000000
4580 -1012.0000000000
4598 -1010.0000000000
4599 -1009.0000000000
4607 -1008.0000000000
4609 -1007.0000000000
4613 -1006.0000000000
4621 -1005.0000000000
4624 -1004.0000000000
4626 -1003.0000000000
4628 -1002.0000000000
4630 -1001.0000000000
4642 -1000.0000000000
4649 -999.0000000000
4661 -998.0000000000
4666 -997.0000000000
4668 -996.0000000000
4669 -995.0000000000
4679 -994.0000000000
4681 -992.0000000000
4682 -991.0000000000
4685 -990.0000000000
4691 -989.0000000000
4713 -988.0000000000
4715 -987.0000000000
4716 -986.0000000000
4723 -985.0000000000
4743 -984.0000000000
4745 -983.0000000000
4777 -982.0000000000
4786 -981.0000000000
4788 -980.0000000000
4796 -978.0000000000
4801 -977.0000000000
4807 -975.0000000000
4814 -974.0000000000
4818 -973.0000000000
4819 -972.0000000000
4821 -971.0000000000
4827 -970.0000000000
4839 -969.0000000000
4840 -968.0000000000
4847 -967.0000000000
4848 -966.0000000000
4853 -965.0000000000
4867 -964.0000000000
4875 -963.0000000000
4876 -962.0000000000
4883 -961.0000000000
4889 -959.0000000000
4895 -958.0000000000
4934 -957.0000000000
4941 -956.0000000000
4945 -955.0000000000
4959 -954.0000000000
4966 -952.0000000000
4977 -951.0000000000
4987 -950.0000000000
5008 -949.0000000000
5020 -948.0000000000
5023 -946.0000000000
5037 -945.0000000000
5049 -944.0000000000
5061 -943.0000000000
5070 -942.0000000000
5085 -941.0000000000
5094 -940.0000000000
5108 -939.0000000000
5119 -938.0000000000
5124 -937.0000000000
5127 -936.0000000000
5128 -935.0000000000
5140 -934.0000000000
5142 -933.0000000000
5146 -931.0000000000
5167 -930.0000000000
5194 -929.0000000000
5196 -928.0000000000
5221 -927.0000000000
5242 -926.0000000000
5273 -925.0000000000
5278 -923.0000000000
5286 -922.0000000000
5293 -921.0000000000
5317 -920.0000000000
5325 -919.0000000000
5331 -918.0000000000
5333 -916.0000000000
5343 -915.0000000000
5355 -914.0000000000
5389 -913.0000000000
5396 -912.0000000000
5402 -911.0000000000
5404 -910.0000000000
5408 -909.0000000000
5418 -907.0000000000
5422 -906.0000000000
5423 -905.0000000000
5449 -904.0000000000
5485 -903.0000000000
5487 -902.0000000000
5512 -901.0000000000
5522 -900.0000000000
5533 -899.0000000000
5549 -898.0000000000
5554 -897.0000000000
5560 -896.0000000000
5585 -895.0000000000
5594 -893.0000000000
5602 -892.0000000000
5608 -891.0000000000
5614 -890.0000000000
5620 -889.0000000000
5622 -888.0000000000
5639 -887.0000000000
5650 -886.0000000000
5663 -884.0000000000
5666 -882.0000000000
5667 -881.0000000000
5678 -879.0000000000
5682 -878.0000000000
5725 -877.0000000000
5745 -876.0000000000
5747 -875.0000000000
5763 -874.0000000000
5771 -873.0000000000
5775 -872.0000000000
5779 -871.0000000000
5803 -870.0000000000
5804 -869.0000000000
5807 -868.0000000000
5808 -867.0000000000
5833 -866.0000000000
5841 -865.0000000000
5852 -864.0000000000
5869 -863.0000000000
5872 -861.0000000000
5892 -860.0000000000
5921 -859.0000000000
5923 -857.0000000000
5937 -856.0000000000
5952 -855.0000000000
5977 -854.0000000000
5980 -852.0000000000
5981 -851.0000000000
5985 -850.0000000000
5988 -848.0000000000
6005 -847.0000000000
6044 -846.0000000000
6061 -845.0000000000
6077 -844.0000000000
6080 -843.0000000000
6085 -842.0000000000
6108 -841.0000000000
6109 -840.0000000000
6119 -839.0000000000
6131 -838.0000000000
6161 -837.0000000000
6163 -836.0000000000
6195 -835.0000000000
6200 -834.0000000000
6204 -833.0000000000
6210 -832.0000000000
6214 -831.0000000000
6231 -830.0000000000
6234 -828.0000000000
6235 -827.0000000000
6247 -825.0000000000
6251 -824.0000000000
6277 -822.0000000000
6303 -821.0000000000
6313 -820.0000000000
6325 -819.0000000000
6345 -817.0000000000
6352 -816.0000000000
6369 -815.0000000000
6381 -814.0000000000
6389 -813.0000000000
6396 -812.0000000000
6414 -811.0000000000
6432 -810.0000000000
6459 -809.0000000000
6467 -808.0000000000
6487 -807.0000000000
6500 -806.0000000000
6508 -805.0000000000
6518 -804.0000000000
6520 -803.0000000000
6531 -802.0000000000
6563 -801.0000000000
6569 -800.0000000000
6581 -799.0000000000
6592 -798.0000000000
6603 -796.0000000000
6608 -795.0000000000
6610 -793.0000000000
6612 -792.0000000000
6620 -791.0000000000
6637 -790.0000000000
6654 -789.0000000000
6699 -788.0000000000
6701 -787.0000000000
6704 -786.0000000000
6711 -785.0000000000
6714 -784.0000000000
6733 -783.0000000000
6744 -782.0000000000
6750 -781.0000000000
6760 -779.0000000000
6762 -778.0000000000
6773 -777.0000000000
6803 -776.0000000000
6805 -775.0000000000
6806 -774.0000000000
6807 -773.0000000000
6846 -772.0000000000
6847 -771.0000000000
6854 -770.0000000000
6856 -769.0000000000
6857 -768.0000000000
6862 -767.0000000000
6890 -766.0000000000
6905 -765.0000000000
6913 -764.0000000000
6914 -763.0000000000
6916 -762.0000000000
6917 -761.0000000000
6924 -760.0000000000
6932 -759.0000000000
6949 -758.0000000000
6958 -757.0000000000
6965 -756.0000000000
6977 -755.0000000000
6993 -754.0000000000
6999 -753.0000000000
7015 -752.0000000000
7058 -751.0000000000
7059 -750.0000000000
7069 -749.0000000000
7099 -748.0000000000
7115 -747.0000000000
7119 -746.0000000000
7126 -745.0000000000
7129 -744.0000000000
7133 -743.0000000000
7137 -742.0000000000
7159 -740.0000000000
7167 -739.0000000000
7208 -738.0000000000
7221 -737.0000000000
7262 -736.0000000000
7266 -734.0000000000
7269 -733.0000000000
7276 -732.0000000000
7283 -731.0000000000
7310 -730.0000000000
7332 -729.0000000000
7335 -728.0000000000
7342 -726.0000000000
7349 -724.0000000000
7355 -723.0000000000
7368 -722.0000000000
7369 -721.0000000000
7370 -720.0000000000
7373 -719.0000000000
7384 -718.0000000000
7385 -716.0000000000
7413 -715.0000000000
7442 -714.0000000000
7445 -713.0000000000
7455 -712.0000000000
7458 -711.0000000000
7472 -710.0000000000
7473 -709.0000000000
7498 -708.0000000000
7518 -707.0000000000
7522 -706.0000000000
7537 -704.0000000000
7540 -703.0000000000
7545 -702.0000000000
7548 -701.0000000000
7576 -700.0000000000
7586 -699.0000000000
7587 -698.0000000000
7593 -697.0000000000
7606 -696.0000000000
7628 -695.0000000000
7638 -694.0000000000
7645 -693.0000000000
7650 -692.0000000000
7657 -691.0000000000
7662 -689.0000000000
7705 -688.0000000000
7713 -687.0000000000
7726 -686.0000000000
7738 -685.0000000000
7742 -684.0000000000
7749 -683.0000000000
7762 -682.0000000000
7771 -681.0000000000
7786 -679.0000000000
7798 -678.0000000000
7800 -677.0000000000
7819 -675.0000000000
7820 -674.0000000000
7824 -673.0000000000
7826 -672.0000000000
7835 -671.0000000000
7839 -670.0000000000
7845 -669.0000000000
7859 -668.0000000000
7876 -667.0000000000
7894 -666.0000000000
7929 -665.0000000000
7951 -664.0000000000
7966 -662.0000000000
7979 -661.0000000000
7991 -660.0000000000
7994 -659.0000000000
8010 -658.0000000000
8024 -657.0000000000
8034 -656.0000000000
8036 -655.0000000000
8038 -654.0000000000
8042 -653.0000000000
8044 -652.0000000000
8046 -651.0000000000
8081 -650.0000000000
8083 -649.0000000000
8085 -648.0000000000
8124 -646.0000000000
8128 -645.0000000000
8135 -644.0000000000
8147 -643.0000000000
8153 -642.0000000000
8158 -641.0000000000
8163 -640.0000000000
8181 -639.0000000000
8189 -637.0000000000
8220 -636.0000000000
8253 -635.0000000000
8275 -634.0000000000
8279 -633.0000000000
8283 -631.0000000000
8294 -630.0000000000
8318 -629.0000000000
8326 -628.0000000000
8331 -627.0000000000
8335 -626.0000000000
8387 -625.0000000000
8400 -624.0000000000
8421 -623.0000000000
8442 -622.0000000000
8459 -620.0000000000
8470 -619.0000000000
8473 -618.0000000000
8485 -617.0000000000
8486 -616.0000000000
8498 -615.0000000000
8523 -614.0000000000
8549 -613.0000000000
8556 -612.0000000000
8611 -610.0000000000
8614 -609.0000000000
8616 -608.0000000000
8642 -606.0000000000
8653 -605.0000000000
8672 -603.0000000000
8697 -601.0000000000
8707 -600.0000000000
8723 -599.0000000000
8732 -598.0000000000
8741 -597.0000000000
8797 -596.0000000000
8819 -595.0000000000
8834 -594.0000000000
8858 -593.0000000000
8862 -592.0000000000
8892 -591.0000000000
8913 -590.0000000000
8922 -588.0000000000
8944 -587.0000000000
8954 -586.0000000000
8956 -585.0000000000
8979 -584.0000000000
9004 -583.0000000000
9007 -582.0000000000
9023 -581.0000000000
9032 -580.0000000000
9033 -579.0000000000
9049 -578.0000000000
9059 -577.0000000000
9097 -576.0000000000
9107 -575.0000000000
9108 -574.0000000000
9111 -573.0000000000
9153 -572.0000000000
9156 -571.0000000000
9158 -570.0000000000
9186 -569.0000000000
9190 -568.0000000000
9202 -567.0000000000
9208 -566.0000000000
9219 -565.0000000000
9238 -564.0000000000
9256 -563.0000000000
9262 -562.0000000000
9288 -561.0000000000
9304 -560.0000000000
9315 -559.0000000000
9331 -558.0000000000
9341 -557.0000000000
9367 -556.0000000000
9378 -555.0000000000
9380 -554.0000000000
9415 -553.0000000000
9436 -552.0000000000
9449 -551.0000000000
9454 -550.0000000000
9488 -549.0000000000
9495 -548.0000000000
9512 -547.0000000000
9517 -546.0000000000
9550 -545.0000000000
9552 -544.0000000000
9555 -543.0000000000
9588 -542.0000000000
9592 -541.0000000000
9595 -540.0000000000
9596 -539.0000000000
9610 -538.0000000000
9630 -537.0000000000
9651 -536.0000000000
9682 -535.0000000000
9707 -534.0000000000
9714 -533.0000000000
9779 -532.0000000000
9821 -531.0000000000
9832 -530.0000000000
9840 -529.0000000000
9885 -528.0000000000
9907 -527.0000000000
9915 -526.0000000000
9916 -525.0000000000
9927 -524.0000000000
9928 -523.0000000000
9933 -522.0000000000
9942 -521.0000000000
9968 -520.0000000000
9971 -518.0000000000
10000 -519.0000000000
evaluations raw_y
1 -2028.0000000000
2 -2027.0000000000
5 -2026.0000000000
6 -2025.0000000000
8 -2024.0000000000
13 -2023.0000000000
19 -2022.0000000000
21 -2021.0000000000
24 -2020.0000000000
30 -2019.0000000000
31 -2018.0000000000
45 -2017.0000000000
48 -2016.0000000000
56 -2015.0000000000
59 -2013.0000000000
68 -2012.0000000000
72 -2011.0000000000
76 -2009.0000000000
83 -2008.0000000000
89 -2007.0000000000
94 -2006.0000000000
95 -2005.0000000000
97 -2004.0000000000
101 -2003.0000000000
104 -2002.0000000000
105 -2001.0000000000
110 -2000.0000000000
114 -1997.0000000000
115 -1996.0000000000
117 -1995.0000000000
121 -1994.0000000000
124 -1993.0000000000
129 -1992.0000000000
131 -1991.0000000000
134 -1990.0000000000
135 -1989.0000000000
138 -1988.0000000000
144 -1986.0000000000
148 -1985.0000000000
149 -1984.0000000000
151 -1983.0000000000
158 -1982.0000000000
159 -1981.0000000000
161 -1980.0000000000
162 -1979.0000000000
164 -1977.0000000000
167 -1976.0000000000
172 -1975.0000000000
175 -1974.0000000000
178 -1973.0000000000
183 -1972.0000000000
186 -1971.0000000000
189 -1970.0000000000
190 -1968.0000000000
204 -1967.0000000000
207 -1966.0000000000
210 -1964.0000000000
212 -1962.0000000000
216 -1961.0000000000
221 -1960.0000000000
233 -1959.0000000000
238 -1958.0000000000
239 -1957.0000000000
240 -1956.0000000000
241 -1955.0000000000
244 -1954.0000000000
245 -1952.0000000000
250 -1951.0000000000
251 -1949.0000000000
255 -1947.0000000000
260 -1946.0000000000
261 -1945.0000000000
274 -1943.0000000000
285 -1942.0000000000
287 -1939.0000000000
292 -1937.0000000000
295 -1936.0000000000
311 -1935.0000000000
312 -1934.0000000000
313 -1933.0000000000
316 -1932.0000000000
322 -1929.0000000000
327 -1926.0000000000
333 -1925.0000000000
336 -1924.0000000000
341 -1922.0000000000
346 -1921.0000000000
349 -1919.0000000000
355 -1918.0000000000
356 -1917.0000000000
364 -1916.0000000000
367 -1915.0000000000
368 -1914.0000000000
374 -1913.0000000000
376 -1911.0000000000
377 -1909.0000000000
383 -1908.0000000000
392 -1907.0000000000
398 -1906.0000000000
399 -1905.0000000000
400 -1904.0000000000
403 -1903.0000000000
407 -1902.0000000000
414 -1901.0000000000
416 -1900.0000000000
420 -1899.0000000000
422 -1896.0000000000
432 -1895.0000000000
434 -1894.0000000000
435 -1893.0000000000
437 -1892.0000000000
444 -1891.0000000000
448 -1888.0000000000
454 -1886.0000000000
456 -1885.0000000000
457 -1884.0000000000
458 -1883.0000000000
459 -1882.0000000000
464 -1880.0000000000
467 -1879.0000000000
469 -1876.0000000000
476 -1875.0000000000
494 -1874.0000000000
502 -1873.0000000000
503 -1872.0000000000
507 -1871.0000000000
518 -1869.0000000000
520 -1868.0000000000
528 -1867.0000000000
532 -1866.0000000000
537 -1865.0000000000
542 -1864.0000000000
548 -1863.0000000000
560 -1862.0000000000
564 -1861.0000000000
567 -1860.0000000000
568 -1859.0000000000
577 -1858.0000000000
580 -1856.0000000000
581 -1855.0000000000
596 -1854.0000000000
597 -1853.0000000000
603 -1851.0000000000
605 -1849.0000000000
609 -1848.0000000000
611 -1847.0000000000
624 -1846.0000000000
627 -1845.0000000000
628 -1843.0000000000
630 -1842.0000000000
635 -1841.0000000000
644 -1840.0000000000
648 -1839.0000000000
652 -1838.0000000000
654 -1837.0000000000
657 -1836.0000000000
661 -1835.0000000000
669 -1834.0000000000
674 -1833.0000000000
675 -1832.0000000000
677 -1831.0000000000
678 -1830.0000000000
682 -1829.0000000000
685 -1828.0000000000
690 -1827.0000000000
699 -1826.0000000000
701 -1824.0000000000
702 -1821.0000000000
705 -1820.0000000000
709 -1819.0000000000
711 -1818.0000000000
712 -1817.0000000000
719 -1816.0000000000
720 -1815.0000000000
725 -1814.0000000000
733 -1813.0000000000
736 -1812.0000000000
739 -1811.0000000000
743 -1810.0000000000
750 -1809.0000000000
753 -1808.0000000000
756 -1806.0000000000
762 -1805.0000000000
763 -1803.0000000000
764 -1802.0000000000
765 -1801.0000000000
769 -1800.0000000000
773 -1799.0000000000
775 -1798.0000000000
776 -1797.0000000000
777 -1796.0000000000
780 -1795.0000000000
783 -1794.0000000000
786 -1793.0000000000
789 -1791.0000000000
796 -1790.0000000000
798 -1789.0000000000
811 -1788.0000000000
819 -1787.0000000000
823 -1785.0000000000
824 -1784.0000000000
826 -1781.0000000000
827 -1780.0000000000
828 -1779.0000000000
831 -1778.0000000000
836 -1776.0000000000
840 -1775.0000000000
844 -1774.0000000000
845 -1773.0000000000
848 -1771.0000000000
850 -1770.0000000000
852 -1769.0000000000
856 -1767.0000000000
858 -1766.0000000000
859 -1765.0000000000
862 -1764.0000000000
865 -1763.0000000000
874 -1762.0000000000
875 -1760.0000000000
887 -1759.0000000000
890 -1758.0000000000
897 -1757.0000000000
900 -1756.0000000000
902 -1755.0000000000
905 -1754.0000000000
917 -1753.0000000000
923 -1752.0000000000
927 -1751.0000000000
929 -1749.0000000000
935 -1748.0000000000
938 -1746.0000000000
941 -1745.0000000000
946 -1744.0000000000
948 -1742.0000000000
949 -1741.0000000000
954 -1740.0000000000
963 -1739.0000000000
965 -1738.0000000000
966 -1737.0000000000
972 -1736.0000000000
980 -1735.0000000000
986 -1734.0000000000
988 -1732.0000000000
989 -1731.0000000000
991 -1730.0000000000
992 -1729.0000000000
997 -1727.0000000000
998 -1726.0000000000
999 -1725.0000000000
1010 -1724.0000000000
1011 -1721.0000000000
1013 -1720.0000000000
1016 -1719.0000000000
1030 -1717.0000000000
1033 -1716.0000000000
1037 -1715.0000000000
1055 -1714.0000000000
1056 -1712.0000000000
1059 -1711.0000000000
1061 -1710.0000000000
1066 -1709.0000000000
1068 -1708.0000000000
1072 -1706.0000000000
1077 -1705.0000000000
1079 -1703.0000000000
1082 -1702.0000000000
1088 -1701.0000000000
1090 -1700.0000000000
1098 -1699.0000000000
1102 -1698.0000000000
1106 -1697.0000000000
1107 -1696.0000000000
1110 -1695.0000000000
1118 -1694.0000000000
1128 -1693.0000000000
1136 -1692.0000000000
1139 -1691.0000000000
1150 -1690.0000000000
1152 -1689.0000000000
1154 -1688.0000000000
1155 -1686.0000000000
1157 -1685.0000000000
1166 -1684.0000000000
1167 -1683.0000000000
1169 -1682.0000000000
1174 -1681.0000000000
1175 -1680.0000000000
1176 -1679.0000000000
1182 -1678.0000000000
1183 -1676.0000000000
1185 -1675.0000000000
1186 -1674.0000000000
1187 -1673.0000000000
1193 -1672.0000000000
1194 -1671.0000000000
1201 -1670.0000000000
1202 -1669.0000000000
1203 -1668.0000000000
1210 -1666.0000000000
1219 -1665.0000000000
1227 -1664.0000000000
1231 -1663.0000000000
1234 -1662.0000000000
1240 -1661.0000000000
1242 -1660.0000000000
1248 -1659.0000000000
1249 -1658.0000000000
1255 -1657.0000000000
1256 -1656.0000000000
1258 -1655.0000000000
1259 -1653.0000000000
1265 -1652.0000000000
1269 -1651.0000000000
1275 -1650.0000000000
1293 -1649.0000000000
1294 -1646.0000000000
1296 -1645.0000000000
1297 -1644.0000000000
1303 -1642.0000000000
1304 -1640.0000000000
1314 -1639.0000000000
1318 -1638.0000000000
1330 -1637.0000000000
1331 -1636.0000000000
1334 -1635.0000000000
1345 -1634.0000000000
1348 -1631.0000000000
1357 -1630.0000000000
1363 -1629.0000000000
1367 -1628.0000000000
1369 -1626.0000000000
1379 -1625.0000000000
1386 -1624.0000000000
1388 -1623.0000000000
1391 -1622.0000000000
1396 -1621.0000000000
1397 -1620.0000000000
1404 -1618.0000000000
1407 -1616.0000000000
1418 -1615.0000000000
1427 -1613.0000000000
1428 -1610.0000000000
1430 -1609.0000000000
1431 -1607.0000000000
1439 -1606.0000000000
1445 -1602.0000000000
1447 -1600.0000000000
1448 -1599.0000000000
1451 -1598.0000000000
1454 -1597.0000000000
1458 -1596.0000000000
1460 -1594.0000000000
1463 -1593.0000000000
1464 -1592.0000000000
1466 -1591.0000000000
1469 -1590.0000000000
1470 -1589.0000000000
1471 -1588.0000000000
1481 -1587.0000000000
1486 -1586.0000000000
1487 -1585.0000000000
1495 -1584.0000000000
1507 -1583.0000000000
1509 -1582.0000000000
1514 -1580.0000000000
1515 -1579.0000000000
1517 -1577.0000000000
1537 -1576.0000000000
1538 -1575.0000000000
1541 -1574.0000000000
1544 -1573.0000000000
1545 -1572.0000000000
1546 -1571.0000000000
1551 -1570.0000000000
1556 -1569.0000000000
1558 -1567.0000000000
1563 -1566.0000000000
1566 -1565.0000000000
1571 -1564.0000000000
1572 -1563.0000000000
1573 -1562.0000000000
1575 -1561.0000000000
1576 -1560.0000000000
1582 -1559.0000000000
1583 -1558.0000000000
1600 -1557.0000000000
1605 -1556.0000000000
1608 -1555.0000000000
1616 -1554.0000000000
1617 -1553.0000000000
1622 -1552.0000000000
1629 -1550.0000000000
1630 -1549.0000000000
1641 -1548.0000000000
1645 -1547.0000000000
1658 -1545.0000000000
1659 -1543.0000000000
1663 -1541.0000000000
1665 -1540.0000000000
1666 -1539.0000000000
1667 -1538.0000000000
1673 -1536.0000000000
1674 -1535.0000000000
1690 -1534.0000000000
1691 -1533.0000000000
1693 -1532.0000000000
1695 -1531.0000000000
1705 -1530.0000000000
1710 -1527.0000000000
1715 -1525.0000000000
1723 -1524.0000000000
1740 -1522.0000000000
1744 -1520.0000000000
1750 -1519.0000000000
1755 -1517.0000000000
1764 -1516.0000000000
1768 -1514.0000000000
1774 -1512.0000000000
1776 -1511.0000000000
1780 -1510.0000000000
1781 -1509.0000000000
1784 -1508.0000000000
1793 -1507.0000000000
1796 -1506.0000000000
1807 -1505.0000000000
1816 -1503.0000000000
1818 -1500.0000000000
1821 -1499.0000000000
1825 -1498.0000000000
1834 -1496.0000000000
1851 -1495.0000000000
1859 -1494.0000000000
1860 -1493.0000000000
1861 -1492.0000000000
1869 -1491.0000000000
1871 -1489.0000000000
1876 -1488.0000000000
1880 -1486.0000000000
1883 -1485.0000000000
1887 -1483.0000000000
1891 -1481.0000000000
1904 -1480.0000000000
1915 -1479.0000000000
1925 -1478.0000000000
1933 -1477.0000000000
1950 -1475.0000000000
1957 -1474.0000000000
1960 -1473.0000000000
1961 -1472.0000000000
1962 -1470.0000000000
1965 -1468.0000000000
1977 -1467.0000000000
1980 -1466.0000000000
1990 -1464.0000000000
1992 -1463.0000000000
1998 -1462.0000000000
2003 -1461.0000000000
2007 -1460.0000000000
2010 -1459.0000000000
2011 -1458.0000000000
2014 -1457.0000000000
2020 -1456.0000000000
2022 -1455.0000000000
2031 -1454.0000000000
2044 -1453.0000000000
2046 -1452.0000000000
2051 -1451.0000000000
2062 -1450.0000000000
2066 -1449.0000000000
2070 -1448.0000000000
2071 -1447.0000000000
2087 -1446.0000000000
2091 -1445.0000000000
2104 -1443.0000000000
2105 -1442.0000000000
2108 -1441.0000000000
2112 -1440.0000000000
2117 -1439.0000000000
2123 -1437.0000000000
2124 -1436.0000000000
2136 -1435.0000000000
2139 -1433.0000000000
2140 -1432.0000000000
2149 -1431.0000000000
2165 -1429.0000000000
2169 -1428.0000000000
2191 -1427.0000000000
2196 -1426.0000000000
2210 -1425.0000000000
2219 -1424.0000000000
2224 -1423.0000000000
2236 -1422.0000000000
2239 -1421.0000000000
2245 -1420.0000000000
2252 -1419.0000000000
2255 -1418.0000000000
2256 -1417.0000000000
2258 -1416.0000000000
2262 -1415.0000000000
2271 -1414.0000000000
2272 -1413.0000000000
2274 -1412.0000000000
2275 -1411.0000000000
2278 -1410.0000000000
2284 -1409.0000000000
2292 -1408.0000000000
2299 -1407.0000000000
2305 -1405.0000000000
2319 -1403.0000000000
2324 -1402.0000000000
2327 -1401.0000000000
2336 -1400.0000000000
2339 -1398.0000000000
2344 -1397.0000000000
2347 -1396.0000000000
2348 -1395.0000000000
2350 -1394.0000000000
2357 -1393.0000000000
2359 -1392.0000000000
2369 -1391.0000000000
2375 -1390.0000000000
2377 -1389.0000000000
2381 -1388.0000000000
2382 -1387.0000000000
2392 -1385.0000000000
2393 -1384.0000000000
2396 -1383.0000000000
2397 -1382.0000000000
2401 -1381.0000000000
2410 -1380.0000000000
2414 -1379.0000000000
2417 -1378.0000000000
2419 -1377.0000000000
2427 -1376.0000000000
2431 -1375.0000000000
2448 -1374.0000000000
2449 -1371.0000000000
2450 -1370.0000000000
2451 -1369.0000000000
2454 -1367.0000000000
2456 -1366.0000000000
2462 -1365.0000000000
2475 -1364.0000000000
2483 -1363.0000000000
2486 -1362.0000000000
2503 -1361.0000000000
2510 -1360.0000000000
2517 -1359.0000000000
2530 -1358.0000000000
2533 -1357.0000000000
2549 -1356.0000000000
2551 -1354.0000000000
2554 -1353.0000000000
2557 -1352.0000000000
2589 -1351.0000000000
2590 -1350.0000000000
2594 -1349.0000000000
2596 -1347.0000000000
2603 -1346.0000000000
2604 -1345.0000000000
2606 -1344.0000000000
2610 -1343.0000000000
2611 -1342.0000000000
2613 -1341.0000000000
2616 -1340.0000000000
2624 -1339.0000000000
2629 -1338.0000000000
2631 -1337.0000000000
2639 -1336.0000000000
2641 -1334.0000000000
2645 -1333.0000000000
2649 -1332.0000000000
2650 -1331.0000000000
2655 -1330.0000000000
2674 -1328.0000000000
2676 -1327.0000000000
2678 -1326.0000000000
2685 -1325.0000000000
2688 -1323.0000000000
2691 -1322.0000000000
2698 -1321.0000000000
2700 -1320.0000000000
2701 -1319.0000000000
2706 -1318.0000000000
2707 -1316.0000000000
2714 -1315.0000000000
2720 -1313.0000000000
2729 -1312.0000000000
2730 -1311.0000000000
2736 -1310.0000000000
2763 -1309.0000000000
2771 -1308.0000000000
2778 -1307.0000000000
2784 -1306.0000000000
2787 -1305.0000000000
2788 -1302.0000000000
2791 -1301.0000000000
2801 -1300.0000000000
2804 -1299.0000000000
2810 -1298.0000000000
2820 -1297.0000000000
2844 -1296.0000000000
2851 -1295.0000000000
2858 -1294.0000000000
2865 -1293.0000000000
2874 -1292.0000000000
2883 -1291.0000000000
2884 -1290.0000000000
2889 -1289.0000000000
2896 -1288.0000000000
2901 -1286.0000000000
2925 -1285.0000000000
2942 -1284.0000000000
2947 -1282.0000000000
2969 -1281.0000000000
2974 -1280.0000000000
2980 -1279.0000000000
2982 -1278.0000000000
2988 -1277.0000000000
2990 -1276.0000000000
2999 -1275.0000000000
3000 -1274.0000000000
3014 -1273.0000000000
3016 -1272.0000000000
3017 -1271.0000000000
3021 -1270.0000000000
3029 -1269.0000000000
3036 -1268.0000000000
3038 -1267.0000000000
3042 -1266.0000000000
3069 -1265.0000000000
3073 -1264.0000000000
3074 -1262.0000000000
3076 -1261.0000000000
3077 -1260.0000000000
3080 -1259.0000000000
3087 -1258.0000000000
3088 -1257.0000000000
3093 -1256.0000000000
3104 -1255.0000000000
3116 -1254.0000000000
3119 -1253.0000000000
3120 -1252.0000000000
3144 -1251.0000000000
3150 -1250.0000000000
3158 -1249.0000000000
3170 -1248.0000000000
3171 -1247.0000000000
3173 -1245.0000000000
3176 -1244.0000000000
3178 -1243.0000000000
3183 -1241.0000000000
3185 -1240.0000000000
3187 -1239.0000000000
3190 -1238.0000000000
3200 -1237.0000000000
3202 -1236.0000000000
3208 -1235.0000000000
3216 -1234.0000000000
3226 -1233.0000000000
3243 -1232.0000000000
3247 -1231.0000000000
3249 -1229.0000000000
3255 -1228.0000000000
3264 -1227.0000000000
3281 -1226.0000000000
3292 -1225.0000000000
3306 -1224.0000000000
3308 -1223.0000000000
3312 -1222.0000000000
3324 -1220.0000000000
3334 -1219.0000000000
3339 -1218.0000000000
3354 -1217.0000000000
3357 -1216.0000000000
3360 -1215.0000000000
3367 -1213.0000000000
3378 -1212.0000000000
3379 -1211.0000000000
3385 -1210.0000000000
3388 -1207.0000000000
3405 -1206.0000000000
3407 -1205.0000000000
3408 -1204.0000000000
3413 -1203.0000000000
3416 -1202.0000000000
3423 -1201.0000000000
3424 -1200.0000000000
3425 -1199.0000000000
3435 -1198.0000000000
3437 -1197.0000000000
3440 -1195.0000000000
3450 -1194.0000000000
3453 -1193.0000000000
3457 -1191.0000000000
3463 -1190.0000000000
3472 -1188.0000000000
3481 -1187.0000000000
3482 -1186.0000000000
3495 -1185.0000000000
3499 -1183.0000000000
3500 -1181.0000000000
3503 -1180.0000000000
3524 -1179.0000000000
3526 -1178.0000000000
3531 -1177.0000000000
3553 -1176.0000000000
3564 -1175.0000000000
3572 -1174.0000000000
3573 -1173.0000000000
3579 -1172.0000000000
3581 -1171.0000000000
3584 -1170.0000000000
3588 -1169.0000000000
3601 -1168.0000000000
3608 -1167.0000000000
3611 -1166.0000000000
3615 -1165.0000000000
3616 -1164.0000000000
3623 -1163.0000000000
3628 -1162.0000000000
3631 -1161.0000000000
3649 -1160.0000000000
3655 -1158.0000000000
3656 -1157.0000000000
3658 -1156.0000000000
3664 -1155.0000000000
3673 -1153.0000000000
3680 -1152.0000000000
3693 -1151.0000000000
3711 -1150.0000000000
3715 -1149.0000000000
3725 -1148.0000000000
3729 -1147.0000000000
3732 -1146.0000000000
3745 -1145.0000000000
3756 -1144.0000000000
3758 -1143.0000000000
3762 -1142.0000000000
3770 -1141.0000000000
3776 -1140.0000000000
3777 -1139.0000000000
3784 -1138.0000000000
3790 -1137.0000000000
3799 -1136.0000000000
3804 -1135.0000000000
3806 -1134.0000000000
3810 -1133.0000000000
3812 -1131.0000000000
3824 -1130.0000000000
3826 -1129.0000000000
3839 -1128.0000000000
3843 -1127.0000000000
3848 -1125.0000000000
3857 -1124.0000000000
3870 -1123.0000000000
3879 -1122.0000000000
3882 -1121.0000000000
3889 -1120.0000000000
3891 -1119.0000000000
3897 -1117.0000000000
3898 -1115.0000000000
3899 -1114.0000000000
3917 -1112.0000000000
3932 -1110.0000000000
3933 -1109.0000000000
3935 -1108.0000000000
3940 -1107.0000000000
3952 -1106.0000000000
3960 -1105.0000000000
3961 -1104.0000000000
3965 -1103.0000000000
3968 -1102.0000000000
3969 -1101.0000000000
3993 -1100.0000000000
4007 -1099.0000000000
4013 -1098.0000000000
4031 -1097.0000000000
4047 -1096.0000000000
4056 -1095.0000000000
4072 -1094.0000000000
4073 -1093.0000000000
4074 -1092.0000000000
4076 -1091.0000000000
4088 -1090.0000000000
4100 -1089.0000000000
4104 -1088.0000000000
4120 -1087.0000000000
4122 -1086.0000000000
4127 -1085.0000000000
4129 -1084.0000000000
4145 -1083.0000000000
4155 -1082.0000000000
4159 -1080.0000000000
4181 -1077.0000000000
4184 -1076.0000000000
4191 -1075.0000000000
4199 -1074.0000000000
4200 -1073.0000000000
4235 -1072.0000000000
4240 -1071.0000000000
4244 -1070.0000000000
4252 -1069.0000000000
4259 -1068.0000000000
4263 -1067.0000000000
4284 -1066.0000000000
4286 -1065.0000000000
4303 -1064.0000000000
4308 -1063.0000000000
4311 -1062.0000000000
4316 -1061.0000000000
4325 -1060.0000000000
4326 -1059.0000000000
4328 -1058.0000000000
4344 -1057.0000000000
4351 -1056.0000000000
4356 -1055.0000000000
4367 -1054.0000000000
4381 -1053.0000000000
4396 -1052.0000000000
4399 -1051.0000000000
4410 -1050.0000000000
4416 -1049.0000000000
4442 -1048.0000000000
4447 -1047.0000000000
4454 -1045.0000000000
4456 -1044.0000000000
4459 -1043.0000000000
4462 -1042.0000000000
4465 -1041.0000000000
4468 -1040.0000000000
4485 -1039.0000000000
4486 -1038.0000000000
4490 -1036.0000000000
4501 -1035.0000000000
4504 -1034.0000000000
4506 -1032.0000000000
4507 -1031.0000000000
4523 -1030.0000000000
4526 -1029.0000000000
4527 -1028.0000000000
4528 -1027.0000000000
4538 -1026.0000000000
4549 -1025.0000000000
4575 -1024.0000000000
4576 -1022.0000000000
4588 -1021.0000000000
4590 -1020.0000000000
4591 -1019.0000000000
4593 -1018.0000000000
4597 -1017.0000000000
4604 -1016.0000000000
4612 -1015.0000000000
4632 -1014.0000000000
4637 -1013.0000000000
4647 -1012.0000000000
4662 -1011.0000000000
4669 -1010.0000000000
4671 -1009.0000000000
4676 -1008.0000000000
4679 -1007.0000000000
4683 -1006.0000000000
4684 -1005.0000000000
4697 -1004.0000000000
4708 -1003.0000000000
4722 -1002.0000000000
4728 -1001.0000000000
4730 -1000.0000000000
4757 -999.0000000000
4759 -998.0000000000
4761 -997.0000000000
4764 -996.0000000000
4784 -995.0000000000
4787 -994.0000000000
4799 -993.0000000000
4805 -992.0000000000
4806 -989.0000000000
4810 -988.0000000000
4816 -987.0000000000
4833 -986.0000000000
4835 -985.0000000000
4856 -984.0000000000
4859 -983.0000000000
4860 -982.0000000000
4862 -981.0000000000
4872 -980.0000000000
4874 -979.0000000000
4876 -978.0000000000
4882 -977.0000000000
4889 -976.0000000000
4891 -974.0000000000
4892 -973.0000000000
4898 -972.0000000000
4905 -971.0000000000
4928 -970.0000000000
4931 -969.0000000000
4940 -968.0000000000
4947 -967.0000000000
4961 -966.0000000000
4974 -965.0000000000
4993 -964.0000000000
5003 -963.0000000000
5006 -962.0000000000
5011 -961.0000000000
5039 -960.0000000000
5049 -959.0000000000
5067 -957.0000000000
5070 -955.0000000000
5076 -954.0000000000
5077 -953.0000000000
5082 -952.0000000000
5091 -951.0000000000
5107 -949.0000000000
5113 -948.0000000000
5131 -947.0000000000
5151 -946.0000000000
5168 -945.0000000000
5176 -944.0000000000
5184 -943.0000000000
5186 -942.0000000000
5192 -941.0000000000
5205 -940.0000000000
5230 -939.0000000000
5231 -938.0000000000
5234 -937.0000000000
5256 -936.0000000000
5257 -935.0000000000
5263 -934.0000000000
5283 -933.0000000000
5302 -932.0000000000
5305 -931.0000000000
5329 -930.0000000000
5332 -929.0000000000
5340 -928.0000000000
5363 -927.0000000000
5364 -926.0000000000
5368 -925.0000000000
5385 -924.0000000000
5396 -923.0000000000
5402 -922.0000000000
5407 -921.0000000000
5416 -920.0000000000
5417 -919.0000000000
5421 -918.0000000000
5422 -917.0000000000
5433 -916.0000000000
5442 -915.0000000000
5460 -914.0000000000
5472 -913.0000000000
5475 -912.0000000000
5477 -911.0000000000
5488 -909.0000000000
5492 -908.0000000000
5511 -907.0000000000
5519 -906.0000000000
5522 -904.0000000000
5543 -903.0000000000
5551 -902.0000000000
5555 -901.0000000000
5577 -900.0000000000
5596 -899.0000000000
5629 -898.0000000000
5640 -897.0000000000
5647 -896.0000000000
5675 -895.0000000000
5678 -894.0000000000
5685 -893.0000000000
5703 -891.0000000000
5726 -890.0000000000
5740 -889.0000000000
5764 -888.0000000000
5773 -887.0000000000
5777 -886.0000000000
5805 -885.0000000000
5817 -884.0000000000
5824 -883.0000000000
5853 -882.0000000000
5856 -881.0000000000
5863 -880.0000000000
5881 -879.0000000000
5896 -878.0000000000
5898 -877.0000000000
5902 -876.0000000000
5906 -874.0000000000
5908 -873.0000000000
5922 -872.0000000000
5927 -871.0000000000
5931 -870.0000000000
5935 -869.0000000000
5938 -867.0000000000
5959 -866.0000000000
5969 -865.0000000000
5971 -864.0000000000
5986 -863.0000000000
5989 -862.0000000000
5998 -861.0000000000
6002 -860.0000000000
6011 -859.0000000000
6016 -858.0000000000
6027 -857.0000000000
6037 -856.0000000000
6043 -855.0000000000
6057 -854.0000000000
6073 -853.0000000000
6075 -851.0000000000
6077 -849.0000000000
6092 -848.0000000000
6095 -847.0000000000
6100 -846.0000000000
6104 -845.0000000000
6119 -844.0000000000
6128 -842.0000000000
6148 -840.0000000000
6157 -839.0000000000
6158 -838.0000000000
6159 -837.0000000000
6182 -836.0000000000
6190 -835.0000000000
6207 -833.0000000000
6222 -832.0000000000
6229 -831.0000000000
6245 -830.0000000000
6247 -829.0000000000
6249 -828.0000000000
6265 -827.0000000000
6294 -826.0000000000
6302 -825.0000000000
6322 -824.0000000000
6334 -823.0000000000
6336 -822.0000000000
6349 -821.0000000000
6352 -820.0000000000
6353 -819.0000000000
6372 -818.0000000000
6387 -817.0000000000
6390 -816.0000000000
6411 -815.0000000000
6420 -814.0000000000
6428 -813.0000000000
6441 -812.0000000000
6447 -811.0000000000
6466 -810.0000000000
6473 -809.0000000000
6475 -808.0000000000
6476 -807.0000000000
6485 -806.0000000000
6508 -805.0000000000
6527 -804.0000000000
6560 -803.0000000000
6562 -802.0000000000
6572 -801.0000000000
6603 -799.0000000000
6606 -797.0000000000
6607 -795.0000000000
6619 -794.0000000000
6620 -793.0000000000
6626 -792.0000000000
6632 -791.0000000000
6647 -790.0000000000
6661 -789.0000000000
6663 -788.0000000000
6680 -787.0000000000
6691 -786.0000000000
6702 -785.0000000000
6704 -784.0000000000
6711 -783.0000000000
6729 -782.0000000000
6741 -781.0000000000
6751 -780.0000000000
6753 -779.0000000000
6755 -778.0000000000
6770 -776.0000000000
6799 -775.0000000000
6814 -774.0000000000
6836 -773.0000000000
6839 -772.0000000000
6846 -771.0000000000
6866 -770.0000000000
6872 -769.0000000000
6877 -768.0000000000
6878 -767.0000000000
6880 -766.0000000000
6902 -765.0000000000
6920 -764.0000000000
6927 -763.0000000000
6930 -762.0000000000
6959 -761.0000000000
6964 -759.0000000000
6990 -758.0000000000
6994 -757.0000000000
7023 -756.0000000000
7040 -755.0000000000
7044 -754.0000000000
7052 -753.0000000000
7067 -752.0000000000
7089 -750.0000000000
7098 -749.0000000000
7106 -748.0000000000
7118 -747.0000000000
7122 -746.0000000000
7128 -744.0000000000
7130 -743.0000000000
7155 -742.0000000000
7159 -741.0000000000
7163 -740.0000000000
7204 -739.0000000000
7223 -738.0000000000
7226 -737.0000000000
7227 -736.0000000000
7239 -735.0000000000
7255 -734.0000000000
7260 -733.0000000000
7279 -732.0000000000
7293 -731.0000000000
7297 -730.0000000000
7303 -729.0000000000
7321 -728.0000000000
7327 -727.0000000000
7337 -725.0000000000
7347 -724.0000000000
7350 -723.0000000000
7364 -722.0000000000
7385 -721.0000000000
7390 -719.0000000000
7397 -718.0000000000
7406 -717.0000000000
7410 -716.0000000000
7437 -715.0000000000
7460 -714.0000000000
7461 -713.0000000000
7468 -712.0000000000
7471 -711.0000000000
7508 -710.0000000000
7513 -709.0000000000
7552 -708.0000000000
7557 -707.0000000000
7561 -706.0000000000
7566 -704.0000000000
7567 -703.0000000000
7573 -702.0000000000
7578 -701.0000000000
7589 -700.0000000000
7610 -698.0000000000
7633 -697.0000000000
7664 -696.0000000000
7688 -695.0000000000
7739 -694.0000000000
7756 -693.0000000000
7806 -692.0000000000
7810 -691.0000000000
7811 -690.0000000000
7821 -689.0000000000
7845 -688.0000000000
7847 -687.0000000000
7854 -686.0000000000
7870 -685.0000000000
7875 -684.0000000000
7880 -683.0000000000
7917 -682.0000000000
7919 -681.0000000000
7922 -680.0000000000
7940 -679.0000000000
7954 -678.0000000000
7978 -677.0000000000
7995 -676.0000000000
8039 -675.0000000000
8077 -674.0000000000
8093 -673.0000000000
8123 -672.0000000000
8163 -671.0000000000
8167 -670.0000000000
8198 -669.0000000000
8203 -668.0000000000
8218 -667.0000000000
8221 -666.0000000000
8268 -665.0000000000
8292 -664.0000000000
8298 -663.0000000000
8340 -662.0000000000
8349 -661.0000000000
8356 -660.0000000000
8420 -659.0000000000
8424 -658.0000000000
8438 -657.0000000000
8452 -656.0000000000
8474 -655.0000000000
8480 -654.0000000000
8532 -653.0000000000
8538 -652.0000000000
8580 -651.0000000000
8591 -650.0000000000
8597 -649.0000000000
8670 -648.0000000000
8682 -647.0000000000
8722 -646.0000000000
8734 -645.0000000000
8737 -644.0000000000
8757 -643.0000000000
8799 -642.0000000000
8800 -641.0000000000
8826 -640.0000000000
8881 -639.0000000000
8903 -638.0000000000
8918 -637.0000000000
8942 -636.0000000000
8966 -635.0000000000
8972 -633.0000000000
9003 -632.0000000000
9022 -631.0000000000
9027 -630.0000000000
9035 -628.0000000000
9062 -627.0000000000
9073 -626.0000000000
9080 -625.0000000000
9107 -624.0000000000
9117 -623.0000000000
9127 -622.0000000000
9128 -621.0000000000
9146 -620.0000000000
9152 -619.0000000000
9167 -618.0000000000
9173 -617.0000000000
9295 -616.0000000000
9320 -614.0000000000
9322 -613.0000000000
9357 -612.0000000000
9408 -611.0000000000
9430 -610.0000000000
9466 -609.0000000000
9473 -608.0000000000
9478 -607.0000000000
9489 -606.0000000000
9492 -605.0000000000
9503 -604.0000000000
9540 -603.0000000000
9542 -602.0000000000
9544 -601.0000000000
9548 -600.0000000000
9569 -599.0000000000
9629 -598.0000000000
9633 -597.0000000000
9647 -596.0000000000
9654 -595.0000000000
9658 -594.0000000000
9691 -593.0000000000
9747 -592.0000000000
9766 -590.0000000000
9768 -589.0000000000
9770 -588.0000000000
9780 -587.0000000000
9784 -585.0000000000
9790 -584.0000000000
9811 -583.0000000000
9814 -582.0000000000
9846 -581.0000000000
9860 -580.0000000000
9905 -579.0000000000
9943 -578.0000000000
9972 -577.0000000000
9974 -576.0000000000
10000 -576.0000000000
evaluations raw_y
1 -1991.0000000000
2 -1989.0000000000
4 -1987.0000000000
7 -1986.0000000000
18 -1985.0000000000
23 -1984.0000000000
25 -1983.0000000000
26 -1982.0000000000
30 -1981.0000000000
33 -1980.0000000000
35 -1979.0000000000
40 -1978.0000000000
43 -1977.0000000000
49 -1976.0000000000
51 -1975.0000000000
52 -1974.0000000000
55 -1973.0000000000
56 -1972.0000000000
64 -1971.0000000000
77 -1970.0000000000
80 -1969.0000000000
85 -1968.0000000000
101 -1967.0000000000
102 -1966.0000000000
110 -1964.0000000000
111 -1963.0000000000
116 -1961.0000000000
117 -1959.0000000000
119 -1957.0000000000
128 -1956.0000000000
138 -1955.0000000000
143 -1954.0000000000
147 -1953.0000000000
156 -1952.0000000000
158 -1951.0000000000
165 -1948.0000000000
166 -1947.0000000000
167 -1945.0000000000
174 -1944.0000000000
175 -1943.0000000000
176 -1942.0000000000
178 -1939.0000000000
183 -1938.0000000000
185 -1937.0000000000
187 -1936.0000000000
188 -1935.0000000000
189 -1934.0000000000
192 -1933.0000000000
193 -1932.0000000000
194 -1931.0000000000
197 -1930.0000000000
204 -1929.0000000000
207 -1928.0000000000
209 -1926.0000000000
212 -1925.0000000000
217 -1924.0000000000
219 -1923.0000000000
222 -1921.0000000000
225 -1919.0000000000
226 -1918.0000000000
230 -1915.0000000000
233 -1913.0000000000
234 -1912.0000000000
236 -1911.0000000000
248 -1910.0000000000
256 -1909.0000000000
262 -1908.0000000000
277 -1907.0000000000
284 -1906.0000000000
286 -1904.0000000000
289 -1903.0000000000
295 -1902.0000000000
296 -1900.0000000000
304 -1899.0000000000
307 -1898.0000000000
314 -1897.0000000000
315 -1896.0000000000
319 -1895.0000000000
322 -1894.0000000000
330 -1893.0000000000
333 -1892.0000000000
338 -1891.0000000000
342 -1890.0000000000
344 -1888.0000000000
345 -1885.0000000000
348 -1884.0000000000
349 -1882.0000000000
354 -1881.0000000000
357 -1879.0000000000
358 -1878.0000000000
360 -1877.0000000000
363 -1876.0000000000
368 -1874.0000000000
381 -1873.0000000000
389 -1872.0000000000
394 -1870.0000000000
396 -1869.0000000000
398 -1867.0000000000
408 -1866.0000000000
409 -1865.0000000000
419 -1863.0000000000
420 -1861.0000000000
426 -1860.0000000000
428 -1859.0000000000
430 -1858.0000000000
433 -1857.0000000000
434 -1856.0000000000
435 -1855.0000000000
436 -1854.0000000000
437 -1853.0000000000
446 -1851.0000000000
450 -1849.0000000000
452 -1847.0000000000
457 -1846.0000000000
460 -1845.0000000000
462 -1843.0000000000
469 -1842.0000000000
470 -1841.0000000000
471 -1840.0000000000
474 -1839.0000000000
477 -1838.0000000000
478 -1836.0000000000
480 -1834.0000000000
488 -1833.0000000000
492 -1832.0000000000
495 -1831.0000000000
504 -1830.0000000000
513 -1829.0000000000
514 -1828.0000000000
516 -1827.0000000000
518 -1825.0000000000
525 -1824.0000000000
526 -1823.0000000000
530 -1822.0000000000
536 -1821.0000000000
540 -1820.0000000000
548 -1818.0000000000
552 -1817.0000000000
554 -1816.0000000000
557 -1815.0000000000
558 -1814.0000000000
560 -1813.0000000000
564 -1812.0000000000
565 -1811.0000000000
569 -1810.0000000000
570 -1809.0000000000
571 -1808.0000000000
579 -1806.0000000000
582 -1805.0000000000
588 -1804.0000000000
589 -1803.0000000000
590 -1802.0000000000
592 -1800.0000000000
593 -1799.0000000000
594 -1798.0000000000
595 -1797.0000000000
606 -1796.0000000000
614 -1795.0000000000
622 -1794.0000000000
625 -1793.0000000000
630 -1792.0000000000
634 -1791.0000000000
635 -1790.0000000000
639 -1789.0000000000
640 -1788.0000000000
644 -1787.0000000000
649 -1786.0000000000
650 -1784.0000000000
652 -1783.0000000000
656 -1782.0000000000
670 -1781.0000000000
687 -1780.0000000000
690 -1779.0000000000
695 -1778.0000000000
701 -1777.0000000000
707 -1775.0000000000
710 -1773.0000000000
715 -1772.0000000000
725 -1771.0000000000
730 -1770.0000000000
737 -1769.0000000000
739 -1768.0000000000
758 -1766.0000000000
759 -1765.0000000000
762 -1761.0000000000
775 -1760.0000000000
777 -1759.0000000000
778 -1758.0000000000
783 -1757.0000000000
784 -1756.0000000000
789 -1755.0000000000
798 -1754.0000000000
804 -1753.0000000000
810 -1752.0000000000
812 -1750.0000000000
815 -1749.0000000000
816 -1748.0000000000
817 -1747.0000000000
818 -1746.0000000000
823 -1745.0000000000
836 -1743.0000000000
851 -1741.0000000000
860 -1740.0000000000
861 -1737.0000000000
866 -1736.0000000000
874 -1735.0000000000
876 -1734.0000000000
879 -1732.0000000000
884 -1731.0000000000
888 -1730.0000000000
891 -1729.0000000000
892 -1728.0000000000
895 -1726.0000000000
896 -1725.0000000000
900 -1724.0000000000
901 -1722.0000000000
904 -1721.0000000000
915 -1720.0000000000
917 -1719.0000000000
935 -1718.0000000000
936 -1717.0000000000
941 -1716.0000000000
944 -1715.0000000000
947 -1714.0000000000
948 -1713.0000000000
951 -1712.0000000000
954 -1711.0000000000
958 -1709.0000000000
967 -1708.0000000000
974 -1706.0000000000
976 -1705.0000000000
977 -1703.0000000000
985 -1702.0000000000
989 -1701.0000000000
990 -1700.0000000000
995 -1699.0000000000
997 -1697.0000000000
1000 -1696.0000000000
1008 -1695.0000000000
1009 -1694.0000000000
1013 -1693.0000000000
1014 -1690.0000000000
1026 -1689.0000000000
1028 -1688.0000000000
1032 -1687.0000000000
1034 -1686.0000000000
1036 -1685.0000000000
1037 -1683.0000000000
1039 -1682.0000000000
1043 -1681.0000000000
1049 -1680.0000000000
1055 -1679.0000000000
1057 -1678.0000000000
1058 -1676.0000000000
1061 -1675.0000000000
1068 -1674.0000000000
1069 -1673.0000000000
1071 -1672.0000000000
1079 -1671.0000000000
1084 -1668.0000000000
1085 -1667.0000000000
1091 -1666.0000000000
1100 -1665.0000000000
1101 -1663.0000000000
1102 -1662.0000000000
1106 -1661.0000000000
1107 -1659.0000000000
1108 -1658.0000000000
1109 -1656.0000000000
1112 -1655.0000000000
1116 -1654.0000000000
1125 -1652.0000000000
1129 -1651.0000000000
1132 -1650.0000000000
1135 -1648.0000000000
1136 -1647.0000000000
1155 -1646.0000000000
1158 -1645.0000000000
1159 -1644.0000000000
1161 -1643.0000000000
1162 -1642.0000000000
1164 -1640.0000000000
1170 -1639.0000000000
1172 -1637.0000000000
1178 -1636.0000000000
1180 -1635.0000000000
1196 -1634.0000000000
1198 -1633.0000000000
1209 -1632.0000000000
1211 -1631.0000000000
1216 -1629.0000000000
1218 -1628.0000000000
1227 -1627.0000000000
1228 -1626.0000000000
1231 -1624.0000000000
1236 -1623.0000000000
1244 -1622.0000000000
1250 -1620.0000000000
1258 -1619.0000000000
1264 -1617.0000000000
1267 -1616.0000000000
1273 -1614.0000000000
1279 -1613.0000000000
1280 -1612.0000000000
1281 -1611.0000000000
1283 -1610.0000000000
1288 -1609.0000000000
1293 -1608.0000000000
1300 -1607.0000000000
1302 -1603.0000000000
1303 -1601.0000000000
1317 -1600.0000000000
1335 -1599.0000000000
1337 -1598.0000000000
1339 -1597.0000000000
1341 -1596.0000000000
1352 -1595.0000000000
1353 -1594.0000000000
1362 -1593.0000000000
1368 -1592.0000000000
1369 -1590.0000000000
1371 -1589.0000000000
1374 -1587.0000000000
1376 -1586.0000000000
1385 -1585.0000000000
1388 -1584.0000000000
1393 -1582.0000000000
1398 -1581.0000000000
1401 -1580.0000000000
1402 -1579.0000000000
1407 -1578.0000000000
1414 -1577.0000000000
1419 -1576.0000000000
1426 -1575.0000000000
1427 -1574.0000000000
1435 -1573.0000000000
1440 -1571.0000000000
1454 -1570.0000000000
1460 -1569.0000000000
1473 -1568.0000000000
1475 -1567.0000000000
1477 -1566.0000000000
1480 -1565.0000000000
1484 -1564.0000000000
1489 -1563.0000000000
1492 -1562.0000000000
1495 -1561.0000000000
1504 -1560.0000000000
1512 -1559.0000000000
1520 -1558.0000000000
1523 -1556.0000000000
1531 -1555.0000000000
1536 -1554.0000000000
1543 -1553.0000000000
1546 -1552.0000000000
1548 -1549.0000000000
1551 -1548.0000000000
1559 -1547.0000000000
1560 -1546.0000000000
1569 -1545.0000000000
1570 -1544.0000000000
1576 -1543.0000000000
1578 -1542.0000000000
1589 -1541.0000000000
1599 -1540.0000000000
1602 -1539.0000000000
1607 -1538.0000000000
1615 -1537.0000000000
1622 -1536.0000000000
1630 -1535.0000000000
1643 -1534.0000000000
1663 -1533.0000000000
1667 -1532.0000000000
1683 -1530.0000000000
1688 -1529.0000000000
1699 -1528.0000000000
1701 -1527.0000000000
1702 -1526.0000000000
1712 -1525.0000000000
1717 -1523.0000000000
1720 -1522.0000000000
1727 -1521.0000000000
1729 -1520.0000000000
1730 -1519.0000000000
1732 -1518.0000000000
1740 -1517.0000000000
1742 -1516.0000000000
1744 -1515.0000000000
1753 -1514.0000000000
1762 -1513.0000000000
1766 -1512.0000000000
1767 -1511.0000000000
1792 -1510.0000000000
1796 -1508.0000000000
1799 -1507.0000000000
1800 -1506.0000000000
1801 -1505.0000000000
1805 -1504.0000000000
1810 -1503.0000000000
1820 -1502.0000000000
1832 -1501.0000000000
1836 -1500.0000000000
1838 -1499.0000000000
1843 -1498.0000000000
1848 -1497.0000000000
1854 -1496.0000000000
1856 -1495.0000000000
1859 -1493.0000000000
1868 -1492.0000000000
1870 -1491.0000000000
1873 -1490.0000000000
1875 -1488.0000000000
1880 -1487.0000000000
1885 -1486.0000000000
1892 -1485.0000000000
1899 -1484.0000000000
1900 -1483.0000000000
1901 -1482.0000000000
1902 -1480.0000000000
1903 -1479.0000000000
1904 -1478.0000000000
1907 -1476.0000000000
1912 -1475.0000000000
1919 -1474.0000000000
1920 -1473.0000000000
1923 -1472.0000000000
1924 -1471.0000000000
1925 -1470.0000000000
1928 -1468.0000000000
1935 -1467.0000000000
1939 -1466.0000000000
1940 -1465.0000000000
1946 -1464.0000000000
1948 -1463.0000000000
1949 -1462.0000000000
1950 -1461.0000000000
1951 -1460.0000000000
1973 -1459.0000000000
1975 -1458.0000000000
1978 -1457.0000000000
1983 -1456.0000000000
1984 -1454.0000000000
2000 -1452.0000000000
2004 -1451.0000000000
2012 -1449.0000000000
2021 -1448.0000000000
2024 -1447.0000000000
2027 -1446.0000000000
2036 -1445.0000000000
2046 -1444.0000000000
2049 -1443.0000000000
2052 -1442.0000000000
2060 -1441.0000000000
2070 -1440.0000000000
2071 -1439.0000000000
2080 -1437.0000000000
2093 -1436.0000000000
2108 -1435.0000000000
2115 -1434.0000000000
2116 -1433.0000000000
2122 -1432.0000000000
2127 -1431.0000000000
2128 -1430.0000000000
2129 -1429.0000000000
2130 -1428.0000000000
2137 -1427.0000000000
2143 -1426.0000000000
2146 -1425.0000000000
2164 -1424.0000000000
2174 -1423.0000000000
2182 -1422.0000000000
2191 -1421.0000000000
2193 -1420.0000000000
2198 -1419.0000000000
2200 -1418.0000000000
2207 -1417.0000000000
2208 -1416.0000000000
2212 -1414.0000000000
2216 -1413.0000000000
2227 -1412.0000000000
2234 -1411.0000000000
2237 -1409.0000000000
2238 -1408.0000000000
2247 -1407.0000000000
2250 -1406.0000000000
2266 -1405.0000000000
2270 -1404.0000000000
2278 -1403.0000000000
2283 -1402.0000000000
2285 -1401.0000000000
2289 -1400.0000000000
2294 -1399.0000000000
2308 -1398.0000000000
2309 -1396.0000000000
2318 -1394.0000000000
2328 -1392.0000000000
2329 -1391.0000000000
2336 -1390.0000000000
2342 -1389.0000000000
2344 -1388.0000000000
2345 -1387.0000000000
2346 -1386.0000000000
2348 -1385.0000000000
2349 -1383.0000000000
2352 -1382.0000000000
2360 -1380.0000000000
2371 -1379.0000000000
2383 -1378.0000000000
2384 -1376.0000000000
2390 -1375.0000000000
2395 -1374.0000000000
2414 -1372.0000000000
2418 -1370.0000000000
2419 -1369.0000000000
2420 -1367.0000000000
2426 -1366.0000000000
2427 -1365.0000000000
2428 -1364.0000000000
2433 -1363.0000000000
2434 -1362.0000000000
2443 -1361.0000000000
2451 -1359.0000000000
2475 -1358.0000000000
2486 -1357.0000000000
2487 -1356.0000000000
2489 -1355.0000000000
2515 -1354.0000000000
2520 -1353.0000000000
2522 -1352.0000000000
2529 -1351.0000000000
2540 -1350.0000000000
2551 -1349.0000000000
2565 -1348.0000000000
2574 -1347.0000000000
2578 -1346.0000000000
2579 -1345.0000000000
2586 -1344.0000000000
2594 -1343.0000000000
2616 -1342.0000000000
2620 -1341.0000000000
2632 -1340.0000000000
2634 -1339.0000000000
2639 -1338.0000000000
2646 -1337.0000000000
2658 -1336.0000000000
2664 -1335.0000000000
2673 -1334.0000000000
2675 -1333.0000000000
2676 -1331.0000000000
2686 -1330.0000000000
2703 -1329.0000000000
2721 -1328.0000000000
2722 -1327.0000000000
2724 -1325.0000000000
2726 -1323.0000000000
2733 -1322.0000000000
2735 -1321.0000000000
2738 -1320.0000000000
2742 -1318.0000000000
2743 -1317.0000000000
2744 -1316.0000000000
2747 -1315.0000000000
2756 -1314.0000000000
2763 -1313.0000000000
2771 -1312.0000000000
2789 -1311.0000000000
2790 -1310.0000000000
2796 -1309.0000000000
2806 -1308.0000000000
2809 -1307.0000000000
2810 -1306.0000000000
2812 -1304.0000000000
2828 -1303.0000000000
2829 -1302.0000000000
2832 -1300.0000000000
2836 -1299.0000000000
2841 -1298.0000000000
2843 -1297.0000000000
2850 -1296.0000000000
2852 -1295.0000000000
2855 -1294.0000000000
2856 -1292.0000000000
2860 -1291.0000000000
2869 -1290.0000000000
2871 -1289.0000000000
2877 -1288.0000000000
2883 -1287.0000000000
2889 -1286.0000000000
2906 -1285.0000000000
2912 -1284.0000000000
2913 -1283.0000000000
2916 -1282.0000000000
2925 -1280.0000000000
2932 -1278.0000000000
2957 -1277.0000000000
2961 -1276.0000000000
2962 -1275.0000000000
2968 -1274.0000000000
2973 -1272.0000000000
2977 -1271.0000000000
2979 -1269.0000000000
2992 -1268.0000000000
3007 -1267.0000000000
3014 -1266.0000000000
3017 -1265.0000000000
3018 -1264.0000000000
3029 -1263.0000000000
3032 -1261.0000000000
3042 -1260.0000000000
3047 -1259.0000000000
3057 -1258.0000000000
3060 -1257.0000000000
3069 -1256.0000000000
3098 -1255.0000000000
3099 -1254.0000000000
3117 -1253.0000000000
3118 -1252.0000000000
3125 -1251.0000000000
3128 -1250.0000000000
3131 -1249.0000000000
3143 -1248.0000000000
3149 -1244.0000000000
3163 -1243.0000000000
3165 -1242.0000000000
3166 -1241.0000000000
3179 -1240.0000000000
3190 -1239.0000000000
3196 -1238.0000000000
3197 -1237.0000000000
3203 -1236.0000000000
3207 -1235.0000000000
3215 -1234.0000000000
3220 -1233.0000000000
3222 -1232.0000000000
3224 -1231.0000000000
3228 -1230.0000000000
3232 -1229.0000000000
3236 -1228.0000000000
3244 -1227.0000000000
3256 -1226.0000000000
3275 -1224.0000000000
3281 -1223.0000000000
3286 -1221.0000000000
3291 -1220.0000000000
3295 -1218.0000000000
3304 -1217.0000000000
3306 -1216.0000000000
3316 -1215.0000000000
3317 -1214.0000000000
3328 -1213.0000000000
3332 -1212.0000000000
3335 -1211.0000000000
3337 -1209.0000000000
3350 -1208.0000000000
3360 -1207.0000000000
3361 -1206.0000000000
3365 -1205.0000000000
3368 -1204.0000000000
3397 -1203.0000000000
3402 -1201.0000000000
3407 -1199.0000000000
3412 -1198.0000000000
3418 -1197.0000000000
3425 -1196.0000000000
3440 -1195.0000000000
3443 -1194.0000000000
3445 -1193.0000000000
3459 -1192.0000000000
3461 -1191.0000000000
3464 -1190.0000000000
3474 -1189.0000000000
3502 -1188.0000000000
3504 -1187.0000000000
3505 -1186.0000000000
3512 -1185.0000000000
3519 -1183.0000000000
3533 -1182.0000000000
3534 -1181.0000000000
3537 -1178.0000000000
3538 -1177.0000000000
3549 -1176.0000000000
3553 -1175.0000000000
3558 -1174.0000000000
3577 -1173.0000000000
3592 -1172.0000000000
3602 -1171.0000000000
3612 -1170.0000000000
3628 -1169.0000000000
3636 -1168.0000000000
3662 -1167.0000000000
3670 -1166.0000000000
3673 -1164.0000000000
3690 -1163.0000000000
3696 -1162.0000000000
3717 -1161.0000000000
3720 -1160.0000000000
3756 -1159.0000000000
3757 -1158.0000000000
3766 -1157.0000000000
3787 -1156.0000000000
3792 -1155.0000000000
3798 -1154.0000000000
3809 -1153.0000000000
3815 -1152.0000000000
3822 -1151.0000000000
3826 -1150.0000000000
3834 -1149.0000000000
3836 -1148.0000000000
3846 -1147.0000000000
3856 -1146.0000000000
3858 -1145.0000000000
3859 -1143.0000000000
3867 -1142.0000000000
3880 -1140.0000000000
3885 -1139.0000000000
3891 -1138.0000000000
3899 -1136.0000000000
3900 -1135.0000000000
3912 -1134.0000000000
3925 -1133.0000000000
3934 -1132.0000000000
3949 -1131.0000000000
3950 -1130.0000000000
3954 -1128.0000000000
4006 -1125.0000000000
4011 -1124.0000000000
4015 -1123.0000000000
4017 -1122.0000000000
4023 -1121.0000000000
4028 -1120.0000000000
4044 -1119.0000000000
4055 -1118.0000000000
4059 -1117.0000000000
4064 -1116.0000000000
4076 -1115.0000000000
4086 -1113.0000000000
4093 -1112.0000000000
4095 -1111.0000000000
4141 -1110.0000000000
4142 -1109.0000000000
4147 -1108.0000000000
4149 -1107.0000000000
4150 -1106.0000000000
4162 -1105.0000000000
4174 -1103.0000000000
4179 -1102.0000000000
4182 -1101.0000000000
4184 -1100.0000000000
4191 -1099.0000000000
4195 -1097.0000000000
4208 -1096.0000000000
4213 -1095.0000000000
4220 -1094.0000000000
4234 -1093.0000000000
4235 -1092.0000000000
4236 -1091.0000000000
4243 -1090.0000000000
4244 -1089.0000000000
4249 -1088.0000000000
4276 -1087.0000000000
4286 -1086.0000000000
4290 -1085.0000000000
4302 -1084.0000000000
4310 -1083.0000000000
4311 -1082.0000000000
4322 -1081.0000000000
4324 -1080.0000000000
4331 -1079.0000000000
4338 -1078.0000000000
4350 -1077.0000000000
4351 -1076.0000000000
4360 -1075.0000000000
4385 -1074.0000000000
4386 -1073.0000000000
4387 -1071.0000000000
4390 -1070.0000000000
4392 -1069.0000000000
4403 -1068.0000000000
4414 -1067.0000000000
4422 -1066.0000000000
4424 -1065.0000000000
4435 -1064.0000000000
4440 -1063.0000000000
4450 -1062.0000000000
4458 -1061.0000000000
4459 -1060.0000000000
4478 -1059.0000000000
4497 -1058.0000000000
4510 -1057.0000000000
4513 -1056.0000000000
4515 -1055.0000000000
4525 -1054.0000000000
4542 -1053.0000000000
4547 -1052.0000000000
4556 -1051.0000000000
4558 -1050.0000000000
4574 -1049.0000000000
4575 -1047.0000000000
4582 -1046.0000000000
4589 -1045.0000000000
4596 -1044.0000000000
4619 -1043.0000000000
4620 -1042.0000000000
4623 -1041.0000000000
4626 -1040.0000000000
4646 -1039.0000000000
4658 -1038.0000000000
4661 -1036.0000000000
4662 -1035.0000000000
4665 -1034.0000000000
4670 -1033.0000000000
4704 -1032.0000000000
4709 -1031.0000000000
4726 -1030.0000000000
4730 -1029.0000000000
4746 -1028.0000000000
4757 -1027.0000000000
4758 -1026.0000000000
4765 -1025.0000000000
4766 -1023.0000000000
4771 -1022.0000000000
4784 -1020.0000000000
4798 -1019.0000000000
4803 -1018.0000000000
4807 -1017.0000000000
4844 -1016.0000000000
4848 -1014.0000000000
4872 -1013.0000000000
4878 -1012.0000000000
4887 -1011.0000000000
4893 -1010.0000000000
4899 -1009.0000000000
4911 -1008.0000000000
4913 -1007.0000000000
4924 -1006.0000000000
4926 -1004.0000000000
4931 -1003.0000000000
4938 -1001.0000000000
4942 -1000.0000000000
4945 -999.0000000000
4948 -998.0000000000
4959 -997.0000000000
4961 -996.0000000000
4985 -995.0000000000
4987 -994.0000000000
4989 -993.0000000000
4994 -992.0000000000
4995 -991.0000000000
5005 -990.0000000000
5006 -989.0000000000
5007 -988.0000000000
5024 -987.0000000000
5028 -985.0000000000
5036 -984.0000000000
5076 -982.0000000000
5095 -981.0000000000
5102 -980.0000000000
5107 -979.0000000000
5121 -978.0000000000
5164 -976.0000000000
5166 -975.0000000000
5178 -974.0000000000
5186 -973.0000000000
5197 -972.0000000000
5212 -971.0000000000
5215 -970.0000000000
5234 -969.0000000000
5239 -968.0000000000
5240 -967.0000000000
5245 -966.0000000000
5249 -965.0000000000
5254 -964.0000000000
5265 -963.0000000000
5270 -962.0000000000
5280 -961.0000000000
5291 -960.0000000000
5313 -959.0000000000
5316 -958.0000000000
5322 -957.0000000000
5329 -955.0000000000
5350 -954.0000000000
5353 -953.0000000000
5364 -952.0000000000
5395 -951.0000000000
5405 -950.0000000000
5406 -948.0000000000
5414 -947.0000000000
5419 -946.0000000000
5445 -945.0000000000
5460 -944.0000000000
5465 -943.0000000000
5474 -942.0000000000
5513 -941.0000000000
5527 -940.0000000000
5538 -939.0000000000
5552 -938.0000000000
5577 -937.0000000000
5588 -936.0000000000
5610 -935.0000000000
5612 -934.0000000000
5653 -932.0000000000
5665 -931.0000000000
5676 -930.0000000000
5690 -929.0000000000
5696 -928.0000000000
5697 -927.0000000000
5722 -926.0000000000
5724 -925.0000000000
5734 -924.0000000000
5740 -923.0000000000
5744 -922.0000000000
5758 -921.0000000000
5766 -920.0000000000
5770 -919.0000000000
5779 -918.0000000000
5827 -917.0000000000
5828 -916.0000000000
5840 -915.0000000000
5841 -914.0000000000
5843 -913.0000000000
5845 -912.0000000000
5859 -911.0000000000
5862 -910.0000000000
5865 -909.0000000000
5872 -908.0000000000
5879 -907.0000000000
5882 -906.0000000000
5893 -905.0000000000
5894 -904.0000000000
5900 -903.0000000000
5912 -902.0000000000
5926 -901.0000000000
5939 -900.0000000000
5942 -899.0000000000
5951 -898.0000000000
5957 -896.0000000000
5959 -895.0000000000
5976 -893.0000000000
5980 -892.0000000000
5984 -889.0000000000
5994 -888.0000000000
6010 -887.0000000000
6031 -886.0000000000
6046 -885.0000000000
6050 -884.0000000000
6055 -883.0000000000
6059 -882.0000000000
6069 -881.0000000000
6070 -880.0000000000
6077 -879.0000000000
6086 -878.0000000000
6092 -877.0000000000
6096 -876.0000000000
6107 -875.0000000000
6122 -873.0000000000
6131 -872.0000000000
6136 -871.0000000000
6138 -870.0000000000
6157 -869.0000000000
6170 -868.0000000000
6181 -867.0000000000
6182 -866.0000000000
6187 -865.0000000000
6190 -864.0000000000
6200 -863.0000000000
6215 -862.0000000000
6256 -861.0000000000
6264 -858.0000000000
6269 -857.0000000000
6297 -856.0000000000
6325 -855.0000000000
6329 -854.0000000000
6343 -853.0000000000
6345 -852.0000000000
6352 -851.0000000000
6396 -850.0000000000
6400 -849.0000000000
6411 -848.0000000000
6412 -846.0000000000
6417 -845.0000000000
6435 -842.0000000000
6446 -841.0000000000
6449 -840.0000000000
6454 -839.0000000000
6475 -838.0000000000
6489 -837.0000000000
6513 -836.0000000000
6533 -835.0000000000
6534 -834.0000000000
6543 -832.0000000000
6560 -831.0000000000
6562 -830.0000000000
6565 -829.0000000000
6571 -828.0000000000
6576 -827.0000000000
6607 -826.0000000000
6613 -825.0000000000
6615 -823.0000000000
6618 -822.0000000000
6623 -821.0000000000
6661 -820.0000000000
6668 -819.0000000000
6670 -818.0000000000
6675 -817.0000000000
6704 -816.0000000000
6724 -815.0000000000
6738 -814.0000000000
6750 -813.0000000000
6753 -811.0000000000
6761 -810.0000000000
6772 -809.0000000000
6773 -808.0000000000
6787 -807.0000000000
6846 -806.0000000000
6847 -805.0000000000
6863 -804.0000000000
6877 -803.0000000000
6915 -802.0000000000
6952 -799.0000000000
6956 -797.0000000000
6957 -796.0000000000
6966 -795.0000000000
6985 -794.0000000000
6989 -793.0000000000
6995 -791.0000000000
6996 -790.0000000000
7005 -789.0000000000
7015 -788.0000000000
7025 -787.0000000000
7026 -786.0000000000
7034 -785.0000000000
7047 -783.0000000000
7057 -782.0000000000
7075 -781.0000000000
7080 -780.0000000000
7082 -779.0000000000
7106 -777.0000000000
7124 -776.0000000000
7150 -774.0000000000
7156 -773.0000000000
7162 -771.0000000000
7182 -770.0000000000
7193 -769.0000000000
7199 -768.0000000000
7208 -767.0000000000
7215 -766.0000000000
7224 -765.0000000000
7232 -764.0000000000
7250 -763.0000000000
7273 -762.0000000000
7276 -761.0000000000
7309 -760.0000000000
7320 -759.0000000000
7346 -758.0000000000
7349 -756.0000000000
7382 -754.0000000000
7387 -753.0000000000
7395 -752.0000000000
7426 -751.0000000000
7436 -750.0000000000
7467 -749.0000000000
7468 -746.0000000000
7483 -745.0000000000
7492 -744.0000000000
7498 -743.0000000000
7502 -742.0000000000
7545 -741.0000000000
7550 -740.0000000000
7552 -739.0000000000
7557 -738.0000000000
7567 -737.0000000000
7589 -736.0000000000
7626 -735.0000000000
7634 -734.0000000000
7636 -732.0000000000
7641 -731.0000000000
7651 -730.0000000000
7656 -729.0000000000
7667 -728.0000000000
7668 -727.0000000000
7696 -726.0000000000
7709 -725.0000000000
7726 -724.0000000000
7742 -723.0000000000
7758 -722.0000000000
7776 -721.0000000000
7816 -720.0000000000
7821 -719.0000000000
7823 -717.0000000000
7855 -716.0000000000
7882 -715.0000000000
7896 -714.0000000000
7917 -713.0000000000
7939 -712.0000000000
7942 -710.0000000000
7950 -709.0000000000
7962 -708.0000000000
7964 -707.0000000000
7966 -706.0000000000
7981 -705.0000000000
7985 -704.0000000000
7988 -703.0000000000
7996 -702.0000000000
8012 -701.0000000000
8023 -699.0000000000
8028 -698.0000000000
8037 -696.0000000000
8042 -695.0000000000
8073 -694.0000000000
8082 -693.0000000000
8086 -692.0000000000
8111 -691.0000000000
8152 -690.0000000000
8173 -689.0000000000
8181 -688.0000000000
8186 -687.0000000000
8187 -686.0000000000
8201 -685.0000000000
8209 -684.0000000000
8240 -683.0000000000
8246 -682.0000000000
8247 -681.0000000000
8250 -680.0000000000
8251 -679.0000000000
8271 -678.0000000000
8272 -677.0000000000
8281 -676.0000000000
8303 -675.0000000000
8319 -674.0000000000
8323 -673.0000000000
8340 -672.0000000000
8360 -671.0000000000
8365 -670.0000000000
8367 -669.0000000000
8378 -668.0000000000
8382 -667.0000000000
8393 -666.0000000000
8395 -665.0000000000
8398 -663.0000000000
8405 -662.0000000000
8410 -660.0000000000
8432 -659.0000000000
8435 -658.0000000000
8447 -656.0000000000
8461 -655.0000000000
8469 -654.0000000000
8501 -653.0000000000
8509 -652.0000000000
8524 -651.0000000000
8560 -650.0000000000
8588 -649.0000000000
8602 -648.0000000000
8605 -647.0000000000
8609 -646.0000000000
8635 -645.0000000000
8688 -643.0000000000
8698 -642.0000000000
8706 -641.0000000000
8722 -640.0000000000
8729 -639.0000000000
8732 -637.0000000000
8737 -636.0000000000
8738 -635.0000000000
8739 -634.0000000000
8741 -633.0000000000
8784 -631.0000000000
8799 -630.0000000000
8835 -629.0000000000
8846 -628.0000000000
8850 -627.0000000000
8872 -626.0000000000
8892 -625.0000000000
8895 -624.0000000000
8911 -623.0000000000
8945 -622.0000000000
8947 -621.0000000000
8952 -620.0000000000
9003 -619.0000000000
9024 -618.0000000000
9045 -617.0000000000
9050 -615.0000000000
9074 -614.0000000000
9079 -613.0000000000
9087 -612.0000000000
9088 -611.0000000000
9089 -610.0000000000
9127 -609.0000000000
9136 -608.0000000000
9150 -607.0000000000
9222 -605.0000000000
9246 -604.0000000000
9247 -603.0000000000
9303 -602.0000000000
9317 -601.0000000000
9318 -600.0000000000
9363 -599.0000000000
9376 -598.0000000000
9382 -597.0000000000
9401 -596.0000000000
9430 -595.0000000000
9439 -594.0000000000
9465 -593.0000000000
9475 -591.0000000000
9477 -590.0000000000
9480 -589.0000000000
9506 -588.0000000000
9508 -587.0000000000
9539 -586.0000000000
9557 -585.0000000000
9577 -584.0000000000
9591 -583.0000000000
9600 -582.0000000000
9605 -581.0000000000
9615 -580.0000000000
9616 -579.0000000000
9645 -577.0000000000
9653 -576.0000000000
9712 -575.0000000000
9718 -574.0000000000
9770 -573.0000000000
9783 -572.0000000000
9786 -571.0000000000
9800 -570.0000000000
9803 -569.0000000000
9831 -568.0000000000
9859 -567.0000000000
9874 -566.0000000000
9889 -565.0000000000
9890 -564.0000000000
9923 -563.0000000000
9950 -562.0000000000
9969 -561.0000000000
9994 -560.0000000000
9996 -559.0000000000
10000 -559.0000000000
evaluations raw_y
1 -2021.0000000000
3 -2020.0000000000
5 -2018.0000000000
16 -2017.0000000000
18 -2016.0000000000
19 -2015.0000000000
23 -2013.0000000000
24 -2012.0000000000
31 -2010.0000000000
33 -2009.0000000000
34 -2008.0000000000
42 -2007.0000000000
46 -2006.0000000000
48 -2005.0000000000
52 -2004.0000000000
58 -2000.0000000000
59 -1999.0000000000
67 -1998.0000000000
75 -1997.0000000000
77 -1995.0000000000
88 -1994.0000000000
92 -1991.0000000000
112 -1990.0000000000
114 -1989.0000000000
120 -1988.0000000000
123 -1987.0000000000
124 -1986.0000000000
125 -1984.0000000000
127 -1983.0000000000
128 -1982.0000000000
129 -1981.0000000000
133 -1980.0000000000
135 -1979.0000000000
139 -1978.0000000000
142 -1976.0000000000
150 -1975.0000000000
152 -1974.0000000000
160 -1973.0000000000
161 -1972.0000000000
162 -1971.0000000000
163 -1970.0000000000
171 -1969.0000000000
172 -1966.0000000000
174 -1965.0000000000
176 -1963.0000000000
177 -1962.0000000000
182 -1960.0000000000
190 -1958.0000000000
192 -1957.0000000000
193 -1955.0000000000
194 -1954.0000000000
195 -1953.0000000000
197 -1952.0000000000
198 -1951.0000000000
200 -1950.0000000000
204 -1949.0000000000
207 -1948.0000000000
209 -1947.0000000000
218 -1945.0000000000
222 -1944.0000000000
227 -1943.0000000000
233 -1942.0000000000
236 -1940.0000000000
243 -1939.0000000000
246 -1937.0000000000
247 -1936.0000000000
248 -1935.0000000000
251 -1934.0000000000
252 -1933.0000000000
253 -1932.0000000000
257 -1931.0000000000
265 -1929.0000000000
267 -1928.0000000000
269 -1927.0000000000
271 -1926.0000000000
272 -1925.0000000000
274 -1924.0000000000
282 -1922.0000000000
299 -1921.0000000000
310 -1920.0000000000
313 -1918.0000000000
324 -1917.0000000000
325 -1916.0000000000
334 -1915.0000000000
336 -1914.0000000000
346 -1913.0000000000
349 -1912.0000000000
350 -1911.0000000000
351 -1910.0000000000
352 -1909.0000000000
356 -1907.0000000000
359 -1906.0000000000
360 -1905.0000000000
363 -1904.0000000000
368 -1903.0000000000
371 -1902.0000000000
379 -1900.0000000000
380 -1899.0000000000
382 -1897.0000000000
387 -1896.0000000000
392 -1895.0000000000
393 -1894.0000000000
401 -1893.0000000000
407 -1892.0000000000
408 -1891.0000000000
411 -1890.0000000000
419 -1887.0000000000
423 -1886.0000000000
429 -1885.0000000000
432 -1884.0000000000
433 -1883.0000000000
441 -1882.0000000000
448 -1881.0000000000
450 -1880.0000000000
451 -1879.0000000000
458 -1878.0000000000
459 -1877.0000000000
461 -1876.0000000000
467 -1875.0000000000
468 -1873.0000000000
470 -1872.0000000000
489 -1871.0000000000
493 -1869.0000000000
495 -1868.0000000000
497 -1867.0000000000
501 -1866.0000000000
506 -1864.0000000000
507 -1863.0000000000
513 -1862.0000000000
520 -1861.0000000000
524 -1858.0000000000
525 -1857.0000000000
530 -1856.0000000000
532 -1854.0000000000
534 -1853.0000000000
535 -1852.0000000000
539 -1850.0000000000
543 -1849.0000000000
553 -1848.0000000000
554 -1847.0000000000
558 -1846.0000000000
561 -1844.0000000000
565 -1843.0000000000
575 -1842.0000000000
577 -1840.0000000000
579 -1839.0000000000
598 -1838.0000000000
599 -1836.0000000000
609 -1835.0000000000
611 -1834.0000000000
612 -1832.0000000000
621 -1831.0000000000
622 -1829.0000000000
623 -1827.0000000000
639 -1826.0000000000
641 -1825.0000000000
643 -1822.0000000000
646 -1821.0000000000
647 -1820.0000000000
648 -1819.0000000000
649 -1818.0000000000
650 -1817.0000000000
664 -1816.0000000000
668 -1815.0000000000
673 -1814.0000000000
676 -1812.0000000000
681 -1811.0000000000
690 -1810.0000000000
692 -1809.0000000000
700 -1808.0000000000
701 -1807.0000000000
713 -1806.0000000000
718 -1804.0000000000
720 -1803.0000000000
721 -1802.0000000000
723 -1801.0000000000
735 -1800.0000000000
737 -1799.0000000000
738 -1798.0000000000
741 -1796.0000000000
757 -1795.0000000000
758 -1794.0000000000
759 -1792.0000000000
760 -1791.0000000000
766 -1790.0000000000
767 -1789.0000000000
769 -1788.0000000000
773 -1787.0000000000
774 -1786.0000000000
789 -1784.0000000000
791 -1783.0000000000
795 -1782.0000000000
798 -1780.0000000000
799 -1778.0000000000
804 -1777.0000000000
811 -1776.0000000000
813 -1774.0000000000
814 -1773.0000000000
820 -1772.0000000000
828 -1771.0000000000
837 -1770.0000000000
839 -1767.0000000000
840 -1766.0000000000
842 -1765.0000000000
844 -1764.0000000000
847 -1763.0000000000
848 -1762.0000000000
850 -1761.0000000000
855 -1760.0000000000
856 -1759.0000000000
859 -1758.0000000000
863 -1756.0000000000
865 -1755.0000000000
881 -1754.0000000000
884 -1752.0000000000
889 -1751.0000000000
892 -1750.0000000000
894 -1748.0000000000
902 -1747.0000000000
907 -1744.0000000000
909 -1742.0000000000
918 -1741.0000000000
921 -1740.0000000000
924 -1739.0000000000
927 -1737.0000000000
930 -1736.0000000000
934 -1735.0000000000
935 -1734.0000000000
936 -1733.0000000000
938 -1731.0000000000
940 -1730.0000000000
943 -1729.0000000000
946 -1728.0000000000
955 -1727.0000000000
956 -1725.0000000000
960 -1724.0000000000
961 -1723.0000000000
965 -1721.0000000000
968 -1719.0000000000
970 -1718.0000000000
972 -1717.0000000000
978 -1716.0000000000
984 -1715.0000000000
985 -1714.0000000000
986 -1712.0000000000
990 -1711.0000000000
991 -1710.0000000000
997 -1709.0000000000
1001 -1708.0000000000
1005 -1707.0000000000
1007 -1706.0000000000
1010 -1705.0000000000
1015 -1704.0000000000
1027 -1703.0000000000
1028 -1702.0000000000
1032 -1701.0000000000
1034 -1700.0000000000
1036 -1699.0000000000
1046 -1698.0000000000
1049 -1696.0000000000
1051 -1695.0000000000
1053 -1694.0000000000
1056 -1693.0000000000
1066 -1692.0000000000
1067 -1691.0000000000
1069 -1687.0000000000
1070 -1686.0000000000
1073 -1684.0000000000
1075 -1682.0000000000
1076 -1681.0000000000
1077 -1680.0000000000
1087 -1679.0000000000
1094 -1678.0000000000
1096 -1677.0000000000
1104 -1675.0000000000
1107 -1674.0000000000
1108 -1672.0000000000
1112 -1671.0000000000
1114 -1670.0000000000
1116 -1669.0000000000
1117 -1668.0000000000
1122 -1667.0000000000
1124 -1666.0000000000
1125 -1665.0000000000
1151 -1664.0000000000
1161 -1663.0000000000
1163 -1662.0000000000
1170 -1661.0000000000
1172 -1660.0000000000
1177 -1659.0000000000
1183 -1658.0000000000
1187 -1657.0000000000
1190 -1656.0000000000
1201 -1655.0000000000
1203 -1654.0000000000
1211 -1653.0000000000
1214 -1652.0000000000
1219 -1650.0000000000
1220 -1649.0000000000
1225 -1648.0000000000
1239 -1647.0000000000
1241 -1646.0000000000
1248 -1645.0000000000
1250 -1644.0000000000
1251 -1643.0000000000
1255 -1642.0000000000
1258 -1640.0000000000
1268 -1639.0000000000
1269 -1638.0000000000
1270 -1637.0000000000
1273 -1636.0000000000
1278 -1635.0000000000
1287 -1634.0000000000
1292 -1632.0000000000
1296 -1631.0000000000
1302 -1630.0000000000
1310 -1629.0000000000
1311 -1628.0000000000
1318 -1627.0000000000
1321 -1626.0000000000
1323 -1624.0000000000
1324 -1623.0000000000
1327 -1622.0000000000
1328 -1621.0000000000
1340 -1620.0000000000
1342 -1618.0000000000
1347 -1617.0000000000
1354 -1616.0000000000
1356 -1613.0000000000
1363 -1612.0000000000
1367 -1611.0000000000
1369 -1610.0000000000
1373 -1608.0000000000
1379 -1607.0000000000
1386 -1606.0000000000
1396 -1605.0000000000
1397 -1604.0000000000
1400 -1602.0000000000
1403 -1600.0000000000
1406 -1597.0000000000
1409 -1596.0000000000
1410 -1595.0000000000
1411 -1594.0000000000
1412 -1593.0000000000
1413 -1592.0000000000
1422 -1591.0000000000
1433 -1590.0000000000
1436 -1588.0000000000
1451 -1587.0000000000
1453 -1586.0000000000
1458 -1585.0000000000
1468 -1584.0000000000
1473 -1583.0000000000
1483 -1581.0000000000
1486 -1580.0000000000
1487 -1579.0000000000
1504 -1578.0000000000
1513 -1577.0000000000
1518 -1576.0000000000
1520 -1575.0000000000
1524 -1574.0000000000
1525 -1573.0000000000
1529 -1572.0000000000
1534 -1570.0000000000
1537 -1569.0000000000
1539 -1564.0000000000
1540 -1563.0000000000
1546 -1562.0000000000
1556 -1560.0000000000
1560 -1559.0000000000
1565 -1558.0000000000
1567 -1556.0000000000
1574 -1555.0000000000
1582 -1553.0000000000
1586 -1552.0000000000
1590 -1551.0000000000
1594 -1550.0000000000
1595 -1548.0000000000
1604 -1547.0000000000
1606 -1546.0000000000
1607 -1545.0000000000
1613 -1544.0000000000
1617 -1543.0000000000
1619 -1542.0000000000
1631 -1541.0000000000
1645 -1539.0000000000
1648 -1538.0000000000
1649 -1537.0000000000
1659 -1536.0000000000
1662 -1535.0000000000
1668 -1533.0000000000
1679 -1532.0000000000
1683 -1531.0000000000
1688 -1530.0000000000
1694 -1529.0000000000
1696 -1528.0000000000
1698 -1526.0000000000
1708 -1525.0000000000
1725 -1524.0000000000
1726 -1523.0000000000
1727 -1522.0000000000
1729 -1521.0000000000
1734 -1520.0000000000
1739 -1518.0000000000
1740 -1517.0000000000
1744 -1516.0000000000
1745 -1515.0000000000
1749 -1514.0000000000
1756 -1513.0000000000
1758 -1512.0000000000
1762 -1511.0000000000
1772 -1510.0000000000
1785 -1509.0000000000
1788 -1508.0000000000
1797 -1507.0000000000
1798 -1506.0000000000
1800 -1505.0000000000
1809 -1503.0000000000
1816 -1502.0000000000
1817 -1501.0000000000
1818 -1500.0000000000
1819 -1499.0000000000
1824 -1496.0000000000
1840 -1495.0000000000
1855 -1494.0000000000
1857 -1493.0000000000
1864 -1492.0000000000
1872 -1491.0000000000
1879 -1489.0000000000
1880 -1488.0000000000
1888 -1486.0000000000
1889 -1485.0000000000
1890 -1484.0000000000
1893 -1483.0000000000
1897 -1482.0000000000
1899 -1481.0000000000
1901 -1480.0000000000
1906 -1479.0000000000
1909 -1478.0000000000
1926 -1476.0000000000
1945 -1475.0000000000
1951 -1474.0000000000
1954 -1473.0000000000
1963 -1472.0000000000
1973 -1471.0000000000
1982 -1470.0000000000
1997 -1468.0000000000
2004 -1467.0000000000
2007 -1466.0000000000
2014 -1464.0000000000
2018 -1463.0000000000
2019 -1462.0000000000
2020 -1460.0000000000
2023 -1459.0000000000
2035 -1458.0000000000
2037 -1457.0000000000
2039 -1455.0000000000
2040 -1453.0000000000
2043 -1452.0000000000
2046 -1451.0000000000
2051 -1450.0000000000
2056 -1449.0000000000
2059 -1448.0000000000
2061 -1447.0000000000
2064 -1446.0000000000
2065 -1445.0000000000
2073 -1444.0000000000
2074 -1443.0000000000
2076 -1440.0000000000
2078 -1439.0000000000
2086 -1438.0000000000
2095 -1437.0000000000
2103 -1436.0000000000
2108 -1435.0000000000
2113 -1434.0000000000
2118 -1432.0000000000
2119 -1431.0000000000
2128 -1430.0000000000
2145 -1429.0000000000
2147 -1428.0000000000
2159 -1427.0000000000
2165 -1426.0000000000
2176 -1425.0000000000
2178 -1424.0000000000
2185 -1422.0000000000
2186 -1421.0000000000
2187 -1420.0000000000
2191 -1419.0000000000
2206 -1418.0000000000
2207 -1417.0000000000
2211 -1416.0000000000
2212 -1415.0000000000
2223 -1413.0000000000
2228 -1412.0000000000
2238 -1411.0000000000
2242 -1408.0000000000
2243 -1407.0000000000
2257 -1406.0000000000
2264 -1405.0000000000
2268 -1403.0000000000
2271 -1402.0000000000
2286 -1401.0000000000
2292 -1400.0000000000
2302 -1398.0000000000
2304 -1396.0000000000
2308 -1395.0000000000
2310 -1393.0000000000
2311 -1392.0000000000
2315 -1391.0000000000
2323 -1390.0000000000
2326 -1388.0000000000
2335 -1387.0000000000
2336 -1386.0000000000
2340 -1385.0000000000
2346 -1384.0000000000
2360 -1383.0000000000
2362 -1382.0000000000
2364 -1380.0000000000
2377 -1379.0000000000
2386 -1378.0000000000
2391 -1377.0000000000
2393 -1376.0000000000
2394 -1374.0000000000
2396 -1373.0000000000
2401 -1371.0000000000
2404 -1369.0000000000
2406 -1368.0000000000
2414 -1367.0000000000
2418 -1366.0000000000
2420 -1364.0000000000
2430 -1363.0000000000
2431 -1360.0000000000
2434 -1358.0000000000
2435 -1357.0000000000
2440 -1356.0000000000
2447 -1355.0000000000
2452 -1354.0000000000
2456 -1353.0000000000
2481 -1352.0000000000
2483 -1351.0000000000
2486 -1350.0000000000
2490 -1348.0000000000
2508 -1347.0000000000
2510 -1346.0000000000
2511 -1345.0000000000
2516 -1344.0000000000
2521 -1343.0000000000
2539 -1342.0000000000
2544 -1341.0000000000
2545 -1340.0000000000
2553 -1339.0000000000
2560 -1338.0000000000
2568 -1337.0000000000
2570 -1336.0000000000
2586 -1335.0000000000
2590 -1334.0000000000
2592 -1333.0000000000
2605 -1332.0000000000
2609 -1331.0000000000
2615 -1330.0000000000
2622 -1329.0000000000
2635 -1327.0000000000
2636 -1326.0000000000
2642 -1325.0000000000
2650 -1324.0000000000
2662 -1323.0000000000
2673 -1322.0000000000
2679 -1321.0000000000
2688 -1320.0000000000
2696 -1319.0000000000
2699 -1317.0000000000
2707 -1316.0000000000
2710 -1315.0000000000
2713 -1314.0000000000
2716 -1313.0000000000
2722 -1312.0000000000
2723 -1311.0000000000
2725 -1310.0000000000
2726 -1309.0000000000
2728 -1308.0000000000
2750 -1306.0000000000
2765 -1305.0000000000
2766 -1304.0000000000
2776 -1303.0000000000
2777 -1302.0000000000
2778 -1301.0000000000
2780 -1300.0000000000
2781 -1299.0000000000
2784 -1297.0000000000
2790 -1296.0000000000
2791 -1295.0000000000
2800 -1294.0000000000
2801 -1293.0000000000
2802 -1292.0000000000
2814 -1291.0000000000
2816 -1290.0000000000
2820 -1289.0000000000
2823 -1288.0000000000
2831 -1287.0000000000
2832 -1286.0000000000
2833 -1285.0000000000
2834 -1284.0000000000
2835 -1283.0000000000
2836 -1282.0000000000
2838 -1281.0000000000
2863 -1280.0000000000
2869 -1279.0000000000
2871 -1278.0000000000
2877 -1277.0000000000
2890 -1276.0000000000
2902 -1275.0000000000
2910 -1274.0000000000
2914 -1273.0000000000
2917 -1272.0000000000
2919 -1271.0000000000
2928 -1270.0000000000
2953 -1269.0000000000
2961 -1267.0000000000
2964 -1265.0000000000
2966 -1264.0000000000
2972 -1263.0000000000
2979 -1262.0000000000
2983 -1261.0000000000
2993 -1260.0000000000
2998 -1258.0000000000
3001 -1257.0000000000
3002 -1256.0000000000
3008 -1255.0000000000
3010 -1254.0000000000
3018 -1253.0000000000
3022 -1252.0000000000
3025 -1251.0000000000
3027 -1250.0000000000
3029 -1248.0000000000
3038 -1247.0000000000
3046 -1246.0000000000
3057 -1245.0000000000
3058 -1243.0000000000
3061 -1242.0000000000
3067 -1241.0000000000
3072 -1240.0000000000
3079 -1239.0000000000
3085 -1238.0000000000
3087 -1237.0000000000
3098 -1236.0000000000
3103 -1235.0000000000
3118 -1234.0000000000
3127 -1233.0000000000
3138 -1232.0000000000
3142 -1230.0000000000
3168 -1229.0000000000
3178 -1228.0000000000
3185 -1227.0000000000
3203 -1226.0000000000
3212 -1225.0000000000
3216 -1224.0000000000
3217 -1223.0000000000
3239 -1222.0000000000
3248 -1221.0000000000
3249 -1220.0000000000
3251 -1219.0000000000
3255 -1217.0000000000
3256 -1216.0000000000
3259 -1215.0000000000
3266 -1214.0000000000
3280 -1212.0000000000
3289 -1211.0000000000
3309 -1210.0000000000
3310 -1208.0000000000
3311 -1207.0000000000
3316 -1206.0000000000
3327 -1204.0000000000
3349 -1203.0000000000
3358 -1202.0000000000
3367 -1200.0000000000
3385 -1199.0000000000
3387 -1198.0000000000
3395 -1197.0000000000
3402 -1195.0000000000
3411 -1193.0000000000
3431 -1191.0000000000
3434 -1189.0000000000
3438 -1188.0000000000
3444 -1187.0000000000
3447 -1186.0000000000
3451 -1185.0000000000
3458 -1183.0000000000
3460 -1182.0000000000
3464 -1181.0000000000
3466 -1180.0000000000
3467 -1179.0000000000
3485 -1178.0000000000
3486 -1177.0000000000
3492 -1176.0000000000
3493 -1175.0000000000
3498 -1174.0000000000
3501 -1173.0000000000
3516 -1172.0000000000
3519 -1171.0000000000
3529 -1170.0000000000
3532 -1168.0000000000
3536 -1167.0000000000
3561 -1166.0000000000
3573 -1165.0000000000
3589 -1164.0000000000
3623 -1163.0000000000
3624 -1162.0000000000
3633 -1161.0000000000
3637 -1160.0000000000
3639 -1159.0000000000
3649 -1158.0000000000
3666 -1157.0000000000
3668 -1156.0000000000
3725 -1154.0000000000
3728 -1153.0000000000
3731 -1152.0000000000
3735 -1150.0000000000
3785 -1149.0000000000
3789 -1148.0000000000
3791 -1147.0000000000
3794 -1146.0000000000
3802 -1145.0000000000
3806 -1144.0000000000
3814 -1142.0000000000
3824 -1141.0000000000
3865 -1140.0000000000
3867 -1139.0000000000
3868 -1138.0000000000
3878 -1137.0000000000
3880 -1136.0000000000
3881 -1135.0000000000
3884 -1134.0000000000
3893 -1130.0000000000
3914 -1129.0000000000
3915 -1128.0000000000
3924 -1127.0000000000
3933 -1126.0000000000
3936 -1125.0000000000
3946 -1124.0000000000
3951 -1122.0000000000
3956 -1121.0000000000
3966 -1120.0000000000
3968 -1119.0000000000
3987 -1117.0000000000
3996 -1116.0000000000
3999 -1115.0000000000
4001 -1114.0000000000
4007 -1112.0000000000
4035 -1111.0000000000
4037 -1108.0000000000
4039 -1107.0000000000
4046 -1105.0000000000
4060 -1104.0000000000
4065 -1103.0000000000
4067 -1102.0000000000
4068 -1101.0000000000
4075 -1100.0000000000
4088 -1099.0000000000
4089 -1098.0000000000
4091 -1097.0000000000
4111 -1096.0000000000
4122 -1095.0000000000
4131 -1094.0000000000
4133 -1093.0000000000
4152 -1092.0000000000
4157 -1091.0000000000
4161 -1090.0000000000
4163 -1089.0000000000
4168 -1088.0000000000
4176 -1087.0000000000
4191 -1086.0000000000
4194 -1085.0000000000
4196 -1084.0000000000
4203 -1083.0000000000
4210 -1082.0000000000
4211 -1080.0000000000
4213 -1078.0000000000
4216 -1077.0000000000
4233 -1076.0000000000
4244 -1075.0000000000
4245 -1074.0000000000
4252 -1073.0000000000
4255 -1072.0000000000
4257 -1071.0000000000
4259 -1070.0000000000
4260 -1069.0000000000
4275 -1068.0000000000
4279 -1067.0000000000
4286 -1066.0000000000
4295 -1065.0000000000
4301 -1064.0000000000
4309 -1063.0000000000
4311 -1062.0000000000
4344 -1061.0000000000
4369 -1060.0000000000
4376 -1059.0000000000
4395 -1058.0000000000
4406 -1057.0000000000
4412 -1056.0000000000
4425 -1055.0000000000
4462 -1053.0000000000
4463 -1052.0000000000
4479 -1051.0000000000
4487 -1050.0000000000
4490 -1049.0000000000
4494 -1047.0000000000
4503 -1046.0000000000
4505 -1044.0000000000
4508 -1043.0000000000
4509 -1042.0000000000
4510 -1041.0000000000
4512 -1040.0000000000
4513 -1039.0000000000
4529 -1037.0000000000
4533 -1036.0000000000
4538 -1035.0000000000
4549 -1034.0000000000
4559 -1032.0000000000
4563 -1031.0000000000
4569 -1030.0000000000
4572 -1029.0000000000
4576 -1028.0000000000
4583 -1027.0000000000
4588 -1026.0000000000
4590 -1024.0000000000
4592 -1023.0000000000
4600 -1022.0000000000
4614 -1021.0000000000
4616 -1020.0000000000
4627 -1019.0000000000
4653 -1018.0000000000
4664 -1017.0000000000
4675 -1016.0000000000
4690 -1015.0000000000
4692 -1014.0000000000
4705 -1013.0000000000
4734 -1012.0000000000
4736 -1011.0000000000
4750 -1010.0000000000
4772 -1009.0000000000
4774 -1008.0000000000
4788 -1007.0000000000
4795 -1006.0000000000
4798 -1005.0000000000
4812 -1004.0000000000
4814 -1003.0000000000
4817 -1002.0000000000
4827 -1001.0000000000
4858 -1000.0000000000
4866 -999.0000000000
4873 -998.0000000000
4874 -997.0000000000
4878 -996.0000000000
4887 -995.0000000000
4888 -994.0000000000
4898 -993.0000000000
4900 -992.0000000000
4903 -991.0000000000
4920 -990.0000000000
4928 -989.0000000000
4931 -988.0000000000
4934 -987.0000000000
4965 -986.0000000000
4976 -985.0000000000
4977 -984.0000000000
4980 -982.0000000000
4982 -981.0000000000
4997 -979.0000000000
4999 -977.0000000000
5002 -976.0000000000
5003 -974.0000000000
5018 -973.0000000000
5028 -972.0000000000
5040 -970.0000000000
5045 -969.0000000000
5069 -968.0000000000
5105 -967.0000000000
5118 -966.0000000000
5127 -965.0000000000
5134 -964.0000000000
5138 -963.0000000000
5140 -962.0000000000
5147 -961.0000000000
5153 -960.0000000000
5155 -959.0000000000
5159 -958.0000000000
5177 -957.0000000000
5188 -956.0000000000
5211 -955.0000000000
5217 -953.0000000000
5246 -952.0000000000
5249 -951.0000000000
5256 -950.0000000000
5259 -948.0000000000
5276 -947.0000000000
5280 -946.0000000000
5285 -945.0000000000
5292 -944.0000000000
5297 -942.0000000000
5298 -941.0000000000
5303 -940.0000000000
5304 -939.0000000000
5310 -938.0000000000
5320 -937.0000000000
5326 -936.0000000000
5328 -935.0000000000
5335 -934.0000000000
5346 -933.0000000000
5354 -932.0000000000
5365 -931.0000000000
5366 -930.0000000000
5368 -929.0000000000
5377 -928.0000000000
5379 -927.0000000000
5388 -926.0000000000
5416 -925.0000000000
5418 -924.0000000000
5424 -923.0000000000
5428 -922.0000000000
5441 -921.0000000000
5471 -920.0000000000
5475 -919.0000000000
5485 -918.0000000000
5494 -917.0000000000
5517 -916.0000000000
5518 -914.0000000000
5528 -913.0000000000
5536 -912.0000000000
5553 -911.0000000000
5569 -910.0000000000
5585 -909.0000000000
5594 -908.0000000000
5617 -907.0000000000
5624 -906.0000000000
5628 -905.0000000000
5629 -904.0000000000
5630 -903.0000000000
5641 -902.0000000000
5646 -901.0000000000
5656 -898.0000000000
5659 -897.0000000000
5670 -896.0000000000
5689 -895.0000000000
5707 -894.0000000000
5712 -893.0000000000
5713 -892.0000000000
5719 -891.0000000000
5723 -890.0000000000
5725 -889.0000000000
5729 -888.0000000000
5735 -887.0000000000
5740 -886.0000000000
5741 -885.0000000000
5744 -884.0000000000
5758 -883.0000000000
5761 -882.0000000000
5765 -881.0000000000
5769 -880.0000000000
5777 -879.0000000000
5786 -878.0000000000
5804 -877.0000000000
5813 -876.0000000000
5835 -875.0000000000
5840 -874.0000000000
5853 -873.0000000000
5861 -872.0000000000
5865 -871.0000000000
5879 -870.0000000000
5888 -869.0000000000
5892 -868.0000000000
5893 -867.0000000000
5903 -866.0000000000
5921 -865.0000000000
5926 -864.0000000000
5944 -863.0000000000
5951 -862.0000000000
5966 -861.0000000000
5969 -860.0000000000
5979 -859.0000000000
5987 -858.0000000000
5995 -857.0000000000
6005 -856.0000000000
6014 -855.0000000000
6021 -854.0000000000
6036 -853.0000000000
6041 -852.0000000000
6045 -851.0000000000
6047 -850.0000000000
6068 -849.0000000000
6071 -848.0000000000
6072 -847.0000000000
6081 -846.0000000000
6088 -845.0000000000
6093 -844.0000000000
6097 -843.0000000000
6105 -842.0000000000
6113 -841.0000000000
6147 -839.0000000000
6186 -838.0000000000
6197 -837.0000000000
6200 -836.0000000000
6217 -835.0000000000
6232 -834.0000000000
6258 -833.0000000000
6305 -831.0000000000
6307 -830.0000000000
6313 -829.0000000000
6316 -828.0000000000
6330 -827.0000000000
6340 -826.0000000000
6353 -825.0000000000
6364 -824.0000000000
6383 -823.0000000000
6437 -822.0000000000
6440 -821.0000000000
6443 -820.0000000000
6445 -819.0000000000
6450 -818.0000000000
6461 -817.0000000000
6482 -816.0000000000
6488 -815.0000000000
6495 -814.0000000000
6509 -813.0000000000
6520 -812.0000000000
6521 -811.0000000000
6526 -810.0000000000
6532 -809.0000000000
6537 -808.0000000000
6562 -807.0000000000
6573 -806.0000000000
6574 -805.0000000000
6575 -804.0000000000
6582 -802.0000000000
6589 -801.0000000000
6598 -800.0000000000
6601 -799.0000000000
6609 -798.0000000000
6610 -797.0000000000
6615 -796.0000000000
6625 -795.0000000000
6663 -794.0000000000
6667 -793.0000000000
6683 -792.0000000000
6687 -791.0000000000
6692 -790.0000000000
6695 -788.0000000000
6697 -787.0000000000
6710 -785.0000000000
6714 -784.0000000000
6728 -783.0000000000
6735 -782.0000000000
6743 -781.0000000000
6758 -780.0000000000
6765 -779.0000000000
6809 -778.0000000000
6837 -777.0000000000
6839 -776.0000000000
6842 -775.0000000000
6851 -774.0000000000
6872 -773.0000000000
6879 -772.0000000000
6896 -771.0000000000
6913 -770.0000000000
6927 -769.0000000000
6971 -768.0000000000
6987 -767.0000000000
6989 -766.0000000000
6997 -765.0000000000
7001 -764.0000000000
7004 -763.0000000000
7007 -762.0000000000
7048 -761.0000000000
7085 -760.0000000000
7091 -758.0000000000
7111 -757.0000000000
7113 -756.0000000000
7114 -755.0000000000
7123 -753.0000000000
7129 -752.0000000000
7201 -751.0000000000
7202 -750.0000000000
7223 -749.0000000000
7241 -748.0000000000
7285 -747.0000000000
7286 -746.0000000000
7331 -745.0000000000
7346 -744.0000000000
7349 -743.0000000000
7350 -742.0000000000
7393 -741.0000000000
7396 -740.0000000000
7403 -739.0000000000
7407 -738.0000000000
7441 -736.0000000000
7470 -735.0000000000
7475 -734.0000000000
7479 -733.0000000000
7480 -732.0000000000
7495 -731.0000000000
7498 -730.0000000000
7500 -729.0000000000
7508 -728.0000000000
7512 -727.0000000000
7549 -726.0000000000
7552 -725.0000000000
7571 -723.0000000000
7583 -722.0000000000
7588 -721.0000000000
7602 -720.0000000000
7634 -719.0000000000
7643 -718.0000000000
7654 -717.0000000000
7659 -716.0000000000
7663 -715.0000000000
7684 -714.0000000000
7696 -712.0000000000
7720 -710.0000000000
7789 -709.0000000000
7823 -708.0000000000
7832 -707.0000000000
7837 -706.0000000000
7856 -705.0000000000
7863 -703.0000000000
7894 -702.0000000000
7900 -701.0000000000
7907 -700.0000000000
7911 -699.0000000000
7916 -698.0000000000
7923 -697.0000000000
7935 -696.0000000000
7955 -695.0000000000
7974 -694.0000000000
7979 -693.0000000000
7983 -692.0000000000
7991 -690.0000000000
7995 -689.0000000000
8006 -688.0000000000
8045 -687.0000000000
8056 -685.0000000000
8066 -684.0000000000
8111 -683.0000000000
8132 -681.0000000000
8135 -680.0000000000
8172 -679.0000000000
8231 -678.0000000000
8237 -677.0000000000
8241 -676.0000000000
8243 -675.0000000000
8249 -674.0000000000
8253 -673.0000000000
8278 -672.0000000000
8310 -671.0000000000
8323 -669.0000000000
8325 -668.0000000000
8348 -667.0000000000
8358 -666.0000000000
8373 -665.0000000000
8397 -664.0000000000
8398 -663.0000000000
8411 -662.0000000000
8439 -661.0000000000
8440 -660.0000000000
8446 -659.0000000000
8450 -658.0000000000
8457 -657.0000000000
8483 -656.0000000000
8484 -654.0000000000
8488 -653.0000000000
8490 -652.0000000000
8496 -651.0000000000
8499 -650.0000000000
8518 -649.0000000000
8521 -648.0000000000
8552 -647.0000000000
8559 -646.0000000000
8564 -645.0000000000
8581 -644.0000000000
8597 -643.0000000000
8606 -642.0000000000
8619 -641.0000000000
8642 -640.0000000000
8649 -639.0000000000
8653 -638.0000000000
8659 -636.0000000000
8664 -635.0000000000
8688 -634.0000000000
8689 -633.0000000000
8723 -632.0000000000
8725 -630.0000000000
8734 -629.0000000000
8744 -628.0000000000
8760 -627.0000000000
8763 -626.0000000000
8764 -625.0000000000
8792 -624.0000000000
8799 -623.0000000000
8875 -622.0000000000
8897 -620.0000000000
8917 -619.0000000000
8929 -618.0000000000
8963 -617.0000000000
8965 -616.0000000000
8985 -615.0000000000
8987 -614.0000000000
9034 -613.0000000000
9068 -611.0000000000
9078 -610.0000000000
9092 -609.0000000000
9100 -608.0000000000
9102 -607.0000000000
9117 -606.0000000000
9141 -605.0000000000
9147 -603.0000000000
9167 -602.0000000000
9179 -601.0000000000
9197 -600.0000000000
9204 -599.0000000000
9264 -598.0000000000
9269 -596.0000000000
9278 -595.0000000000
9295 -594.0000000000
9296 -593.0000000000
9298 -592.0000000000
9316 -591.0000000000
9318 -590.0000000000
9322 -589.0000000000
9333 -588.0000000000
9344 -587.0000000000
9376 -585.0000000000
9393 -584.0000000000
9426 -583.0000000000
9435 -582.0000000000
9436 -581.0000000000
9441 -580.0000000000
9452 -579.0000000000
9472 -578.0000000000
9476 -577.0000000000
9483 -576.0000000000
9520 -575.0000000000
9532 -574.0000000000
9533 -573.0000000000
9549 -572.0000000000
9550 -571.0000000000
9560 -570.0000000000
9562 -569.0000000000
9569 -568.0000000000
9608 -567.0000000000
9634 -566.0000000000
9641 -565.0000000000
9642 -564.0000000000
9643 -563.0000000000
9644 -562.0000000000
9654 -561.0000000000
9658 -560.0000000000
9662 -559.0000000000
9671 -558.0000000000
9676 -557.0000000000
9682 -556.0000000000
9687 -555.0000000000
9688 -554.0000000000
9712 -553.0000000000
9729 -552.0000000000
9741 -551.0000000000
9742 -550.0000000000
9749 -549.0000000000
9751 -546.0000000000
9755 -545.0000000000
9799 -544.0000000000
9800 -543.0000000000
9803 -542.0000000000
9811 -541.0000000000
9848 -540.0000000000
9849 -539.0000000000
9862 -538.0000000000
9870 -536.0000000000
9889 -535.0000000000
9910 -533.0000000000
9920 -532.0000000000
9924 -530.0000000000
9928 -529.0000000000
9931 -528.0000000000
9943 -527.0000000000
9986 -526.0000000000
9990 -525.0000000000
10000 -527.0000000000
