evaluations raw_y
1 -221.0000000000
10 -220.0000000000
11 -219.0000000000
15 -216.0000000000
20 -215.0000000000
23 -214.0000000000
30 -212.0000000000
31 -211.0000000000
32 -209.0000000000
40 -208.0000000000
41 -206.0000000000
43 -204.0000000000
45 -203.0000000000
50 -201.0000000000
57 -200.0000000000
59 -199.0000000000
62 -198.0000000000
63 -197.0000000000
65 -195.0000000000
68 -194.0000000000
69 -193.0000000000
77 -192.0000000000
82 -191.0000000000
84 -190.0000000000
87 -189.0000000000
88 -188.0000000000
93 -187.0000000000
95 -186.0000000000
98 -185.0000000000
102 -184.0000000000
107 -183.0000000000
108 -182.0000000000
111 -181.0000000000
112 -180.0000000000
119 -179.0000000000
121 -178.0000000000
125 -177.0000000000
137 -176.0000000000
138 -175.0000000000
145 -174.0000000000
148 -172.0000000000
149 -171.0000000000
159 -169.0000000000
163 -168.0000000000
164 -167.0000000000
173 -166.0000000000
175 -165.0000000000
182 -164.0000000000
187 -163.0000000000
189 -162.0000000000
191 -161.0000000000
196 -160.0000000000
198 -159.0000000000
204 -157.0000000000
205 -155.0000000000
206 -154.0000000000
217 -153.0000000000
225 -152.0000000000
229 -151.0000000000
232 -149.0000000000
238 -148.0000000000
244 -147.0000000000
257 -146.0000000000
263 -145.0000000000
289 -144.0000000000
295 -143.0000000000
296 -142.0000000000
299 -141.0000000000
300 -140.0000000000
307 -139.0000000000
308 -138.0000000000
312 -137.0000000000
315 -136.0000000000
330 -135.0000000000
332 -134.0000000000
333 -133.0000000000
340 -132.0000000000
345 -131.0000000000
348 -130.0000000000
355 -129.0000000000
356 -128.0000000000
359 -127.0000000000
365 -126.0000000000
368 -125.0000000000
378 -124.0000000000
389 -123.0000000000
399 -122.0000000000
401 -121.0000000000
402 -120.0000000000
413 -118.0000000000
445 -117.0000000000
448 -116.0000000000
453 -115.0000000000
462 -114.0000000000
474 -113.0000000000
479 -112.0000000000
488 -111.0000000000
500 -110.0000000000
506 -109.0000000000
521 -108.0000000000
526 -107.0000000000
527 -106.0000000000
530 -105.0000000000
536 -104.0000000000
538 -103.0000000000
540 -102.0000000000
541 -100.0000000000
545 -99.0000000000
550 -98.0000000000
567 -97.0000000000
568 -96.0000000000
578 -95.0000000000
593 -94.0000000000
598 -91.0000000000
599 -90.0000000000
610 -89.0000000000
615 -88.0000000000
637 -87.0000000000
642 -86.0000000000
644 -85.0000000000
645 -84.0000000000
661 -83.0000000000
666 -82.0000000000
681 -81.0000000000
705 -80.0000000000
717 -79.0000000000
723 -78.0000000000
734 -77.0000000000
739 -76.0000000000
744 -75.0000000000
760 -74.0000000000
781 -73.0000000000
803 -71.0000000000
807 -70.0000000000
826 -69.0000000000
859 -68.0000000000
867 -67.0000000000
871 -66.0000000000
873 -65.0000000000
874 -64.0000000000
878 -63.0000000000
889 -62.0000000000
898 -61.0000000000
902 -60.0000000000
917 -59.0000000000
931 -58.0000000000
932 -57.0000000000
942 -56.0000000000
981 -55.0000000000
1002 -54.0000000000
1005 -53.0000000000
1008 -52.0000000000
1009 -51.0000000000
1012 -50.0000000000
1074 -47.0000000000
1095 -46.0000000000
1188 -45.0000000000
1217 -44.0000000000
1264 -42.0000000000
1272 -41.0000000000
1280 -40.0000000000
1312 -38.0000000000
1313 -37.0000000000
1318 -36.0000000000
1330 -35.0000000000
1340 -34.0000000000
1360 -33.0000000000
1409 -32.0000000000
1417 -31.0000000000
1470 -30.0000000000
1519 -29.0000000000
1559 -28.0000000000
1567 -27.0000000000
1581 -26.0000000000
1622 -25.0000000000
1712 -24.0000000000
1766 -23.0000000000
1796 -22.0000000000
1897 -21.0000000000
1914 -20.0000000000
1942 -19.0000000000
2014 -18.0000000000
2024 -17.0000000000
2102 -16.0000000000
2106 -15.0000000000
2122 -14.0000000000
2194 -13.0000000000
2248 -12.0000000000
2305 -11.0000000000
2307 -10.0000000000
2515 -9.0000000000
2518 -8.0000000000
2520 -7.0000000000
2560 -6.0000000000
2602 -5.0000000000
2743 -4.0000000000
2750 -3.0000000000
2895 -2.0000000000
2954 -1.0000000000
3089 402.0000000000
3539 403.0000000000
4124 406.0000000000
4460 412.0000000000
6839 414.0000000000
9380 416.0000000000
10000 -2.0000000000
evaluations raw_y
1 -216.0000000000
9 -215.0000000000
10 -214.0000000000
18 -213.0000000000
20 -212.0000000000
24 -211.0000000000
25 -210.0000000000
31 -209.0000000000
40 -207.0000000000
43 -206.0000000000
48 -205.0000000000
69 -204.0000000000
70 -203.0000000000
71 -202.0000000000
80 -201.0000000000
90 -200.0000000000
91 -199.0000000000
93 -197.0000000000
96 -196.0000000000
100 -195.0000000000
108 -194.0000000000
109 -193.0000000000
110 -192.0000000000
120 -191.0000000000
121 -189.0000000000
126 -188.0000000000
137 -187.0000000000
145 -186.0000000000
149 -184.0000000000
151 -183.0000000000
155 -182.0000000000
175 -181.0000000000
178 -180.0000000000
182 -179.0000000000
191 -177.0000000000
196 -176.0000000000
197 -175.0000000000
199 -174.0000000000
202 -173.0000000000
206 -172.0000000000
207 -171.0000000000
221 -170.0000000000
224 -169.0000000000
231 -168.0000000000
234 -167.0000000000
243 -166.0000000000
244 -165.0000000000
247 -164.0000000000
253 -163.0000000000
255 -162.0000000000
259 -161.0000000000
264 -160.0000000000
271 -159.0000000000
274 -158.0000000000
281 -157.0000000000
284 -156.0000000000
285 -155.0000000000
290 -154.0000000000
292 -153.0000000000
303 -152.0000000000
304 -151.0000000000
305 -148.0000000000
319 -146.0000000000
325 -145.0000000000
331 -144.0000000000
332 -143.0000000000
335 -142.0000000000
336 -141.0000000000
337 -140.0000000000
338 -139.0000000000
349 -138.0000000000
354 -137.0000000000
358 -136.0000000000
360 -135.0000000000
370 -134.0000000000
371 -133.0000000000
386 -132.0000000000
394 -131.0000000000
398 -130.0000000000
400 -128.0000000000
404 -127.0000000000
406 -126.0000000000
409 -125.0000000000
425 -124.0000000000
426 -123.0000000000
440 -122.0000000000
459 -121.0000000000
467 -120.0000000000
470 -119.0000000000
472 -118.0000000000
474 -117.0000000000
519 -116.0000000000
523 -114.0000000000
524 -113.0000000000
532 -112.0000000000
547 -111.0000000000
552 -110.0000000000
555 -109.0000000000
556 -108.0000000000
560 -107.0000000000
578 -106.0000000000
588 -105.0000000000
609 -104.0000000000
611 -103.0000000000
626 -102.0000000000
639 -99.0000000000
640 -98.0000000000
670 -97.0000000000
671 -96.0000000000
697 -95.0000000000
701 -94.0000000000
716 -93.0000000000
726 -92.0000000000
734 -90.0000000000
752 -89.0000000000
779 -88.0000000000
791 -87.0000000000
805 -86.0000000000
822 -85.0000000000
825 -84.0000000000
838 -83.0000000000
843 -82.0000000000
845 -81.0000000000
872 -80.0000000000
873 -79.0000000000
874 -78.0000000000
886 -77.0000000000
891 -76.0000000000
908 -75.0000000000
914 -74.0000000000
925 -73.0000000000
937 -71.0000000000
952 -70.0000000000
989 -69.0000000000
1013 -68.0000000000
1036 -67.0000000000
1043 -66.0000000000
1051 -65.0000000000
1063 -64.0000000000
1081 -63.0000000000
1095 -62.0000000000
1111 -61.0000000000
1118 -60.0000000000
1133 -59.0000000000
1154 -58.0000000000
1164 -57.0000000000
1179 -56.0000000000
1181 -55.0000000000
1204 -54.0000000000
1221 -53.0000000000
1231 -52.0000000000
1235 -51.0000000000
1268 -50.0000000000
1271 -49.0000000000
1314 -48.0000000000
1341 -47.0000000000
1357 -46.0000000000
1363 -45.0000000000
1369 -43.0000000000
1384 -42.0000000000
1397 -41.0000000000
1418 -40.0000000000
1423 -39.0000000000
1448 -37.0000000000
1457 -36.0000000000
1477 -35.0000000000
1527 -34.0000000000
1554 -33.0000000000
1557 -32.0000000000
1575 -31.0000000000
1587 -30.0000000000
1588 -29.0000000000
1594 -28.0000000000
1597 -26.0000000000
1625 -25.0000000000
1642 -23.0000000000
1696 -22.0000000000
1728 -21.0000000000
1851 -20.0000000000
1877 -19.0000000000
1880 -18.0000000000
1972 -17.0000000000
2120 -16.0000000000
2141 -15.0000000000
2153 -14.0000000000
2161 -13.0000000000
2194 -12.0000000000
2260 -11.0000000000
2288 -10.0000000000
2300 -9.0000000000
2412 -8.0000000000
2416 -7.0000000000
2420 -6.0000000000
2594 -5.0000000000
2702 -4.0000000000
2765 -3.0000000000
2850 -2.0000000000
2862 -1.0000000000
2925 378.0000000000
3193 389.0000000000
3323 400.0000000000
3552 410.0000000000
6036 413.0000000000
6693 414.0000000000
9353 416.0000000000
10000 -1.0000000000
evaluations raw_y
1 -204.0000000000
2 -203.0000000000
3 -202.0000000000
7 -201.0000000000
11 -200.0000000000
13 -199.0000000000
16 -198.0000000000
18 -197.0000000000
20 -196.0000000000
24 -195.0000000000
26 -194.0000000000
27 -193.0000000000
41 -192.0000000000
54 -190.0000000000
72 -189.0000000000
86 -188.0000000000
102 -187.0000000000
106 -186.0000000000
107 -185.0000000000
111 -184.0000000000
113 -183.0000000000
129 -182.0000000000
139 -181.0000000000
141 -179.0000000000
143 -178.0000000000
151 -176.0000000000
153 -174.0000000000
162 -173.0000000000
170 -172.0000000000
175 -171.0000000000
178 -170.0000000000
182 -169.0000000000
184 -168.0000000000
196 -167.0000000000
204 -165.0000000000
206 -164.0000000000
212 -161.0000000000
214 -160.0000000000
216 -159.0000000000
217 -157.0000000000
227 -155.0000000000
234 -154.0000000000
237 -153.0000000000
245 -152.0000000000
255 -151.0000000000
273 -150.0000000000
275 -149.0000000000
280 -148.0000000000
284 -147.0000000000
285 -146.0000000000
293 -145.0000000000
295 -143.0000000000
297 -141.0000000000
301 -140.0000000000
306 -138.0000000000
310 -136.0000000000
314 -135.0000000000
329 -133.0000000000
355 -132.0000000000
361 -130.0000000000
370 -129.0000000000
371 -126.0000000000
375 -125.0000000000
379 -124.0000000000
387 -123.0000000000
396 -122.0000000000
402 -121.0000000000
408 -120.0000000000
416 -118.0000000000
422 -116.0000000000
454 -115.0000000000
455 -114.0000000000
456 -113.0000000000
459 -112.0000000000
461 -111.0000000000
465 -109.0000000000
473 -107.0000000000
475 -106.0000000000
479 -105.0000000000
481 -103.0000000000
488 -102.0000000000
511 -101.0000000000
516 -100.0000000000
518 -99.0000000000
522 -98.0000000000
529 -97.0000000000
532 -95.0000000000
536 -94.0000000000
564 -93.0000000000
571 -92.0000000000
602 -91.0000000000
605 -90.0000000000
606 -89.0000000000
608 -88.0000000000
626 -87.0000000000
627 -86.0000000000
641 -85.0000000000
642 -84.0000000000
688 -83.0000000000
712 -82.0000000000
713 -81.0000000000
718 -80.0000000000
725 -79.0000000000
735 -78.0000000000
736 -77.0000000000
742 -76.0000000000
748 -75.0000000000
766 -74.0000000000
775 -73.0000000000
820 -72.0000000000
832 -71.0000000000
841 -70.0000000000
842 -69.0000000000
846 -68.0000000000
861 -67.0000000000
863 -66.0000000000
873 -65.0000000000
891 -63.0000000000
893 -62.0000000000
897 -61.0000000000
901 -60.0000000000
913 -59.0000000000
916 -58.0000000000
946 -57.0000000000
954 -56.0000000000
964 -54.0000000000
982 -53.0000000000
1007 -52.0000000000
1021 -51.0000000000
1023 -50.0000000000
1063 -49.0000000000
1106 -48.0000000000
1117 -47.0000000000
1122 -46.0000000000
1138 -45.0000000000
1156 -44.0000000000
1167 -43.0000000000
1180 -42.0000000000
1189 -41.0000000000
1227 -40.0000000000
1336 -39.0000000000
1341 -38.0000000000
1356 -37.0000000000
1386 -36.0000000000
1389 -35.0000000000
1394 -33.0000000000
1401 -32.0000000000
1505 -31.0000000000
1508 -30.0000000000
1519 -29.0000000000
1533 -28.0000000000
1534 -27.0000000000
1545 -26.0000000000
1560 -25.0000000000
1584 -24.0000000000
1629 -23.0000000000
1645 -22.0000000000
1721 -21.0000000000
1740 -20.0000000000
1783 -19.0000000000
1807 -18.0000000000
1853 -17.0000000000
1906 -16.0000000000
1917 -15.0000000000
1941 -14.0000000000
1954 -13.0000000000
1965 -12.0000000000
1988 -11.0000000000
2012 -9.0000000000
2051 -8.0000000000
2203 -7.0000000000
2255 -6.0000000000
2344 -5.0000000000
2360 -4.0000000000
2425 -3.0000000000
2437 -2.0000000000
2461 -1.0000000000
2622 382.0000000000
2769 384.0000000000
2804 386.0000000000
3030 394.0000000000
3335 395.0000000000
3420 397.0000000000
3657 402.0000000000
3919 405.0000000000
4132 409.0000000000
4745 411.0000000000
5356 413.0000000000
5426 414.0000000000
6146 415.0000000000
6185 418.0000000000
6354 421.0000000000
9194 423.0000000000
9717 425.0000000000
10000 -1.0000000000
evaluations raw_y
1 -208.0000000000
2 -207.0000000000
8 -206.0000000000
9 -205.0000000000
17 -203.0000000000
26 -202.0000000000
28 -201.0000000000
36 -200.0000000000
40 -199.0000000000
45 -198.0000000000
47 -197.0000000000
50 -196.0000000000
52 -195.0000000000
53 -194.0000000000
71 -193.0000000000
72 -192.0000000000
73 -191.0000000000
76 -189.0000000000
81 -188.0000000000
84 -187.0000000000
101 -186.0000000000
103 -185.0000000000
106 -183.0000000000
110 -182.0000000000
120 -181.0000000000
129 -180.0000000000
134 -179.0000000000
141 -178.0000000000
142 -177.0000000000
147 -176.0000000000
153 -175.0000000000
154 -174.0000000000
158 -173.0000000000
166 -172.0000000000
168 -171.0000000000
170 -169.0000000000
171 -168.0000000000
174 -166.0000000000
175 -165.0000000000
177 -164.0000000000
183 -162.0000000000
198 -161.0000000000
202 -159.0000000000
211 -158.0000000000
215 -157.0000000000
225 -156.0000000000
228 -155.0000000000
230 -153.0000000000
234 -152.0000000000
239 -151.0000000000
242 -149.0000000000
243 -146.0000000000
244 -145.0000000000
245 -144.0000000000
251 -143.0000000000
253 -140.0000000000
255 -139.0000000000
263 -137.0000000000
270 -135.0000000000
285 -133.0000000000
287 -132.0000000000
292 -130.0000000000
293 -128.0000000000
302 -127.0000000000
308 -126.0000000000
309 -125.0000000000
312 -124.0000000000
314 -122.0000000000
323 -121.0000000000
346 -120.0000000000
348 -119.0000000000
350 -118.0000000000
361 -117.0000000000
369 -116.0000000000
371 -115.0000000000
373 -114.0000000000
381 -113.0000000000
383 -111.0000000000
400 -109.0000000000
404 -108.0000000000
409 -107.0000000000
416 -106.0000000000
422 -105.0000000000
434 -104.0000000000
466 -103.0000000000
493 -102.0000000000
498 -101.0000000000
499 -100.0000000000
511 -99.0000000000
514 -98.0000000000
525 -97.0000000000
530 -96.0000000000
542 -95.0000000000
544 -94.0000000000
553 -92.0000000000
578 -91.0000000000
580 -90.0000000000
591 -89.0000000000
610 -88.0000000000
616 -87.0000000000
617 -86.0000000000
621 -85.0000000000
622 -84.0000000000
650 -83.0000000000
656 -82.0000000000
662 -81.0000000000
664 -80.0000000000
703 -79.0000000000
743 -78.0000000000
747 -77.0000000000
756 -76.0000000000
785 -75.0000000000
786 -74.0000000000
794 -73.0000000000
803 -72.0000000000
808 -71.0000000000
816 -70.0000000000
817 -69.0000000000
820 -68.0000000000
821 -67.0000000000
833 -66.0000000000
840 -65.0000000000
849 -64.0000000000
883 -62.0000000000
884 -61.0000000000
909 -60.0000000000
932 -59.0000000000
947 -58.0000000000
970 -57.0000000000
986 -56.0000000000
993 -55.0000000000
1000 -54.0000000000
1004 -53.0000000000
1008 -52.0000000000
1013 -51.0000000000
1031 -50.0000000000
1082 -49.0000000000
1093 -48.0000000000
1129 -47.0000000000
1146 -46.0000000000
1176 -45.0000000000
1212 -44.0000000000
1250 -43.0000000000
1253 -42.0000000000
1270 -41.0000000000
1271 -40.0000000000
1308 -39.0000000000
1380 -38.0000000000
1394 -37.0000000000
1462 -36.0000000000
1495 -35.0000000000
1512 -34.0000000000
1523 -33.0000000000
1554 -32.0000000000
1598 -31.0000000000
1659 -30.0000000000
1663 -29.0000000000
1683 -28.0000000000
1685 -27.0000000000
1689 -26.0000000000
1847 -25.0000000000
1888 -24.0000000000
1960 -23.0000000000
2086 -22.0000000000
2092 -21.0000000000
2168 -20.0000000000
2177 -19.0000000000
2195 -18.0000000000
2273 -17.0000000000
2300 -16.0000000000
2361 -15.0000000000
2484 -14.0000000000
2496 -13.0000000000
2505 -12.0000000000
2535 -11.0000000000
2568 -10.0000000000
2816 -9.0000000000
2862 -8.0000000000
2883 -7.0000000000
2913 -6.0000000000
2915 -5.0000000000
2935 -4.0000000000
3087 -3.0000000000
3163 -2.0000000000
3184 -1.0000000000
3217 342.0000000000
3252 352.0000000000
3537 358.0000000000
3909 364.0000000000
4092 380.0000000000
4176 389.0000000000
4241 393.0000000000
4636 395.0000000000
4759 403.0000000000
5938 405.0000000000
6182 406.0000000000
6743 408.0000000000
7075 417.0000000000
10000 -2.0000000000
evaluations raw_y
1 -200.0000000000
8 -199.0000000000
13 -198.0000000000
16 -197.0000000000
17 -196.0000000000
19 -195.0000000000
24 -194.0000000000
26 -193.0000000000
29 -191.0000000000
30 -189.0000000000
31 -188.0000000000
37 -187.0000000000
58 -186.0000000000
61 -185.0000000000
62 -184.0000000000
66 -183.0000000000
70 -182.0000000000
72 -181.0000000000
73 -179.0000000000
78 -178.0000000000
79 -177.0000000000
80 -176.0000000000
83 -175.0000000000
89 -174.0000000000
95 -173.0000000000
98 -172.0000000000
100 -171.0000000000
101 -170.0000000000
102 -169.0000000000
104 -168.0000000000
108 -167.0000000000
109 -166.0000000000
110 -165.0000000000
116 -163.0000000000
118 -162.0000000000
122 -161.0000000000
124 -160.0000000000
125 -159.0000000000
128 -158.0000000000
140 -156.0000000000
142 -155.0000000000
147 -154.0000000000
149 -153.0000000000
151 -152.0000000000
159 -151.0000000000
164 -150.0000000000
178 -149.0000000000
181 -148.0000000000
190 -147.0000000000
199 -145.0000000000
206 -144.0000000000
211 -143.0000000000
218 -142.0000000000
219 -141.0000000000
232 -140.0000000000
236 -138.0000000000
240 -136.0000000000
241 -134.0000000000
249 -132.0000000000
269 -131.0000000000
274 -130.0000000000
275 -129.0000000000
294 -127.0000000000
296 -126.0000000000
297 -125.0000000000
305 -124.0000000000
307 -122.0000000000
314 -121.0000000000
319 -120.0000000000
333 -118.0000000000
358 -117.0000000000
360 -116.0000000000
362 -115.0000000000
380 -114.0000000000
382 -113.0000000000
388 -112.0000000000
389 -111.0000000000
410 -110.0000000000
431 -109.0000000000
434 -107.0000000000
438 -106.0000000000
460 -105.0000000000
470 -104.0000000000
474 -103.0000000000
475 -102.0000000000
476 -99.0000000000
479 -98.0000000000
481 -97.0000000000
482 -95.0000000000
488 -94.0000000000
495 -93.0000000000
521 -92.0000000000
527 -91.0000000000
547 -90.0000000000
550 -89.0000000000
573 -88.0000000000
597 -87.0000000000
604 -86.0000000000
605 -85.0000000000
610 -84.0000000000
620 -83.0000000000
626 -82.0000000000
629 -81.0000000000
636 -80.0000000000
638 -79.0000000000
658 -78.0000000000
678 -77.0000000000
693 -76.0000000000
699 -75.0000000000
701 -74.0000000000
712 -73.0000000000
725 -72.0000000000
746 -71.0000000000
748 -69.0000000000
757 -68.0000000000
769 -67.0000000000
806 -66.0000000000
826 -65.0000000000
840 -64.0000000000
847 -63.0000000000
855 -62.0000000000
856 -60.0000000000
858 -59.0000000000
867 -58.0000000000
868 -57.0000000000
889 -56.0000000000
899 -55.0000000000
913 -54.0000000000
915 -53.0000000000
919 -52.0000000000
927 -51.0000000000
993 -50.0000000000
999 -49.0000000000
1018 -48.0000000000
1041 -47.0000000000
1043 -46.0000000000
1044 -45.0000000000
1067 -44.0000000000
1076 -43.0000000000
1132 -42.0000000000
1137 -41.0000000000
1206 -40.0000000000
1221 -39.0000000000
1242 -38.0000000000
1247 -37.0000000000
1257 -36.0000000000
1273 -35.0000000000
1314 -34.0000000000
1338 -32.0000000000
1359 -31.0000000000
1385 -30.0000000000
1391 -29.0000000000
1396 -28.0000000000
1428 -27.0000000000
1479 -26.0000000000
1500 -25.0000000000
1520 -24.0000000000
1548 -23.0000000000
1569 -22.0000000000
1608 -21.0000000000
1655 -20.0000000000
1680 -19.0000000000
1719 -18.0000000000
1837 -17.0000000000
1875 -16.0000000000
1907 -15.0000000000
1959 -14.0000000000
2004 -13.0000000000
2045 -12.0000000000
2080 -11.0000000000
2092 -10.0000000000
2174 -9.0000000000
2375 -8.0000000000
2390 -7.0000000000
2461 -6.0000000000
2531 -5.0000000000
2588 -4.0000000000
2658 -3.0000000000
2687 -2.0000000000
2693 -1.0000000000
2781 384.0000000000
3311 393.0000000000
3358 399.0000000000
3627 404.0000000000
5586 412.0000000000
5751 413.0000000000
6328 416.0000000000
7012 418.0000000000
8506 419.0000000000
9129 420.0000000000
10000 -1.0000000000
evaluations raw_y
1 -226.0000000000
3 -225.0000000000
11 -224.0000000000
12 -222.0000000000
13 -221.0000000000
16 -220.0000000000
25 -218.0000000000
26 -217.0000000000
30 -216.0000000000
31 -215.0000000000
35 -212.0000000000
39 -211.0000000000
46 -209.0000000000
49 -208.0000000000
50 -205.0000000000
59 -204.0000000000
65 -203.0000000000
72 -202.0000000000
73 -201.0000000000
75 -200.0000000000
77 -199.0000000000
81 -198.0000000000
83 -197.0000000000
85 -196.0000000000
89 -195.0000000000
90 -194.0000000000
92 -193.0000000000
97 -192.0000000000
103 -191.0000000000
105 -190.0000000000
108 -188.0000000000
118 -187.0000000000
125 -184.0000000000
129 -183.0000000000
132 -182.0000000000
136 -181.0000000000
141 -180.0000000000
147 -179.0000000000
152 -178.0000000000
161 -177.0000000000
166 -176.0000000000
167 -174.0000000000
170 -172.0000000000
174 -169.0000000000
175 -168.0000000000
178 -167.0000000000
188 -166.0000000000
189 -165.0000000000
190 -164.0000000000
192 -163.0000000000
194 -162.0000000000
197 -160.0000000000
203 -159.0000000000
210 -158.0000000000
211 -157.0000000000
230 -156.0000000000
234 -155.0000000000
238 -154.0000000000
242 -153.0000000000
243 -152.0000000000
248 -151.0000000000
257 -150.0000000000
258 -149.0000000000
262 -148.0000000000
265 -147.0000000000
271 -146.0000000000
272 -145.0000000000
278 -144.0000000000
280 -143.0000000000
289 -142.0000000000
302 -140.0000000000
309 -139.0000000000
320 -138.0000000000
321 -136.0000000000
324 -135.0000000000
332 -134.0000000000
346 -133.0000000000
378 -132.0000000000
379 -131.0000000000
392 -130.0000000000
404 -129.0000000000
410 -128.0000000000
411 -127.0000000000
419 -126.0000000000
431 -124.0000000000
433 -123.0000000000
457 -122.0000000000
466 -121.0000000000
467 -120.0000000000
472 -119.0000000000
478 -118.0000000000
490 -117.0000000000
497 -116.0000000000
498 -115.0000000000
506 -114.0000000000
528 -113.0000000000
532 -111.0000000000
535 -110.0000000000
538 -109.0000000000
568 -108.0000000000
569 -107.0000000000
584 -106.0000000000
589 -105.0000000000
591 -104.0000000000
602 -103.0000000000
648 -102.0000000000
660 -101.0000000000
670 -100.0000000000
690 -97.0000000000
740 -96.0000000000
742 -95.0000000000
759 -94.0000000000
781 -93.0000000000
792 -92.0000000000
801 -91.0000000000
828 -90.0000000000
837 -89.0000000000
844 -88.0000000000
848 -87.0000000000
861 -86.0000000000
865 -85.0000000000
878 -84.0000000000
883 -83.0000000000
894 -82.0000000000
896 -81.0000000000
906 -79.0000000000
920 -78.0000000000
921 -76.0000000000
923 -75.0000000000
929 -74.0000000000
932 -73.0000000000
938 -72.0000000000
939 -71.0000000000
942 -70.0000000000
998 -69.0000000000
1001 -68.0000000000
1005 -66.0000000000
1010 -65.0000000000
1013 -64.0000000000
1064 -63.0000000000
1069 -62.0000000000
1085 -61.0000000000
1089 -60.0000000000
1105 -58.0000000000
1114 -57.0000000000
1136 -55.0000000000
1143 -54.0000000000
1169 -53.0000000000
1170 -52.0000000000
1178 -51.0000000000
1188 -50.0000000000
1204 -49.0000000000
1214 -48.0000000000
1233 -47.0000000000
1239 -46.0000000000
1250 -45.0000000000
1252 -44.0000000000
1285 -43.0000000000
1291 -42.0000000000
1309 -41.0000000000
1318 -40.0000000000
1324 -39.0000000000
1328 -38.0000000000
1392 -37.0000000000
1436 -35.0000000000
1460 -34.0000000000
1518 -33.0000000000
1528 -32.0000000000
1542 -31.0000000000
1546 -30.0000000000
1585 -29.0000000000
1603 -28.0000000000
1611 -27.0000000000
1624 -26.0000000000
1700 -25.0000000000
1714 -24.0000000000
1791 -23.0000000000
1811 -22.0000000000
1814 -21.0000000000
1825 -20.0000000000
1831 -19.0000000000
1960 -18.0000000000
2149 -17.0000000000
2155 -16.0000000000
2184 -15.0000000000
2186 -14.0000000000
2202 -13.0000000000
2250 -12.0000000000
2414 -11.0000000000
2482 -10.0000000000
2501 -9.0000000000
2506 -8.0000000000
2514 -7.0000000000
2566 -6.0000000000
2977 -5.0000000000
3243 -4.0000000000
3359 -3.0000000000
3404 -2.0000000000
3468 -1.0000000000
3470 377.0000000000
3559 389.0000000000
3796 393.0000000000
4093 394.0000000000
4165 396.0000000000
4176 404.0000000000
4697 408.0000000000
5241 410.0000000000
5388 414.0000000000
6003 420.0000000000
7215 423.0000000000
7399 424.0000000000
10000 -2.0000000000
evaluations raw_y
1 -214.0000000000
9 -213.0000000000
21 -212.0000000000
25 -211.0000000000
26 -210.0000000000
28 -209.0000000000
32 -208.0000000000
34 -207.0000000000
39 -206.0000000000
41 -205.0000000000
42 -204.0000000000
43 -203.0000000000
47 -202.0000000000
48 -200.0000000000
53 -199.0000000000
57 -197.0000000000
62 -196.0000000000
65 -195.0000000000
66 -193.0000000000
68 -192.0000000000
71 -191.0000000000
77 -190.0000000000
88 -187.0000000000
94 -186.0000000000
100 -185.0000000000
103 -184.0000000000
110 -183.0000000000
111 -182.0000000000
117 -181.0000000000
119 -180.0000000000
121 -179.0000000000
129 -178.0000000000
134 -177.0000000000
139 -176.0000000000
140 -175.0000000000
141 -174.0000000000
143 -173.0000000000
147 -172.0000000000
149 -171.0000000000
152 -169.0000000000
153 -167.0000000000
155 -166.0000000000
165 -165.0000000000
166 -164.0000000000
167 -163.0000000000
170 -161.0000000000
175 -160.0000000000
178 -158.0000000000
208 -157.0000000000
212 -156.0000000000
219 -155.0000000000
220 -154.0000000000
235 -153.0000000000
256 -152.0000000000
257 -150.0000000000
259 -149.0000000000
262 -148.0000000000
271 -147.0000000000
274 -146.0000000000
279 -145.0000000000
283 -144.0000000000
288 -143.0000000000
295 -142.0000000000
297 -141.0000000000
307 -140.0000000000
311 -139.0000000000
314 -138.0000000000
316 -137.0000000000
319 -136.0000000000
326 -135.0000000000
334 -133.0000000000
340 -132.0000000000
341 -131.0000000000
342 -130.0000000000
345 -129.0000000000
352 -128.0000000000
357 -127.0000000000
365 -126.0000000000
369 -125.0000000000
378 -124.0000000000
382 -123.0000000000
389 -122.0000000000
406 -120.0000000000
411 -119.0000000000
434 -118.0000000000
437 -117.0000000000
441 -116.0000000000
444 -115.0000000000
456 -114.0000000000
457 -113.0000000000
465 -112.0000000000
470 -111.0000000000
475 -110.0000000000
478 -109.0000000000
481 -108.0000000000
482 -107.0000000000
487 -106.0000000000
492 -105.0000000000
497 -104.0000000000
507 -103.0000000000
512 -102.0000000000
513 -101.0000000000
530 -100.0000000000
544 -98.0000000000
549 -96.0000000000
550 -95.0000000000
552 -94.0000000000
568 -93.0000000000
587 -92.0000000000
595 -91.0000000000
618 -90.0000000000
640 -89.0000000000
645 -87.0000000000
646 -86.0000000000
652 -85.0000000000
655 -84.0000000000
660 -83.0000000000
688 -82.0000000000
721 -81.0000000000
732 -79.0000000000
745 -78.0000000000
750 -77.0000000000
753 -76.0000000000
758 -75.0000000000
764 -74.0000000000
783 -72.0000000000
806 -70.0000000000
838 -69.0000000000
858 -68.0000000000
890 -67.0000000000
903 -66.0000000000
915 -65.0000000000
931 -64.0000000000
934 -63.0000000000
941 -62.0000000000
943 -61.0000000000
969 -60.0000000000
976 -59.0000000000
984 -58.0000000000
999 -57.0000000000
1014 -56.0000000000
1040 -55.0000000000
1062 -54.0000000000
1066 -53.0000000000
1103 -52.0000000000
1128 -51.0000000000
1132 -50.0000000000
1134 -49.0000000000
1162 -48.0000000000
1199 -47.0000000000
1205 -46.0000000000
1206 -45.0000000000
1264 -44.0000000000
1281 -43.0000000000
1317 -42.0000000000
1331 -40.0000000000
1420 -39.0000000000
1471 -38.0000000000
1504 -37.0000000000
1524 -36.0000000000
1530 -35.0000000000
1596 -34.0000000000
1632 -33.0000000000
1651 -32.0000000000
1675 -31.0000000000
1703 -30.0000000000
1714 -29.0000000000
1715 -28.0000000000
1721 -27.0000000000
1722 -26.0000000000
1762 -25.0000000000
1797 -24.0000000000
1820 -23.0000000000
1855 -22.0000000000
1857 -21.0000000000
1889 -20.0000000000
1906 -19.0000000000
1925 -18.0000000000
1940 -17.0000000000
1970 -16.0000000000
1973 -15.0000000000
1985 -14.0000000000
1995 -13.0000000000
2068 -12.0000000000
2329 -11.0000000000
2349 -10.0000000000
2359 -9.0000000000
2467 -8.0000000000
2696 -7.0000000000
2743 -6.0000000000
2812 -5.0000000000
2823 -4.0000000000
2919 -3.0000000000
2922 -2.0000000000
2975 -1.0000000000
3077 401.0000000000
3126 403.0000000000
3158 405.0000000000
3629 411.0000000000
4051 417.0000000000
8686 419.0000000000
8951 420.0000000000
10000 420.0000000000
evaluations raw_y
1 -223.0000000000
3 -221.0000000000
5 -220.0000000000
9 -219.0000000000
10 -218.0000000000
12 -217.0000000000
13 -216.0000000000
16 -215.0000000000
17 -214.0000000000
24 -213.0000000000
25 -212.0000000000
27 -211.0000000000
28 -210.0000000000
30 -209.0000000000
35 -207.0000000000
39 -205.0000000000
43 -204.0000000000
50 -203.0000000000
53 -202.0000000000
60 -201.0000000000
67 -200.0000000000
73 -199.0000000000
75 -197.0000000000
85 -196.0000000000
90 -195.0000000000
96 -194.0000000000
100 -193.0000000000
101 -192.0000000000
106 -191.0000000000
110 -190.0000000000
115 -189.0000000000
122 -188.0000000000
124 -187.0000000000
127 -186.0000000000
131 -185.0000000000
134 -184.0000000000
135 -183.0000000000
136 -181.0000000000
137 -180.0000000000
148 -179.0000000000
150 -178.0000000000
152 -177.0000000000
156 -176.0000000000
157 -175.0000000000
158 -174.0000000000
160 -173.0000000000
165 -172.0000000000
170 -171.0000000000
178 -169.0000000000
186 -168.0000000000
191 -167.0000000000
195 -166.0000000000
199 -165.0000000000
211 -164.0000000000
216 -160.0000000000
218 -159.0000000000
219 -158.0000000000
224 -156.0000000000
228 -155.0000000000
230 -154.0000000000
244 -153.0000000000
248 -152.0000000000
249 -151.0000000000
252 -150.0000000000
253 -149.0000000000
266 -148.0000000000
296 -147.0000000000
297 -146.0000000000
303 -145.0000000000
310 -144.0000000000
329 -143.0000000000
336 -142.0000000000
349 -141.0000000000
355 -139.0000000000
359 -138.0000000000
366 -137.0000000000
370 -135.0000000000
379 -134.0000000000
385 -133.0000000000
390 -132.0000000000
395 -129.0000000000
408 -128.0000000000
409 -127.0000000000
414 -126.0000000000
420 -125.0000000000
424 -124.0000000000
434 -123.0000000000
438 -121.0000000000
441 -120.0000000000
461 -119.0000000000
463 -118.0000000000
478 -117.0000000000
484 -116.0000000000
486 -115.0000000000
487 -114.0000000000
488 -113.0000000000
489 -112.0000000000
494 -111.0000000000
495 -110.0000000000
498 -109.0000000000
504 -108.0000000000
510 -107.0000000000
511 -106.0000000000
558 -105.0000000000
572 -104.0000000000
574 -103.0000000000
583 -102.0000000000
597 -101.0000000000
603 -100.0000000000
633 -99.0000000000
635 -98.0000000000
638 -96.0000000000
640 -95.0000000000
647 -94.0000000000
653 -93.0000000000
658 -92.0000000000
666 -91.0000000000
697 -90.0000000000
699 -89.0000000000
716 -88.0000000000
718 -87.0000000000
719 -86.0000000000
753 -85.0000000000
759 -84.0000000000
762 -83.0000000000
768 -82.0000000000
798 -81.0000000000
801 -80.0000000000
802 -79.0000000000
809 -78.0000000000
863 -77.0000000000
879 -76.0000000000
880 -75.0000000000
911 -74.0000000000
921 -73.0000000000
937 -72.0000000000
940 -71.0000000000
941 -70.0000000000
948 -69.0000000000
963 -68.0000000000
969 -67.0000000000
985 -66.0000000000
1022 -65.0000000000
1027 -64.0000000000
1076 -62.0000000000
1088 -61.0000000000
1120 -60.0000000000
1122 -58.0000000000
1156 -57.0000000000
1158 -56.0000000000
1192 -55.0000000000
1208 -54.0000000000
1217 -53.0000000000
1226 -52.0000000000
1230 -51.0000000000
1254 -50.0000000000
1264 -48.0000000000
1290 -47.0000000000
1299 -46.0000000000
1310 -45.0000000000
1329 -44.0000000000
1368 -43.0000000000
1385 -42.0000000000
1402 -41.0000000000
1408 -40.0000000000
1411 -39.0000000000
1427 -38.0000000000
1444 -37.0000000000
1468 -36.0000000000
1473 -35.0000000000
1559 -34.0000000000
1576 -33.0000000000
1622 -32.0000000000
1628 -30.0000000000
1751 -29.0000000000
1766 -28.0000000000
1821 -27.0000000000
1841 -26.0000000000
1876 -25.0000000000
1916 -24.0000000000
1997 -23.0000000000
2128 -22.0000000000
2181 -21.0000000000
2228 -20.0000000000
2250 -19.0000000000
2281 -18.0000000000
2326 -17.0000000000
2350 -16.0000000000
2387 -15.0000000000
2545 -14.0000000000
2551 -13.0000000000
2553 -12.0000000000
2555 -11.0000000000
2609 -10.0000000000
2630 -9.0000000000
2653 -8.0000000000
2666 -7.0000000000
2683 -6.0000000000
2703 -5.0000000000
2894 -4.0000000000
3021 -3.0000000000
3137 -2.0000000000
3141 -1.0000000000
3237 379.0000000000
3529 387.0000000000
3825 392.0000000000
3944 398.0000000000
4441 405.0000000000
6290 409.0000000000
6559 411.0000000000
6860 412.0000000000
7072 414.0000000000
7796 416.0000000000
9440 418.0000000000
10000 -2.0000000000
evaluations raw_y
1 -234.0000000000
5 -233.0000000000
12 -232.0000000000
14 -231.0000000000
21 -230.0000000000
27 -229.0000000000
30 -227.0000000000
31 -226.0000000000
33 -225.0000000000
35 -224.0000000000
38 -223.0000000000
39 -222.0000000000
42 -221.0000000000
44 -220.0000000000
54 -219.0000000000
61 -217.0000000000
65 -216.0000000000
73 -214.0000000000
76 -213.0000000000
81 -212.0000000000
88 -211.0000000000
90 -210.0000000000
92 -208.0000000000
93 -207.0000000000
95 -206.0000000000
96 -205.0000000000
97 -203.0000000000
98 -201.0000000000
104 -199.0000000000
105 -197.0000000000
109 -196.0000000000
120 -195.0000000000
123 -193.0000000000
125 -192.0000000000
128 -191.0000000000
130 -190.0000000000
136 -189.0000000000
137 -188.0000000000
141 -187.0000000000
142 -186.0000000000
144 -184.0000000000
148 -183.0000000000
156 -182.0000000000
157 -180.0000000000
158 -179.0000000000
163 -178.0000000000
165 -177.0000000000
168 -175.0000000000
174 -174.0000000000
179 -173.0000000000
181 -172.0000000000
182 -171.0000000000
183 -169.0000000000
188 -168.0000000000
189 -167.0000000000
192 -166.0000000000
193 -164.0000000000
194 -163.0000000000
195 -162.0000000000
198 -160.0000000000
201 -158.0000000000
203 -156.0000000000
207 -155.0000000000
214 -154.0000000000
216 -151.0000000000
228 -150.0000000000
241 -149.0000000000
243 -148.0000000000
270 -147.0000000000
271 -146.0000000000
278 -145.0000000000
281 -144.0000000000
283 -143.0000000000
311 -142.0000000000
325 -141.0000000000
330 -140.0000000000
341 -139.0000000000
342 -138.0000000000
352 -137.0000000000
381 -136.0000000000
385 -135.0000000000
388 -134.0000000000
393 -133.0000000000
409 -131.0000000000
421 -130.0000000000
424 -129.0000000000
426 -127.0000000000
436 -126.0000000000
438 -125.0000000000
440 -123.0000000000
443 -122.0000000000
453 -121.0000000000
459 -120.0000000000
467 -119.0000000000
488 -118.0000000000
491 -117.0000000000
494 -116.0000000000
496 -115.0000000000
501 -113.0000000000
502 -112.0000000000
508 -111.0000000000
524 -109.0000000000
526 -108.0000000000
535 -107.0000000000
537 -106.0000000000
543 -105.0000000000
552 -104.0000000000
562 -103.0000000000
564 -102.0000000000
568 -101.0000000000
577 -100.0000000000
580 -99.0000000000
581 -98.0000000000
583 -97.0000000000
604 -96.0000000000
624 -95.0000000000
630 -93.0000000000
633 -92.0000000000
641 -91.0000000000
653 -90.0000000000
670 -89.0000000000
674 -88.0000000000
677 -87.0000000000
678 -85.0000000000
693 -84.0000000000
694 -83.0000000000
696 -82.0000000000
698 -81.0000000000
711 -80.0000000000
713 -79.0000000000
719 -78.0000000000
724 -77.0000000000
726 -75.0000000000
744 -74.0000000000
752 -73.0000000000
765 -72.0000000000
794 -71.0000000000
795 -70.0000000000
803 -69.0000000000
818 -67.0000000000
855 -66.0000000000
863 -64.0000000000
867 -63.0000000000
873 -61.0000000000
880 -60.0000000000
926 -59.0000000000
927 -58.0000000000
956 -57.0000000000
959 -56.0000000000
969 -55.0000000000
989 -54.0000000000
990 -53.0000000000
1020 -52.0000000000
1031 -51.0000000000
1048 -50.0000000000
1093 -48.0000000000
1109 -47.0000000000
1151 -46.0000000000
1158 -45.0000000000
1187 -44.0000000000
1199 -43.0000000000
1203 -42.0000000000
1255 -41.0000000000
1289 -40.0000000000
1323 -39.0000000000
1324 -38.0000000000
1329 -37.0000000000
1332 -36.0000000000
1373 -35.0000000000
1405 -34.0000000000
1512 -32.0000000000
1635 -31.0000000000
1657 -30.0000000000
1659 -28.0000000000
1679 -27.0000000000
1694 -26.0000000000
1738 -25.0000000000
1804 -23.0000000000
1855 -22.0000000000
1859 -20.0000000000
1867 -19.0000000000
1891 -18.0000000000
1907 -17.0000000000
2016 -16.0000000000
2040 -15.0000000000
2042 -14.0000000000
2086 -13.0000000000
2115 -12.0000000000
2158 -11.0000000000
2220 -10.0000000000
2406 -9.0000000000
2441 -8.0000000000
2451 -7.0000000000
2479 -6.0000000000
2551 -5.0000000000
2666 -4.0000000000
2903 -3.0000000000
3015 -2.0000000000
3028 -1.0000000000
3034 380.0000000000
3395 394.0000000000
3852 399.0000000000
4558 403.0000000000
4831 404.0000000000
5145 405.0000000000
6027 411.0000000000
7824 412.0000000000
9199 414.0000000000
10000 414.0000000000
evaluations raw_y
1 -219.0000000000
2 -218.0000000000
5 -217.0000000000
7 -215.0000000000
12 -214.0000000000
13 -212.0000000000
14 -210.0000000000
19 -209.0000000000
26 -208.0000000000
28 -207.0000000000
31 -206.0000000000
32 -205.0000000000
39 -204.0000000000
44 -202.0000000000
46 -201.0000000000
48 -200.0000000000
49 -199.0000000000
54 -198.0000000000
55 -196.0000000000
56 -195.0000000000
60 -194.0000000000
71 -193.0000000000
72 -192.0000000000
74 -191.0000000000
81 -190.0000000000
82 -188.0000000000
83 -187.0000000000
85 -186.0000000000
87 -185.0000000000
90 -184.0000000000
92 -183.0000000000
101 -182.0000000000
103 -181.0000000000
110 -180.0000000000
111 -179.0000000000
121 -177.0000000000
125 -176.0000000000
130 -174.0000000000
133 -173.0000000000
134 -172.0000000000
143 -171.0000000000
147 -169.0000000000
153 -168.0000000000
156 -167.0000000000
162 -166.0000000000
173 -164.0000000000
174 -163.0000000000
183 -161.0000000000
184 -160.0000000000
185 -158.0000000000
186 -157.0000000000
189 -156.0000000000
195 -154.0000000000
198 -153.0000000000
217 -152.0000000000
221 -151.0000000000
224 -150.0000000000
226 -149.0000000000
232 -148.0000000000
237 -147.0000000000
253 -146.0000000000
261 -145.0000000000
262 -144.0000000000
264 -143.0000000000
269 -142.0000000000
270 -141.0000000000
276 -140.0000000000
280 -139.0000000000
283 -138.0000000000
288 -137.0000000000
298 -136.0000000000
299 -135.0000000000
304 -134.0000000000
331 -133.0000000000
333 -132.0000000000
335 -131.0000000000
337 -130.0000000000
338 -128.0000000000
347 -127.0000000000
368 -126.0000000000
369 -125.0000000000
374 -123.0000000000
389 -121.0000000000
400 -120.0000000000
409 -119.0000000000
412 -117.0000000000
425 -116.0000000000
430 -115.0000000000
460 -114.0000000000
462 -113.0000000000
469 -112.0000000000
475 -110.0000000000
479 -109.0000000000
480 -108.0000000000
485 -107.0000000000
509 -106.0000000000
540 -105.0000000000
556 -104.0000000000
564 -103.0000000000
613 -101.0000000000
637 -100.0000000000
666 -99.0000000000
671 -98.0000000000
675 -97.0000000000
701 -96.0000000000
703 -94.0000000000
705 -93.0000000000
707 -92.0000000000
722 -91.0000000000
723 -90.0000000000
726 -89.0000000000
728 -88.0000000000
730 -86.0000000000
742 -85.0000000000
756 -84.0000000000
783 -83.0000000000
786 -82.0000000000
796 -81.0000000000
815 -80.0000000000
816 -79.0000000000
831 -78.0000000000
851 -77.0000000000
857 -75.0000000000
865 -74.0000000000
876 -72.0000000000
879 -71.0000000000
892 -70.0000000000
996 -69.0000000000
1002 -68.0000000000
1021 -67.0000000000
1043 -66.0000000000
1060 -64.0000000000
1100 -63.0000000000
1104 -62.0000000000
1128 -61.0000000000
1172 -60.0000000000
1237 -59.0000000000
1240 -58.0000000000
1302 -57.0000000000
1305 -56.0000000000
1309 -55.0000000000
1331 -54.0000000000
1339 -53.0000000000
1342 -51.0000000000
1353 -50.0000000000
1355 -49.0000000000
1359 -48.0000000000
1386 -47.0000000000
1422 -46.0000000000
1438 -45.0000000000
1476 -44.0000000000
1486 -43.0000000000
1488 -42.0000000000
1494 -41.0000000000
1498 -40.0000000000
1503 -39.0000000000
1535 -38.0000000000
1545 -37.0000000000
1549 -36.0000000000
1554 -35.0000000000
1558 -34.0000000000
1579 -33.0000000000
1580 -32.0000000000
1601 -31.0000000000
1622 -30.0000000000
1630 -29.0000000000
1654 -28.0000000000
1661 -27.0000000000
1687 -26.0000000000
1704 -25.0000000000
1733 -24.0000000000
1811 -23.0000000000
1847 -22.0000000000
1870 -21.0000000000
1877 -20.0000000000
1902 -19.0000000000
1999 -18.0000000000
2002 -17.0000000000
2019 -16.0000000000
2204 -15.0000000000
2214 -14.0000000000
2221 -13.0000000000
2265 -11.0000000000
2389 -10.0000000000
2454 -9.0000000000
2579 -8.0000000000
2644 -6.0000000000
2659 -5.0000000000
2679 -4.0000000000
2682 -3.0000000000
2725 -2.0000000000
3042 -1.0000000000
3104 372.0000000000
3212 375.0000000000
3534 383.0000000000
3578 390.0000000000
4178 396.0000000000
4266 399.0000000000
4391 401.0000000000
5665 402.0000000000
6576 407.0000000000
6777 409.0000000000
7538 411.0000000000
7986 413.0000000000
10000 -2.0000000000
evaluations raw_y
1 -194.0000000000
3 -193.0000000000
16 -192.0000000000
20 -191.0000000000
21 -189.0000000000
27 -187.0000000000
29 -186.0000000000
30 -185.0000000000
37 -184.0000000000
42 -183.0000000000
48 -182.0000000000
56 -181.0000000000
57 -180.0000000000
61 -179.0000000000
65 -177.0000000000
74 -176.0000000000
78 -174.0000000000
85 -173.0000000000
89 -172.0000000000
97 -171.0000000000
108 -170.0000000000
110 -169.0000000000
129 -168.0000000000
134 -166.0000000000
141 -165.0000000000
150 -164.0000000000
154 -163.0000000000
155 -161.0000000000
164 -160.0000000000
166 -159.0000000000
167 -158.0000000000
169 -157.0000000000
172 -156.0000000000
178 -155.0000000000
191 -154.0000000000
207 -153.0000000000
215 -152.0000000000
217 -151.0000000000
221 -150.0000000000
229 -149.0000000000
231 -148.0000000000
235 -147.0000000000
243 -146.0000000000
248 -145.0000000000
263 -144.0000000000
266 -142.0000000000
271 -141.0000000000
278 -139.0000000000
284 -138.0000000000
292 -137.0000000000
300 -135.0000000000
301 -134.0000000000
305 -132.0000000000
308 -131.0000000000
310 -130.0000000000
317 -129.0000000000
323 -128.0000000000
324 -127.0000000000
328 -126.0000000000
334 -125.0000000000
369 -124.0000000000
375 -123.0000000000
386 -121.0000000000
404 -120.0000000000
407 -119.0000000000
436 -117.0000000000
439 -116.0000000000
444 -115.0000000000
449 -114.0000000000
466 -113.0000000000
478 -112.0000000000
492 -111.0000000000
501 -110.0000000000
502 -109.0000000000
503 -108.0000000000
506 -107.0000000000
521 -106.0000000000
541 -104.0000000000
545 -103.0000000000
578 -101.0000000000
613 -100.0000000000
627 -99.0000000000
632 -98.0000000000
642 -96.0000000000
643 -95.0000000000
649 -93.0000000000
676 -92.0000000000
683 -91.0000000000
692 -90.0000000000
698 -89.0000000000
712 -88.0000000000
715 -87.0000000000
731 -86.0000000000
743 -85.0000000000
746 -84.0000000000
748 -82.0000000000
754 -81.0000000000
755 -80.0000000000
761 -79.0000000000
769 -77.0000000000
784 -76.0000000000
790 -75.0000000000
810 -74.0000000000
828 -73.0000000000
836 -72.0000000000
844 -71.0000000000
853 -70.0000000000
866 -69.0000000000
868 -68.0000000000
913 -67.0000000000
922 -66.0000000000
952 -65.0000000000
971 -63.0000000000
976 -62.0000000000
986 -61.0000000000
994 -59.0000000000
1001 -57.0000000000
1004 -56.0000000000
1008 -55.0000000000
1013 -54.0000000000
1030 -53.0000000000
1033 -52.0000000000
1035 -51.0000000000
1068 -50.0000000000
1070 -49.0000000000
1097 -48.0000000000
1110 -47.0000000000
1113 -46.0000000000
1137 -45.0000000000
1143 -44.0000000000
1180 -43.0000000000
1187 -42.0000000000
1191 -41.0000000000
1220 -40.0000000000
1238 -39.0000000000
1270 -38.0000000000
1293 -37.0000000000
1304 -36.0000000000
1323 -35.0000000000
1337 -34.0000000000
1361 -33.0000000000
1425 -32.0000000000
1441 -31.0000000000
1516 -30.0000000000
1523 -29.0000000000
1563 -28.0000000000
1570 -27.0000000000
1586 -26.0000000000
1604 -25.0000000000
1620 -24.0000000000
1649 -23.0000000000
1659 -22.0000000000
1682 -21.0000000000
1779 -20.0000000000
1786 -19.0000000000
1799 -18.0000000000
1817 -17.0000000000
1915 -16.0000000000
2045 -15.0000000000
2059 -14.0000000000
2067 -13.0000000000
2124 -12.0000000000
2130 -11.0000000000
2193 -10.0000000000
2206 -9.0000000000
2227 -8.0000000000
2298 -7.0000000000
2366 -6.0000000000
2430 -5.0000000000
2460 -4.0000000000
2503 -3.0000000000
2670 -2.0000000000
2675 -1.0000000000
2727 391.0000000000
2891 400.0000000000
3400 414.0000000000
3805 419.0000000000
4741 423.0000000000
5279 426.0000000000
8015 429.0000000000
10000 -1.0000000000
evaluations raw_y
1 -213.0000000000
6 -212.0000000000
11 -211.0000000000
17 -210.0000000000
18 -209.0000000000
20 -208.0000000000
22 -206.0000000000
23 -205.0000000000
26 -204.0000000000
40 -203.0000000000
44 -202.0000000000
52 -201.0000000000
64 -200.0000000000
68 -199.0000000000
70 -197.0000000000
71 -196.0000000000
75 -193.0000000000
79 -192.0000000000
85 -191.0000000000
92 -190.0000000000
103 -187.0000000000
112 -185.0000000000
115 -184.0000000000
117 -183.0000000000
121 -182.0000000000
128 -181.0000000000
132 -180.0000000000
142 -179.0000000000
143 -178.0000000000
145 -177.0000000000
148 -176.0000000000
150 -175.0000000000
151 -173.0000000000
154 -172.0000000000
163 -171.0000000000
178 -170.0000000000
182 -169.0000000000
185 -168.0000000000
193 -166.0000000000
197 -165.0000000000
198 -164.0000000000
202 -163.0000000000
221 -162.0000000000
226 -161.0000000000
230 -160.0000000000
241 -159.0000000000
242 -158.0000000000
243 -156.0000000000
245 -154.0000000000
251 -153.0000000000
253 -151.0000000000
255 -150.0000000000
257 -149.0000000000
258 -148.0000000000
270 -147.0000000000
272 -146.0000000000
279 -145.0000000000
281 -143.0000000000
286 -142.0000000000
287 -140.0000000000
291 -139.0000000000
294 -138.0000000000
297 -137.0000000000
316 -136.0000000000
320 -135.0000000000
321 -134.0000000000
327 -133.0000000000
347 -132.0000000000
353 -131.0000000000
355 -130.0000000000
377 -129.0000000000
381 -128.0000000000
389 -127.0000000000
391 -126.0000000000
392 -125.0000000000
405 -124.0000000000
407 -123.0000000000
409 -122.0000000000
415 -121.0000000000
417 -120.0000000000
435 -119.0000000000
436 -118.0000000000
443 -117.0000000000
445 -115.0000000000
451 -114.0000000000
462 -113.0000000000
467 -112.0000000000
468 -111.0000000000
474 -110.0000000000
482 -109.0000000000
487 -108.0000000000
489 -107.0000000000
492 -106.0000000000
497 -105.0000000000
503 -104.0000000000
504 -103.0000000000
506 -102.0000000000
507 -101.0000000000
529 -100.0000000000
544 -99.0000000000
560 -98.0000000000
580 -97.0000000000
584 -96.0000000000
590 -95.0000000000
598 -94.0000000000
605 -93.0000000000
607 -92.0000000000
617 -91.0000000000
631 -90.0000000000
633 -89.0000000000
637 -88.0000000000
639 -87.0000000000
643 -85.0000000000
648 -84.0000000000
649 -82.0000000000
659 -81.0000000000
664 -80.0000000000
673 -79.0000000000
677 -78.0000000000
704 -77.0000000000
707 -76.0000000000
715 -75.0000000000
737 -74.0000000000
741 -73.0000000000
744 -72.0000000000
752 -71.0000000000
777 -70.0000000000
779 -68.0000000000
780 -67.0000000000
784 -66.0000000000
801 -65.0000000000
818 -63.0000000000
825 -62.0000000000
842 -61.0000000000
848 -58.0000000000
861 -57.0000000000
867 -56.0000000000
876 -54.0000000000
894 -53.0000000000
896 -52.0000000000
901 -51.0000000000
909 -50.0000000000
929 -49.0000000000
934 -48.0000000000
947 -46.0000000000
963 -45.0000000000
967 -44.0000000000
990 -43.0000000000
1015 -42.0000000000
1114 -41.0000000000
1121 -40.0000000000
1130 -38.0000000000
1168 -37.0000000000
1176 -36.0000000000
1201 -35.0000000000
1210 -34.0000000000
1234 -33.0000000000
1309 -32.0000000000
1314 -31.0000000000
1324 -30.0000000000
1359 -29.0000000000
1395 -28.0000000000
1405 -27.0000000000
1410 -25.0000000000
1453 -23.0000000000
1461 -22.0000000000
1477 -21.0000000000
1496 -20.0000000000
1525 -19.0000000000
1560 -18.0000000000
1598 -17.0000000000
1639 -16.0000000000
1685 -15.0000000000
1745 -14.0000000000
1771 -13.0000000000
1773 -12.0000000000
1782 -11.0000000000
1804 -10.0000000000
1858 -9.0000000000
1860 -8.0000000000
1901 -7.0000000000
1952 -6.0000000000
2008 -5.0000000000
2058 -4.0000000000
2289 -3.0000000000
2313 -2.0000000000
2421 -1.0000000000
2448 372.0000000000
2576 379.0000000000
2714 380.0000000000
2889 387.0000000000
2947 393.0000000000
2988 410.0000000000
3240 416.0000000000
3898 417.0000000000
4593 420.0000000000
6717 421.0000000000
7691 423.0000000000
7726 427.0000000000
10000 -1.0000000000
evaluations raw_y
1 -212.0000000000
2 -211.0000000000
3 -210.0000000000
5 -209.0000000000
9 -208.0000000000
10 -205.0000000000
14 -204.0000000000
20 -202.0000000000
23 -201.0000000000
36 -200.0000000000
37 -199.0000000000
45 -198.0000000000
46 -197.0000000000
50 -196.0000000000
52 -194.0000000000
53 -192.0000000000
60 -191.0000000000
63 -188.0000000000
65 -187.0000000000
75 -186.0000000000
88 -184.0000000000
89 -183.0000000000
94 -182.0000000000
117 -180.0000000000
130 -178.0000000000
136 -177.0000000000
139 -176.0000000000
148 -175.0000000000
150 -174.0000000000
151 -173.0000000000
156 -171.0000000000
159 -170.0000000000
179 -169.0000000000
191 -168.0000000000
199 -167.0000000000
205 -166.0000000000
206 -165.0000000000
209 -164.0000000000
218 -163.0000000000
222 -162.0000000000
224 -161.0000000000
225 -160.0000000000
227 -159.0000000000
229 -158.0000000000
232 -157.0000000000
233 -155.0000000000
236 -154.0000000000
247 -151.0000000000
255 -149.0000000000
262 -148.0000000000
264 -147.0000000000
265 -146.0000000000
293 -145.0000000000
294 -144.0000000000
295 -143.0000000000
297 -142.0000000000
304 -141.0000000000
312 -140.0000000000
314 -139.0000000000
322 -138.0000000000
330 -137.0000000000
334 -136.0000000000
352 -135.0000000000
353 -134.0000000000
361 -133.0000000000
366 -132.0000000000
380 -131.0000000000
381 -130.0000000000
384 -128.0000000000
386 -127.0000000000
387 -126.0000000000
405 -125.0000000000
408 -124.0000000000
417 -123.0000000000
426 -121.0000000000
430 -120.0000000000
434 -119.0000000000
435 -118.0000000000
436 -117.0000000000
437 -116.0000000000
440 -114.0000000000
448 -113.0000000000
452 -110.0000000000
458 -109.0000000000
463 -108.0000000000
498 -107.0000000000
506 -106.0000000000
507 -105.0000000000
510 -104.0000000000
511 -101.0000000000
514 -100.0000000000
517 -99.0000000000
521 -98.0000000000
522 -97.0000000000
537 -96.0000000000
538 -95.0000000000
541 -94.0000000000
549 -93.0000000000
555 -92.0000000000
564 -91.0000000000
565 -90.0000000000
571 -89.0000000000
572 -88.0000000000
577 -87.0000000000
588 -85.0000000000
612 -84.0000000000
614 -83.0000000000
621 -82.0000000000
622 -81.0000000000
632 -80.0000000000
638 -79.0000000000
656 -78.0000000000
666 -77.0000000000
674 -76.0000000000
680 -75.0000000000
694 -74.0000000000
705 -73.0000000000
735 -72.0000000000
742 -71.0000000000
744 -70.0000000000
762 -69.0000000000
772 -68.0000000000
778 -67.0000000000
785 -66.0000000000
794 -64.0000000000
806 -63.0000000000
812 -62.0000000000
818 -60.0000000000
822 -59.0000000000
836 -58.0000000000
866 -57.0000000000
883 -56.0000000000
912 -55.0000000000
913 -53.0000000000
922 -52.0000000000
945 -51.0000000000
956 -50.0000000000
966 -49.0000000000
968 -48.0000000000
982 -47.0000000000
1004 -46.0000000000
1012 -45.0000000000
1013 -44.0000000000
1015 -42.0000000000
1033 -41.0000000000
1062 -40.0000000000
1087 -39.0000000000
1099 -38.0000000000
1155 -37.0000000000
1158 -36.0000000000
1175 -35.0000000000
1230 -34.0000000000
1236 -33.0000000000
1273 -32.0000000000
1277 -31.0000000000
1282 -30.0000000000
1299 -29.0000000000
1300 -28.0000000000
1310 -27.0000000000
1361 -26.0000000000
1367 -25.0000000000
1398 -24.0000000000
1539 -23.0000000000
1586 -22.0000000000
1598 -21.0000000000
1665 -20.0000000000
1727 -19.0000000000
1749 -18.0000000000
1756 -17.0000000000
1957 -16.0000000000
1960 -15.0000000000
1972 -14.0000000000
2019 -13.0000000000
2049 -12.0000000000
2054 -11.0000000000
2195 -10.0000000000
2374 -9.0000000000
2414 -8.0000000000
2443 -7.0000000000
2455 -6.0000000000
2456 -5.0000000000
2607 -4.0000000000
2682 -3.0000000000
2769 -2.0000000000
2774 -1.0000000000
2796 385.0000000000
2898 395.0000000000
4322 401.0000000000
4424 403.0000000000
4522 408.0000000000
5246 410.0000000000
6229 412.0000000000
9456 417.0000000000
10000 -1.0000000000
evaluations raw_y
1 -204.0000000000
14 -203.0000000000
16 -202.0000000000
17 -201.0000000000
20 -200.0000000000
22 -198.0000000000
24 -197.0000000000
27 -195.0000000000
31 -194.0000000000
33 -192.0000000000
35 -191.0000000000
37 -190.0000000000
41 -187.0000000000
44 -185.0000000000
55 -184.0000000000
59 -183.0000000000
66 -182.0000000000
72 -180.0000000000
74 -179.0000000000
76 -178.0000000000
78 -177.0000000000
79 -174.0000000000
100 -173.0000000000
101 -172.0000000000
102 -171.0000000000
103 -170.0000000000
111 -169.0000000000
117 -168.0000000000
119 -167.0000000000
123 -166.0000000000
127 -165.0000000000
129 -164.0000000000
132 -163.0000000000
133 -162.0000000000
137 -160.0000000000
140 -159.0000000000
143 -158.0000000000
149 -157.0000000000
150 -156.0000000000
151 -155.0000000000
158 -154.0000000000
169 -153.0000000000
173 -152.0000000000
181 -151.0000000000
193 -150.0000000000
195 -149.0000000000
220 -148.0000000000
236 -147.0000000000
238 -146.0000000000
241 -145.0000000000
256 -144.0000000000
262 -143.0000000000
268 -142.0000000000
281 -140.0000000000
285 -139.0000000000
298 -138.0000000000
304 -137.0000000000
310 -136.0000000000
313 -135.0000000000
332 -134.0000000000
356 -133.0000000000
367 -132.0000000000
374 -131.0000000000
375 -130.0000000000
378 -129.0000000000
382 -127.0000000000
387 -126.0000000000
399 -125.0000000000
416 -124.0000000000
424 -123.0000000000
427 -122.0000000000
440 -121.0000000000
441 -120.0000000000
459 -119.0000000000
462 -118.0000000000
465 -117.0000000000
476 -115.0000000000
480 -114.0000000000
481 -113.0000000000
495 -111.0000000000
497 -110.0000000000
501 -108.0000000000
506 -107.0000000000
520 -106.0000000000
524 -105.0000000000
531 -104.0000000000
533 -103.0000000000
534 -102.0000000000
538 -101.0000000000
540 -100.0000000000
542 -99.0000000000
546 -98.0000000000
588 -97.0000000000
592 -96.0000000000
596 -95.0000000000
598 -94.0000000000
602 -93.0000000000
610 -92.0000000000
613 -91.0000000000
623 -90.0000000000
626 -89.0000000000
632 -88.0000000000
644 -87.0000000000
657 -86.0000000000
669 -85.0000000000
675 -84.0000000000
700 -83.0000000000
728 -82.0000000000
742 -81.0000000000
759 -80.0000000000
764 -79.0000000000
767 -78.0000000000
780 -77.0000000000
786 -76.0000000000
791 -75.0000000000
831 -74.0000000000
853 -73.0000000000
870 -72.0000000000
874 -70.0000000000
886 -69.0000000000
890 -68.0000000000
900 -67.0000000000
902 -66.0000000000
927 -65.0000000000
943 -64.0000000000
959 -63.0000000000
960 -62.0000000000
972 -61.0000000000
976 -60.0000000000
991 -59.0000000000
996 -58.0000000000
1001 -57.0000000000
1015 -56.0000000000
1019 -55.0000000000
1044 -54.0000000000
1060 -53.0000000000
1061 -52.0000000000
1067 -51.0000000000
1071 -50.0000000000
1107 -49.0000000000
1110 -48.0000000000
1117 -47.0000000000
1137 -45.0000000000
1165 -44.0000000000
1174 -43.0000000000
1192 -42.0000000000
1226 -41.0000000000
1253 -40.0000000000
1279 -39.0000000000
1285 -38.0000000000
1307 -37.0000000000
1310 -36.0000000000
1315 -35.0000000000
1349 -34.0000000000
1398 -33.0000000000
1410 -32.0000000000
1415 -31.0000000000
1476 -30.0000000000
1484 -29.0000000000
1513 -28.0000000000
1535 -27.0000000000
1541 -26.0000000000
1544 -25.0000000000
1558 -24.0000000000
1581 -23.0000000000
1591 -22.0000000000
1622 -21.0000000000
1674 -20.0000000000
1678 -19.0000000000
1801 -18.0000000000
1802 -17.0000000000
1805 -16.0000000000
1855 -15.0000000000
1864 -14.0000000000
1934 -13.0000000000
1946 -12.0000000000
1972 -11.0000000000
2150 -10.0000000000
2308 -9.0000000000
2315 -8.0000000000
2326 -7.0000000000
2354 -6.0000000000
2590 -5.0000000000
2617 -4.0000000000
2627 -3.0000000000
2696 -2.0000000000
2727 -1.0000000000
2730 383.0000000000
2846 385.0000000000
2964 389.0000000000
3087 391.0000000000
3425 393.0000000000
3564 395.0000000000
3693 401.0000000000
3774 404.0000000000
3869 405.0000000000
4347 406.0000000000
4618 407.0000000000
4856 408.0000000000
5200 409.0000000000
5452 415.0000000000
6457 416.0000000000
8260 419.0000000000
8700 420.0000000000
9535 427.0000000000
10000 -2.0000000000
evaluations raw_y
1 -208.0000000000
2 -206.0000000000
10 -205.0000000000
18 -204.0000000000
29 -203.0000000000
41 -202.0000000000
48 -201.0000000000
49 -200.0000000000
50 -199.0000000000
51 -198.0000000000
58 -197.0000000000
66 -196.0000000000
73 -195.0000000000
75 -194.0000000000
77 -193.0000000000
89 -192.0000000000
90 -191.0000000000
94 -190.0000000000
100 -189.0000000000
105 -188.0000000000
106 -187.0000000000
108 -186.0000000000
114 -185.0000000000
116 -183.0000000000
123 -182.0000000000
131 -181.0000000000
142 -179.0000000000
144 -178.0000000000
156 -176.0000000000
158 -175.0000000000
166 -174.0000000000
168 -173.0000000000
170 -171.0000000000
175 -170.0000000000
181 -169.0000000000
188 -168.0000000000
192 -167.0000000000
203 -165.0000000000
229 -164.0000000000
232 -162.0000000000
237 -161.0000000000
240 -159.0000000000
241 -158.0000000000
246 -157.0000000000
248 -156.0000000000
253 -155.0000000000
257 -152.0000000000
266 -151.0000000000
272 -150.0000000000
275 -148.0000000000
281 -146.0000000000
284 -144.0000000000
292 -143.0000000000
298 -142.0000000000
299 -141.0000000000
302 -140.0000000000
304 -139.0000000000
305 -137.0000000000
308 -136.0000000000
315 -135.0000000000
321 -134.0000000000
324 -133.0000000000
326 -132.0000000000
327 -131.0000000000
346 -130.0000000000
348 -129.0000000000
351 -128.0000000000
354 -126.0000000000
357 -125.0000000000
362 -124.0000000000
391 -123.0000000000
392 -122.0000000000
393 -121.0000000000
397 -120.0000000000
401 -119.0000000000
406 -118.0000000000
419 -117.0000000000
425 -116.0000000000
444 -115.0000000000
472 -114.0000000000
490 -113.0000000000
497 -112.0000000000
505 -111.0000000000
509 -110.0000000000
516 -107.0000000000
517 -106.0000000000
520 -105.0000000000
524 -104.0000000000
534 -103.0000000000
538 -102.0000000000
551 -101.0000000000
553 -100.0000000000
563 -98.0000000000
565 -97.0000000000
575 -96.0000000000
579 -95.0000000000
583 -94.0000000000
587 -93.0000000000
588 -92.0000000000
601 -91.0000000000
606 -90.0000000000
611 -89.0000000000
625 -88.0000000000
631 -87.0000000000
650 -83.0000000000
658 -82.0000000000
660 -81.0000000000
667 -80.0000000000
670 -79.0000000000
690 -78.0000000000
698 -77.0000000000
726 -76.0000000000
739 -75.0000000000
748 -74.0000000000
755 -73.0000000000
757 -72.0000000000
775 -71.0000000000
786 -70.0000000000
804 -69.0000000000
806 -67.0000000000
819 -66.0000000000
837 -65.0000000000
855 -64.0000000000
857 -63.0000000000
863 -62.0000000000
878 -61.0000000000
889 -60.0000000000
894 -58.0000000000
905 -56.0000000000
918 -55.0000000000
922 -54.0000000000
925 -53.0000000000
958 -52.0000000000
959 -51.0000000000
996 -49.0000000000
1046 -48.0000000000
1056 -47.0000000000
1058 -46.0000000000
1071 -45.0000000000
1083 -44.0000000000
1131 -43.0000000000
1146 -42.0000000000
1162 -41.0000000000
1181 -40.0000000000
1215 -39.0000000000
1235 -38.0000000000
1251 -37.0000000000
1276 -36.0000000000
1277 -35.0000000000
1293 -34.0000000000
1295 -33.0000000000
1313 -32.0000000000
1320 -31.0000000000
1347 -30.0000000000
1366 -29.0000000000
1374 -27.0000000000
1377 -26.0000000000
1469 -25.0000000000
1473 -24.0000000000
1619 -23.0000000000
1640 -22.0000000000
1717 -21.0000000000
1755 -19.0000000000
1815 -18.0000000000
1853 -17.0000000000
1869 -16.0000000000
1946 -15.0000000000
1954 -14.0000000000
2018 -13.0000000000
2033 -12.0000000000
2053 -11.0000000000
2095 -10.0000000000
2116 -9.0000000000
2242 -8.0000000000
2291 -7.0000000000
2330 -5.0000000000
2389 -4.0000000000
2404 -3.0000000000
2448 -2.0000000000
2488 -1.0000000000
2511 387.0000000000
2524 397.0000000000
2624 402.0000000000
2788 410.0000000000
4857 412.0000000000
4983 413.0000000000
6517 418.0000000000
7946 422.0000000000
8993 425.0000000000
9991 426.0000000000
10000 -1.0000000000
evaluations raw_y
1 -223.0000000000
2 -222.0000000000
7 -220.0000000000
8 -219.0000000000
15 -217.0000000000
16 -216.0000000000
20 -215.0000000000
21 -214.0000000000
23 -213.0000000000
25 -212.0000000000
26 -210.0000000000
31 -209.0000000000
32 -208.0000000000
36 -207.0000000000
37 -206.0000000000
38 -205.0000000000
41 -203.0000000000
42 -202.0000000000
44 -201.0000000000
45 -200.0000000000
64 -199.0000000000
72 -197.0000000000
76 -196.0000000000
82 -195.0000000000
83 -193.0000000000
84 -192.0000000000
92 -191.0000000000
95 -190.0000000000
98 -189.0000000000
99 -188.0000000000
100 -187.0000000000
101 -186.0000000000
103 -185.0000000000
105 -184.0000000000
120 -183.0000000000
121 -182.0000000000
122 -181.0000000000
129 -180.0000000000
134 -179.0000000000
138 -178.0000000000
139 -177.0000000000
150 -176.0000000000
158 -174.0000000000
160 -173.0000000000
163 -172.0000000000
167 -171.0000000000
168 -170.0000000000
170 -169.0000000000
176 -168.0000000000
180 -166.0000000000
195 -165.0000000000
203 -164.0000000000
206 -163.0000000000
207 -162.0000000000
210 -160.0000000000
213 -159.0000000000
216 -158.0000000000
230 -157.0000000000
231 -156.0000000000
232 -155.0000000000
237 -153.0000000000
240 -152.0000000000
241 -151.0000000000
245 -150.0000000000
273 -149.0000000000
274 -147.0000000000
282 -146.0000000000
285 -145.0000000000
292 -144.0000000000
317 -143.0000000000
322 -142.0000000000
328 -141.0000000000
346 -140.0000000000
347 -139.0000000000
357 -138.0000000000
359 -137.0000000000
361 -136.0000000000
382 -135.0000000000
384 -134.0000000000
387 -132.0000000000
394 -131.0000000000
405 -130.0000000000
410 -128.0000000000
416 -126.0000000000
424 -125.0000000000
427 -124.0000000000
428 -122.0000000000
437 -121.0000000000
438 -119.0000000000
443 -118.0000000000
450 -117.0000000000
467 -116.0000000000
477 -114.0000000000
483 -113.0000000000
497 -111.0000000000
498 -109.0000000000
504 -108.0000000000
514 -107.0000000000
518 -106.0000000000
533 -105.0000000000
552 -104.0000000000
560 -103.0000000000
576 -102.0000000000
584 -101.0000000000
587 -100.0000000000
588 -99.0000000000
591 -98.0000000000
600 -97.0000000000
624 -96.0000000000
625 -95.0000000000
637 -94.0000000000
653 -93.0000000000
663 -91.0000000000
665 -90.0000000000
676 -89.0000000000
678 -88.0000000000
686 -87.0000000000
736 -86.0000000000
742 -85.0000000000
747 -84.0000000000
748 -83.0000000000
799 -82.0000000000
823 -81.0000000000
834 -80.0000000000
869 -79.0000000000
876 -78.0000000000
881 -77.0000000000
897 -76.0000000000
899 -75.0000000000
921 -74.0000000000
958 -73.0000000000
989 -72.0000000000
1007 -71.0000000000
1067 -70.0000000000
1077 -69.0000000000
1090 -68.0000000000
1093 -67.0000000000
1095 -66.0000000000
1099 -65.0000000000
1106 -64.0000000000
1108 -63.0000000000
1121 -62.0000000000
1145 -59.0000000000
1172 -58.0000000000
1176 -57.0000000000
1181 -55.0000000000
1193 -54.0000000000
1206 -53.0000000000
1217 -51.0000000000
1257 -50.0000000000
1283 -49.0000000000
1291 -48.0000000000
1312 -47.0000000000
1369 -46.0000000000
1374 -45.0000000000
1376 -44.0000000000
1379 -43.0000000000
1408 -42.0000000000
1412 -41.0000000000
1425 -40.0000000000
1446 -39.0000000000
1484 -38.0000000000
1497 -37.0000000000
1520 -36.0000000000
1521 -35.0000000000
1559 -34.0000000000
1598 -33.0000000000
1651 -32.0000000000
1659 -31.0000000000
1678 -30.0000000000
1682 -29.0000000000
1716 -28.0000000000
1753 -27.0000000000
1761 -26.0000000000
1794 -25.0000000000
1845 -24.0000000000
1846 -23.0000000000
1860 -22.0000000000
1871 -21.0000000000
1907 -20.0000000000
1992 -19.0000000000
2006 -18.0000000000
2029 -17.0000000000
2064 -16.0000000000
2068 -15.0000000000
2135 -14.0000000000
2194 -13.0000000000
2222 -12.0000000000
2230 -11.0000000000
2235 -10.0000000000
2336 -9.0000000000
2344 -8.0000000000
2406 -7.0000000000
2427 -6.0000000000
2656 -5.0000000000
2712 -4.0000000000
2716 -3.0000000000
2934 -2.0000000000
2950 -1.0000000000
3032 408.0000000000
3219 412.0000000000
7492 413.0000000000
8932 416.0000000000
10000 -2.0000000000
evaluations raw_y
1 -215.0000000000
3 -213.0000000000
7 -212.0000000000
11 -211.0000000000
14 -209.0000000000
17 -208.0000000000
24 -207.0000000000
27 -206.0000000000
29 -205.0000000000
33 -204.0000000000
34 -203.0000000000
37 -201.0000000000
41 -200.0000000000
45 -199.0000000000
46 -197.0000000000
47 -195.0000000000
49 -194.0000000000
50 -193.0000000000
53 -192.0000000000
56 -191.0000000000
57 -190.0000000000
71 -189.0000000000
74 -188.0000000000
75 -187.0000000000
95 -186.0000000000
98 -185.0000000000
109 -184.0000000000
114 -182.0000000000
115 -181.0000000000
117 -180.0000000000
118 -179.0000000000
147 -178.0000000000
153 -177.0000000000
155 -175.0000000000
158 -173.0000000000
165 -172.0000000000
167 -171.0000000000
170 -169.0000000000
174 -168.0000000000
177 -166.0000000000
178 -164.0000000000
182 -163.0000000000
184 -161.0000000000
186 -160.0000000000
192 -159.0000000000
221 -158.0000000000
229 -157.0000000000
235 -156.0000000000
237 -155.0000000000
239 -152.0000000000
249 -151.0000000000
252 -150.0000000000
259 -149.0000000000
271 -148.0000000000
273 -147.0000000000
276 -146.0000000000
281 -145.0000000000
284 -144.0000000000
294 -143.0000000000
300 -142.0000000000
302 -141.0000000000
303 -140.0000000000
318 -139.0000000000
319 -136.0000000000
328 -135.0000000000
332 -134.0000000000
333 -133.0000000000
336 -132.0000000000
341 -131.0000000000
342 -130.0000000000
362 -129.0000000000
371 -128.0000000000
376 -127.0000000000
390 -126.0000000000
400 -124.0000000000
403 -123.0000000000
406 -122.0000000000
407 -121.0000000000
409 -120.0000000000
417 -119.0000000000
419 -118.0000000000
421 -117.0000000000
431 -116.0000000000
438 -115.0000000000
442 -114.0000000000
456 -113.0000000000
464 -112.0000000000
465 -110.0000000000
477 -109.0000000000
483 -108.0000000000
488 -107.0000000000
491 -106.0000000000
495 -105.0000000000
500 -104.0000000000
501 -103.0000000000
508 -102.0000000000
520 -101.0000000000
524 -100.0000000000
532 -99.0000000000
538 -98.0000000000
540 -97.0000000000
542 -96.0000000000
563 -95.0000000000
572 -94.0000000000
582 -93.0000000000
588 -92.0000000000
595 -91.0000000000
599 -90.0000000000
605 -89.0000000000
607 -88.0000000000
610 -87.0000000000
618 -86.0000000000
636 -85.0000000000
645 -84.0000000000
668 -83.0000000000
674 -82.0000000000
703 -81.0000000000
715 -80.0000000000
727 -79.0000000000
763 -78.0000000000
764 -77.0000000000
772 -76.0000000000
774 -75.0000000000
801 -74.0000000000
805 -73.0000000000
809 -72.0000000000
812 -71.0000000000
813 -70.0000000000
828 -69.0000000000
836 -67.0000000000
845 -66.0000000000
890 -65.0000000000
897 -64.0000000000
900 -63.0000000000
904 -62.0000000000
917 -61.0000000000
924 -60.0000000000
943 -59.0000000000
945 -58.0000000000
950 -57.0000000000
969 -56.0000000000
994 -54.0000000000
995 -52.0000000000
1028 -51.0000000000
1031 -50.0000000000
1039 -49.0000000000
1041 -47.0000000000
1076 -46.0000000000
1100 -45.0000000000
1109 -43.0000000000
1156 -42.0000000000
1192 -41.0000000000
1205 -40.0000000000
1216 -39.0000000000
1255 -38.0000000000
1294 -37.0000000000
1307 -36.0000000000
1311 -35.0000000000
1312 -34.0000000000
1324 -33.0000000000
1354 -31.0000000000
1382 -30.0000000000
1421 -29.0000000000
1424 -28.0000000000
1451 -27.0000000000
1455 -26.0000000000
1496 -25.0000000000
1505 -24.0000000000
1564 -23.0000000000
1565 -22.0000000000
1583 -21.0000000000
1675 -20.0000000000
1676 -19.0000000000
1683 -18.0000000000
1689 -17.0000000000
1706 -16.0000000000
1716 -15.0000000000
2081 -14.0000000000
2115 -13.0000000000
2123 -12.0000000000
2143 -11.0000000000
2176 -10.0000000000
2241 -9.0000000000
2369 -8.0000000000
2383 -7.0000000000
2448 -6.0000000000
2454 -5.0000000000
2514 -4.0000000000
2681 -3.0000000000
2744 -2.0000000000
2749 -1.0000000000
2842 394.0000000000
3031 396.0000000000
4379 399.0000000000
4872 410.0000000000
4991 411.0000000000
5359 415.0000000000
6021 419.0000000000
6960 422.0000000000
7114 423.0000000000
8316 427.0000000000
10000 427.0000000000
evaluations raw_y
1 -220.0000000000
2 -218.0000000000
12 -217.0000000000
16 -216.0000000000
17 -215.0000000000
23 -214.0000000000
27 -213.0000000000
33 -212.0000000000
37 -210.0000000000
41 -209.0000000000
44 -208.0000000000
48 -207.0000000000
58 -206.0000000000
66 -205.0000000000
67 -203.0000000000
69 -202.0000000000
73 -201.0000000000
78 -198.0000000000
82 -197.0000000000
87 -195.0000000000
90 -193.0000000000
91 -192.0000000000
92 -191.0000000000
110 -189.0000000000
125 -188.0000000000
130 -187.0000000000
131 -186.0000000000
135 -185.0000000000
137 -184.0000000000
140 -183.0000000000
142 -182.0000000000
143 -180.0000000000
167 -179.0000000000
172 -178.0000000000
175 -176.0000000000
177 -173.0000000000
178 -172.0000000000
183 -171.0000000000
184 -170.0000000000
193 -169.0000000000
195 -168.0000000000
197 -167.0000000000
200 -166.0000000000
209 -165.0000000000
210 -164.0000000000
211 -163.0000000000
230 -162.0000000000
234 -161.0000000000
235 -160.0000000000
240 -159.0000000000
251 -158.0000000000
254 -157.0000000000
259 -156.0000000000
260 -155.0000000000
262 -153.0000000000
263 -152.0000000000
282 -151.0000000000
296 -150.0000000000
301 -149.0000000000
307 -148.0000000000
313 -147.0000000000
314 -146.0000000000
325 -145.0000000000
342 -144.0000000000
344 -143.0000000000
345 -141.0000000000
361 -140.0000000000
362 -139.0000000000
366 -137.0000000000
367 -136.0000000000
369 -135.0000000000
370 -134.0000000000
380 -133.0000000000
384 -132.0000000000
400 -131.0000000000
403 -130.0000000000
405 -129.0000000000
408 -128.0000000000
420 -127.0000000000
426 -126.0000000000
433 -124.0000000000
444 -122.0000000000
446 -121.0000000000
454 -119.0000000000
456 -118.0000000000
466 -117.0000000000
483 -116.0000000000
486 -115.0000000000
509 -114.0000000000
522 -113.0000000000
525 -112.0000000000
550 -111.0000000000
551 -110.0000000000
552 -109.0000000000
557 -108.0000000000
561 -106.0000000000
571 -105.0000000000
574 -104.0000000000
575 -103.0000000000
587 -101.0000000000
593 -100.0000000000
605 -99.0000000000
610 -98.0000000000
637 -97.0000000000
648 -96.0000000000
658 -95.0000000000
669 -94.0000000000
693 -93.0000000000
723 -92.0000000000
729 -90.0000000000
730 -89.0000000000
747 -88.0000000000
755 -87.0000000000
756 -86.0000000000
791 -85.0000000000
794 -84.0000000000
803 -83.0000000000
805 -82.0000000000
827 -81.0000000000
842 -79.0000000000
845 -78.0000000000
846 -77.0000000000
860 -76.0000000000
863 -75.0000000000
883 -74.0000000000
919 -73.0000000000
944 -72.0000000000
958 -71.0000000000
984 -68.0000000000
1028 -67.0000000000
1037 -66.0000000000
1042 -65.0000000000
1043 -64.0000000000
1069 -63.0000000000
1090 -62.0000000000
1103 -61.0000000000
1104 -60.0000000000
1118 -58.0000000000
1131 -57.0000000000
1134 -56.0000000000
1151 -55.0000000000
1198 -54.0000000000
1202 -53.0000000000
1222 -52.0000000000
1225 -51.0000000000
1233 -50.0000000000
1249 -49.0000000000
1285 -48.0000000000
1293 -47.0000000000
1309 -46.0000000000
1329 -45.0000000000
1345 -44.0000000000
1355 -43.0000000000
1388 -42.0000000000
1393 -41.0000000000
1404 -40.0000000000
1441 -39.0000000000
1446 -38.0000000000
1455 -37.0000000000
1481 -36.0000000000
1520 -34.0000000000
1544 -33.0000000000
1626 -32.0000000000
1693 -31.0000000000
1705 -30.0000000000
1709 -29.0000000000
1728 -28.0000000000
1760 -27.0000000000
1773 -26.0000000000
1835 -25.0000000000
1852 -24.0000000000
1876 -23.0000000000
1908 -22.0000000000
1909 -20.0000000000
2012 -19.0000000000
2014 -18.0000000000
2058 -17.0000000000
2128 -16.0000000000
2250 -15.0000000000
2260 -14.0000000000
2341 -13.0000000000
2347 -12.0000000000
2510 -11.0000000000
2548 -10.0000000000
2571 -9.0000000000
2676 -8.0000000000
2793 -7.0000000000
2916 -6.0000000000
3058 -5.0000000000
3120 -4.0000000000
3252 -3.0000000000
3299 -2.0000000000
3321 -1.0000000000
3363 387.0000000000
3644 393.0000000000
4175 402.0000000000
4569 403.0000000000
4652 405.0000000000
4726 406.0000000000
4740 407.0000000000
5327 410.0000000000
5983 414.0000000000
9522 415.0000000000
10000 -2.0000000000
evaluations raw_y
1 -222.0000000000
5 -221.0000000000
11 -220.0000000000
14 -219.0000000000
18 -218.0000000000
20 -217.0000000000
23 -216.0000000000
27 -215.0000000000
32 -214.0000000000
33 -212.0000000000
38 -211.0000000000
40 -210.0000000000
45 -209.0000000000
54 -208.0000000000
56 -206.0000000000
62 -203.0000000000
64 -202.0000000000
69 -201.0000000000
71 -200.0000000000
84 -199.0000000000
85 -198.0000000000
90 -196.0000000000
102 -195.0000000000
108 -194.0000000000
114 -193.0000000000
120 -192.0000000000
123 -191.0000000000
129 -189.0000000000
132 -188.0000000000
133 -187.0000000000
134 -185.0000000000
145 -184.0000000000
154 -183.0000000000
156 -182.0000000000
158 -181.0000000000
159 -180.0000000000
160 -179.0000000000
166 -178.0000000000
168 -177.0000000000
202 -176.0000000000
204 -175.0000000000
205 -174.0000000000
208 -172.0000000000
217 -171.0000000000
218 -170.0000000000
219 -169.0000000000
221 -168.0000000000
224 -167.0000000000
228 -166.0000000000
232 -165.0000000000
234 -164.0000000000
249 -162.0000000000
257 -161.0000000000
261 -160.0000000000
270 -159.0000000000
276 -158.0000000000
281 -157.0000000000
283 -156.0000000000
292 -155.0000000000
296 -154.0000000000
301 -152.0000000000
303 -151.0000000000
307 -150.0000000000
308 -147.0000000000
310 -146.0000000000
311 -145.0000000000
313 -144.0000000000
316 -143.0000000000
328 -140.0000000000
340 -139.0000000000
341 -138.0000000000
355 -137.0000000000
358 -136.0000000000
359 -135.0000000000
363 -134.0000000000
378 -133.0000000000
389 -129.0000000000
394 -128.0000000000
396 -127.0000000000
404 -126.0000000000
406 -125.0000000000
411 -124.0000000000
426 -123.0000000000
427 -122.0000000000
435 -121.0000000000
443 -120.0000000000
451 -119.0000000000
453 -117.0000000000
470 -116.0000000000
471 -115.0000000000
474 -114.0000000000
483 -113.0000000000
488 -112.0000000000
489 -111.0000000000
493 -110.0000000000
495 -109.0000000000
531 -107.0000000000
534 -106.0000000000
540 -105.0000000000
543 -104.0000000000
556 -103.0000000000
567 -102.0000000000
582 -101.0000000000
588 -99.0000000000
604 -97.0000000000
612 -96.0000000000
625 -95.0000000000
631 -93.0000000000
645 -92.0000000000
649 -91.0000000000
653 -90.0000000000
662 -89.0000000000
667 -88.0000000000
677 -87.0000000000
683 -86.0000000000
688 -84.0000000000
689 -83.0000000000
702 -82.0000000000
710 -81.0000000000
713 -80.0000000000
714 -79.0000000000
722 -78.0000000000
740 -76.0000000000
741 -75.0000000000
747 -74.0000000000
748 -73.0000000000
789 -72.0000000000
818 -71.0000000000
835 -70.0000000000
836 -69.0000000000
837 -68.0000000000
843 -67.0000000000
855 -66.0000000000
886 -65.0000000000
891 -64.0000000000
908 -63.0000000000
915 -62.0000000000
922 -61.0000000000
924 -60.0000000000
929 -59.0000000000
942 -58.0000000000
964 -57.0000000000
970 -56.0000000000
976 -55.0000000000
992 -54.0000000000
1001 -53.0000000000
1004 -51.0000000000
1016 -50.0000000000
1020 -49.0000000000
1024 -48.0000000000
1070 -47.0000000000
1106 -46.0000000000
1108 -44.0000000000
1141 -42.0000000000
1160 -41.0000000000
1162 -40.0000000000
1189 -39.0000000000
1228 -38.0000000000
1243 -37.0000000000
1267 -36.0000000000
1291 -34.0000000000
1310 -33.0000000000
1321 -32.0000000000
1369 -31.0000000000
1381 -30.0000000000
1384 -29.0000000000
1407 -28.0000000000
1456 -27.0000000000
1458 -26.0000000000
1463 -25.0000000000
1480 -24.0000000000
1496 -23.0000000000
1524 -22.0000000000
1528 -21.0000000000
1594 -20.0000000000
1658 -19.0000000000
1682 -18.0000000000
1731 -17.0000000000
1753 -16.0000000000
1979 -15.0000000000
2098 -14.0000000000
2114 -13.0000000000
2119 -12.0000000000
2171 -11.0000000000
2262 -10.0000000000
2409 -9.0000000000
2412 -8.0000000000
2470 -7.0000000000
2518 -6.0000000000
2594 -4.0000000000
2648 -3.0000000000
2649 -2.0000000000
3014 -1.0000000000
3049 384.0000000000
3085 386.0000000000
3348 389.0000000000
5410 390.0000000000
5557 394.0000000000
5759 397.0000000000
5825 403.0000000000
7389 406.0000000000
9006 410.0000000000
9230 412.0000000000
9305 416.0000000000
10000 -1.0000000000
evaluations raw_y
1 -206.0000000000
4 -204.0000000000
25 -203.0000000000
26 -202.0000000000
36 -201.0000000000
37 -199.0000000000
43 -198.0000000000
52 -197.0000000000
55 -195.0000000000
71 -194.0000000000
81 -193.0000000000
84 -192.0000000000
85 -191.0000000000
87 -189.0000000000
93 -188.0000000000
96 -187.0000000000
100 -186.0000000000
112 -185.0000000000
119 -183.0000000000
120 -181.0000000000
133 -180.0000000000
136 -179.0000000000
137 -178.0000000000
148 -177.0000000000
161 -176.0000000000
166 -175.0000000000
174 -174.0000000000
177 -173.0000000000
188 -171.0000000000
194 -170.0000000000
195 -169.0000000000
202 -168.0000000000
208 -167.0000000000
213 -166.0000000000
225 -165.0000000000
233 -164.0000000000
236 -162.0000000000
240 -161.0000000000
251 -160.0000000000
254 -159.0000000000
256 -158.0000000000
261 -157.0000000000
267 -156.0000000000
271 -155.0000000000
287 -154.0000000000
298 -152.0000000000
319 -151.0000000000
323 -150.0000000000
324 -149.0000000000
326 -147.0000000000
329 -146.0000000000
330 -145.0000000000
331 -144.0000000000
338 -143.0000000000
339 -142.0000000000
340 -141.0000000000
349 -140.0000000000
358 -139.0000000000
371 -138.0000000000
381 -137.0000000000
383 -136.0000000000
386 -135.0000000000
392 -134.0000000000
395 -132.0000000000
407 -131.0000000000
410 -130.0000000000
419 -129.0000000000
420 -128.0000000000
421 -127.0000000000
441 -126.0000000000
448 -125.0000000000
454 -124.0000000000
456 -122.0000000000
476 -121.0000000000
499 -120.0000000000
503 -119.0000000000
507 -117.0000000000
520 -116.0000000000
527 -114.0000000000
531 -113.0000000000
545 -112.0000000000
546 -111.0000000000
552 -110.0000000000
559 -108.0000000000
569 -106.0000000000
571 -104.0000000000
577 -103.0000000000
583 -102.0000000000
586 -101.0000000000
600 -100.0000000000
612 -99.0000000000
613 -98.0000000000
614 -97.0000000000
620 -96.0000000000
635 -95.0000000000
639 -94.0000000000
680 -93.0000000000
683 -92.0000000000
697 -91.0000000000
698 -89.0000000000
699 -88.0000000000
715 -87.0000000000
717 -86.0000000000
718 -84.0000000000
721 -83.0000000000
748 -82.0000000000
774 -81.0000000000
787 -80.0000000000
796 -79.0000000000
807 -77.0000000000
840 -76.0000000000
843 -75.0000000000
853 -74.0000000000
858 -73.0000000000
900 -72.0000000000
905 -71.0000000000
908 -70.0000000000
941 -69.0000000000
953 -67.0000000000
958 -66.0000000000
960 -64.0000000000
991 -63.0000000000
1010 -62.0000000000
1027 -61.0000000000
1030 -60.0000000000
1038 -59.0000000000
1061 -58.0000000000
1070 -57.0000000000
1078 -56.0000000000
1105 -55.0000000000
1107 -54.0000000000
1111 -53.0000000000
1143 -52.0000000000
1148 -50.0000000000
1154 -48.0000000000
1161 -47.0000000000
1180 -46.0000000000
1188 -45.0000000000
1190 -44.0000000000
1213 -43.0000000000
1267 -42.0000000000
1269 -41.0000000000
1301 -40.0000000000
1311 -39.0000000000
1371 -38.0000000000
1397 -37.0000000000
1418 -36.0000000000
1434 -35.0000000000
1478 -34.0000000000
1574 -33.0000000000
1575 -32.0000000000
1621 -31.0000000000
1625 -30.0000000000
1675 -29.0000000000
1690 -28.0000000000
1700 -27.0000000000
1725 -26.0000000000
1799 -25.0000000000
1806 -24.0000000000
1848 -23.0000000000
1850 -22.0000000000
1966 -21.0000000000
1994 -20.0000000000
2064 -19.0000000000
2070 -18.0000000000
2189 -17.0000000000
2207 -16.0000000000
2223 -15.0000000000
2265 -14.0000000000
2361 -13.0000000000
2502 -12.0000000000
2506 -11.0000000000
2511 -10.0000000000
2561 -8.0000000000
2615 -7.0000000000
2696 -6.0000000000
2750 -5.0000000000
2935 -4.0000000000
3310 -3.0000000000
3419 -2.0000000000
3438 -1.0000000000
3622 380.0000000000
3790 390.0000000000
4648 398.0000000000
4774 408.0000000000
7022 409.0000000000
8933 414.0000000000
9630 415.0000000000
10000 -1.0000000000
evaluations raw_y
1 -204.0000000000
3 -203.0000000000
7 -202.0000000000
12 -201.0000000000
22 -200.0000000000
24 -199.0000000000
26 -198.0000000000
27 -195.0000000000
40 -194.0000000000
43 -193.0000000000
54 -192.0000000000
57 -191.0000000000
60 -190.0000000000
61 -189.0000000000
64 -188.0000000000
66 -187.0000000000
72 -186.0000000000
77 -185.0000000000
78 -184.0000000000
80 -182.0000000000
82 -181.0000000000
83 -180.0000000000
85 -178.0000000000
91 -176.0000000000
100 -175.0000000000
111 -174.0000000000
114 -173.0000000000
122 -172.0000000000
129 -171.0000000000
130 -170.0000000000
132 -169.0000000000
138 -168.0000000000
141 -167.0000000000
143 -166.0000000000
148 -165.0000000000
151 -164.0000000000
153 -163.0000000000
177 -162.0000000000
180 -160.0000000000
181 -159.0000000000
187 -158.0000000000
197 -157.0000000000
198 -156.0000000000
200 -155.0000000000
214 -154.0000000000
218 -153.0000000000
219 -152.0000000000
229 -151.0000000000
234 -150.0000000000
237 -149.0000000000
239 -148.0000000000
243 -147.0000000000
247 -146.0000000000
257 -145.0000000000
258 -144.0000000000
260 -143.0000000000
261 -142.0000000000
271 -141.0000000000
274 -139.0000000000
277 -138.0000000000
279 -136.0000000000
292 -135.0000000000
295 -134.0000000000
307 -132.0000000000
309 -131.0000000000
311 -129.0000000000
321 -128.0000000000
346 -127.0000000000
349 -126.0000000000
351 -125.0000000000
382 -124.0000000000
387 -123.0000000000
392 -122.0000000000
401 -121.0000000000
403 -120.0000000000
406 -119.0000000000
414 -118.0000000000
415 -117.0000000000
421 -116.0000000000
448 -115.0000000000
449 -114.0000000000
456 -112.0000000000
464 -111.0000000000
475 -110.0000000000
483 -109.0000000000
492 -108.0000000000
511 -107.0000000000
520 -106.0000000000
530 -105.0000000000
554 -104.0000000000
563 -103.0000000000
568 -102.0000000000
573 -101.0000000000
575 -100.0000000000
583 -97.0000000000
589 -96.0000000000
598 -94.0000000000
601 -93.0000000000
612 -92.0000000000
616 -91.0000000000
617 -90.0000000000
625 -89.0000000000
630 -88.0000000000
635 -87.0000000000
700 -86.0000000000
711 -85.0000000000
715 -84.0000000000
735 -83.0000000000
738 -82.0000000000
744 -81.0000000000
748 -80.0000000000
781 -79.0000000000
793 -78.0000000000
794 -77.0000000000
814 -75.0000000000
818 -74.0000000000
841 -73.0000000000
842 -72.0000000000
849 -71.0000000000
853 -70.0000000000
869 -69.0000000000
890 -68.0000000000
894 -67.0000000000
895 -66.0000000000
952 -65.0000000000
963 -64.0000000000
964 -63.0000000000
965 -62.0000000000
992 -61.0000000000
996 -60.0000000000
999 -59.0000000000
1005 -58.0000000000
1043 -57.0000000000
1048 -56.0000000000
1133 -55.0000000000
1158 -54.0000000000
1159 -53.0000000000
1192 -52.0000000000
1202 -51.0000000000
1230 -50.0000000000
1262 -49.0000000000
1264 -48.0000000000
1265 -47.0000000000
1291 -46.0000000000
1312 -45.0000000000
1333 -44.0000000000
1337 -43.0000000000
1388 -42.0000000000
1405 -41.0000000000
1446 -40.0000000000
1454 -39.0000000000
1455 -38.0000000000
1466 -37.0000000000
1498 -36.0000000000
1594 -35.0000000000
1597 -34.0000000000
1614 -33.0000000000
1617 -32.0000000000
1684 -31.0000000000
1702 -30.0000000000
1718 -29.0000000000
1722 -28.0000000000
1735 -27.0000000000
1760 -26.0000000000
1785 -25.0000000000
1853 -24.0000000000
1868 -23.0000000000
1893 -22.0000000000
1946 -21.0000000000
2023 -20.0000000000
2085 -19.0000000000
2104 -18.0000000000
2191 -16.0000000000
2228 -15.0000000000
2254 -14.0000000000
2265 -13.0000000000
2274 -12.0000000000
2435 -11.0000000000
2452 -10.0000000000
2651 -9.0000000000
2667 -8.0000000000
2687 -7.0000000000
2741 -6.0000000000
2757 -5.0000000000
2767 -4.0000000000
2944 -3.0000000000
3083 -2.0000000000
3087 -1.0000000000
3239 409.0000000000
3358 410.0000000000
4605 411.0000000000
4685 412.0000000000
4692 414.0000000000
4761 416.0000000000
5368 417.0000000000
5497 423.0000000000
10000 -1.0000000000
evaluations raw_y
1 -215.0000000000
6 -214.0000000000
7 -213.0000000000
10 -212.0000000000
17 -211.0000000000
21 -210.0000000000
27 -208.0000000000
34 -207.0000000000
37 -206.0000000000
40 -205.0000000000
41 -204.0000000000
42 -202.0000000000
43 -201.0000000000
49 -198.0000000000
57 -197.0000000000
59 -196.0000000000
67 -194.0000000000
79 -193.0000000000
80 -192.0000000000
84 -191.0000000000
85 -190.0000000000
88 -189.0000000000
92 -188.0000000000
93 -187.0000000000
108 -186.0000000000
109 -184.0000000000
137 -183.0000000000
138 -182.0000000000
141 -180.0000000000
154 -179.0000000000
156 -178.0000000000
157 -177.0000000000
169 -176.0000000000
185 -175.0000000000
186 -174.0000000000
198 -173.0000000000
203 -172.0000000000
204 -171.0000000000
225 -169.0000000000
227 -168.0000000000
235 -166.0000000000
238 -164.0000000000
243 -163.0000000000
250 -162.0000000000
251 -161.0000000000
267 -160.0000000000
275 -159.0000000000
278 -158.0000000000
291 -157.0000000000
294 -156.0000000000
296 -154.0000000000
305 -153.0000000000
307 -152.0000000000
309 -151.0000000000
310 -150.0000000000
323 -149.0000000000
324 -148.0000000000
327 -147.0000000000
357 -146.0000000000
373 -145.0000000000
374 -144.0000000000
384 -143.0000000000
386 -142.0000000000
393 -141.0000000000
402 -140.0000000000
408 -138.0000000000
415 -137.0000000000
418 -136.0000000000
425 -135.0000000000
434 -134.0000000000
444 -133.0000000000
448 -132.0000000000
455 -130.0000000000
458 -129.0000000000
462 -128.0000000000
467 -126.0000000000
483 -125.0000000000
492 -124.0000000000
494 -123.0000000000
507 -122.0000000000
511 -121.0000000000
513 -120.0000000000
520 -119.0000000000
526 -118.0000000000
537 -117.0000000000
539 -116.0000000000
540 -115.0000000000
543 -113.0000000000
546 -112.0000000000
553 -111.0000000000
555 -110.0000000000
581 -109.0000000000
599 -108.0000000000
604 -107.0000000000
608 -106.0000000000
609 -105.0000000000
615 -104.0000000000
625 -103.0000000000
631 -102.0000000000
665 -101.0000000000
682 -100.0000000000
685 -99.0000000000
691 -98.0000000000
692 -97.0000000000
710 -96.0000000000
713 -94.0000000000
725 -93.0000000000
726 -92.0000000000
730 -91.0000000000
733 -90.0000000000
756 -89.0000000000
772 -88.0000000000
804 -86.0000000000
853 -85.0000000000
868 -84.0000000000
870 -83.0000000000
877 -82.0000000000
880 -81.0000000000
903 -80.0000000000
908 -79.0000000000
934 -78.0000000000
941 -77.0000000000
943 -75.0000000000
951 -74.0000000000
959 -73.0000000000
967 -72.0000000000
976 -71.0000000000
987 -70.0000000000
991 -68.0000000000
997 -67.0000000000
1020 -65.0000000000
1038 -64.0000000000
1052 -63.0000000000
1057 -62.0000000000
1072 -61.0000000000
1082 -60.0000000000
1132 -59.0000000000
1151 -58.0000000000
1157 -57.0000000000
1201 -56.0000000000
1217 -55.0000000000
1225 -54.0000000000
1245 -53.0000000000
1252 -52.0000000000
1265 -50.0000000000
1267 -49.0000000000
1310 -48.0000000000
1328 -47.0000000000
1347 -46.0000000000
1369 -45.0000000000
1408 -44.0000000000
1411 -43.0000000000
1463 -42.0000000000
1487 -41.0000000000
1490 -40.0000000000
1543 -39.0000000000
1565 -38.0000000000
1568 -37.0000000000
1614 -36.0000000000
1624 -35.0000000000
1635 -34.0000000000
1649 -33.0000000000
1681 -31.0000000000
1711 -30.0000000000
1779 -29.0000000000
1803 -28.0000000000
1812 -27.0000000000
1850 -25.0000000000
2007 -24.0000000000
2076 -23.0000000000
2099 -22.0000000000
2156 -21.0000000000
2164 -20.0000000000
2171 -19.0000000000
2193 -18.0000000000
2204 -17.0000000000
2211 -16.0000000000
2214 -15.0000000000
2225 -14.0000000000
2229 -13.0000000000
2324 -12.0000000000
2482 -11.0000000000
2484 -10.0000000000
2927 -9.0000000000
2968 -8.0000000000
3067 -7.0000000000
3334 -6.0000000000
3410 -5.0000000000
3435 -4.0000000000
3839 -3.0000000000
3848 -2.0000000000
3914 -1.0000000000
4106 401.0000000000
4418 406.0000000000
4564 410.0000000000
8007 412.0000000000
9789 413.0000000000
10000 -1.0000000000
evaluations raw_y
1 -244.0000000000
4 -242.0000000000
5 -241.0000000000
6 -240.0000000000
7 -239.0000000000
8 -238.0000000000
12 -236.0000000000
15 -235.0000000000
29 -233.0000000000
30 -232.0000000000
32 -231.0000000000
36 -230.0000000000
40 -229.0000000000
41 -228.0000000000
42 -227.0000000000
44 -226.0000000000
47 -224.0000000000
50 -223.0000000000
58 -222.0000000000
60 -221.0000000000
64 -219.0000000000
69 -218.0000000000
71 -216.0000000000
77 -215.0000000000
81 -214.0000000000
83 -213.0000000000
92 -211.0000000000
95 -210.0000000000
96 -209.0000000000
97 -208.0000000000
112 -207.0000000000
120 -206.0000000000
122 -205.0000000000
124 -203.0000000000
126 -202.0000000000
135 -201.0000000000
140 -200.0000000000
142 -199.0000000000
144 -198.0000000000
149 -197.0000000000
153 -196.0000000000
155 -195.0000000000
156 -194.0000000000
158 -193.0000000000
161 -191.0000000000
169 -189.0000000000
171 -188.0000000000
174 -187.0000000000
179 -186.0000000000
184 -185.0000000000
188 -184.0000000000
190 -183.0000000000
201 -181.0000000000
202 -180.0000000000
203 -178.0000000000
205 -177.0000000000
213 -176.0000000000
215 -175.0000000000
217 -174.0000000000
221 -173.0000000000
223 -172.0000000000
224 -171.0000000000
231 -170.0000000000
240 -169.0000000000
242 -168.0000000000
246 -167.0000000000
252 -166.0000000000
256 -163.0000000000
267 -162.0000000000
272 -161.0000000000
282 -160.0000000000
286 -159.0000000000
287 -158.0000000000
290 -157.0000000000
295 -156.0000000000
296 -155.0000000000
306 -154.0000000000
307 -153.0000000000
308 -152.0000000000
318 -150.0000000000
322 -149.0000000000
332 -148.0000000000
340 -147.0000000000
343 -146.0000000000
345 -145.0000000000
350 -144.0000000000
355 -142.0000000000
356 -141.0000000000
368 -140.0000000000
369 -139.0000000000
370 -138.0000000000
393 -137.0000000000
409 -136.0000000000
415 -135.0000000000
418 -134.0000000000
430 -133.0000000000
431 -132.0000000000
432 -131.0000000000
433 -130.0000000000
436 -129.0000000000
440 -128.0000000000
442 -127.0000000000
449 -126.0000000000
450 -125.0000000000
452 -124.0000000000
460 -123.0000000000
490 -122.0000000000
495 -121.0000000000
497 -120.0000000000
511 -119.0000000000
521 -118.0000000000
526 -117.0000000000
539 -116.0000000000
543 -115.0000000000
553 -113.0000000000
556 -112.0000000000
565 -111.0000000000
568 -110.0000000000
575 -109.0000000000
587 -107.0000000000
600 -106.0000000000
615 -105.0000000000
617 -104.0000000000
643 -103.0000000000
648 -102.0000000000
650 -100.0000000000
661 -99.0000000000
662 -97.0000000000
671 -96.0000000000
679 -95.0000000000
689 -92.0000000000
704 -91.0000000000
708 -90.0000000000
726 -89.0000000000
732 -87.0000000000
738 -86.0000000000
747 -85.0000000000
750 -83.0000000000
765 -82.0000000000
775 -81.0000000000
777 -80.0000000000
781 -79.0000000000
823 -78.0000000000
827 -77.0000000000
838 -76.0000000000
843 -75.0000000000
859 -74.0000000000
863 -73.0000000000
873 -72.0000000000
885 -71.0000000000
906 -70.0000000000
918 -69.0000000000
921 -68.0000000000
929 -67.0000000000
931 -66.0000000000
933 -65.0000000000
981 -64.0000000000
987 -62.0000000000
999 -61.0000000000
1010 -60.0000000000
1022 -59.0000000000
1031 -58.0000000000
1033 -57.0000000000
1041 -55.0000000000
1059 -54.0000000000
1060 -53.0000000000
1064 -52.0000000000
1079 -51.0000000000
1082 -50.0000000000
1146 -49.0000000000
1152 -48.0000000000
1166 -47.0000000000
1181 -46.0000000000
1185 -45.0000000000
1218 -44.0000000000
1305 -43.0000000000
1307 -42.0000000000
1312 -41.0000000000
1345 -40.0000000000
1406 -39.0000000000
1409 -38.0000000000
1507 -37.0000000000
1548 -36.0000000000
1553 -35.0000000000
1568 -34.0000000000
1577 -33.0000000000
1615 -32.0000000000
1632 -31.0000000000
1640 -30.0000000000
1775 -29.0000000000
1877 -28.0000000000
1885 -27.0000000000
1928 -26.0000000000
1935 -25.0000000000
1970 -24.0000000000
1997 -23.0000000000
2031 -22.0000000000
2059 -21.0000000000
2082 -19.0000000000
2088 -18.0000000000
2105 -17.0000000000
2137 -16.0000000000
2164 -15.0000000000
2173 -14.0000000000
2302 -13.0000000000
2342 -12.0000000000
2376 -11.0000000000
2420 -10.0000000000
2487 -9.0000000000
2546 -8.0000000000
2721 -7.0000000000
2861 -6.0000000000
2868 -5.0000000000
2875 -4.0000000000
2945 -3.0000000000
3017 -2.0000000000
3152 -1.0000000000
3200 404.0000000000
3291 405.0000000000
3953 407.0000000000
4932 409.0000000000
8805 410.0000000000
9623 411.0000000000
9711 412.0000000000
10000 -1.0000000000
evaluations raw_y
1 -207.0000000000
3 -206.0000000000
6 -205.0000000000
17 -204.0000000000
21 -203.0000000000
28 -202.0000000000
29 -201.0000000000
36 -200.0000000000
45 -199.0000000000
50 -198.0000000000
53 -197.0000000000
58 -196.0000000000
59 -195.0000000000
63 -194.0000000000
69 -193.0000000000
70 -192.0000000000
74 -191.0000000000
86 -190.0000000000
98 -189.0000000000
105 -187.0000000000
107 -186.0000000000
113 -185.0000000000
117 -184.0000000000
119 -183.0000000000
120 -181.0000000000
125 -180.0000000000
128 -178.0000000000
134 -176.0000000000
136 -174.0000000000
137 -173.0000000000
140 -172.0000000000
143 -171.0000000000
146 -170.0000000000
152 -169.0000000000
159 -168.0000000000
165 -167.0000000000
173 -166.0000000000
177 -165.0000000000
179 -164.0000000000
184 -163.0000000000
195 -162.0000000000
202 -160.0000000000
203 -158.0000000000
210 -157.0000000000
225 -156.0000000000
226 -155.0000000000
229 -154.0000000000
230 -153.0000000000
231 -152.0000000000
237 -151.0000000000
238 -150.0000000000
241 -149.0000000000
247 -147.0000000000
248 -145.0000000000
249 -144.0000000000
254 -143.0000000000
260 -142.0000000000
264 -141.0000000000
268 -140.0000000000
273 -139.0000000000
277 -138.0000000000
281 -137.0000000000
286 -136.0000000000
287 -134.0000000000
305 -133.0000000000
307 -132.0000000000
316 -131.0000000000
319 -130.0000000000
328 -129.0000000000
334 -127.0000000000
335 -125.0000000000
336 -124.0000000000
340 -123.0000000000
341 -122.0000000000
350 -121.0000000000
356 -120.0000000000
357 -119.0000000000
368 -118.0000000000
370 -117.0000000000
373 -116.0000000000
378 -115.0000000000
379 -114.0000000000
389 -112.0000000000
391 -111.0000000000
396 -110.0000000000
400 -108.0000000000
403 -107.0000000000
411 -106.0000000000
417 -105.0000000000
441 -104.0000000000
447 -103.0000000000
459 -102.0000000000
473 -101.0000000000
493 -100.0000000000
506 -99.0000000000
508 -98.0000000000
521 -97.0000000000
529 -95.0000000000
557 -94.0000000000
574 -93.0000000000
577 -92.0000000000
579 -91.0000000000
592 -90.0000000000
593 -89.0000000000
598 -88.0000000000
619 -87.0000000000
623 -86.0000000000
639 -85.0000000000
646 -84.0000000000
651 -83.0000000000
652 -82.0000000000
668 -81.0000000000
688 -80.0000000000
697 -79.0000000000
709 -78.0000000000
731 -77.0000000000
756 -76.0000000000
765 -75.0000000000
770 -74.0000000000
778 -73.0000000000
810 -72.0000000000
868 -71.0000000000
870 -70.0000000000
910 -69.0000000000
931 -68.0000000000
944 -67.0000000000
948 -65.0000000000
958 -64.0000000000
962 -63.0000000000
982 -62.0000000000
993 -61.0000000000
1001 -60.0000000000
1008 -59.0000000000
1048 -58.0000000000
1050 -57.0000000000
1080 -56.0000000000
1103 -55.0000000000
1119 -54.0000000000
1156 -53.0000000000
1192 -52.0000000000
1201 -51.0000000000
1202 -50.0000000000
1216 -49.0000000000
1231 -48.0000000000
1293 -47.0000000000
1298 -46.0000000000
1313 -45.0000000000
1327 -44.0000000000
1332 -43.0000000000
1342 -42.0000000000
1392 -40.0000000000
1401 -39.0000000000
1403 -38.0000000000
1435 -37.0000000000
1482 -36.0000000000
1492 -35.0000000000
1498 -33.0000000000
1510 -32.0000000000
1566 -31.0000000000
1597 -30.0000000000
1616 -29.0000000000
1654 -28.0000000000
1665 -27.0000000000
1721 -26.0000000000
1749 -25.0000000000
1772 -24.0000000000
1779 -22.0000000000
1860 -21.0000000000
1898 -20.0000000000
1930 -19.0000000000
1933 -18.0000000000
1976 -17.0000000000
1980 -16.0000000000
1982 -15.0000000000
1994 -14.0000000000
2062 -12.0000000000
2090 -11.0000000000
2107 -10.0000000000
2158 -9.0000000000
2161 -8.0000000000
2200 -7.0000000000
2250 -6.0000000000
2267 -5.0000000000
2346 -4.0000000000
2460 -3.0000000000
2536 -2.0000000000
2663 -1.0000000000
3097 392.0000000000
3480 399.0000000000
3555 405.0000000000
3801 409.0000000000
4043 416.0000000000
5736 418.0000000000
6076 419.0000000000
6413 420.0000000000
7432 421.0000000000
8385 423.0000000000
10000 -1.0000000000
evaluations raw_y
1 -218.0000000000
4 -217.0000000000
11 -216.0000000000
14 -215.0000000000
16 -214.0000000000
21 -213.0000000000
22 -212.0000000000
25 -211.0000000000
31 -210.0000000000
49 -209.0000000000
52 -208.0000000000
56 -207.0000000000
61 -206.0000000000
62 -205.0000000000
63 -204.0000000000
65 -203.0000000000
66 -201.0000000000
70 -199.0000000000
83 -198.0000000000
85 -197.0000000000
86 -196.0000000000
88 -195.0000000000
93 -194.0000000000
95 -193.0000000000
96 -192.0000000000
104 -191.0000000000
108 -190.0000000000
110 -188.0000000000
111 -187.0000000000
112 -186.0000000000
114 -184.0000000000
115 -183.0000000000
117 -181.0000000000
119 -180.0000000000
123 -178.0000000000
125 -177.0000000000
134 -175.0000000000
136 -174.0000000000
137 -173.0000000000
140 -172.0000000000
143 -171.0000000000
146 -170.0000000000
154 -169.0000000000
157 -168.0000000000
166 -167.0000000000
178 -166.0000000000
183 -165.0000000000
188 -164.0000000000
192 -163.0000000000
195 -162.0000000000
196 -160.0000000000
201 -158.0000000000
202 -156.0000000000
207 -155.0000000000
215 -154.0000000000
221 -153.0000000000
226 -152.0000000000
228 -150.0000000000
229 -149.0000000000
232 -148.0000000000
240 -147.0000000000
251 -145.0000000000
255 -144.0000000000
276 -143.0000000000
281 -142.0000000000
299 -140.0000000000
307 -139.0000000000
310 -138.0000000000
312 -137.0000000000
314 -136.0000000000
330 -135.0000000000
337 -134.0000000000
351 -133.0000000000
360 -132.0000000000
363 -131.0000000000
388 -130.0000000000
394 -129.0000000000
408 -128.0000000000
413 -127.0000000000
419 -126.0000000000
463 -124.0000000000
464 -123.0000000000
467 -122.0000000000
472 -121.0000000000
482 -120.0000000000
484 -119.0000000000
490 -118.0000000000
501 -117.0000000000
504 -116.0000000000
530 -115.0000000000
550 -114.0000000000
553 -111.0000000000
556 -110.0000000000
562 -109.0000000000
575 -108.0000000000
579 -107.0000000000
586 -106.0000000000
587 -105.0000000000
589 -103.0000000000
591 -102.0000000000
599 -101.0000000000
603 -100.0000000000
605 -98.0000000000
609 -97.0000000000
611 -96.0000000000
612 -94.0000000000
623 -93.0000000000
628 -92.0000000000
629 -91.0000000000
635 -90.0000000000
636 -89.0000000000
650 -88.0000000000
659 -86.0000000000
667 -85.0000000000
677 -84.0000000000
686 -83.0000000000
699 -82.0000000000
700 -81.0000000000
702 -80.0000000000
703 -79.0000000000
711 -78.0000000000
712 -76.0000000000
717 -75.0000000000
721 -74.0000000000
727 -72.0000000000
735 -71.0000000000
744 -70.0000000000
758 -69.0000000000
759 -68.0000000000
763 -67.0000000000
783 -66.0000000000
808 -65.0000000000
826 -64.0000000000
828 -63.0000000000
838 -62.0000000000
840 -61.0000000000
841 -60.0000000000
846 -59.0000000000
847 -58.0000000000
872 -57.0000000000
895 -56.0000000000
908 -55.0000000000
927 -54.0000000000
945 -53.0000000000
956 -52.0000000000
961 -51.0000000000
988 -50.0000000000
1005 -49.0000000000
1037 -48.0000000000
1040 -47.0000000000
1103 -46.0000000000
1111 -45.0000000000
1119 -44.0000000000
1127 -43.0000000000
1134 -42.0000000000
1152 -41.0000000000
1156 -40.0000000000
1178 -38.0000000000
1185 -37.0000000000
1189 -36.0000000000
1205 -35.0000000000
1230 -34.0000000000
1269 -33.0000000000
1276 -32.0000000000
1298 -31.0000000000
1300 -30.0000000000
1336 -29.0000000000
1340 -28.0000000000
1399 -27.0000000000
1448 -26.0000000000
1477 -25.0000000000
1494 -24.0000000000
1532 -23.0000000000
1547 -22.0000000000
1580 -21.0000000000
1636 -20.0000000000
1659 -19.0000000000
1699 -18.0000000000
1757 -17.0000000000
1768 -16.0000000000
1827 -14.0000000000
1852 -13.0000000000
1863 -12.0000000000
1895 -11.0000000000
1956 -10.0000000000
2118 -9.0000000000
2166 -8.0000000000
2177 -7.0000000000
2384 -5.0000000000
2646 -4.0000000000
2699 -3.0000000000
2765 -2.0000000000
2766 -1.0000000000
2780 369.0000000000
2865 374.0000000000
3170 392.0000000000
3934 402.0000000000
5868 403.0000000000
6365 404.0000000000
6826 409.0000000000
7553 413.0000000000
8042 414.0000000000
10000 -1.0000000000
evaluations raw_y
1 -221.0000000000
4 -220.0000000000
7 -218.0000000000
11 -217.0000000000
16 -215.0000000000
18 -214.0000000000
22 -212.0000000000
32 -210.0000000000
42 -208.0000000000
45 -207.0000000000
53 -206.0000000000
59 -204.0000000000
63 -203.0000000000
66 -202.0000000000
67 -201.0000000000
70 -200.0000000000
78 -199.0000000000
83 -198.0000000000
84 -197.0000000000
94 -196.0000000000
101 -195.0000000000
117 -193.0000000000
121 -191.0000000000
123 -190.0000000000
136 -189.0000000000
141 -188.0000000000
148 -187.0000000000
149 -186.0000000000
151 -185.0000000000
154 -184.0000000000
158 -183.0000000000
161 -182.0000000000
162 -181.0000000000
166 -180.0000000000
177 -179.0000000000
180 -178.0000000000
183 -177.0000000000
184 -176.0000000000
191 -175.0000000000
196 -174.0000000000
198 -172.0000000000
201 -171.0000000000
202 -170.0000000000
209 -168.0000000000
212 -167.0000000000
213 -166.0000000000
218 -164.0000000000
220 -163.0000000000
221 -161.0000000000
222 -160.0000000000
223 -159.0000000000
232 -158.0000000000
239 -157.0000000000
248 -156.0000000000
253 -155.0000000000
255 -154.0000000000
268 -153.0000000000
280 -152.0000000000
284 -150.0000000000
286 -148.0000000000
295 -147.0000000000
324 -146.0000000000
329 -145.0000000000
330 -142.0000000000
333 -139.0000000000
336 -138.0000000000
351 -137.0000000000
371 -135.0000000000
381 -134.0000000000
386 -133.0000000000
392 -132.0000000000
399 -131.0000000000
407 -130.0000000000
422 -129.0000000000
423 -127.0000000000
429 -126.0000000000
441 -125.0000000000
450 -122.0000000000
479 -120.0000000000
482 -119.0000000000
493 -118.0000000000
503 -117.0000000000
516 -116.0000000000
518 -115.0000000000
526 -113.0000000000
527 -112.0000000000
533 -111.0000000000
534 -110.0000000000
545 -109.0000000000
561 -108.0000000000
566 -107.0000000000
569 -106.0000000000
571 -105.0000000000
574 -104.0000000000
576 -103.0000000000
582 -101.0000000000
588 -100.0000000000
613 -99.0000000000
622 -98.0000000000
626 -97.0000000000
631 -96.0000000000
632 -95.0000000000
661 -94.0000000000
662 -93.0000000000
665 -92.0000000000
671 -91.0000000000
682 -89.0000000000
683 -88.0000000000
699 -87.0000000000
709 -86.0000000000
714 -84.0000000000
718 -83.0000000000
720 -82.0000000000
729 -81.0000000000
739 -80.0000000000
742 -79.0000000000
744 -77.0000000000
745 -76.0000000000
747 -75.0000000000
761 -74.0000000000
764 -73.0000000000
775 -72.0000000000
797 -71.0000000000
799 -70.0000000000
802 -69.0000000000
809 -68.0000000000
828 -67.0000000000
856 -66.0000000000
896 -64.0000000000
904 -63.0000000000
909 -62.0000000000
918 -61.0000000000
927 -60.0000000000
944 -59.0000000000
953 -58.0000000000
959 -57.0000000000
962 -56.0000000000
980 -55.0000000000
1002 -54.0000000000
1013 -53.0000000000
1032 -52.0000000000
1034 -51.0000000000
1039 -50.0000000000
1050 -49.0000000000
1103 -47.0000000000
1105 -46.0000000000
1142 -45.0000000000
1157 -44.0000000000
1172 -43.0000000000
1192 -42.0000000000
1215 -41.0000000000
1235 -40.0000000000
1239 -39.0000000000
1243 -38.0000000000
1261 -37.0000000000
1326 -36.0000000000
1334 -35.0000000000
1376 -34.0000000000
1400 -33.0000000000
1417 -32.0000000000
1462 -31.0000000000
1464 -30.0000000000
1475 -29.0000000000
1500 -28.0000000000
1539 -27.0000000000
1591 -26.0000000000
1722 -25.0000000000
1749 -24.0000000000
1765 -23.0000000000
1767 -22.0000000000
1949 -20.0000000000
2007 -19.0000000000
2065 -18.0000000000
2080 -17.0000000000
2107 -16.0000000000
2115 -15.0000000000
2126 -14.0000000000
2183 -13.0000000000
2218 -12.0000000000
2353 -11.0000000000
2524 -10.0000000000
2776 -9.0000000000
2780 -8.0000000000
2822 -7.0000000000
2826 -6.0000000000
2843 -5.0000000000
2889 -4.0000000000
2920 -3.0000000000
2940 -2.0000000000
2967 -1.0000000000
3202 375.0000000000
3254 387.0000000000
3321 388.0000000000
3539 390.0000000000
4733 397.0000000000
5475 402.0000000000
6376 411.0000000000
7765 414.0000000000
8053 416.0000000000
9322 420.0000000000
9538 422.0000000000
10000 422.0000000000
evaluations raw_y
1 -205.0000000000
10 -204.0000000000
14 -203.0000000000
20 -202.0000000000
23 -201.0000000000
24 -199.0000000000
26 -197.0000000000
38 -196.0000000000
39 -195.0000000000
40 -194.0000000000
42 -192.0000000000
43 -191.0000000000
51 -190.0000000000
57 -189.0000000000
67 -187.0000000000
81 -186.0000000000
89 -185.0000000000
102 -184.0000000000
104 -183.0000000000
108 -180.0000000000
111 -179.0000000000
114 -178.0000000000
122 -177.0000000000
127 -176.0000000000
131 -175.0000000000
141 -174.0000000000
147 -173.0000000000
154 -171.0000000000
155 -170.0000000000
156 -169.0000000000
162 -168.0000000000
171 -167.0000000000
174 -166.0000000000
175 -164.0000000000
182 -163.0000000000
185 -162.0000000000
190 -161.0000000000
197 -159.0000000000
198 -158.0000000000
199 -157.0000000000
206 -156.0000000000
210 -155.0000000000
211 -154.0000000000
218 -153.0000000000
225 -152.0000000000
229 -150.0000000000
233 -148.0000000000
235 -147.0000000000
239 -146.0000000000
241 -145.0000000000
243 -144.0000000000
255 -143.0000000000
262 -142.0000000000
265 -141.0000000000
282 -139.0000000000
294 -138.0000000000
300 -137.0000000000
310 -135.0000000000
314 -134.0000000000
316 -133.0000000000
323 -131.0000000000
324 -130.0000000000
326 -128.0000000000
332 -127.0000000000
340 -126.0000000000
351 -125.0000000000
368 -124.0000000000
374 -123.0000000000
375 -122.0000000000
381 -121.0000000000
392 -120.0000000000
393 -119.0000000000
398 -117.0000000000
407 -116.0000000000
417 -115.0000000000
422 -114.0000000000
425 -113.0000000000
430 -112.0000000000
435 -111.0000000000
444 -110.0000000000
450 -109.0000000000
451 -108.0000000000
453 -107.0000000000
464 -106.0000000000
467 -105.0000000000
479 -103.0000000000
482 -101.0000000000
490 -100.0000000000
496 -99.0000000000
501 -98.0000000000
505 -97.0000000000
509 -96.0000000000
510 -95.0000000000
525 -94.0000000000
535 -93.0000000000
537 -92.0000000000
543 -91.0000000000
547 -90.0000000000
568 -89.0000000000
583 -86.0000000000
591 -85.0000000000
600 -84.0000000000
604 -82.0000000000
609 -81.0000000000
625 -79.0000000000
627 -78.0000000000
635 -77.0000000000
654 -76.0000000000
662 -75.0000000000
669 -73.0000000000
675 -72.0000000000
717 -71.0000000000
725 -70.0000000000
730 -69.0000000000
738 -68.0000000000
740 -67.0000000000
765 -66.0000000000
768 -65.0000000000
805 -64.0000000000
818 -62.0000000000
824 -61.0000000000
827 -60.0000000000
841 -59.0000000000
845 -58.0000000000
856 -57.0000000000
953 -56.0000000000
996 -55.0000000000
1060 -54.0000000000
1068 -52.0000000000
1071 -51.0000000000
1103 -50.0000000000
1127 -49.0000000000
1134 -48.0000000000
1182 -47.0000000000
1259 -46.0000000000
1267 -45.0000000000
1279 -44.0000000000
1294 -43.0000000000
1299 -42.0000000000
1309 -41.0000000000
1333 -40.0000000000
1343 -39.0000000000
1348 -38.0000000000
1374 -37.0000000000
1383 -35.0000000000
1393 -34.0000000000
1411 -33.0000000000
1417 -32.0000000000
1459 -31.0000000000
1472 -30.0000000000
1549 -29.0000000000
1559 -28.0000000000
1564 -27.0000000000
1577 -26.0000000000
1587 -25.0000000000
1591 -24.0000000000
1611 -23.0000000000
1653 -22.0000000000
1671 -21.0000000000
1680 -20.0000000000
1698 -19.0000000000
1699 -18.0000000000
1829 -17.0000000000
1840 -16.0000000000
1974 -15.0000000000
2011 -14.0000000000
2060 -13.0000000000
2066 -11.0000000000
2073 -10.0000000000
2164 -9.0000000000
2298 -8.0000000000
2659 -7.0000000000
2745 -6.0000000000
2748 -5.0000000000
2899 -4.0000000000
3108 -3.0000000000
3259 -2.0000000000
3261 -1.0000000000
3796 399.0000000000
4327 403.0000000000
4769 409.0000000000
5075 417.0000000000
5246 421.0000000000
5345 427.0000000000
10000 -1.0000000000
evaluations raw_y
1 -230.0000000000
2 -229.0000000000
4 -228.0000000000
8 -227.0000000000
14 -226.0000000000
16 -225.0000000000
19 -224.0000000000
22 -221.0000000000
23 -220.0000000000
30 -219.0000000000
34 -218.0000000000
35 -217.0000000000
37 -216.0000000000
39 -215.0000000000
50 -213.0000000000
51 -212.0000000000
53 -211.0000000000
55 -210.0000000000
60 -209.0000000000
74 -208.0000000000
75 -207.0000000000
76 -206.0000000000
78 -205.0000000000
84 -202.0000000000
90 -200.0000000000
91 -199.0000000000
92 -197.0000000000
98 -196.0000000000
100 -195.0000000000
101 -193.0000000000
106 -192.0000000000
111 -191.0000000000
112 -190.0000000000
118 -189.0000000000
119 -186.0000000000
121 -185.0000000000
130 -183.0000000000
133 -182.0000000000
137 -181.0000000000
138 -180.0000000000
141 -179.0000000000
147 -178.0000000000
167 -177.0000000000
169 -176.0000000000
178 -175.0000000000
181 -174.0000000000
188 -173.0000000000
189 -172.0000000000
195 -171.0000000000
198 -170.0000000000
201 -169.0000000000
202 -168.0000000000
204 -166.0000000000
215 -165.0000000000
217 -164.0000000000
218 -163.0000000000
226 -162.0000000000
228 -161.0000000000
237 -160.0000000000
239 -159.0000000000
250 -156.0000000000
251 -155.0000000000
257 -153.0000000000
261 -152.0000000000
262 -150.0000000000
263 -149.0000000000
265 -148.0000000000
278 -146.0000000000
281 -145.0000000000
288 -144.0000000000
307 -143.0000000000
327 -142.0000000000
349 -141.0000000000
353 -140.0000000000
358 -139.0000000000
365 -138.0000000000
367 -137.0000000000
378 -136.0000000000
382 -135.0000000000
391 -134.0000000000
397 -133.0000000000
406 -131.0000000000
412 -130.0000000000
420 -129.0000000000
430 -128.0000000000
434 -126.0000000000
436 -125.0000000000
447 -124.0000000000
451 -123.0000000000
461 -122.0000000000
463 -120.0000000000
468 -119.0000000000
469 -118.0000000000
477 -117.0000000000
495 -116.0000000000
497 -115.0000000000
501 -114.0000000000
513 -113.0000000000
530 -112.0000000000
533 -111.0000000000
534 -110.0000000000
538 -108.0000000000
545 -107.0000000000
556 -106.0000000000
558 -105.0000000000
568 -103.0000000000
577 -102.0000000000
589 -101.0000000000
594 -100.0000000000
598 -99.0000000000
607 -98.0000000000
614 -97.0000000000
617 -96.0000000000
620 -95.0000000000
631 -94.0000000000
645 -93.0000000000
653 -91.0000000000
668 -89.0000000000
669 -88.0000000000
683 -87.0000000000
685 -86.0000000000
699 -85.0000000000
710 -84.0000000000
715 -83.0000000000
726 -82.0000000000
729 -80.0000000000
734 -79.0000000000
739 -78.0000000000
746 -77.0000000000
779 -76.0000000000
805 -75.0000000000
806 -74.0000000000
811 -73.0000000000
817 -72.0000000000
835 -71.0000000000
856 -70.0000000000
875 -69.0000000000
881 -68.0000000000
893 -67.0000000000
897 -65.0000000000
906 -63.0000000000
914 -62.0000000000
926 -61.0000000000
932 -60.0000000000
948 -59.0000000000
949 -58.0000000000
1000 -57.0000000000
1004 -56.0000000000
1006 -55.0000000000
1029 -54.0000000000
1050 -53.0000000000
1051 -52.0000000000
1052 -51.0000000000
1055 -50.0000000000
1079 -49.0000000000
1105 -48.0000000000
1113 -47.0000000000
1130 -46.0000000000
1135 -45.0000000000
1149 -44.0000000000
1177 -43.0000000000
1184 -42.0000000000
1216 -41.0000000000
1224 -40.0000000000
1253 -39.0000000000
1278 -38.0000000000
1284 -37.0000000000
1326 -36.0000000000
1360 -35.0000000000
1363 -34.0000000000
1422 -33.0000000000
1426 -31.0000000000
1433 -30.0000000000
1445 -29.0000000000
1571 -28.0000000000
1574 -27.0000000000
1604 -26.0000000000
1641 -25.0000000000
1657 -24.0000000000
1664 -23.0000000000
1705 -22.0000000000
1734 -20.0000000000
1744 -19.0000000000
1829 -18.0000000000
1836 -17.0000000000
1870 -16.0000000000
1941 -15.0000000000
1995 -14.0000000000
2133 -13.0000000000
2295 -12.0000000000
2319 -11.0000000000
2340 -10.0000000000
2347 -9.0000000000
2390 -8.0000000000
2443 -7.0000000000
2499 -6.0000000000
2618 -5.0000000000
2653 -4.0000000000
2805 -3.0000000000
3092 -2.0000000000
3159 -1.0000000000
3206 396.0000000000
3768 397.0000000000
4337 399.0000000000
4488 403.0000000000
4571 407.0000000000
7628 410.0000000000
9037 417.0000000000
9935 418.0000000000
10000 -2.0000000000
evaluations raw_y
1 -213.0000000000
2 -212.0000000000
3 -210.0000000000
5 -209.0000000000
6 -207.0000000000
11 -205.0000000000
12 -204.0000000000
14 -203.0000000000
16 -202.0000000000
25 -201.0000000000
27 -200.0000000000
30 -198.0000000000
33 -197.0000000000
34 -196.0000000000
41 -195.0000000000
54 -194.0000000000
56 -193.0000000000
57 -192.0000000000
61 -191.0000000000
64 -190.0000000000
65 -189.0000000000
78 -187.0000000000
80 -185.0000000000
104 -184.0000000000
106 -183.0000000000
107 -182.0000000000
112 -181.0000000000
115 -180.0000000000
117 -179.0000000000
118 -178.0000000000
119 -176.0000000000
120 -174.0000000000
123 -173.0000000000
124 -172.0000000000
127 -171.0000000000
134 -168.0000000000
138 -167.0000000000
145 -166.0000000000
146 -165.0000000000
148 -164.0000000000
150 -163.0000000000
161 -162.0000000000
163 -161.0000000000
168 -160.0000000000
170 -159.0000000000
175 -158.0000000000
178 -157.0000000000
190 -156.0000000000
208 -155.0000000000
211 -154.0000000000
212 -153.0000000000
218 -152.0000000000
222 -151.0000000000
229 -150.0000000000
235 -148.0000000000
257 -147.0000000000
265 -146.0000000000
273 -145.0000000000
276 -144.0000000000
279 -143.0000000000
284 -142.0000000000
295 -141.0000000000
296 -140.0000000000
298 -138.0000000000
300 -137.0000000000
307 -136.0000000000
313 -135.0000000000
318 -134.0000000000
343 -132.0000000000
351 -131.0000000000
360 -130.0000000000
363 -128.0000000000
377 -126.0000000000
383 -125.0000000000
388 -124.0000000000
415 -122.0000000000
423 -120.0000000000
426 -118.0000000000
428 -117.0000000000
438 -116.0000000000
439 -115.0000000000
451 -114.0000000000
455 -113.0000000000
460 -112.0000000000
487 -111.0000000000
498 -110.0000000000
502 -109.0000000000
507 -108.0000000000
533 -107.0000000000
541 -106.0000000000
542 -105.0000000000
551 -104.0000000000
565 -103.0000000000
567 -102.0000000000
581 -101.0000000000
586 -100.0000000000
588 -99.0000000000
595 -98.0000000000
601 -97.0000000000
615 -96.0000000000
627 -95.0000000000
654 -94.0000000000
657 -93.0000000000
689 -92.0000000000
697 -91.0000000000
701 -90.0000000000
727 -89.0000000000
740 -88.0000000000
747 -87.0000000000
758 -86.0000000000
768 -85.0000000000
784 -84.0000000000
804 -83.0000000000
842 -81.0000000000
846 -79.0000000000
847 -78.0000000000
857 -77.0000000000
862 -76.0000000000
910 -75.0000000000
913 -74.0000000000
928 -73.0000000000
936 -72.0000000000
943 -71.0000000000
961 -70.0000000000
967 -69.0000000000
973 -68.0000000000
981 -67.0000000000
998 -66.0000000000
1006 -65.0000000000
1016 -64.0000000000
1023 -63.0000000000
1036 -61.0000000000
1055 -60.0000000000
1075 -59.0000000000
1077 -58.0000000000
1090 -57.0000000000
1091 -56.0000000000
1092 -55.0000000000
1097 -54.0000000000
1101 -53.0000000000
1104 -52.0000000000
1123 -51.0000000000
1142 -50.0000000000
1186 -48.0000000000
1212 -47.0000000000
1214 -46.0000000000
1224 -45.0000000000
1242 -44.0000000000
1268 -43.0000000000
1281 -42.0000000000
1374 -41.0000000000
1422 -40.0000000000
1492 -39.0000000000
1500 -38.0000000000
1599 -37.0000000000
1602 -36.0000000000
1636 -35.0000000000
1682 -34.0000000000
1688 -33.0000000000
1695 -32.0000000000
1717 -31.0000000000
1732 -30.0000000000
1742 -29.0000000000
1755 -28.0000000000
1773 -27.0000000000
1849 -26.0000000000
1941 -25.0000000000
1986 -24.0000000000
2038 -22.0000000000
2064 -21.0000000000
2093 -20.0000000000
2105 -19.0000000000
2163 -18.0000000000
2174 -17.0000000000
2275 -16.0000000000
2283 -15.0000000000
2310 -14.0000000000
2417 -13.0000000000
2441 -12.0000000000
2464 -11.0000000000
2517 -10.0000000000
2569 -9.0000000000
2616 -8.0000000000
2657 -7.0000000000
2800 -6.0000000000
2820 -5.0000000000
2877 -4.0000000000
3034 -3.0000000000
3038 -2.0000000000
3081 -1.0000000000
3249 374.0000000000
3262 377.0000000000
3493 383.0000000000
3624 397.0000000000
4369 399.0000000000
4403 401.0000000000
4500 404.0000000000
4958 405.0000000000
5771 409.0000000000
6540 411.0000000000
9605 413.0000000000
10000 -1.0000000000
evaluations raw_y
1 -213.0000000000
3 -212.0000000000
4 -211.0000000000
13 -210.0000000000
14 -209.0000000000
31 -208.0000000000
35 -207.0000000000
36 -205.0000000000
39 -204.0000000000
44 -203.0000000000
48 -202.0000000000
57 -201.0000000000
61 -200.0000000000
63 -199.0000000000
67 -198.0000000000
79 -196.0000000000
81 -195.0000000000
85 -194.0000000000
87 -193.0000000000
89 -192.0000000000
93 -191.0000000000
96 -190.0000000000
97 -189.0000000000
99 -188.0000000000
100 -187.0000000000
102 -186.0000000000
104 -185.0000000000
105 -184.0000000000
107 -183.0000000000
110 -180.0000000000
119 -179.0000000000
122 -178.0000000000
124 -177.0000000000
125 -176.0000000000
129 -174.0000000000
132 -173.0000000000
136 -172.0000000000
138 -171.0000000000
143 -170.0000000000
146 -168.0000000000
148 -166.0000000000
150 -164.0000000000
152 -163.0000000000
158 -161.0000000000
159 -160.0000000000
160 -159.0000000000
168 -158.0000000000
177 -157.0000000000
181 -156.0000000000
183 -155.0000000000
185 -154.0000000000
187 -153.0000000000
188 -152.0000000000
190 -150.0000000000
196 -149.0000000000
205 -148.0000000000
226 -147.0000000000
227 -145.0000000000
235 -144.0000000000
240 -143.0000000000
242 -142.0000000000
244 -140.0000000000
257 -139.0000000000
264 -138.0000000000
265 -137.0000000000
268 -136.0000000000
277 -135.0000000000
278 -134.0000000000
288 -133.0000000000
289 -132.0000000000
292 -131.0000000000
300 -130.0000000000
311 -129.0000000000
312 -128.0000000000
320 -125.0000000000
328 -124.0000000000
332 -123.0000000000
336 -122.0000000000
343 -121.0000000000
355 -120.0000000000
367 -119.0000000000
368 -118.0000000000
383 -117.0000000000
390 -116.0000000000
413 -115.0000000000
419 -114.0000000000
439 -113.0000000000
452 -112.0000000000
456 -111.0000000000
458 -110.0000000000
465 -109.0000000000
477 -108.0000000000
484 -107.0000000000
506 -106.0000000000
507 -105.0000000000
509 -104.0000000000
516 -103.0000000000
518 -102.0000000000
520 -101.0000000000
524 -100.0000000000
545 -99.0000000000
554 -98.0000000000
560 -97.0000000000
565 -96.0000000000
570 -95.0000000000
573 -93.0000000000
578 -92.0000000000
585 -91.0000000000
591 -90.0000000000
599 -88.0000000000
611 -87.0000000000
619 -86.0000000000
628 -85.0000000000
631 -84.0000000000
635 -83.0000000000
644 -82.0000000000
646 -81.0000000000
648 -80.0000000000
650 -79.0000000000
678 -78.0000000000
679 -77.0000000000
690 -76.0000000000
698 -75.0000000000
700 -74.0000000000
701 -73.0000000000
713 -72.0000000000
723 -71.0000000000
725 -70.0000000000
726 -69.0000000000
749 -68.0000000000
758 -67.0000000000
770 -64.0000000000
771 -63.0000000000
774 -62.0000000000
775 -61.0000000000
776 -59.0000000000
814 -58.0000000000
825 -57.0000000000
829 -56.0000000000
836 -55.0000000000
845 -54.0000000000
850 -53.0000000000
855 -52.0000000000
889 -51.0000000000
894 -50.0000000000
902 -49.0000000000
905 -48.0000000000
915 -47.0000000000
917 -46.0000000000
953 -45.0000000000
961 -44.0000000000
970 -43.0000000000
985 -42.0000000000
990 -41.0000000000
1007 -40.0000000000
1013 -39.0000000000
1020 -38.0000000000
1068 -37.0000000000
1078 -36.0000000000
1085 -35.0000000000
1089 -34.0000000000
1240 -33.0000000000
1310 -32.0000000000
1325 -31.0000000000
1334 -30.0000000000
1395 -29.0000000000
1401 -28.0000000000
1420 -27.0000000000
1520 -26.0000000000
1540 -25.0000000000
1560 -24.0000000000
1613 -23.0000000000
1619 -22.0000000000
1632 -21.0000000000
1673 -20.0000000000
1691 -19.0000000000
1747 -18.0000000000
1781 -17.0000000000
1834 -16.0000000000
1892 -15.0000000000
1917 -14.0000000000
1937 -13.0000000000
1965 -12.0000000000
1967 -11.0000000000
2097 -10.0000000000
2185 -9.0000000000
2202 -8.0000000000
2322 -6.0000000000
2439 -5.0000000000
2450 -4.0000000000
2464 -3.0000000000
2482 -2.0000000000
2726 -1.0000000000
2749 393.0000000000
2841 400.0000000000
2881 406.0000000000
2883 419.0000000000
8564 420.0000000000
10000 -1.0000000000
