evaluations raw_y
1 -1998.0000000000
3 -1997.0000000000
5 -1996.0000000000
10 -1994.0000000000
25 -1993.0000000000
27 -1991.0000000000
28 -1989.0000000000
30 -1987.0000000000
37 -1986.0000000000
40 -1985.0000000000
47 -1984.0000000000
51 -1983.0000000000
52 -1982.0000000000
53 -1980.0000000000
57 -1979.0000000000
58 -1977.0000000000
76 -1976.0000000000
77 -1975.0000000000
89 -1974.0000000000
93 -1972.0000000000
100 -1971.0000000000
101 -1970.0000000000
103 -1968.0000000000
108 -1966.0000000000
111 -1964.0000000000
114 -1963.0000000000
123 -1962.0000000000
124 -1961.0000000000
127 -1960.0000000000
130 -1959.0000000000
131 -1958.0000000000
133 -1957.0000000000
135 -1956.0000000000
138 -1955.0000000000
139 -1954.0000000000
148 -1953.0000000000
158 -1952.0000000000
163 -1951.0000000000
164 -1949.0000000000
166 -1948.0000000000
169 -1947.0000000000
170 -1946.0000000000
173 -1945.0000000000
174 -1944.0000000000
178 -1941.0000000000
179 -1940.0000000000
183 -1939.0000000000
188 -1938.0000000000
190 -1937.0000000000
191 -1936.0000000000
192 -1935.0000000000
196 -1934.0000000000
200 -1933.0000000000
204 -1931.0000000000
206 -1930.0000000000
208 -1929.0000000000
211 -1928.0000000000
216 -1926.0000000000
225 -1925.0000000000
236 -1924.0000000000
245 -1923.0000000000
250 -1922.0000000000
253 -1921.0000000000
256 -1920.0000000000
263 -1918.0000000000
265 -1917.0000000000
266 -1916.0000000000
271 -1915.0000000000
273 -1914.0000000000
274 -1913.0000000000
276 -1912.0000000000
288 -1911.0000000000
289 -1910.0000000000
296 -1908.0000000000
297 -1907.0000000000
299 -1906.0000000000
310 -1905.0000000000
315 -1904.0000000000
335 -1903.0000000000
347 -1902.0000000000
348 -1901.0000000000
352 -1899.0000000000
353 -1898.0000000000
354 -1897.0000000000
361 -1895.0000000000
371 -1893.0000000000
372 -1892.0000000000
386 -1889.0000000000
389 -1888.0000000000
390 -1887.0000000000
391 -1886.0000000000
393 -1885.0000000000
395 -1883.0000000000
396 -1882.0000000000
400 -1881.0000000000
403 -1880.0000000000
415 -1879.0000000000
420 -1878.0000000000
423 -1877.0000000000
424 -1876.0000000000
436 -1875.0000000000
438 -1874.0000000000
439 -1873.0000000000
440 -1870.0000000000
445 -1869.0000000000
452 -1868.0000000000
454 -1867.0000000000
457 -1866.0000000000
472 -1865.0000000000
474 -1864.0000000000
477 -1862.0000000000
479 -1861.0000000000
480 -1859.0000000000
486 -1858.0000000000
490 -1857.0000000000
495 -1856.0000000000
499 -1855.0000000000
509 -1854.0000000000
514 -1853.0000000000
517 -1852.0000000000
518 -1850.0000000000
520 -1849.0000000000
524 -1848.0000000000
526 -1847.0000000000
527 -1846.0000000000
528 -1845.0000000000
531 -1844.0000000000
533 -1843.0000000000
534 -1842.0000000000
536 -1840.0000000000
543 -1839.0000000000
547 -1838.0000000000
548 -1837.0000000000
549 -1836.0000000000
550 -1835.0000000000
551 -1834.0000000000
559 -1833.0000000000
560 -1832.0000000000
563 -1831.0000000000
565 -1830.0000000000
569 -1829.0000000000
576 -1828.0000000000
588 -1826.0000000000
591 -1825.0000000000
594 -1824.0000000000
598 -1823.0000000000
601 -1822.0000000000
609 -1821.0000000000
613 -1819.0000000000
620 -1818.0000000000
624 -1816.0000000000
625 -1815.0000000000
634 -1813.0000000000
642 -1812.0000000000
651 -1811.0000000000
653 -1810.0000000000
654 -1809.0000000000
672 -1808.0000000000
675 -1807.0000000000
679 -1806.0000000000
693 -1805.0000000000
695 -1804.0000000000
696 -1802.0000000000
699 -1801.0000000000
701 -1800.0000000000
704 -1799.0000000000
707 -1798.0000000000
716 -1797.0000000000
723 -1796.0000000000
730 -1794.0000000000
744 -1793.0000000000
750 -1792.0000000000
786 -1790.0000000000
787 -1789.0000000000
794 -1788.0000000000
796 -1787.0000000000
798 -1786.0000000000
804 -1785.0000000000
806 -1784.0000000000
807 -1783.0000000000
811 -1782.0000000000
814 -1781.0000000000
818 -1780.0000000000
820 -1778.0000000000
823 -1777.0000000000
824 -1776.0000000000
825 -1775.0000000000
830 -1774.0000000000
854 -1773.0000000000
855 -1772.0000000000
862 -1771.0000000000
866 -1769.0000000000
874 -1768.0000000000
885 -1767.0000000000
893 -1766.0000000000
895 -1765.0000000000
899 -1764.0000000000
906 -1762.0000000000
913 -1760.0000000000
922 -1758.0000000000
923 -1757.0000000000
926 -1756.0000000000
930 -1755.0000000000
931 -1754.0000000000
938 -1753.0000000000
964 -1752.0000000000
967 -1751.0000000000
969 -1748.0000000000
978 -1747.0000000000
980 -1746.0000000000
991 -1745.0000000000
995 -1744.0000000000
999 -1743.0000000000
1003 -1741.0000000000
1012 -1740.0000000000
1013 -1738.0000000000
1017 -1737.0000000000
1018 -1736.0000000000
1026 -1734.0000000000
1031 -1733.0000000000
1032 -1732.0000000000
1034 -1731.0000000000
1036 -1730.0000000000
1045 -1729.0000000000
1046 -1728.0000000000
1059 -1727.0000000000
1063 -1726.0000000000
1071 -1725.0000000000
1083 -1724.0000000000
1088 -1723.0000000000
1093 -1722.0000000000
1095 -1721.0000000000
1101 -1720.0000000000
1106 -1719.0000000000
1107 -1718.0000000000
1108 -1717.0000000000
1117 -1716.0000000000
1120 -1715.0000000000
1125 -1714.0000000000
1133 -1713.0000000000
1147 -1712.0000000000
1151 -1711.0000000000
1152 -1710.0000000000
1153 -1709.0000000000
1159 -1708.0000000000
1166 -1707.0000000000
1168 -1706.0000000000
1180 -1705.0000000000
1185 -1704.0000000000
1187 -1702.0000000000
1191 -1701.0000000000
1199 -1699.0000000000
1208 -1698.0000000000
1216 -1697.0000000000
1217 -1696.0000000000
1218 -1693.0000000000
1224 -1692.0000000000
1231 -1691.0000000000
1233 -1690.0000000000
1239 -1689.0000000000
1244 -1688.0000000000
1246 -1686.0000000000
1249 -1684.0000000000
1252 -1683.0000000000
1254 -1682.0000000000
1270 -1681.0000000000
1276 -1680.0000000000
1285 -1679.0000000000
1288 -1678.0000000000
1291 -1677.0000000000
1295 -1676.0000000000
1297 -1675.0000000000
1298 -1674.0000000000
1306 -1672.0000000000
1311 -1671.0000000000
1317 -1670.0000000000
1326 -1669.0000000000
1328 -1668.0000000000
1329 -1666.0000000000
1331 -1664.0000000000
1333 -1662.0000000000
1339 -1661.0000000000
1346 -1660.0000000000
1348 -1659.0000000000
1351 -1658.0000000000
1352 -1657.0000000000
1359 -1656.0000000000
1362 -1655.0000000000
1370 -1654.0000000000
1371 -1652.0000000000
1374 -1651.0000000000
1380 -1649.0000000000
1384 -1648.0000000000
1390 -1647.0000000000
1412 -1646.0000000000
1414 -1645.0000000000
1415 -1644.0000000000
1416 -1643.0000000000
1418 -1642.0000000000
1431 -1640.0000000000
1437 -1638.0000000000
1439 -1636.0000000000
1441 -1635.0000000000
1442 -1633.0000000000
1444 -1631.0000000000
1445 -1630.0000000000
1451 -1629.0000000000
1463 -1628.0000000000
1471 -1627.0000000000
1477 -1626.0000000000
1484 -1625.0000000000
1487 -1624.0000000000
1496 -1623.0000000000
1498 -1622.0000000000
1504 -1621.0000000000
1506 -1620.0000000000
1508 -1619.0000000000
1530 -1618.0000000000
1536 -1617.0000000000
1542 -1616.0000000000
1553 -1615.0000000000
1559 -1612.0000000000
1564 -1611.0000000000
1568 -1610.0000000000
1572 -1609.0000000000
1575 -1608.0000000000
1577 -1607.0000000000
1594 -1606.0000000000
1597 -1605.0000000000
1600 -1603.0000000000
1603 -1602.0000000000
1607 -1601.0000000000
1609 -1600.0000000000
1611 -1599.0000000000
1621 -1598.0000000000
1624 -1596.0000000000
1625 -1595.0000000000
1632 -1594.0000000000
1642 -1593.0000000000
1645 -1592.0000000000
1648 -1588.0000000000
1652 -1587.0000000000
1654 -1586.0000000000
1656 -1585.0000000000
1660 -1583.0000000000
1661 -1582.0000000000
1668 -1581.0000000000
1670 -1580.0000000000
1677 -1579.0000000000
1680 -1578.0000000000
1688 -1577.0000000000
1689 -1576.0000000000
1694 -1575.0000000000
1695 -1573.0000000000
1697 -1572.0000000000
1698 -1571.0000000000
1716 -1570.0000000000
1717 -1569.0000000000
1725 -1568.0000000000
1727 -1567.0000000000
1729 -1566.0000000000
1731 -1565.0000000000
1734 -1564.0000000000
1742 -1563.0000000000
1743 -1562.0000000000
1751 -1561.0000000000
1755 -1559.0000000000
1757 -1558.0000000000
1760 -1557.0000000000
1767 -1555.0000000000
1773 -1554.0000000000
1775 -1553.0000000000
1779 -1552.0000000000
1781 -1550.0000000000
1790 -1549.0000000000
1791 -1548.0000000000
1792 -1547.0000000000
1800 -1546.0000000000
1802 -1545.0000000000
1803 -1544.0000000000
1809 -1543.0000000000
1812 -1541.0000000000
1817 -1538.0000000000
1821 -1537.0000000000
1826 -1536.0000000000
1832 -1534.0000000000
1858 -1533.0000000000
1869 -1532.0000000000
1871 -1531.0000000000
1872 -1530.0000000000
1875 -1529.0000000000
1880 -1528.0000000000
1902 -1527.0000000000
1908 -1526.0000000000
1909 -1525.0000000000
1913 -1524.0000000000
1914 -1523.0000000000
1915 -1522.0000000000
1917 -1521.0000000000
1919 -1520.0000000000
1920 -1519.0000000000
1921 -1518.0000000000
1927 -1517.0000000000
1937 -1516.0000000000
1939 -1515.0000000000
1945 -1514.0000000000
1946 -1513.0000000000
1960 -1512.0000000000
1962 -1511.0000000000
1964 -1510.0000000000
1971 -1508.0000000000
1977 -1507.0000000000
1989 -1506.0000000000
1990 -1505.0000000000
1995 -1504.0000000000
1997 -1503.0000000000
2006 -1502.0000000000
2008 -1501.0000000000
2016 -1500.0000000000
2022 -1499.0000000000
2026 -1498.0000000000
2032 -1497.0000000000
2044 -1496.0000000000
2045 -1495.0000000000
2057 -1494.0000000000
2068 -1493.0000000000
2079 -1492.0000000000
2081 -1491.0000000000
2087 -1489.0000000000
2090 -1488.0000000000
2091 -1487.0000000000
2093 -1485.0000000000
2099 -1484.0000000000
2102 -1482.0000000000
2103 -1481.0000000000
2105 -1480.0000000000
2107 -1479.0000000000
2108 -1478.0000000000
2109 -1476.0000000000
2112 -1475.0000000000
2119 -1474.0000000000
2132 -1473.0000000000
2133 -1472.0000000000
2134 -1471.0000000000
2137 -1470.0000000000
2156 -1469.0000000000
2158 -1468.0000000000
2159 -1467.0000000000
2185 -1466.0000000000
2191 -1465.0000000000
2199 -1464.0000000000
2200 -1463.0000000000
2201 -1461.0000000000
2208 -1460.0000000000
2212 -1459.0000000000
2214 -1458.0000000000
2229 -1457.0000000000
2231 -1456.0000000000
2232 -1455.0000000000
2235 -1454.0000000000
2247 -1452.0000000000
2254 -1451.0000000000
2259 -1450.0000000000
2261 -1449.0000000000
2265 -1448.0000000000
2280 -1447.0000000000
2282 -1446.0000000000
2286 -1444.0000000000
2293 -1443.0000000000
2296 -1441.0000000000
2307 -1439.0000000000
2315 -1437.0000000000
2321 -1436.0000000000
2326 -1435.0000000000
2336 -1434.0000000000
2352 -1432.0000000000
2353 -1431.0000000000
2356 -1430.0000000000
2357 -1429.0000000000
2360 -1428.0000000000
2374 -1427.0000000000
2377 -1426.0000000000
2381 -1425.0000000000
2388 -1424.0000000000
2390 -1423.0000000000
2392 -1422.0000000000
2397 -1421.0000000000
2414 -1420.0000000000
2419 -1419.0000000000
2430 -1416.0000000000
2437 -1415.0000000000
2453 -1414.0000000000
2460 -1413.0000000000
2463 -1411.0000000000
2468 -1410.0000000000
2482 -1409.0000000000
2495 -1408.0000000000
2503 -1407.0000000000
2509 -1406.0000000000
2511 -1405.0000000000
2515 -1404.0000000000
2521 -1402.0000000000
2522 -1401.0000000000
2528 -1400.0000000000
2531 -1399.0000000000
2552 -1398.0000000000
2553 -1397.0000000000
2557 -1396.0000000000
2558 -1395.0000000000
2576 -1394.0000000000
2578 -1393.0000000000
2580 -1392.0000000000
2583 -1390.0000000000
2585 -1389.0000000000
2593 -1388.0000000000
2597 -1387.0000000000
2600 -1386.0000000000
2601 -1385.0000000000
2608 -1384.0000000000
2609 -1383.0000000000
2616 -1382.0000000000
2626 -1381.0000000000
2631 -1380.0000000000
2638 -1379.0000000000
2659 -1378.0000000000
2661 -1377.0000000000
2663 -1376.0000000000
2673 -1375.0000000000
2677 -1374.0000000000
2682 -1373.0000000000
2688 -1372.0000000000
2698 -1371.0000000000
2702 -1370.0000000000
2713 -1369.0000000000
2720 -1367.0000000000
2725 -1365.0000000000
2726 -1364.0000000000
2730 -1363.0000000000
2738 -1362.0000000000
2745 -1361.0000000000
2753 -1360.0000000000
2754 -1359.0000000000
2756 -1358.0000000000
2775 -1357.0000000000
2777 -1356.0000000000
2807 -1355.0000000000
2808 -1354.0000000000
2823 -1353.0000000000
2825 -1352.0000000000
2827 -1351.0000000000
2828 -1350.0000000000
2844 -1349.0000000000
2849 -1347.0000000000
2850 -1346.0000000000
2852 -1345.0000000000
2854 -1344.0000000000
2861 -1343.0000000000
2863 -1342.0000000000
2865 -1341.0000000000
2870 -1340.0000000000
2871 -1339.0000000000
2876 -1338.0000000000
2881 -1337.0000000000
2886 -1335.0000000000
2887 -1334.0000000000
2888 -1333.0000000000
2890 -1331.0000000000
2891 -1330.0000000000
2904 -1329.0000000000
2908 -1328.0000000000
2919 -1327.0000000000
2923 -1326.0000000000
2926 -1325.0000000000
2927 -1324.0000000000
2935 -1323.0000000000
2937 -1322.0000000000
2947 -1321.0000000000
2954 -1320.0000000000
2961 -1319.0000000000
2962 -1318.0000000000
2993 -1317.0000000000
2997 -1315.0000000000
2998 -1314.0000000000
3007 -1313.0000000000
3008 -1312.0000000000
3012 -1311.0000000000
3017 -1310.0000000000
3025 -1309.0000000000
3031 -1308.0000000000
3035 -1307.0000000000
3036 -1306.0000000000
3048 -1305.0000000000
3052 -1304.0000000000
3056 -1303.0000000000
3057 -1301.0000000000
3066 -1300.0000000000
3074 -1298.0000000000
3077 -1297.0000000000
3087 -1296.0000000000
3088 -1295.0000000000
3096 -1294.0000000000
3105 -1293.0000000000
3111 -1291.0000000000
3118 -1290.0000000000
3129 -1289.0000000000
3134 -1288.0000000000
3140 -1287.0000000000
3142 -1285.0000000000
3143 -1282.0000000000
3145 -1281.0000000000
3173 -1280.0000000000
3177 -1279.0000000000
3181 -1278.0000000000
3183 -1277.0000000000
3208 -1276.0000000000
3209 -1275.0000000000
3217 -1273.0000000000
3221 -1271.0000000000
3226 -1269.0000000000
3229 -1268.0000000000
3231 -1266.0000000000
3234 -1265.0000000000
3236 -1264.0000000000
3240 -1263.0000000000
3244 -1262.0000000000
3255 -1261.0000000000
3265 -1260.0000000000
3269 -1259.0000000000
3270 -1258.0000000000
3281 -1257.0000000000
3285 -1256.0000000000
3287 -1255.0000000000
3291 -1254.0000000000
3293 -1253.0000000000
3300 -1252.0000000000
3302 -1251.0000000000
3305 -1249.0000000000
3318 -1248.0000000000
3320 -1247.0000000000
3324 -1246.0000000000
3328 -1244.0000000000
3331 -1243.0000000000
3336 -1240.0000000000
3342 -1239.0000000000
3351 -1237.0000000000
3365 -1236.0000000000
3371 -1235.0000000000
3372 -1234.0000000000
3389 -1233.0000000000
3419 -1232.0000000000
3424 -1231.0000000000
3432 -1230.0000000000
3435 -1227.0000000000
3438 -1226.0000000000
3447 -1225.0000000000
3448 -1224.0000000000
3453 -1223.0000000000
3460 -1222.0000000000
3465 -1221.0000000000
3466 -1220.0000000000
3467 -1218.0000000000
3472 -1217.0000000000
3478 -1216.0000000000
3480 -1215.0000000000
3481 -1214.0000000000
3492 -1212.0000000000
3496 -1211.0000000000
3498 -1209.0000000000
3499 -1207.0000000000
3501 -1206.0000000000
3505 -1205.0000000000
3506 -1204.0000000000
3514 -1203.0000000000
3550 -1202.0000000000
3553 -1201.0000000000
3555 -1200.0000000000
3559 -1199.0000000000
3574 -1198.0000000000
3576 -1196.0000000000
3582 -1195.0000000000
3585 -1194.0000000000
3604 -1193.0000000000
3613 -1191.0000000000
3617 -1190.0000000000
3621 -1189.0000000000
3622 -1188.0000000000
3626 -1187.0000000000
3630 -1186.0000000000
3635 -1185.0000000000
3640 -1184.0000000000
3643 -1183.0000000000
3659 -1182.0000000000
3664 -1181.0000000000
3670 -1180.0000000000
3678 -1179.0000000000
3683 -1178.0000000000
3689 -1177.0000000000
3690 -1176.0000000000
3700 -1175.0000000000
3704 -1174.0000000000
3705 -1173.0000000000
3708 -1172.0000000000
3715 -1171.0000000000
3716 -1170.0000000000
3720 -1169.0000000000
3722 -1168.0000000000
3723 -1167.0000000000
3749 -1166.0000000000
3752 -1165.0000000000
3755 -1164.0000000000
3769 -1162.0000000000
3777 -1161.0000000000
3788 -1160.0000000000
3791 -1158.0000000000
3798 -1157.0000000000
3801 -1156.0000000000
3803 -1155.0000000000
3815 -1154.0000000000
3817 -1153.0000000000
3823 -1152.0000000000
3842 -1151.0000000000
3843 -1150.0000000000
3867 -1149.0000000000
3868 -1148.0000000000
3870 -1147.0000000000
3881 -1145.0000000000
3882 -1144.0000000000
3884 -1143.0000000000
3886 -1141.0000000000
3893 -1140.0000000000
3894 -1139.0000000000
3902 -1138.0000000000
3912 -1136.0000000000
3917 -1135.0000000000
3927 -1134.0000000000
3929 -1133.0000000000
3935 -1132.0000000000
3938 -1131.0000000000
3944 -1130.0000000000
3945 -1129.0000000000
3947 -1128.0000000000
3948 -1127.0000000000
3950 -1126.0000000000
3974 -1125.0000000000
3975 -1124.0000000000
3985 -1123.0000000000
3986 -1121.0000000000
3990 -1120.0000000000
3991 -1119.0000000000
3992 -1118.0000000000
3996 -1117.0000000000
3997 -1116.0000000000
4001 -1114.0000000000
4003 -1113.0000000000
4007 -1112.0000000000
4009 -1111.0000000000
4013 -1110.0000000000
4020 -1109.0000000000
4026 -1108.0000000000
4045 -1107.0000000000
4046 -1104.0000000000
4048 -1103.0000000000
4064 -1102.0000000000
4065 -1100.0000000000
4072 -1099.0000000000
4080 -1098.0000000000
4081 -1097.0000000000
4092 -1095.0000000000
4094 -1094.0000000000
4095 -1093.0000000000
4101 -1092.0000000000
4122 -1091.0000000000
4137 -1090.0000000000
4139 -1089.0000000000
4142 -1088.0000000000
4159 -1087.0000000000
4160 -1086.0000000000
4177 -1084.0000000000
4181 -1083.0000000000
4187 -1082.0000000000
4193 -1081.0000000000
4222 -1080.0000000000
4235 -1079.0000000000
4241 -1078.0000000000
4249 -1077.0000000000
4250 -1075.0000000000
4257 -1074.0000000000
4258 -1073.0000000000
4262 -1072.0000000000
4285 -1070.0000000000
4286 -1069.0000000000
4302 -1068.0000000000
4309 -1067.0000000000
4311 -1066.0000000000
4312 -1064.0000000000
4322 -1063.0000000000
4336 -1062.0000000000
4347 -1061.0000000000
4348 -1060.0000000000
4350 -1059.0000000000
4359 -1058.0000000000
4361 -1056.0000000000
4364 -1055.0000000000
4366 -1054.0000000000
4383 -1053.0000000000
4397 -1052.0000000000
4401 -1051.0000000000
4403 -1050.0000000000
4407 -1049.0000000000
4409 -1048.0000000000
4417 -1047.0000000000
4430 -1046.0000000000
4432 -1045.0000000000
4436 -1044.0000000000
4437 -1043.0000000000
4443 -1042.0000000000
4445 -1041.0000000000
4446 -1040.0000000000
4452 -1038.0000000000
4456 -1037.0000000000
4457 -1036.0000000000
4459 -1035.0000000000
4467 -1033.0000000000
4474 -1032.0000000000
4479 -1031.0000000000
4480 -1030.0000000000
4496 -1029.0000000000
4505 -1028.0000000000
4523 -1027.0000000000
4532 -1026.0000000000
4543 -1025.0000000000
4544 -1024.0000000000
4582 -1023.0000000000
4585 -1022.0000000000
4587 -1019.0000000000
4597 -1018.0000000000
4599 -1017.0000000000
4601 -1016.0000000000
4615 -1015.0000000000
4617 -1014.0000000000
4631 -1013.0000000000
4632 -1012.0000000000
4636 -1011.0000000000
4647 -1010.0000000000
4651 -1009.0000000000
4652 -1008.0000000000
4655 -1007.0000000000
4667 -1006.0000000000
4668 -1005.0000000000
4695 -1004.0000000000
4708 -1003.0000000000
4709 -1002.0000000000
4717 -1001.0000000000
4718 -1000.0000000000
4720 -999.0000000000
4721 -998.0000000000
4738 -997.0000000000
4742 -996.0000000000
4753 -994.0000000000
4760 -992.0000000000
4767 -991.0000000000
4786 -990.0000000000
4817 -989.0000000000
4832 -988.0000000000
4840 -987.0000000000
4866 -986.0000000000
4869 -984.0000000000
4872 -983.0000000000
4889 -981.0000000000
4890 -980.0000000000
4892 -979.0000000000
4904 -977.0000000000
4908 -976.0000000000
4915 -975.0000000000
4918 -974.0000000000
4919 -973.0000000000
4925 -972.0000000000
4928 -970.0000000000
4936 -969.0000000000
4954 -968.0000000000
4991 -967.0000000000
4998 -965.0000000000
5004 -963.0000000000
5005 -962.0000000000
5007 -961.0000000000
5031 -960.0000000000
5034 -958.0000000000
5040 -957.0000000000
5043 -956.0000000000
5048 -955.0000000000
5051 -954.0000000000
5053 -953.0000000000
5058 -952.0000000000
5065 -951.0000000000
5066 -950.0000000000
5068 -949.0000000000
5077 -948.0000000000
5078 -947.0000000000
5082 -946.0000000000
5091 -945.0000000000
5092 -944.0000000000
5104 -943.0000000000
5118 -942.0000000000
5148 -941.0000000000
5159 -940.0000000000
5170 -939.0000000000
5173 -937.0000000000
5193 -936.0000000000
5196 -935.0000000000
5221 -934.0000000000
5233 -933.0000000000
5250 -932.0000000000
5255 -931.0000000000
5270 -930.0000000000
5275 -929.0000000000
5283 -928.0000000000
5292 -927.0000000000
5301 -926.0000000000
5305 -925.0000000000
5306 -924.0000000000
5311 -923.0000000000
5332 -922.0000000000
5337 -921.0000000000
5341 -920.0000000000
5358 -919.0000000000
5376 -918.0000000000
5396 -917.0000000000
5407 -916.0000000000
5409 -915.0000000000
5418 -914.0000000000
5424 -913.0000000000
5430 -912.0000000000
5434 -911.0000000000
5437 -910.0000000000
5470 -909.0000000000
5472 -908.0000000000
5475 -907.0000000000
5485 -906.0000000000
5493 -905.0000000000
5499 -904.0000000000
5509 -903.0000000000
5527 -901.0000000000
5530 -899.0000000000
5552 -897.0000000000
5566 -896.0000000000
5573 -895.0000000000
5584 -894.0000000000
5589 -893.0000000000
5610 -892.0000000000
5612 -891.0000000000
5621 -890.0000000000
5639 -888.0000000000
5647 -886.0000000000
5661 -884.0000000000
5689 -883.0000000000
5706 -882.0000000000
5709 -881.0000000000
5718 -880.0000000000
5734 -879.0000000000
5749 -878.0000000000
5750 -877.0000000000
5754 -876.0000000000
5767 -875.0000000000
5783 -874.0000000000
5791 -873.0000000000
5792 -872.0000000000
5803 -871.0000000000
5829 -870.0000000000
5837 -869.0000000000
5846 -868.0000000000
5851 -866.0000000000
5863 -865.0000000000
5873 -864.0000000000
5877 -863.0000000000
5887 -862.0000000000
5896 -861.0000000000
5900 -859.0000000000
5910 -858.0000000000
5918 -857.0000000000
5919 -856.0000000000
5927 -855.0000000000
5937 -854.0000000000
5942 -853.0000000000
5958 -852.0000000000
5986 -851.0000000000
5990 -850.0000000000
6010 -849.0000000000
6028 -848.0000000000
6035 -847.0000000000
6047 -846.0000000000
6050 -845.0000000000
6051 -844.0000000000
6052 -843.0000000000
6067 -842.0000000000
6073 -841.0000000000
6084 -840.0000000000
6118 -839.0000000000
6119 -838.0000000000
6130 -837.0000000000
6131 -836.0000000000
6141 -835.0000000000
6153 -834.0000000000
6164 -833.0000000000
6175 -832.0000000000
6189 -831.0000000000
6212 -830.0000000000
6236 -828.0000000000
6238 -827.0000000000
6246 -826.0000000000
6247 -825.0000000000
6260 -824.0000000000
6261 -823.0000000000
6268 -822.0000000000
6282 -820.0000000000
6292 -819.0000000000
6304 -818.0000000000
6309 -817.0000000000
6315 -816.0000000000
6317 -815.0000000000
6344 -814.0000000000
6347 -813.0000000000
6359 -812.0000000000
6372 -811.0000000000
6378 -810.0000000000
6410 -809.0000000000
6414 -808.0000000000
6425 -807.0000000000
6460 -806.0000000000
6478 -805.0000000000
6487 -804.0000000000
6518 -803.0000000000
6530 -802.0000000000
6532 -801.0000000000
6545 -800.0000000000
6546 -797.0000000000
6552 -796.0000000000
6568 -795.0000000000
6577 -794.0000000000
6581 -793.0000000000
6589 -792.0000000000
6607 -791.0000000000
6620 -790.0000000000
6622 -789.0000000000
6640 -788.0000000000
6651 -787.0000000000
6655 -786.0000000000
6656 -785.0000000000
6659 -784.0000000000
6667 -783.0000000000
6668 -782.0000000000
6676 -781.0000000000
6677 -779.0000000000
6681 -778.0000000000
6698 -777.0000000000
6700 -776.0000000000
6709 -775.0000000000
6713 -774.0000000000
6735 -773.0000000000
6744 -772.0000000000
6780 -771.0000000000
6785 -770.0000000000
6787 -769.0000000000
6788 -768.0000000000
6789 -767.0000000000
6791 -766.0000000000
6796 -765.0000000000
6799 -764.0000000000
6814 -763.0000000000
6815 -762.0000000000
6831 -761.0000000000
6833 -760.0000000000
6837 -759.0000000000
6849 -758.0000000000
6874 -757.0000000000
6875 -756.0000000000
6880 -755.0000000000
6881 -754.0000000000
6890 -753.0000000000
6894 -752.0000000000
6903 -751.0000000000
6930 -749.0000000000
6931 -748.0000000000
6945 -747.0000000000
6950 -746.0000000000
6960 -745.0000000000
6971 -743.0000000000
6982 -741.0000000000
6998 -740.0000000000
7003 -739.0000000000
7006 -738.0000000000
7008 -737.0000000000
7019 -736.0000000000
7024 -735.0000000000
7027 -734.0000000000
7046 -733.0000000000
7050 -731.0000000000
7052 -730.0000000000
7057 -729.0000000000
7066 -728.0000000000
7067 -727.0000000000
7079 -726.0000000000
7096 -725.0000000000
7098 -724.0000000000
7120 -723.0000000000
7129 -722.0000000000
7141 -721.0000000000
7150 -720.0000000000
7186 -719.0000000000
7192 -718.0000000000
7224 -717.0000000000
7243 -716.0000000000
7248 -715.0000000000
7261 -714.0000000000
7303 -713.0000000000
7307 -712.0000000000
7319 -711.0000000000
7320 -710.0000000000
7322 -709.0000000000
7328 -708.0000000000
7329 -707.0000000000
7335 -706.0000000000
7336 -705.0000000000
7353 -703.0000000000
7356 -702.0000000000
7360 -701.0000000000
7375 -700.0000000000
7377 -699.0000000000
7380 -698.0000000000
7391 -697.0000000000
7401 -696.0000000000
7448 -695.0000000000
7471 -694.0000000000
7475 -693.0000000000
7476 -692.0000000000
7477 -691.0000000000
7489 -690.0000000000
7495 -688.0000000000
7496 -687.0000000000
7501 -686.0000000000
7504 -685.0000000000
7510 -684.0000000000
7512 -683.0000000000
7546 -682.0000000000
7547 -681.0000000000
7555 -680.0000000000
7556 -679.0000000000
7574 -678.0000000000
7579 -676.0000000000
7588 -675.0000000000
7603 -674.0000000000
7607 -672.0000000000
7623 -671.0000000000
7635 -670.0000000000
7636 -669.0000000000
7641 -668.0000000000
7680 -667.0000000000
7699 -666.0000000000
7707 -665.0000000000
7736 -664.0000000000
7740 -663.0000000000
7741 -662.0000000000
7762 -661.0000000000
7767 -660.0000000000
7774 -659.0000000000
7779 -658.0000000000
7781 -657.0000000000
7794 -656.0000000000
7808 -655.0000000000
7819 -654.0000000000
7821 -653.0000000000
7835 -652.0000000000
7840 -651.0000000000
7849 -650.0000000000
7861 -649.0000000000
7865 -648.0000000000
7903 -646.0000000000
7917 -645.0000000000
7918 -644.0000000000
7935 -643.0000000000
7940 -642.0000000000
7944 -641.0000000000
7946 -640.0000000000
7952 -639.0000000000
7953 -638.0000000000
7957 -637.0000000000
7959 -636.0000000000
8000 -635.0000000000
8038 -634.0000000000
8070 -633.0000000000
8081 -632.0000000000
8089 -631.0000000000
8102 -630.0000000000
8114 -629.0000000000
8129 -628.0000000000
8148 -627.0000000000
8153 -626.0000000000
8159 -625.0000000000
8188 -624.0000000000
8205 -623.0000000000
8213 -621.0000000000
8222 -620.0000000000
8259 -619.0000000000
8280 -618.0000000000
8291 -616.0000000000
8295 -615.0000000000
8298 -613.0000000000
8300 -612.0000000000
8311 -611.0000000000
8319 -610.0000000000
8325 -609.0000000000
8326 -608.0000000000
8336 -607.0000000000
8357 -606.0000000000
8369 -605.0000000000
8389 -603.0000000000
8401 -602.0000000000
8412 -600.0000000000
8449 -599.0000000000
8491 -598.0000000000
8503 -597.0000000000
8537 -596.0000000000
8576 -595.0000000000
8597 -594.0000000000
8599 -593.0000000000
8604 -592.0000000000
8625 -591.0000000000
8631 -590.0000000000
8643 -589.0000000000
8645 -588.0000000000
8662 -587.0000000000
8673 -585.0000000000
8679 -584.0000000000
8694 -583.0000000000
8738 -582.0000000000
8767 -580.0000000000
8774 -579.0000000000
8791 -578.0000000000
8797 -577.0000000000
8800 -575.0000000000
8824 -574.0000000000
8860 -572.0000000000
8861 -569.0000000000
8883 -568.0000000000
8916 -567.0000000000
8926 -566.0000000000
8961 -565.0000000000
8977 -564.0000000000
9002 -563.0000000000
9027 -562.0000000000
9047 -561.0000000000
9103 -560.0000000000
9104 -559.0000000000
9118 -558.0000000000
9122 -557.0000000000
9134 -556.0000000000
9139 -555.0000000000
9166 -554.0000000000
9177 -553.0000000000
9194 -552.0000000000
9195 -551.0000000000
9204 -550.0000000000
9222 -549.0000000000
9233 -548.0000000000
9287 -547.0000000000
9314 -546.0000000000
9326 -545.0000000000
9382 -544.0000000000
9385 -542.0000000000
9410 -541.0000000000
9426 -540.0000000000
9448 -539.0000000000
9472 -538.0000000000
9476 -537.0000000000
9485 -536.0000000000
9486 -535.0000000000
9524 -534.0000000000
9529 -533.0000000000
9543 -532.0000000000
9545 -531.0000000000
9546 -530.0000000000
9557 -529.0000000000
9567 -528.0000000000
9583 -527.0000000000
9615 -526.0000000000
9617 -525.0000000000
9623 -524.0000000000
9627 -523.0000000000
9628 -522.0000000000
9645 -521.0000000000
9651 -520.0000000000
9653 -519.0000000000
9656 -518.0000000000
9700 -517.0000000000
9706 -516.0000000000
9719 -515.0000000000
9742 -514.0000000000
9752 -513.0000000000
9770 -512.0000000000
9780 -511.0000000000
9794 -510.0000000000
9807 -508.0000000000
9814 -507.0000000000
9837 -506.0000000000
9860 -505.0000000000
9869 -504.0000000000
9922 -503.0000000000
9959 -502.0000000000
9969 -501.0000000000
9990 -500.0000000000
9992 -499.0000000000
10000 -500.0000000000
evaluations raw_y
1 -1920.0000000000
2 -1919.0000000000
3 -1917.0000000000
10 -1915.0000000000
13 -1914.0000000000
27 -1912.0000000000
28 -1911.0000000000
33 -1910.0000000000
35 -1907.0000000000
36 -1906.0000000000
37 -1905.0000000000
38 -1904.0000000000
39 -1901.0000000000
40 -1899.0000000000
43 -1898.0000000000
45 -1897.0000000000
48 -1896.0000000000
52 -1895.0000000000
55 -1894.0000000000
57 -1893.0000000000
62 -1892.0000000000
64 -1891.0000000000
65 -1888.0000000000
68 -1887.0000000000
74 -1886.0000000000
76 -1883.0000000000
81 -1882.0000000000
83 -1881.0000000000
87 -1880.0000000000
89 -1879.0000000000
91 -1878.0000000000
92 -1876.0000000000
108 -1873.0000000000
114 -1872.0000000000
116 -1871.0000000000
117 -1870.0000000000
120 -1868.0000000000
121 -1867.0000000000
122 -1866.0000000000
126 -1865.0000000000
136 -1864.0000000000
139 -1863.0000000000
144 -1862.0000000000
147 -1861.0000000000
149 -1860.0000000000
153 -1856.0000000000
154 -1855.0000000000
157 -1854.0000000000
159 -1853.0000000000
160 -1852.0000000000
166 -1851.0000000000
170 -1850.0000000000
171 -1849.0000000000
173 -1848.0000000000
179 -1846.0000000000
182 -1845.0000000000
190 -1844.0000000000
191 -1843.0000000000
192 -1842.0000000000
203 -1841.0000000000
206 -1840.0000000000
207 -1839.0000000000
208 -1838.0000000000
211 -1837.0000000000
216 -1836.0000000000
220 -1835.0000000000
222 -1832.0000000000
224 -1831.0000000000
225 -1830.0000000000
226 -1829.0000000000
230 -1828.0000000000
234 -1827.0000000000
237 -1826.0000000000
238 -1825.0000000000
240 -1823.0000000000
242 -1822.0000000000
243 -1821.0000000000
244 -1819.0000000000
248 -1818.0000000000
249 -1817.0000000000
252 -1816.0000000000
257 -1814.0000000000
258 -1813.0000000000
261 -1810.0000000000
262 -1809.0000000000
281 -1808.0000000000
283 -1806.0000000000
288 -1805.0000000000
290 -1804.0000000000
295 -1803.0000000000
299 -1802.0000000000
307 -1801.0000000000
308 -1800.0000000000
309 -1799.0000000000
311 -1797.0000000000
314 -1796.0000000000
318 -1795.0000000000
323 -1794.0000000000
328 -1793.0000000000
330 -1792.0000000000
332 -1791.0000000000
337 -1790.0000000000
339 -1789.0000000000
341 -1788.0000000000
343 -1786.0000000000
344 -1785.0000000000
358 -1784.0000000000
359 -1783.0000000000
360 -1782.0000000000
362 -1781.0000000000
363 -1780.0000000000
365 -1779.0000000000
367 -1777.0000000000
376 -1776.0000000000
380 -1775.0000000000
382 -1773.0000000000
385 -1772.0000000000
393 -1769.0000000000
401 -1768.0000000000
420 -1766.0000000000
429 -1765.0000000000
432 -1764.0000000000
434 -1763.0000000000
440 -1762.0000000000
443 -1761.0000000000
447 -1760.0000000000
457 -1759.0000000000
458 -1757.0000000000
459 -1756.0000000000
463 -1755.0000000000
470 -1754.0000000000
479 -1753.0000000000
485 -1752.0000000000
489 -1751.0000000000
497 -1750.0000000000
500 -1749.0000000000
502 -1748.0000000000
503 -1747.0000000000
505 -1746.0000000000
506 -1744.0000000000
520 -1743.0000000000
521 -1742.0000000000
529 -1741.0000000000
534 -1739.0000000000
536 -1738.0000000000
537 -1737.0000000000
541 -1736.0000000000
544 -1734.0000000000
546 -1733.0000000000
547 -1732.0000000000
552 -1731.0000000000
554 -1730.0000000000
555 -1729.0000000000
557 -1728.0000000000
560 -1727.0000000000
561 -1726.0000000000
562 -1725.0000000000
569 -1724.0000000000
572 -1723.0000000000
579 -1721.0000000000
585 -1720.0000000000
586 -1719.0000000000
592 -1717.0000000000
594 -1716.0000000000
598 -1715.0000000000
599 -1714.0000000000
604 -1713.0000000000
607 -1712.0000000000
636 -1711.0000000000
638 -1710.0000000000
642 -1709.0000000000
649 -1708.0000000000
650 -1707.0000000000
657 -1706.0000000000
661 -1705.0000000000
663 -1703.0000000000
665 -1702.0000000000
672 -1701.0000000000
675 -1699.0000000000
683 -1697.0000000000
694 -1695.0000000000
699 -1692.0000000000
702 -1690.0000000000
706 -1689.0000000000
721 -1688.0000000000
725 -1687.0000000000
727 -1686.0000000000
731 -1685.0000000000
738 -1684.0000000000
740 -1683.0000000000
741 -1682.0000000000
744 -1681.0000000000
750 -1680.0000000000
752 -1678.0000000000
756 -1676.0000000000
760 -1675.0000000000
762 -1674.0000000000
765 -1673.0000000000
771 -1672.0000000000
773 -1671.0000000000
781 -1670.0000000000
783 -1669.0000000000
793 -1666.0000000000
795 -1665.0000000000
802 -1664.0000000000
811 -1663.0000000000
814 -1662.0000000000
816 -1661.0000000000
820 -1660.0000000000
824 -1659.0000000000
827 -1658.0000000000
830 -1657.0000000000
834 -1656.0000000000
839 -1654.0000000000
840 -1653.0000000000
842 -1651.0000000000
843 -1650.0000000000
845 -1649.0000000000
847 -1648.0000000000
858 -1647.0000000000
865 -1645.0000000000
881 -1644.0000000000
887 -1643.0000000000
889 -1642.0000000000
894 -1641.0000000000
895 -1640.0000000000
899 -1639.0000000000
900 -1638.0000000000
903 -1637.0000000000
906 -1636.0000000000
907 -1635.0000000000
910 -1634.0000000000
917 -1633.0000000000
926 -1632.0000000000
927 -1631.0000000000
928 -1630.0000000000
941 -1629.0000000000
943 -1628.0000000000
954 -1627.0000000000
957 -1625.0000000000
960 -1623.0000000000
963 -1622.0000000000
966 -1621.0000000000
969 -1620.0000000000
974 -1619.0000000000
975 -1618.0000000000
980 -1617.0000000000
982 -1616.0000000000
984 -1614.0000000000
985 -1613.0000000000
987 -1612.0000000000
989 -1611.0000000000
1000 -1610.0000000000
1002 -1609.0000000000
1006 -1608.0000000000
1011 -1607.0000000000
1012 -1606.0000000000
1015 -1604.0000000000
1016 -1603.0000000000
1017 -1602.0000000000
1022 -1601.0000000000
1024 -1600.0000000000
1025 -1598.0000000000
1026 -1597.0000000000
1031 -1595.0000000000
1034 -1594.0000000000
1038 -1593.0000000000
1042 -1592.0000000000
1049 -1591.0000000000
1050 -1588.0000000000
1051 -1586.0000000000
1057 -1585.0000000000
1062 -1584.0000000000
1063 -1581.0000000000
1064 -1580.0000000000
1065 -1578.0000000000
1069 -1577.0000000000
1103 -1576.0000000000
1105 -1575.0000000000
1107 -1573.0000000000
1109 -1572.0000000000
1112 -1571.0000000000
1114 -1570.0000000000
1125 -1569.0000000000
1128 -1568.0000000000
1141 -1567.0000000000
1142 -1565.0000000000
1143 -1564.0000000000
1148 -1563.0000000000
1153 -1562.0000000000
1158 -1561.0000000000
1162 -1559.0000000000
1169 -1558.0000000000
1172 -1557.0000000000
1174 -1555.0000000000
1176 -1554.0000000000
1179 -1553.0000000000
1182 -1552.0000000000
1193 -1551.0000000000
1198 -1548.0000000000
1201 -1547.0000000000
1210 -1545.0000000000
1217 -1544.0000000000
1221 -1543.0000000000
1231 -1541.0000000000
1234 -1539.0000000000
1241 -1538.0000000000
1245 -1537.0000000000
1251 -1535.0000000000
1253 -1534.0000000000
1258 -1533.0000000000
1259 -1530.0000000000
1266 -1528.0000000000
1268 -1527.0000000000
1270 -1526.0000000000
1272 -1525.0000000000
1279 -1524.0000000000
1284 -1523.0000000000
1294 -1522.0000000000
1297 -1521.0000000000
1298 -1520.0000000000
1301 -1519.0000000000
1307 -1518.0000000000
1309 -1517.0000000000
1313 -1516.0000000000
1315 -1515.0000000000
1317 -1514.0000000000
1321 -1513.0000000000
1341 -1512.0000000000
1345 -1510.0000000000
1347 -1508.0000000000
1350 -1507.0000000000
1351 -1506.0000000000
1357 -1504.0000000000
1360 -1503.0000000000
1370 -1502.0000000000
1371 -1501.0000000000
1377 -1500.0000000000
1392 -1499.0000000000
1396 -1498.0000000000
1397 -1496.0000000000
1398 -1495.0000000000
1409 -1494.0000000000
1411 -1492.0000000000
1413 -1491.0000000000
1414 -1489.0000000000
1416 -1488.0000000000
1433 -1487.0000000000
1436 -1486.0000000000
1442 -1485.0000000000
1448 -1483.0000000000
1449 -1481.0000000000
1460 -1480.0000000000
1464 -1479.0000000000
1468 -1478.0000000000
1479 -1477.0000000000
1486 -1476.0000000000
1487 -1475.0000000000
1496 -1474.0000000000
1504 -1473.0000000000
1510 -1472.0000000000
1512 -1471.0000000000
1514 -1470.0000000000
1519 -1469.0000000000
1527 -1468.0000000000
1534 -1467.0000000000
1535 -1466.0000000000
1536 -1465.0000000000
1539 -1463.0000000000
1552 -1462.0000000000
1553 -1461.0000000000
1563 -1459.0000000000
1567 -1457.0000000000
1568 -1456.0000000000
1575 -1455.0000000000
1581 -1454.0000000000
1588 -1452.0000000000
1592 -1451.0000000000
1596 -1449.0000000000
1603 -1448.0000000000
1607 -1447.0000000000
1609 -1446.0000000000
1613 -1445.0000000000
1615 -1444.0000000000
1616 -1443.0000000000
1617 -1442.0000000000
1620 -1441.0000000000
1629 -1440.0000000000
1630 -1438.0000000000
1631 -1437.0000000000
1632 -1436.0000000000
1640 -1435.0000000000
1649 -1434.0000000000
1650 -1433.0000000000
1653 -1432.0000000000
1655 -1431.0000000000
1656 -1430.0000000000
1660 -1429.0000000000
1673 -1427.0000000000
1674 -1426.0000000000
1691 -1424.0000000000
1693 -1423.0000000000
1695 -1422.0000000000
1697 -1421.0000000000
1698 -1420.0000000000
1702 -1419.0000000000
1710 -1418.0000000000
1713 -1416.0000000000
1720 -1415.0000000000
1722 -1413.0000000000
1733 -1412.0000000000
1737 -1411.0000000000
1740 -1410.0000000000
1743 -1407.0000000000
1752 -1405.0000000000
1765 -1403.0000000000
1766 -1402.0000000000
1774 -1401.0000000000
1777 -1400.0000000000
1782 -1399.0000000000
1783 -1397.0000000000
1785 -1396.0000000000
1794 -1395.0000000000
1796 -1394.0000000000
1808 -1393.0000000000
1812 -1392.0000000000
1827 -1391.0000000000
1831 -1389.0000000000
1834 -1388.0000000000
1836 -1387.0000000000
1845 -1386.0000000000
1848 -1385.0000000000
1849 -1384.0000000000
1851 -1383.0000000000
1865 -1382.0000000000
1870 -1381.0000000000
1871 -1380.0000000000
1877 -1379.0000000000
1892 -1378.0000000000
1893 -1377.0000000000
1895 -1376.0000000000
1898 -1375.0000000000
1901 -1374.0000000000
1903 -1373.0000000000
1909 -1372.0000000000
1910 -1370.0000000000
1914 -1369.0000000000
1928 -1367.0000000000
1929 -1366.0000000000
1934 -1364.0000000000
1937 -1362.0000000000
1945 -1361.0000000000
1949 -1360.0000000000
1950 -1359.0000000000
1955 -1358.0000000000
1958 -1357.0000000000
1960 -1355.0000000000
1967 -1354.0000000000
1977 -1353.0000000000
1980 -1352.0000000000
1981 -1351.0000000000
1982 -1350.0000000000
1991 -1348.0000000000
2003 -1344.0000000000
2005 -1343.0000000000
2011 -1342.0000000000
2013 -1341.0000000000
2017 -1340.0000000000
2020 -1338.0000000000
2021 -1337.0000000000
2024 -1336.0000000000
2025 -1335.0000000000
2041 -1334.0000000000
2048 -1332.0000000000
2050 -1331.0000000000
2051 -1330.0000000000
2063 -1329.0000000000
2069 -1328.0000000000
2083 -1327.0000000000
2084 -1326.0000000000
2085 -1325.0000000000
2091 -1323.0000000000
2092 -1322.0000000000
2102 -1321.0000000000
2104 -1319.0000000000
2105 -1318.0000000000
2108 -1317.0000000000
2127 -1316.0000000000
2128 -1315.0000000000
2129 -1313.0000000000
2134 -1312.0000000000
2137 -1311.0000000000
2142 -1310.0000000000
2147 -1309.0000000000
2148 -1308.0000000000
2149 -1307.0000000000
2157 -1306.0000000000
2169 -1304.0000000000
2177 -1303.0000000000
2185 -1302.0000000000
2186 -1300.0000000000
2190 -1299.0000000000
2195 -1298.0000000000
2198 -1297.0000000000
2200 -1296.0000000000
2209 -1295.0000000000
2213 -1294.0000000000
2216 -1293.0000000000
2228 -1292.0000000000
2230 -1291.0000000000
2231 -1290.0000000000
2232 -1289.0000000000
2237 -1287.0000000000
2239 -1286.0000000000
2251 -1285.0000000000
2258 -1284.0000000000
2268 -1283.0000000000
2272 -1282.0000000000
2273 -1281.0000000000
2286 -1280.0000000000
2289 -1279.0000000000
2292 -1278.0000000000
2302 -1277.0000000000
2306 -1276.0000000000
2308 -1275.0000000000
2329 -1274.0000000000
2335 -1273.0000000000
2338 -1272.0000000000
2347 -1270.0000000000
2360 -1269.0000000000
2366 -1268.0000000000
2374 -1267.0000000000
2385 -1266.0000000000
2391 -1265.0000000000
2392 -1264.0000000000
2398 -1263.0000000000
2418 -1262.0000000000
2419 -1260.0000000000
2428 -1259.0000000000
2430 -1258.0000000000
2433 -1257.0000000000
2447 -1256.0000000000
2463 -1255.0000000000
2467 -1254.0000000000
2472 -1252.0000000000
2480 -1251.0000000000
2484 -1250.0000000000
2486 -1249.0000000000
2487 -1248.0000000000
2495 -1247.0000000000
2497 -1246.0000000000
2501 -1245.0000000000
2502 -1244.0000000000
2504 -1243.0000000000
2515 -1242.0000000000
2522 -1241.0000000000
2528 -1240.0000000000
2531 -1238.0000000000
2534 -1237.0000000000
2541 -1236.0000000000
2547 -1233.0000000000
2551 -1232.0000000000
2558 -1231.0000000000
2573 -1230.0000000000
2580 -1228.0000000000
2582 -1227.0000000000
2584 -1226.0000000000
2595 -1225.0000000000
2597 -1224.0000000000
2605 -1223.0000000000
2613 -1222.0000000000
2625 -1221.0000000000
2639 -1220.0000000000
2646 -1219.0000000000
2658 -1218.0000000000
2659 -1217.0000000000
2661 -1216.0000000000
2662 -1215.0000000000
2665 -1213.0000000000
2671 -1212.0000000000
2676 -1211.0000000000
2680 -1210.0000000000
2685 -1209.0000000000
2686 -1208.0000000000
2695 -1207.0000000000
2696 -1206.0000000000
2703 -1205.0000000000
2712 -1204.0000000000
2713 -1203.0000000000
2740 -1202.0000000000
2753 -1201.0000000000
2754 -1200.0000000000
2769 -1199.0000000000
2773 -1198.0000000000
2774 -1197.0000000000
2775 -1195.0000000000
2779 -1194.0000000000
2786 -1193.0000000000
2797 -1192.0000000000
2798 -1191.0000000000
2815 -1190.0000000000
2822 -1189.0000000000
2829 -1188.0000000000
2839 -1187.0000000000
2844 -1186.0000000000
2847 -1185.0000000000
2848 -1183.0000000000
2851 -1182.0000000000
2854 -1181.0000000000
2863 -1179.0000000000
2888 -1177.0000000000
2904 -1176.0000000000
2916 -1175.0000000000
2920 -1174.0000000000
2925 -1172.0000000000
2954 -1171.0000000000
2956 -1170.0000000000
2962 -1169.0000000000
2971 -1168.0000000000
2992 -1167.0000000000
3000 -1166.0000000000
3008 -1165.0000000000
3010 -1164.0000000000
3016 -1163.0000000000
3018 -1161.0000000000
3022 -1159.0000000000
3026 -1158.0000000000
3037 -1157.0000000000
3044 -1156.0000000000
3060 -1155.0000000000
3069 -1154.0000000000
3077 -1153.0000000000
3084 -1152.0000000000
3088 -1151.0000000000
3089 -1150.0000000000
3094 -1149.0000000000
3099 -1148.0000000000
3106 -1147.0000000000
3107 -1146.0000000000
3108 -1145.0000000000
3116 -1144.0000000000
3120 -1142.0000000000
3122 -1141.0000000000
3124 -1140.0000000000
3134 -1139.0000000000
3145 -1138.0000000000
3149 -1137.0000000000
3156 -1136.0000000000
3161 -1134.0000000000
3165 -1133.0000000000
3169 -1132.0000000000
3179 -1131.0000000000
3197 -1130.0000000000
3204 -1129.0000000000
3205 -1128.0000000000
3226 -1127.0000000000
3229 -1126.0000000000
3242 -1125.0000000000
3254 -1124.0000000000
3269 -1123.0000000000
3276 -1122.0000000000
3281 -1120.0000000000
3308 -1119.0000000000
3315 -1118.0000000000
3317 -1117.0000000000
3323 -1116.0000000000
3352 -1115.0000000000
3368 -1113.0000000000
3375 -1112.0000000000
3386 -1111.0000000000
3395 -1110.0000000000
3398 -1108.0000000000
3420 -1107.0000000000
3423 -1106.0000000000
3424 -1105.0000000000
3439 -1104.0000000000
3445 -1103.0000000000
3453 -1102.0000000000
3472 -1101.0000000000
3477 -1100.0000000000
3493 -1099.0000000000
3523 -1098.0000000000
3547 -1097.0000000000
3557 -1096.0000000000
3561 -1095.0000000000
3563 -1094.0000000000
3564 -1093.0000000000
3574 -1092.0000000000
3579 -1091.0000000000
3580 -1090.0000000000
3590 -1089.0000000000
3593 -1088.0000000000
3604 -1086.0000000000
3605 -1085.0000000000
3613 -1083.0000000000
3617 -1082.0000000000
3624 -1080.0000000000
3629 -1079.0000000000
3652 -1078.0000000000
3656 -1077.0000000000
3657 -1076.0000000000
3672 -1075.0000000000
3681 -1074.0000000000
3686 -1073.0000000000
3698 -1070.0000000000
3702 -1069.0000000000
3722 -1066.0000000000
3744 -1065.0000000000
3752 -1064.0000000000
3764 -1063.0000000000
3765 -1062.0000000000
3773 -1061.0000000000
3790 -1060.0000000000
3797 -1058.0000000000
3800 -1057.0000000000
3803 -1056.0000000000
3810 -1055.0000000000
3812 -1054.0000000000
3819 -1053.0000000000
3824 -1052.0000000000
3841 -1051.0000000000
3849 -1050.0000000000
3855 -1049.0000000000
3857 -1048.0000000000
3860 -1047.0000000000
3888 -1046.0000000000
3893 -1045.0000000000
3913 -1044.0000000000
3918 -1043.0000000000
3924 -1042.0000000000
3934 -1041.0000000000
3943 -1040.0000000000
3949 -1039.0000000000
3953 -1038.0000000000
3955 -1037.0000000000
3972 -1036.0000000000
3978 -1035.0000000000
3980 -1034.0000000000
3989 -1033.0000000000
3995 -1031.0000000000
3999 -1030.0000000000
4006 -1028.0000000000
4011 -1026.0000000000
4012 -1025.0000000000
4014 -1024.0000000000
4024 -1023.0000000000
4037 -1022.0000000000
4055 -1021.0000000000
4063 -1020.0000000000
4070 -1019.0000000000
4073 -1018.0000000000
4078 -1016.0000000000
4082 -1015.0000000000
4084 -1014.0000000000
4096 -1012.0000000000
4101 -1010.0000000000
4117 -1009.0000000000
4122 -1008.0000000000
4125 -1007.0000000000
4127 -1006.0000000000
4143 -1005.0000000000
4157 -1004.0000000000
4160 -1003.0000000000
4161 -1002.0000000000
4167 -1001.0000000000
4177 -1000.0000000000
4186 -999.0000000000
4189 -998.0000000000
4198 -997.0000000000
4219 -996.0000000000
4228 -995.0000000000
4230 -994.0000000000
4233 -993.0000000000
4241 -992.0000000000
4254 -991.0000000000
4270 -990.0000000000
4283 -989.0000000000
4289 -988.0000000000
4292 -987.0000000000
4300 -985.0000000000
4308 -984.0000000000
4310 -983.0000000000
4322 -982.0000000000
4329 -981.0000000000
4361 -980.0000000000
4378 -979.0000000000
4391 -978.0000000000
4394 -977.0000000000
4396 -976.0000000000
4400 -975.0000000000
4401 -974.0000000000
4402 -973.0000000000
4406 -972.0000000000
4418 -971.0000000000
4430 -970.0000000000
4431 -969.0000000000
4435 -968.0000000000
4453 -967.0000000000
4455 -966.0000000000
4459 -965.0000000000
4471 -964.0000000000
4472 -963.0000000000
4475 -962.0000000000
4482 -961.0000000000
4493 -960.0000000000
4512 -959.0000000000
4515 -958.0000000000
4524 -957.0000000000
4533 -956.0000000000
4546 -955.0000000000
4572 -954.0000000000
4576 -953.0000000000
4589 -952.0000000000
4591 -951.0000000000
4611 -950.0000000000
4612 -949.0000000000
4627 -948.0000000000
4636 -946.0000000000
4637 -944.0000000000
4659 -943.0000000000
4670 -942.0000000000
4677 -941.0000000000
4685 -940.0000000000
4687 -939.0000000000
4701 -938.0000000000
4706 -937.0000000000
4720 -936.0000000000
4724 -935.0000000000
4736 -932.0000000000
4747 -931.0000000000
4768 -930.0000000000
4775 -929.0000000000
4780 -928.0000000000
4830 -927.0000000000
4843 -926.0000000000
4862 -925.0000000000
4865 -924.0000000000
4876 -923.0000000000
4878 -922.0000000000
4880 -921.0000000000
4887 -920.0000000000
4894 -919.0000000000
4899 -917.0000000000
4900 -916.0000000000
4905 -915.0000000000
4906 -914.0000000000
4917 -912.0000000000
4927 -911.0000000000
4928 -910.0000000000
4931 -908.0000000000
4932 -907.0000000000
4951 -906.0000000000
4956 -905.0000000000
4977 -903.0000000000
4981 -902.0000000000
4987 -899.0000000000
4993 -898.0000000000
4995 -897.0000000000
4997 -896.0000000000
5023 -893.0000000000
5028 -892.0000000000
5055 -891.0000000000
5057 -890.0000000000
5069 -889.0000000000
5070 -887.0000000000
5073 -886.0000000000
5105 -885.0000000000
5106 -884.0000000000
5111 -882.0000000000
5112 -881.0000000000
5118 -880.0000000000
5142 -879.0000000000
5146 -878.0000000000
5150 -877.0000000000
5154 -876.0000000000
5174 -875.0000000000
5176 -874.0000000000
5188 -873.0000000000
5189 -872.0000000000
5191 -871.0000000000
5194 -870.0000000000
5204 -869.0000000000
5205 -868.0000000000
5214 -867.0000000000
5227 -866.0000000000
5231 -865.0000000000
5237 -864.0000000000
5246 -862.0000000000
5256 -861.0000000000
5265 -860.0000000000
5286 -859.0000000000
5289 -858.0000000000
5290 -857.0000000000
5295 -855.0000000000
5296 -854.0000000000
5318 -853.0000000000
5326 -852.0000000000
5338 -851.0000000000
5340 -850.0000000000
5346 -849.0000000000
5363 -848.0000000000
5365 -847.0000000000
5367 -846.0000000000
5375 -845.0000000000
5396 -844.0000000000
5404 -843.0000000000
5414 -842.0000000000
5419 -841.0000000000
5425 -840.0000000000
5440 -839.0000000000
5445 -838.0000000000
5455 -837.0000000000
5459 -836.0000000000
5463 -835.0000000000
5481 -834.0000000000
5487 -833.0000000000
5496 -832.0000000000
5501 -831.0000000000
5503 -830.0000000000
5518 -828.0000000000
5525 -827.0000000000
5526 -826.0000000000
5530 -823.0000000000
5549 -822.0000000000
5575 -820.0000000000
5597 -819.0000000000
5603 -818.0000000000
5630 -817.0000000000
5634 -816.0000000000
5644 -815.0000000000
5652 -814.0000000000
5654 -813.0000000000
5665 -812.0000000000
5674 -811.0000000000
5680 -810.0000000000
5683 -809.0000000000
5689 -808.0000000000
5701 -807.0000000000
5702 -805.0000000000
5705 -804.0000000000
5708 -803.0000000000
5716 -802.0000000000
5733 -800.0000000000
5739 -799.0000000000
5764 -798.0000000000
5769 -797.0000000000
5773 -796.0000000000
5785 -795.0000000000
5789 -794.0000000000
5798 -792.0000000000
5804 -791.0000000000
5813 -790.0000000000
5815 -789.0000000000
5816 -788.0000000000
5836 -787.0000000000
5844 -786.0000000000
5851 -785.0000000000
5855 -784.0000000000
5862 -782.0000000000
5871 -781.0000000000
5878 -780.0000000000
5885 -779.0000000000
5887 -778.0000000000
5890 -777.0000000000
5928 -776.0000000000
5937 -775.0000000000
5939 -774.0000000000
5948 -773.0000000000
6006 -772.0000000000
6037 -771.0000000000
6038 -770.0000000000
6039 -769.0000000000
6047 -768.0000000000
6053 -767.0000000000
6085 -766.0000000000
6089 -764.0000000000
6098 -762.0000000000
6101 -760.0000000000
6114 -758.0000000000
6115 -757.0000000000
6117 -756.0000000000
6121 -755.0000000000
6123 -754.0000000000
6152 -752.0000000000
6154 -751.0000000000
6170 -750.0000000000
6177 -749.0000000000
6182 -746.0000000000
6188 -744.0000000000
6195 -743.0000000000
6220 -742.0000000000
6224 -741.0000000000
6229 -740.0000000000
6248 -739.0000000000
6255 -738.0000000000
6276 -737.0000000000
6287 -736.0000000000
6296 -735.0000000000
6321 -734.0000000000
6344 -733.0000000000
6345 -731.0000000000
6353 -730.0000000000
6358 -729.0000000000
6359 -728.0000000000
6377 -727.0000000000
6378 -726.0000000000
6387 -724.0000000000
6398 -723.0000000000
6399 -722.0000000000
6416 -721.0000000000
6425 -720.0000000000
6445 -719.0000000000
6458 -717.0000000000
6464 -716.0000000000
6466 -715.0000000000
6468 -714.0000000000
6478 -713.0000000000
6480 -712.0000000000
6500 -711.0000000000
6519 -709.0000000000
6520 -707.0000000000
6525 -706.0000000000
6528 -705.0000000000
6553 -704.0000000000
6558 -703.0000000000
6560 -702.0000000000
6581 -701.0000000000
6591 -699.0000000000
6605 -697.0000000000
6610 -696.0000000000
6633 -695.0000000000
6646 -694.0000000000
6657 -692.0000000000
6658 -691.0000000000
6660 -689.0000000000
6672 -688.0000000000
6677 -687.0000000000
6678 -686.0000000000
6686 -685.0000000000
6703 -684.0000000000
6723 -683.0000000000
6733 -682.0000000000
6735 -681.0000000000
6745 -680.0000000000
6746 -679.0000000000
6748 -678.0000000000
6754 -677.0000000000
6768 -676.0000000000
6769 -675.0000000000
6773 -674.0000000000
6782 -673.0000000000
6799 -671.0000000000
6802 -670.0000000000
6827 -669.0000000000
6847 -668.0000000000
6865 -667.0000000000
6871 -666.0000000000
6890 -665.0000000000
6897 -664.0000000000
6902 -663.0000000000
6924 -662.0000000000
6927 -661.0000000000
6932 -660.0000000000
6935 -659.0000000000
6937 -657.0000000000
6942 -656.0000000000
6948 -655.0000000000
6953 -654.0000000000
6964 -653.0000000000
6974 -652.0000000000
6978 -651.0000000000
6981 -650.0000000000
6986 -649.0000000000
6999 -648.0000000000
7010 -647.0000000000
7013 -646.0000000000
7037 -645.0000000000
7073 -644.0000000000
7098 -643.0000000000
7123 -642.0000000000
7150 -641.0000000000
7153 -640.0000000000
7180 -639.0000000000
7182 -638.0000000000
7190 -637.0000000000
7192 -635.0000000000
7205 -634.0000000000
7219 -633.0000000000
7226 -631.0000000000
7233 -630.0000000000
7242 -629.0000000000
7256 -628.0000000000
7264 -627.0000000000
7270 -626.0000000000
7282 -625.0000000000
7292 -624.0000000000
7299 -623.0000000000
7330 -622.0000000000
7349 -621.0000000000
7350 -620.0000000000
7369 -619.0000000000
7380 -618.0000000000
7382 -617.0000000000
7396 -616.0000000000
7421 -615.0000000000
7447 -614.0000000000
7456 -613.0000000000
7465 -612.0000000000
7482 -611.0000000000
7512 -610.0000000000
7527 -608.0000000000
7542 -607.0000000000
7559 -606.0000000000
7561 -605.0000000000
7571 -604.0000000000
7586 -603.0000000000
7604 -602.0000000000
7626 -601.0000000000
7640 -600.0000000000
7650 -599.0000000000
7658 -598.0000000000
7666 -597.0000000000
7688 -596.0000000000
7694 -595.0000000000
7706 -594.0000000000
7736 -593.0000000000
7737 -592.0000000000
7753 -591.0000000000
7769 -590.0000000000
7774 -589.0000000000
7777 -586.0000000000
7802 -585.0000000000
7804 -584.0000000000
7810 -583.0000000000
7812 -581.0000000000
7819 -580.0000000000
7820 -579.0000000000
7866 -578.0000000000
7899 -577.0000000000
7929 -576.0000000000
7933 -575.0000000000
7939 -574.0000000000
7943 -573.0000000000
7955 -572.0000000000
7972 -571.0000000000
7981 -570.0000000000
7997 -569.0000000000
7998 -566.0000000000
8008 -565.0000000000
8030 -564.0000000000
8034 -563.0000000000
8040 -562.0000000000
8058 -561.0000000000
8063 -560.0000000000
8069 -559.0000000000
8094 -558.0000000000
8102 -557.0000000000
8142 -556.0000000000
8158 -555.0000000000
8159 -554.0000000000
8185 -553.0000000000
8190 -552.0000000000
8215 -551.0000000000
8231 -550.0000000000
8263 -549.0000000000
8268 -548.0000000000
8283 -547.0000000000
8286 -546.0000000000
8311 -545.0000000000
8312 -544.0000000000
8318 -543.0000000000
8321 -542.0000000000
8327 -541.0000000000
8349 -540.0000000000
8371 -539.0000000000
8383 -538.0000000000
8402 -537.0000000000
8405 -536.0000000000
8423 -535.0000000000
8434 -534.0000000000
8447 -533.0000000000
8486 -532.0000000000
8493 -531.0000000000
8506 -530.0000000000
8538 -528.0000000000
8539 -527.0000000000
8552 -526.0000000000
8555 -525.0000000000
8556 -524.0000000000
8579 -523.0000000000
8587 -522.0000000000
8614 -521.0000000000
8618 -520.0000000000
8655 -519.0000000000
8689 -518.0000000000
8705 -517.0000000000
8712 -516.0000000000
8713 -515.0000000000
8752 -514.0000000000
8754 -513.0000000000
8767 -512.0000000000
8806 -511.0000000000
8818 -510.0000000000
8863 -509.0000000000
8874 -507.0000000000
8920 -505.0000000000
8952 -504.0000000000
8960 -503.0000000000
8974 -502.0000000000
8985 -501.0000000000
8990 -500.0000000000
8993 -499.0000000000
9012 -498.0000000000
9025 -496.0000000000
9037 -495.0000000000
9055 -494.0000000000
9066 -493.0000000000
9079 -492.0000000000
9086 -491.0000000000
9113 -490.0000000000
9132 -489.0000000000
9140 -488.0000000000
9176 -487.0000000000
9192 -486.0000000000
9201 -485.0000000000
9216 -484.0000000000
9229 -483.0000000000
9245 -482.0000000000
9247 -481.0000000000
9259 -480.0000000000
9260 -479.0000000000
9270 -478.0000000000
9319 -477.0000000000
9345 -476.0000000000
9350 -475.0000000000
9354 -474.0000000000
9381 -473.0000000000
9387 -472.0000000000
9418 -471.0000000000
9507 -470.0000000000
9509 -469.0000000000
9531 -468.0000000000
9562 -467.0000000000
9583 -465.0000000000
9588 -464.0000000000
9628 -463.0000000000
9630 -462.0000000000
9653 -461.0000000000
9664 -460.0000000000
9740 -459.0000000000
9761 -458.0000000000
9773 -457.0000000000
9776 -456.0000000000
9807 -455.0000000000
9849 -453.0000000000
9858 -452.0000000000
9869 -451.0000000000
9896 -450.0000000000
9908 -449.0000000000
9937 -448.0000000000
9945 -447.0000000000
9948 -446.0000000000
9959 -445.0000000000
9976 -443.0000000000
9994 -442.0000000000
10000 -443.0000000000
evaluations raw_y
1 -1882.0000000000
9 -1881.0000000000
23 -1880.0000000000
24 -1877.0000000000
32 -1874.0000000000
34 -1873.0000000000
37 -1871.0000000000
38 -1870.0000000000
41 -1869.0000000000
42 -1868.0000000000
44 -1867.0000000000
45 -1866.0000000000
50 -1864.0000000000
56 -1863.0000000000
62 -1862.0000000000
65 -1861.0000000000
67 -1860.0000000000
69 -1859.0000000000
77 -1857.0000000000
80 -1856.0000000000
87 -1855.0000000000
88 -1852.0000000000
92 -1851.0000000000
100 -1850.0000000000
101 -1849.0000000000
102 -1848.0000000000
103 -1847.0000000000
104 -1845.0000000000
106 -1843.0000000000
107 -1842.0000000000
109 -1840.0000000000
112 -1839.0000000000
125 -1838.0000000000
132 -1837.0000000000
137 -1836.0000000000
138 -1835.0000000000
139 -1833.0000000000
144 -1832.0000000000
158 -1831.0000000000
162 -1830.0000000000
171 -1829.0000000000
173 -1828.0000000000
179 -1827.0000000000
184 -1826.0000000000
187 -1825.0000000000
201 -1823.0000000000
203 -1822.0000000000
205 -1821.0000000000
219 -1820.0000000000
221 -1819.0000000000
223 -1818.0000000000
224 -1817.0000000000
228 -1816.0000000000
230 -1815.0000000000
238 -1813.0000000000
244 -1812.0000000000
245 -1811.0000000000
251 -1810.0000000000
258 -1809.0000000000
261 -1808.0000000000
263 -1807.0000000000
264 -1806.0000000000
276 -1805.0000000000
277 -1804.0000000000
280 -1803.0000000000
286 -1802.0000000000
290 -1800.0000000000
294 -1799.0000000000
297 -1798.0000000000
300 -1797.0000000000
302 -1796.0000000000
304 -1794.0000000000
307 -1793.0000000000
309 -1792.0000000000
314 -1791.0000000000
316 -1789.0000000000
321 -1788.0000000000
323 -1787.0000000000
324 -1786.0000000000
329 -1785.0000000000
330 -1784.0000000000
332 -1783.0000000000
335 -1780.0000000000
337 -1779.0000000000
338 -1778.0000000000
340 -1777.0000000000
345 -1775.0000000000
352 -1774.0000000000
354 -1773.0000000000
356 -1772.0000000000
357 -1771.0000000000
363 -1769.0000000000
366 -1768.0000000000
371 -1766.0000000000
379 -1764.0000000000
382 -1763.0000000000
383 -1762.0000000000
384 -1761.0000000000
386 -1759.0000000000
387 -1758.0000000000
388 -1757.0000000000
389 -1756.0000000000
391 -1755.0000000000
399 -1753.0000000000
408 -1752.0000000000
410 -1751.0000000000
413 -1750.0000000000
415 -1749.0000000000
417 -1748.0000000000
419 -1747.0000000000
420 -1745.0000000000
423 -1744.0000000000
426 -1742.0000000000
428 -1740.0000000000
434 -1739.0000000000
435 -1738.0000000000
437 -1737.0000000000
440 -1735.0000000000
444 -1734.0000000000
450 -1733.0000000000
459 -1732.0000000000
463 -1730.0000000000
467 -1729.0000000000
468 -1728.0000000000
471 -1727.0000000000
473 -1726.0000000000
477 -1724.0000000000
491 -1723.0000000000
498 -1722.0000000000
501 -1721.0000000000
509 -1720.0000000000
522 -1719.0000000000
526 -1718.0000000000
529 -1717.0000000000
532 -1716.0000000000
533 -1715.0000000000
542 -1714.0000000000
549 -1713.0000000000
550 -1712.0000000000
556 -1710.0000000000
559 -1709.0000000000
561 -1708.0000000000
565 -1707.0000000000
566 -1706.0000000000
572 -1705.0000000000
578 -1704.0000000000
586 -1703.0000000000
590 -1702.0000000000
592 -1701.0000000000
593 -1700.0000000000
601 -1699.0000000000
604 -1698.0000000000
610 -1697.0000000000
613 -1696.0000000000
615 -1695.0000000000
616 -1693.0000000000
619 -1692.0000000000
620 -1690.0000000000
623 -1689.0000000000
624 -1688.0000000000
625 -1686.0000000000
633 -1685.0000000000
637 -1684.0000000000
638 -1683.0000000000
644 -1682.0000000000
656 -1681.0000000000
661 -1678.0000000000
666 -1677.0000000000
670 -1676.0000000000
674 -1673.0000000000
678 -1672.0000000000
680 -1671.0000000000
681 -1670.0000000000
682 -1669.0000000000
689 -1668.0000000000
700 -1667.0000000000
706 -1666.0000000000
710 -1665.0000000000
713 -1664.0000000000
715 -1662.0000000000
719 -1661.0000000000
720 -1660.0000000000
723 -1659.0000000000
727 -1658.0000000000
728 -1656.0000000000
730 -1655.0000000000
735 -1654.0000000000
745 -1653.0000000000
747 -1652.0000000000
753 -1651.0000000000
756 -1650.0000000000
759 -1649.0000000000
765 -1648.0000000000
767 -1647.0000000000
771 -1646.0000000000
774 -1645.0000000000
775 -1644.0000000000
778 -1642.0000000000
790 -1641.0000000000
792 -1640.0000000000
795 -1639.0000000000
797 -1638.0000000000
806 -1637.0000000000
811 -1636.0000000000
825 -1635.0000000000
831 -1633.0000000000
835 -1632.0000000000
851 -1631.0000000000
856 -1630.0000000000
860 -1629.0000000000
861 -1628.0000000000
862 -1627.0000000000
869 -1625.0000000000
873 -1623.0000000000
874 -1621.0000000000
877 -1620.0000000000
879 -1619.0000000000
880 -1618.0000000000
881 -1617.0000000000
882 -1615.0000000000
885 -1614.0000000000
886 -1613.0000000000
888 -1612.0000000000
889 -1610.0000000000
893 -1608.0000000000
900 -1607.0000000000
905 -1606.0000000000
909 -1605.0000000000
910 -1604.0000000000
915 -1603.0000000000
916 -1601.0000000000
918 -1600.0000000000
923 -1599.0000000000
926 -1598.0000000000
932 -1597.0000000000
933 -1595.0000000000
934 -1593.0000000000
940 -1592.0000000000
944 -1590.0000000000
951 -1587.0000000000
957 -1586.0000000000
958 -1585.0000000000
960 -1583.0000000000
963 -1582.0000000000
969 -1581.0000000000
972 -1580.0000000000
973 -1579.0000000000
976 -1576.0000000000
977 -1574.0000000000
978 -1573.0000000000
979 -1572.0000000000
987 -1570.0000000000
990 -1569.0000000000
993 -1568.0000000000
994 -1566.0000000000
995 -1565.0000000000
999 -1564.0000000000
1002 -1562.0000000000
1005 -1561.0000000000
1016 -1560.0000000000
1024 -1559.0000000000
1036 -1557.0000000000
1039 -1556.0000000000
1041 -1553.0000000000
1045 -1552.0000000000
1060 -1551.0000000000
1068 -1549.0000000000
1083 -1546.0000000000
1086 -1543.0000000000
1087 -1542.0000000000
1088 -1540.0000000000
1089 -1537.0000000000
1101 -1536.0000000000
1108 -1535.0000000000
1110 -1533.0000000000
1111 -1532.0000000000
1114 -1531.0000000000
1117 -1530.0000000000
1123 -1529.0000000000
1128 -1528.0000000000
1130 -1527.0000000000
1152 -1526.0000000000
1165 -1523.0000000000
1171 -1522.0000000000
1173 -1521.0000000000
1176 -1520.0000000000
1179 -1518.0000000000
1189 -1516.0000000000
1191 -1514.0000000000
1195 -1513.0000000000
1201 -1511.0000000000
1206 -1510.0000000000
1210 -1509.0000000000
1212 -1508.0000000000
1221 -1507.0000000000
1230 -1505.0000000000
1235 -1504.0000000000
1238 -1502.0000000000
1242 -1500.0000000000
1245 -1498.0000000000
1248 -1497.0000000000
1253 -1496.0000000000
1257 -1495.0000000000
1262 -1494.0000000000
1268 -1493.0000000000
1269 -1492.0000000000
1270 -1491.0000000000
1272 -1489.0000000000
1277 -1487.0000000000
1278 -1486.0000000000
1280 -1485.0000000000
1281 -1484.0000000000
1284 -1483.0000000000
1288 -1481.0000000000
1290 -1480.0000000000
1292 -1479.0000000000
1297 -1478.0000000000
1298 -1476.0000000000
1299 -1474.0000000000
1303 -1473.0000000000
1304 -1472.0000000000
1309 -1471.0000000000
1312 -1470.0000000000
1322 -1469.0000000000
1330 -1467.0000000000
1336 -1465.0000000000
1340 -1464.0000000000
1353 -1463.0000000000
1355 -1462.0000000000
1362 -1461.0000000000
1367 -1460.0000000000
1368 -1459.0000000000
1369 -1458.0000000000
1370 -1457.0000000000
1376 -1456.0000000000
1383 -1455.0000000000
1386 -1454.0000000000
1388 -1453.0000000000
1397 -1452.0000000000
1400 -1451.0000000000
1409 -1450.0000000000
1411 -1448.0000000000
1413 -1447.0000000000
1414 -1444.0000000000
1416 -1443.0000000000
1425 -1441.0000000000
1426 -1440.0000000000
1427 -1439.0000000000
1435 -1438.0000000000
1436 -1437.0000000000
1443 -1436.0000000000
1459 -1435.0000000000
1465 -1433.0000000000
1471 -1432.0000000000
1482 -1430.0000000000
1483 -1429.0000000000
1485 -1428.0000000000
1489 -1427.0000000000
1490 -1426.0000000000
1500 -1425.0000000000
1507 -1423.0000000000
1512 -1422.0000000000
1517 -1421.0000000000
1526 -1420.0000000000
1527 -1419.0000000000
1539 -1418.0000000000
1542 -1417.0000000000
1545 -1416.0000000000
1547 -1415.0000000000
1551 -1414.0000000000
1571 -1413.0000000000
1581 -1412.0000000000
1582 -1410.0000000000
1597 -1409.0000000000
1598 -1408.0000000000
1601 -1407.0000000000
1610 -1406.0000000000
1616 -1405.0000000000
1617 -1404.0000000000
1625 -1403.0000000000
1629 -1402.0000000000
1636 -1401.0000000000
1637 -1400.0000000000
1639 -1399.0000000000
1642 -1396.0000000000
1645 -1395.0000000000
1651 -1394.0000000000
1652 -1393.0000000000
1654 -1392.0000000000
1661 -1391.0000000000
1670 -1389.0000000000
1677 -1388.0000000000
1683 -1386.0000000000
1687 -1385.0000000000
1695 -1383.0000000000
1698 -1382.0000000000
1712 -1380.0000000000
1714 -1379.0000000000
1717 -1378.0000000000
1720 -1377.0000000000
1722 -1376.0000000000
1727 -1375.0000000000
1731 -1374.0000000000
1740 -1373.0000000000
1751 -1372.0000000000
1753 -1371.0000000000
1758 -1370.0000000000
1764 -1369.0000000000
1769 -1368.0000000000
1772 -1367.0000000000
1779 -1366.0000000000
1782 -1364.0000000000
1784 -1363.0000000000
1811 -1362.0000000000
1815 -1360.0000000000
1819 -1359.0000000000
1826 -1358.0000000000
1834 -1357.0000000000
1837 -1356.0000000000
1841 -1355.0000000000
1845 -1354.0000000000
1851 -1353.0000000000
1854 -1352.0000000000
1862 -1351.0000000000
1865 -1349.0000000000
1866 -1348.0000000000
1867 -1347.0000000000
1877 -1346.0000000000
1881 -1345.0000000000
1887 -1343.0000000000
1891 -1342.0000000000
1897 -1341.0000000000
1898 -1338.0000000000
1905 -1337.0000000000
1906 -1336.0000000000
1909 -1335.0000000000
1912 -1334.0000000000
1913 -1333.0000000000
1914 -1332.0000000000
1918 -1331.0000000000
1930 -1330.0000000000
1931 -1329.0000000000
1934 -1328.0000000000
1935 -1327.0000000000
1939 -1326.0000000000
1940 -1325.0000000000
1945 -1324.0000000000
1954 -1322.0000000000
1956 -1321.0000000000
1962 -1319.0000000000
1971 -1318.0000000000
1976 -1317.0000000000
1998 -1316.0000000000
2016 -1315.0000000000
2021 -1314.0000000000
2022 -1313.0000000000
2025 -1311.0000000000
2042 -1309.0000000000
2058 -1308.0000000000
2059 -1307.0000000000
2068 -1306.0000000000
2071 -1304.0000000000
2078 -1303.0000000000
2082 -1302.0000000000
2089 -1301.0000000000
2104 -1300.0000000000
2105 -1299.0000000000
2109 -1298.0000000000
2111 -1297.0000000000
2119 -1296.0000000000
2120 -1295.0000000000
2121 -1294.0000000000
2125 -1293.0000000000
2126 -1292.0000000000
2137 -1290.0000000000
2139 -1289.0000000000
2142 -1288.0000000000
2146 -1287.0000000000
2150 -1285.0000000000
2171 -1284.0000000000
2173 -1283.0000000000
2175 -1282.0000000000
2180 -1281.0000000000
2182 -1279.0000000000
2184 -1278.0000000000
2190 -1277.0000000000
2193 -1276.0000000000
2196 -1275.0000000000
2206 -1274.0000000000
2207 -1273.0000000000
2212 -1271.0000000000
2218 -1270.0000000000
2227 -1269.0000000000
2230 -1268.0000000000
2234 -1267.0000000000
2241 -1266.0000000000
2242 -1265.0000000000
2249 -1264.0000000000
2263 -1263.0000000000
2271 -1262.0000000000
2277 -1261.0000000000
2289 -1260.0000000000
2297 -1259.0000000000
2298 -1258.0000000000
2313 -1257.0000000000
2319 -1256.0000000000
2321 -1255.0000000000
2325 -1254.0000000000
2327 -1253.0000000000
2339 -1252.0000000000
2343 -1250.0000000000
2360 -1249.0000000000
2368 -1248.0000000000
2373 -1246.0000000000
2374 -1244.0000000000
2379 -1243.0000000000
2380 -1241.0000000000
2382 -1240.0000000000
2394 -1239.0000000000
2395 -1238.0000000000
2396 -1237.0000000000
2404 -1236.0000000000
2409 -1235.0000000000
2410 -1234.0000000000
2411 -1233.0000000000
2418 -1232.0000000000
2422 -1231.0000000000
2424 -1230.0000000000
2427 -1229.0000000000
2431 -1228.0000000000
2438 -1227.0000000000
2456 -1226.0000000000
2458 -1225.0000000000
2461 -1224.0000000000
2467 -1223.0000000000
2468 -1222.0000000000
2471 -1220.0000000000
2474 -1219.0000000000
2480 -1218.0000000000
2483 -1216.0000000000
2484 -1215.0000000000
2495 -1214.0000000000
2496 -1213.0000000000
2505 -1212.0000000000
2513 -1211.0000000000
2524 -1210.0000000000
2533 -1209.0000000000
2537 -1208.0000000000
2539 -1206.0000000000
2540 -1205.0000000000
2546 -1202.0000000000
2554 -1201.0000000000
2562 -1200.0000000000
2572 -1199.0000000000
2577 -1198.0000000000
2586 -1197.0000000000
2591 -1196.0000000000
2599 -1195.0000000000
2605 -1194.0000000000
2607 -1191.0000000000
2610 -1190.0000000000
2624 -1188.0000000000
2629 -1187.0000000000
2630 -1186.0000000000
2631 -1185.0000000000
2632 -1184.0000000000
2636 -1182.0000000000
2649 -1181.0000000000
2656 -1180.0000000000
2657 -1179.0000000000
2674 -1178.0000000000
2686 -1177.0000000000
2690 -1176.0000000000
2691 -1175.0000000000
2708 -1174.0000000000
2709 -1173.0000000000
2713 -1172.0000000000
2714 -1171.0000000000
2715 -1170.0000000000
2722 -1169.0000000000
2730 -1167.0000000000
2733 -1165.0000000000
2738 -1164.0000000000
2751 -1163.0000000000
2753 -1162.0000000000
2763 -1161.0000000000
2764 -1160.0000000000
2780 -1159.0000000000
2793 -1158.0000000000
2824 -1157.0000000000
2830 -1156.0000000000
2834 -1155.0000000000
2842 -1154.0000000000
2844 -1153.0000000000
2845 -1152.0000000000
2855 -1151.0000000000
2856 -1150.0000000000
2873 -1149.0000000000
2877 -1148.0000000000
2885 -1147.0000000000
2892 -1146.0000000000
2908 -1145.0000000000
2913 -1144.0000000000
2927 -1142.0000000000
2933 -1141.0000000000
2952 -1139.0000000000
2974 -1138.0000000000
2989 -1136.0000000000
2997 -1135.0000000000
2999 -1134.0000000000
3010 -1133.0000000000
3022 -1132.0000000000
3027 -1130.0000000000
3032 -1129.0000000000
3039 -1128.0000000000
3048 -1127.0000000000
3049 -1126.0000000000
3055 -1125.0000000000
3057 -1124.0000000000
3059 -1123.0000000000
3065 -1122.0000000000
3067 -1121.0000000000
3072 -1119.0000000000
3076 -1118.0000000000
3082 -1117.0000000000
3083 -1116.0000000000
3091 -1115.0000000000
3093 -1114.0000000000
3099 -1113.0000000000
3135 -1112.0000000000
3136 -1111.0000000000
3155 -1110.0000000000
3157 -1109.0000000000
3169 -1108.0000000000
3180 -1107.0000000000
3181 -1105.0000000000
3184 -1103.0000000000
3186 -1102.0000000000
3190 -1101.0000000000
3209 -1100.0000000000
3210 -1099.0000000000
3213 -1098.0000000000
3216 -1097.0000000000
3217 -1095.0000000000
3223 -1094.0000000000
3236 -1093.0000000000
3250 -1092.0000000000
3253 -1091.0000000000
3263 -1090.0000000000
3266 -1089.0000000000
3274 -1088.0000000000
3291 -1087.0000000000
3316 -1086.0000000000
3320 -1085.0000000000
3337 -1084.0000000000
3340 -1083.0000000000
3350 -1082.0000000000
3385 -1080.0000000000
3386 -1079.0000000000
3387 -1078.0000000000
3391 -1077.0000000000
3392 -1076.0000000000
3393 -1075.0000000000
3405 -1074.0000000000
3411 -1073.0000000000
3422 -1072.0000000000
3423 -1070.0000000000
3427 -1069.0000000000
3431 -1068.0000000000
3437 -1067.0000000000
3439 -1066.0000000000
3449 -1065.0000000000
3458 -1064.0000000000
3459 -1063.0000000000
3465 -1062.0000000000
3472 -1061.0000000000
3486 -1060.0000000000
3500 -1059.0000000000
3501 -1057.0000000000
3505 -1056.0000000000
3513 -1054.0000000000
3517 -1052.0000000000
3528 -1050.0000000000
3544 -1049.0000000000
3546 -1048.0000000000
3557 -1047.0000000000
3572 -1046.0000000000
3573 -1045.0000000000
3576 -1044.0000000000
3577 -1042.0000000000
3589 -1041.0000000000
3591 -1040.0000000000
3605 -1039.0000000000
3607 -1038.0000000000
3610 -1037.0000000000
3623 -1036.0000000000
3629 -1035.0000000000
3644 -1034.0000000000
3658 -1033.0000000000
3659 -1032.0000000000
3671 -1031.0000000000
3674 -1028.0000000000
3682 -1027.0000000000
3688 -1026.0000000000
3700 -1025.0000000000
3714 -1024.0000000000
3717 -1023.0000000000
3718 -1022.0000000000
3733 -1021.0000000000
3734 -1020.0000000000
3735 -1019.0000000000
3748 -1018.0000000000
3766 -1017.0000000000
3776 -1016.0000000000
3789 -1015.0000000000
3793 -1014.0000000000
3810 -1013.0000000000
3815 -1011.0000000000
3816 -1010.0000000000
3824 -1008.0000000000
3827 -1007.0000000000
3829 -1006.0000000000
3832 -1005.0000000000
3843 -1004.0000000000
3845 -1003.0000000000
3855 -1002.0000000000
3856 -1000.0000000000
3858 -999.0000000000
3873 -998.0000000000
3881 -997.0000000000
3882 -995.0000000000
3895 -993.0000000000
3901 -992.0000000000
3906 -991.0000000000
3909 -990.0000000000
3916 -989.0000000000
3931 -988.0000000000
3936 -987.0000000000
3950 -986.0000000000
3972 -985.0000000000
4009 -984.0000000000
4020 -983.0000000000
4038 -982.0000000000
4045 -981.0000000000
4051 -979.0000000000
4054 -978.0000000000
4058 -976.0000000000
4061 -974.0000000000
4066 -973.0000000000
4097 -972.0000000000
4106 -971.0000000000
4122 -970.0000000000
4127 -969.0000000000
4131 -968.0000000000
4142 -967.0000000000
4143 -966.0000000000
4145 -965.0000000000
4150 -964.0000000000
4157 -963.0000000000
4158 -962.0000000000
4161 -961.0000000000
4163 -960.0000000000
4165 -959.0000000000
4169 -958.0000000000
4172 -957.0000000000
4177 -956.0000000000
4178 -955.0000000000
4183 -954.0000000000
4186 -953.0000000000
4187 -952.0000000000
4196 -951.0000000000
4202 -950.0000000000
4214 -949.0000000000
4231 -948.0000000000
4248 -947.0000000000
4263 -946.0000000000
4283 -943.0000000000
4286 -942.0000000000
4318 -941.0000000000
4325 -939.0000000000
4326 -937.0000000000
4327 -936.0000000000
4336 -935.0000000000
4339 -934.0000000000
4369 -933.0000000000
4377 -932.0000000000
4381 -930.0000000000
4391 -929.0000000000
4398 -927.0000000000
4404 -926.0000000000
4406 -925.0000000000
4432 -924.0000000000
4443 -923.0000000000
4447 -922.0000000000
4452 -921.0000000000
4454 -920.0000000000
4458 -919.0000000000
4460 -918.0000000000
4467 -917.0000000000
4494 -916.0000000000
4500 -915.0000000000
4530 -914.0000000000
4540 -913.0000000000
4548 -912.0000000000
4571 -911.0000000000
4585 -910.0000000000
4592 -909.0000000000
4606 -908.0000000000
4618 -907.0000000000
4625 -906.0000000000
4632 -905.0000000000
4634 -904.0000000000
4640 -903.0000000000
4643 -902.0000000000
4658 -901.0000000000
4666 -900.0000000000
4680 -899.0000000000
4684 -898.0000000000
4704 -897.0000000000
4723 -895.0000000000
4729 -894.0000000000
4741 -893.0000000000
4743 -892.0000000000
4750 -890.0000000000
4755 -889.0000000000
4771 -888.0000000000
4775 -887.0000000000
4779 -886.0000000000
4787 -885.0000000000
4796 -884.0000000000
4798 -883.0000000000
4808 -882.0000000000
4834 -881.0000000000
4836 -880.0000000000
4852 -879.0000000000
4883 -878.0000000000
4889 -877.0000000000
4890 -875.0000000000
4900 -874.0000000000
4915 -873.0000000000
4923 -871.0000000000
4929 -870.0000000000
4932 -869.0000000000
4934 -868.0000000000
4937 -867.0000000000
4959 -866.0000000000
4965 -865.0000000000
4968 -863.0000000000
4972 -861.0000000000
4983 -860.0000000000
5000 -859.0000000000
5015 -858.0000000000
5034 -857.0000000000
5037 -855.0000000000
5046 -854.0000000000
5047 -853.0000000000
5062 -852.0000000000
5064 -849.0000000000
5069 -848.0000000000
5094 -847.0000000000
5118 -846.0000000000
5125 -845.0000000000
5133 -843.0000000000
5139 -842.0000000000
5164 -841.0000000000
5174 -840.0000000000
5181 -839.0000000000
5193 -838.0000000000
5237 -837.0000000000
5239 -836.0000000000
5240 -835.0000000000
5245 -834.0000000000
5260 -832.0000000000
5269 -831.0000000000
5277 -830.0000000000
5293 -829.0000000000
5305 -828.0000000000
5318 -827.0000000000
5324 -826.0000000000
5334 -825.0000000000
5351 -824.0000000000
5359 -823.0000000000
5367 -822.0000000000
5373 -821.0000000000
5377 -820.0000000000
5379 -819.0000000000
5397 -818.0000000000
5408 -817.0000000000
5411 -816.0000000000
5413 -815.0000000000
5426 -813.0000000000
5434 -812.0000000000
5436 -811.0000000000
5446 -810.0000000000
5465 -808.0000000000
5467 -807.0000000000
5476 -806.0000000000
5478 -805.0000000000
5491 -804.0000000000
5495 -803.0000000000
5498 -802.0000000000
5516 -800.0000000000
5519 -799.0000000000
5525 -798.0000000000
5551 -797.0000000000
5552 -796.0000000000
5574 -795.0000000000
5576 -794.0000000000
5586 -793.0000000000
5597 -792.0000000000
5600 -791.0000000000
5607 -790.0000000000
5613 -789.0000000000
5615 -788.0000000000
5624 -787.0000000000
5647 -786.0000000000
5656 -785.0000000000
5662 -783.0000000000
5675 -782.0000000000
5687 -781.0000000000
5691 -780.0000000000
5700 -778.0000000000
5701 -777.0000000000
5705 -776.0000000000
5739 -775.0000000000
5755 -774.0000000000
5807 -772.0000000000
5810 -771.0000000000
5814 -770.0000000000
5820 -769.0000000000
5831 -768.0000000000
5838 -767.0000000000
5853 -766.0000000000
5857 -765.0000000000
5861 -764.0000000000
5868 -763.0000000000
5886 -762.0000000000
5897 -761.0000000000
5903 -760.0000000000
5908 -757.0000000000
5920 -756.0000000000
5936 -754.0000000000
5945 -753.0000000000
5968 -752.0000000000
5970 -751.0000000000
5972 -750.0000000000
5979 -749.0000000000
5981 -748.0000000000
5987 -747.0000000000
5992 -746.0000000000
6011 -745.0000000000
6017 -744.0000000000
6018 -743.0000000000
6020 -742.0000000000
6022 -740.0000000000
6023 -739.0000000000
6028 -738.0000000000
6031 -737.0000000000
6038 -736.0000000000
6041 -735.0000000000
6045 -734.0000000000
6048 -733.0000000000
6049 -732.0000000000
6071 -731.0000000000
6075 -730.0000000000
6086 -728.0000000000
6101 -727.0000000000
6105 -726.0000000000
6114 -725.0000000000
6116 -724.0000000000
6124 -723.0000000000
6126 -722.0000000000
6135 -720.0000000000
6152 -719.0000000000
6165 -718.0000000000
6170 -717.0000000000
6193 -716.0000000000
6194 -715.0000000000
6199 -714.0000000000
6200 -713.0000000000
6202 -712.0000000000
6215 -711.0000000000
6222 -710.0000000000
6224 -709.0000000000
6231 -708.0000000000
6232 -707.0000000000
6253 -706.0000000000
6263 -705.0000000000
6273 -704.0000000000
6285 -703.0000000000
6292 -702.0000000000
6301 -701.0000000000
6304 -700.0000000000
6310 -699.0000000000
6318 -698.0000000000
6319 -696.0000000000
6324 -695.0000000000
6337 -694.0000000000
6342 -693.0000000000
6356 -692.0000000000
6359 -691.0000000000
6362 -690.0000000000
6373 -689.0000000000
6391 -688.0000000000
6405 -687.0000000000
6417 -686.0000000000
6430 -685.0000000000
6445 -684.0000000000
6448 -683.0000000000
6451 -682.0000000000
6493 -681.0000000000
6495 -680.0000000000
6498 -679.0000000000
6510 -676.0000000000
6519 -675.0000000000
6523 -674.0000000000
6530 -673.0000000000
6539 -672.0000000000
6541 -671.0000000000
6581 -670.0000000000
6597 -669.0000000000
6601 -668.0000000000
6612 -667.0000000000
6628 -666.0000000000
6634 -665.0000000000
6649 -664.0000000000
6656 -663.0000000000
6670 -662.0000000000
6678 -661.0000000000
6692 -659.0000000000
6695 -658.0000000000
6697 -657.0000000000
6713 -656.0000000000
6730 -654.0000000000
6772 -653.0000000000
6784 -652.0000000000
6807 -651.0000000000
6809 -650.0000000000
6813 -649.0000000000
6821 -648.0000000000
6831 -647.0000000000
6832 -646.0000000000
6841 -645.0000000000
6869 -644.0000000000
6897 -643.0000000000
6916 -642.0000000000
6924 -641.0000000000
6939 -640.0000000000
6972 -639.0000000000
6990 -638.0000000000
6996 -637.0000000000
7037 -636.0000000000
7046 -635.0000000000
7050 -634.0000000000
7059 -633.0000000000
7071 -632.0000000000
7086 -631.0000000000
7109 -630.0000000000
7113 -629.0000000000
7124 -628.0000000000
7125 -626.0000000000
7141 -625.0000000000
7149 -624.0000000000
7168 -623.0000000000
7189 -622.0000000000
7191 -621.0000000000
7228 -620.0000000000
7255 -619.0000000000
7279 -618.0000000000
7321 -617.0000000000
7338 -616.0000000000
7348 -615.0000000000
7353 -614.0000000000
7365 -613.0000000000
7373 -612.0000000000
7385 -611.0000000000
7394 -610.0000000000
7411 -609.0000000000
7414 -608.0000000000
7442 -607.0000000000
7447 -606.0000000000
7454 -605.0000000000
7457 -604.0000000000
7467 -603.0000000000
7483 -602.0000000000
7489 -600.0000000000
7496 -599.0000000000
7497 -598.0000000000
7502 -596.0000000000
7521 -595.0000000000
7523 -594.0000000000
7531 -593.0000000000
7571 -592.0000000000
7574 -591.0000000000
7578 -590.0000000000
7579 -589.0000000000
7584 -588.0000000000
7595 -587.0000000000
7598 -586.0000000000
7607 -585.0000000000
7622 -584.0000000000
7625 -583.0000000000
7638 -582.0000000000
7651 -581.0000000000
7654 -580.0000000000
7656 -579.0000000000
7657 -578.0000000000
7660 -577.0000000000
7666 -576.0000000000
7706 -575.0000000000
7745 -574.0000000000
7749 -572.0000000000
7751 -571.0000000000
7752 -570.0000000000
7790 -569.0000000000
7800 -568.0000000000
7802 -567.0000000000
7822 -566.0000000000
7829 -565.0000000000
7862 -563.0000000000
7877 -562.0000000000
7880 -561.0000000000
7882 -560.0000000000
7933 -559.0000000000
7941 -558.0000000000
7949 -557.0000000000
7973 -556.0000000000
7985 -555.0000000000
7991 -554.0000000000
7992 -553.0000000000
8005 -552.0000000000
8018 -551.0000000000
8027 -550.0000000000
8034 -549.0000000000
8050 -548.0000000000
8057 -547.0000000000
8067 -546.0000000000
8106 -544.0000000000
8110 -542.0000000000
8135 -541.0000000000
8166 -540.0000000000
8171 -539.0000000000
8185 -538.0000000000
8188 -537.0000000000
8190 -536.0000000000
8193 -533.0000000000
8207 -532.0000000000
8221 -531.0000000000
8229 -530.0000000000
8233 -529.0000000000
8255 -528.0000000000
8268 -527.0000000000
8280 -526.0000000000
8288 -525.0000000000
8308 -524.0000000000
8418 -523.0000000000
8433 -521.0000000000
8446 -520.0000000000
8457 -519.0000000000
8475 -518.0000000000
8479 -517.0000000000
8492 -516.0000000000
8500 -515.0000000000
8501 -513.0000000000
8507 -512.0000000000
8518 -511.0000000000
8529 -510.0000000000
8543 -509.0000000000
8553 -506.0000000000
8562 -505.0000000000
8577 -504.0000000000
8585 -503.0000000000
8590 -502.0000000000
8598 -501.0000000000
8632 -500.0000000000
8658 -499.0000000000
8679 -498.0000000000
8690 -497.0000000000
8709 -496.0000000000
8710 -495.0000000000
8739 -494.0000000000
8750 -493.0000000000
8758 -491.0000000000
8759 -490.0000000000
8787 -489.0000000000
8795 -488.0000000000
8815 -487.0000000000
8827 -486.0000000000
8890 -485.0000000000
8897 -484.0000000000
8903 -483.0000000000
8924 -482.0000000000
8941 -481.0000000000
8947 -480.0000000000
8948 -479.0000000000
8981 -478.0000000000
9016 -477.0000000000
9026 -476.0000000000
9031 -475.0000000000
9049 -474.0000000000
9074 -473.0000000000
9086 -472.0000000000
9091 -471.0000000000
9100 -470.0000000000
9112 -469.0000000000
9143 -468.0000000000
9166 -467.0000000000
9167 -466.0000000000
9216 -465.0000000000
9218 -464.0000000000
9242 -462.0000000000
9244 -461.0000000000
9312 -460.0000000000
9315 -459.0000000000
9398 -458.0000000000
9421 -457.0000000000
9483 -456.0000000000
9490 -455.0000000000
9496 -454.0000000000
9524 -453.0000000000
9533 -452.0000000000
9550 -451.0000000000
9559 -450.0000000000
9565 -449.0000000000
9594 -448.0000000000
9598 -446.0000000000
9613 -444.0000000000
9636 -443.0000000000
9645 -442.0000000000
9657 -441.0000000000
9687 -440.0000000000
9714 -439.0000000000
9721 -438.0000000000
9752 -437.0000000000
9764 -436.0000000000
9791 -435.0000000000
9813 -434.0000000000
9816 -433.0000000000
9827 -432.0000000000
9832 -431.0000000000
9850 -430.0000000000
9866 -429.0000000000
9888 -428.0000000000
9914 -427.0000000000
9918 -426.0000000000
9920 -425.0000000000
9936 -424.0000000000
10000 -424.0000000000
evaluations raw_y
1 -1983.0000000000
7 -1982.0000000000
8 -1981.0000000000
12 -1980.0000000000
26 -1979.0000000000
34 -1978.0000000000
48 -1976.0000000000
52 -1975.0000000000
60 -1974.0000000000
61 -1972.0000000000
67 -1970.0000000000
68 -1969.0000000000
70 -1968.0000000000
74 -1966.0000000000
75 -1965.0000000000
80 -1964.0000000000
85 -1963.0000000000
100 -1962.0000000000
103 -1961.0000000000
104 -1959.0000000000
107 -1957.0000000000
109 -1956.0000000000
110 -1955.0000000000
113 -1953.0000000000
124 -1952.0000000000
128 -1950.0000000000
135 -1949.0000000000
139 -1948.0000000000
144 -1947.0000000000
156 -1945.0000000000
161 -1944.0000000000
168 -1943.0000000000
169 -1942.0000000000
170 -1940.0000000000
171 -1939.0000000000
182 -1938.0000000000
188 -1935.0000000000
193 -1934.0000000000
195 -1933.0000000000
198 -1932.0000000000
207 -1930.0000000000
209 -1929.0000000000
212 -1927.0000000000
213 -1926.0000000000
217 -1924.0000000000
219 -1922.0000000000
220 -1921.0000000000
222 -1920.0000000000
227 -1919.0000000000
228 -1917.0000000000
234 -1916.0000000000
235 -1915.0000000000
248 -1914.0000000000
261 -1913.0000000000
265 -1912.0000000000
267 -1911.0000000000
271 -1910.0000000000
272 -1908.0000000000
277 -1907.0000000000
288 -1906.0000000000
293 -1905.0000000000
295 -1904.0000000000
297 -1903.0000000000
303 -1902.0000000000
311 -1899.0000000000
314 -1898.0000000000
317 -1897.0000000000
327 -1896.0000000000
328 -1895.0000000000
333 -1892.0000000000
334 -1891.0000000000
339 -1890.0000000000
340 -1889.0000000000
348 -1888.0000000000
351 -1887.0000000000
355 -1885.0000000000
362 -1884.0000000000
364 -1882.0000000000
366 -1881.0000000000
367 -1880.0000000000
370 -1879.0000000000
376 -1878.0000000000
387 -1877.0000000000
391 -1874.0000000000
401 -1872.0000000000
404 -1871.0000000000
408 -1870.0000000000
414 -1869.0000000000
415 -1868.0000000000
419 -1867.0000000000
425 -1866.0000000000
426 -1865.0000000000
428 -1864.0000000000
431 -1863.0000000000
434 -1860.0000000000
439 -1859.0000000000
443 -1858.0000000000
449 -1856.0000000000
454 -1854.0000000000
455 -1853.0000000000
472 -1851.0000000000
473 -1850.0000000000
477 -1849.0000000000
478 -1848.0000000000
486 -1846.0000000000
488 -1845.0000000000
498 -1842.0000000000
503 -1840.0000000000
504 -1837.0000000000
510 -1836.0000000000
517 -1835.0000000000
521 -1834.0000000000
529 -1833.0000000000
542 -1831.0000000000
544 -1829.0000000000
545 -1827.0000000000
547 -1826.0000000000
551 -1825.0000000000
560 -1824.0000000000
567 -1823.0000000000
576 -1822.0000000000
578 -1820.0000000000
581 -1819.0000000000
595 -1818.0000000000
597 -1817.0000000000
600 -1816.0000000000
605 -1815.0000000000
608 -1813.0000000000
609 -1812.0000000000
613 -1810.0000000000
614 -1809.0000000000
615 -1808.0000000000
616 -1807.0000000000
619 -1806.0000000000
623 -1803.0000000000
624 -1802.0000000000
625 -1801.0000000000
638 -1800.0000000000
646 -1798.0000000000
647 -1797.0000000000
654 -1796.0000000000
656 -1795.0000000000
657 -1794.0000000000
663 -1793.0000000000
664 -1791.0000000000
665 -1790.0000000000
668 -1789.0000000000
673 -1788.0000000000
675 -1787.0000000000
676 -1786.0000000000
682 -1784.0000000000
692 -1783.0000000000
694 -1782.0000000000
702 -1781.0000000000
703 -1780.0000000000
714 -1779.0000000000
715 -1778.0000000000
717 -1777.0000000000
720 -1776.0000000000
723 -1775.0000000000
728 -1774.0000000000
731 -1772.0000000000
733 -1770.0000000000
735 -1769.0000000000
738 -1768.0000000000
744 -1766.0000000000
750 -1763.0000000000
757 -1761.0000000000
758 -1760.0000000000
767 -1759.0000000000
769 -1758.0000000000
772 -1756.0000000000
776 -1755.0000000000
778 -1754.0000000000
785 -1753.0000000000
794 -1752.0000000000
797 -1751.0000000000
804 -1748.0000000000
808 -1747.0000000000
809 -1746.0000000000
819 -1744.0000000000
821 -1743.0000000000
824 -1742.0000000000
827 -1741.0000000000
833 -1740.0000000000
840 -1739.0000000000
841 -1737.0000000000
843 -1736.0000000000
852 -1735.0000000000
854 -1734.0000000000
868 -1732.0000000000
871 -1731.0000000000
872 -1730.0000000000
873 -1729.0000000000
874 -1727.0000000000
886 -1726.0000000000
891 -1725.0000000000
892 -1724.0000000000
895 -1723.0000000000
900 -1722.0000000000
902 -1721.0000000000
908 -1719.0000000000
911 -1718.0000000000
914 -1717.0000000000
916 -1715.0000000000
921 -1714.0000000000
924 -1713.0000000000
925 -1712.0000000000
940 -1711.0000000000
943 -1710.0000000000
944 -1709.0000000000
949 -1708.0000000000
952 -1707.0000000000
953 -1706.0000000000
957 -1705.0000000000
964 -1704.0000000000
966 -1703.0000000000
974 -1702.0000000000
975 -1701.0000000000
983 -1700.0000000000
990 -1699.0000000000
994 -1698.0000000000
995 -1697.0000000000
997 -1696.0000000000
1007 -1695.0000000000
1012 -1692.0000000000
1017 -1691.0000000000
1037 -1690.0000000000
1042 -1689.0000000000
1046 -1688.0000000000
1051 -1687.0000000000
1054 -1685.0000000000
1056 -1684.0000000000
1057 -1683.0000000000
1060 -1682.0000000000
1069 -1681.0000000000
1074 -1680.0000000000
1075 -1679.0000000000
1077 -1678.0000000000
1078 -1677.0000000000
1089 -1675.0000000000
1090 -1674.0000000000
1092 -1673.0000000000
1094 -1672.0000000000
1095 -1670.0000000000
1099 -1669.0000000000
1107 -1668.0000000000
1116 -1667.0000000000
1124 -1666.0000000000
1127 -1665.0000000000
1128 -1662.0000000000
1130 -1660.0000000000
1131 -1658.0000000000
1140 -1657.0000000000
1152 -1656.0000000000
1153 -1654.0000000000
1157 -1653.0000000000
1171 -1652.0000000000
1173 -1651.0000000000
1178 -1649.0000000000
1185 -1648.0000000000
1186 -1647.0000000000
1187 -1644.0000000000
1199 -1642.0000000000
1201 -1641.0000000000
1205 -1640.0000000000
1222 -1639.0000000000
1227 -1638.0000000000
1232 -1636.0000000000
1236 -1634.0000000000
1238 -1633.0000000000
1239 -1632.0000000000
1241 -1631.0000000000
1245 -1630.0000000000
1251 -1629.0000000000
1254 -1628.0000000000
1258 -1627.0000000000
1259 -1626.0000000000
1272 -1624.0000000000
1273 -1623.0000000000
1274 -1622.0000000000
1281 -1621.0000000000
1286 -1620.0000000000
1292 -1618.0000000000
1293 -1617.0000000000
1310 -1616.0000000000
1311 -1615.0000000000
1314 -1614.0000000000
1326 -1613.0000000000
1328 -1612.0000000000
1329 -1611.0000000000
1330 -1610.0000000000
1332 -1609.0000000000
1334 -1608.0000000000
1337 -1607.0000000000
1338 -1606.0000000000
1342 -1605.0000000000
1343 -1604.0000000000
1349 -1603.0000000000
1351 -1602.0000000000
1353 -1600.0000000000
1354 -1599.0000000000
1366 -1598.0000000000
1371 -1597.0000000000
1375 -1596.0000000000
1376 -1595.0000000000
1377 -1594.0000000000
1379 -1593.0000000000
1381 -1591.0000000000
1384 -1590.0000000000
1388 -1589.0000000000
1393 -1588.0000000000
1398 -1587.0000000000
1399 -1586.0000000000
1400 -1585.0000000000
1418 -1584.0000000000
1419 -1583.0000000000
1421 -1582.0000000000
1422 -1581.0000000000
1423 -1580.0000000000
1428 -1578.0000000000
1430 -1577.0000000000
1433 -1576.0000000000
1442 -1575.0000000000
1448 -1573.0000000000
1450 -1572.0000000000
1451 -1571.0000000000
1452 -1569.0000000000
1464 -1568.0000000000
1477 -1567.0000000000
1481 -1566.0000000000
1482 -1565.0000000000
1483 -1564.0000000000
1496 -1563.0000000000
1497 -1562.0000000000
1501 -1561.0000000000
1507 -1560.0000000000
1509 -1559.0000000000
1516 -1558.0000000000
1517 -1557.0000000000
1522 -1556.0000000000
1525 -1555.0000000000
1531 -1554.0000000000
1533 -1552.0000000000
1575 -1551.0000000000
1584 -1550.0000000000
1585 -1549.0000000000
1591 -1548.0000000000
1592 -1547.0000000000
1595 -1546.0000000000
1606 -1544.0000000000
1608 -1543.0000000000
1609 -1542.0000000000
1611 -1541.0000000000
1615 -1540.0000000000
1619 -1539.0000000000
1625 -1538.0000000000
1633 -1537.0000000000
1638 -1536.0000000000
1644 -1535.0000000000
1647 -1533.0000000000
1657 -1532.0000000000
1658 -1531.0000000000
1660 -1529.0000000000
1663 -1528.0000000000
1669 -1527.0000000000
1671 -1526.0000000000
1682 -1525.0000000000
1683 -1524.0000000000
1685 -1523.0000000000
1687 -1522.0000000000
1688 -1520.0000000000
1689 -1519.0000000000
1699 -1518.0000000000
1700 -1517.0000000000
1703 -1516.0000000000
1707 -1515.0000000000
1708 -1514.0000000000
1714 -1513.0000000000
1715 -1511.0000000000
1723 -1510.0000000000
1725 -1509.0000000000
1727 -1508.0000000000
1730 -1507.0000000000
1734 -1506.0000000000
1740 -1505.0000000000
1752 -1504.0000000000
1762 -1501.0000000000
1764 -1500.0000000000
1778 -1499.0000000000
1789 -1497.0000000000
1792 -1496.0000000000
1798 -1495.0000000000
1807 -1494.0000000000
1809 -1492.0000000000
1817 -1491.0000000000
1819 -1490.0000000000
1822 -1488.0000000000
1823 -1487.0000000000
1829 -1486.0000000000
1831 -1485.0000000000
1834 -1484.0000000000
1839 -1483.0000000000
1840 -1482.0000000000
1841 -1480.0000000000
1842 -1479.0000000000
1847 -1477.0000000000
1848 -1476.0000000000
1849 -1475.0000000000
1852 -1474.0000000000
1853 -1473.0000000000
1857 -1472.0000000000
1859 -1471.0000000000
1860 -1470.0000000000
1862 -1469.0000000000
1863 -1468.0000000000
1865 -1467.0000000000
1868 -1465.0000000000
1873 -1464.0000000000
1884 -1463.0000000000
1897 -1461.0000000000
1903 -1460.0000000000
1906 -1459.0000000000
1913 -1458.0000000000
1915 -1457.0000000000
1916 -1456.0000000000
1917 -1454.0000000000
1918 -1453.0000000000
1941 -1452.0000000000
1947 -1451.0000000000
1948 -1450.0000000000
1950 -1449.0000000000
1958 -1448.0000000000
1966 -1447.0000000000
1971 -1446.0000000000
1974 -1445.0000000000
1984 -1444.0000000000
1987 -1443.0000000000
1992 -1441.0000000000
2004 -1439.0000000000
2008 -1438.0000000000
2018 -1437.0000000000
2019 -1436.0000000000
2027 -1434.0000000000
2053 -1433.0000000000
2059 -1431.0000000000
2066 -1430.0000000000
2071 -1429.0000000000
2078 -1428.0000000000
2082 -1427.0000000000
2083 -1426.0000000000
2085 -1425.0000000000
2086 -1423.0000000000
2099 -1421.0000000000
2102 -1420.0000000000
2105 -1419.0000000000
2109 -1418.0000000000
2113 -1417.0000000000
2125 -1416.0000000000
2126 -1415.0000000000
2141 -1414.0000000000
2143 -1413.0000000000
2145 -1412.0000000000
2149 -1411.0000000000
2151 -1410.0000000000
2161 -1409.0000000000
2164 -1408.0000000000
2170 -1407.0000000000
2172 -1406.0000000000
2176 -1403.0000000000
2182 -1402.0000000000
2202 -1401.0000000000
2203 -1400.0000000000
2204 -1398.0000000000
2206 -1396.0000000000
2216 -1395.0000000000
2218 -1394.0000000000
2219 -1393.0000000000
2221 -1392.0000000000
2223 -1390.0000000000
2234 -1389.0000000000
2240 -1388.0000000000
2243 -1387.0000000000
2250 -1386.0000000000
2256 -1385.0000000000
2259 -1383.0000000000
2264 -1382.0000000000
2270 -1381.0000000000
2271 -1379.0000000000
2283 -1378.0000000000
2287 -1377.0000000000
2292 -1376.0000000000
2298 -1375.0000000000
2305 -1374.0000000000
2307 -1373.0000000000
2310 -1372.0000000000
2327 -1371.0000000000
2330 -1369.0000000000
2335 -1368.0000000000
2339 -1367.0000000000
2344 -1366.0000000000
2346 -1365.0000000000
2348 -1363.0000000000
2355 -1362.0000000000
2359 -1361.0000000000
2361 -1360.0000000000
2364 -1359.0000000000
2367 -1357.0000000000
2370 -1356.0000000000
2371 -1355.0000000000
2372 -1354.0000000000
2373 -1353.0000000000
2375 -1352.0000000000
2377 -1351.0000000000
2378 -1350.0000000000
2384 -1348.0000000000
2390 -1347.0000000000
2391 -1346.0000000000
2398 -1345.0000000000
2421 -1344.0000000000
2424 -1343.0000000000
2425 -1342.0000000000
2427 -1341.0000000000
2434 -1340.0000000000
2440 -1338.0000000000
2446 -1337.0000000000
2453 -1336.0000000000
2454 -1335.0000000000
2460 -1334.0000000000
2464 -1332.0000000000
2465 -1331.0000000000
2468 -1330.0000000000
2473 -1329.0000000000
2487 -1327.0000000000
2491 -1326.0000000000
2506 -1325.0000000000
2508 -1324.0000000000
2514 -1321.0000000000
2524 -1320.0000000000
2526 -1318.0000000000
2537 -1317.0000000000
2543 -1316.0000000000
2544 -1315.0000000000
2565 -1314.0000000000
2566 -1312.0000000000
2577 -1311.0000000000
2580 -1310.0000000000
2587 -1309.0000000000
2588 -1308.0000000000
2589 -1307.0000000000
2600 -1306.0000000000
2605 -1305.0000000000
2618 -1304.0000000000
2622 -1303.0000000000
2625 -1302.0000000000
2626 -1301.0000000000
2634 -1300.0000000000
2635 -1299.0000000000
2643 -1298.0000000000
2645 -1296.0000000000
2655 -1295.0000000000
2656 -1294.0000000000
2663 -1293.0000000000
2665 -1292.0000000000
2669 -1291.0000000000
2674 -1289.0000000000
2686 -1288.0000000000
2687 -1286.0000000000
2691 -1285.0000000000
2693 -1284.0000000000
2706 -1282.0000000000
2710 -1280.0000000000
2722 -1279.0000000000
2725 -1278.0000000000
2734 -1277.0000000000
2746 -1276.0000000000
2764 -1275.0000000000
2765 -1273.0000000000
2793 -1272.0000000000
2794 -1271.0000000000
2801 -1269.0000000000
2821 -1268.0000000000
2824 -1266.0000000000
2827 -1265.0000000000
2832 -1264.0000000000
2836 -1263.0000000000
2853 -1261.0000000000
2856 -1260.0000000000
2858 -1259.0000000000
2863 -1258.0000000000
2871 -1256.0000000000
2875 -1254.0000000000
2876 -1252.0000000000
2887 -1251.0000000000
2891 -1250.0000000000
2892 -1248.0000000000
2894 -1247.0000000000
2910 -1246.0000000000
2912 -1245.0000000000
2915 -1244.0000000000
2918 -1243.0000000000
2923 -1242.0000000000
2934 -1241.0000000000
2943 -1240.0000000000
2950 -1239.0000000000
2957 -1237.0000000000
2968 -1236.0000000000
2971 -1235.0000000000
2978 -1234.0000000000
2980 -1233.0000000000
2981 -1232.0000000000
2982 -1231.0000000000
3000 -1230.0000000000
3001 -1229.0000000000
3007 -1228.0000000000
3009 -1227.0000000000
3011 -1226.0000000000
3012 -1224.0000000000
3018 -1223.0000000000
3025 -1222.0000000000
3027 -1221.0000000000
3029 -1220.0000000000
3038 -1218.0000000000
3045 -1217.0000000000
3048 -1216.0000000000
3056 -1215.0000000000
3057 -1214.0000000000
3060 -1213.0000000000
3061 -1212.0000000000
3066 -1211.0000000000
3069 -1210.0000000000
3074 -1209.0000000000
3077 -1208.0000000000
3078 -1207.0000000000
3107 -1206.0000000000
3108 -1205.0000000000
3117 -1204.0000000000
3131 -1203.0000000000
3141 -1202.0000000000
3145 -1201.0000000000
3151 -1199.0000000000
3154 -1198.0000000000
3156 -1197.0000000000
3177 -1196.0000000000
3184 -1195.0000000000
3188 -1194.0000000000
3191 -1193.0000000000
3206 -1192.0000000000
3210 -1191.0000000000
3214 -1190.0000000000
3218 -1189.0000000000
3220 -1188.0000000000
3225 -1187.0000000000
3226 -1186.0000000000
3243 -1185.0000000000
3252 -1183.0000000000
3269 -1182.0000000000
3282 -1181.0000000000
3288 -1180.0000000000
3292 -1179.0000000000
3298 -1178.0000000000
3301 -1177.0000000000
3306 -1176.0000000000
3308 -1175.0000000000
3309 -1174.0000000000
3316 -1173.0000000000
3320 -1172.0000000000
3325 -1171.0000000000
3327 -1170.0000000000
3328 -1168.0000000000
3329 -1167.0000000000
3334 -1166.0000000000
3342 -1165.0000000000
3353 -1164.0000000000
3366 -1162.0000000000
3368 -1160.0000000000
3376 -1158.0000000000
3386 -1157.0000000000
3390 -1156.0000000000
3395 -1155.0000000000
3398 -1154.0000000000
3404 -1152.0000000000
3414 -1151.0000000000
3422 -1150.0000000000
3446 -1148.0000000000
3468 -1147.0000000000
3472 -1145.0000000000
3476 -1144.0000000000
3478 -1143.0000000000
3486 -1142.0000000000
3509 -1141.0000000000
3513 -1140.0000000000
3525 -1139.0000000000
3528 -1138.0000000000
3535 -1137.0000000000
3545 -1135.0000000000
3555 -1134.0000000000
3556 -1133.0000000000
3560 -1132.0000000000
3562 -1131.0000000000
3569 -1129.0000000000
3573 -1128.0000000000
3574 -1127.0000000000
3590 -1126.0000000000
3594 -1125.0000000000
3600 -1123.0000000000
3613 -1122.0000000000
3617 -1121.0000000000
3636 -1119.0000000000
3653 -1118.0000000000
3658 -1117.0000000000
3667 -1116.0000000000
3668 -1115.0000000000
3670 -1114.0000000000
3675 -1113.0000000000
3682 -1111.0000000000
3684 -1110.0000000000
3691 -1109.0000000000
3700 -1108.0000000000
3707 -1107.0000000000
3717 -1106.0000000000
3718 -1105.0000000000
3721 -1104.0000000000
3722 -1103.0000000000
3726 -1102.0000000000
3734 -1101.0000000000
3748 -1100.0000000000
3764 -1099.0000000000
3765 -1097.0000000000
3768 -1096.0000000000
3791 -1095.0000000000
3792 -1094.0000000000
3798 -1093.0000000000
3808 -1091.0000000000
3811 -1090.0000000000
3817 -1089.0000000000
3829 -1088.0000000000
3839 -1087.0000000000
3841 -1086.0000000000
3852 -1085.0000000000
3893 -1084.0000000000
3895 -1083.0000000000
3896 -1082.0000000000
3899 -1081.0000000000
3900 -1080.0000000000
3911 -1079.0000000000
3916 -1078.0000000000
3918 -1077.0000000000
3924 -1076.0000000000
3932 -1074.0000000000
3941 -1073.0000000000
3957 -1072.0000000000
3960 -1071.0000000000
3968 -1070.0000000000
3970 -1069.0000000000
3979 -1068.0000000000
3981 -1067.0000000000
3982 -1066.0000000000
3987 -1064.0000000000
4000 -1063.0000000000
4017 -1062.0000000000
4024 -1061.0000000000
4030 -1059.0000000000
4035 -1058.0000000000
4037 -1057.0000000000
4038 -1056.0000000000
4039 -1055.0000000000
4055 -1054.0000000000
4059 -1053.0000000000
4060 -1052.0000000000
4065 -1051.0000000000
4067 -1050.0000000000
4069 -1049.0000000000
4078 -1047.0000000000
4079 -1046.0000000000
4081 -1044.0000000000
4086 -1043.0000000000
4090 -1042.0000000000
4110 -1041.0000000000
4113 -1040.0000000000
4122 -1039.0000000000
4131 -1038.0000000000
4132 -1037.0000000000
4143 -1036.0000000000
4148 -1035.0000000000
4151 -1034.0000000000
4152 -1032.0000000000
4158 -1031.0000000000
4174 -1030.0000000000
4188 -1029.0000000000
4189 -1028.0000000000
4199 -1027.0000000000
4204 -1026.0000000000
4221 -1025.0000000000
4234 -1023.0000000000
4250 -1022.0000000000
4251 -1021.0000000000
4261 -1020.0000000000
4263 -1019.0000000000
4271 -1018.0000000000
4273 -1017.0000000000
4288 -1016.0000000000
4300 -1015.0000000000
4314 -1014.0000000000
4332 -1013.0000000000
4353 -1012.0000000000
4354 -1011.0000000000
4359 -1010.0000000000
4361 -1009.0000000000
4362 -1008.0000000000
4367 -1007.0000000000
4371 -1006.0000000000
4381 -1005.0000000000
4386 -1004.0000000000
4390 -1003.0000000000
4396 -1002.0000000000
4398 -1001.0000000000
4415 -1000.0000000000
4421 -999.0000000000
4424 -998.0000000000
4432 -997.0000000000
4446 -996.0000000000
4453 -995.0000000000
4454 -994.0000000000
4462 -993.0000000000
4493 -992.0000000000
4518 -990.0000000000
4529 -989.0000000000
4558 -987.0000000000
4575 -986.0000000000
4576 -985.0000000000
4579 -984.0000000000
4589 -982.0000000000
4590 -980.0000000000
4592 -979.0000000000
4594 -978.0000000000
4638 -977.0000000000
4642 -976.0000000000
4664 -975.0000000000
4687 -974.0000000000
4688 -973.0000000000
4690 -972.0000000000
4692 -971.0000000000
4696 -970.0000000000
4701 -969.0000000000
4703 -968.0000000000
4723 -967.0000000000
4732 -966.0000000000
4740 -964.0000000000
4758 -962.0000000000
4769 -961.0000000000
4781 -960.0000000000
4785 -959.0000000000
4790 -958.0000000000
4820 -957.0000000000
4839 -956.0000000000
4862 -955.0000000000
4865 -954.0000000000
4892 -953.0000000000
4904 -951.0000000000
4913 -950.0000000000
4919 -949.0000000000
4933 -948.0000000000
4939 -947.0000000000
4940 -946.0000000000
4954 -945.0000000000
4973 -943.0000000000
4979 -942.0000000000
4987 -940.0000000000
4988 -939.0000000000
4996 -938.0000000000
5012 -936.0000000000
5016 -935.0000000000
5020 -934.0000000000
5025 -933.0000000000
5027 -932.0000000000
5035 -931.0000000000
5041 -930.0000000000
5056 -928.0000000000
5075 -927.0000000000
5077 -926.0000000000
5085 -925.0000000000
5100 -923.0000000000
5108 -922.0000000000
5113 -921.0000000000
5131 -920.0000000000
5140 -919.0000000000
5148 -918.0000000000
5169 -916.0000000000
5182 -915.0000000000
5184 -914.0000000000
5194 -913.0000000000
5201 -912.0000000000
5209 -910.0000000000
5211 -909.0000000000
5222 -907.0000000000
5224 -906.0000000000
5259 -904.0000000000
5270 -903.0000000000
5285 -902.0000000000
5300 -901.0000000000
5301 -900.0000000000
5302 -899.0000000000
5313 -898.0000000000
5317 -897.0000000000
5319 -895.0000000000
5329 -894.0000000000
5338 -893.0000000000
5341 -892.0000000000
5363 -891.0000000000
5367 -890.0000000000
5383 -889.0000000000
5394 -888.0000000000
5397 -887.0000000000
5401 -886.0000000000
5410 -885.0000000000
5417 -884.0000000000
5422 -883.0000000000
5435 -882.0000000000
5480 -881.0000000000
5498 -880.0000000000
5514 -879.0000000000
5521 -878.0000000000
5541 -877.0000000000
5551 -876.0000000000
5558 -875.0000000000
5561 -874.0000000000
5562 -873.0000000000
5567 -872.0000000000
5578 -871.0000000000
5581 -868.0000000000
5601 -867.0000000000
5610 -866.0000000000
5648 -865.0000000000
5670 -864.0000000000
5674 -863.0000000000
5677 -862.0000000000
5679 -861.0000000000
5681 -860.0000000000
5700 -859.0000000000
5704 -858.0000000000
5712 -857.0000000000
5717 -856.0000000000
5728 -855.0000000000
5738 -854.0000000000
5744 -853.0000000000
5749 -852.0000000000
5751 -850.0000000000
5762 -847.0000000000
5765 -846.0000000000
5770 -845.0000000000
5774 -844.0000000000
5775 -843.0000000000
5786 -842.0000000000
5796 -841.0000000000
5800 -840.0000000000
5803 -839.0000000000
5804 -837.0000000000
5809 -836.0000000000
5820 -835.0000000000
5834 -833.0000000000
5839 -832.0000000000
5847 -831.0000000000
5849 -830.0000000000
5858 -829.0000000000
5864 -828.0000000000
5875 -827.0000000000
5882 -826.0000000000
5887 -825.0000000000
5888 -824.0000000000
5893 -823.0000000000
5910 -822.0000000000
5935 -821.0000000000
5937 -820.0000000000
5940 -819.0000000000
5942 -818.0000000000
5949 -817.0000000000
5952 -816.0000000000
5964 -815.0000000000
5966 -814.0000000000
5972 -813.0000000000
5974 -812.0000000000
5982 -811.0000000000
6012 -810.0000000000
6023 -809.0000000000
6025 -808.0000000000
6033 -807.0000000000
6034 -806.0000000000
6035 -805.0000000000
6048 -804.0000000000
6053 -803.0000000000
6055 -801.0000000000
6059 -800.0000000000
6060 -799.0000000000
6065 -797.0000000000
6071 -796.0000000000
6072 -794.0000000000
6076 -793.0000000000
6082 -792.0000000000
6084 -791.0000000000
6099 -790.0000000000
6100 -789.0000000000
6102 -788.0000000000
6106 -787.0000000000
6109 -786.0000000000
6110 -785.0000000000
6114 -783.0000000000
6131 -782.0000000000
6139 -781.0000000000
6140 -780.0000000000
6156 -779.0000000000
6159 -778.0000000000
6169 -777.0000000000
6172 -776.0000000000
6174 -775.0000000000
6176 -774.0000000000
6211 -771.0000000000
6213 -770.0000000000
6215 -769.0000000000
6232 -768.0000000000
6250 -767.0000000000
6254 -766.0000000000
6262 -765.0000000000
6264 -764.0000000000
6274 -763.0000000000
6302 -762.0000000000
6307 -761.0000000000
6312 -760.0000000000
6314 -759.0000000000
6322 -756.0000000000
6327 -755.0000000000
6338 -754.0000000000
6354 -753.0000000000
6364 -752.0000000000
6382 -750.0000000000
6387 -748.0000000000
6392 -746.0000000000
6405 -745.0000000000
6414 -744.0000000000
6417 -743.0000000000
6421 -741.0000000000
6427 -740.0000000000
6430 -739.0000000000
6442 -738.0000000000
6470 -737.0000000000
6473 -736.0000000000
6491 -733.0000000000
6493 -732.0000000000
6511 -731.0000000000
6514 -730.0000000000
6523 -729.0000000000
6539 -728.0000000000
6546 -727.0000000000
6551 -726.0000000000
6569 -724.0000000000
6595 -722.0000000000
6611 -721.0000000000
6613 -720.0000000000
6649 -719.0000000000
6651 -717.0000000000
6654 -716.0000000000
6664 -715.0000000000
6666 -714.0000000000
6687 -713.0000000000
6718 -712.0000000000
6723 -711.0000000000
6725 -710.0000000000
6748 -709.0000000000
6752 -708.0000000000
6756 -707.0000000000
6763 -704.0000000000
6767 -703.0000000000
6769 -702.0000000000
6802 -701.0000000000
6803 -700.0000000000
6817 -699.0000000000
6822 -698.0000000000
6834 -697.0000000000
6835 -696.0000000000
6844 -695.0000000000
6852 -694.0000000000
6858 -693.0000000000
6871 -692.0000000000
6889 -691.0000000000
6892 -690.0000000000
6895 -689.0000000000
6957 -688.0000000000
6971 -687.0000000000
6975 -686.0000000000
6983 -685.0000000000
6995 -684.0000000000
7027 -683.0000000000
7043 -682.0000000000
7044 -681.0000000000
7047 -680.0000000000
7056 -679.0000000000
7064 -678.0000000000
7070 -677.0000000000
7107 -676.0000000000
7141 -675.0000000000
7142 -674.0000000000
7154 -673.0000000000
7156 -672.0000000000
7172 -671.0000000000
7176 -670.0000000000
7193 -669.0000000000
7200 -668.0000000000
7216 -667.0000000000
7248 -666.0000000000
7268 -665.0000000000
7302 -663.0000000000
7318 -662.0000000000
7332 -661.0000000000
7340 -660.0000000000
7347 -659.0000000000
7384 -658.0000000000
7393 -657.0000000000
7406 -656.0000000000
7419 -655.0000000000
7424 -654.0000000000
7440 -652.0000000000
7460 -651.0000000000
7499 -650.0000000000
7501 -649.0000000000
7504 -648.0000000000
7527 -647.0000000000
7533 -646.0000000000
7549 -645.0000000000
7554 -644.0000000000
7587 -643.0000000000
7620 -642.0000000000
7629 -640.0000000000
7639 -639.0000000000
7657 -638.0000000000
7680 -637.0000000000
7691 -636.0000000000
7695 -635.0000000000
7704 -633.0000000000
7711 -632.0000000000
7724 -631.0000000000
7748 -630.0000000000
7761 -629.0000000000
7771 -628.0000000000
7792 -627.0000000000
7814 -626.0000000000
7821 -625.0000000000
7823 -624.0000000000
7862 -623.0000000000
7880 -622.0000000000
7883 -620.0000000000
7888 -617.0000000000
7920 -616.0000000000
7933 -615.0000000000
7986 -614.0000000000
7989 -613.0000000000
8042 -612.0000000000
8048 -611.0000000000
8049 -609.0000000000
8081 -608.0000000000
8082 -607.0000000000
8090 -606.0000000000
8101 -605.0000000000
8114 -604.0000000000
8138 -603.0000000000
8202 -602.0000000000
8242 -601.0000000000
8249 -600.0000000000
8287 -599.0000000000
8310 -598.0000000000
8330 -597.0000000000
8347 -596.0000000000
8360 -595.0000000000
8363 -594.0000000000
8370 -593.0000000000
8372 -592.0000000000
8389 -591.0000000000
8391 -590.0000000000
8393 -589.0000000000
8395 -588.0000000000
8405 -587.0000000000
8406 -586.0000000000
8411 -585.0000000000
8429 -584.0000000000
8436 -583.0000000000
8443 -582.0000000000
8445 -581.0000000000
8451 -580.0000000000
8452 -579.0000000000
8463 -578.0000000000
8465 -577.0000000000
8481 -576.0000000000
8513 -575.0000000000
8522 -574.0000000000
8535 -573.0000000000
8588 -572.0000000000
8616 -571.0000000000
8623 -570.0000000000
8642 -569.0000000000
8669 -567.0000000000
8697 -566.0000000000
8720 -565.0000000000
8739 -564.0000000000
8743 -563.0000000000
8744 -562.0000000000
8745 -561.0000000000
8773 -560.0000000000
8774 -559.0000000000
8808 -558.0000000000
8809 -557.0000000000
8828 -556.0000000000
8831 -555.0000000000
8860 -553.0000000000
8902 -552.0000000000
8916 -551.0000000000
8934 -549.0000000000
8952 -548.0000000000
8954 -546.0000000000
8960 -545.0000000000
8968 -544.0000000000
8970 -543.0000000000
8979 -542.0000000000
9030 -541.0000000000
9031 -540.0000000000
9080 -539.0000000000
9086 -537.0000000000
9087 -536.0000000000
9095 -535.0000000000
9103 -534.0000000000
9114 -533.0000000000
9121 -532.0000000000
9124 -531.0000000000
9132 -530.0000000000
9183 -529.0000000000
9199 -528.0000000000
9226 -527.0000000000
9236 -525.0000000000
9237 -524.0000000000
9248 -523.0000000000
9285 -522.0000000000
9304 -521.0000000000
9323 -520.0000000000
9326 -519.0000000000
9335 -518.0000000000
9389 -517.0000000000
9394 -516.0000000000
9396 -515.0000000000
9402 -514.0000000000
9407 -513.0000000000
9408 -512.0000000000
9437 -511.0000000000
9479 -510.0000000000
9480 -509.0000000000
9522 -508.0000000000
9597 -507.0000000000
9629 -506.0000000000
9646 -505.0000000000
9664 -504.0000000000
9693 -503.0000000000
9706 -502.0000000000
9737 -501.0000000000
9743 -500.0000000000
9754 -499.0000000000
9762 -498.0000000000
9766 -497.0000000000
9786 -496.0000000000
9792 -494.0000000000
9818 -492.0000000000
9833 -491.0000000000
9840 -490.0000000000
9843 -489.0000000000
9851 -488.0000000000
9855 -487.0000000000
9901 -486.0000000000
9960 -485.0000000000
9986 -484.0000000000
9994 -483.0000000000
10000 -485.0000000000
evaluations raw_y
1 -1850.0000000000
5 -1849.0000000000
7 -1848.0000000000
12 -1845.0000000000
20 -1844.0000000000
22 -1842.0000000000
25 -1841.0000000000
27 -1839.0000000000
30 -1838.0000000000
40 -1837.0000000000
44 -1836.0000000000
47 -1835.0000000000
50 -1834.0000000000
52 -1832.0000000000
67 -1831.0000000000
72 -1830.0000000000
73 -1829.0000000000
75 -1828.0000000000
78 -1827.0000000000
84 -1826.0000000000
86 -1824.0000000000
87 -1823.0000000000
88 -1822.0000000000
89 -1821.0000000000
91 -1820.0000000000
104 -1818.0000000000
105 -1817.0000000000
115 -1816.0000000000
124 -1815.0000000000
127 -1813.0000000000
129 -1812.0000000000
135 -1811.0000000000
138 -1810.0000000000
142 -1809.0000000000
146 -1808.0000000000
148 -1807.0000000000
151 -1806.0000000000
152 -1804.0000000000
159 -1803.0000000000
164 -1802.0000000000
167 -1801.0000000000
171 -1800.0000000000
173 -1797.0000000000
174 -1796.0000000000
175 -1795.0000000000
178 -1794.0000000000
179 -1793.0000000000
184 -1790.0000000000
185 -1787.0000000000
187 -1786.0000000000
194 -1785.0000000000
196 -1784.0000000000
199 -1783.0000000000
202 -1782.0000000000
204 -1781.0000000000
205 -1780.0000000000
210 -1779.0000000000
211 -1778.0000000000
213 -1777.0000000000
214 -1776.0000000000
229 -1774.0000000000
234 -1772.0000000000
235 -1770.0000000000
239 -1769.0000000000
240 -1768.0000000000
247 -1767.0000000000
250 -1766.0000000000
256 -1765.0000000000
260 -1764.0000000000
263 -1763.0000000000
275 -1762.0000000000
276 -1760.0000000000
277 -1759.0000000000
281 -1758.0000000000
282 -1757.0000000000
286 -1756.0000000000
293 -1755.0000000000
300 -1754.0000000000
304 -1753.0000000000
305 -1751.0000000000
310 -1750.0000000000
312 -1748.0000000000
313 -1747.0000000000
315 -1746.0000000000
317 -1744.0000000000
318 -1743.0000000000
334 -1742.0000000000
336 -1741.0000000000
337 -1740.0000000000
341 -1739.0000000000
344 -1738.0000000000
348 -1737.0000000000
351 -1736.0000000000
353 -1735.0000000000
355 -1734.0000000000
356 -1732.0000000000
360 -1730.0000000000
363 -1729.0000000000
367 -1728.0000000000
372 -1727.0000000000
374 -1726.0000000000
379 -1725.0000000000
381 -1724.0000000000
398 -1723.0000000000
401 -1722.0000000000
413 -1721.0000000000
422 -1719.0000000000
438 -1717.0000000000
452 -1716.0000000000
458 -1715.0000000000
459 -1713.0000000000
460 -1712.0000000000
462 -1711.0000000000
463 -1710.0000000000
469 -1708.0000000000
473 -1707.0000000000
482 -1706.0000000000
492 -1705.0000000000
493 -1704.0000000000
494 -1703.0000000000
501 -1702.0000000000
503 -1700.0000000000
513 -1699.0000000000
518 -1698.0000000000
533 -1697.0000000000
538 -1696.0000000000
543 -1695.0000000000
551 -1694.0000000000
555 -1693.0000000000
556 -1692.0000000000
558 -1691.0000000000
561 -1690.0000000000
568 -1688.0000000000
573 -1687.0000000000
575 -1685.0000000000
577 -1684.0000000000
580 -1683.0000000000
583 -1682.0000000000
593 -1680.0000000000
602 -1679.0000000000
606 -1678.0000000000
607 -1675.0000000000
608 -1674.0000000000
609 -1673.0000000000
611 -1671.0000000000
613 -1670.0000000000
616 -1669.0000000000
624 -1668.0000000000
627 -1666.0000000000
633 -1665.0000000000
635 -1664.0000000000
645 -1663.0000000000
649 -1662.0000000000
652 -1661.0000000000
655 -1659.0000000000
656 -1658.0000000000
658 -1657.0000000000
659 -1654.0000000000
663 -1653.0000000000
665 -1652.0000000000
666 -1651.0000000000
669 -1650.0000000000
671 -1649.0000000000
680 -1648.0000000000
686 -1647.0000000000
691 -1646.0000000000
702 -1645.0000000000
706 -1644.0000000000
709 -1643.0000000000
710 -1642.0000000000
713 -1641.0000000000
715 -1640.0000000000
720 -1639.0000000000
724 -1638.0000000000
747 -1636.0000000000
749 -1635.0000000000
750 -1634.0000000000
761 -1633.0000000000
772 -1632.0000000000
773 -1631.0000000000
783 -1630.0000000000
790 -1628.0000000000
792 -1627.0000000000
805 -1626.0000000000
806 -1624.0000000000
809 -1623.0000000000
810 -1622.0000000000
815 -1621.0000000000
817 -1619.0000000000
822 -1618.0000000000
829 -1615.0000000000
830 -1613.0000000000
833 -1612.0000000000
834 -1611.0000000000
846 -1610.0000000000
849 -1608.0000000000
851 -1607.0000000000
860 -1606.0000000000
861 -1604.0000000000
863 -1603.0000000000
864 -1602.0000000000
877 -1601.0000000000
891 -1599.0000000000
894 -1597.0000000000
900 -1596.0000000000
902 -1595.0000000000
905 -1594.0000000000
919 -1591.0000000000
921 -1589.0000000000
923 -1587.0000000000
924 -1586.0000000000
929 -1585.0000000000
930 -1583.0000000000
935 -1582.0000000000
946 -1581.0000000000
948 -1580.0000000000
955 -1579.0000000000
958 -1578.0000000000
966 -1577.0000000000
990 -1576.0000000000
993 -1575.0000000000
994 -1574.0000000000
998 -1573.0000000000
1003 -1572.0000000000
1006 -1571.0000000000
1010 -1570.0000000000
1011 -1568.0000000000
1016 -1567.0000000000
1026 -1566.0000000000
1039 -1565.0000000000
1052 -1564.0000000000
1054 -1563.0000000000
1060 -1562.0000000000
1068 -1561.0000000000
1069 -1560.0000000000
1075 -1559.0000000000
1076 -1558.0000000000
1079 -1557.0000000000
1083 -1554.0000000000
1085 -1553.0000000000
1088 -1552.0000000000
1090 -1551.0000000000
1092 -1550.0000000000
1093 -1549.0000000000
1096 -1548.0000000000
1099 -1545.0000000000
1103 -1544.0000000000
1115 -1543.0000000000
1117 -1542.0000000000
1124 -1541.0000000000
1131 -1540.0000000000
1132 -1539.0000000000
1137 -1538.0000000000
1159 -1537.0000000000
1167 -1536.0000000000
1169 -1535.0000000000
1177 -1534.0000000000
1183 -1533.0000000000
1186 -1532.0000000000
1187 -1531.0000000000
1189 -1530.0000000000
1191 -1529.0000000000
1196 -1528.0000000000
1208 -1527.0000000000
1211 -1526.0000000000
1216 -1525.0000000000
1217 -1524.0000000000
1221 -1521.0000000000
1222 -1519.0000000000
1223 -1517.0000000000
1235 -1516.0000000000
1241 -1515.0000000000
1246 -1514.0000000000
1259 -1513.0000000000
1260 -1512.0000000000
1262 -1511.0000000000
1266 -1510.0000000000
1270 -1508.0000000000
1273 -1507.0000000000
1282 -1506.0000000000
1283 -1504.0000000000
1287 -1503.0000000000
1289 -1502.0000000000
1291 -1501.0000000000
1293 -1499.0000000000
1297 -1497.0000000000
1298 -1496.0000000000
1299 -1495.0000000000
1307 -1494.0000000000
1311 -1493.0000000000
1312 -1492.0000000000
1314 -1491.0000000000
1316 -1490.0000000000
1317 -1489.0000000000
1319 -1488.0000000000
1330 -1487.0000000000
1331 -1486.0000000000
1339 -1485.0000000000
1340 -1484.0000000000
1343 -1483.0000000000
1345 -1482.0000000000
1348 -1481.0000000000
1349 -1479.0000000000
1354 -1477.0000000000
1360 -1475.0000000000
1361 -1474.0000000000
1371 -1473.0000000000
1375 -1472.0000000000
1376 -1469.0000000000
1378 -1468.0000000000
1385 -1466.0000000000
1386 -1465.0000000000
1396 -1463.0000000000
1399 -1462.0000000000
1400 -1461.0000000000
1404 -1459.0000000000
1410 -1458.0000000000
1417 -1457.0000000000
1426 -1456.0000000000
1435 -1455.0000000000
1438 -1454.0000000000
1450 -1452.0000000000
1452 -1451.0000000000
1456 -1449.0000000000
1460 -1448.0000000000
1470 -1447.0000000000
1490 -1446.0000000000
1495 -1445.0000000000
1503 -1444.0000000000
1510 -1443.0000000000
1511 -1442.0000000000
1528 -1441.0000000000
1529 -1440.0000000000
1543 -1439.0000000000
1552 -1438.0000000000
1556 -1437.0000000000
1558 -1436.0000000000
1559 -1434.0000000000
1560 -1433.0000000000
1562 -1432.0000000000
1567 -1431.0000000000
1577 -1430.0000000000
1588 -1429.0000000000
1590 -1428.0000000000
1595 -1427.0000000000
1597 -1426.0000000000
1603 -1425.0000000000
1609 -1424.0000000000
1613 -1423.0000000000
1626 -1422.0000000000
1627 -1421.0000000000
1629 -1420.0000000000
1630 -1419.0000000000
1635 -1418.0000000000
1636 -1417.0000000000
1637 -1416.0000000000
1638 -1415.0000000000
1640 -1414.0000000000
1646 -1413.0000000000
1647 -1412.0000000000
1651 -1411.0000000000
1658 -1409.0000000000
1659 -1407.0000000000
1664 -1406.0000000000
1665 -1405.0000000000
1680 -1404.0000000000
1681 -1402.0000000000
1682 -1401.0000000000
1683 -1400.0000000000
1696 -1397.0000000000
1698 -1395.0000000000
1700 -1394.0000000000
1701 -1393.0000000000
1703 -1392.0000000000
1709 -1391.0000000000
1716 -1390.0000000000
1725 -1389.0000000000
1726 -1388.0000000000
1728 -1387.0000000000
1734 -1386.0000000000
1741 -1385.0000000000
1744 -1384.0000000000
1759 -1383.0000000000
1774 -1382.0000000000
1809 -1381.0000000000
1813 -1379.0000000000
1824 -1378.0000000000
1826 -1377.0000000000
1829 -1376.0000000000
1832 -1374.0000000000
1840 -1373.0000000000
1844 -1372.0000000000
1852 -1371.0000000000
1859 -1370.0000000000
1862 -1369.0000000000
1868 -1368.0000000000
1874 -1367.0000000000
1889 -1366.0000000000
1890 -1364.0000000000
1895 -1363.0000000000
1901 -1361.0000000000
1902 -1360.0000000000
1910 -1358.0000000000
1912 -1357.0000000000
1918 -1356.0000000000
1922 -1355.0000000000
1926 -1354.0000000000
1928 -1353.0000000000
1936 -1352.0000000000
1938 -1351.0000000000
1939 -1350.0000000000
1946 -1349.0000000000
1947 -1348.0000000000
1967 -1347.0000000000
1970 -1346.0000000000
1976 -1345.0000000000
1983 -1344.0000000000
1996 -1342.0000000000
1999 -1341.0000000000
2001 -1340.0000000000
2004 -1339.0000000000
2005 -1337.0000000000
2014 -1336.0000000000
2016 -1335.0000000000
2027 -1334.0000000000
2033 -1333.0000000000
2039 -1332.0000000000
2041 -1331.0000000000
2042 -1330.0000000000
2043 -1329.0000000000
2048 -1328.0000000000
2049 -1326.0000000000
2058 -1325.0000000000
2073 -1324.0000000000
2087 -1323.0000000000
2106 -1322.0000000000
2115 -1320.0000000000
2118 -1319.0000000000
2119 -1318.0000000000
2126 -1317.0000000000
2146 -1316.0000000000
2147 -1315.0000000000
2153 -1312.0000000000
2164 -1311.0000000000
2172 -1310.0000000000
2175 -1309.0000000000
2177 -1308.0000000000
2215 -1307.0000000000
2222 -1306.0000000000
2224 -1305.0000000000
2226 -1304.0000000000
2230 -1303.0000000000
2250 -1302.0000000000
2251 -1300.0000000000
2260 -1299.0000000000
2262 -1298.0000000000
2265 -1297.0000000000
2275 -1296.0000000000
2278 -1294.0000000000
2279 -1292.0000000000
2281 -1291.0000000000
2285 -1290.0000000000
2287 -1289.0000000000
2301 -1288.0000000000
2308 -1287.0000000000
2309 -1286.0000000000
2311 -1285.0000000000
2316 -1284.0000000000
2317 -1283.0000000000
2323 -1282.0000000000
2328 -1281.0000000000
2340 -1279.0000000000
2341 -1278.0000000000
2343 -1277.0000000000
2347 -1275.0000000000
2361 -1274.0000000000
2365 -1273.0000000000
2371 -1271.0000000000
2375 -1270.0000000000
2392 -1269.0000000000
2398 -1268.0000000000
2402 -1267.0000000000
2408 -1266.0000000000
2409 -1265.0000000000
2420 -1264.0000000000
2445 -1263.0000000000
2453 -1261.0000000000
2474 -1260.0000000000
2476 -1259.0000000000
2491 -1258.0000000000
2493 -1257.0000000000
2499 -1256.0000000000
2513 -1255.0000000000
2518 -1254.0000000000
2522 -1253.0000000000
2528 -1252.0000000000
2536 -1251.0000000000
2542 -1249.0000000000
2568 -1248.0000000000
2572 -1247.0000000000
2584 -1245.0000000000
2591 -1244.0000000000
2606 -1243.0000000000
2608 -1242.0000000000
2632 -1240.0000000000
2637 -1239.0000000000
2649 -1237.0000000000
2652 -1236.0000000000
2660 -1234.0000000000
2666 -1233.0000000000
2673 -1232.0000000000
2674 -1231.0000000000
2680 -1229.0000000000
2690 -1228.0000000000
2694 -1226.0000000000
2697 -1225.0000000000
2698 -1224.0000000000
2719 -1223.0000000000
2725 -1222.0000000000
2726 -1221.0000000000
2742 -1220.0000000000
2747 -1219.0000000000
2756 -1217.0000000000
2757 -1216.0000000000
2760 -1215.0000000000
2764 -1214.0000000000
2766 -1213.0000000000
2768 -1212.0000000000
2770 -1211.0000000000
2771 -1210.0000000000
2773 -1209.0000000000
2774 -1208.0000000000
2776 -1207.0000000000
2779 -1206.0000000000
2781 -1203.0000000000
2786 -1202.0000000000
2787 -1201.0000000000
2795 -1200.0000000000
2799 -1199.0000000000
2801 -1197.0000000000
2805 -1196.0000000000
2807 -1195.0000000000
2811 -1194.0000000000
2819 -1192.0000000000
2844 -1190.0000000000
2845 -1189.0000000000
2848 -1188.0000000000
2860 -1187.0000000000
2863 -1186.0000000000
2877 -1185.0000000000
2886 -1184.0000000000
2889 -1182.0000000000
2891 -1181.0000000000
2897 -1180.0000000000
2907 -1179.0000000000
2910 -1178.0000000000
2914 -1177.0000000000
2925 -1175.0000000000
2948 -1174.0000000000
2951 -1173.0000000000
2962 -1172.0000000000
2965 -1170.0000000000
2966 -1169.0000000000
2969 -1168.0000000000
2973 -1166.0000000000
2981 -1165.0000000000
3022 -1163.0000000000
3026 -1161.0000000000
3027 -1159.0000000000
3029 -1158.0000000000
3036 -1157.0000000000
3038 -1156.0000000000
3040 -1154.0000000000
3049 -1153.0000000000
3052 -1152.0000000000
3056 -1151.0000000000
3063 -1150.0000000000
3064 -1149.0000000000
3069 -1148.0000000000
3081 -1147.0000000000
3087 -1146.0000000000
3108 -1145.0000000000
3110 -1144.0000000000
3123 -1143.0000000000
3126 -1142.0000000000
3133 -1141.0000000000
3139 -1140.0000000000
3148 -1139.0000000000
3155 -1136.0000000000
3173 -1135.0000000000
3182 -1134.0000000000
3190 -1133.0000000000
3194 -1132.0000000000
3206 -1131.0000000000
3225 -1130.0000000000
3228 -1129.0000000000
3230 -1128.0000000000
3234 -1127.0000000000
3240 -1126.0000000000
3244 -1125.0000000000
3245 -1124.0000000000
3252 -1123.0000000000
3260 -1122.0000000000
3261 -1121.0000000000
3263 -1120.0000000000
3279 -1119.0000000000
3285 -1118.0000000000
3288 -1117.0000000000
3294 -1116.0000000000
3296 -1115.0000000000
3301 -1114.0000000000
3313 -1113.0000000000
3315 -1112.0000000000
3317 -1110.0000000000
3326 -1109.0000000000
3339 -1108.0000000000
3342 -1107.0000000000
3389 -1105.0000000000
3390 -1103.0000000000
3391 -1102.0000000000
3395 -1101.0000000000
3422 -1100.0000000000
3424 -1099.0000000000
3435 -1098.0000000000
3447 -1097.0000000000
3451 -1096.0000000000
3460 -1094.0000000000
3461 -1093.0000000000
3470 -1092.0000000000
3473 -1090.0000000000
3475 -1089.0000000000
3477 -1088.0000000000
3485 -1087.0000000000
3489 -1086.0000000000
3504 -1085.0000000000
3514 -1084.0000000000
3523 -1081.0000000000
3528 -1080.0000000000
3536 -1079.0000000000
3541 -1078.0000000000
3549 -1077.0000000000
3552 -1076.0000000000
3555 -1075.0000000000
3556 -1073.0000000000
3564 -1072.0000000000
3569 -1071.0000000000
3575 -1070.0000000000
3588 -1069.0000000000
3590 -1068.0000000000
3604 -1067.0000000000
3620 -1065.0000000000
3621 -1064.0000000000
3625 -1063.0000000000
3630 -1062.0000000000
3644 -1061.0000000000
3645 -1060.0000000000
3648 -1059.0000000000
3654 -1058.0000000000
3662 -1057.0000000000
3666 -1056.0000000000
3669 -1054.0000000000
3693 -1053.0000000000
3696 -1052.0000000000
3697 -1051.0000000000
3699 -1050.0000000000
3742 -1049.0000000000
3765 -1048.0000000000
3770 -1047.0000000000
3774 -1046.0000000000
3780 -1045.0000000000
3790 -1044.0000000000
3796 -1043.0000000000
3798 -1041.0000000000
3804 -1040.0000000000
3812 -1039.0000000000
3835 -1038.0000000000
3843 -1037.0000000000
3854 -1036.0000000000
3861 -1035.0000000000
3863 -1034.0000000000
3893 -1033.0000000000
3903 -1032.0000000000
3907 -1031.0000000000
3908 -1029.0000000000
3909 -1028.0000000000
3910 -1027.0000000000
3920 -1026.0000000000
3938 -1025.0000000000
3947 -1024.0000000000
3959 -1022.0000000000
3960 -1021.0000000000
3977 -1018.0000000000
3989 -1016.0000000000
3990 -1015.0000000000
4004 -1014.0000000000
4013 -1013.0000000000
4019 -1012.0000000000
4023 -1011.0000000000
4031 -1010.0000000000
4035 -1009.0000000000
4038 -1008.0000000000
4042 -1006.0000000000
4045 -1005.0000000000
4077 -1004.0000000000
4090 -1003.0000000000
4104 -1002.0000000000
4108 -1001.0000000000
4129 -1000.0000000000
4131 -999.0000000000
4141 -998.0000000000
4152 -997.0000000000
4156 -996.0000000000
4183 -995.0000000000
4186 -994.0000000000
4193 -993.0000000000
4198 -992.0000000000
4203 -991.0000000000
4206 -990.0000000000
4219 -989.0000000000
4239 -988.0000000000
4250 -987.0000000000
4262 -986.0000000000
4270 -985.0000000000
4295 -984.0000000000
4300 -983.0000000000
4306 -982.0000000000
4307 -981.0000000000
4321 -980.0000000000
4369 -979.0000000000
4388 -978.0000000000
4406 -977.0000000000
4408 -976.0000000000
4415 -975.0000000000
4417 -974.0000000000
4452 -973.0000000000
4456 -972.0000000000
4459 -970.0000000000
4463 -969.0000000000
4467 -968.0000000000
4470 -967.0000000000
4475 -966.0000000000
4480 -965.0000000000
4489 -964.0000000000
4501 -963.0000000000
4502 -962.0000000000
4505 -961.0000000000
4508 -960.0000000000
4510 -959.0000000000
4514 -957.0000000000
4520 -956.0000000000
4525 -955.0000000000
4532 -954.0000000000
4561 -953.0000000000
4573 -952.0000000000
4590 -951.0000000000
4594 -950.0000000000
4595 -949.0000000000
4597 -948.0000000000
4609 -947.0000000000
4610 -946.0000000000
4639 -945.0000000000
4640 -944.0000000000
4651 -943.0000000000
4657 -942.0000000000
4671 -940.0000000000
4683 -939.0000000000
4713 -938.0000000000
4753 -937.0000000000
4760 -936.0000000000
4778 -935.0000000000
4787 -934.0000000000
4794 -933.0000000000
4822 -932.0000000000
4824 -931.0000000000
4842 -930.0000000000
4850 -929.0000000000
4860 -927.0000000000
4864 -926.0000000000
4881 -925.0000000000
4884 -924.0000000000
4895 -923.0000000000
4898 -922.0000000000
4904 -921.0000000000
4907 -920.0000000000
4933 -918.0000000000
4943 -917.0000000000
4955 -916.0000000000
4961 -915.0000000000
4972 -914.0000000000
5001 -913.0000000000
5010 -912.0000000000
5018 -911.0000000000
5022 -910.0000000000
5029 -909.0000000000
5033 -908.0000000000
5039 -907.0000000000
5041 -906.0000000000
5045 -904.0000000000
5053 -903.0000000000
5068 -902.0000000000
5070 -901.0000000000
5088 -900.0000000000
5096 -898.0000000000
5107 -897.0000000000
5111 -895.0000000000
5114 -894.0000000000
5132 -892.0000000000
5153 -891.0000000000
5156 -890.0000000000
5165 -889.0000000000
5166 -888.0000000000
5189 -887.0000000000
5190 -886.0000000000
5196 -885.0000000000
5197 -884.0000000000
5199 -883.0000000000
5208 -882.0000000000
5211 -881.0000000000
5213 -880.0000000000
5222 -879.0000000000
5230 -878.0000000000
5234 -877.0000000000
5248 -876.0000000000
5267 -875.0000000000
5269 -874.0000000000
5281 -873.0000000000
5282 -872.0000000000
5284 -871.0000000000
5302 -870.0000000000
5327 -869.0000000000
5332 -868.0000000000
5346 -867.0000000000
5350 -866.0000000000
5360 -865.0000000000
5371 -864.0000000000
5377 -863.0000000000
5382 -862.0000000000
5388 -861.0000000000
5394 -860.0000000000
5406 -858.0000000000
5410 -857.0000000000
5419 -856.0000000000
5422 -855.0000000000
5437 -854.0000000000
5438 -853.0000000000
5440 -852.0000000000
5442 -851.0000000000
5447 -850.0000000000
5468 -849.0000000000
5469 -848.0000000000
5473 -846.0000000000
5476 -845.0000000000
5481 -844.0000000000
5490 -843.0000000000
5495 -842.0000000000
5502 -841.0000000000
5512 -840.0000000000
5517 -839.0000000000
5524 -838.0000000000
5545 -836.0000000000
5549 -835.0000000000
5557 -834.0000000000
5565 -833.0000000000
5593 -832.0000000000
5596 -831.0000000000
5597 -830.0000000000
5602 -829.0000000000
5619 -827.0000000000
5620 -826.0000000000
5622 -824.0000000000
5634 -823.0000000000
5640 -822.0000000000
5642 -821.0000000000
5657 -820.0000000000
5658 -819.0000000000
5659 -818.0000000000
5664 -817.0000000000
5669 -816.0000000000
5694 -815.0000000000
5700 -814.0000000000
5702 -813.0000000000
5705 -812.0000000000
5707 -811.0000000000
5716 -810.0000000000
5726 -809.0000000000
5741 -808.0000000000
5760 -807.0000000000
5766 -806.0000000000
5776 -805.0000000000
5778 -804.0000000000
5785 -803.0000000000
5793 -802.0000000000
5796 -801.0000000000
5799 -800.0000000000
5804 -799.0000000000
5815 -798.0000000000
5838 -797.0000000000
5854 -796.0000000000
5866 -795.0000000000
5883 -793.0000000000
5895 -792.0000000000
5900 -791.0000000000
5905 -790.0000000000
5918 -789.0000000000
5948 -788.0000000000
5949 -787.0000000000
5953 -786.0000000000
5958 -785.0000000000
5966 -783.0000000000
5967 -782.0000000000
5970 -781.0000000000
5991 -780.0000000000
5993 -779.0000000000
5995 -778.0000000000
5999 -777.0000000000
6002 -776.0000000000
6016 -774.0000000000
6019 -773.0000000000
6032 -771.0000000000
6037 -770.0000000000
6079 -769.0000000000
6082 -768.0000000000
6100 -767.0000000000
6107 -766.0000000000
6111 -765.0000000000
6114 -763.0000000000
6115 -761.0000000000
6123 -760.0000000000
6126 -759.0000000000
6131 -758.0000000000
6132 -757.0000000000
6138 -756.0000000000
6155 -755.0000000000
6164 -754.0000000000
6167 -753.0000000000
6170 -752.0000000000
6185 -751.0000000000
6200 -750.0000000000
6212 -749.0000000000
6213 -748.0000000000
6222 -747.0000000000
6223 -746.0000000000
6227 -745.0000000000
6236 -744.0000000000
6249 -743.0000000000
6253 -742.0000000000
6267 -741.0000000000
6274 -740.0000000000
6288 -739.0000000000
6298 -738.0000000000
6303 -737.0000000000
6320 -736.0000000000
6339 -735.0000000000
6355 -734.0000000000
6368 -733.0000000000
6370 -731.0000000000
6373 -730.0000000000
6380 -729.0000000000
6384 -728.0000000000
6400 -727.0000000000
6407 -726.0000000000
6424 -725.0000000000
6494 -724.0000000000
6503 -723.0000000000
6507 -722.0000000000
6513 -720.0000000000
6515 -719.0000000000
6516 -718.0000000000
6525 -717.0000000000
6543 -716.0000000000
6544 -715.0000000000
6548 -714.0000000000
6552 -712.0000000000
6564 -711.0000000000
6580 -710.0000000000
6583 -709.0000000000
6584 -708.0000000000
6599 -707.0000000000
6620 -706.0000000000
6623 -705.0000000000
6625 -704.0000000000
6655 -703.0000000000
6695 -702.0000000000
6719 -701.0000000000
6721 -699.0000000000
6730 -698.0000000000
6743 -697.0000000000
6748 -696.0000000000
6750 -695.0000000000
6762 -694.0000000000
6801 -693.0000000000
6802 -692.0000000000
6810 -691.0000000000
6815 -690.0000000000
6823 -689.0000000000
6832 -688.0000000000
6844 -687.0000000000
6847 -686.0000000000
6848 -684.0000000000
6862 -683.0000000000
6878 -682.0000000000
6892 -681.0000000000
6896 -680.0000000000
6898 -679.0000000000
6911 -678.0000000000
6937 -676.0000000000
6941 -675.0000000000
6956 -674.0000000000
6966 -673.0000000000
6987 -671.0000000000
6999 -670.0000000000
7023 -669.0000000000
7031 -668.0000000000
7042 -667.0000000000
7046 -666.0000000000
7051 -665.0000000000
7056 -664.0000000000
7068 -663.0000000000
7070 -662.0000000000
7115 -661.0000000000
7119 -660.0000000000
7128 -659.0000000000
7138 -658.0000000000
7150 -657.0000000000
7161 -656.0000000000
7188 -655.0000000000
7199 -654.0000000000
7213 -653.0000000000
7222 -652.0000000000
7225 -651.0000000000
7240 -650.0000000000
7255 -649.0000000000
7257 -648.0000000000
7261 -647.0000000000
7274 -646.0000000000
7287 -645.0000000000
7292 -644.0000000000
7302 -643.0000000000
7330 -642.0000000000
7332 -641.0000000000
7343 -640.0000000000
7358 -639.0000000000
7382 -638.0000000000
7419 -637.0000000000
7421 -636.0000000000
7424 -635.0000000000
7448 -634.0000000000
7454 -633.0000000000
7457 -632.0000000000
7478 -631.0000000000
7482 -630.0000000000
7485 -629.0000000000
7492 -628.0000000000
7504 -627.0000000000
7520 -626.0000000000
7542 -625.0000000000
7614 -624.0000000000
7632 -623.0000000000
7644 -619.0000000000
7649 -618.0000000000
7677 -617.0000000000
7701 -616.0000000000
7711 -615.0000000000
7752 -614.0000000000
7758 -613.0000000000
7771 -612.0000000000
7791 -611.0000000000
7793 -610.0000000000
7798 -609.0000000000
7812 -608.0000000000
7831 -607.0000000000
7835 -606.0000000000
7852 -605.0000000000
7856 -604.0000000000
7867 -603.0000000000
7886 -602.0000000000
7891 -601.0000000000
7925 -600.0000000000
7927 -599.0000000000
7937 -598.0000000000
7941 -597.0000000000
7942 -596.0000000000
7944 -595.0000000000
7948 -594.0000000000
7971 -592.0000000000
7993 -591.0000000000
8024 -590.0000000000
8025 -589.0000000000
8038 -588.0000000000
8050 -587.0000000000
8066 -586.0000000000
8086 -585.0000000000
8104 -584.0000000000
8107 -583.0000000000
8135 -582.0000000000
8148 -581.0000000000
8158 -580.0000000000
8173 -579.0000000000
8175 -578.0000000000
8177 -577.0000000000
8178 -576.0000000000
8183 -575.0000000000
8185 -574.0000000000
8188 -573.0000000000
8204 -572.0000000000
8205 -571.0000000000
8220 -569.0000000000
8244 -568.0000000000
8251 -567.0000000000
8260 -566.0000000000
8262 -565.0000000000
8272 -564.0000000000
8275 -563.0000000000
8297 -562.0000000000
8307 -561.0000000000
8317 -560.0000000000
8326 -559.0000000000
8352 -557.0000000000
8359 -556.0000000000
8370 -555.0000000000
8371 -554.0000000000
8383 -553.0000000000
8389 -552.0000000000
8399 -550.0000000000
8401 -549.0000000000
8413 -548.0000000000
8419 -547.0000000000
8444 -546.0000000000
8445 -545.0000000000
8458 -544.0000000000
8489 -543.0000000000
8500 -542.0000000000
8519 -541.0000000000
8539 -540.0000000000
8543 -539.0000000000
8565 -538.0000000000
8585 -537.0000000000
8616 -536.0000000000
8625 -535.0000000000
8628 -534.0000000000
8637 -533.0000000000
8643 -532.0000000000
8650 -531.0000000000
8688 -530.0000000000
8711 -529.0000000000
8725 -528.0000000000
8771 -527.0000000000
8772 -526.0000000000
8800 -525.0000000000
8805 -524.0000000000
8818 -522.0000000000
8834 -521.0000000000
8873 -520.0000000000
8878 -519.0000000000
8888 -518.0000000000
8930 -517.0000000000
8939 -516.0000000000
8946 -514.0000000000
8957 -513.0000000000
8969 -512.0000000000
8986 -511.0000000000
8988 -510.0000000000
8996 -509.0000000000
9021 -508.0000000000
9025 -507.0000000000
9029 -506.0000000000
9054 -505.0000000000
9056 -504.0000000000
9098 -503.0000000000
9118 -502.0000000000
9121 -501.0000000000
9129 -500.0000000000
9130 -499.0000000000
9135 -498.0000000000
9150 -497.0000000000
9160 -496.0000000000
9220 -495.0000000000
9241 -494.0000000000
9245 -493.0000000000
9262 -492.0000000000
9269 -491.0000000000
9277 -490.0000000000
9280 -489.0000000000
9298 -488.0000000000
9306 -487.0000000000
9315 -486.0000000000
9329 -485.0000000000
9373 -484.0000000000
9412 -482.0000000000
9450 -481.0000000000
9456 -480.0000000000
9473 -479.0000000000
9474 -478.0000000000
9494 -477.0000000000
9541 -476.0000000000
9549 -475.0000000000
9552 -474.0000000000
9565 -473.0000000000
9595 -472.0000000000
9607 -471.0000000000
9608 -470.0000000000
9614 -469.0000000000
9622 -467.0000000000
9623 -466.0000000000
9626 -465.0000000000
9649 -464.0000000000
9654 -463.0000000000
9663 -462.0000000000
9703 -461.0000000000
9709 -460.0000000000
9713 -459.0000000000
9717 -458.0000000000
9718 -457.0000000000
9736 -456.0000000000
9741 -455.0000000000
9749 -454.0000000000
9765 -453.0000000000
9771 -452.0000000000
9786 -451.0000000000
9836 -450.0000000000
9840 -449.0000000000
9849 -447.0000000000
9861 -446.0000000000
9884 -445.0000000000
9908 -444.0000000000
9909 -443.0000000000
9910 -442.0000000000
9916 -441.0000000000
9927 -440.0000000000
9947 -439.0000000000
9976 -438.0000000000
10000 -437.0000000000
evaluations raw_y
1 -1920.0000000000
13 -1919.0000000000
16 -1918.0000000000
20 -1917.0000000000
21 -1916.0000000000
23 -1915.0000000000
24 -1914.0000000000
29 -1913.0000000000
32 -1912.0000000000
34 -1911.0000000000
40 -1909.0000000000
58 -1908.0000000000
61 -1906.0000000000
63 -1904.0000000000
65 -1903.0000000000
75 -1902.0000000000
79 -1900.0000000000
80 -1899.0000000000
83 -1898.0000000000
85 -1897.0000000000
87 -1896.0000000000
88 -1894.0000000000
89 -1893.0000000000
93 -1892.0000000000
106 -1891.0000000000
107 -1890.0000000000
110 -1889.0000000000
112 -1888.0000000000
114 -1886.0000000000
121 -1885.0000000000
125 -1883.0000000000
127 -1882.0000000000
133 -1881.0000000000
134 -1879.0000000000
143 -1878.0000000000
167 -1877.0000000000
169 -1876.0000000000
171 -1875.0000000000
173 -1873.0000000000
178 -1872.0000000000
180 -1871.0000000000
182 -1870.0000000000
187 -1869.0000000000
189 -1868.0000000000
193 -1867.0000000000
194 -1866.0000000000
196 -1865.0000000000
200 -1863.0000000000
205 -1862.0000000000
206 -1861.0000000000
208 -1860.0000000000
212 -1859.0000000000
218 -1858.0000000000
220 -1857.0000000000
221 -1856.0000000000
222 -1855.0000000000
231 -1854.0000000000
234 -1853.0000000000
236 -1852.0000000000
240 -1851.0000000000
242 -1850.0000000000
244 -1849.0000000000
247 -1847.0000000000
250 -1845.0000000000
253 -1843.0000000000
254 -1841.0000000000
256 -1840.0000000000
259 -1839.0000000000
265 -1838.0000000000
269 -1837.0000000000
277 -1836.0000000000
279 -1835.0000000000
281 -1834.0000000000
282 -1833.0000000000
283 -1832.0000000000
305 -1828.0000000000
308 -1827.0000000000
309 -1826.0000000000
310 -1825.0000000000
321 -1824.0000000000
322 -1823.0000000000
324 -1822.0000000000
334 -1821.0000000000
338 -1819.0000000000
341 -1818.0000000000
345 -1817.0000000000
346 -1816.0000000000
350 -1815.0000000000
354 -1814.0000000000
359 -1813.0000000000
366 -1812.0000000000
367 -1809.0000000000
371 -1808.0000000000
372 -1807.0000000000
377 -1806.0000000000
378 -1805.0000000000
384 -1804.0000000000
387 -1803.0000000000
390 -1802.0000000000
393 -1801.0000000000
399 -1800.0000000000
404 -1799.0000000000
406 -1797.0000000000
410 -1796.0000000000
412 -1795.0000000000
416 -1792.0000000000
417 -1791.0000000000
418 -1790.0000000000
426 -1789.0000000000
431 -1787.0000000000
433 -1784.0000000000
437 -1783.0000000000
439 -1782.0000000000
441 -1781.0000000000
442 -1780.0000000000
453 -1777.0000000000
458 -1776.0000000000
460 -1774.0000000000
462 -1773.0000000000
463 -1772.0000000000
475 -1771.0000000000
483 -1767.0000000000
491 -1765.0000000000
494 -1764.0000000000
498 -1763.0000000000
501 -1762.0000000000
508 -1761.0000000000
509 -1760.0000000000
513 -1759.0000000000
514 -1758.0000000000
519 -1756.0000000000
530 -1755.0000000000
534 -1754.0000000000
535 -1753.0000000000
536 -1752.0000000000
539 -1751.0000000000
542 -1748.0000000000
543 -1746.0000000000
547 -1745.0000000000
548 -1744.0000000000
550 -1743.0000000000
560 -1742.0000000000
561 -1740.0000000000
564 -1739.0000000000
565 -1737.0000000000
569 -1736.0000000000
570 -1735.0000000000
574 -1734.0000000000
575 -1733.0000000000
576 -1731.0000000000
579 -1730.0000000000
580 -1729.0000000000
588 -1728.0000000000
592 -1727.0000000000
599 -1723.0000000000
600 -1722.0000000000
602 -1720.0000000000
603 -1718.0000000000
606 -1716.0000000000
611 -1713.0000000000
617 -1712.0000000000
619 -1711.0000000000
620 -1710.0000000000
622 -1709.0000000000
626 -1708.0000000000
628 -1707.0000000000
631 -1705.0000000000
633 -1704.0000000000
638 -1703.0000000000
641 -1702.0000000000
642 -1701.0000000000
643 -1700.0000000000
644 -1699.0000000000
645 -1698.0000000000
647 -1697.0000000000
654 -1695.0000000000
658 -1694.0000000000
659 -1693.0000000000
661 -1692.0000000000
664 -1690.0000000000
671 -1689.0000000000
678 -1688.0000000000
679 -1686.0000000000
682 -1684.0000000000
696 -1683.0000000000
698 -1682.0000000000
717 -1681.0000000000
718 -1679.0000000000
719 -1678.0000000000
730 -1677.0000000000
740 -1676.0000000000
742 -1675.0000000000
748 -1674.0000000000
751 -1672.0000000000
760 -1671.0000000000
761 -1670.0000000000
766 -1669.0000000000
767 -1667.0000000000
787 -1666.0000000000
788 -1665.0000000000
799 -1664.0000000000
800 -1663.0000000000
803 -1662.0000000000
807 -1659.0000000000
828 -1658.0000000000
831 -1656.0000000000
832 -1653.0000000000
835 -1652.0000000000
836 -1651.0000000000
843 -1650.0000000000
849 -1649.0000000000
856 -1647.0000000000
858 -1646.0000000000
859 -1645.0000000000
864 -1644.0000000000
865 -1643.0000000000
871 -1642.0000000000
872 -1641.0000000000
874 -1640.0000000000
877 -1639.0000000000
881 -1638.0000000000
884 -1637.0000000000
892 -1636.0000000000
899 -1635.0000000000
900 -1634.0000000000
902 -1633.0000000000
907 -1632.0000000000
917 -1631.0000000000
924 -1630.0000000000
926 -1629.0000000000
928 -1628.0000000000
930 -1626.0000000000
938 -1623.0000000000
941 -1622.0000000000
946 -1621.0000000000
953 -1620.0000000000
954 -1618.0000000000
965 -1617.0000000000
966 -1616.0000000000
969 -1614.0000000000
970 -1613.0000000000
971 -1612.0000000000
972 -1611.0000000000
974 -1610.0000000000
978 -1609.0000000000
982 -1608.0000000000
983 -1607.0000000000
989 -1606.0000000000
995 -1604.0000000000
1000 -1603.0000000000
1001 -1602.0000000000
1028 -1601.0000000000
1038 -1600.0000000000
1052 -1599.0000000000
1058 -1598.0000000000
1066 -1597.0000000000
1073 -1596.0000000000
1075 -1595.0000000000
1080 -1594.0000000000
1090 -1591.0000000000
1093 -1590.0000000000
1094 -1588.0000000000
1099 -1586.0000000000
1100 -1585.0000000000
1101 -1584.0000000000
1103 -1582.0000000000
1104 -1581.0000000000
1108 -1578.0000000000
1113 -1577.0000000000
1114 -1576.0000000000
1115 -1574.0000000000
1117 -1573.0000000000
1131 -1571.0000000000
1140 -1570.0000000000
1148 -1568.0000000000
1165 -1566.0000000000
1170 -1565.0000000000
1179 -1562.0000000000
1185 -1559.0000000000
1189 -1557.0000000000
1192 -1556.0000000000
1197 -1555.0000000000
1199 -1554.0000000000
1201 -1553.0000000000
1204 -1552.0000000000
1208 -1551.0000000000
1214 -1550.0000000000
1216 -1549.0000000000
1220 -1548.0000000000
1231 -1546.0000000000
1233 -1545.0000000000
1239 -1544.0000000000
1252 -1543.0000000000
1257 -1542.0000000000
1261 -1541.0000000000
1266 -1539.0000000000
1289 -1538.0000000000
1291 -1537.0000000000
1295 -1535.0000000000
1297 -1534.0000000000
1300 -1533.0000000000
1302 -1532.0000000000
1314 -1531.0000000000
1316 -1530.0000000000
1317 -1529.0000000000
1318 -1528.0000000000
1319 -1526.0000000000
1327 -1525.0000000000
1334 -1524.0000000000
1336 -1523.0000000000
1339 -1522.0000000000
1361 -1521.0000000000
1367 -1520.0000000000
1370 -1516.0000000000
1371 -1515.0000000000
1374 -1514.0000000000
1380 -1511.0000000000
1381 -1510.0000000000
1388 -1509.0000000000
1390 -1508.0000000000
1391 -1507.0000000000
1392 -1506.0000000000
1411 -1505.0000000000
1415 -1504.0000000000
1418 -1503.0000000000
1422 -1501.0000000000
1429 -1498.0000000000
1434 -1497.0000000000
1435 -1496.0000000000
1438 -1495.0000000000
1442 -1494.0000000000
1445 -1493.0000000000
1450 -1492.0000000000
1451 -1491.0000000000
1455 -1490.0000000000
1458 -1487.0000000000
1459 -1486.0000000000
1479 -1485.0000000000
1482 -1484.0000000000
1483 -1483.0000000000
1487 -1482.0000000000
1488 -1481.0000000000
1489 -1480.0000000000
1497 -1479.0000000000
1515 -1478.0000000000
1516 -1477.0000000000
1533 -1476.0000000000
1534 -1475.0000000000
1542 -1474.0000000000
1543 -1473.0000000000
1547 -1472.0000000000
1550 -1471.0000000000
1558 -1470.0000000000
1560 -1469.0000000000
1561 -1468.0000000000
1562 -1467.0000000000
1567 -1466.0000000000
1578 -1465.0000000000
1582 -1464.0000000000
1585 -1463.0000000000
1593 -1462.0000000000
1600 -1461.0000000000
1603 -1459.0000000000
1616 -1458.0000000000
1617 -1457.0000000000
1621 -1455.0000000000
1625 -1454.0000000000
1633 -1453.0000000000
1634 -1452.0000000000
1636 -1451.0000000000
1639 -1450.0000000000
1643 -1447.0000000000
1645 -1443.0000000000
1650 -1442.0000000000
1651 -1441.0000000000
1658 -1439.0000000000
1660 -1438.0000000000
1666 -1437.0000000000
1677 -1434.0000000000
1683 -1432.0000000000
1690 -1429.0000000000
1696 -1428.0000000000
1697 -1426.0000000000
1706 -1425.0000000000
1726 -1424.0000000000
1732 -1423.0000000000
1736 -1422.0000000000
1744 -1421.0000000000
1748 -1420.0000000000
1755 -1419.0000000000
1756 -1418.0000000000
1757 -1417.0000000000
1758 -1416.0000000000
1765 -1415.0000000000
1771 -1414.0000000000
1772 -1412.0000000000
1780 -1411.0000000000
1792 -1409.0000000000
1802 -1408.0000000000
1804 -1406.0000000000
1807 -1405.0000000000
1809 -1403.0000000000
1813 -1402.0000000000
1814 -1400.0000000000
1815 -1399.0000000000
1828 -1398.0000000000
1829 -1397.0000000000
1835 -1395.0000000000
1843 -1394.0000000000
1852 -1390.0000000000
1853 -1388.0000000000
1865 -1387.0000000000
1867 -1386.0000000000
1872 -1385.0000000000
1876 -1384.0000000000
1878 -1383.0000000000
1882 -1382.0000000000
1884 -1381.0000000000
1904 -1380.0000000000
1908 -1379.0000000000
1910 -1377.0000000000
1912 -1376.0000000000
1935 -1375.0000000000
1937 -1374.0000000000
1940 -1373.0000000000
1948 -1372.0000000000
1964 -1371.0000000000
1974 -1369.0000000000
1980 -1368.0000000000
1988 -1367.0000000000
1989 -1366.0000000000
1990 -1365.0000000000
1999 -1363.0000000000
2002 -1362.0000000000
2008 -1361.0000000000
2011 -1360.0000000000
2015 -1359.0000000000
2017 -1358.0000000000
2019 -1357.0000000000
2034 -1355.0000000000
2042 -1354.0000000000
2043 -1353.0000000000
2044 -1352.0000000000
2045 -1349.0000000000
2046 -1348.0000000000
2050 -1347.0000000000
2063 -1346.0000000000
2066 -1345.0000000000
2076 -1344.0000000000
2077 -1343.0000000000
2089 -1342.0000000000
2102 -1340.0000000000
2117 -1339.0000000000
2124 -1337.0000000000
2132 -1336.0000000000
2133 -1334.0000000000
2140 -1331.0000000000
2142 -1329.0000000000
2146 -1327.0000000000
2147 -1326.0000000000
2151 -1324.0000000000
2153 -1322.0000000000
2157 -1321.0000000000
2160 -1320.0000000000
2172 -1319.0000000000
2176 -1318.0000000000
2185 -1317.0000000000
2212 -1316.0000000000
2235 -1315.0000000000
2254 -1314.0000000000
2258 -1313.0000000000
2259 -1311.0000000000
2265 -1310.0000000000
2267 -1308.0000000000
2277 -1307.0000000000
2283 -1306.0000000000
2294 -1305.0000000000
2297 -1304.0000000000
2300 -1303.0000000000
2304 -1302.0000000000
2307 -1301.0000000000
2309 -1300.0000000000
2317 -1299.0000000000
2328 -1298.0000000000
2332 -1297.0000000000
2367 -1296.0000000000
2371 -1295.0000000000
2374 -1292.0000000000
2375 -1291.0000000000
2382 -1290.0000000000
2385 -1289.0000000000
2387 -1288.0000000000
2400 -1287.0000000000
2405 -1286.0000000000
2420 -1285.0000000000
2424 -1283.0000000000
2433 -1282.0000000000
2450 -1281.0000000000
2458 -1280.0000000000
2463 -1279.0000000000
2472 -1278.0000000000
2476 -1277.0000000000
2485 -1276.0000000000
2500 -1275.0000000000
2503 -1274.0000000000
2504 -1273.0000000000
2512 -1272.0000000000
2517 -1271.0000000000
2518 -1270.0000000000
2528 -1269.0000000000
2529 -1268.0000000000
2536 -1267.0000000000
2538 -1266.0000000000
2541 -1264.0000000000
2566 -1263.0000000000
2571 -1261.0000000000
2580 -1260.0000000000
2581 -1259.0000000000
2582 -1258.0000000000
2586 -1257.0000000000
2610 -1256.0000000000
2613 -1255.0000000000
2614 -1254.0000000000
2619 -1252.0000000000
2620 -1250.0000000000
2630 -1249.0000000000
2632 -1248.0000000000
2635 -1247.0000000000
2642 -1246.0000000000
2644 -1245.0000000000
2645 -1244.0000000000
2646 -1243.0000000000
2653 -1241.0000000000
2657 -1240.0000000000
2666 -1239.0000000000
2668 -1238.0000000000
2671 -1237.0000000000
2676 -1236.0000000000
2679 -1235.0000000000
2682 -1233.0000000000
2684 -1232.0000000000
2686 -1231.0000000000
2687 -1230.0000000000
2688 -1229.0000000000
2690 -1228.0000000000
2691 -1227.0000000000
2696 -1226.0000000000
2708 -1225.0000000000
2710 -1224.0000000000
2716 -1223.0000000000
2725 -1222.0000000000
2736 -1220.0000000000
2742 -1219.0000000000
2743 -1218.0000000000
2747 -1217.0000000000
2748 -1216.0000000000
2749 -1215.0000000000
2752 -1214.0000000000
2754 -1213.0000000000
2759 -1212.0000000000
2760 -1211.0000000000
2771 -1210.0000000000
2773 -1209.0000000000
2775 -1208.0000000000
2789 -1207.0000000000
2790 -1206.0000000000
2794 -1205.0000000000
2801 -1204.0000000000
2824 -1203.0000000000
2829 -1201.0000000000
2837 -1199.0000000000
2847 -1198.0000000000
2852 -1197.0000000000
2856 -1196.0000000000
2866 -1195.0000000000
2873 -1194.0000000000
2876 -1193.0000000000
2894 -1191.0000000000
2896 -1190.0000000000
2903 -1187.0000000000
2907 -1185.0000000000
2910 -1184.0000000000
2911 -1183.0000000000
2916 -1182.0000000000
2922 -1181.0000000000
2930 -1180.0000000000
2933 -1179.0000000000
2954 -1178.0000000000
2959 -1176.0000000000
2966 -1175.0000000000
2968 -1174.0000000000
2974 -1173.0000000000
2979 -1171.0000000000
2981 -1170.0000000000
2985 -1169.0000000000
2995 -1167.0000000000
3009 -1166.0000000000
3014 -1165.0000000000
3022 -1164.0000000000
3025 -1163.0000000000
3029 -1162.0000000000
3033 -1160.0000000000
3041 -1159.0000000000
3051 -1158.0000000000
3066 -1157.0000000000
3073 -1156.0000000000
3074 -1155.0000000000
3078 -1154.0000000000
3082 -1153.0000000000
3091 -1152.0000000000
3102 -1150.0000000000
3103 -1148.0000000000
3108 -1147.0000000000
3113 -1145.0000000000
3115 -1143.0000000000
3118 -1142.0000000000
3120 -1141.0000000000
3122 -1140.0000000000
3129 -1138.0000000000
3140 -1137.0000000000
3176 -1136.0000000000
3178 -1135.0000000000
3179 -1134.0000000000
3191 -1133.0000000000
3206 -1132.0000000000
3210 -1131.0000000000
3211 -1130.0000000000
3213 -1129.0000000000
3231 -1128.0000000000
3236 -1127.0000000000
3244 -1126.0000000000
3248 -1125.0000000000
3256 -1124.0000000000
3266 -1123.0000000000
3270 -1122.0000000000
3275 -1120.0000000000
3282 -1119.0000000000
3283 -1118.0000000000
3287 -1117.0000000000
3292 -1116.0000000000
3293 -1115.0000000000
3294 -1114.0000000000
3305 -1113.0000000000
3309 -1112.0000000000
3316 -1111.0000000000
3343 -1110.0000000000
3344 -1109.0000000000
3352 -1108.0000000000
3353 -1107.0000000000
3357 -1106.0000000000
3364 -1104.0000000000
3365 -1103.0000000000
3373 -1102.0000000000
3381 -1099.0000000000
3383 -1098.0000000000
3394 -1097.0000000000
3400 -1096.0000000000
3404 -1095.0000000000
3406 -1094.0000000000
3408 -1093.0000000000
3417 -1092.0000000000
3432 -1090.0000000000
3438 -1088.0000000000
3451 -1087.0000000000
3453 -1085.0000000000
3456 -1084.0000000000
3462 -1082.0000000000
3463 -1081.0000000000
3469 -1080.0000000000
3495 -1079.0000000000
3497 -1078.0000000000
3502 -1077.0000000000
3503 -1076.0000000000
3513 -1075.0000000000
3521 -1074.0000000000
3531 -1073.0000000000
3537 -1072.0000000000
3539 -1071.0000000000
3549 -1070.0000000000
3550 -1069.0000000000
3553 -1068.0000000000
3557 -1067.0000000000
3578 -1065.0000000000
3582 -1064.0000000000
3587 -1063.0000000000
3595 -1062.0000000000
3596 -1060.0000000000
3600 -1059.0000000000
3612 -1058.0000000000
3625 -1057.0000000000
3640 -1056.0000000000
3647 -1055.0000000000
3663 -1054.0000000000
3665 -1053.0000000000
3667 -1052.0000000000
3670 -1051.0000000000
3677 -1050.0000000000
3678 -1049.0000000000
3680 -1047.0000000000
3686 -1045.0000000000
3687 -1044.0000000000
3689 -1043.0000000000
3696 -1042.0000000000
3703 -1041.0000000000
3713 -1040.0000000000
3719 -1039.0000000000
3721 -1038.0000000000
3722 -1037.0000000000
3723 -1036.0000000000
3737 -1035.0000000000
3746 -1034.0000000000
3751 -1033.0000000000
3756 -1032.0000000000
3768 -1031.0000000000
3786 -1030.0000000000
3788 -1029.0000000000
3792 -1028.0000000000
3795 -1027.0000000000
3796 -1026.0000000000
3800 -1025.0000000000
3802 -1024.0000000000
3805 -1023.0000000000
3820 -1022.0000000000
3826 -1020.0000000000
3831 -1019.0000000000
3832 -1018.0000000000
3839 -1017.0000000000
3844 -1016.0000000000
3846 -1015.0000000000
3855 -1014.0000000000
3858 -1013.0000000000
3864 -1012.0000000000
3874 -1011.0000000000
3881 -1009.0000000000
3896 -1008.0000000000
3915 -1007.0000000000
3917 -1006.0000000000
3925 -1005.0000000000
3947 -1003.0000000000
3960 -1002.0000000000
3964 -1001.0000000000
3966 -1000.0000000000
3983 -999.0000000000
3992 -998.0000000000
3996 -996.0000000000
4002 -995.0000000000
4004 -994.0000000000
4028 -993.0000000000
4038 -992.0000000000
4049 -990.0000000000
4055 -989.0000000000
4059 -988.0000000000
4079 -987.0000000000
4082 -986.0000000000
4088 -985.0000000000
4092 -984.0000000000
4096 -982.0000000000
4115 -981.0000000000
4119 -980.0000000000
4127 -979.0000000000
4132 -977.0000000000
4144 -976.0000000000
4164 -975.0000000000
4170 -974.0000000000
4177 -973.0000000000
4185 -972.0000000000
4187 -971.0000000000
4197 -970.0000000000
4203 -969.0000000000
4205 -968.0000000000
4212 -967.0000000000
4214 -966.0000000000
4216 -965.0000000000
4221 -964.0000000000
4222 -963.0000000000
4235 -962.0000000000
4239 -961.0000000000
4266 -960.0000000000
4306 -959.0000000000
4331 -958.0000000000
4340 -957.0000000000
4351 -956.0000000000
4358 -955.0000000000
4372 -954.0000000000
4382 -953.0000000000
4385 -951.0000000000
4387 -950.0000000000
4390 -949.0000000000
4401 -948.0000000000
4407 -947.0000000000
4408 -946.0000000000
4409 -945.0000000000
4410 -944.0000000000
4418 -943.0000000000
4447 -942.0000000000
4452 -940.0000000000
4474 -939.0000000000
4476 -938.0000000000
4477 -936.0000000000
4479 -934.0000000000
4496 -933.0000000000
4511 -932.0000000000
4512 -931.0000000000
4524 -930.0000000000
4548 -929.0000000000
4553 -928.0000000000
4559 -927.0000000000
4564 -926.0000000000
4569 -925.0000000000
4570 -924.0000000000
4581 -923.0000000000
4602 -922.0000000000
4603 -921.0000000000
4607 -920.0000000000
4624 -919.0000000000
4629 -918.0000000000
4639 -917.0000000000
4645 -915.0000000000
4670 -914.0000000000
4672 -913.0000000000
4682 -912.0000000000
4688 -911.0000000000
4695 -910.0000000000
4711 -909.0000000000
4713 -908.0000000000
4716 -907.0000000000
4727 -906.0000000000
4728 -905.0000000000
4736 -904.0000000000
4739 -903.0000000000
4743 -900.0000000000
4769 -899.0000000000
4773 -898.0000000000
4782 -897.0000000000
4803 -896.0000000000
4807 -895.0000000000
4818 -894.0000000000
4819 -893.0000000000
4822 -892.0000000000
4823 -890.0000000000
4824 -889.0000000000
4829 -888.0000000000
4831 -885.0000000000
4832 -884.0000000000
4837 -883.0000000000
4840 -882.0000000000
4841 -881.0000000000
4842 -880.0000000000
4869 -879.0000000000
4873 -878.0000000000
4880 -877.0000000000
4883 -876.0000000000
4889 -875.0000000000
4917 -874.0000000000
4939 -873.0000000000
4940 -872.0000000000
4945 -871.0000000000
4977 -870.0000000000
4980 -869.0000000000
4984 -868.0000000000
5004 -867.0000000000
5007 -866.0000000000
5010 -865.0000000000
5013 -864.0000000000
5038 -863.0000000000
5048 -862.0000000000
5062 -861.0000000000
5065 -860.0000000000
5071 -859.0000000000
5093 -857.0000000000
5096 -856.0000000000
5103 -854.0000000000
5120 -853.0000000000
5121 -852.0000000000
5126 -850.0000000000
5139 -849.0000000000
5144 -848.0000000000
5150 -847.0000000000
5154 -846.0000000000
5173 -845.0000000000
5175 -844.0000000000
5181 -842.0000000000
5182 -841.0000000000
5183 -840.0000000000
5188 -839.0000000000
5197 -838.0000000000
5205 -837.0000000000
5207 -836.0000000000
5210 -835.0000000000
5213 -834.0000000000
5247 -833.0000000000
5248 -832.0000000000
5251 -831.0000000000
5256 -830.0000000000
5261 -829.0000000000
5270 -828.0000000000
5283 -827.0000000000
5285 -825.0000000000
5304 -824.0000000000
5306 -823.0000000000
5309 -822.0000000000
5328 -821.0000000000
5329 -820.0000000000
5356 -819.0000000000
5359 -818.0000000000
5360 -817.0000000000
5366 -816.0000000000
5367 -815.0000000000
5372 -813.0000000000
5378 -812.0000000000
5381 -811.0000000000
5418 -810.0000000000
5436 -809.0000000000
5443 -808.0000000000
5452 -807.0000000000
5475 -806.0000000000
5484 -805.0000000000
5494 -804.0000000000
5495 -803.0000000000
5503 -802.0000000000
5505 -800.0000000000
5514 -799.0000000000
5518 -798.0000000000
5539 -797.0000000000
5542 -796.0000000000
5560 -795.0000000000
5571 -794.0000000000
5578 -793.0000000000
5581 -792.0000000000
5611 -791.0000000000
5615 -790.0000000000
5620 -789.0000000000
5650 -788.0000000000
5652 -787.0000000000
5656 -786.0000000000
5668 -785.0000000000
5671 -784.0000000000
5674 -783.0000000000
5693 -782.0000000000
5700 -781.0000000000
5702 -780.0000000000
5713 -779.0000000000
5717 -778.0000000000
5718 -777.0000000000
5730 -776.0000000000
5731 -775.0000000000
5742 -774.0000000000
5749 -773.0000000000
5755 -772.0000000000
5765 -771.0000000000
5780 -770.0000000000
5796 -769.0000000000
5818 -767.0000000000
5838 -766.0000000000
5847 -765.0000000000
5854 -764.0000000000
5868 -763.0000000000
5869 -761.0000000000
5879 -760.0000000000
5880 -759.0000000000
5884 -757.0000000000
5914 -756.0000000000
5928 -755.0000000000
5946 -754.0000000000
5952 -753.0000000000
5953 -752.0000000000
5957 -751.0000000000
5965 -750.0000000000
5966 -749.0000000000
5983 -748.0000000000
5988 -747.0000000000
6012 -746.0000000000
6021 -744.0000000000
6040 -743.0000000000
6041 -742.0000000000
6043 -741.0000000000
6100 -740.0000000000
6103 -738.0000000000
6105 -737.0000000000
6116 -736.0000000000
6128 -735.0000000000
6129 -734.0000000000
6139 -733.0000000000
6142 -732.0000000000
6146 -731.0000000000
6163 -730.0000000000
6183 -729.0000000000
6192 -728.0000000000
6198 -727.0000000000
6199 -726.0000000000
6207 -725.0000000000
6212 -724.0000000000
6223 -722.0000000000
6229 -721.0000000000
6278 -719.0000000000
6287 -718.0000000000
6288 -717.0000000000
6293 -716.0000000000
6327 -715.0000000000
6347 -714.0000000000
6355 -712.0000000000
6359 -711.0000000000
6360 -709.0000000000
6382 -708.0000000000
6383 -705.0000000000
6406 -704.0000000000
6415 -703.0000000000
6416 -702.0000000000
6435 -701.0000000000
6446 -700.0000000000
6455 -699.0000000000
6458 -698.0000000000
6460 -697.0000000000
6473 -695.0000000000
6497 -694.0000000000
6500 -693.0000000000
6526 -692.0000000000
6532 -691.0000000000
6541 -690.0000000000
6544 -689.0000000000
6554 -687.0000000000
6576 -686.0000000000
6587 -684.0000000000
6588 -683.0000000000
6614 -682.0000000000
6620 -681.0000000000
6624 -680.0000000000
6650 -679.0000000000
6667 -678.0000000000
6670 -677.0000000000
6715 -676.0000000000
6716 -675.0000000000
6723 -674.0000000000
6726 -673.0000000000
6727 -672.0000000000
6753 -671.0000000000
6780 -670.0000000000
6784 -669.0000000000
6812 -668.0000000000
6838 -667.0000000000
6889 -666.0000000000
6896 -665.0000000000
6918 -664.0000000000
6930 -663.0000000000
6937 -662.0000000000
6957 -661.0000000000
6977 -660.0000000000
6980 -659.0000000000
6985 -658.0000000000
6987 -657.0000000000
6989 -656.0000000000
6998 -655.0000000000
7005 -654.0000000000
7015 -653.0000000000
7027 -652.0000000000
7029 -651.0000000000
7051 -650.0000000000
7053 -649.0000000000
7071 -648.0000000000
7077 -647.0000000000
7085 -646.0000000000
7091 -645.0000000000
7095 -643.0000000000
7097 -642.0000000000
7101 -641.0000000000
7121 -640.0000000000
7127 -639.0000000000
7129 -638.0000000000
7149 -637.0000000000
7154 -636.0000000000
7162 -635.0000000000
7163 -633.0000000000
7177 -632.0000000000
7179 -631.0000000000
7183 -630.0000000000
7204 -629.0000000000
7206 -628.0000000000
7218 -627.0000000000
7223 -626.0000000000
7234 -625.0000000000
7235 -624.0000000000
7242 -623.0000000000
7254 -622.0000000000
7271 -621.0000000000
7288 -620.0000000000
7311 -619.0000000000
7344 -618.0000000000
7348 -617.0000000000
7351 -616.0000000000
7354 -615.0000000000
7356 -614.0000000000
7368 -612.0000000000
7388 -611.0000000000
7413 -610.0000000000
7422 -609.0000000000
7424 -608.0000000000
7431 -607.0000000000
7438 -606.0000000000
7448 -605.0000000000
7451 -603.0000000000
7453 -602.0000000000
7484 -601.0000000000
7485 -600.0000000000
7492 -599.0000000000
7506 -598.0000000000
7552 -597.0000000000
7559 -595.0000000000
7568 -594.0000000000
7597 -593.0000000000
7598 -592.0000000000
7609 -591.0000000000
7612 -590.0000000000
7617 -589.0000000000
7626 -588.0000000000
7648 -587.0000000000
7657 -586.0000000000
7664 -585.0000000000
7677 -584.0000000000
7708 -582.0000000000
7762 -581.0000000000
7766 -580.0000000000
7771 -579.0000000000
7773 -578.0000000000
7784 -577.0000000000
7826 -575.0000000000
7844 -574.0000000000
7856 -573.0000000000
7903 -572.0000000000
7918 -571.0000000000
7922 -570.0000000000
7928 -569.0000000000
7950 -568.0000000000
7973 -567.0000000000
7982 -566.0000000000
8001 -565.0000000000
8012 -564.0000000000
8017 -563.0000000000
8023 -562.0000000000
8045 -561.0000000000
8066 -559.0000000000
8080 -557.0000000000
8094 -556.0000000000
8095 -555.0000000000
8122 -554.0000000000
8161 -553.0000000000
8183 -552.0000000000
8186 -551.0000000000
8203 -550.0000000000
8219 -549.0000000000
8243 -548.0000000000
8245 -547.0000000000
8248 -546.0000000000
8249 -545.0000000000
8272 -544.0000000000
8276 -543.0000000000
8278 -542.0000000000
8308 -541.0000000000
8315 -540.0000000000
8371 -539.0000000000
8380 -538.0000000000
8407 -537.0000000000
8408 -536.0000000000
8412 -535.0000000000
8436 -534.0000000000
8438 -533.0000000000
8519 -532.0000000000
8530 -531.0000000000
8535 -530.0000000000
8551 -529.0000000000
8571 -528.0000000000
8572 -527.0000000000
8586 -526.0000000000
8588 -525.0000000000
8593 -524.0000000000
8612 -523.0000000000
8626 -522.0000000000
8636 -521.0000000000
8643 -520.0000000000
8727 -519.0000000000
8733 -518.0000000000
8763 -517.0000000000
8765 -515.0000000000
8769 -514.0000000000
8815 -513.0000000000
8824 -512.0000000000
8833 -511.0000000000
8837 -510.0000000000
8857 -509.0000000000
8861 -508.0000000000
8871 -507.0000000000
8895 -506.0000000000
8906 -505.0000000000
8918 -504.0000000000
8920 -503.0000000000
8931 -502.0000000000
8978 -501.0000000000
8980 -500.0000000000
8991 -499.0000000000
8993 -498.0000000000
8997 -497.0000000000
9031 -495.0000000000
9041 -494.0000000000
9050 -493.0000000000
9110 -492.0000000000
9139 -491.0000000000
9144 -490.0000000000
9146 -489.0000000000
9155 -488.0000000000
9189 -487.0000000000
9192 -486.0000000000
9254 -485.0000000000
9271 -484.0000000000
9272 -483.0000000000
9293 -482.0000000000
9393 -481.0000000000
9402 -480.0000000000
9409 -479.0000000000
9411 -478.0000000000
9415 -477.0000000000
9445 -476.0000000000
9468 -475.0000000000
9474 -474.0000000000
9502 -473.0000000000
9504 -472.0000000000
9535 -471.0000000000
9550 -470.0000000000
9551 -469.0000000000
9590 -468.0000000000
9616 -467.0000000000
9626 -466.0000000000
9629 -465.0000000000
9658 -464.0000000000
9680 -463.0000000000
9703 -462.0000000000
9705 -461.0000000000
9729 -460.0000000000
9748 -459.0000000000
9753 -458.0000000000
9789 -457.0000000000
9813 -456.0000000000
9829 -455.0000000000
9830 -454.0000000000
9837 -453.0000000000
9842 -452.0000000000
9865 -451.0000000000
9884 -450.0000000000
9894 -449.0000000000
9918 -448.0000000000
9946 -447.0000000000
9975 -446.0000000000
9984 -445.0000000000
10000 -446.0000000000
evaluations raw_y
1 -1918.0000000000
4 -1917.0000000000
5 -1916.0000000000
9 -1914.0000000000
11 -1913.0000000000
16 -1911.0000000000
26 -1910.0000000000
28 -1909.0000000000
31 -1907.0000000000
33 -1906.0000000000
36 -1904.0000000000
41 -1902.0000000000
56 -1901.0000000000
58 -1900.0000000000
64 -1898.0000000000
70 -1897.0000000000
73 -1896.0000000000
75 -1895.0000000000
76 -1894.0000000000
77 -1893.0000000000
78 -1891.0000000000
79 -1890.0000000000
80 -1889.0000000000
85 -1888.0000000000
88 -1887.0000000000
90 -1886.0000000000
92 -1885.0000000000
93 -1884.0000000000
98 -1883.0000000000
102 -1881.0000000000
106 -1880.0000000000
107 -1879.0000000000
109 -1878.0000000000
125 -1877.0000000000
131 -1876.0000000000
141 -1875.0000000000
146 -1874.0000000000
149 -1873.0000000000
150 -1872.0000000000
161 -1871.0000000000
162 -1868.0000000000
168 -1867.0000000000
181 -1866.0000000000
186 -1864.0000000000
187 -1863.0000000000
188 -1861.0000000000
190 -1860.0000000000
191 -1859.0000000000
192 -1858.0000000000
195 -1857.0000000000
199 -1856.0000000000
204 -1855.0000000000
208 -1854.0000000000
210 -1853.0000000000
211 -1852.0000000000
213 -1851.0000000000
216 -1850.0000000000
217 -1848.0000000000
218 -1847.0000000000
220 -1845.0000000000
224 -1844.0000000000
227 -1843.0000000000
228 -1842.0000000000
230 -1841.0000000000
231 -1840.0000000000
232 -1839.0000000000
234 -1838.0000000000
235 -1836.0000000000
237 -1835.0000000000
242 -1834.0000000000
245 -1833.0000000000
247 -1832.0000000000
256 -1829.0000000000
257 -1828.0000000000
258 -1827.0000000000
259 -1825.0000000000
261 -1824.0000000000
263 -1823.0000000000
267 -1822.0000000000
268 -1821.0000000000
269 -1820.0000000000
273 -1819.0000000000
275 -1817.0000000000
276 -1816.0000000000
278 -1815.0000000000
281 -1813.0000000000
288 -1812.0000000000
290 -1811.0000000000
295 -1810.0000000000
299 -1809.0000000000
302 -1808.0000000000
305 -1807.0000000000
306 -1805.0000000000
309 -1803.0000000000
315 -1802.0000000000
320 -1801.0000000000
322 -1800.0000000000
326 -1799.0000000000
329 -1797.0000000000
332 -1796.0000000000
333 -1795.0000000000
337 -1794.0000000000
338 -1793.0000000000
341 -1792.0000000000
351 -1789.0000000000
354 -1788.0000000000
358 -1787.0000000000
359 -1785.0000000000
360 -1784.0000000000
362 -1783.0000000000
367 -1781.0000000000
369 -1780.0000000000
371 -1778.0000000000
376 -1776.0000000000
382 -1774.0000000000
383 -1772.0000000000
390 -1771.0000000000
391 -1770.0000000000
401 -1769.0000000000
402 -1767.0000000000
403 -1766.0000000000
406 -1765.0000000000
413 -1764.0000000000
416 -1763.0000000000
422 -1762.0000000000
427 -1761.0000000000
428 -1760.0000000000
429 -1759.0000000000
430 -1758.0000000000
431 -1757.0000000000
432 -1756.0000000000
434 -1754.0000000000
440 -1753.0000000000
441 -1752.0000000000
449 -1751.0000000000
450 -1750.0000000000
462 -1749.0000000000
469 -1748.0000000000
473 -1747.0000000000
477 -1746.0000000000
483 -1745.0000000000
491 -1744.0000000000
501 -1742.0000000000
507 -1741.0000000000
511 -1740.0000000000
517 -1739.0000000000
521 -1737.0000000000
522 -1736.0000000000
524 -1734.0000000000
525 -1733.0000000000
536 -1732.0000000000
537 -1731.0000000000
539 -1730.0000000000
543 -1729.0000000000
547 -1728.0000000000
557 -1727.0000000000
558 -1724.0000000000
563 -1723.0000000000
564 -1722.0000000000
565 -1721.0000000000
567 -1720.0000000000
568 -1719.0000000000
570 -1718.0000000000
573 -1717.0000000000
574 -1716.0000000000
576 -1715.0000000000
580 -1714.0000000000
581 -1713.0000000000
583 -1712.0000000000
584 -1711.0000000000
586 -1710.0000000000
587 -1709.0000000000
594 -1707.0000000000
596 -1706.0000000000
598 -1705.0000000000
602 -1704.0000000000
603 -1702.0000000000
624 -1700.0000000000
626 -1699.0000000000
627 -1698.0000000000
631 -1697.0000000000
635 -1696.0000000000
637 -1694.0000000000
639 -1693.0000000000
642 -1692.0000000000
646 -1691.0000000000
651 -1689.0000000000
657 -1688.0000000000
671 -1687.0000000000
673 -1686.0000000000
676 -1685.0000000000
680 -1683.0000000000
686 -1681.0000000000
689 -1680.0000000000
694 -1679.0000000000
695 -1678.0000000000
697 -1677.0000000000
699 -1676.0000000000
700 -1675.0000000000
701 -1674.0000000000
703 -1672.0000000000
726 -1670.0000000000
736 -1669.0000000000
737 -1668.0000000000
751 -1667.0000000000
761 -1666.0000000000
763 -1664.0000000000
767 -1663.0000000000
774 -1662.0000000000
777 -1660.0000000000
780 -1659.0000000000
785 -1657.0000000000
792 -1656.0000000000
794 -1655.0000000000
800 -1654.0000000000
804 -1653.0000000000
805 -1652.0000000000
810 -1651.0000000000
818 -1649.0000000000
821 -1648.0000000000
827 -1646.0000000000
830 -1644.0000000000
832 -1643.0000000000
837 -1642.0000000000
841 -1641.0000000000
844 -1640.0000000000
847 -1639.0000000000
859 -1637.0000000000
870 -1635.0000000000
872 -1634.0000000000
873 -1633.0000000000
876 -1632.0000000000
878 -1630.0000000000
883 -1628.0000000000
887 -1627.0000000000
894 -1626.0000000000
899 -1625.0000000000
900 -1624.0000000000
901 -1623.0000000000
905 -1622.0000000000
909 -1621.0000000000
913 -1620.0000000000
916 -1619.0000000000
919 -1618.0000000000
938 -1617.0000000000
943 -1615.0000000000
946 -1614.0000000000
947 -1613.0000000000
954 -1610.0000000000
955 -1608.0000000000
957 -1607.0000000000
959 -1606.0000000000
961 -1605.0000000000
962 -1604.0000000000
963 -1603.0000000000
964 -1602.0000000000
969 -1601.0000000000
976 -1600.0000000000
977 -1599.0000000000
978 -1598.0000000000
980 -1597.0000000000
984 -1596.0000000000
986 -1595.0000000000
992 -1594.0000000000
997 -1593.0000000000
1000 -1592.0000000000
1004 -1591.0000000000
1015 -1590.0000000000
1016 -1589.0000000000
1033 -1588.0000000000
1039 -1587.0000000000
1044 -1586.0000000000
1051 -1585.0000000000
1061 -1583.0000000000
1064 -1582.0000000000
1066 -1581.0000000000
1068 -1579.0000000000
1070 -1578.0000000000
1073 -1577.0000000000
1078 -1575.0000000000
1080 -1573.0000000000
1082 -1572.0000000000
1087 -1570.0000000000
1100 -1569.0000000000
1109 -1567.0000000000
1110 -1566.0000000000
1113 -1565.0000000000
1117 -1564.0000000000
1118 -1563.0000000000
1120 -1562.0000000000
1123 -1561.0000000000
1125 -1559.0000000000
1133 -1558.0000000000
1135 -1557.0000000000
1143 -1556.0000000000
1144 -1555.0000000000
1148 -1554.0000000000
1153 -1552.0000000000
1154 -1551.0000000000
1156 -1549.0000000000
1166 -1547.0000000000
1167 -1546.0000000000
1182 -1545.0000000000
1194 -1543.0000000000
1200 -1542.0000000000
1216 -1540.0000000000
1218 -1539.0000000000
1221 -1538.0000000000
1227 -1537.0000000000
1228 -1536.0000000000
1229 -1535.0000000000
1232 -1534.0000000000
1234 -1533.0000000000
1235 -1531.0000000000
1242 -1530.0000000000
1265 -1528.0000000000
1267 -1527.0000000000
1269 -1526.0000000000
1271 -1525.0000000000
1276 -1524.0000000000
1290 -1523.0000000000
1291 -1522.0000000000
1299 -1521.0000000000
1311 -1520.0000000000
1322 -1519.0000000000
1325 -1518.0000000000
1328 -1516.0000000000
1329 -1514.0000000000
1330 -1512.0000000000
1336 -1511.0000000000
1342 -1510.0000000000
1353 -1509.0000000000
1364 -1508.0000000000
1368 -1507.0000000000
1369 -1506.0000000000
1374 -1504.0000000000
1375 -1503.0000000000
1376 -1502.0000000000
1379 -1500.0000000000
1385 -1499.0000000000
1386 -1498.0000000000
1393 -1497.0000000000
1394 -1496.0000000000
1397 -1495.0000000000
1400 -1494.0000000000
1406 -1493.0000000000
1408 -1492.0000000000
1414 -1491.0000000000
1416 -1490.0000000000
1423 -1489.0000000000
1440 -1488.0000000000
1443 -1487.0000000000
1449 -1486.0000000000
1450 -1485.0000000000
1458 -1482.0000000000
1464 -1480.0000000000
1468 -1479.0000000000
1471 -1478.0000000000
1473 -1477.0000000000
1476 -1476.0000000000
1483 -1475.0000000000
1484 -1474.0000000000
1490 -1472.0000000000
1494 -1471.0000000000
1502 -1470.0000000000
1506 -1468.0000000000
1519 -1467.0000000000
1523 -1465.0000000000
1525 -1464.0000000000
1526 -1463.0000000000
1529 -1462.0000000000
1531 -1460.0000000000
1533 -1458.0000000000
1534 -1457.0000000000
1541 -1455.0000000000
1543 -1454.0000000000
1544 -1453.0000000000
1545 -1452.0000000000
1549 -1451.0000000000
1554 -1450.0000000000
1566 -1448.0000000000
1567 -1446.0000000000
1571 -1443.0000000000
1580 -1442.0000000000
1586 -1441.0000000000
1587 -1440.0000000000
1588 -1438.0000000000
1592 -1437.0000000000
1605 -1436.0000000000
1610 -1435.0000000000
1615 -1434.0000000000
1616 -1433.0000000000
1626 -1432.0000000000
1629 -1431.0000000000
1630 -1430.0000000000
1634 -1429.0000000000
1643 -1428.0000000000
1644 -1426.0000000000
1645 -1424.0000000000
1647 -1423.0000000000
1653 -1422.0000000000
1657 -1421.0000000000
1658 -1419.0000000000
1659 -1418.0000000000
1667 -1417.0000000000
1668 -1416.0000000000
1703 -1415.0000000000
1705 -1414.0000000000
1715 -1413.0000000000
1721 -1412.0000000000
1722 -1411.0000000000
1724 -1410.0000000000
1725 -1409.0000000000
1735 -1408.0000000000
1761 -1407.0000000000
1762 -1406.0000000000
1773 -1405.0000000000
1780 -1403.0000000000
1787 -1402.0000000000
1790 -1401.0000000000
1801 -1400.0000000000
1806 -1399.0000000000
1808 -1398.0000000000
1810 -1397.0000000000
1813 -1395.0000000000
1815 -1394.0000000000
1816 -1393.0000000000
1819 -1392.0000000000
1822 -1391.0000000000
1828 -1390.0000000000
1837 -1389.0000000000
1839 -1388.0000000000
1843 -1387.0000000000
1844 -1386.0000000000
1854 -1385.0000000000
1866 -1383.0000000000
1873 -1382.0000000000
1874 -1381.0000000000
1885 -1380.0000000000
1891 -1378.0000000000
1894 -1377.0000000000
1919 -1376.0000000000
1920 -1375.0000000000
1926 -1373.0000000000
1927 -1371.0000000000
1932 -1370.0000000000
1934 -1368.0000000000
1940 -1366.0000000000
1942 -1365.0000000000
1944 -1364.0000000000
1947 -1363.0000000000
1950 -1361.0000000000
1960 -1360.0000000000
1974 -1359.0000000000
1975 -1358.0000000000
1978 -1357.0000000000
1979 -1356.0000000000
1983 -1355.0000000000
1987 -1354.0000000000
1990 -1353.0000000000
1991 -1352.0000000000
2001 -1351.0000000000
2002 -1350.0000000000
2003 -1348.0000000000
2008 -1344.0000000000
2010 -1341.0000000000
2035 -1340.0000000000
2040 -1339.0000000000
2045 -1338.0000000000
2049 -1337.0000000000
2050 -1335.0000000000
2055 -1334.0000000000
2057 -1333.0000000000
2061 -1332.0000000000
2067 -1331.0000000000
2071 -1330.0000000000
2074 -1329.0000000000
2089 -1328.0000000000
2092 -1326.0000000000
2094 -1324.0000000000
2101 -1323.0000000000
2109 -1321.0000000000
2111 -1319.0000000000
2116 -1318.0000000000
2123 -1317.0000000000
2124 -1316.0000000000
2129 -1315.0000000000
2139 -1314.0000000000
2148 -1313.0000000000
2160 -1312.0000000000
2161 -1311.0000000000
2163 -1310.0000000000
2168 -1309.0000000000
2169 -1308.0000000000
2173 -1306.0000000000
2175 -1305.0000000000
2194 -1304.0000000000
2199 -1303.0000000000
2202 -1302.0000000000
2221 -1300.0000000000
2233 -1299.0000000000
2235 -1298.0000000000
2238 -1297.0000000000
2245 -1295.0000000000
2246 -1294.0000000000
2255 -1293.0000000000
2259 -1292.0000000000
2275 -1291.0000000000
2283 -1290.0000000000
2290 -1289.0000000000
2292 -1288.0000000000
2319 -1287.0000000000
2323 -1286.0000000000
2324 -1284.0000000000
2326 -1283.0000000000
2332 -1282.0000000000
2333 -1281.0000000000
2352 -1278.0000000000
2353 -1277.0000000000
2373 -1276.0000000000
2381 -1275.0000000000
2396 -1274.0000000000
2400 -1273.0000000000
2411 -1272.0000000000
2414 -1271.0000000000
2421 -1269.0000000000
2426 -1268.0000000000
2429 -1266.0000000000
2433 -1265.0000000000
2448 -1264.0000000000
2464 -1263.0000000000
2470 -1262.0000000000
2475 -1261.0000000000
2478 -1260.0000000000
2484 -1259.0000000000
2498 -1257.0000000000
2500 -1256.0000000000
2510 -1255.0000000000
2517 -1254.0000000000
2519 -1253.0000000000
2537 -1251.0000000000
2538 -1250.0000000000
2540 -1248.0000000000
2542 -1247.0000000000
2555 -1246.0000000000
2557 -1245.0000000000
2558 -1244.0000000000
2582 -1243.0000000000
2584 -1242.0000000000
2590 -1241.0000000000
2592 -1240.0000000000
2597 -1239.0000000000
2598 -1238.0000000000
2629 -1237.0000000000
2644 -1236.0000000000
2650 -1235.0000000000
2652 -1234.0000000000
2653 -1233.0000000000
2664 -1232.0000000000
2669 -1231.0000000000
2671 -1230.0000000000
2673 -1229.0000000000
2682 -1228.0000000000
2683 -1227.0000000000
2687 -1226.0000000000
2688 -1225.0000000000
2690 -1223.0000000000
2704 -1222.0000000000
2708 -1221.0000000000
2709 -1220.0000000000
2711 -1219.0000000000
2718 -1218.0000000000
2724 -1217.0000000000
2728 -1216.0000000000
2729 -1215.0000000000
2734 -1214.0000000000
2737 -1213.0000000000
2740 -1212.0000000000
2741 -1211.0000000000
2750 -1210.0000000000
2760 -1208.0000000000
2768 -1206.0000000000
2776 -1205.0000000000
2778 -1204.0000000000
2791 -1203.0000000000
2810 -1202.0000000000
2811 -1201.0000000000
2821 -1200.0000000000
2822 -1199.0000000000
2826 -1197.0000000000
2827 -1196.0000000000
2832 -1195.0000000000
2839 -1194.0000000000
2845 -1193.0000000000
2849 -1191.0000000000
2854 -1189.0000000000
2859 -1188.0000000000
2868 -1187.0000000000
2894 -1186.0000000000
2915 -1185.0000000000
2918 -1184.0000000000
2921 -1183.0000000000
2931 -1181.0000000000
2935 -1180.0000000000
2937 -1179.0000000000
2939 -1178.0000000000
2947 -1177.0000000000
2949 -1176.0000000000
2958 -1175.0000000000
2960 -1174.0000000000
2964 -1173.0000000000
2974 -1171.0000000000
2975 -1170.0000000000
2980 -1169.0000000000
2994 -1168.0000000000
2997 -1167.0000000000
3010 -1166.0000000000
3013 -1165.0000000000
3020 -1163.0000000000
3021 -1160.0000000000
3024 -1158.0000000000
3026 -1156.0000000000
3039 -1155.0000000000
3042 -1154.0000000000
3047 -1153.0000000000
3048 -1152.0000000000
3067 -1151.0000000000
3075 -1150.0000000000
3078 -1149.0000000000
3080 -1148.0000000000
3099 -1147.0000000000
3105 -1146.0000000000
3106 -1145.0000000000
3110 -1144.0000000000
3125 -1142.0000000000
3126 -1141.0000000000
3127 -1140.0000000000
3133 -1139.0000000000
3137 -1138.0000000000
3158 -1137.0000000000
3166 -1136.0000000000
3168 -1135.0000000000
3179 -1134.0000000000
3180 -1133.0000000000
3204 -1132.0000000000
3206 -1130.0000000000
3230 -1129.0000000000
3260 -1128.0000000000
3266 -1127.0000000000
3267 -1125.0000000000
3278 -1124.0000000000
3285 -1123.0000000000
3293 -1122.0000000000
3296 -1121.0000000000
3299 -1119.0000000000
3305 -1118.0000000000
3314 -1117.0000000000
3320 -1116.0000000000
3327 -1115.0000000000
3344 -1114.0000000000
3349 -1112.0000000000
3362 -1111.0000000000
3366 -1110.0000000000
3371 -1109.0000000000
3375 -1108.0000000000
3381 -1107.0000000000
3386 -1106.0000000000
3387 -1105.0000000000
3392 -1104.0000000000
3394 -1103.0000000000
3396 -1102.0000000000
3401 -1100.0000000000
3406 -1099.0000000000
3415 -1098.0000000000
3419 -1097.0000000000
3421 -1096.0000000000
3430 -1095.0000000000
3434 -1093.0000000000
3435 -1092.0000000000
3442 -1091.0000000000
3445 -1089.0000000000
3447 -1088.0000000000
3456 -1087.0000000000
3458 -1086.0000000000
3461 -1085.0000000000
3466 -1084.0000000000
3468 -1082.0000000000
3490 -1080.0000000000
3496 -1079.0000000000
3501 -1078.0000000000
3502 -1077.0000000000
3521 -1076.0000000000
3525 -1074.0000000000
3534 -1073.0000000000
3554 -1072.0000000000
3587 -1071.0000000000
3607 -1070.0000000000
3608 -1069.0000000000
3620 -1068.0000000000
3621 -1067.0000000000
3629 -1066.0000000000
3631 -1065.0000000000
3635 -1064.0000000000
3640 -1063.0000000000
3641 -1061.0000000000
3653 -1060.0000000000
3657 -1059.0000000000
3661 -1058.0000000000
3662 -1057.0000000000
3665 -1055.0000000000
3666 -1054.0000000000
3667 -1053.0000000000
3675 -1052.0000000000
3685 -1051.0000000000
3691 -1050.0000000000
3698 -1048.0000000000
3699 -1047.0000000000
3703 -1046.0000000000
3705 -1045.0000000000
3706 -1044.0000000000
3708 -1043.0000000000
3716 -1042.0000000000
3726 -1041.0000000000
3728 -1040.0000000000
3729 -1038.0000000000
3731 -1037.0000000000
3734 -1036.0000000000
3744 -1035.0000000000
3746 -1034.0000000000
3755 -1033.0000000000
3760 -1032.0000000000
3773 -1031.0000000000
3777 -1030.0000000000
3796 -1028.0000000000
3808 -1027.0000000000
3810 -1026.0000000000
3812 -1025.0000000000
3824 -1024.0000000000
3833 -1023.0000000000
3849 -1022.0000000000
3870 -1021.0000000000
3892 -1020.0000000000
3898 -1019.0000000000
3901 -1018.0000000000
3905 -1017.0000000000
3930 -1016.0000000000
3935 -1015.0000000000
3956 -1014.0000000000
3957 -1013.0000000000
3959 -1012.0000000000
3960 -1011.0000000000
3966 -1010.0000000000
3972 -1009.0000000000
3973 -1008.0000000000
3988 -1007.0000000000
3990 -1005.0000000000
3996 -1004.0000000000
4000 -1003.0000000000
4021 -1002.0000000000
4027 -1001.0000000000
4042 -1000.0000000000
4052 -999.0000000000
4063 -998.0000000000
4066 -997.0000000000
4073 -996.0000000000
4076 -994.0000000000
4089 -993.0000000000
4114 -992.0000000000
4125 -991.0000000000
4126 -990.0000000000
4149 -989.0000000000
4153 -987.0000000000
4155 -984.0000000000
4159 -983.0000000000
4170 -982.0000000000
4173 -981.0000000000
4178 -980.0000000000
4186 -979.0000000000
4195 -978.0000000000
4198 -977.0000000000
4206 -976.0000000000
4210 -974.0000000000
4211 -973.0000000000
4227 -972.0000000000
4229 -971.0000000000
4236 -969.0000000000
4238 -968.0000000000
4240 -967.0000000000
4258 -966.0000000000
4261 -964.0000000000
4268 -963.0000000000
4270 -961.0000000000
4279 -959.0000000000
4284 -958.0000000000
4290 -956.0000000000
4298 -955.0000000000
4317 -954.0000000000
4319 -952.0000000000
4344 -951.0000000000
4356 -950.0000000000
4365 -949.0000000000
4366 -948.0000000000
4368 -947.0000000000
4375 -946.0000000000
4386 -945.0000000000
4397 -943.0000000000
4398 -942.0000000000
4403 -941.0000000000
4410 -940.0000000000
4418 -939.0000000000
4426 -938.0000000000
4427 -937.0000000000
4428 -936.0000000000
4437 -935.0000000000
4452 -934.0000000000
4454 -933.0000000000
4456 -932.0000000000
4466 -931.0000000000
4468 -930.0000000000
4469 -929.0000000000
4475 -928.0000000000
4483 -927.0000000000
4485 -926.0000000000
4492 -925.0000000000
4495 -924.0000000000
4496 -923.0000000000
4502 -922.0000000000
4510 -921.0000000000
4512 -920.0000000000
4522 -919.0000000000
4530 -918.0000000000
4537 -917.0000000000
4541 -916.0000000000
4543 -915.0000000000
4557 -914.0000000000
4589 -913.0000000000
4605 -911.0000000000
4612 -910.0000000000
4623 -909.0000000000
4626 -908.0000000000
4634 -907.0000000000
4637 -906.0000000000
4641 -905.0000000000
4643 -904.0000000000
4656 -903.0000000000
4666 -902.0000000000
4672 -901.0000000000
4687 -900.0000000000
4691 -899.0000000000
4732 -898.0000000000
4733 -897.0000000000
4742 -896.0000000000
4761 -895.0000000000
4764 -894.0000000000
4773 -893.0000000000
4779 -892.0000000000
4796 -891.0000000000
4804 -890.0000000000
4813 -889.0000000000
4826 -888.0000000000
4833 -886.0000000000
4837 -885.0000000000
4860 -884.0000000000
4874 -883.0000000000
4875 -882.0000000000
4883 -881.0000000000
4898 -880.0000000000
4908 -879.0000000000
4918 -877.0000000000
4937 -876.0000000000
4941 -875.0000000000
4942 -874.0000000000
4947 -873.0000000000
4953 -872.0000000000
4966 -871.0000000000
4969 -869.0000000000
4972 -868.0000000000
4988 -866.0000000000
4991 -865.0000000000
4997 -864.0000000000
5013 -863.0000000000
5016 -862.0000000000
5024 -861.0000000000
5029 -860.0000000000
5036 -859.0000000000
5048 -858.0000000000
5055 -856.0000000000
5060 -855.0000000000
5075 -854.0000000000
5077 -853.0000000000
5082 -852.0000000000
5084 -851.0000000000
5088 -849.0000000000
5090 -848.0000000000
5098 -847.0000000000
5106 -846.0000000000
5111 -845.0000000000
5112 -844.0000000000
5145 -843.0000000000
5178 -842.0000000000
5180 -841.0000000000
5207 -840.0000000000
5223 -839.0000000000
5245 -838.0000000000
5254 -837.0000000000
5256 -836.0000000000
5287 -835.0000000000
5290 -834.0000000000
5297 -832.0000000000
5301 -831.0000000000
5308 -830.0000000000
5314 -829.0000000000
5317 -828.0000000000
5332 -827.0000000000
5343 -826.0000000000
5362 -825.0000000000
5369 -824.0000000000
5382 -823.0000000000
5396 -822.0000000000
5420 -821.0000000000
5421 -820.0000000000
5444 -819.0000000000
5465 -817.0000000000
5483 -816.0000000000
5484 -815.0000000000
5487 -813.0000000000
5493 -812.0000000000
5494 -811.0000000000
5495 -809.0000000000
5498 -808.0000000000
5500 -807.0000000000
5503 -806.0000000000
5518 -805.0000000000
5519 -804.0000000000
5527 -803.0000000000
5536 -802.0000000000
5567 -801.0000000000
5584 -800.0000000000
5588 -799.0000000000
5603 -797.0000000000
5605 -796.0000000000
5609 -795.0000000000
5621 -794.0000000000
5625 -793.0000000000
5627 -792.0000000000
5643 -791.0000000000
5647 -790.0000000000
5668 -789.0000000000
5680 -788.0000000000
5688 -787.0000000000
5693 -786.0000000000
5698 -785.0000000000
5705 -784.0000000000
5723 -783.0000000000
5725 -782.0000000000
5731 -781.0000000000
5739 -780.0000000000
5743 -779.0000000000
5746 -777.0000000000
5750 -776.0000000000
5752 -775.0000000000
5757 -774.0000000000
5759 -772.0000000000
5763 -771.0000000000
5774 -770.0000000000
5816 -769.0000000000
5842 -768.0000000000
5845 -767.0000000000
5854 -766.0000000000
5867 -765.0000000000
5869 -764.0000000000
5880 -763.0000000000
5881 -762.0000000000
5902 -760.0000000000
5935 -758.0000000000
5936 -757.0000000000
5939 -756.0000000000
5942 -755.0000000000
5943 -754.0000000000
5949 -753.0000000000
5955 -751.0000000000
5957 -750.0000000000
5964 -749.0000000000
5973 -748.0000000000
5979 -747.0000000000
5983 -746.0000000000
5984 -745.0000000000
5985 -744.0000000000
5991 -743.0000000000
5996 -741.0000000000
5997 -740.0000000000
6001 -739.0000000000
6003 -738.0000000000
6034 -737.0000000000
6043 -736.0000000000
6064 -735.0000000000
6087 -734.0000000000
6094 -733.0000000000
6102 -732.0000000000
6128 -731.0000000000
6130 -730.0000000000
6144 -729.0000000000
6171 -728.0000000000
6195 -727.0000000000
6209 -725.0000000000
6219 -724.0000000000
6239 -722.0000000000
6274 -721.0000000000
6275 -720.0000000000
6285 -719.0000000000
6294 -718.0000000000
6296 -717.0000000000
6299 -716.0000000000
6317 -714.0000000000
6326 -713.0000000000
6329 -712.0000000000
6363 -711.0000000000
6374 -710.0000000000
6399 -709.0000000000
6415 -708.0000000000
6416 -707.0000000000
6424 -706.0000000000
6425 -705.0000000000
6439 -704.0000000000
6468 -702.0000000000
6472 -701.0000000000
6482 -700.0000000000
6500 -699.0000000000
6505 -697.0000000000
6511 -696.0000000000
6523 -695.0000000000
6533 -694.0000000000
6546 -693.0000000000
6563 -692.0000000000
6577 -691.0000000000
6579 -690.0000000000
6617 -689.0000000000
6620 -688.0000000000
6644 -687.0000000000
6654 -686.0000000000
6656 -685.0000000000
6669 -684.0000000000
6686 -683.0000000000
6695 -682.0000000000
6705 -680.0000000000
6710 -679.0000000000
6714 -678.0000000000
6717 -677.0000000000
6722 -676.0000000000
6739 -675.0000000000
6747 -674.0000000000
6761 -673.0000000000
6762 -672.0000000000
6784 -671.0000000000
6789 -669.0000000000
6798 -668.0000000000
6817 -667.0000000000
6835 -666.0000000000
6848 -665.0000000000
6875 -664.0000000000
6919 -663.0000000000
6923 -662.0000000000
6938 -661.0000000000
6942 -659.0000000000
6954 -658.0000000000
6984 -657.0000000000
7014 -656.0000000000
7015 -655.0000000000
7023 -653.0000000000
7030 -652.0000000000
7063 -651.0000000000
7070 -650.0000000000
7075 -649.0000000000
7078 -648.0000000000
7106 -647.0000000000
7126 -646.0000000000
7148 -645.0000000000
7164 -644.0000000000
7178 -643.0000000000
7187 -642.0000000000
7195 -641.0000000000
7224 -640.0000000000
7235 -639.0000000000
7249 -638.0000000000
7260 -637.0000000000
7274 -636.0000000000
7292 -635.0000000000
7298 -634.0000000000
7300 -633.0000000000
7311 -632.0000000000
7314 -631.0000000000
7324 -630.0000000000
7345 -629.0000000000
7359 -628.0000000000
7427 -627.0000000000
7455 -626.0000000000
7456 -625.0000000000
7488 -624.0000000000
7500 -622.0000000000
7544 -621.0000000000
7553 -620.0000000000
7554 -618.0000000000
7566 -617.0000000000
7585 -616.0000000000
7588 -615.0000000000
7591 -614.0000000000
7600 -613.0000000000
7601 -612.0000000000
7603 -611.0000000000
7630 -610.0000000000
7642 -609.0000000000
7660 -608.0000000000
7668 -606.0000000000
7678 -605.0000000000
7692 -604.0000000000
7704 -603.0000000000
7746 -602.0000000000
7764 -601.0000000000
7765 -600.0000000000
7770 -599.0000000000
7773 -598.0000000000
7783 -597.0000000000
7785 -596.0000000000
7789 -595.0000000000
7799 -594.0000000000
7818 -593.0000000000
7843 -592.0000000000
7865 -591.0000000000
7866 -590.0000000000
7867 -589.0000000000
7873 -588.0000000000
7880 -587.0000000000
7885 -585.0000000000
7890 -584.0000000000
7992 -583.0000000000
8011 -582.0000000000
8014 -581.0000000000
8018 -580.0000000000
8049 -579.0000000000
8058 -578.0000000000
8059 -577.0000000000
8063 -576.0000000000
8064 -574.0000000000
8070 -572.0000000000
8081 -570.0000000000
8111 -568.0000000000
8114 -567.0000000000
8147 -566.0000000000
8199 -565.0000000000
8228 -564.0000000000
8248 -563.0000000000
8256 -562.0000000000
8264 -561.0000000000
8280 -560.0000000000
8290 -559.0000000000
8297 -558.0000000000
8302 -557.0000000000
8349 -556.0000000000
8362 -555.0000000000
8373 -553.0000000000
8377 -552.0000000000
8390 -550.0000000000
8418 -549.0000000000
8426 -548.0000000000
8446 -547.0000000000
8447 -546.0000000000
8459 -544.0000000000
8465 -543.0000000000
8487 -542.0000000000
8509 -541.0000000000
8518 -540.0000000000
8538 -538.0000000000
8554 -537.0000000000
8574 -536.0000000000
8578 -535.0000000000
8585 -534.0000000000
8626 -533.0000000000
8629 -532.0000000000
8651 -531.0000000000
8686 -530.0000000000
8688 -529.0000000000
8694 -528.0000000000
8698 -527.0000000000
8713 -526.0000000000
8723 -525.0000000000
8743 -524.0000000000
8782 -523.0000000000
8803 -522.0000000000
8806 -521.0000000000
8859 -520.0000000000
8876 -519.0000000000
8895 -518.0000000000
8900 -517.0000000000
8911 -516.0000000000
8917 -515.0000000000
8920 -514.0000000000
9042 -513.0000000000
9057 -511.0000000000
9077 -510.0000000000
9083 -509.0000000000
9086 -508.0000000000
9098 -507.0000000000
9112 -506.0000000000
9117 -505.0000000000
9142 -503.0000000000
9175 -502.0000000000
9183 -501.0000000000
9186 -500.0000000000
9216 -499.0000000000
9227 -498.0000000000
9232 -497.0000000000
9260 -496.0000000000
9262 -495.0000000000
9278 -494.0000000000
9292 -493.0000000000
9299 -492.0000000000
9350 -491.0000000000
9379 -490.0000000000
9415 -489.0000000000
9421 -487.0000000000
9436 -486.0000000000
9439 -485.0000000000
9445 -484.0000000000
9451 -483.0000000000
9455 -482.0000000000
9462 -481.0000000000
9468 -480.0000000000
9476 -479.0000000000
9484 -478.0000000000
9499 -477.0000000000
9510 -476.0000000000
9517 -475.0000000000
9532 -474.0000000000
9562 -473.0000000000
9610 -472.0000000000
9631 -471.0000000000
9639 -470.0000000000
9640 -469.0000000000
9675 -468.0000000000
9752 -467.0000000000
9754 -466.0000000000
9776 -464.0000000000
9778 -463.0000000000
9796 -462.0000000000
9821 -461.0000000000
9849 -460.0000000000
9868 -459.0000000000
9934 -458.0000000000
9945 -457.0000000000
9961 -456.0000000000
9981 -455.0000000000
9987 -454.0000000000
9991 -453.0000000000
9993 -452.0000000000
10000 -452.0000000000
evaluations raw_y
1 -1893.0000000000
2 -1892.0000000000
5 -1890.0000000000
6 -1889.0000000000
14 -1886.0000000000
16 -1885.0000000000
17 -1884.0000000000
21 -1883.0000000000
23 -1882.0000000000
24 -1880.0000000000
30 -1879.0000000000
33 -1878.0000000000
34 -1877.0000000000
35 -1876.0000000000
36 -1875.0000000000
52 -1874.0000000000
56 -1873.0000000000
58 -1872.0000000000
61 -1871.0000000000
70 -1870.0000000000
76 -1868.0000000000
78 -1867.0000000000
83 -1866.0000000000
87 -1865.0000000000
89 -1863.0000000000
90 -1862.0000000000
92 -1860.0000000000
95 -1859.0000000000
106 -1858.0000000000
108 -1857.0000000000
110 -1856.0000000000
123 -1855.0000000000
125 -1853.0000000000
129 -1852.0000000000
144 -1851.0000000000
151 -1849.0000000000
155 -1847.0000000000
159 -1846.0000000000
171 -1844.0000000000
181 -1843.0000000000
185 -1842.0000000000
186 -1841.0000000000
194 -1840.0000000000
197 -1839.0000000000
200 -1838.0000000000
209 -1836.0000000000
210 -1835.0000000000
215 -1832.0000000000
216 -1830.0000000000
218 -1829.0000000000
219 -1828.0000000000
220 -1826.0000000000
224 -1825.0000000000
237 -1824.0000000000
238 -1823.0000000000
241 -1820.0000000000
247 -1819.0000000000
249 -1816.0000000000
250 -1815.0000000000
260 -1814.0000000000
275 -1813.0000000000
277 -1812.0000000000
282 -1811.0000000000
290 -1810.0000000000
297 -1809.0000000000
309 -1808.0000000000
311 -1807.0000000000
312 -1806.0000000000
313 -1805.0000000000
314 -1804.0000000000
319 -1803.0000000000
320 -1802.0000000000
324 -1800.0000000000
325 -1799.0000000000
329 -1798.0000000000
341 -1797.0000000000
352 -1794.0000000000
358 -1793.0000000000
360 -1792.0000000000
364 -1791.0000000000
370 -1790.0000000000
374 -1789.0000000000
375 -1788.0000000000
377 -1786.0000000000
378 -1785.0000000000
381 -1784.0000000000
385 -1783.0000000000
406 -1782.0000000000
408 -1780.0000000000
410 -1779.0000000000
413 -1778.0000000000
418 -1776.0000000000
419 -1775.0000000000
427 -1773.0000000000
428 -1771.0000000000
433 -1770.0000000000
434 -1769.0000000000
436 -1768.0000000000
445 -1766.0000000000
446 -1765.0000000000
449 -1764.0000000000
451 -1761.0000000000
456 -1760.0000000000
457 -1759.0000000000
459 -1757.0000000000
469 -1756.0000000000
472 -1755.0000000000
477 -1754.0000000000
485 -1753.0000000000
486 -1752.0000000000
490 -1751.0000000000
493 -1750.0000000000
498 -1748.0000000000
499 -1746.0000000000
503 -1744.0000000000
506 -1742.0000000000
507 -1740.0000000000
509 -1739.0000000000
521 -1737.0000000000
525 -1736.0000000000
526 -1735.0000000000
528 -1734.0000000000
531 -1733.0000000000
533 -1732.0000000000
535 -1729.0000000000
542 -1727.0000000000
544 -1726.0000000000
549 -1724.0000000000
559 -1723.0000000000
560 -1722.0000000000
562 -1721.0000000000
570 -1720.0000000000
578 -1719.0000000000
582 -1718.0000000000
583 -1717.0000000000
585 -1716.0000000000
593 -1714.0000000000
598 -1712.0000000000
599 -1709.0000000000
607 -1707.0000000000
611 -1706.0000000000
616 -1705.0000000000
619 -1703.0000000000
623 -1701.0000000000
631 -1700.0000000000
635 -1699.0000000000
641 -1698.0000000000
642 -1697.0000000000
646 -1696.0000000000
650 -1693.0000000000
651 -1691.0000000000
652 -1690.0000000000
654 -1689.0000000000
655 -1688.0000000000
658 -1687.0000000000
670 -1686.0000000000
674 -1685.0000000000
683 -1684.0000000000
685 -1683.0000000000
696 -1682.0000000000
705 -1681.0000000000
707 -1680.0000000000
719 -1679.0000000000
720 -1678.0000000000
721 -1677.0000000000
723 -1674.0000000000
732 -1673.0000000000
735 -1672.0000000000
746 -1671.0000000000
747 -1670.0000000000
752 -1668.0000000000
755 -1667.0000000000
778 -1665.0000000000
786 -1662.0000000000
793 -1661.0000000000
795 -1660.0000000000
802 -1659.0000000000
814 -1658.0000000000
817 -1657.0000000000
820 -1656.0000000000
824 -1654.0000000000
825 -1652.0000000000
828 -1651.0000000000
833 -1650.0000000000
837 -1649.0000000000
840 -1648.0000000000
849 -1647.0000000000
860 -1645.0000000000
864 -1644.0000000000
867 -1643.0000000000
876 -1642.0000000000
880 -1640.0000000000
881 -1639.0000000000
882 -1638.0000000000
884 -1637.0000000000
892 -1636.0000000000
893 -1635.0000000000
895 -1633.0000000000
899 -1632.0000000000
900 -1631.0000000000
902 -1630.0000000000
904 -1627.0000000000
908 -1626.0000000000
915 -1625.0000000000
918 -1624.0000000000
921 -1623.0000000000
932 -1622.0000000000
936 -1620.0000000000
939 -1619.0000000000
953 -1618.0000000000
959 -1617.0000000000
963 -1616.0000000000
966 -1615.0000000000
968 -1614.0000000000
969 -1613.0000000000
974 -1612.0000000000
982 -1611.0000000000
983 -1609.0000000000
984 -1608.0000000000
985 -1605.0000000000
991 -1604.0000000000
993 -1603.0000000000
999 -1602.0000000000
1002 -1600.0000000000
1008 -1599.0000000000
1014 -1597.0000000000
1015 -1596.0000000000
1017 -1595.0000000000
1023 -1594.0000000000
1025 -1593.0000000000
1033 -1592.0000000000
1039 -1590.0000000000
1043 -1589.0000000000
1046 -1587.0000000000
1064 -1586.0000000000
1070 -1585.0000000000
1080 -1584.0000000000
1086 -1583.0000000000
1094 -1582.0000000000
1106 -1581.0000000000
1107 -1580.0000000000
1113 -1579.0000000000
1117 -1578.0000000000
1122 -1577.0000000000
1130 -1575.0000000000
1138 -1573.0000000000
1151 -1572.0000000000
1152 -1571.0000000000
1153 -1570.0000000000
1155 -1569.0000000000
1156 -1568.0000000000
1162 -1567.0000000000
1170 -1566.0000000000
1171 -1565.0000000000
1180 -1564.0000000000
1189 -1563.0000000000
1192 -1562.0000000000
1197 -1561.0000000000
1200 -1560.0000000000
1201 -1559.0000000000
1206 -1558.0000000000
1207 -1557.0000000000
1216 -1556.0000000000
1217 -1554.0000000000
1225 -1553.0000000000
1227 -1552.0000000000
1228 -1551.0000000000
1230 -1549.0000000000
1233 -1548.0000000000
1234 -1547.0000000000
1236 -1546.0000000000
1245 -1545.0000000000
1249 -1544.0000000000
1262 -1541.0000000000
1263 -1540.0000000000
1274 -1539.0000000000
1290 -1538.0000000000
1293 -1537.0000000000
1296 -1536.0000000000
1310 -1535.0000000000
1318 -1533.0000000000
1319 -1531.0000000000
1324 -1530.0000000000
1335 -1529.0000000000
1339 -1528.0000000000
1340 -1527.0000000000
1349 -1525.0000000000
1352 -1523.0000000000
1357 -1522.0000000000
1358 -1521.0000000000
1365 -1520.0000000000
1368 -1519.0000000000
1370 -1518.0000000000
1382 -1517.0000000000
1387 -1516.0000000000
1388 -1515.0000000000
1392 -1514.0000000000
1396 -1513.0000000000
1398 -1512.0000000000
1401 -1511.0000000000
1404 -1510.0000000000
1405 -1507.0000000000
1413 -1506.0000000000
1420 -1505.0000000000
1427 -1503.0000000000
1429 -1502.0000000000
1434 -1501.0000000000
1435 -1499.0000000000
1436 -1498.0000000000
1444 -1497.0000000000
1449 -1496.0000000000
1455 -1495.0000000000
1457 -1494.0000000000
1460 -1493.0000000000
1463 -1492.0000000000
1469 -1491.0000000000
1470 -1490.0000000000
1476 -1489.0000000000
1484 -1488.0000000000
1485 -1487.0000000000
1492 -1486.0000000000
1497 -1484.0000000000
1498 -1483.0000000000
1499 -1481.0000000000
1504 -1480.0000000000
1508 -1479.0000000000
1519 -1478.0000000000
1521 -1477.0000000000
1524 -1475.0000000000
1525 -1474.0000000000
1526 -1472.0000000000
1532 -1471.0000000000
1533 -1469.0000000000
1543 -1468.0000000000
1544 -1467.0000000000
1553 -1465.0000000000
1562 -1464.0000000000
1564 -1463.0000000000
1565 -1462.0000000000
1567 -1461.0000000000
1574 -1460.0000000000
1579 -1459.0000000000
1582 -1458.0000000000
1583 -1457.0000000000
1588 -1456.0000000000
1594 -1455.0000000000
1595 -1452.0000000000
1600 -1451.0000000000
1603 -1449.0000000000
1606 -1448.0000000000
1616 -1447.0000000000
1631 -1446.0000000000
1634 -1445.0000000000
1636 -1444.0000000000
1640 -1443.0000000000
1642 -1440.0000000000
1648 -1439.0000000000
1649 -1437.0000000000
1659 -1436.0000000000
1665 -1435.0000000000
1667 -1433.0000000000
1680 -1432.0000000000
1682 -1431.0000000000
1692 -1429.0000000000
1694 -1428.0000000000
1698 -1427.0000000000
1705 -1426.0000000000
1707 -1425.0000000000
1714 -1424.0000000000
1720 -1423.0000000000
1730 -1422.0000000000
1733 -1421.0000000000
1734 -1420.0000000000
1748 -1419.0000000000
1749 -1418.0000000000
1752 -1415.0000000000
1756 -1414.0000000000
1761 -1413.0000000000
1764 -1411.0000000000
1774 -1409.0000000000
1779 -1407.0000000000
1789 -1406.0000000000
1795 -1403.0000000000
1797 -1402.0000000000
1798 -1400.0000000000
1816 -1399.0000000000
1819 -1398.0000000000
1821 -1394.0000000000
1823 -1393.0000000000
1827 -1392.0000000000
1831 -1391.0000000000
1835 -1390.0000000000
1837 -1389.0000000000
1838 -1388.0000000000
1842 -1387.0000000000
1845 -1386.0000000000
1848 -1385.0000000000
1852 -1384.0000000000
1857 -1383.0000000000
1863 -1381.0000000000
1869 -1380.0000000000
1871 -1379.0000000000
1875 -1377.0000000000
1878 -1376.0000000000
1883 -1373.0000000000
1891 -1372.0000000000
1899 -1371.0000000000
1914 -1370.0000000000
1916 -1369.0000000000
1917 -1368.0000000000
1923 -1367.0000000000
1927 -1366.0000000000
1930 -1364.0000000000
1942 -1363.0000000000
1952 -1361.0000000000
1953 -1360.0000000000
1960 -1359.0000000000
1963 -1357.0000000000
1968 -1356.0000000000
1970 -1355.0000000000
1971 -1354.0000000000
1973 -1353.0000000000
1975 -1352.0000000000
1978 -1351.0000000000
1985 -1350.0000000000
1990 -1349.0000000000
1991 -1348.0000000000
1995 -1347.0000000000
2009 -1346.0000000000
2012 -1345.0000000000
2017 -1343.0000000000
2020 -1342.0000000000
2021 -1341.0000000000
2031 -1340.0000000000
2039 -1338.0000000000
2041 -1337.0000000000
2045 -1336.0000000000
2051 -1335.0000000000
2057 -1334.0000000000
2063 -1332.0000000000
2071 -1331.0000000000
2090 -1330.0000000000
2104 -1329.0000000000
2105 -1328.0000000000
2106 -1327.0000000000
2110 -1325.0000000000
2112 -1324.0000000000
2113 -1323.0000000000
2129 -1322.0000000000
2130 -1321.0000000000
2140 -1320.0000000000
2149 -1319.0000000000
2154 -1317.0000000000
2156 -1316.0000000000
2163 -1315.0000000000
2165 -1313.0000000000
2175 -1312.0000000000
2179 -1311.0000000000
2182 -1310.0000000000
2183 -1309.0000000000
2185 -1308.0000000000
2186 -1306.0000000000
2199 -1305.0000000000
2200 -1304.0000000000
2203 -1303.0000000000
2206 -1300.0000000000
2208 -1299.0000000000
2216 -1298.0000000000
2220 -1295.0000000000
2226 -1294.0000000000
2231 -1292.0000000000
2239 -1291.0000000000
2247 -1290.0000000000
2253 -1288.0000000000
2254 -1285.0000000000
2255 -1284.0000000000
2256 -1283.0000000000
2260 -1282.0000000000
2266 -1281.0000000000
2271 -1280.0000000000
2272 -1279.0000000000
2279 -1278.0000000000
2293 -1277.0000000000
2296 -1276.0000000000
2301 -1275.0000000000
2303 -1273.0000000000
2306 -1272.0000000000
2311 -1271.0000000000
2321 -1270.0000000000
2325 -1269.0000000000
2329 -1266.0000000000
2330 -1265.0000000000
2331 -1263.0000000000
2332 -1262.0000000000
2338 -1261.0000000000
2344 -1260.0000000000
2349 -1259.0000000000
2361 -1258.0000000000
2362 -1257.0000000000
2366 -1255.0000000000
2369 -1254.0000000000
2375 -1253.0000000000
2382 -1252.0000000000
2384 -1251.0000000000
2389 -1250.0000000000
2402 -1249.0000000000
2421 -1248.0000000000
2428 -1247.0000000000
2432 -1245.0000000000
2433 -1244.0000000000
2438 -1242.0000000000
2439 -1240.0000000000
2442 -1239.0000000000
2452 -1238.0000000000
2453 -1237.0000000000
2458 -1236.0000000000
2466 -1235.0000000000
2475 -1234.0000000000
2485 -1233.0000000000
2494 -1232.0000000000
2500 -1231.0000000000
2504 -1230.0000000000
2507 -1228.0000000000
2522 -1226.0000000000
2525 -1224.0000000000
2528 -1223.0000000000
2532 -1222.0000000000
2543 -1221.0000000000
2546 -1220.0000000000
2561 -1219.0000000000
2567 -1218.0000000000
2569 -1217.0000000000
2590 -1216.0000000000
2607 -1215.0000000000
2613 -1214.0000000000
2617 -1213.0000000000
2625 -1212.0000000000
2627 -1211.0000000000
2650 -1210.0000000000
2652 -1209.0000000000
2659 -1208.0000000000
2672 -1207.0000000000
2686 -1206.0000000000
2689 -1205.0000000000
2694 -1204.0000000000
2697 -1203.0000000000
2698 -1202.0000000000
2699 -1201.0000000000
2701 -1200.0000000000
2706 -1199.0000000000
2716 -1198.0000000000
2721 -1197.0000000000
2722 -1196.0000000000
2723 -1195.0000000000
2727 -1194.0000000000
2742 -1193.0000000000
2755 -1192.0000000000
2756 -1191.0000000000
2758 -1190.0000000000
2767 -1189.0000000000
2774 -1188.0000000000
2780 -1187.0000000000
2781 -1186.0000000000
2787 -1185.0000000000
2788 -1184.0000000000
2796 -1183.0000000000
2801 -1182.0000000000
2802 -1181.0000000000
2803 -1180.0000000000
2810 -1179.0000000000
2816 -1178.0000000000
2817 -1177.0000000000
2825 -1176.0000000000
2826 -1175.0000000000
2828 -1174.0000000000
2832 -1173.0000000000
2833 -1172.0000000000
2835 -1171.0000000000
2836 -1170.0000000000
2841 -1169.0000000000
2843 -1168.0000000000
2854 -1167.0000000000
2856 -1166.0000000000
2863 -1165.0000000000
2864 -1164.0000000000
2876 -1163.0000000000
2879 -1162.0000000000
2882 -1161.0000000000
2886 -1160.0000000000
2895 -1159.0000000000
2896 -1158.0000000000
2902 -1157.0000000000
2908 -1155.0000000000
2921 -1154.0000000000
2928 -1151.0000000000
2930 -1150.0000000000
2944 -1149.0000000000
2952 -1148.0000000000
2971 -1147.0000000000
2975 -1146.0000000000
2977 -1145.0000000000
2985 -1144.0000000000
2998 -1143.0000000000
3000 -1141.0000000000
3009 -1140.0000000000
3010 -1139.0000000000
3027 -1138.0000000000
3029 -1137.0000000000
3034 -1136.0000000000
3051 -1135.0000000000
3066 -1134.0000000000
3074 -1133.0000000000
3083 -1132.0000000000
3088 -1131.0000000000
3092 -1130.0000000000
3103 -1129.0000000000
3108 -1128.0000000000
3140 -1126.0000000000
3147 -1124.0000000000
3150 -1122.0000000000
3155 -1121.0000000000
3174 -1120.0000000000
3191 -1119.0000000000
3199 -1118.0000000000
3201 -1117.0000000000
3206 -1116.0000000000
3211 -1115.0000000000
3212 -1114.0000000000
3215 -1112.0000000000
3218 -1111.0000000000
3229 -1110.0000000000
3230 -1109.0000000000
3233 -1108.0000000000
3242 -1107.0000000000
3247 -1106.0000000000
3251 -1105.0000000000
3253 -1104.0000000000
3255 -1102.0000000000
3263 -1100.0000000000
3271 -1099.0000000000
3274 -1098.0000000000
3277 -1096.0000000000
3281 -1094.0000000000
3283 -1093.0000000000
3292 -1092.0000000000
3293 -1091.0000000000
3327 -1090.0000000000
3355 -1089.0000000000
3357 -1088.0000000000
3375 -1087.0000000000
3395 -1086.0000000000
3399 -1085.0000000000
3407 -1084.0000000000
3412 -1083.0000000000
3413 -1082.0000000000
3423 -1081.0000000000
3431 -1080.0000000000
3440 -1079.0000000000
3446 -1078.0000000000
3455 -1077.0000000000
3471 -1076.0000000000
3473 -1075.0000000000
3477 -1074.0000000000
3486 -1073.0000000000
3490 -1072.0000000000
3500 -1071.0000000000
3501 -1070.0000000000
3502 -1068.0000000000
3506 -1066.0000000000
3508 -1064.0000000000
3509 -1063.0000000000
3534 -1062.0000000000
3536 -1061.0000000000
3556 -1060.0000000000
3560 -1059.0000000000
3580 -1058.0000000000
3586 -1057.0000000000
3594 -1056.0000000000
3599 -1055.0000000000
3602 -1054.0000000000
3606 -1053.0000000000
3607 -1052.0000000000
3608 -1051.0000000000
3628 -1050.0000000000
3644 -1049.0000000000
3646 -1048.0000000000
3652 -1047.0000000000
3671 -1046.0000000000
3675 -1045.0000000000
3684 -1044.0000000000
3687 -1043.0000000000
3689 -1042.0000000000
3695 -1041.0000000000
3715 -1040.0000000000
3735 -1039.0000000000
3739 -1037.0000000000
3740 -1035.0000000000
3749 -1034.0000000000
3753 -1033.0000000000
3758 -1032.0000000000
3759 -1031.0000000000
3765 -1030.0000000000
3769 -1028.0000000000
3771 -1026.0000000000
3773 -1024.0000000000
3787 -1023.0000000000
3788 -1022.0000000000
3791 -1021.0000000000
3794 -1020.0000000000
3814 -1019.0000000000
3829 -1018.0000000000
3831 -1017.0000000000
3840 -1015.0000000000
3843 -1014.0000000000
3853 -1013.0000000000
3868 -1012.0000000000
3879 -1011.0000000000
3911 -1010.0000000000
3927 -1009.0000000000
3933 -1008.0000000000
3937 -1007.0000000000
3941 -1006.0000000000
3948 -1005.0000000000
3951 -1004.0000000000
3954 -1003.0000000000
3956 -1002.0000000000
3958 -1001.0000000000
3961 -1000.0000000000
3974 -999.0000000000
3979 -998.0000000000
3987 -997.0000000000
3998 -996.0000000000
4005 -995.0000000000
4017 -994.0000000000
4018 -993.0000000000
4023 -992.0000000000
4024 -991.0000000000
4028 -990.0000000000
4033 -988.0000000000
4037 -987.0000000000
4045 -986.0000000000
4049 -985.0000000000
4053 -984.0000000000
4055 -982.0000000000
4056 -981.0000000000
4058 -979.0000000000
4072 -978.0000000000
4079 -977.0000000000
4088 -974.0000000000
4121 -973.0000000000
4124 -972.0000000000
4151 -971.0000000000
4152 -970.0000000000
4158 -969.0000000000
4168 -968.0000000000
4170 -967.0000000000
4177 -966.0000000000
4197 -964.0000000000
4203 -962.0000000000
4208 -960.0000000000
4210 -959.0000000000
4222 -958.0000000000
4231 -957.0000000000
4240 -955.0000000000
4241 -954.0000000000
4246 -953.0000000000
4261 -952.0000000000
4272 -951.0000000000
4275 -950.0000000000
4277 -949.0000000000
4287 -947.0000000000
4315 -946.0000000000
4331 -945.0000000000
4332 -944.0000000000
4338 -943.0000000000
4352 -942.0000000000
4354 -941.0000000000
4355 -940.0000000000
4358 -939.0000000000
4379 -938.0000000000
4397 -936.0000000000
4407 -935.0000000000
4408 -934.0000000000
4411 -933.0000000000
4414 -932.0000000000
4417 -931.0000000000
4429 -930.0000000000
4434 -929.0000000000
4440 -928.0000000000
4443 -927.0000000000
4448 -926.0000000000
4453 -924.0000000000
4454 -923.0000000000
4473 -922.0000000000
4477 -921.0000000000
4481 -920.0000000000
4492 -919.0000000000
4496 -918.0000000000
4497 -917.0000000000
4525 -916.0000000000
4530 -915.0000000000
4536 -914.0000000000
4549 -913.0000000000
4593 -912.0000000000
4600 -911.0000000000
4603 -910.0000000000
4609 -909.0000000000
4616 -907.0000000000
4619 -906.0000000000
4633 -905.0000000000
4636 -904.0000000000
4639 -903.0000000000
4643 -902.0000000000
4661 -901.0000000000
4688 -899.0000000000
4697 -898.0000000000
4702 -897.0000000000
4710 -896.0000000000
4717 -895.0000000000
4736 -894.0000000000
4746 -893.0000000000
4775 -892.0000000000
4782 -891.0000000000
4813 -890.0000000000
4828 -889.0000000000
4845 -888.0000000000
4848 -887.0000000000
4856 -886.0000000000
4858 -885.0000000000
4859 -884.0000000000
4866 -883.0000000000
4880 -882.0000000000
4882 -880.0000000000
4883 -879.0000000000
4898 -878.0000000000
4930 -877.0000000000
4932 -875.0000000000
4942 -874.0000000000
4976 -873.0000000000
4986 -871.0000000000
4997 -870.0000000000
5028 -869.0000000000
5045 -868.0000000000
5051 -867.0000000000
5072 -866.0000000000
5075 -865.0000000000
5078 -864.0000000000
5106 -863.0000000000
5108 -862.0000000000
5110 -861.0000000000
5114 -860.0000000000
5123 -859.0000000000
5133 -858.0000000000
5136 -857.0000000000
5149 -856.0000000000
5157 -854.0000000000
5158 -853.0000000000
5171 -852.0000000000
5176 -851.0000000000
5182 -850.0000000000
5200 -849.0000000000
5204 -848.0000000000
5207 -847.0000000000
5217 -846.0000000000
5223 -845.0000000000
5234 -844.0000000000
5239 -843.0000000000
5241 -842.0000000000
5245 -841.0000000000
5254 -840.0000000000
5255 -839.0000000000
5268 -838.0000000000
5279 -836.0000000000
5296 -835.0000000000
5298 -834.0000000000
5304 -833.0000000000
5309 -832.0000000000
5316 -831.0000000000
5317 -829.0000000000
5330 -828.0000000000
5336 -827.0000000000
5341 -824.0000000000
5355 -823.0000000000
5371 -822.0000000000
5389 -821.0000000000
5390 -820.0000000000
5416 -819.0000000000
5423 -818.0000000000
5434 -817.0000000000
5439 -816.0000000000
5457 -815.0000000000
5497 -813.0000000000
5500 -812.0000000000
5504 -811.0000000000
5506 -810.0000000000
5525 -809.0000000000
5532 -808.0000000000
5542 -807.0000000000
5546 -804.0000000000
5549 -803.0000000000
5562 -800.0000000000
5599 -797.0000000000
5618 -796.0000000000
5621 -795.0000000000
5629 -793.0000000000
5639 -792.0000000000
5649 -791.0000000000
5653 -790.0000000000
5665 -789.0000000000
5680 -788.0000000000
5688 -787.0000000000
5689 -786.0000000000
5708 -785.0000000000
5717 -784.0000000000
5722 -782.0000000000
5726 -781.0000000000
5729 -780.0000000000
5737 -779.0000000000
5753 -778.0000000000
5765 -777.0000000000
5770 -776.0000000000
5775 -775.0000000000
5780 -774.0000000000
5802 -773.0000000000
5821 -772.0000000000
5825 -771.0000000000
5827 -770.0000000000
5828 -769.0000000000
5833 -768.0000000000
5838 -767.0000000000
5846 -766.0000000000
5851 -765.0000000000
5852 -764.0000000000
5853 -763.0000000000
5858 -762.0000000000
5885 -761.0000000000
5895 -760.0000000000
5901 -759.0000000000
5905 -758.0000000000
5907 -757.0000000000
5917 -756.0000000000
5938 -755.0000000000
5941 -754.0000000000
5946 -752.0000000000
5954 -751.0000000000
5962 -750.0000000000
5964 -749.0000000000
5970 -748.0000000000
5991 -747.0000000000
6007 -746.0000000000
6009 -745.0000000000
6042 -744.0000000000
6044 -743.0000000000
6057 -742.0000000000
6103 -741.0000000000
6108 -740.0000000000
6111 -739.0000000000
6114 -738.0000000000
6124 -737.0000000000
6125 -736.0000000000
6148 -735.0000000000
6156 -734.0000000000
6162 -733.0000000000
6169 -732.0000000000
6176 -731.0000000000
6222 -730.0000000000
6246 -728.0000000000
6261 -727.0000000000
6269 -726.0000000000
6274 -725.0000000000
6279 -724.0000000000
6285 -723.0000000000
6286 -722.0000000000
6335 -721.0000000000
6354 -720.0000000000
6390 -719.0000000000
6403 -718.0000000000
6423 -717.0000000000
6426 -716.0000000000
6447 -715.0000000000
6451 -714.0000000000
6452 -713.0000000000
6454 -712.0000000000
6483 -711.0000000000
6506 -710.0000000000
6533 -709.0000000000
6536 -708.0000000000
6538 -707.0000000000
6539 -706.0000000000
6546 -705.0000000000
6550 -704.0000000000
6552 -703.0000000000
6588 -701.0000000000
6591 -700.0000000000
6595 -699.0000000000
6597 -698.0000000000
6634 -697.0000000000
6648 -696.0000000000
6655 -695.0000000000
6661 -694.0000000000
6672 -693.0000000000
6673 -692.0000000000
6681 -691.0000000000
6694 -690.0000000000
6696 -689.0000000000
6697 -688.0000000000
6699 -686.0000000000
6702 -685.0000000000
6706 -684.0000000000
6717 -683.0000000000
6740 -681.0000000000
6751 -680.0000000000
6762 -679.0000000000
6772 -677.0000000000
6783 -676.0000000000
6807 -675.0000000000
6814 -674.0000000000
6817 -672.0000000000
6831 -671.0000000000
6839 -670.0000000000
6845 -668.0000000000
6875 -667.0000000000
6883 -666.0000000000
6891 -664.0000000000
6901 -663.0000000000
6905 -662.0000000000
6921 -661.0000000000
6926 -660.0000000000
6940 -659.0000000000
6953 -658.0000000000
6959 -657.0000000000
6962 -656.0000000000
6963 -655.0000000000
6971 -654.0000000000
6977 -653.0000000000
6982 -652.0000000000
7023 -651.0000000000
7025 -650.0000000000
7035 -649.0000000000
7039 -648.0000000000
7043 -647.0000000000
7044 -646.0000000000
7062 -645.0000000000
7077 -644.0000000000
7081 -643.0000000000
7094 -642.0000000000
7098 -641.0000000000
7162 -640.0000000000
7168 -639.0000000000
7169 -638.0000000000
7180 -637.0000000000
7195 -636.0000000000
7225 -634.0000000000
7248 -633.0000000000
7260 -632.0000000000
7273 -631.0000000000
7274 -630.0000000000
7304 -629.0000000000
7338 -628.0000000000
7344 -627.0000000000
7345 -626.0000000000
7346 -625.0000000000
7383 -624.0000000000
7401 -623.0000000000
7414 -622.0000000000
7427 -621.0000000000
7435 -620.0000000000
7437 -619.0000000000
7456 -618.0000000000
7477 -617.0000000000
7488 -616.0000000000
7495 -615.0000000000
7501 -614.0000000000
7562 -613.0000000000
7563 -612.0000000000
7579 -611.0000000000
7621 -610.0000000000
7627 -609.0000000000
7658 -608.0000000000
7671 -607.0000000000
7677 -606.0000000000
7697 -605.0000000000
7700 -604.0000000000
7702 -603.0000000000
7704 -602.0000000000
7714 -601.0000000000
7731 -600.0000000000
7735 -599.0000000000
7736 -598.0000000000
7738 -596.0000000000
7749 -595.0000000000
7751 -594.0000000000
7760 -593.0000000000
7770 -591.0000000000
7778 -589.0000000000
7792 -588.0000000000
7804 -586.0000000000
7818 -585.0000000000
7827 -584.0000000000
7843 -583.0000000000
7847 -582.0000000000
7855 -581.0000000000
7859 -580.0000000000
7884 -579.0000000000
7890 -578.0000000000
7914 -577.0000000000
7942 -576.0000000000
7951 -575.0000000000
7955 -574.0000000000
7956 -573.0000000000
7958 -571.0000000000
7960 -570.0000000000
7965 -569.0000000000
7971 -568.0000000000
8023 -567.0000000000
8031 -566.0000000000
8036 -565.0000000000
8064 -564.0000000000
8087 -563.0000000000
8090 -562.0000000000
8101 -561.0000000000
8128 -560.0000000000
8155 -559.0000000000
8160 -558.0000000000
8162 -557.0000000000
8174 -556.0000000000
8186 -555.0000000000
8201 -554.0000000000
8206 -553.0000000000
8211 -552.0000000000
8218 -551.0000000000
8228 -550.0000000000
8232 -549.0000000000
8233 -548.0000000000
8247 -547.0000000000
8268 -546.0000000000
8284 -545.0000000000
8286 -544.0000000000
8347 -543.0000000000
8350 -542.0000000000
8355 -541.0000000000
8369 -540.0000000000
8480 -538.0000000000
8491 -537.0000000000
8493 -536.0000000000
8509 -535.0000000000
8523 -534.0000000000
8526 -533.0000000000
8545 -532.0000000000
8565 -531.0000000000
8582 -530.0000000000
8594 -529.0000000000
8596 -528.0000000000
8608 -527.0000000000
8623 -526.0000000000
8630 -525.0000000000
8653 -524.0000000000
8676 -523.0000000000
8681 -522.0000000000
8700 -521.0000000000
8719 -520.0000000000
8782 -519.0000000000
8790 -518.0000000000
8812 -517.0000000000
8816 -516.0000000000
8843 -515.0000000000
8866 -514.0000000000
8876 -513.0000000000
8888 -512.0000000000
8911 -511.0000000000
8929 -509.0000000000
8932 -508.0000000000
8950 -507.0000000000
8976 -506.0000000000
9020 -505.0000000000
9023 -504.0000000000
9080 -503.0000000000
9086 -502.0000000000
9094 -501.0000000000
9127 -500.0000000000
9170 -499.0000000000
9198 -498.0000000000
9201 -497.0000000000
9219 -496.0000000000
9223 -495.0000000000
9225 -494.0000000000
9229 -493.0000000000
9271 -492.0000000000
9277 -491.0000000000
9333 -490.0000000000
9376 -489.0000000000
9385 -488.0000000000
9386 -487.0000000000
9395 -486.0000000000
9407 -485.0000000000
9437 -484.0000000000
9441 -483.0000000000
9452 -482.0000000000
9454 -481.0000000000
9458 -480.0000000000
9463 -478.0000000000
9465 -477.0000000000
9473 -476.0000000000
9474 -475.0000000000
9491 -474.0000000000
9496 -473.0000000000
9522 -472.0000000000
9534 -471.0000000000
9574 -470.0000000000
9635 -469.0000000000
9654 -468.0000000000
9668 -467.0000000000
9727 -466.0000000000
9737 -464.0000000000
9739 -461.0000000000
9744 -460.0000000000
9751 -459.0000000000
9761 -458.0000000000
9763 -457.0000000000
9772 -456.0000000000
9784 -455.0000000000
9786 -454.0000000000
9789 -452.0000000000
9804 -451.0000000000
9813 -450.0000000000
9823 -449.0000000000
9852 -448.0000000000
9891 -447.0000000000
9897 -446.0000000000
9925 -445.0000000000
9981 -444.0000000000
9983 -443.0000000000
9992 -441.0000000000
9994 -440.0000000000
10000 -440.0000000000
evaluations raw_y
1 -1910.0000000000
3 -1909.0000000000
6 -1907.0000000000
9 -1905.0000000000
11 -1904.0000000000
16 -1901.0000000000
20 -1900.0000000000
25 -1899.0000000000
32 -1898.0000000000
35 -1897.0000000000
38 -1895.0000000000
46 -1894.0000000000
49 -1892.0000000000
50 -1891.0000000000
54 -1890.0000000000
55 -1889.0000000000
57 -1888.0000000000
58 -1886.0000000000
65 -1885.0000000000
67 -1884.0000000000
73 -1882.0000000000
76 -1881.0000000000
79 -1880.0000000000
84 -1879.0000000000
85 -1878.0000000000
88 -1876.0000000000
95 -1875.0000000000
99 -1874.0000000000
104 -1873.0000000000
112 -1872.0000000000
124 -1870.0000000000
125 -1869.0000000000
128 -1868.0000000000
129 -1867.0000000000
130 -1865.0000000000
134 -1864.0000000000
139 -1862.0000000000
143 -1861.0000000000
147 -1860.0000000000
153 -1859.0000000000
156 -1858.0000000000
159 -1857.0000000000
160 -1855.0000000000
166 -1854.0000000000
170 -1853.0000000000
171 -1851.0000000000
174 -1850.0000000000
178 -1849.0000000000
180 -1848.0000000000
183 -1847.0000000000
185 -1846.0000000000
190 -1845.0000000000
191 -1844.0000000000
194 -1843.0000000000
196 -1842.0000000000
198 -1841.0000000000
204 -1840.0000000000
206 -1839.0000000000
208 -1838.0000000000
215 -1837.0000000000
216 -1836.0000000000
221 -1835.0000000000
229 -1834.0000000000
232 -1833.0000000000
234 -1832.0000000000
244 -1831.0000000000
249 -1829.0000000000
253 -1828.0000000000
255 -1827.0000000000
259 -1826.0000000000
262 -1823.0000000000
268 -1822.0000000000
269 -1821.0000000000
270 -1820.0000000000
271 -1819.0000000000
273 -1818.0000000000
280 -1817.0000000000
284 -1816.0000000000
285 -1815.0000000000
288 -1813.0000000000
292 -1812.0000000000
294 -1811.0000000000
301 -1809.0000000000
304 -1807.0000000000
306 -1803.0000000000
310 -1802.0000000000
317 -1800.0000000000
319 -1798.0000000000
323 -1797.0000000000
324 -1796.0000000000
325 -1795.0000000000
326 -1794.0000000000
333 -1793.0000000000
340 -1792.0000000000
342 -1791.0000000000
344 -1789.0000000000
347 -1788.0000000000
349 -1786.0000000000
350 -1785.0000000000
355 -1784.0000000000
371 -1783.0000000000
376 -1781.0000000000
377 -1779.0000000000
380 -1778.0000000000
382 -1776.0000000000
383 -1775.0000000000
391 -1773.0000000000
400 -1772.0000000000
403 -1771.0000000000
404 -1770.0000000000
414 -1767.0000000000
415 -1766.0000000000
422 -1765.0000000000
430 -1764.0000000000
433 -1761.0000000000
449 -1760.0000000000
456 -1759.0000000000
462 -1758.0000000000
472 -1757.0000000000
479 -1755.0000000000
482 -1754.0000000000
484 -1753.0000000000
486 -1752.0000000000
494 -1751.0000000000
498 -1750.0000000000
508 -1748.0000000000
509 -1747.0000000000
514 -1746.0000000000
515 -1745.0000000000
525 -1744.0000000000
543 -1743.0000000000
546 -1741.0000000000
552 -1740.0000000000
554 -1739.0000000000
556 -1737.0000000000
557 -1736.0000000000
559 -1735.0000000000
561 -1734.0000000000
567 -1733.0000000000
573 -1732.0000000000
574 -1731.0000000000
580 -1727.0000000000
584 -1726.0000000000
585 -1725.0000000000
591 -1724.0000000000
601 -1723.0000000000
608 -1722.0000000000
610 -1721.0000000000
611 -1720.0000000000
613 -1719.0000000000
617 -1718.0000000000
620 -1716.0000000000
626 -1715.0000000000
628 -1714.0000000000
631 -1713.0000000000
645 -1712.0000000000
653 -1711.0000000000
660 -1710.0000000000
663 -1709.0000000000
669 -1708.0000000000
670 -1707.0000000000
677 -1706.0000000000
678 -1705.0000000000
680 -1704.0000000000
689 -1703.0000000000
696 -1702.0000000000
699 -1701.0000000000
705 -1700.0000000000
708 -1699.0000000000
709 -1698.0000000000
715 -1697.0000000000
719 -1695.0000000000
730 -1694.0000000000
734 -1693.0000000000
744 -1692.0000000000
745 -1691.0000000000
746 -1690.0000000000
752 -1689.0000000000
762 -1688.0000000000
764 -1687.0000000000
765 -1686.0000000000
773 -1684.0000000000
777 -1683.0000000000
786 -1682.0000000000
790 -1681.0000000000
795 -1680.0000000000
799 -1679.0000000000
802 -1678.0000000000
807 -1677.0000000000
811 -1676.0000000000
814 -1675.0000000000
816 -1674.0000000000
817 -1673.0000000000
824 -1672.0000000000
829 -1671.0000000000
834 -1670.0000000000
838 -1669.0000000000
846 -1668.0000000000
848 -1666.0000000000
851 -1664.0000000000
859 -1663.0000000000
862 -1661.0000000000
864 -1660.0000000000
865 -1659.0000000000
869 -1658.0000000000
872 -1657.0000000000
873 -1655.0000000000
880 -1654.0000000000
882 -1653.0000000000
903 -1651.0000000000
909 -1650.0000000000
911 -1648.0000000000
916 -1647.0000000000
919 -1646.0000000000
920 -1645.0000000000
925 -1644.0000000000
933 -1643.0000000000
934 -1642.0000000000
939 -1641.0000000000
945 -1640.0000000000
947 -1638.0000000000
949 -1637.0000000000
953 -1636.0000000000
964 -1635.0000000000
965 -1634.0000000000
969 -1633.0000000000
980 -1632.0000000000
982 -1631.0000000000
985 -1630.0000000000
999 -1627.0000000000
1004 -1626.0000000000
1008 -1625.0000000000
1009 -1624.0000000000
1010 -1622.0000000000
1015 -1621.0000000000
1021 -1620.0000000000
1023 -1619.0000000000
1025 -1618.0000000000
1026 -1617.0000000000
1032 -1615.0000000000
1036 -1614.0000000000
1042 -1613.0000000000
1054 -1612.0000000000
1055 -1608.0000000000
1057 -1607.0000000000
1059 -1606.0000000000
1060 -1605.0000000000
1061 -1604.0000000000
1076 -1603.0000000000
1077 -1602.0000000000
1078 -1601.0000000000
1080 -1600.0000000000
1081 -1599.0000000000
1084 -1598.0000000000
1090 -1597.0000000000
1093 -1596.0000000000
1107 -1595.0000000000
1108 -1593.0000000000
1109 -1592.0000000000
1114 -1591.0000000000
1117 -1590.0000000000
1120 -1589.0000000000
1127 -1588.0000000000
1129 -1585.0000000000
1134 -1584.0000000000
1136 -1583.0000000000
1138 -1582.0000000000
1144 -1581.0000000000
1151 -1580.0000000000
1158 -1579.0000000000
1167 -1577.0000000000
1168 -1576.0000000000
1174 -1574.0000000000
1175 -1573.0000000000
1193 -1572.0000000000
1195 -1571.0000000000
1202 -1570.0000000000
1203 -1569.0000000000
1204 -1568.0000000000
1209 -1567.0000000000
1213 -1566.0000000000
1215 -1565.0000000000
1220 -1564.0000000000
1225 -1563.0000000000
1226 -1562.0000000000
1239 -1561.0000000000
1241 -1560.0000000000
1248 -1559.0000000000
1255 -1558.0000000000
1257 -1557.0000000000
1267 -1556.0000000000
1270 -1554.0000000000
1275 -1553.0000000000
1276 -1552.0000000000
1277 -1551.0000000000
1285 -1550.0000000000
1291 -1549.0000000000
1301 -1547.0000000000
1302 -1546.0000000000
1305 -1545.0000000000
1306 -1544.0000000000
1310 -1543.0000000000
1311 -1542.0000000000
1313 -1541.0000000000
1318 -1539.0000000000
1321 -1537.0000000000
1323 -1536.0000000000
1328 -1535.0000000000
1341 -1534.0000000000
1342 -1533.0000000000
1344 -1532.0000000000
1346 -1531.0000000000
1347 -1529.0000000000
1352 -1527.0000000000
1359 -1526.0000000000
1365 -1524.0000000000
1375 -1523.0000000000
1381 -1522.0000000000
1387 -1520.0000000000
1409 -1519.0000000000
1410 -1518.0000000000
1415 -1517.0000000000
1418 -1515.0000000000
1420 -1514.0000000000
1428 -1513.0000000000
1441 -1511.0000000000
1450 -1510.0000000000
1460 -1509.0000000000
1462 -1508.0000000000
1483 -1507.0000000000
1486 -1506.0000000000
1489 -1505.0000000000
1496 -1504.0000000000
1498 -1503.0000000000
1501 -1502.0000000000
1512 -1501.0000000000
1515 -1500.0000000000
1524 -1499.0000000000
1527 -1498.0000000000
1528 -1497.0000000000
1529 -1496.0000000000
1530 -1495.0000000000
1533 -1493.0000000000
1534 -1492.0000000000
1539 -1491.0000000000
1542 -1490.0000000000
1543 -1489.0000000000
1549 -1488.0000000000
1550 -1487.0000000000
1552 -1486.0000000000
1569 -1485.0000000000
1573 -1484.0000000000
1580 -1483.0000000000
1585 -1482.0000000000
1587 -1481.0000000000
1596 -1480.0000000000
1604 -1479.0000000000
1607 -1478.0000000000
1610 -1477.0000000000
1613 -1476.0000000000
1615 -1475.0000000000
1623 -1474.0000000000
1625 -1473.0000000000
1636 -1472.0000000000
1638 -1471.0000000000
1643 -1470.0000000000
1654 -1469.0000000000
1656 -1468.0000000000
1657 -1467.0000000000
1661 -1466.0000000000
1667 -1465.0000000000
1668 -1464.0000000000
1673 -1463.0000000000
1681 -1461.0000000000
1685 -1460.0000000000
1690 -1459.0000000000
1691 -1458.0000000000
1693 -1457.0000000000
1698 -1456.0000000000
1701 -1453.0000000000
1708 -1451.0000000000
1709 -1450.0000000000
1710 -1449.0000000000
1719 -1448.0000000000
1720 -1447.0000000000
1725 -1446.0000000000
1729 -1445.0000000000
1735 -1444.0000000000
1736 -1443.0000000000
1740 -1442.0000000000
1744 -1441.0000000000
1747 -1440.0000000000
1765 -1439.0000000000
1767 -1438.0000000000
1768 -1436.0000000000
1770 -1435.0000000000
1774 -1434.0000000000
1776 -1433.0000000000
1779 -1432.0000000000
1782 -1431.0000000000
1784 -1430.0000000000
1786 -1429.0000000000
1788 -1427.0000000000
1792 -1425.0000000000
1796 -1423.0000000000
1797 -1422.0000000000
1798 -1421.0000000000
1803 -1420.0000000000
1807 -1419.0000000000
1810 -1418.0000000000
1811 -1417.0000000000
1817 -1416.0000000000
1822 -1415.0000000000
1825 -1414.0000000000
1826 -1413.0000000000
1830 -1412.0000000000
1834 -1411.0000000000
1835 -1410.0000000000
1836 -1409.0000000000
1838 -1408.0000000000
1839 -1407.0000000000
1840 -1406.0000000000
1843 -1405.0000000000
1845 -1403.0000000000
1848 -1402.0000000000
1851 -1401.0000000000
1852 -1400.0000000000
1856 -1398.0000000000
1858 -1396.0000000000
1860 -1395.0000000000
1867 -1394.0000000000
1871 -1393.0000000000
1876 -1391.0000000000
1880 -1390.0000000000
1891 -1389.0000000000
1897 -1387.0000000000
1903 -1386.0000000000
1904 -1384.0000000000
1908 -1382.0000000000
1917 -1381.0000000000
1926 -1380.0000000000
1934 -1379.0000000000
1941 -1378.0000000000
1944 -1377.0000000000
1956 -1376.0000000000
1959 -1375.0000000000
1961 -1374.0000000000
1972 -1373.0000000000
1973 -1372.0000000000
1976 -1371.0000000000
1979 -1370.0000000000
1987 -1369.0000000000
1990 -1368.0000000000
1992 -1367.0000000000
1994 -1366.0000000000
2002 -1365.0000000000
2005 -1364.0000000000
2006 -1363.0000000000
2007 -1362.0000000000
2008 -1361.0000000000
2010 -1360.0000000000
2013 -1359.0000000000
2014 -1358.0000000000
2021 -1357.0000000000
2024 -1356.0000000000
2027 -1355.0000000000
2029 -1354.0000000000
2034 -1351.0000000000
2041 -1350.0000000000
2048 -1347.0000000000
2049 -1346.0000000000
2064 -1345.0000000000
2073 -1344.0000000000
2078 -1343.0000000000
2082 -1342.0000000000
2083 -1341.0000000000
2086 -1340.0000000000
2094 -1339.0000000000
2097 -1338.0000000000
2098 -1337.0000000000
2101 -1335.0000000000
2106 -1334.0000000000
2107 -1333.0000000000
2108 -1332.0000000000
2110 -1331.0000000000
2111 -1330.0000000000
2132 -1328.0000000000
2141 -1327.0000000000
2143 -1326.0000000000
2160 -1323.0000000000
2164 -1322.0000000000
2182 -1321.0000000000
2185 -1320.0000000000
2192 -1319.0000000000
2199 -1318.0000000000
2204 -1317.0000000000
2211 -1316.0000000000
2212 -1315.0000000000
2217 -1314.0000000000
2235 -1313.0000000000
2238 -1311.0000000000
2240 -1310.0000000000
2243 -1309.0000000000
2247 -1308.0000000000
2251 -1307.0000000000
2255 -1306.0000000000
2263 -1305.0000000000
2269 -1303.0000000000
2270 -1302.0000000000
2277 -1301.0000000000
2296 -1300.0000000000
2297 -1298.0000000000
2302 -1297.0000000000
2303 -1295.0000000000
2304 -1294.0000000000
2314 -1293.0000000000
2328 -1292.0000000000
2329 -1291.0000000000
2339 -1290.0000000000
2346 -1289.0000000000
2350 -1288.0000000000
2354 -1287.0000000000
2357 -1286.0000000000
2366 -1285.0000000000
2373 -1284.0000000000
2382 -1281.0000000000
2383 -1280.0000000000
2407 -1279.0000000000
2411 -1277.0000000000
2419 -1276.0000000000
2420 -1275.0000000000
2426 -1273.0000000000
2428 -1272.0000000000
2435 -1271.0000000000
2442 -1270.0000000000
2448 -1269.0000000000
2453 -1268.0000000000
2456 -1267.0000000000
2465 -1265.0000000000
2466 -1264.0000000000
2468 -1263.0000000000
2472 -1262.0000000000
2474 -1261.0000000000
2477 -1260.0000000000
2486 -1259.0000000000
2491 -1258.0000000000
2500 -1257.0000000000
2508 -1256.0000000000
2517 -1255.0000000000
2521 -1254.0000000000
2523 -1253.0000000000
2524 -1252.0000000000
2536 -1251.0000000000
2538 -1250.0000000000
2548 -1248.0000000000
2560 -1246.0000000000
2571 -1245.0000000000
2573 -1244.0000000000
2576 -1243.0000000000
2579 -1242.0000000000
2594 -1241.0000000000
2595 -1240.0000000000
2608 -1239.0000000000
2617 -1237.0000000000
2618 -1236.0000000000
2627 -1235.0000000000
2639 -1234.0000000000
2643 -1233.0000000000
2644 -1232.0000000000
2663 -1230.0000000000
2668 -1229.0000000000
2675 -1228.0000000000
2682 -1227.0000000000
2691 -1226.0000000000
2705 -1225.0000000000
2706 -1224.0000000000
2707 -1223.0000000000
2711 -1221.0000000000
2713 -1218.0000000000
2736 -1217.0000000000
2740 -1214.0000000000
2741 -1213.0000000000
2743 -1212.0000000000
2744 -1211.0000000000
2787 -1210.0000000000
2793 -1209.0000000000
2795 -1208.0000000000
2801 -1207.0000000000
2811 -1206.0000000000
2815 -1205.0000000000
2825 -1203.0000000000
2829 -1202.0000000000
2834 -1201.0000000000
2840 -1200.0000000000
2842 -1198.0000000000
2859 -1197.0000000000
2871 -1196.0000000000
2879 -1195.0000000000
2881 -1194.0000000000
2896 -1192.0000000000
2901 -1190.0000000000
2914 -1189.0000000000
2920 -1187.0000000000
2934 -1186.0000000000
2937 -1185.0000000000
2940 -1184.0000000000
2943 -1183.0000000000
2944 -1181.0000000000
2956 -1180.0000000000
2976 -1179.0000000000
2982 -1178.0000000000
2984 -1177.0000000000
2995 -1175.0000000000
3002 -1174.0000000000
3005 -1173.0000000000
3008 -1172.0000000000
3012 -1171.0000000000
3015 -1170.0000000000
3017 -1169.0000000000
3026 -1168.0000000000
3029 -1166.0000000000
3031 -1165.0000000000
3034 -1164.0000000000
3035 -1163.0000000000
3037 -1162.0000000000
3043 -1161.0000000000
3052 -1160.0000000000
3058 -1159.0000000000
3060 -1158.0000000000
3062 -1157.0000000000
3069 -1154.0000000000
3098 -1152.0000000000
3116 -1151.0000000000
3117 -1150.0000000000
3166 -1149.0000000000
3185 -1148.0000000000
3199 -1147.0000000000
3200 -1146.0000000000
3201 -1144.0000000000
3204 -1143.0000000000
3213 -1142.0000000000
3216 -1141.0000000000
3238 -1140.0000000000
3243 -1139.0000000000
3252 -1138.0000000000
3262 -1137.0000000000
3268 -1136.0000000000
3269 -1135.0000000000
3280 -1133.0000000000
3286 -1132.0000000000
3288 -1131.0000000000
3292 -1129.0000000000
3313 -1128.0000000000
3320 -1125.0000000000
3332 -1123.0000000000
3334 -1122.0000000000
3351 -1121.0000000000
3353 -1120.0000000000
3357 -1118.0000000000
3360 -1117.0000000000
3366 -1116.0000000000
3367 -1115.0000000000
3383 -1114.0000000000
3394 -1113.0000000000
3397 -1112.0000000000
3409 -1111.0000000000
3412 -1110.0000000000
3421 -1109.0000000000
3435 -1107.0000000000
3451 -1105.0000000000
3455 -1104.0000000000
3457 -1102.0000000000
3461 -1101.0000000000
3470 -1100.0000000000
3477 -1099.0000000000
3486 -1098.0000000000
3495 -1097.0000000000
3500 -1096.0000000000
3504 -1095.0000000000
3516 -1094.0000000000
3520 -1093.0000000000
3526 -1092.0000000000
3528 -1091.0000000000
3530 -1090.0000000000
3551 -1089.0000000000
3555 -1087.0000000000
3568 -1085.0000000000
3570 -1084.0000000000
3572 -1083.0000000000
3573 -1081.0000000000
3580 -1080.0000000000
3592 -1079.0000000000
3593 -1078.0000000000
3596 -1077.0000000000
3604 -1076.0000000000
3607 -1075.0000000000
3613 -1074.0000000000
3614 -1073.0000000000
3617 -1072.0000000000
3618 -1071.0000000000
3620 -1070.0000000000
3629 -1068.0000000000
3632 -1067.0000000000
3642 -1066.0000000000
3643 -1065.0000000000
3645 -1064.0000000000
3646 -1063.0000000000
3653 -1062.0000000000
3660 -1061.0000000000
3675 -1060.0000000000
3689 -1058.0000000000
3695 -1057.0000000000
3715 -1056.0000000000
3733 -1055.0000000000
3738 -1054.0000000000
3739 -1053.0000000000
3751 -1052.0000000000
3757 -1051.0000000000
3772 -1050.0000000000
3778 -1049.0000000000
3782 -1048.0000000000
3788 -1047.0000000000
3799 -1046.0000000000
3811 -1044.0000000000
3820 -1043.0000000000
3821 -1042.0000000000
3829 -1040.0000000000
3836 -1039.0000000000
3837 -1038.0000000000
3838 -1037.0000000000
3849 -1036.0000000000
3851 -1035.0000000000
3864 -1034.0000000000
3887 -1032.0000000000
3895 -1031.0000000000
3896 -1030.0000000000
3904 -1029.0000000000
3909 -1028.0000000000
3921 -1026.0000000000
3923 -1025.0000000000
3926 -1024.0000000000
3934 -1023.0000000000
3944 -1022.0000000000
3954 -1021.0000000000
3958 -1020.0000000000
3975 -1019.0000000000
3984 -1018.0000000000
3990 -1017.0000000000
3994 -1016.0000000000
4006 -1015.0000000000
4019 -1014.0000000000
4020 -1013.0000000000
4031 -1012.0000000000
4056 -1011.0000000000
4067 -1010.0000000000
4070 -1009.0000000000
4079 -1008.0000000000
4084 -1007.0000000000
4090 -1006.0000000000
4097 -1005.0000000000
4102 -1004.0000000000
4105 -1003.0000000000
4111 -1002.0000000000
4114 -1001.0000000000
4115 -1000.0000000000
4129 -999.0000000000
4130 -998.0000000000
4165 -997.0000000000
4171 -996.0000000000
4172 -995.0000000000
4178 -993.0000000000
4185 -992.0000000000
4192 -991.0000000000
4195 -990.0000000000
4196 -989.0000000000
4208 -988.0000000000
4215 -987.0000000000
4219 -986.0000000000
4227 -985.0000000000
4245 -984.0000000000
4251 -983.0000000000
4257 -982.0000000000
4260 -981.0000000000
4263 -980.0000000000
4268 -979.0000000000
4269 -978.0000000000
4273 -977.0000000000
4285 -976.0000000000
4288 -975.0000000000
4295 -974.0000000000
4302 -973.0000000000
4306 -972.0000000000
4309 -971.0000000000
4310 -970.0000000000
4316 -969.0000000000
4317 -968.0000000000
4324 -967.0000000000
4327 -966.0000000000
4332 -965.0000000000
4333 -964.0000000000
4335 -963.0000000000
4353 -962.0000000000
4372 -960.0000000000
4377 -959.0000000000
4385 -958.0000000000
4389 -956.0000000000
4394 -955.0000000000
4397 -954.0000000000
4400 -953.0000000000
4403 -952.0000000000
4409 -951.0000000000
4418 -950.0000000000
4424 -949.0000000000
4446 -947.0000000000
4450 -946.0000000000
4458 -945.0000000000
4465 -944.0000000000
4476 -942.0000000000
4502 -941.0000000000
4504 -940.0000000000
4550 -939.0000000000
4560 -938.0000000000
4570 -937.0000000000
4573 -936.0000000000
4582 -935.0000000000
4590 -934.0000000000
4591 -933.0000000000
4599 -932.0000000000
4604 -931.0000000000
4607 -930.0000000000
4609 -928.0000000000
4610 -927.0000000000
4627 -926.0000000000
4630 -924.0000000000
4658 -923.0000000000
4666 -922.0000000000
4687 -921.0000000000
4688 -920.0000000000
4717 -919.0000000000
4726 -918.0000000000
4733 -917.0000000000
4737 -916.0000000000
4767 -915.0000000000
4786 -914.0000000000
4789 -913.0000000000
4796 -912.0000000000
4802 -911.0000000000
4821 -909.0000000000
4845 -908.0000000000
4846 -906.0000000000
4851 -905.0000000000
4861 -904.0000000000
4875 -903.0000000000
4880 -902.0000000000
4881 -901.0000000000
4882 -900.0000000000
4890 -899.0000000000
4910 -898.0000000000
4927 -897.0000000000
4929 -896.0000000000
4950 -895.0000000000
4964 -894.0000000000
4966 -893.0000000000
4977 -891.0000000000
4987 -890.0000000000
4989 -889.0000000000
4993 -888.0000000000
4999 -887.0000000000
5012 -886.0000000000
5029 -885.0000000000
5036 -884.0000000000
5041 -883.0000000000
5047 -882.0000000000
5061 -881.0000000000
5065 -880.0000000000
5072 -879.0000000000
5074 -878.0000000000
5086 -877.0000000000
5109 -876.0000000000
5121 -874.0000000000
5123 -873.0000000000
5125 -872.0000000000
5136 -871.0000000000
5140 -869.0000000000
5146 -868.0000000000
5151 -867.0000000000
5153 -866.0000000000
5166 -865.0000000000
5171 -864.0000000000
5174 -863.0000000000
5203 -862.0000000000
5217 -861.0000000000
5228 -860.0000000000
5230 -859.0000000000
5250 -858.0000000000
5256 -857.0000000000
5262 -856.0000000000
5265 -853.0000000000
5271 -852.0000000000
5274 -851.0000000000
5280 -850.0000000000
5286 -849.0000000000
5289 -848.0000000000
5308 -847.0000000000
5317 -846.0000000000
5339 -845.0000000000
5346 -844.0000000000
5347 -843.0000000000
5348 -842.0000000000
5356 -841.0000000000
5360 -840.0000000000
5363 -839.0000000000
5366 -838.0000000000
5369 -837.0000000000
5391 -836.0000000000
5405 -835.0000000000
5416 -834.0000000000
5417 -833.0000000000
5425 -832.0000000000
5433 -831.0000000000
5445 -830.0000000000
5447 -828.0000000000
5449 -827.0000000000
5464 -826.0000000000
5480 -825.0000000000
5497 -824.0000000000
5517 -823.0000000000
5519 -822.0000000000
5565 -821.0000000000
5583 -820.0000000000
5589 -819.0000000000
5592 -818.0000000000
5595 -817.0000000000
5599 -816.0000000000
5603 -814.0000000000
5623 -813.0000000000
5625 -812.0000000000
5626 -811.0000000000
5630 -810.0000000000
5655 -809.0000000000
5672 -808.0000000000
5701 -807.0000000000
5716 -806.0000000000
5720 -805.0000000000
5721 -804.0000000000
5724 -803.0000000000
5732 -802.0000000000
5746 -801.0000000000
5756 -800.0000000000
5774 -799.0000000000
5781 -798.0000000000
5788 -797.0000000000
5790 -796.0000000000
5806 -795.0000000000
5825 -794.0000000000
5828 -793.0000000000
5829 -792.0000000000
5833 -791.0000000000
5848 -788.0000000000
5853 -787.0000000000
5854 -786.0000000000
5862 -784.0000000000
5868 -782.0000000000
5876 -781.0000000000
5890 -780.0000000000
5892 -779.0000000000
5897 -778.0000000000
5898 -777.0000000000
5917 -776.0000000000
5919 -775.0000000000
5936 -774.0000000000
5957 -773.0000000000
5969 -772.0000000000
5978 -771.0000000000
5979 -770.0000000000
5981 -768.0000000000
6021 -767.0000000000
6027 -766.0000000000
6048 -765.0000000000
6072 -763.0000000000
6075 -761.0000000000
6086 -760.0000000000
6100 -759.0000000000
6106 -758.0000000000
6132 -757.0000000000
6136 -755.0000000000
6153 -754.0000000000
6157 -753.0000000000
6161 -752.0000000000
6205 -751.0000000000
6243 -750.0000000000
6260 -749.0000000000
6269 -748.0000000000
6270 -747.0000000000
6278 -746.0000000000
6283 -745.0000000000
6302 -744.0000000000
6306 -743.0000000000
6310 -742.0000000000
6317 -741.0000000000
6322 -740.0000000000
6326 -739.0000000000
6338 -738.0000000000
6339 -736.0000000000
6341 -735.0000000000
6342 -734.0000000000
6358 -733.0000000000
6387 -732.0000000000
6394 -731.0000000000
6417 -729.0000000000
6420 -728.0000000000
6442 -727.0000000000
6458 -726.0000000000
6461 -725.0000000000
6478 -723.0000000000
6487 -722.0000000000
6509 -721.0000000000
6517 -720.0000000000
6519 -719.0000000000
6551 -718.0000000000
6556 -716.0000000000
6561 -715.0000000000
6567 -714.0000000000
6573 -713.0000000000
6576 -712.0000000000
6585 -711.0000000000
6596 -709.0000000000
6641 -708.0000000000
6644 -707.0000000000
6647 -706.0000000000
6651 -705.0000000000
6664 -704.0000000000
6665 -702.0000000000
6670 -701.0000000000
6677 -700.0000000000
6685 -699.0000000000
6695 -697.0000000000
6705 -696.0000000000
6727 -695.0000000000
6757 -694.0000000000
6764 -693.0000000000
6767 -692.0000000000
6779 -690.0000000000
6784 -689.0000000000
6785 -687.0000000000
6798 -684.0000000000
6804 -683.0000000000
6808 -682.0000000000
6813 -681.0000000000
6829 -680.0000000000
6832 -679.0000000000
6843 -678.0000000000
6844 -677.0000000000
6851 -676.0000000000
6855 -675.0000000000
6885 -674.0000000000
6890 -673.0000000000
6892 -672.0000000000
6912 -671.0000000000
6926 -670.0000000000
6933 -668.0000000000
6934 -667.0000000000
6937 -666.0000000000
6943 -665.0000000000
6951 -664.0000000000
6955 -663.0000000000
6958 -662.0000000000
6961 -661.0000000000
6968 -660.0000000000
6981 -659.0000000000
6991 -658.0000000000
7004 -656.0000000000
7012 -655.0000000000
7025 -654.0000000000
7047 -653.0000000000
7060 -652.0000000000
7092 -651.0000000000
7153 -650.0000000000
7191 -649.0000000000
7212 -648.0000000000
7213 -647.0000000000
7229 -646.0000000000
7243 -645.0000000000
7277 -644.0000000000
7291 -643.0000000000
7305 -642.0000000000
7310 -641.0000000000
7340 -640.0000000000
7358 -639.0000000000
7365 -638.0000000000
7367 -637.0000000000
7374 -636.0000000000
7389 -635.0000000000
7396 -634.0000000000
7397 -633.0000000000
7399 -632.0000000000
7402 -631.0000000000
7424 -629.0000000000
7447 -628.0000000000
7454 -627.0000000000
7462 -626.0000000000
7466 -625.0000000000
7496 -624.0000000000
7512 -623.0000000000
7523 -622.0000000000
7535 -621.0000000000
7536 -620.0000000000
7562 -619.0000000000
7595 -618.0000000000
7619 -617.0000000000
7625 -616.0000000000
7633 -615.0000000000
7643 -614.0000000000
7669 -613.0000000000
7670 -612.0000000000
7673 -611.0000000000
7705 -610.0000000000
7713 -609.0000000000
7715 -608.0000000000
7723 -606.0000000000
7743 -605.0000000000
7790 -604.0000000000
7802 -603.0000000000
7822 -602.0000000000
7825 -599.0000000000
7842 -598.0000000000
7858 -597.0000000000
7892 -596.0000000000
7900 -595.0000000000
7902 -594.0000000000
7920 -593.0000000000
7936 -592.0000000000
7947 -590.0000000000
7989 -589.0000000000
8011 -588.0000000000
8013 -587.0000000000
8024 -586.0000000000
8043 -585.0000000000
8056 -584.0000000000
8073 -582.0000000000
8074 -581.0000000000
8087 -580.0000000000
8092 -579.0000000000
8115 -578.0000000000
8117 -577.0000000000
8146 -576.0000000000
8147 -575.0000000000
8162 -574.0000000000
8200 -573.0000000000
8201 -572.0000000000
8217 -571.0000000000
8247 -570.0000000000
8252 -569.0000000000
8255 -568.0000000000
8263 -567.0000000000
8276 -566.0000000000
8315 -565.0000000000
8347 -564.0000000000
8371 -563.0000000000
8378 -562.0000000000
8394 -561.0000000000
8410 -560.0000000000
8419 -559.0000000000
8451 -558.0000000000
8455 -556.0000000000
8458 -555.0000000000
8463 -554.0000000000
8467 -553.0000000000
8478 -552.0000000000
8483 -551.0000000000
8528 -550.0000000000
8540 -549.0000000000
8548 -548.0000000000
8555 -547.0000000000
8572 -546.0000000000
8574 -545.0000000000
8578 -544.0000000000
8589 -543.0000000000
8590 -542.0000000000
8600 -541.0000000000
8617 -540.0000000000
8633 -539.0000000000
8644 -538.0000000000
8646 -537.0000000000
8649 -536.0000000000
8653 -535.0000000000
8702 -533.0000000000
8722 -532.0000000000
8743 -530.0000000000
8766 -529.0000000000
8778 -528.0000000000
8780 -527.0000000000
8781 -526.0000000000
8809 -525.0000000000
8828 -524.0000000000
8836 -523.0000000000
8847 -522.0000000000
8892 -521.0000000000
8904 -520.0000000000
8920 -519.0000000000
8926 -518.0000000000
8951 -517.0000000000
8979 -516.0000000000
8984 -515.0000000000
9024 -514.0000000000
9034 -513.0000000000
9036 -512.0000000000
9052 -511.0000000000
9077 -510.0000000000
9099 -509.0000000000
9108 -508.0000000000
9150 -507.0000000000
9162 -506.0000000000
9186 -505.0000000000
9217 -504.0000000000
9224 -503.0000000000
9228 -501.0000000000
9257 -499.0000000000
9280 -498.0000000000
9281 -497.0000000000
9294 -496.0000000000
9295 -495.0000000000
9313 -494.0000000000
9334 -493.0000000000
9345 -492.0000000000
9362 -491.0000000000
9386 -490.0000000000
9388 -489.0000000000
9396 -487.0000000000
9412 -486.0000000000
9418 -484.0000000000
9421 -483.0000000000
9424 -482.0000000000
9426 -481.0000000000
9467 -480.0000000000
9481 -479.0000000000
9496 -478.0000000000
9574 -477.0000000000
9651 -476.0000000000
9696 -475.0000000000
9710 -474.0000000000
9713 -473.0000000000
9716 -472.0000000000
9756 -471.0000000000
9759 -470.0000000000
9761 -469.0000000000
9762 -468.0000000000
9769 -467.0000000000
9790 -465.0000000000
9805 -464.0000000000
9811 -463.0000000000
9823 -462.0000000000
9873 -461.0000000000
9882 -459.0000000000
9893 -458.0000000000
9904 -457.0000000000
9928 -456.0000000000
9949 -455.0000000000
9966 -454.0000000000
9979 -453.0000000000
9987 -452.0000000000
9992 -451.0000000000
10000 -454.0000000000
evaluations raw_y
1 -1874.0000000000
8 -1873.0000000000
10 -1872.0000000000
11 -1870.0000000000
15 -1869.0000000000
21 -1868.0000000000
25 -1867.0000000000
27 -1866.0000000000
28 -1865.0000000000
29 -1864.0000000000
32 -1863.0000000000
35 -1862.0000000000
38 -1861.0000000000
41 -1860.0000000000
47 -1859.0000000000
48 -1857.0000000000
51 -1856.0000000000
52 -1854.0000000000
58 -1852.0000000000
64 -1851.0000000000
70 -1849.0000000000
73 -1848.0000000000
74 -1847.0000000000
76 -1846.0000000000
77 -1845.0000000000
79 -1843.0000000000
87 -1842.0000000000
90 -1841.0000000000
98 -1840.0000000000
109 -1839.0000000000
113 -1838.0000000000
115 -1837.0000000000
118 -1836.0000000000
119 -1835.0000000000
120 -1834.0000000000
123 -1830.0000000000
130 -1829.0000000000
137 -1828.0000000000
140 -1827.0000000000
145 -1826.0000000000
147 -1825.0000000000
150 -1824.0000000000
151 -1823.0000000000
153 -1822.0000000000
157 -1821.0000000000
158 -1820.0000000000
164 -1819.0000000000
173 -1818.0000000000
178 -1817.0000000000
179 -1816.0000000000
184 -1815.0000000000
189 -1813.0000000000
192 -1809.0000000000
199 -1808.0000000000
204 -1807.0000000000
215 -1806.0000000000
220 -1804.0000000000
235 -1802.0000000000
237 -1801.0000000000
246 -1799.0000000000
250 -1797.0000000000
255 -1796.0000000000
257 -1795.0000000000
260 -1793.0000000000
262 -1792.0000000000
269 -1791.0000000000
272 -1790.0000000000
276 -1789.0000000000
280 -1788.0000000000
286 -1787.0000000000
289 -1786.0000000000
296 -1784.0000000000
298 -1783.0000000000
302 -1782.0000000000
313 -1781.0000000000
315 -1780.0000000000
319 -1779.0000000000
322 -1778.0000000000
329 -1777.0000000000
339 -1776.0000000000
350 -1775.0000000000
355 -1774.0000000000
358 -1773.0000000000
361 -1772.0000000000
363 -1770.0000000000
365 -1769.0000000000
372 -1768.0000000000
378 -1767.0000000000
381 -1766.0000000000
382 -1765.0000000000
383 -1764.0000000000
385 -1763.0000000000
387 -1762.0000000000
388 -1761.0000000000
391 -1760.0000000000
393 -1759.0000000000
396 -1758.0000000000
404 -1757.0000000000
405 -1756.0000000000
410 -1753.0000000000
412 -1751.0000000000
414 -1750.0000000000
417 -1749.0000000000
421 -1747.0000000000
422 -1745.0000000000
423 -1744.0000000000
425 -1743.0000000000
428 -1742.0000000000
430 -1741.0000000000
434 -1740.0000000000
435 -1739.0000000000
436 -1738.0000000000
437 -1737.0000000000
438 -1736.0000000000
447 -1735.0000000000
454 -1734.0000000000
455 -1733.0000000000
458 -1732.0000000000
464 -1730.0000000000
467 -1729.0000000000
471 -1727.0000000000
473 -1725.0000000000
474 -1724.0000000000
477 -1723.0000000000
478 -1722.0000000000
491 -1721.0000000000
495 -1720.0000000000
500 -1718.0000000000
501 -1717.0000000000
503 -1716.0000000000
508 -1715.0000000000
510 -1714.0000000000
521 -1711.0000000000
527 -1710.0000000000
529 -1709.0000000000
530 -1708.0000000000
532 -1707.0000000000
533 -1706.0000000000
542 -1705.0000000000
545 -1703.0000000000
554 -1702.0000000000
561 -1701.0000000000
570 -1700.0000000000
582 -1699.0000000000
585 -1698.0000000000
586 -1697.0000000000
591 -1695.0000000000
593 -1694.0000000000
597 -1692.0000000000
606 -1691.0000000000
612 -1690.0000000000
618 -1689.0000000000
626 -1688.0000000000
628 -1685.0000000000
629 -1684.0000000000
641 -1683.0000000000
645 -1682.0000000000
646 -1681.0000000000
650 -1680.0000000000
652 -1679.0000000000
656 -1677.0000000000
658 -1676.0000000000
659 -1675.0000000000
661 -1674.0000000000
663 -1673.0000000000
664 -1671.0000000000
668 -1670.0000000000
669 -1669.0000000000
671 -1668.0000000000
675 -1666.0000000000
681 -1665.0000000000
686 -1663.0000000000
689 -1661.0000000000
691 -1660.0000000000
692 -1659.0000000000
694 -1658.0000000000
697 -1656.0000000000
713 -1655.0000000000
717 -1654.0000000000
720 -1652.0000000000
721 -1651.0000000000
727 -1648.0000000000
728 -1647.0000000000
735 -1646.0000000000
739 -1645.0000000000
742 -1644.0000000000
744 -1642.0000000000
745 -1641.0000000000
749 -1640.0000000000
758 -1639.0000000000
759 -1637.0000000000
773 -1635.0000000000
779 -1634.0000000000
780 -1633.0000000000
788 -1632.0000000000
789 -1631.0000000000
796 -1630.0000000000
798 -1629.0000000000
800 -1628.0000000000
802 -1626.0000000000
806 -1625.0000000000
809 -1624.0000000000
812 -1623.0000000000
818 -1621.0000000000
823 -1620.0000000000
824 -1619.0000000000
827 -1618.0000000000
839 -1617.0000000000
850 -1615.0000000000
853 -1613.0000000000
854 -1611.0000000000
863 -1610.0000000000
866 -1609.0000000000
867 -1607.0000000000
871 -1606.0000000000
872 -1605.0000000000
877 -1604.0000000000
901 -1603.0000000000
909 -1602.0000000000
912 -1601.0000000000
920 -1600.0000000000
933 -1599.0000000000
936 -1598.0000000000
939 -1597.0000000000
942 -1596.0000000000
945 -1595.0000000000
950 -1594.0000000000
960 -1591.0000000000
961 -1589.0000000000
966 -1588.0000000000
978 -1587.0000000000
979 -1586.0000000000
980 -1585.0000000000
990 -1584.0000000000
993 -1583.0000000000
1001 -1581.0000000000
1008 -1580.0000000000
1016 -1579.0000000000
1017 -1577.0000000000
1024 -1576.0000000000
1026 -1575.0000000000
1028 -1573.0000000000
1030 -1571.0000000000
1038 -1570.0000000000
1055 -1569.0000000000
1060 -1568.0000000000
1067 -1567.0000000000
1083 -1566.0000000000
1090 -1565.0000000000
1096 -1563.0000000000
1105 -1562.0000000000
1107 -1559.0000000000
1109 -1558.0000000000
1110 -1557.0000000000
1122 -1556.0000000000
1141 -1555.0000000000
1143 -1554.0000000000
1149 -1552.0000000000
1156 -1551.0000000000
1157 -1550.0000000000
1160 -1549.0000000000
1164 -1548.0000000000
1177 -1547.0000000000
1179 -1546.0000000000
1180 -1544.0000000000
1184 -1543.0000000000
1190 -1542.0000000000
1197 -1541.0000000000
1198 -1539.0000000000
1206 -1537.0000000000
1207 -1536.0000000000
1208 -1535.0000000000
1213 -1534.0000000000
1216 -1531.0000000000
1238 -1530.0000000000
1243 -1529.0000000000
1261 -1527.0000000000
1262 -1526.0000000000
1263 -1525.0000000000
1268 -1524.0000000000
1272 -1520.0000000000
1273 -1519.0000000000
1277 -1518.0000000000
1285 -1516.0000000000
1286 -1514.0000000000
1287 -1513.0000000000
1288 -1512.0000000000
1295 -1511.0000000000
1296 -1510.0000000000
1302 -1508.0000000000
1307 -1507.0000000000
1308 -1506.0000000000
1309 -1505.0000000000
1314 -1504.0000000000
1320 -1503.0000000000
1324 -1502.0000000000
1325 -1501.0000000000
1326 -1498.0000000000
1327 -1497.0000000000
1332 -1496.0000000000
1333 -1495.0000000000
1344 -1494.0000000000
1346 -1493.0000000000
1358 -1492.0000000000
1366 -1491.0000000000
1369 -1490.0000000000
1370 -1489.0000000000
1372 -1487.0000000000
1375 -1486.0000000000
1378 -1485.0000000000
1382 -1484.0000000000
1384 -1483.0000000000
1385 -1481.0000000000
1386 -1480.0000000000
1387 -1479.0000000000
1390 -1478.0000000000
1391 -1477.0000000000
1393 -1475.0000000000
1408 -1474.0000000000
1411 -1473.0000000000
1418 -1472.0000000000
1425 -1471.0000000000
1426 -1470.0000000000
1431 -1469.0000000000
1433 -1468.0000000000
1443 -1467.0000000000
1444 -1466.0000000000
1445 -1464.0000000000
1448 -1463.0000000000
1450 -1461.0000000000
1452 -1460.0000000000
1457 -1459.0000000000
1462 -1457.0000000000
1465 -1456.0000000000
1473 -1455.0000000000
1476 -1454.0000000000
1480 -1453.0000000000
1486 -1452.0000000000
1490 -1451.0000000000
1491 -1449.0000000000
1494 -1448.0000000000
1495 -1447.0000000000
1501 -1445.0000000000
1506 -1443.0000000000
1507 -1442.0000000000
1515 -1441.0000000000
1525 -1440.0000000000
1533 -1439.0000000000
1539 -1438.0000000000
1549 -1437.0000000000
1560 -1436.0000000000
1568 -1435.0000000000
1579 -1434.0000000000
1580 -1432.0000000000
1585 -1431.0000000000
1590 -1429.0000000000
1604 -1427.0000000000
1610 -1426.0000000000
1615 -1425.0000000000
1618 -1424.0000000000
1620 -1423.0000000000
1627 -1422.0000000000
1636 -1421.0000000000
1640 -1420.0000000000
1641 -1419.0000000000
1643 -1418.0000000000
1648 -1417.0000000000
1651 -1416.0000000000
1654 -1415.0000000000
1661 -1414.0000000000
1663 -1413.0000000000
1671 -1412.0000000000
1672 -1411.0000000000
1679 -1410.0000000000
1688 -1409.0000000000
1722 -1408.0000000000
1723 -1407.0000000000
1728 -1406.0000000000
1729 -1405.0000000000
1731 -1404.0000000000
1733 -1403.0000000000
1746 -1402.0000000000
1751 -1401.0000000000
1755 -1400.0000000000
1761 -1399.0000000000
1766 -1398.0000000000
1767 -1397.0000000000
1771 -1396.0000000000
1772 -1395.0000000000
1781 -1394.0000000000
1797 -1393.0000000000
1798 -1392.0000000000
1801 -1391.0000000000
1803 -1390.0000000000
1810 -1389.0000000000
1812 -1388.0000000000
1819 -1387.0000000000
1825 -1386.0000000000
1829 -1385.0000000000
1844 -1384.0000000000
1845 -1383.0000000000
1851 -1382.0000000000
1860 -1381.0000000000
1863 -1380.0000000000
1872 -1379.0000000000
1900 -1377.0000000000
1901 -1376.0000000000
1902 -1375.0000000000
1905 -1374.0000000000
1906 -1372.0000000000
1913 -1371.0000000000
1919 -1370.0000000000
1921 -1369.0000000000
1927 -1368.0000000000
1931 -1367.0000000000
1941 -1366.0000000000
1946 -1365.0000000000
1953 -1363.0000000000
1956 -1362.0000000000
1959 -1361.0000000000
1961 -1360.0000000000
1964 -1359.0000000000
1968 -1358.0000000000
1973 -1357.0000000000
1977 -1356.0000000000
1997 -1355.0000000000
1998 -1354.0000000000
2001 -1353.0000000000
2009 -1352.0000000000
2016 -1351.0000000000
2017 -1350.0000000000
2023 -1348.0000000000
2024 -1347.0000000000
2031 -1346.0000000000
2032 -1345.0000000000
2036 -1344.0000000000
2038 -1343.0000000000
2039 -1342.0000000000
2043 -1341.0000000000
2057 -1340.0000000000
2061 -1338.0000000000
2067 -1337.0000000000
2080 -1336.0000000000
2081 -1335.0000000000
2115 -1334.0000000000
2134 -1333.0000000000
2138 -1332.0000000000
2141 -1331.0000000000
2147 -1330.0000000000
2152 -1329.0000000000
2165 -1328.0000000000
2167 -1327.0000000000
2169 -1326.0000000000
2185 -1324.0000000000
2187 -1323.0000000000
2198 -1322.0000000000
2202 -1321.0000000000
2205 -1320.0000000000
2208 -1319.0000000000
2209 -1318.0000000000
2211 -1317.0000000000
2219 -1316.0000000000
2223 -1315.0000000000
2239 -1314.0000000000
2250 -1313.0000000000
2253 -1312.0000000000
2277 -1311.0000000000
2281 -1309.0000000000
2282 -1308.0000000000
2285 -1307.0000000000
2293 -1306.0000000000
2299 -1305.0000000000
2303 -1304.0000000000
2306 -1303.0000000000
2308 -1302.0000000000
2322 -1301.0000000000
2323 -1300.0000000000
2328 -1299.0000000000
2338 -1298.0000000000
2343 -1297.0000000000
2357 -1296.0000000000
2359 -1295.0000000000
2360 -1293.0000000000
2368 -1292.0000000000
2372 -1291.0000000000
2383 -1289.0000000000
2386 -1288.0000000000
2416 -1285.0000000000
2418 -1284.0000000000
2425 -1283.0000000000
2426 -1282.0000000000
2430 -1281.0000000000
2434 -1278.0000000000
2437 -1277.0000000000
2438 -1276.0000000000
2443 -1275.0000000000
2446 -1274.0000000000
2447 -1273.0000000000
2453 -1271.0000000000
2456 -1270.0000000000
2457 -1269.0000000000
2467 -1267.0000000000
2468 -1266.0000000000
2483 -1265.0000000000
2486 -1264.0000000000
2490 -1262.0000000000
2494 -1261.0000000000
2497 -1260.0000000000
2498 -1259.0000000000
2509 -1258.0000000000
2516 -1257.0000000000
2517 -1256.0000000000
2522 -1255.0000000000
2527 -1254.0000000000
2530 -1253.0000000000
2549 -1252.0000000000
2553 -1251.0000000000
2558 -1250.0000000000
2568 -1249.0000000000
2575 -1248.0000000000
2586 -1247.0000000000
2587 -1246.0000000000
2595 -1244.0000000000
2596 -1243.0000000000
2601 -1242.0000000000
2606 -1241.0000000000
2609 -1240.0000000000
2629 -1239.0000000000
2651 -1238.0000000000
2654 -1237.0000000000
2668 -1236.0000000000
2671 -1235.0000000000
2681 -1234.0000000000
2695 -1233.0000000000
2703 -1232.0000000000
2708 -1231.0000000000
2712 -1227.0000000000
2714 -1226.0000000000
2724 -1224.0000000000
2728 -1223.0000000000
2732 -1222.0000000000
2737 -1221.0000000000
2741 -1219.0000000000
2758 -1216.0000000000
2760 -1215.0000000000
2762 -1214.0000000000
2776 -1213.0000000000
2778 -1212.0000000000
2780 -1211.0000000000
2788 -1210.0000000000
2796 -1209.0000000000
2797 -1208.0000000000
2801 -1207.0000000000
2805 -1206.0000000000
2810 -1205.0000000000
2817 -1204.0000000000
2825 -1203.0000000000
2827 -1202.0000000000
2828 -1200.0000000000
2844 -1199.0000000000
2850 -1197.0000000000
2851 -1196.0000000000
2864 -1195.0000000000
2867 -1194.0000000000
2873 -1193.0000000000
2880 -1191.0000000000
2882 -1190.0000000000
2889 -1189.0000000000
2902 -1188.0000000000
2905 -1187.0000000000
2916 -1186.0000000000
2917 -1184.0000000000
2918 -1183.0000000000
2921 -1182.0000000000
2929 -1181.0000000000
2935 -1179.0000000000
2940 -1178.0000000000
2952 -1177.0000000000
2964 -1176.0000000000
2965 -1175.0000000000
2976 -1174.0000000000
3023 -1173.0000000000
3025 -1172.0000000000
3029 -1171.0000000000
3034 -1170.0000000000
3060 -1169.0000000000
3066 -1168.0000000000
3069 -1167.0000000000
3083 -1166.0000000000
3086 -1165.0000000000
3089 -1164.0000000000
3095 -1163.0000000000
3096 -1162.0000000000
3101 -1161.0000000000
3112 -1159.0000000000
3115 -1158.0000000000
3117 -1157.0000000000
3132 -1156.0000000000
3133 -1155.0000000000
3134 -1154.0000000000
3137 -1152.0000000000
3154 -1151.0000000000
3157 -1150.0000000000
3158 -1148.0000000000
3161 -1147.0000000000
3195 -1145.0000000000
3202 -1144.0000000000
3204 -1143.0000000000
3207 -1142.0000000000
3225 -1140.0000000000
3229 -1139.0000000000
3232 -1138.0000000000
3239 -1137.0000000000
3240 -1136.0000000000
3257 -1134.0000000000
3260 -1133.0000000000
3263 -1132.0000000000
3270 -1131.0000000000
3272 -1130.0000000000
3274 -1128.0000000000
3276 -1127.0000000000
3299 -1126.0000000000
3307 -1125.0000000000
3314 -1123.0000000000
3317 -1122.0000000000
3320 -1121.0000000000
3334 -1120.0000000000
3342 -1119.0000000000
3348 -1118.0000000000
3349 -1117.0000000000
3355 -1116.0000000000
3359 -1115.0000000000
3363 -1114.0000000000
3375 -1113.0000000000
3376 -1112.0000000000
3379 -1111.0000000000
3380 -1110.0000000000
3381 -1109.0000000000
3383 -1108.0000000000
3392 -1107.0000000000
3407 -1106.0000000000
3408 -1105.0000000000
3416 -1104.0000000000
3418 -1103.0000000000
3423 -1102.0000000000
3424 -1101.0000000000
3436 -1100.0000000000
3441 -1099.0000000000
3443 -1098.0000000000
3453 -1097.0000000000
3477 -1096.0000000000
3485 -1095.0000000000
3515 -1094.0000000000
3520 -1092.0000000000
3528 -1091.0000000000
3530 -1090.0000000000
3533 -1089.0000000000
3542 -1087.0000000000
3552 -1086.0000000000
3556 -1085.0000000000
3566 -1084.0000000000
3569 -1083.0000000000
3574 -1082.0000000000
3575 -1081.0000000000
3604 -1080.0000000000
3615 -1079.0000000000
3621 -1078.0000000000
3625 -1077.0000000000
3626 -1076.0000000000
3630 -1075.0000000000
3639 -1074.0000000000
3640 -1073.0000000000
3649 -1072.0000000000
3650 -1071.0000000000
3652 -1070.0000000000
3656 -1067.0000000000
3657 -1066.0000000000
3661 -1065.0000000000
3668 -1063.0000000000
3671 -1062.0000000000
3679 -1061.0000000000
3690 -1060.0000000000
3703 -1059.0000000000
3707 -1057.0000000000
3708 -1055.0000000000
3712 -1054.0000000000
3721 -1053.0000000000
3730 -1051.0000000000
3731 -1050.0000000000
3740 -1049.0000000000
3741 -1048.0000000000
3747 -1047.0000000000
3748 -1046.0000000000
3749 -1045.0000000000
3759 -1044.0000000000
3782 -1042.0000000000
3783 -1041.0000000000
3786 -1040.0000000000
3788 -1039.0000000000
3795 -1038.0000000000
3800 -1037.0000000000
3802 -1036.0000000000
3803 -1035.0000000000
3812 -1033.0000000000
3826 -1032.0000000000
3827 -1031.0000000000
3836 -1030.0000000000
3862 -1029.0000000000
3870 -1028.0000000000
3872 -1027.0000000000
3873 -1026.0000000000
3875 -1023.0000000000
3876 -1022.0000000000
3877 -1021.0000000000
3880 -1020.0000000000
3882 -1019.0000000000
3900 -1018.0000000000
3901 -1017.0000000000
3903 -1016.0000000000
3920 -1015.0000000000
3943 -1014.0000000000
3973 -1013.0000000000
3974 -1011.0000000000
3980 -1010.0000000000
3984 -1008.0000000000
3985 -1007.0000000000
3988 -1005.0000000000
3989 -1004.0000000000
3991 -1003.0000000000
3992 -1002.0000000000
4008 -1001.0000000000
4009 -1000.0000000000
4014 -999.0000000000
4021 -998.0000000000
4046 -996.0000000000
4050 -994.0000000000
4051 -993.0000000000
4055 -992.0000000000
4070 -991.0000000000
4071 -989.0000000000
4073 -988.0000000000
4084 -987.0000000000
4098 -986.0000000000
4105 -985.0000000000
4120 -984.0000000000
4126 -983.0000000000
4145 -982.0000000000
4152 -981.0000000000
4153 -980.0000000000
4193 -978.0000000000
4199 -976.0000000000
4201 -975.0000000000
4206 -974.0000000000
4210 -973.0000000000
4211 -972.0000000000
4218 -971.0000000000
4233 -970.0000000000
4260 -969.0000000000
4291 -968.0000000000
4293 -967.0000000000
4295 -966.0000000000
4310 -965.0000000000
4321 -964.0000000000
4339 -963.0000000000
4343 -962.0000000000
4348 -961.0000000000
4349 -960.0000000000
4353 -959.0000000000
4355 -958.0000000000
4358 -956.0000000000
4362 -955.0000000000
4367 -954.0000000000
4379 -953.0000000000
4383 -952.0000000000
4386 -951.0000000000
4411 -949.0000000000
4414 -948.0000000000
4421 -947.0000000000
4433 -946.0000000000
4438 -945.0000000000
4450 -944.0000000000
4452 -943.0000000000
4461 -941.0000000000
4464 -940.0000000000
4471 -939.0000000000
4479 -938.0000000000
4485 -936.0000000000
4486 -934.0000000000
4488 -932.0000000000
4489 -929.0000000000
4490 -928.0000000000
4505 -927.0000000000
4511 -926.0000000000
4519 -925.0000000000
4520 -924.0000000000
4535 -923.0000000000
4545 -922.0000000000
4549 -921.0000000000
4562 -919.0000000000
4572 -918.0000000000
4576 -917.0000000000
4590 -916.0000000000
4601 -914.0000000000
4622 -913.0000000000
4629 -912.0000000000
4631 -910.0000000000
4645 -909.0000000000
4656 -908.0000000000
4671 -907.0000000000
4682 -906.0000000000
4684 -905.0000000000
4685 -904.0000000000
4687 -903.0000000000
4699 -902.0000000000
4705 -901.0000000000
4709 -900.0000000000
4727 -898.0000000000
4735 -895.0000000000
4736 -894.0000000000
4741 -893.0000000000
4743 -892.0000000000
4770 -891.0000000000
4775 -890.0000000000
4803 -889.0000000000
4805 -888.0000000000
4821 -887.0000000000
4825 -886.0000000000
4834 -885.0000000000
4866 -884.0000000000
4869 -883.0000000000
4871 -882.0000000000
4876 -881.0000000000
4880 -880.0000000000
4881 -879.0000000000
4890 -878.0000000000
4894 -877.0000000000
4902 -876.0000000000
4911 -875.0000000000
4915 -874.0000000000
4925 -872.0000000000
4926 -871.0000000000
4937 -870.0000000000
4950 -869.0000000000
4957 -868.0000000000
4976 -867.0000000000
4978 -866.0000000000
4992 -865.0000000000
5003 -864.0000000000
5004 -863.0000000000
5018 -862.0000000000
5021 -861.0000000000
5025 -860.0000000000
5026 -859.0000000000
5041 -858.0000000000
5069 -857.0000000000
5085 -856.0000000000
5107 -855.0000000000
5110 -854.0000000000
5116 -853.0000000000
5121 -852.0000000000
5130 -851.0000000000
5133 -850.0000000000
5148 -849.0000000000
5156 -847.0000000000
5167 -846.0000000000
5170 -845.0000000000
5177 -844.0000000000
5186 -843.0000000000
5189 -842.0000000000
5191 -841.0000000000
5192 -840.0000000000
5197 -839.0000000000
5202 -838.0000000000
5205 -836.0000000000
5208 -835.0000000000
5209 -834.0000000000
5215 -833.0000000000
5219 -832.0000000000
5225 -831.0000000000
5243 -830.0000000000
5250 -829.0000000000
5254 -828.0000000000
5258 -827.0000000000
5259 -826.0000000000
5261 -825.0000000000
5272 -824.0000000000
5275 -823.0000000000
5276 -822.0000000000
5286 -821.0000000000
5294 -820.0000000000
5306 -819.0000000000
5316 -818.0000000000
5319 -817.0000000000
5343 -816.0000000000
5356 -815.0000000000
5376 -814.0000000000
5384 -813.0000000000
5389 -812.0000000000
5412 -811.0000000000
5431 -810.0000000000
5433 -809.0000000000
5434 -808.0000000000
5441 -807.0000000000
5461 -806.0000000000
5471 -805.0000000000
5493 -804.0000000000
5495 -803.0000000000
5501 -802.0000000000
5522 -800.0000000000
5549 -799.0000000000
5565 -798.0000000000
5566 -797.0000000000
5574 -796.0000000000
5576 -795.0000000000
5596 -793.0000000000
5604 -792.0000000000
5622 -791.0000000000
5629 -790.0000000000
5654 -789.0000000000
5657 -788.0000000000
5659 -786.0000000000
5672 -785.0000000000
5679 -784.0000000000
5688 -783.0000000000
5696 -782.0000000000
5703 -781.0000000000
5717 -780.0000000000
5738 -779.0000000000
5752 -778.0000000000
5753 -777.0000000000
5758 -775.0000000000
5763 -774.0000000000
5790 -773.0000000000
5793 -772.0000000000
5802 -771.0000000000
5815 -770.0000000000
5822 -769.0000000000
5823 -768.0000000000
5824 -767.0000000000
5833 -766.0000000000
5839 -765.0000000000
5843 -764.0000000000
5855 -763.0000000000
5860 -762.0000000000
5864 -761.0000000000
5865 -760.0000000000
5873 -759.0000000000
5937 -758.0000000000
5954 -757.0000000000
5996 -756.0000000000
5998 -755.0000000000
6017 -754.0000000000
6021 -753.0000000000
6044 -752.0000000000
6045 -751.0000000000
6048 -750.0000000000
6055 -749.0000000000
6062 -748.0000000000
6064 -747.0000000000
6100 -746.0000000000
6108 -745.0000000000
6127 -744.0000000000
6151 -743.0000000000
6177 -742.0000000000
6178 -741.0000000000
6184 -740.0000000000
6194 -738.0000000000
6200 -737.0000000000
6210 -736.0000000000
6220 -735.0000000000
6238 -734.0000000000
6242 -733.0000000000
6243 -732.0000000000
6244 -731.0000000000
6252 -730.0000000000
6262 -729.0000000000
6266 -728.0000000000
6267 -727.0000000000
6275 -725.0000000000
6283 -724.0000000000
6292 -723.0000000000
6293 -722.0000000000
6300 -721.0000000000
6302 -720.0000000000
6314 -719.0000000000
6332 -718.0000000000
6339 -717.0000000000
6345 -716.0000000000
6366 -714.0000000000
6370 -713.0000000000
6401 -712.0000000000
6423 -709.0000000000
6431 -708.0000000000
6444 -707.0000000000
6455 -706.0000000000
6460 -705.0000000000
6479 -704.0000000000
6482 -701.0000000000
6484 -700.0000000000
6496 -699.0000000000
6508 -698.0000000000
6511 -697.0000000000
6538 -696.0000000000
6548 -694.0000000000
6562 -693.0000000000
6564 -692.0000000000
6579 -691.0000000000
6580 -690.0000000000
6614 -689.0000000000
6627 -688.0000000000
6637 -687.0000000000
6639 -686.0000000000
6640 -685.0000000000
6648 -684.0000000000
6721 -683.0000000000
6742 -682.0000000000
6772 -681.0000000000
6781 -680.0000000000
6789 -679.0000000000
6792 -678.0000000000
6801 -677.0000000000
6809 -676.0000000000
6824 -675.0000000000
6841 -674.0000000000
6843 -673.0000000000
6857 -672.0000000000
6859 -671.0000000000
6861 -670.0000000000
6865 -667.0000000000
6881 -665.0000000000
6886 -664.0000000000
6931 -663.0000000000
6953 -662.0000000000
6959 -661.0000000000
6964 -660.0000000000
6990 -659.0000000000
7007 -658.0000000000
7009 -657.0000000000
7057 -656.0000000000
7064 -655.0000000000
7074 -654.0000000000
7077 -653.0000000000
7108 -652.0000000000
7109 -651.0000000000
7146 -650.0000000000
7147 -649.0000000000
7148 -648.0000000000
7153 -647.0000000000
7155 -646.0000000000
7200 -644.0000000000
7203 -643.0000000000
7209 -642.0000000000
7210 -641.0000000000
7249 -640.0000000000
7264 -639.0000000000
7297 -638.0000000000
7306 -637.0000000000
7308 -636.0000000000
7314 -634.0000000000
7326 -633.0000000000
7332 -632.0000000000
7357 -631.0000000000
7430 -629.0000000000
7452 -627.0000000000
7457 -626.0000000000
7475 -625.0000000000
7502 -624.0000000000
7512 -622.0000000000
7516 -621.0000000000
7525 -620.0000000000
7532 -619.0000000000
7537 -618.0000000000
7538 -616.0000000000
7542 -615.0000000000
7547 -614.0000000000
7550 -613.0000000000
7565 -612.0000000000
7566 -611.0000000000
7573 -610.0000000000
7588 -609.0000000000
7602 -608.0000000000
7622 -607.0000000000
7641 -605.0000000000
7646 -604.0000000000
7684 -603.0000000000
7696 -602.0000000000
7710 -601.0000000000
7719 -600.0000000000
7733 -599.0000000000
7796 -598.0000000000
7802 -597.0000000000
7811 -596.0000000000
7813 -595.0000000000
7831 -594.0000000000
7837 -593.0000000000
7883 -592.0000000000
7886 -591.0000000000
7927 -590.0000000000
7929 -589.0000000000
7952 -587.0000000000
7954 -586.0000000000
7958 -585.0000000000
7971 -584.0000000000
7978 -583.0000000000
7982 -582.0000000000
8004 -580.0000000000
8049 -579.0000000000
8053 -577.0000000000
8063 -576.0000000000
8090 -575.0000000000
8092 -574.0000000000
8106 -573.0000000000
8107 -571.0000000000
8112 -570.0000000000
8113 -569.0000000000
8128 -566.0000000000
8151 -565.0000000000
8153 -564.0000000000
8156 -563.0000000000
8159 -562.0000000000
8181 -561.0000000000
8183 -560.0000000000
8262 -559.0000000000
8268 -558.0000000000
8293 -556.0000000000
8301 -555.0000000000
8304 -554.0000000000
8310 -553.0000000000
8311 -552.0000000000
8317 -551.0000000000
8322 -549.0000000000
8345 -548.0000000000
8360 -547.0000000000
8371 -546.0000000000
8380 -544.0000000000
8427 -543.0000000000
8462 -541.0000000000
8470 -540.0000000000
8472 -539.0000000000
8473 -538.0000000000
8495 -537.0000000000
8499 -536.0000000000
8506 -535.0000000000
8513 -534.0000000000
8518 -533.0000000000
8549 -531.0000000000
8559 -530.0000000000
8563 -529.0000000000
8595 -528.0000000000
8601 -527.0000000000
8602 -526.0000000000
8614 -524.0000000000
8650 -522.0000000000
8655 -521.0000000000
8664 -520.0000000000
8667 -519.0000000000
8691 -518.0000000000
8708 -517.0000000000
8715 -516.0000000000
8733 -515.0000000000
8743 -513.0000000000
8763 -512.0000000000
8782 -511.0000000000
8790 -510.0000000000
8853 -509.0000000000
8857 -508.0000000000
8858 -507.0000000000
8875 -506.0000000000
8879 -505.0000000000
8898 -504.0000000000
8924 -503.0000000000
8988 -502.0000000000
9015 -501.0000000000
9026 -500.0000000000
9028 -499.0000000000
9035 -498.0000000000
9036 -497.0000000000
9043 -496.0000000000
9064 -495.0000000000
9077 -494.0000000000
9110 -493.0000000000
9113 -492.0000000000
9121 -491.0000000000
9169 -490.0000000000
9188 -488.0000000000
9199 -487.0000000000
9204 -486.0000000000
9214 -485.0000000000
9231 -483.0000000000
9234 -482.0000000000
9254 -480.0000000000
9292 -479.0000000000
9308 -478.0000000000
9312 -477.0000000000
9319 -476.0000000000
9351 -474.0000000000
9355 -473.0000000000
9374 -472.0000000000
9394 -471.0000000000
9396 -470.0000000000
9399 -469.0000000000
9409 -468.0000000000
9411 -467.0000000000
9419 -466.0000000000
9453 -465.0000000000
9455 -464.0000000000
9461 -463.0000000000
9476 -462.0000000000
9482 -461.0000000000
9516 -460.0000000000
9521 -459.0000000000
9531 -458.0000000000
9589 -457.0000000000
9590 -456.0000000000
9643 -455.0000000000
9649 -454.0000000000
9680 -453.0000000000
9683 -452.0000000000
9696 -450.0000000000
9777 -449.0000000000
9825 -448.0000000000
9855 -446.0000000000
9861 -445.0000000000
9873 -444.0000000000
9902 -443.0000000000
9927 -442.0000000000
9951 -441.0000000000
9952 -439.0000000000
9958 -438.0000000000
9965 -437.0000000000
9978 -436.0000000000
10000 -437.0000000000
evaluations raw_y
1 -1988.0000000000
9 -1986.0000000000
12 -1985.0000000000
15 -1984.0000000000
16 -1983.0000000000
17 -1982.0000000000
19 -1981.0000000000
23 -1980.0000000000
24 -1979.0000000000
34 -1978.0000000000
36 -1977.0000000000
38 -1976.0000000000
39 -1975.0000000000
42 -1974.0000000000
48 -1973.0000000000
49 -1972.0000000000
53 -1971.0000000000
59 -1968.0000000000
62 -1967.0000000000
63 -1966.0000000000
72 -1965.0000000000
73 -1962.0000000000
74 -1961.0000000000
76 -1960.0000000000
79 -1958.0000000000
80 -1957.0000000000
85 -1956.0000000000
91 -1955.0000000000
96 -1954.0000000000
99 -1953.0000000000
101 -1952.0000000000
102 -1950.0000000000
105 -1948.0000000000
106 -1947.0000000000
107 -1945.0000000000
108 -1944.0000000000
109 -1940.0000000000
110 -1939.0000000000
111 -1937.0000000000
113 -1936.0000000000
116 -1935.0000000000
117 -1934.0000000000
120 -1933.0000000000
134 -1931.0000000000
137 -1930.0000000000
139 -1928.0000000000
140 -1927.0000000000
143 -1925.0000000000
144 -1924.0000000000
145 -1923.0000000000
151 -1922.0000000000
153 -1920.0000000000
154 -1918.0000000000
155 -1915.0000000000
156 -1913.0000000000
158 -1911.0000000000
159 -1910.0000000000
164 -1909.0000000000
166 -1907.0000000000
172 -1906.0000000000
173 -1905.0000000000
176 -1904.0000000000
181 -1903.0000000000
182 -1901.0000000000
184 -1900.0000000000
189 -1899.0000000000
190 -1898.0000000000
192 -1897.0000000000
201 -1895.0000000000
207 -1894.0000000000
208 -1893.0000000000
210 -1892.0000000000
216 -1891.0000000000
220 -1890.0000000000
222 -1889.0000000000
223 -1888.0000000000
229 -1887.0000000000
235 -1886.0000000000
236 -1885.0000000000
242 -1884.0000000000
248 -1883.0000000000
251 -1881.0000000000
253 -1880.0000000000
260 -1879.0000000000
263 -1878.0000000000
266 -1877.0000000000
267 -1876.0000000000
274 -1875.0000000000
285 -1874.0000000000
286 -1873.0000000000
291 -1872.0000000000
293 -1871.0000000000
295 -1870.0000000000
297 -1868.0000000000
314 -1865.0000000000
317 -1863.0000000000
322 -1862.0000000000
326 -1859.0000000000
329 -1857.0000000000
330 -1856.0000000000
331 -1853.0000000000
335 -1851.0000000000
336 -1850.0000000000
338 -1849.0000000000
342 -1848.0000000000
344 -1847.0000000000
350 -1846.0000000000
355 -1845.0000000000
356 -1844.0000000000
360 -1843.0000000000
363 -1842.0000000000
365 -1841.0000000000
366 -1840.0000000000
369 -1839.0000000000
370 -1838.0000000000
373 -1837.0000000000
374 -1836.0000000000
378 -1833.0000000000
382 -1831.0000000000
384 -1830.0000000000
389 -1829.0000000000
391 -1828.0000000000
395 -1827.0000000000
396 -1826.0000000000
400 -1825.0000000000
405 -1824.0000000000
406 -1823.0000000000
413 -1822.0000000000
414 -1821.0000000000
420 -1820.0000000000
421 -1819.0000000000
424 -1818.0000000000
425 -1817.0000000000
427 -1816.0000000000
442 -1815.0000000000
447 -1814.0000000000
454 -1813.0000000000
460 -1812.0000000000
462 -1811.0000000000
466 -1810.0000000000
472 -1808.0000000000
473 -1807.0000000000
474 -1806.0000000000
475 -1805.0000000000
477 -1804.0000000000
480 -1803.0000000000
485 -1802.0000000000
487 -1801.0000000000
489 -1800.0000000000
493 -1799.0000000000
495 -1798.0000000000
496 -1797.0000000000
498 -1796.0000000000
506 -1795.0000000000
512 -1794.0000000000
514 -1793.0000000000
515 -1792.0000000000
521 -1791.0000000000
525 -1788.0000000000
529 -1787.0000000000
530 -1786.0000000000
531 -1785.0000000000
533 -1783.0000000000
534 -1782.0000000000
550 -1780.0000000000
555 -1779.0000000000
559 -1777.0000000000
561 -1776.0000000000
562 -1775.0000000000
573 -1774.0000000000
577 -1773.0000000000
579 -1771.0000000000
580 -1769.0000000000
585 -1768.0000000000
588 -1766.0000000000
593 -1764.0000000000
598 -1763.0000000000
600 -1762.0000000000
602 -1761.0000000000
608 -1760.0000000000
611 -1759.0000000000
614 -1758.0000000000
615 -1757.0000000000
636 -1756.0000000000
638 -1755.0000000000
646 -1754.0000000000
647 -1753.0000000000
650 -1752.0000000000
653 -1751.0000000000
658 -1750.0000000000
659 -1748.0000000000
661 -1747.0000000000
663 -1746.0000000000
665 -1744.0000000000
667 -1743.0000000000
669 -1742.0000000000
671 -1741.0000000000
679 -1740.0000000000
682 -1739.0000000000
688 -1738.0000000000
692 -1737.0000000000
698 -1736.0000000000
715 -1735.0000000000
719 -1734.0000000000
727 -1733.0000000000
733 -1732.0000000000
734 -1730.0000000000
739 -1729.0000000000
743 -1728.0000000000
747 -1726.0000000000
749 -1725.0000000000
752 -1724.0000000000
754 -1722.0000000000
757 -1721.0000000000
759 -1720.0000000000
764 -1718.0000000000
766 -1717.0000000000
768 -1716.0000000000
774 -1715.0000000000
775 -1714.0000000000
776 -1713.0000000000
786 -1711.0000000000
789 -1710.0000000000
791 -1709.0000000000
792 -1708.0000000000
793 -1707.0000000000
799 -1706.0000000000
801 -1705.0000000000
806 -1704.0000000000
807 -1703.0000000000
808 -1700.0000000000
811 -1696.0000000000
812 -1695.0000000000
820 -1694.0000000000
824 -1693.0000000000
825 -1691.0000000000
841 -1690.0000000000
844 -1688.0000000000
845 -1686.0000000000
855 -1685.0000000000
860 -1684.0000000000
861 -1683.0000000000
867 -1682.0000000000
868 -1679.0000000000
872 -1677.0000000000
874 -1675.0000000000
876 -1674.0000000000
878 -1673.0000000000
879 -1672.0000000000
881 -1670.0000000000
886 -1669.0000000000
889 -1668.0000000000
894 -1667.0000000000
897 -1666.0000000000
901 -1664.0000000000
903 -1663.0000000000
904 -1662.0000000000
912 -1661.0000000000
915 -1659.0000000000
916 -1658.0000000000
924 -1657.0000000000
931 -1656.0000000000
933 -1655.0000000000
938 -1654.0000000000
942 -1653.0000000000
944 -1650.0000000000
946 -1649.0000000000
956 -1648.0000000000
959 -1647.0000000000
960 -1646.0000000000
971 -1645.0000000000
973 -1644.0000000000
976 -1643.0000000000
983 -1642.0000000000
984 -1640.0000000000
993 -1639.0000000000
1002 -1638.0000000000
1003 -1637.0000000000
1004 -1636.0000000000
1010 -1635.0000000000
1033 -1634.0000000000
1034 -1633.0000000000
1055 -1631.0000000000
1063 -1630.0000000000
1064 -1629.0000000000
1065 -1628.0000000000
1078 -1627.0000000000
1080 -1626.0000000000
1082 -1625.0000000000
1093 -1624.0000000000
1104 -1623.0000000000
1107 -1622.0000000000
1111 -1621.0000000000
1112 -1620.0000000000
1116 -1618.0000000000
1126 -1617.0000000000
1127 -1616.0000000000
1142 -1615.0000000000
1143 -1613.0000000000
1158 -1612.0000000000
1164 -1611.0000000000
1168 -1610.0000000000
1176 -1609.0000000000
1178 -1608.0000000000
1183 -1605.0000000000
1185 -1604.0000000000
1186 -1602.0000000000
1187 -1601.0000000000
1194 -1599.0000000000
1209 -1597.0000000000
1210 -1596.0000000000
1218 -1595.0000000000
1225 -1594.0000000000
1231 -1592.0000000000
1232 -1591.0000000000
1244 -1588.0000000000
1245 -1587.0000000000
1246 -1586.0000000000
1266 -1585.0000000000
1284 -1584.0000000000
1286 -1583.0000000000
1298 -1582.0000000000
1299 -1581.0000000000
1302 -1580.0000000000
1308 -1579.0000000000
1320 -1577.0000000000
1323 -1575.0000000000
1328 -1573.0000000000
1330 -1572.0000000000
1333 -1571.0000000000
1338 -1570.0000000000
1347 -1569.0000000000
1361 -1568.0000000000
1362 -1567.0000000000
1367 -1566.0000000000
1368 -1565.0000000000
1376 -1564.0000000000
1384 -1563.0000000000
1386 -1562.0000000000
1387 -1561.0000000000
1395 -1560.0000000000
1398 -1559.0000000000
1399 -1557.0000000000
1400 -1556.0000000000
1404 -1555.0000000000
1410 -1554.0000000000
1415 -1553.0000000000
1420 -1552.0000000000
1424 -1551.0000000000
1426 -1550.0000000000
1438 -1549.0000000000
1439 -1548.0000000000
1445 -1546.0000000000
1455 -1545.0000000000
1463 -1544.0000000000
1464 -1543.0000000000
1468 -1541.0000000000
1470 -1540.0000000000
1472 -1539.0000000000
1479 -1538.0000000000
1484 -1534.0000000000
1485 -1533.0000000000
1487 -1532.0000000000
1488 -1531.0000000000
1495 -1530.0000000000
1498 -1527.0000000000
1499 -1525.0000000000
1504 -1524.0000000000
1511 -1523.0000000000
1512 -1522.0000000000
1514 -1521.0000000000
1515 -1519.0000000000
1517 -1518.0000000000
1519 -1517.0000000000
1529 -1516.0000000000
1536 -1515.0000000000
1544 -1513.0000000000
1548 -1512.0000000000
1553 -1511.0000000000
1558 -1509.0000000000
1575 -1508.0000000000
1579 -1507.0000000000
1583 -1506.0000000000
1588 -1504.0000000000
1591 -1503.0000000000
1594 -1501.0000000000
1595 -1499.0000000000
1599 -1498.0000000000
1603 -1496.0000000000
1605 -1495.0000000000
1613 -1494.0000000000
1615 -1493.0000000000
1616 -1492.0000000000
1625 -1491.0000000000
1627 -1490.0000000000
1628 -1487.0000000000
1630 -1485.0000000000
1637 -1484.0000000000
1652 -1483.0000000000
1659 -1482.0000000000
1663 -1481.0000000000
1668 -1480.0000000000
1679 -1479.0000000000
1680 -1478.0000000000
1681 -1477.0000000000
1683 -1476.0000000000
1685 -1474.0000000000
1693 -1472.0000000000
1701 -1471.0000000000
1704 -1470.0000000000
1718 -1469.0000000000
1734 -1468.0000000000
1741 -1466.0000000000
1746 -1465.0000000000
1747 -1464.0000000000
1751 -1463.0000000000
1767 -1462.0000000000
1770 -1461.0000000000
1777 -1460.0000000000
1781 -1459.0000000000
1794 -1458.0000000000
1796 -1456.0000000000
1804 -1455.0000000000
1810 -1453.0000000000
1815 -1452.0000000000
1817 -1451.0000000000
1818 -1450.0000000000
1826 -1449.0000000000
1828 -1447.0000000000
1830 -1446.0000000000
1834 -1445.0000000000
1838 -1443.0000000000
1840 -1442.0000000000
1843 -1441.0000000000
1849 -1440.0000000000
1859 -1439.0000000000
1860 -1437.0000000000
1861 -1436.0000000000
1866 -1435.0000000000
1867 -1434.0000000000
1870 -1433.0000000000
1871 -1432.0000000000
1875 -1431.0000000000
1879 -1429.0000000000
1880 -1428.0000000000
1883 -1426.0000000000
1885 -1425.0000000000
1887 -1424.0000000000
1893 -1423.0000000000
1903 -1422.0000000000
1905 -1421.0000000000
1913 -1420.0000000000
1914 -1419.0000000000
1921 -1418.0000000000
1924 -1417.0000000000
1928 -1415.0000000000
1936 -1414.0000000000
1938 -1412.0000000000
1948 -1411.0000000000
1954 -1410.0000000000
1957 -1409.0000000000
1959 -1408.0000000000
1962 -1407.0000000000
1965 -1406.0000000000
1969 -1405.0000000000
1970 -1404.0000000000
1981 -1403.0000000000
1982 -1402.0000000000
1988 -1401.0000000000
2000 -1400.0000000000
2008 -1399.0000000000
2011 -1398.0000000000
2025 -1397.0000000000
2027 -1396.0000000000
2031 -1394.0000000000
2036 -1392.0000000000
2040 -1391.0000000000
2048 -1390.0000000000
2063 -1389.0000000000
2068 -1387.0000000000
2072 -1386.0000000000
2079 -1384.0000000000
2083 -1383.0000000000
2092 -1382.0000000000
2094 -1381.0000000000
2104 -1379.0000000000
2106 -1378.0000000000
2112 -1377.0000000000
2120 -1376.0000000000
2123 -1374.0000000000
2124 -1373.0000000000
2129 -1372.0000000000
2134 -1371.0000000000
2149 -1370.0000000000
2153 -1369.0000000000
2160 -1368.0000000000
2163 -1366.0000000000
2170 -1365.0000000000
2173 -1364.0000000000
2174 -1363.0000000000
2176 -1361.0000000000
2182 -1360.0000000000
2196 -1359.0000000000
2199 -1358.0000000000
2217 -1357.0000000000
2228 -1356.0000000000
2230 -1354.0000000000
2236 -1353.0000000000
2237 -1352.0000000000
2239 -1351.0000000000
2253 -1350.0000000000
2254 -1349.0000000000
2257 -1348.0000000000
2262 -1347.0000000000
2270 -1346.0000000000
2273 -1344.0000000000
2276 -1343.0000000000
2279 -1342.0000000000
2295 -1341.0000000000
2296 -1340.0000000000
2297 -1339.0000000000
2303 -1338.0000000000
2305 -1337.0000000000
2306 -1336.0000000000
2312 -1335.0000000000
2315 -1334.0000000000
2318 -1333.0000000000
2319 -1331.0000000000
2323 -1330.0000000000
2324 -1329.0000000000
2328 -1328.0000000000
2335 -1327.0000000000
2340 -1326.0000000000
2341 -1325.0000000000
2346 -1324.0000000000
2356 -1322.0000000000
2357 -1321.0000000000
2359 -1319.0000000000
2370 -1317.0000000000
2388 -1316.0000000000
2414 -1315.0000000000
2418 -1314.0000000000
2425 -1313.0000000000
2430 -1312.0000000000
2431 -1311.0000000000
2432 -1310.0000000000
2437 -1309.0000000000
2445 -1308.0000000000
2447 -1307.0000000000
2450 -1306.0000000000
2452 -1305.0000000000
2454 -1304.0000000000
2462 -1302.0000000000
2468 -1301.0000000000
2469 -1300.0000000000
2472 -1299.0000000000
2476 -1298.0000000000
2488 -1297.0000000000
2491 -1296.0000000000
2496 -1295.0000000000
2504 -1294.0000000000
2512 -1293.0000000000
2519 -1292.0000000000
2521 -1291.0000000000
2523 -1289.0000000000
2526 -1288.0000000000
2532 -1287.0000000000
2535 -1285.0000000000
2540 -1284.0000000000
2546 -1283.0000000000
2551 -1282.0000000000
2569 -1281.0000000000
2579 -1280.0000000000
2587 -1278.0000000000
2596 -1277.0000000000
2607 -1276.0000000000
2614 -1275.0000000000
2623 -1274.0000000000
2632 -1273.0000000000
2634 -1272.0000000000
2640 -1271.0000000000
2645 -1270.0000000000
2650 -1269.0000000000
2652 -1268.0000000000
2666 -1267.0000000000
2672 -1266.0000000000
2674 -1265.0000000000
2688 -1264.0000000000
2690 -1262.0000000000
2697 -1261.0000000000
2698 -1260.0000000000
2703 -1258.0000000000
2707 -1257.0000000000
2709 -1256.0000000000
2725 -1255.0000000000
2737 -1254.0000000000
2740 -1253.0000000000
2741 -1252.0000000000
2742 -1251.0000000000
2747 -1250.0000000000
2750 -1249.0000000000
2760 -1248.0000000000
2770 -1247.0000000000
2776 -1246.0000000000
2791 -1245.0000000000
2811 -1244.0000000000
2813 -1243.0000000000
2825 -1242.0000000000
2826 -1240.0000000000
2830 -1237.0000000000
2849 -1236.0000000000
2859 -1235.0000000000
2863 -1234.0000000000
2877 -1233.0000000000
2878 -1232.0000000000
2888 -1231.0000000000
2890 -1230.0000000000
2897 -1229.0000000000
2901 -1228.0000000000
2910 -1227.0000000000
2911 -1226.0000000000
2913 -1225.0000000000
2914 -1224.0000000000
2927 -1223.0000000000
2928 -1222.0000000000
2930 -1221.0000000000
2932 -1220.0000000000
2935 -1219.0000000000
2944 -1218.0000000000
2949 -1217.0000000000
2957 -1216.0000000000
2968 -1215.0000000000
2969 -1213.0000000000
2972 -1212.0000000000
2986 -1211.0000000000
3003 -1210.0000000000
3006 -1209.0000000000
3015 -1207.0000000000
3020 -1206.0000000000
3023 -1204.0000000000
3039 -1203.0000000000
3041 -1200.0000000000
3042 -1199.0000000000
3063 -1197.0000000000
3066 -1195.0000000000
3070 -1194.0000000000
3088 -1192.0000000000
3091 -1191.0000000000
3092 -1190.0000000000
3094 -1189.0000000000
3105 -1188.0000000000
3108 -1187.0000000000
3111 -1186.0000000000
3119 -1185.0000000000
3121 -1184.0000000000
3123 -1183.0000000000
3124 -1182.0000000000
3129 -1181.0000000000
3136 -1180.0000000000
3142 -1179.0000000000
3143 -1178.0000000000
3146 -1177.0000000000
3150 -1176.0000000000
3159 -1175.0000000000
3176 -1174.0000000000
3183 -1172.0000000000
3188 -1171.0000000000
3193 -1170.0000000000
3196 -1169.0000000000
3198 -1168.0000000000
3203 -1167.0000000000
3209 -1166.0000000000
3210 -1165.0000000000
3217 -1164.0000000000
3220 -1163.0000000000
3239 -1162.0000000000
3243 -1161.0000000000
3257 -1160.0000000000
3260 -1159.0000000000
3261 -1158.0000000000
3267 -1156.0000000000
3270 -1154.0000000000
3279 -1153.0000000000
3281 -1152.0000000000
3288 -1151.0000000000
3290 -1150.0000000000
3305 -1149.0000000000
3310 -1148.0000000000
3318 -1147.0000000000
3322 -1146.0000000000
3325 -1145.0000000000
3361 -1143.0000000000
3363 -1141.0000000000
3365 -1140.0000000000
3373 -1139.0000000000
3399 -1138.0000000000
3401 -1137.0000000000
3419 -1136.0000000000
3426 -1135.0000000000
3427 -1134.0000000000
3431 -1133.0000000000
3432 -1132.0000000000
3440 -1131.0000000000
3447 -1130.0000000000
3449 -1128.0000000000
3451 -1127.0000000000
3466 -1126.0000000000
3476 -1125.0000000000
3477 -1124.0000000000
3479 -1123.0000000000
3482 -1122.0000000000
3498 -1121.0000000000
3508 -1120.0000000000
3510 -1119.0000000000
3520 -1118.0000000000
3522 -1117.0000000000
3537 -1116.0000000000
3546 -1115.0000000000
3548 -1114.0000000000
3561 -1113.0000000000
3562 -1112.0000000000
3580 -1111.0000000000
3581 -1110.0000000000
3583 -1109.0000000000
3594 -1108.0000000000
3604 -1107.0000000000
3623 -1106.0000000000
3627 -1105.0000000000
3631 -1104.0000000000
3634 -1103.0000000000
3645 -1102.0000000000
3647 -1101.0000000000
3652 -1100.0000000000
3663 -1099.0000000000
3669 -1098.0000000000
3674 -1097.0000000000
3677 -1096.0000000000
3679 -1095.0000000000
3686 -1094.0000000000
3690 -1093.0000000000
3691 -1092.0000000000
3698 -1091.0000000000
3703 -1090.0000000000
3707 -1089.0000000000
3737 -1086.0000000000
3738 -1085.0000000000
3756 -1084.0000000000
3771 -1083.0000000000
3785 -1082.0000000000
3796 -1081.0000000000
3813 -1080.0000000000
3821 -1079.0000000000
3829 -1078.0000000000
3830 -1076.0000000000
3837 -1075.0000000000
3842 -1074.0000000000
3846 -1073.0000000000
3868 -1072.0000000000
3869 -1071.0000000000
3872 -1070.0000000000
3877 -1069.0000000000
3888 -1068.0000000000
3893 -1067.0000000000
3897 -1066.0000000000
3905 -1065.0000000000
3908 -1064.0000000000
3913 -1063.0000000000
3915 -1062.0000000000
3937 -1061.0000000000
3939 -1060.0000000000
3943 -1059.0000000000
3947 -1058.0000000000
3966 -1057.0000000000
3971 -1056.0000000000
3976 -1055.0000000000
3982 -1054.0000000000
4000 -1053.0000000000
4010 -1051.0000000000
4011 -1050.0000000000
4014 -1048.0000000000
4021 -1047.0000000000
4035 -1046.0000000000
4039 -1045.0000000000
4049 -1044.0000000000
4055 -1043.0000000000
4068 -1042.0000000000
4070 -1041.0000000000
4078 -1040.0000000000
4091 -1039.0000000000
4093 -1038.0000000000
4100 -1037.0000000000
4102 -1035.0000000000
4107 -1034.0000000000
4110 -1033.0000000000
4113 -1032.0000000000
4118 -1031.0000000000
4123 -1030.0000000000
4140 -1029.0000000000
4153 -1028.0000000000
4163 -1027.0000000000
4181 -1026.0000000000
4190 -1024.0000000000
4201 -1022.0000000000
4206 -1021.0000000000
4208 -1020.0000000000
4219 -1019.0000000000
4220 -1018.0000000000
4223 -1017.0000000000
4227 -1015.0000000000
4232 -1014.0000000000
4233 -1013.0000000000
4235 -1012.0000000000
4242 -1011.0000000000
4246 -1009.0000000000
4254 -1008.0000000000
4256 -1007.0000000000
4263 -1005.0000000000
4264 -1004.0000000000
4279 -1003.0000000000
4286 -1002.0000000000
4288 -1001.0000000000
4289 -1000.0000000000
4296 -999.0000000000
4299 -998.0000000000
4314 -997.0000000000
4324 -996.0000000000
4327 -995.0000000000
4328 -993.0000000000
4332 -992.0000000000
4369 -991.0000000000
4371 -990.0000000000
4373 -989.0000000000
4382 -988.0000000000
4387 -987.0000000000
4390 -986.0000000000
4391 -985.0000000000
4404 -984.0000000000
4412 -983.0000000000
4415 -982.0000000000
4421 -979.0000000000
4426 -978.0000000000
4431 -976.0000000000
4435 -975.0000000000
4458 -974.0000000000
4468 -973.0000000000
4470 -972.0000000000
4474 -971.0000000000
4475 -970.0000000000
4481 -969.0000000000
4487 -967.0000000000
4499 -966.0000000000
4500 -965.0000000000
4501 -964.0000000000
4508 -963.0000000000
4518 -962.0000000000
4521 -961.0000000000
4539 -960.0000000000
4547 -959.0000000000
4548 -958.0000000000
4551 -957.0000000000
4560 -956.0000000000
4572 -955.0000000000
4588 -954.0000000000
4594 -953.0000000000
4604 -952.0000000000
4608 -951.0000000000
4631 -950.0000000000
4636 -949.0000000000
4641 -948.0000000000
4644 -947.0000000000
4648 -946.0000000000
4649 -945.0000000000
4652 -944.0000000000
4654 -943.0000000000
4663 -942.0000000000
4665 -941.0000000000
4669 -940.0000000000
4672 -939.0000000000
4675 -938.0000000000
4689 -937.0000000000
4697 -935.0000000000
4701 -934.0000000000
4704 -933.0000000000
4705 -931.0000000000
4707 -930.0000000000
4719 -929.0000000000
4720 -928.0000000000
4728 -927.0000000000
4729 -926.0000000000
4731 -925.0000000000
4747 -924.0000000000
4753 -923.0000000000
4766 -921.0000000000
4768 -920.0000000000
4780 -919.0000000000
4783 -918.0000000000
4786 -917.0000000000
4804 -916.0000000000
4813 -915.0000000000
4842 -914.0000000000
4844 -912.0000000000
4849 -911.0000000000
4863 -910.0000000000
4865 -909.0000000000
4870 -908.0000000000
4874 -907.0000000000
4876 -906.0000000000
4882 -905.0000000000
4899 -904.0000000000
4904 -903.0000000000
4922 -901.0000000000
4925 -900.0000000000
4928 -899.0000000000
4948 -898.0000000000
4949 -897.0000000000
4973 -896.0000000000
4978 -895.0000000000
4985 -893.0000000000
4988 -892.0000000000
4991 -891.0000000000
5007 -890.0000000000
5012 -888.0000000000
5014 -887.0000000000
5026 -886.0000000000
5053 -885.0000000000
5057 -884.0000000000
5061 -883.0000000000
5063 -882.0000000000
5080 -881.0000000000
5082 -880.0000000000
5091 -879.0000000000
5093 -877.0000000000
5094 -876.0000000000
5137 -875.0000000000
5153 -874.0000000000
5164 -873.0000000000
5179 -871.0000000000
5191 -870.0000000000
5199 -868.0000000000
5211 -867.0000000000
5230 -866.0000000000
5233 -865.0000000000
5246 -864.0000000000
5247 -863.0000000000
5253 -862.0000000000
5268 -860.0000000000
5273 -859.0000000000
5276 -857.0000000000
5298 -856.0000000000
5307 -855.0000000000
5311 -854.0000000000
5322 -853.0000000000
5325 -852.0000000000
5332 -851.0000000000
5337 -850.0000000000
5345 -849.0000000000
5361 -848.0000000000
5362 -847.0000000000
5368 -846.0000000000
5371 -845.0000000000
5373 -844.0000000000
5378 -842.0000000000
5384 -841.0000000000
5390 -839.0000000000
5411 -838.0000000000
5426 -837.0000000000
5435 -836.0000000000
5456 -835.0000000000
5458 -834.0000000000
5465 -831.0000000000
5470 -830.0000000000
5481 -828.0000000000
5482 -827.0000000000
5488 -826.0000000000
5489 -824.0000000000
5503 -823.0000000000
5507 -822.0000000000
5529 -821.0000000000
5537 -820.0000000000
5543 -819.0000000000
5546 -818.0000000000
5556 -817.0000000000
5564 -816.0000000000
5570 -815.0000000000
5576 -814.0000000000
5581 -813.0000000000
5583 -812.0000000000
5602 -810.0000000000
5629 -809.0000000000
5632 -808.0000000000
5639 -807.0000000000
5641 -806.0000000000
5651 -805.0000000000
5656 -804.0000000000
5660 -803.0000000000
5661 -802.0000000000
5675 -801.0000000000
5677 -800.0000000000
5682 -799.0000000000
5711 -798.0000000000
5716 -796.0000000000
5719 -795.0000000000
5728 -794.0000000000
5729 -793.0000000000
5733 -792.0000000000
5737 -790.0000000000
5738 -789.0000000000
5761 -787.0000000000
5763 -786.0000000000
5779 -785.0000000000
5806 -784.0000000000
5833 -783.0000000000
5847 -782.0000000000
5851 -781.0000000000
5854 -780.0000000000
5862 -778.0000000000
5878 -777.0000000000
5886 -776.0000000000
5890 -775.0000000000
5898 -773.0000000000
5910 -772.0000000000
5940 -771.0000000000
5942 -770.0000000000
5946 -769.0000000000
5985 -768.0000000000
5987 -767.0000000000
6013 -766.0000000000
6029 -764.0000000000
6042 -762.0000000000
6048 -761.0000000000
6078 -760.0000000000
6086 -758.0000000000
6087 -757.0000000000
6089 -756.0000000000
6119 -755.0000000000
6130 -754.0000000000
6144 -753.0000000000
6155 -752.0000000000
6170 -751.0000000000
6194 -750.0000000000
6204 -749.0000000000
6217 -748.0000000000
6226 -747.0000000000
6229 -746.0000000000
6250 -745.0000000000
6256 -744.0000000000
6258 -743.0000000000
6266 -742.0000000000
6268 -741.0000000000
6269 -740.0000000000
6310 -739.0000000000
6311 -738.0000000000
6318 -737.0000000000
6326 -736.0000000000
6327 -735.0000000000
6331 -733.0000000000
6335 -732.0000000000
6352 -731.0000000000
6355 -730.0000000000
6358 -729.0000000000
6367 -728.0000000000
6389 -727.0000000000
6391 -726.0000000000
6413 -725.0000000000
6417 -724.0000000000
6423 -723.0000000000
6424 -722.0000000000
6425 -721.0000000000
6428 -720.0000000000
6432 -719.0000000000
6436 -718.0000000000
6439 -717.0000000000
6447 -715.0000000000
6448 -714.0000000000
6476 -713.0000000000
6480 -712.0000000000
6489 -711.0000000000
6490 -710.0000000000
6501 -709.0000000000
6508 -708.0000000000
6511 -706.0000000000
6514 -704.0000000000
6517 -703.0000000000
6531 -702.0000000000
6536 -701.0000000000
6562 -700.0000000000
6568 -699.0000000000
6575 -698.0000000000
6604 -697.0000000000
6625 -696.0000000000
6627 -695.0000000000
6635 -694.0000000000
6642 -693.0000000000
6648 -692.0000000000
6651 -691.0000000000
6654 -690.0000000000
6670 -689.0000000000
6685 -688.0000000000
6695 -687.0000000000
6743 -686.0000000000
6744 -685.0000000000
6750 -683.0000000000
6753 -682.0000000000
6764 -681.0000000000
6768 -680.0000000000
6783 -679.0000000000
6831 -678.0000000000
6834 -677.0000000000
6856 -676.0000000000
6859 -675.0000000000
6868 -674.0000000000
6872 -673.0000000000
6892 -672.0000000000
6905 -671.0000000000
6907 -670.0000000000
6914 -669.0000000000
6948 -668.0000000000
6965 -666.0000000000
6974 -665.0000000000
6997 -664.0000000000
7003 -663.0000000000
7063 -662.0000000000
7065 -661.0000000000
7073 -659.0000000000
7084 -658.0000000000
7087 -657.0000000000
7090 -656.0000000000
7096 -655.0000000000
7120 -654.0000000000
7125 -653.0000000000
7139 -652.0000000000
7154 -651.0000000000
7156 -650.0000000000
7161 -649.0000000000
7200 -648.0000000000
7201 -647.0000000000
7205 -646.0000000000
7229 -645.0000000000
7230 -643.0000000000
7251 -642.0000000000
7263 -641.0000000000
7264 -640.0000000000
7274 -639.0000000000
7304 -638.0000000000
7321 -637.0000000000
7331 -635.0000000000
7338 -634.0000000000
7342 -633.0000000000
7356 -632.0000000000
7375 -631.0000000000
7387 -630.0000000000
7389 -629.0000000000
7407 -627.0000000000
7409 -626.0000000000
7419 -625.0000000000
7430 -624.0000000000
7459 -623.0000000000
7465 -622.0000000000
7468 -621.0000000000
7475 -619.0000000000
7477 -618.0000000000
7488 -617.0000000000
7492 -616.0000000000
7493 -615.0000000000
7499 -614.0000000000
7524 -613.0000000000
7529 -612.0000000000
7545 -611.0000000000
7562 -610.0000000000
7564 -609.0000000000
7580 -608.0000000000
7616 -607.0000000000
7619 -605.0000000000
7626 -604.0000000000
7636 -603.0000000000
7647 -602.0000000000
7650 -601.0000000000
7654 -600.0000000000
7659 -599.0000000000
7664 -598.0000000000
7678 -597.0000000000
7681 -596.0000000000
7686 -595.0000000000
7688 -594.0000000000
7693 -593.0000000000
7711 -592.0000000000
7718 -591.0000000000
7737 -590.0000000000
7745 -589.0000000000
7782 -588.0000000000
7787 -587.0000000000
7790 -586.0000000000
7794 -585.0000000000
7818 -584.0000000000
7835 -583.0000000000
7894 -582.0000000000
7916 -581.0000000000
7946 -580.0000000000
7966 -579.0000000000
7970 -578.0000000000
7989 -577.0000000000
7992 -576.0000000000
8001 -575.0000000000
8014 -574.0000000000
8033 -573.0000000000
8034 -572.0000000000
8045 -571.0000000000
8056 -570.0000000000
8059 -569.0000000000
8063 -568.0000000000
8072 -567.0000000000
8073 -566.0000000000
8094 -565.0000000000
8101 -564.0000000000
8127 -563.0000000000
8129 -562.0000000000
8164 -561.0000000000
8168 -560.0000000000
8197 -559.0000000000
8200 -558.0000000000
8204 -556.0000000000
8215 -555.0000000000
8218 -554.0000000000
8259 -553.0000000000
8267 -552.0000000000
8268 -551.0000000000
8274 -550.0000000000
8301 -548.0000000000
8323 -546.0000000000
8338 -545.0000000000
8374 -544.0000000000
8390 -543.0000000000
8407 -542.0000000000
8417 -540.0000000000
8426 -539.0000000000
8453 -538.0000000000
8456 -537.0000000000
8495 -536.0000000000
8526 -535.0000000000
8543 -534.0000000000
8558 -533.0000000000
8627 -532.0000000000
8642 -531.0000000000
8680 -530.0000000000
8693 -529.0000000000
8714 -528.0000000000
8715 -527.0000000000
8729 -526.0000000000
8734 -525.0000000000
8738 -524.0000000000
8739 -523.0000000000
8746 -522.0000000000
8747 -521.0000000000
8769 -520.0000000000
8785 -519.0000000000
8820 -518.0000000000
8825 -517.0000000000
8844 -516.0000000000
8846 -515.0000000000
8854 -514.0000000000
8862 -513.0000000000
8893 -512.0000000000
8894 -511.0000000000
8911 -510.0000000000
8941 -509.0000000000
8964 -508.0000000000
8966 -507.0000000000
8995 -506.0000000000
9007 -505.0000000000
9021 -504.0000000000
9026 -503.0000000000
9045 -502.0000000000
9068 -501.0000000000
9084 -500.0000000000
9087 -499.0000000000
9093 -497.0000000000
9103 -496.0000000000
9133 -495.0000000000
9140 -494.0000000000
9147 -493.0000000000
9186 -492.0000000000
9204 -491.0000000000
9209 -490.0000000000
9237 -489.0000000000
9244 -488.0000000000
9253 -486.0000000000
9254 -485.0000000000
9259 -484.0000000000
9294 -483.0000000000
9313 -482.0000000000
9314 -481.0000000000
9326 -480.0000000000
9350 -479.0000000000
9358 -477.0000000000
9365 -476.0000000000
9398 -474.0000000000
9411 -473.0000000000
9423 -472.0000000000
9424 -471.0000000000
9425 -470.0000000000
9450 -468.0000000000
9473 -467.0000000000
9495 -466.0000000000
9507 -465.0000000000
9510 -464.0000000000
9541 -463.0000000000
9561 -462.0000000000
9571 -461.0000000000
9583 -460.0000000000
9589 -459.0000000000
9596 -458.0000000000
9598 -457.0000000000
9625 -456.0000000000
9639 -455.0000000000
9658 -454.0000000000
9677 -453.0000000000
9721 -452.0000000000
9751 -451.0000000000
9752 -450.0000000000
9758 -449.0000000000
9780 -448.0000000000
9812 -447.0000000000
9813 -446.0000000000
9814 -445.0000000000
9874 -444.0000000000
9905 -443.0000000000
9913 -442.0000000000
9935 -441.0000000000
9940 -440.0000000000
9954 -439.0000000000
9969 -438.0000000000
10000 -438.0000000000
evaluations raw_y
1 -1893.0000000000
2 -1892.0000000000
3 -1891.0000000000
9 -1890.0000000000
10 -1889.0000000000
15 -1887.0000000000
18 -1885.0000000000
20 -1884.0000000000
21 -1883.0000000000
27 -1882.0000000000
38 -1881.0000000000
43 -1880.0000000000
49 -1879.0000000000
57 -1878.0000000000
58 -1877.0000000000
61 -1875.0000000000
62 -1874.0000000000
64 -1873.0000000000
66 -1872.0000000000
71 -1870.0000000000
80 -1869.0000000000
85 -1867.0000000000
88 -1865.0000000000
89 -1864.0000000000
99 -1863.0000000000
103 -1862.0000000000
110 -1861.0000000000
112 -1859.0000000000
115 -1858.0000000000
120 -1856.0000000000
123 -1855.0000000000
124 -1854.0000000000
129 -1853.0000000000
132 -1852.0000000000
135 -1851.0000000000
138 -1850.0000000000
139 -1848.0000000000
148 -1847.0000000000
155 -1846.0000000000
157 -1845.0000000000
158 -1844.0000000000
159 -1842.0000000000
160 -1841.0000000000
161 -1838.0000000000
162 -1837.0000000000
170 -1835.0000000000
177 -1834.0000000000
183 -1831.0000000000
186 -1830.0000000000
218 -1829.0000000000
221 -1828.0000000000
225 -1827.0000000000
233 -1826.0000000000
234 -1825.0000000000
238 -1824.0000000000
242 -1823.0000000000
258 -1822.0000000000
261 -1821.0000000000
266 -1820.0000000000
269 -1819.0000000000
274 -1818.0000000000
280 -1817.0000000000
281 -1816.0000000000
289 -1815.0000000000
295 -1814.0000000000
299 -1813.0000000000
302 -1812.0000000000
307 -1811.0000000000
309 -1810.0000000000
310 -1809.0000000000
311 -1807.0000000000
312 -1806.0000000000
313 -1805.0000000000
314 -1804.0000000000
321 -1802.0000000000
322 -1801.0000000000
336 -1800.0000000000
337 -1799.0000000000
340 -1798.0000000000
342 -1797.0000000000
345 -1796.0000000000
348 -1795.0000000000
353 -1793.0000000000
357 -1792.0000000000
371 -1791.0000000000
372 -1790.0000000000
373 -1789.0000000000
377 -1788.0000000000
378 -1787.0000000000
383 -1786.0000000000
385 -1785.0000000000
387 -1784.0000000000
390 -1783.0000000000
392 -1781.0000000000
395 -1780.0000000000
404 -1779.0000000000
415 -1778.0000000000
424 -1777.0000000000
425 -1776.0000000000
429 -1775.0000000000
431 -1774.0000000000
432 -1773.0000000000
433 -1772.0000000000
436 -1771.0000000000
441 -1770.0000000000
442 -1769.0000000000
447 -1768.0000000000
449 -1767.0000000000
452 -1766.0000000000
455 -1765.0000000000
461 -1764.0000000000
475 -1763.0000000000
479 -1761.0000000000
484 -1760.0000000000
488 -1759.0000000000
495 -1758.0000000000
496 -1757.0000000000
505 -1756.0000000000
506 -1754.0000000000
507 -1753.0000000000
512 -1751.0000000000
518 -1750.0000000000
521 -1747.0000000000
525 -1746.0000000000
529 -1744.0000000000
536 -1742.0000000000
539 -1741.0000000000
543 -1740.0000000000
544 -1739.0000000000
555 -1738.0000000000
556 -1737.0000000000
568 -1735.0000000000
572 -1734.0000000000
581 -1733.0000000000
582 -1730.0000000000
584 -1729.0000000000
587 -1728.0000000000
588 -1727.0000000000
599 -1726.0000000000
602 -1725.0000000000
604 -1724.0000000000
608 -1723.0000000000
609 -1722.0000000000
610 -1721.0000000000
636 -1720.0000000000
637 -1719.0000000000
642 -1718.0000000000
650 -1717.0000000000
664 -1716.0000000000
665 -1715.0000000000
667 -1714.0000000000
670 -1713.0000000000
671 -1712.0000000000
674 -1711.0000000000
679 -1710.0000000000
680 -1709.0000000000
685 -1708.0000000000
686 -1707.0000000000
691 -1705.0000000000
699 -1703.0000000000
700 -1702.0000000000
712 -1701.0000000000
713 -1699.0000000000
715 -1698.0000000000
726 -1697.0000000000
729 -1696.0000000000
734 -1695.0000000000
735 -1694.0000000000
736 -1693.0000000000
743 -1692.0000000000
745 -1691.0000000000
746 -1690.0000000000
750 -1689.0000000000
751 -1688.0000000000
753 -1687.0000000000
756 -1686.0000000000
759 -1685.0000000000
760 -1684.0000000000
766 -1683.0000000000
770 -1682.0000000000
771 -1680.0000000000
773 -1679.0000000000
775 -1678.0000000000
776 -1677.0000000000
785 -1676.0000000000
788 -1675.0000000000
799 -1674.0000000000
802 -1673.0000000000
805 -1672.0000000000
806 -1671.0000000000
815 -1670.0000000000
821 -1668.0000000000
824 -1667.0000000000
831 -1666.0000000000
832 -1664.0000000000
839 -1663.0000000000
856 -1662.0000000000
858 -1661.0000000000
859 -1660.0000000000
862 -1659.0000000000
869 -1657.0000000000
872 -1656.0000000000
884 -1655.0000000000
890 -1654.0000000000
896 -1652.0000000000
906 -1650.0000000000
910 -1649.0000000000
914 -1648.0000000000
915 -1647.0000000000
922 -1646.0000000000
923 -1645.0000000000
927 -1643.0000000000
941 -1642.0000000000
945 -1641.0000000000
946 -1640.0000000000
954 -1639.0000000000
956 -1638.0000000000
961 -1637.0000000000
964 -1636.0000000000
971 -1635.0000000000
974 -1634.0000000000
977 -1633.0000000000
983 -1632.0000000000
985 -1631.0000000000
986 -1630.0000000000
993 -1629.0000000000
1002 -1628.0000000000
1008 -1627.0000000000
1009 -1626.0000000000
1017 -1624.0000000000
1018 -1623.0000000000
1021 -1622.0000000000
1022 -1621.0000000000
1023 -1620.0000000000
1026 -1619.0000000000
1036 -1618.0000000000
1040 -1616.0000000000
1042 -1614.0000000000
1044 -1613.0000000000
1046 -1612.0000000000
1047 -1611.0000000000
1048 -1610.0000000000
1054 -1609.0000000000
1057 -1608.0000000000
1073 -1607.0000000000
1074 -1606.0000000000
1079 -1605.0000000000
1086 -1604.0000000000
1088 -1602.0000000000
1103 -1601.0000000000
1105 -1600.0000000000
1106 -1597.0000000000
1112 -1596.0000000000
1120 -1595.0000000000
1121 -1594.0000000000
1124 -1593.0000000000
1126 -1592.0000000000
1131 -1590.0000000000
1152 -1589.0000000000
1164 -1588.0000000000
1168 -1587.0000000000
1176 -1586.0000000000
1178 -1584.0000000000
1181 -1583.0000000000
1182 -1581.0000000000
1184 -1579.0000000000
1185 -1578.0000000000
1196 -1576.0000000000
1198 -1575.0000000000
1208 -1574.0000000000
1209 -1573.0000000000
1211 -1572.0000000000
1213 -1571.0000000000
1214 -1569.0000000000
1215 -1568.0000000000
1218 -1567.0000000000
1220 -1566.0000000000
1228 -1565.0000000000
1231 -1564.0000000000
1254 -1563.0000000000
1258 -1562.0000000000
1259 -1561.0000000000
1261 -1560.0000000000
1269 -1559.0000000000
1271 -1558.0000000000
1273 -1557.0000000000
1274 -1556.0000000000
1285 -1554.0000000000
1290 -1553.0000000000
1291 -1552.0000000000
1294 -1551.0000000000
1295 -1550.0000000000
1301 -1549.0000000000
1308 -1548.0000000000
1315 -1547.0000000000
1316 -1546.0000000000
1323 -1545.0000000000
1328 -1544.0000000000
1331 -1543.0000000000
1333 -1541.0000000000
1348 -1540.0000000000
1355 -1539.0000000000
1363 -1538.0000000000
1367 -1536.0000000000
1376 -1534.0000000000
1390 -1532.0000000000
1391 -1531.0000000000
1398 -1530.0000000000
1402 -1529.0000000000
1403 -1528.0000000000
1406 -1527.0000000000
1408 -1526.0000000000
1414 -1524.0000000000
1420 -1523.0000000000
1423 -1521.0000000000
1430 -1520.0000000000
1437 -1519.0000000000
1446 -1518.0000000000
1449 -1517.0000000000
1452 -1516.0000000000
1453 -1515.0000000000
1457 -1514.0000000000
1458 -1513.0000000000
1465 -1512.0000000000
1466 -1511.0000000000
1468 -1510.0000000000
1475 -1509.0000000000
1476 -1508.0000000000
1477 -1505.0000000000
1483 -1503.0000000000
1486 -1502.0000000000
1490 -1501.0000000000
1492 -1500.0000000000
1497 -1498.0000000000
1499 -1497.0000000000
1501 -1496.0000000000
1502 -1495.0000000000
1507 -1494.0000000000
1511 -1492.0000000000
1514 -1491.0000000000
1525 -1487.0000000000
1526 -1486.0000000000
1527 -1485.0000000000
1532 -1484.0000000000
1534 -1483.0000000000
1543 -1482.0000000000
1544 -1481.0000000000
1547 -1479.0000000000
1565 -1477.0000000000
1567 -1476.0000000000
1568 -1475.0000000000
1571 -1472.0000000000
1577 -1470.0000000000
1578 -1468.0000000000
1584 -1467.0000000000
1585 -1464.0000000000
1587 -1462.0000000000
1598 -1460.0000000000
1615 -1459.0000000000
1619 -1458.0000000000
1623 -1457.0000000000
1624 -1456.0000000000
1629 -1455.0000000000
1630 -1454.0000000000
1639 -1450.0000000000
1644 -1449.0000000000
1655 -1447.0000000000
1656 -1445.0000000000
1661 -1444.0000000000
1668 -1443.0000000000
1677 -1442.0000000000
1681 -1441.0000000000
1691 -1440.0000000000
1701 -1438.0000000000
1703 -1436.0000000000
1705 -1435.0000000000
1706 -1434.0000000000
1707 -1433.0000000000
1709 -1432.0000000000
1728 -1431.0000000000
1731 -1430.0000000000
1735 -1429.0000000000
1740 -1428.0000000000
1749 -1427.0000000000
1754 -1426.0000000000
1763 -1425.0000000000
1768 -1424.0000000000
1783 -1423.0000000000
1785 -1422.0000000000
1788 -1420.0000000000
1795 -1419.0000000000
1800 -1418.0000000000
1807 -1417.0000000000
1817 -1416.0000000000
1824 -1415.0000000000
1829 -1414.0000000000
1837 -1413.0000000000
1841 -1411.0000000000
1849 -1410.0000000000
1852 -1409.0000000000
1853 -1408.0000000000
1854 -1407.0000000000
1855 -1406.0000000000
1864 -1405.0000000000
1868 -1404.0000000000
1871 -1403.0000000000
1873 -1402.0000000000
1874 -1401.0000000000
1878 -1400.0000000000
1881 -1398.0000000000
1891 -1397.0000000000
1916 -1396.0000000000
1920 -1395.0000000000
1927 -1394.0000000000
1930 -1393.0000000000
1937 -1392.0000000000
1942 -1391.0000000000
1945 -1390.0000000000
1951 -1389.0000000000
1965 -1386.0000000000
1969 -1385.0000000000
1973 -1384.0000000000
1979 -1383.0000000000
1982 -1381.0000000000
1991 -1380.0000000000
1995 -1379.0000000000
2000 -1377.0000000000
2002 -1374.0000000000
2007 -1373.0000000000
2010 -1371.0000000000
2013 -1370.0000000000
2021 -1369.0000000000
2025 -1368.0000000000
2034 -1367.0000000000
2035 -1366.0000000000
2036 -1365.0000000000
2040 -1363.0000000000
2046 -1360.0000000000
2047 -1358.0000000000
2052 -1357.0000000000
2056 -1356.0000000000
2059 -1355.0000000000
2062 -1354.0000000000
2079 -1353.0000000000
2082 -1352.0000000000
2086 -1351.0000000000
2091 -1350.0000000000
2096 -1348.0000000000
2099 -1347.0000000000
2109 -1346.0000000000
2113 -1345.0000000000
2120 -1344.0000000000
2121 -1343.0000000000
2122 -1341.0000000000
2123 -1340.0000000000
2127 -1339.0000000000
2140 -1338.0000000000
2148 -1337.0000000000
2163 -1336.0000000000
2176 -1335.0000000000
2177 -1333.0000000000
2183 -1332.0000000000
2193 -1331.0000000000
2197 -1330.0000000000
2199 -1329.0000000000
2207 -1328.0000000000
2211 -1327.0000000000
2212 -1326.0000000000
2223 -1325.0000000000
2228 -1324.0000000000
2233 -1323.0000000000
2237 -1322.0000000000
2244 -1321.0000000000
2253 -1320.0000000000
2260 -1319.0000000000
2267 -1318.0000000000
2275 -1317.0000000000
2285 -1316.0000000000
2288 -1315.0000000000
2289 -1314.0000000000
2290 -1313.0000000000
2295 -1312.0000000000
2318 -1311.0000000000
2320 -1310.0000000000
2321 -1309.0000000000
2327 -1308.0000000000
2333 -1307.0000000000
2346 -1306.0000000000
2348 -1305.0000000000
2351 -1304.0000000000
2353 -1303.0000000000
2356 -1302.0000000000
2358 -1301.0000000000
2369 -1298.0000000000
2377 -1297.0000000000
2391 -1296.0000000000
2399 -1295.0000000000
2400 -1294.0000000000
2411 -1292.0000000000
2415 -1291.0000000000
2423 -1290.0000000000
2428 -1289.0000000000
2429 -1288.0000000000
2431 -1287.0000000000
2444 -1285.0000000000
2450 -1284.0000000000
2455 -1283.0000000000
2466 -1282.0000000000
2467 -1281.0000000000
2468 -1279.0000000000
2476 -1278.0000000000
2479 -1276.0000000000
2482 -1275.0000000000
2488 -1274.0000000000
2493 -1273.0000000000
2499 -1272.0000000000
2511 -1271.0000000000
2520 -1269.0000000000
2524 -1268.0000000000
2528 -1267.0000000000
2533 -1266.0000000000
2540 -1265.0000000000
2560 -1264.0000000000
2571 -1263.0000000000
2589 -1262.0000000000
2611 -1261.0000000000
2629 -1259.0000000000
2630 -1258.0000000000
2631 -1257.0000000000
2633 -1255.0000000000
2635 -1254.0000000000
2638 -1253.0000000000
2641 -1252.0000000000
2649 -1251.0000000000
2666 -1250.0000000000
2670 -1249.0000000000
2671 -1248.0000000000
2675 -1247.0000000000
2687 -1245.0000000000
2692 -1243.0000000000
2696 -1242.0000000000
2703 -1241.0000000000
2710 -1240.0000000000
2718 -1239.0000000000
2719 -1238.0000000000
2720 -1237.0000000000
2721 -1236.0000000000
2728 -1235.0000000000
2732 -1234.0000000000
2744 -1232.0000000000
2747 -1231.0000000000
2748 -1230.0000000000
2753 -1229.0000000000
2754 -1228.0000000000
2758 -1227.0000000000
2762 -1226.0000000000
2765 -1225.0000000000
2766 -1224.0000000000
2777 -1223.0000000000
2779 -1221.0000000000
2782 -1219.0000000000
2784 -1218.0000000000
2787 -1217.0000000000
2790 -1216.0000000000
2792 -1214.0000000000
2797 -1213.0000000000
2810 -1212.0000000000
2813 -1211.0000000000
2824 -1210.0000000000
2844 -1209.0000000000
2849 -1208.0000000000
2853 -1206.0000000000
2858 -1205.0000000000
2862 -1204.0000000000
2864 -1203.0000000000
2871 -1202.0000000000
2880 -1201.0000000000
2894 -1200.0000000000
2895 -1199.0000000000
2899 -1198.0000000000
2914 -1197.0000000000
2917 -1196.0000000000
2919 -1195.0000000000
2933 -1193.0000000000
2940 -1192.0000000000
2960 -1191.0000000000
2963 -1190.0000000000
2966 -1189.0000000000
2978 -1188.0000000000
2986 -1187.0000000000
3006 -1186.0000000000
3007 -1184.0000000000
3008 -1183.0000000000
3026 -1182.0000000000
3031 -1181.0000000000
3034 -1180.0000000000
3035 -1179.0000000000
3040 -1178.0000000000
3045 -1177.0000000000
3046 -1176.0000000000
3057 -1175.0000000000
3058 -1174.0000000000
3070 -1173.0000000000
3076 -1172.0000000000
3092 -1171.0000000000
3098 -1170.0000000000
3102 -1169.0000000000
3111 -1168.0000000000
3119 -1165.0000000000
3122 -1164.0000000000
3123 -1163.0000000000
3127 -1162.0000000000
3129 -1160.0000000000
3131 -1159.0000000000
3132 -1158.0000000000
3148 -1157.0000000000
3149 -1156.0000000000
3165 -1155.0000000000
3175 -1154.0000000000
3198 -1153.0000000000
3199 -1150.0000000000
3200 -1149.0000000000
3207 -1148.0000000000
3210 -1147.0000000000
3213 -1146.0000000000
3229 -1144.0000000000
3232 -1143.0000000000
3240 -1142.0000000000
3242 -1141.0000000000
3245 -1140.0000000000
3246 -1139.0000000000
3254 -1138.0000000000
3257 -1136.0000000000
3261 -1135.0000000000
3265 -1134.0000000000
3270 -1132.0000000000
3274 -1131.0000000000
3280 -1130.0000000000
3281 -1127.0000000000
3285 -1125.0000000000
3287 -1124.0000000000
3292 -1123.0000000000
3294 -1122.0000000000
3302 -1121.0000000000
3304 -1120.0000000000
3306 -1119.0000000000
3313 -1118.0000000000
3325 -1117.0000000000
3332 -1116.0000000000
3343 -1115.0000000000
3347 -1114.0000000000
3353 -1113.0000000000
3354 -1112.0000000000
3356 -1111.0000000000
3375 -1109.0000000000
3378 -1108.0000000000
3392 -1107.0000000000
3395 -1106.0000000000
3405 -1105.0000000000
3406 -1104.0000000000
3427 -1103.0000000000
3429 -1102.0000000000
3437 -1101.0000000000
3451 -1099.0000000000
3462 -1098.0000000000
3465 -1097.0000000000
3478 -1096.0000000000
3484 -1095.0000000000
3486 -1093.0000000000
3504 -1092.0000000000
3509 -1089.0000000000
3521 -1088.0000000000
3528 -1087.0000000000
3536 -1086.0000000000
3543 -1085.0000000000
3545 -1084.0000000000
3549 -1082.0000000000
3557 -1081.0000000000
3570 -1080.0000000000
3579 -1079.0000000000
3589 -1077.0000000000
3604 -1076.0000000000
3612 -1075.0000000000
3618 -1074.0000000000
3621 -1073.0000000000
3629 -1071.0000000000
3640 -1070.0000000000
3641 -1068.0000000000
3647 -1067.0000000000
3663 -1066.0000000000
3671 -1065.0000000000
3676 -1064.0000000000
3680 -1063.0000000000
3682 -1062.0000000000
3683 -1061.0000000000
3690 -1060.0000000000
3700 -1059.0000000000
3703 -1058.0000000000
3717 -1057.0000000000
3721 -1056.0000000000
3722 -1055.0000000000
3735 -1054.0000000000
3738 -1053.0000000000
3747 -1052.0000000000
3754 -1051.0000000000
3766 -1050.0000000000
3769 -1049.0000000000
3774 -1048.0000000000
3783 -1047.0000000000
3784 -1046.0000000000
3785 -1045.0000000000
3800 -1043.0000000000
3804 -1042.0000000000
3822 -1041.0000000000
3823 -1040.0000000000
3829 -1039.0000000000
3845 -1038.0000000000
3876 -1037.0000000000
3879 -1036.0000000000
3891 -1035.0000000000
3892 -1034.0000000000
3894 -1033.0000000000
3900 -1032.0000000000
3904 -1031.0000000000
3909 -1030.0000000000
3910 -1029.0000000000
3911 -1028.0000000000
3930 -1026.0000000000
3934 -1025.0000000000
3937 -1024.0000000000
3950 -1023.0000000000
3951 -1022.0000000000
3956 -1021.0000000000
3960 -1020.0000000000
3964 -1019.0000000000
3980 -1018.0000000000
3985 -1017.0000000000
4013 -1016.0000000000
4016 -1014.0000000000
4019 -1013.0000000000
4021 -1011.0000000000
4042 -1010.0000000000
4044 -1009.0000000000
4045 -1008.0000000000
4047 -1006.0000000000
4054 -1005.0000000000
4058 -1003.0000000000
4071 -1002.0000000000
4072 -1001.0000000000
4103 -1000.0000000000
4124 -999.0000000000
4125 -998.0000000000
4127 -997.0000000000
4130 -996.0000000000
4133 -994.0000000000
4149 -993.0000000000
4150 -992.0000000000
4155 -991.0000000000
4158 -990.0000000000
4172 -989.0000000000
4203 -988.0000000000
4212 -986.0000000000
4214 -985.0000000000
4226 -984.0000000000
4231 -983.0000000000
4232 -982.0000000000
4247 -980.0000000000
4260 -979.0000000000
4283 -978.0000000000
4287 -977.0000000000
4289 -976.0000000000
4290 -975.0000000000
4314 -974.0000000000
4316 -973.0000000000
4324 -972.0000000000
4340 -971.0000000000
4349 -970.0000000000
4350 -969.0000000000
4365 -968.0000000000
4367 -966.0000000000
4369 -965.0000000000
4375 -964.0000000000
4390 -963.0000000000
4402 -962.0000000000
4407 -961.0000000000
4418 -960.0000000000
4422 -959.0000000000
4429 -958.0000000000
4437 -957.0000000000
4454 -956.0000000000
4467 -955.0000000000
4475 -954.0000000000
4488 -953.0000000000
4494 -952.0000000000
4502 -950.0000000000
4509 -949.0000000000
4516 -947.0000000000
4526 -946.0000000000
4532 -945.0000000000
4540 -944.0000000000
4544 -943.0000000000
4547 -941.0000000000
4564 -940.0000000000
4570 -939.0000000000
4589 -938.0000000000
4593 -937.0000000000
4601 -936.0000000000
4611 -935.0000000000
4627 -933.0000000000
4628 -932.0000000000
4636 -931.0000000000
4640 -930.0000000000
4646 -928.0000000000
4647 -927.0000000000
4653 -926.0000000000
4664 -925.0000000000
4665 -924.0000000000
4668 -923.0000000000
4688 -922.0000000000
4691 -921.0000000000
4706 -920.0000000000
4734 -919.0000000000
4750 -918.0000000000
4751 -917.0000000000
4757 -916.0000000000
4766 -915.0000000000
4780 -914.0000000000
4786 -913.0000000000
4790 -912.0000000000
4792 -910.0000000000
4797 -909.0000000000
4810 -908.0000000000
4818 -907.0000000000
4826 -906.0000000000
4834 -905.0000000000
4838 -904.0000000000
4840 -903.0000000000
4849 -902.0000000000
4859 -900.0000000000
4863 -898.0000000000
4866 -897.0000000000
4871 -896.0000000000
4888 -894.0000000000
4891 -893.0000000000
4905 -892.0000000000
4915 -891.0000000000
4917 -889.0000000000
4926 -888.0000000000
4937 -887.0000000000
4940 -885.0000000000
4949 -884.0000000000
4954 -883.0000000000
4958 -882.0000000000
4960 -881.0000000000
4963 -880.0000000000
4971 -879.0000000000
4976 -877.0000000000
4981 -876.0000000000
4983 -874.0000000000
5001 -873.0000000000
5011 -871.0000000000
5017 -870.0000000000
5020 -869.0000000000
5025 -868.0000000000
5032 -867.0000000000
5037 -866.0000000000
5041 -865.0000000000
5055 -864.0000000000
5083 -863.0000000000
5086 -862.0000000000
5099 -861.0000000000
5106 -860.0000000000
5107 -859.0000000000
5112 -858.0000000000
5118 -857.0000000000
5128 -855.0000000000
5138 -854.0000000000
5142 -853.0000000000
5144 -852.0000000000
5149 -850.0000000000
5155 -848.0000000000
5158 -847.0000000000
5170 -846.0000000000
5172 -844.0000000000
5176 -843.0000000000
5179 -841.0000000000
5189 -840.0000000000
5196 -839.0000000000
5209 -838.0000000000
5216 -837.0000000000
5218 -836.0000000000
5227 -835.0000000000
5239 -834.0000000000
5263 -833.0000000000
5278 -832.0000000000
5284 -831.0000000000
5287 -829.0000000000
5297 -828.0000000000
5305 -827.0000000000
5308 -826.0000000000
5320 -825.0000000000
5322 -824.0000000000
5325 -822.0000000000
5326 -821.0000000000
5338 -819.0000000000
5350 -817.0000000000
5357 -816.0000000000
5358 -815.0000000000
5360 -814.0000000000
5396 -813.0000000000
5427 -812.0000000000
5430 -811.0000000000
5434 -810.0000000000
5449 -809.0000000000
5455 -808.0000000000
5480 -806.0000000000
5494 -805.0000000000
5508 -802.0000000000
5514 -800.0000000000
5548 -799.0000000000
5552 -798.0000000000
5553 -797.0000000000
5555 -796.0000000000
5571 -795.0000000000
5574 -794.0000000000
5584 -793.0000000000
5613 -792.0000000000
5615 -791.0000000000
5623 -790.0000000000
5640 -789.0000000000
5699 -788.0000000000
5703 -787.0000000000
5718 -786.0000000000
5727 -785.0000000000
5738 -784.0000000000
5745 -783.0000000000
5767 -782.0000000000
5787 -781.0000000000
5802 -780.0000000000
5803 -779.0000000000
5810 -778.0000000000
5814 -777.0000000000
5821 -776.0000000000
5831 -775.0000000000
5840 -774.0000000000
5856 -773.0000000000
5862 -772.0000000000
5871 -771.0000000000
5872 -770.0000000000
5910 -769.0000000000
5911 -768.0000000000
5914 -767.0000000000
5927 -766.0000000000
5937 -765.0000000000
5943 -763.0000000000
5949 -762.0000000000
5964 -761.0000000000
5968 -760.0000000000
6002 -757.0000000000
6022 -756.0000000000
6058 -755.0000000000
6069 -754.0000000000
6071 -753.0000000000
6074 -752.0000000000
6075 -751.0000000000
6083 -750.0000000000
6103 -749.0000000000
6111 -748.0000000000
6112 -747.0000000000
6117 -746.0000000000
6125 -745.0000000000
6130 -744.0000000000
6140 -743.0000000000
6146 -742.0000000000
6171 -741.0000000000
6172 -740.0000000000
6184 -739.0000000000
6206 -736.0000000000
6216 -735.0000000000
6240 -734.0000000000
6241 -733.0000000000
6258 -732.0000000000
6260 -731.0000000000
6267 -730.0000000000
6271 -729.0000000000
6287 -728.0000000000
6289 -727.0000000000
6290 -726.0000000000
6327 -725.0000000000
6328 -724.0000000000
6344 -723.0000000000
6345 -722.0000000000
6352 -721.0000000000
6356 -720.0000000000
6358 -719.0000000000
6364 -718.0000000000
6375 -717.0000000000
6381 -716.0000000000
6384 -715.0000000000
6417 -714.0000000000
6421 -713.0000000000
6423 -712.0000000000
6438 -711.0000000000
6453 -710.0000000000
6477 -709.0000000000
6479 -708.0000000000
6508 -706.0000000000
6541 -705.0000000000
6545 -704.0000000000
6567 -703.0000000000
6569 -702.0000000000
6628 -701.0000000000
6629 -700.0000000000
6632 -699.0000000000
6651 -698.0000000000
6680 -697.0000000000
6681 -696.0000000000
6699 -694.0000000000
6701 -693.0000000000
6711 -692.0000000000
6719 -690.0000000000
6728 -689.0000000000
6738 -688.0000000000
6745 -686.0000000000
6763 -685.0000000000
6770 -684.0000000000
6774 -683.0000000000
6781 -682.0000000000
6801 -681.0000000000
6804 -680.0000000000
6815 -679.0000000000
6817 -677.0000000000
6825 -674.0000000000
6856 -673.0000000000
6869 -672.0000000000
6871 -670.0000000000
6881 -669.0000000000
6890 -668.0000000000
6900 -667.0000000000
6910 -666.0000000000
6920 -665.0000000000
6926 -663.0000000000
6929 -662.0000000000
6960 -661.0000000000
7000 -660.0000000000
7005 -659.0000000000
7017 -658.0000000000
7029 -657.0000000000
7031 -656.0000000000
7041 -655.0000000000
7053 -654.0000000000
7056 -653.0000000000
7068 -652.0000000000
7069 -651.0000000000
7076 -650.0000000000
7087 -649.0000000000
7097 -647.0000000000
7098 -646.0000000000
7102 -645.0000000000
7104 -644.0000000000
7120 -643.0000000000
7127 -642.0000000000
7142 -641.0000000000
7146 -640.0000000000
7154 -639.0000000000
7156 -638.0000000000
7160 -637.0000000000
7194 -636.0000000000
7235 -635.0000000000
7236 -634.0000000000
7248 -633.0000000000
7255 -632.0000000000
7291 -631.0000000000
7307 -630.0000000000
7311 -629.0000000000
7325 -628.0000000000
7330 -627.0000000000
7340 -626.0000000000
7358 -625.0000000000
7359 -624.0000000000
7364 -623.0000000000
7367 -622.0000000000
7385 -621.0000000000
7400 -620.0000000000
7405 -619.0000000000
7407 -618.0000000000
7415 -617.0000000000
7421 -616.0000000000
7430 -615.0000000000
7437 -614.0000000000
7441 -613.0000000000
7453 -612.0000000000
7464 -611.0000000000
7486 -610.0000000000
7489 -609.0000000000
7496 -608.0000000000
7499 -607.0000000000
7518 -606.0000000000
7546 -605.0000000000
7549 -604.0000000000
7556 -603.0000000000
7560 -602.0000000000
7574 -601.0000000000
7604 -600.0000000000
7647 -599.0000000000
7650 -598.0000000000
7655 -597.0000000000
7672 -596.0000000000
7683 -595.0000000000
7692 -594.0000000000
7703 -593.0000000000
7709 -592.0000000000
7716 -591.0000000000
7719 -590.0000000000
7722 -589.0000000000
7746 -588.0000000000
7769 -587.0000000000
7780 -586.0000000000
7785 -585.0000000000
7795 -584.0000000000
7797 -583.0000000000
7799 -582.0000000000
7806 -581.0000000000
7808 -580.0000000000
7817 -579.0000000000
7829 -578.0000000000
7836 -577.0000000000
7848 -576.0000000000
7861 -575.0000000000
7862 -574.0000000000
7921 -573.0000000000
7935 -571.0000000000
7958 -570.0000000000
7964 -569.0000000000
7975 -568.0000000000
7978 -567.0000000000
8025 -566.0000000000
8027 -565.0000000000
8032 -564.0000000000
8040 -563.0000000000
8052 -562.0000000000
8060 -560.0000000000
8086 -559.0000000000
8129 -558.0000000000
8143 -557.0000000000
8164 -556.0000000000
8180 -555.0000000000
8187 -554.0000000000
8197 -553.0000000000
8209 -551.0000000000
8234 -550.0000000000
8241 -549.0000000000
8255 -548.0000000000
8277 -547.0000000000
8281 -546.0000000000
8291 -545.0000000000
8296 -544.0000000000
8315 -543.0000000000
8333 -542.0000000000
8334 -541.0000000000
8340 -540.0000000000
8363 -539.0000000000
8375 -537.0000000000
8389 -536.0000000000
8391 -535.0000000000
8420 -534.0000000000
8448 -533.0000000000
8464 -532.0000000000
8469 -531.0000000000
8471 -530.0000000000
8529 -529.0000000000
8559 -528.0000000000
8577 -527.0000000000
8592 -526.0000000000
8601 -525.0000000000
8609 -523.0000000000
8635 -522.0000000000
8652 -521.0000000000
8657 -519.0000000000
8658 -518.0000000000
8661 -517.0000000000
8664 -516.0000000000
8673 -515.0000000000
8678 -514.0000000000
8689 -513.0000000000
8700 -512.0000000000
8724 -511.0000000000
8752 -509.0000000000
8787 -508.0000000000
8796 -507.0000000000
8831 -505.0000000000
8844 -504.0000000000
8856 -503.0000000000
8873 -501.0000000000
8889 -500.0000000000
8906 -499.0000000000
8911 -497.0000000000
8923 -496.0000000000
8931 -495.0000000000
8953 -494.0000000000
8993 -493.0000000000
9015 -492.0000000000
9046 -491.0000000000
9048 -490.0000000000
9049 -489.0000000000
9056 -488.0000000000
9087 -487.0000000000
9116 -486.0000000000
9140 -485.0000000000
9145 -483.0000000000
9161 -482.0000000000
9190 -480.0000000000
9204 -479.0000000000
9210 -478.0000000000
9224 -477.0000000000
9254 -476.0000000000
9272 -475.0000000000
9306 -474.0000000000
9313 -473.0000000000
9324 -472.0000000000
9349 -471.0000000000
9390 -470.0000000000
9411 -469.0000000000
9416 -468.0000000000
9417 -467.0000000000
9425 -466.0000000000
9434 -465.0000000000
9447 -464.0000000000
9454 -463.0000000000
9491 -462.0000000000
9499 -461.0000000000
9508 -460.0000000000
9513 -459.0000000000
9515 -458.0000000000
9531 -457.0000000000
9533 -456.0000000000
9540 -455.0000000000
9555 -454.0000000000
9584 -453.0000000000
9605 -452.0000000000
9644 -451.0000000000
9645 -450.0000000000
9686 -448.0000000000
9687 -447.0000000000
9691 -446.0000000000
9709 -444.0000000000
9725 -443.0000000000
9743 -442.0000000000
9794 -441.0000000000
9798 -440.0000000000
9817 -439.0000000000
9847 -438.0000000000
9853 -436.0000000000
9862 -435.0000000000
9864 -434.0000000000
9871 -433.0000000000
9892 -432.0000000000
9899 -431.0000000000
9937 -430.0000000000
9943 -429.0000000000
9971 -428.0000000000
9980 -427.0000000000
9983 -426.0000000000
9989 -425.0000000000
9997 -424.0000000000
10000 -424.0000000000
evaluations raw_y
1 -1925.0000000000
4 -1924.0000000000
7 -1923.0000000000
9 -1921.0000000000
14 -1920.0000000000
15 -1919.0000000000
18 -1918.0000000000
21 -1917.0000000000
22 -1916.0000000000
23 -1914.0000000000
25 -1913.0000000000
26 -1912.0000000000
27 -1911.0000000000
28 -1910.0000000000
29 -1909.0000000000
30 -1908.0000000000
33 -1907.0000000000
34 -1906.0000000000
45 -1905.0000000000
46 -1903.0000000000
47 -1902.0000000000
51 -1900.0000000000
68 -1899.0000000000
78 -1898.0000000000
79 -1897.0000000000
80 -1895.0000000000
83 -1894.0000000000
84 -1893.0000000000
85 -1891.0000000000
90 -1889.0000000000
92 -1887.0000000000
93 -1886.0000000000
96 -1885.0000000000
101 -1884.0000000000
105 -1883.0000000000
119 -1882.0000000000
122 -1881.0000000000
123 -1880.0000000000
126 -1878.0000000000
131 -1877.0000000000
135 -1876.0000000000
138 -1874.0000000000
151 -1873.0000000000
152 -1870.0000000000
155 -1869.0000000000
156 -1868.0000000000
158 -1866.0000000000
159 -1865.0000000000
160 -1864.0000000000
166 -1863.0000000000
170 -1862.0000000000
177 -1859.0000000000
179 -1856.0000000000
181 -1855.0000000000
183 -1854.0000000000
185 -1853.0000000000
187 -1852.0000000000
192 -1851.0000000000
200 -1848.0000000000
201 -1847.0000000000
202 -1846.0000000000
205 -1844.0000000000
207 -1843.0000000000
211 -1842.0000000000
217 -1841.0000000000
220 -1840.0000000000
225 -1839.0000000000
230 -1838.0000000000
232 -1836.0000000000
238 -1835.0000000000
243 -1834.0000000000
244 -1833.0000000000
245 -1832.0000000000
249 -1830.0000000000
253 -1828.0000000000
265 -1827.0000000000
270 -1826.0000000000
272 -1825.0000000000
292 -1823.0000000000
296 -1822.0000000000
300 -1820.0000000000
303 -1818.0000000000
309 -1817.0000000000
311 -1816.0000000000
313 -1814.0000000000
315 -1813.0000000000
316 -1811.0000000000
320 -1809.0000000000
321 -1808.0000000000
328 -1806.0000000000
334 -1805.0000000000
338 -1804.0000000000
345 -1803.0000000000
351 -1802.0000000000
353 -1801.0000000000
354 -1800.0000000000
356 -1798.0000000000
358 -1797.0000000000
363 -1795.0000000000
374 -1794.0000000000
389 -1793.0000000000
399 -1792.0000000000
401 -1791.0000000000
403 -1790.0000000000
404 -1789.0000000000
405 -1787.0000000000
409 -1782.0000000000
414 -1780.0000000000
415 -1779.0000000000
421 -1776.0000000000
425 -1774.0000000000
430 -1772.0000000000
431 -1771.0000000000
438 -1770.0000000000
446 -1769.0000000000
450 -1767.0000000000
452 -1766.0000000000
453 -1764.0000000000
458 -1763.0000000000
464 -1762.0000000000
465 -1761.0000000000
471 -1760.0000000000
477 -1759.0000000000
479 -1758.0000000000
485 -1756.0000000000
488 -1755.0000000000
490 -1754.0000000000
492 -1753.0000000000
497 -1752.0000000000
498 -1750.0000000000
508 -1749.0000000000
509 -1746.0000000000
513 -1745.0000000000
520 -1744.0000000000
532 -1743.0000000000
538 -1741.0000000000
543 -1739.0000000000
547 -1737.0000000000
549 -1736.0000000000
557 -1734.0000000000
562 -1733.0000000000
563 -1732.0000000000
571 -1731.0000000000
572 -1730.0000000000
575 -1729.0000000000
580 -1728.0000000000
585 -1727.0000000000
586 -1725.0000000000
592 -1724.0000000000
602 -1723.0000000000
609 -1722.0000000000
611 -1721.0000000000
612 -1719.0000000000
620 -1718.0000000000
622 -1717.0000000000
624 -1715.0000000000
626 -1713.0000000000
629 -1712.0000000000
635 -1711.0000000000
648 -1710.0000000000
652 -1707.0000000000
656 -1705.0000000000
658 -1704.0000000000
661 -1703.0000000000
663 -1702.0000000000
683 -1701.0000000000
684 -1699.0000000000
688 -1698.0000000000
695 -1696.0000000000
699 -1695.0000000000
703 -1694.0000000000
705 -1693.0000000000
707 -1692.0000000000
709 -1691.0000000000
716 -1690.0000000000
719 -1689.0000000000
735 -1688.0000000000
737 -1687.0000000000
739 -1686.0000000000
740 -1684.0000000000
748 -1683.0000000000
749 -1681.0000000000
752 -1680.0000000000
755 -1679.0000000000
764 -1678.0000000000
766 -1677.0000000000
767 -1676.0000000000
773 -1675.0000000000
788 -1674.0000000000
789 -1673.0000000000
790 -1672.0000000000
793 -1671.0000000000
800 -1669.0000000000
801 -1667.0000000000
802 -1666.0000000000
811 -1664.0000000000
813 -1663.0000000000
814 -1662.0000000000
816 -1661.0000000000
828 -1660.0000000000
829 -1659.0000000000
830 -1658.0000000000
834 -1657.0000000000
840 -1656.0000000000
847 -1655.0000000000
848 -1654.0000000000
855 -1653.0000000000
858 -1652.0000000000
860 -1651.0000000000
863 -1650.0000000000
865 -1649.0000000000
880 -1648.0000000000
887 -1647.0000000000
902 -1646.0000000000
906 -1645.0000000000
907 -1643.0000000000
908 -1642.0000000000
909 -1641.0000000000
914 -1640.0000000000
919 -1639.0000000000
925 -1638.0000000000
928 -1636.0000000000
930 -1635.0000000000
932 -1634.0000000000
941 -1633.0000000000
948 -1632.0000000000
964 -1630.0000000000
965 -1629.0000000000
974 -1628.0000000000
975 -1625.0000000000
978 -1624.0000000000
986 -1623.0000000000
988 -1622.0000000000
995 -1621.0000000000
1002 -1620.0000000000
1005 -1618.0000000000
1012 -1617.0000000000
1015 -1616.0000000000
1021 -1615.0000000000
1022 -1614.0000000000
1028 -1612.0000000000
1030 -1610.0000000000
1031 -1609.0000000000
1032 -1608.0000000000
1039 -1606.0000000000
1047 -1605.0000000000
1053 -1604.0000000000
1054 -1603.0000000000
1055 -1602.0000000000
1057 -1600.0000000000
1060 -1599.0000000000
1065 -1596.0000000000
1067 -1595.0000000000
1068 -1594.0000000000
1073 -1593.0000000000
1074 -1592.0000000000
1079 -1591.0000000000
1084 -1590.0000000000
1086 -1589.0000000000
1093 -1588.0000000000
1108 -1587.0000000000
1109 -1586.0000000000
1110 -1585.0000000000
1117 -1584.0000000000
1118 -1583.0000000000
1123 -1581.0000000000
1128 -1580.0000000000
1132 -1579.0000000000
1137 -1577.0000000000
1139 -1576.0000000000
1142 -1575.0000000000
1149 -1573.0000000000
1151 -1570.0000000000
1161 -1569.0000000000
1170 -1568.0000000000
1178 -1567.0000000000
1181 -1566.0000000000
1182 -1565.0000000000
1187 -1564.0000000000
1188 -1563.0000000000
1195 -1562.0000000000
1210 -1561.0000000000
1212 -1560.0000000000
1214 -1559.0000000000
1217 -1558.0000000000
1218 -1557.0000000000
1220 -1556.0000000000
1221 -1554.0000000000
1237 -1553.0000000000
1238 -1552.0000000000
1243 -1551.0000000000
1246 -1549.0000000000
1253 -1548.0000000000
1257 -1547.0000000000
1261 -1546.0000000000
1272 -1544.0000000000
1274 -1543.0000000000
1276 -1542.0000000000
1283 -1541.0000000000
1310 -1540.0000000000
1311 -1539.0000000000
1315 -1538.0000000000
1324 -1536.0000000000
1329 -1534.0000000000
1333 -1533.0000000000
1348 -1532.0000000000
1359 -1531.0000000000
1361 -1530.0000000000
1363 -1528.0000000000
1372 -1527.0000000000
1375 -1526.0000000000
1378 -1524.0000000000
1392 -1522.0000000000
1395 -1520.0000000000
1396 -1518.0000000000
1402 -1517.0000000000
1403 -1516.0000000000
1411 -1515.0000000000
1416 -1514.0000000000
1417 -1513.0000000000
1419 -1511.0000000000
1423 -1510.0000000000
1430 -1509.0000000000
1431 -1508.0000000000
1437 -1507.0000000000
1442 -1505.0000000000
1448 -1504.0000000000
1449 -1503.0000000000
1452 -1502.0000000000
1455 -1501.0000000000
1458 -1500.0000000000
1460 -1499.0000000000
1467 -1498.0000000000
1468 -1497.0000000000
1476 -1496.0000000000
1478 -1495.0000000000
1481 -1494.0000000000
1495 -1492.0000000000
1497 -1491.0000000000
1515 -1490.0000000000
1536 -1487.0000000000
1539 -1486.0000000000
1540 -1485.0000000000
1553 -1484.0000000000
1557 -1483.0000000000
1558 -1482.0000000000
1567 -1481.0000000000
1570 -1479.0000000000
1572 -1478.0000000000
1591 -1476.0000000000
1598 -1475.0000000000
1600 -1474.0000000000
1616 -1472.0000000000
1629 -1471.0000000000
1632 -1469.0000000000
1637 -1467.0000000000
1639 -1466.0000000000
1646 -1464.0000000000
1648 -1463.0000000000
1653 -1462.0000000000
1662 -1461.0000000000
1665 -1460.0000000000
1672 -1458.0000000000
1681 -1456.0000000000
1689 -1455.0000000000
1691 -1454.0000000000
1692 -1453.0000000000
1696 -1452.0000000000
1700 -1451.0000000000
1714 -1450.0000000000
1716 -1448.0000000000
1726 -1446.0000000000
1727 -1445.0000000000
1733 -1444.0000000000
1739 -1442.0000000000
1743 -1441.0000000000
1749 -1440.0000000000
1755 -1439.0000000000
1756 -1438.0000000000
1758 -1437.0000000000
1769 -1436.0000000000
1776 -1435.0000000000
1779 -1433.0000000000
1780 -1432.0000000000
1782 -1431.0000000000
1786 -1430.0000000000
1792 -1429.0000000000
1793 -1428.0000000000
1800 -1427.0000000000
1806 -1426.0000000000
1816 -1425.0000000000
1820 -1424.0000000000
1825 -1423.0000000000
1829 -1422.0000000000
1832 -1421.0000000000
1836 -1420.0000000000
1843 -1419.0000000000
1848 -1418.0000000000
1849 -1417.0000000000
1850 -1415.0000000000
1854 -1413.0000000000
1855 -1412.0000000000
1863 -1411.0000000000
1865 -1410.0000000000
1868 -1409.0000000000
1871 -1407.0000000000
1874 -1406.0000000000
1879 -1405.0000000000
1881 -1403.0000000000
1883 -1402.0000000000
1886 -1401.0000000000
1895 -1400.0000000000
1897 -1399.0000000000
1898 -1398.0000000000
1910 -1397.0000000000
1924 -1396.0000000000
1930 -1395.0000000000
1931 -1394.0000000000
1933 -1392.0000000000
1940 -1390.0000000000
1950 -1389.0000000000
1956 -1388.0000000000
1969 -1387.0000000000
1975 -1386.0000000000
1977 -1385.0000000000
1983 -1384.0000000000
1985 -1383.0000000000
1986 -1382.0000000000
1989 -1381.0000000000
2001 -1380.0000000000
2003 -1379.0000000000
2008 -1378.0000000000
2022 -1377.0000000000
2032 -1375.0000000000
2033 -1374.0000000000
2042 -1373.0000000000
2047 -1371.0000000000
2063 -1369.0000000000
2068 -1367.0000000000
2078 -1366.0000000000
2088 -1365.0000000000
2091 -1364.0000000000
2096 -1363.0000000000
2098 -1362.0000000000
2101 -1361.0000000000
2115 -1360.0000000000
2120 -1359.0000000000
2124 -1358.0000000000
2125 -1357.0000000000
2128 -1356.0000000000
2135 -1355.0000000000
2142 -1354.0000000000
2154 -1352.0000000000
2160 -1351.0000000000
2167 -1350.0000000000
2179 -1349.0000000000
2196 -1348.0000000000
2211 -1347.0000000000
2212 -1346.0000000000
2216 -1345.0000000000
2227 -1343.0000000000
2228 -1342.0000000000
2240 -1341.0000000000
2241 -1340.0000000000
2251 -1339.0000000000
2253 -1338.0000000000
2255 -1337.0000000000
2263 -1335.0000000000
2273 -1334.0000000000
2278 -1333.0000000000
2281 -1332.0000000000
2286 -1331.0000000000
2295 -1330.0000000000
2297 -1329.0000000000
2302 -1328.0000000000
2308 -1327.0000000000
2321 -1326.0000000000
2326 -1325.0000000000
2331 -1324.0000000000
2339 -1323.0000000000
2343 -1322.0000000000
2355 -1321.0000000000
2357 -1319.0000000000
2360 -1317.0000000000
2362 -1316.0000000000
2366 -1315.0000000000
2368 -1314.0000000000
2372 -1313.0000000000
2377 -1312.0000000000
2379 -1310.0000000000
2390 -1309.0000000000
2392 -1307.0000000000
2408 -1306.0000000000
2416 -1305.0000000000
2422 -1304.0000000000
2440 -1303.0000000000
2442 -1302.0000000000
2447 -1301.0000000000
2451 -1299.0000000000
2452 -1298.0000000000
2454 -1297.0000000000
2465 -1296.0000000000
2470 -1295.0000000000
2477 -1294.0000000000
2489 -1293.0000000000
2493 -1292.0000000000
2494 -1291.0000000000
2504 -1290.0000000000
2508 -1288.0000000000
2515 -1287.0000000000
2529 -1286.0000000000
2569 -1284.0000000000
2578 -1283.0000000000
2580 -1281.0000000000
2592 -1279.0000000000
2597 -1278.0000000000
2598 -1277.0000000000
2602 -1276.0000000000
2605 -1275.0000000000
2608 -1274.0000000000
2619 -1273.0000000000
2622 -1271.0000000000
2623 -1270.0000000000
2624 -1269.0000000000
2626 -1268.0000000000
2640 -1267.0000000000
2661 -1266.0000000000
2665 -1265.0000000000
2674 -1264.0000000000
2675 -1263.0000000000
2676 -1262.0000000000
2680 -1261.0000000000
2691 -1260.0000000000
2699 -1259.0000000000
2709 -1258.0000000000
2710 -1257.0000000000
2712 -1256.0000000000
2715 -1254.0000000000
2737 -1253.0000000000
2738 -1252.0000000000
2751 -1251.0000000000
2765 -1249.0000000000
2767 -1248.0000000000
2781 -1247.0000000000
2790 -1246.0000000000
2791 -1245.0000000000
2802 -1244.0000000000
2803 -1243.0000000000
2812 -1242.0000000000
2817 -1241.0000000000
2818 -1240.0000000000
2820 -1237.0000000000
2828 -1236.0000000000
2835 -1235.0000000000
2842 -1234.0000000000
2844 -1233.0000000000
2847 -1232.0000000000
2855 -1231.0000000000
2856 -1230.0000000000
2857 -1229.0000000000
2878 -1228.0000000000
2885 -1227.0000000000
2895 -1226.0000000000
2903 -1225.0000000000
2913 -1224.0000000000
2923 -1223.0000000000
2934 -1222.0000000000
2937 -1221.0000000000
2942 -1219.0000000000
2944 -1217.0000000000
2963 -1216.0000000000
2965 -1215.0000000000
2966 -1214.0000000000
2973 -1213.0000000000
2975 -1212.0000000000
2976 -1211.0000000000
2979 -1210.0000000000
2988 -1209.0000000000
3005 -1207.0000000000
3008 -1206.0000000000
3011 -1205.0000000000
3042 -1203.0000000000
3043 -1202.0000000000
3047 -1201.0000000000
3057 -1200.0000000000
3058 -1199.0000000000
3077 -1198.0000000000
3090 -1196.0000000000
3092 -1195.0000000000
3093 -1194.0000000000
3100 -1193.0000000000
3105 -1192.0000000000
3110 -1191.0000000000
3123 -1190.0000000000
3126 -1189.0000000000
3136 -1188.0000000000
3156 -1186.0000000000
3159 -1185.0000000000
3168 -1184.0000000000
3172 -1183.0000000000
3174 -1182.0000000000
3175 -1180.0000000000
3176 -1179.0000000000
3178 -1178.0000000000
3181 -1177.0000000000
3183 -1176.0000000000
3184 -1175.0000000000
3187 -1173.0000000000
3197 -1172.0000000000
3208 -1170.0000000000
3212 -1169.0000000000
3223 -1168.0000000000
3229 -1167.0000000000
3232 -1166.0000000000
3242 -1165.0000000000
3248 -1164.0000000000
3253 -1162.0000000000
3255 -1161.0000000000
3257 -1160.0000000000
3261 -1159.0000000000
3277 -1158.0000000000
3280 -1157.0000000000
3283 -1156.0000000000
3287 -1155.0000000000
3293 -1154.0000000000
3303 -1153.0000000000
3308 -1152.0000000000
3309 -1151.0000000000
3325 -1150.0000000000
3334 -1149.0000000000
3335 -1148.0000000000
3358 -1147.0000000000
3363 -1146.0000000000
3371 -1145.0000000000
3399 -1144.0000000000
3404 -1143.0000000000
3411 -1142.0000000000
3427 -1141.0000000000
3429 -1140.0000000000
3432 -1139.0000000000
3437 -1138.0000000000
3439 -1137.0000000000
3442 -1136.0000000000
3447 -1135.0000000000
3450 -1134.0000000000
3460 -1133.0000000000
3462 -1132.0000000000
3481 -1131.0000000000
3488 -1130.0000000000
3490 -1129.0000000000
3496 -1128.0000000000
3500 -1127.0000000000
3503 -1126.0000000000
3505 -1125.0000000000
3509 -1124.0000000000
3512 -1123.0000000000
3514 -1121.0000000000
3523 -1119.0000000000
3550 -1118.0000000000
3557 -1117.0000000000
3572 -1116.0000000000
3577 -1115.0000000000
3578 -1114.0000000000
3582 -1112.0000000000
3605 -1111.0000000000
3619 -1109.0000000000
3630 -1108.0000000000
3644 -1107.0000000000
3646 -1106.0000000000
3650 -1105.0000000000
3652 -1104.0000000000
3657 -1102.0000000000
3666 -1101.0000000000
3672 -1100.0000000000
3677 -1099.0000000000
3681 -1097.0000000000
3684 -1095.0000000000
3688 -1093.0000000000
3697 -1092.0000000000
3711 -1091.0000000000
3720 -1090.0000000000
3724 -1089.0000000000
3739 -1088.0000000000
3740 -1087.0000000000
3743 -1086.0000000000
3755 -1085.0000000000
3759 -1084.0000000000
3761 -1083.0000000000
3763 -1082.0000000000
3766 -1081.0000000000
3781 -1080.0000000000
3785 -1079.0000000000
3796 -1078.0000000000
3801 -1077.0000000000
3812 -1076.0000000000
3817 -1075.0000000000
3818 -1074.0000000000
3824 -1073.0000000000
3826 -1071.0000000000
3831 -1070.0000000000
3850 -1069.0000000000
3857 -1068.0000000000
3868 -1065.0000000000
3869 -1064.0000000000
3883 -1063.0000000000
3898 -1062.0000000000
3905 -1061.0000000000
3914 -1060.0000000000
3926 -1059.0000000000
3932 -1057.0000000000
3937 -1056.0000000000
3939 -1055.0000000000
3942 -1053.0000000000
3943 -1052.0000000000
3954 -1051.0000000000
3967 -1050.0000000000
3969 -1049.0000000000
3977 -1048.0000000000
3986 -1047.0000000000
3988 -1046.0000000000
3994 -1045.0000000000
3995 -1042.0000000000
4000 -1041.0000000000
4003 -1040.0000000000
4006 -1039.0000000000
4009 -1038.0000000000
4025 -1037.0000000000
4041 -1036.0000000000
4051 -1035.0000000000
4059 -1034.0000000000
4069 -1033.0000000000
4104 -1032.0000000000
4114 -1031.0000000000
4137 -1030.0000000000
4145 -1029.0000000000
4153 -1028.0000000000
4158 -1027.0000000000
4165 -1026.0000000000
4169 -1025.0000000000
4174 -1024.0000000000
4177 -1023.0000000000
4178 -1022.0000000000
4183 -1021.0000000000
4192 -1020.0000000000
4205 -1019.0000000000
4207 -1017.0000000000
4223 -1016.0000000000
4230 -1015.0000000000
4232 -1014.0000000000
4236 -1013.0000000000
4242 -1012.0000000000
4252 -1011.0000000000
4253 -1010.0000000000
4256 -1009.0000000000
4263 -1008.0000000000
4265 -1007.0000000000
4270 -1006.0000000000
4273 -1005.0000000000
4274 -1004.0000000000
4277 -1003.0000000000
4284 -1002.0000000000
4290 -1001.0000000000
4291 -1000.0000000000
4302 -999.0000000000
4304 -998.0000000000
4317 -997.0000000000
4328 -996.0000000000
4329 -995.0000000000
4334 -994.0000000000
4339 -993.0000000000
4346 -992.0000000000
4348 -991.0000000000
4352 -990.0000000000
4362 -988.0000000000
4375 -987.0000000000
4376 -986.0000000000
4377 -985.0000000000
4391 -984.0000000000
4394 -981.0000000000
4407 -980.0000000000
4417 -979.0000000000
4427 -977.0000000000
4429 -976.0000000000
4430 -975.0000000000
4435 -974.0000000000
4439 -973.0000000000
4450 -972.0000000000
4455 -971.0000000000
4463 -970.0000000000
4480 -969.0000000000
4496 -968.0000000000
4499 -967.0000000000
4505 -966.0000000000
4507 -965.0000000000
4511 -964.0000000000
4523 -963.0000000000
4537 -960.0000000000
4546 -958.0000000000
4557 -957.0000000000
4559 -956.0000000000
4571 -955.0000000000
4579 -954.0000000000
4603 -953.0000000000
4605 -952.0000000000
4608 -951.0000000000
4618 -950.0000000000
4624 -949.0000000000
4626 -948.0000000000
4631 -947.0000000000
4633 -946.0000000000
4640 -945.0000000000
4654 -944.0000000000
4666 -942.0000000000
4678 -941.0000000000
4701 -940.0000000000
4702 -939.0000000000
4711 -938.0000000000
4726 -937.0000000000
4738 -936.0000000000
4748 -935.0000000000
4751 -934.0000000000
4755 -933.0000000000
4757 -932.0000000000
4759 -930.0000000000
4765 -929.0000000000
4770 -928.0000000000
4773 -927.0000000000
4787 -926.0000000000
4788 -925.0000000000
4802 -924.0000000000
4805 -923.0000000000
4811 -922.0000000000
4837 -921.0000000000
4846 -920.0000000000
4848 -919.0000000000
4854 -917.0000000000
4857 -916.0000000000
4864 -914.0000000000
4870 -913.0000000000
4911 -912.0000000000
4922 -911.0000000000
4927 -910.0000000000
4935 -909.0000000000
4938 -908.0000000000
4942 -907.0000000000
4953 -906.0000000000
4954 -905.0000000000
4955 -904.0000000000
4956 -903.0000000000
4967 -902.0000000000
4996 -901.0000000000
4998 -900.0000000000
5006 -899.0000000000
5012 -898.0000000000
5026 -897.0000000000
5029 -895.0000000000
5042 -894.0000000000
5047 -893.0000000000
5060 -892.0000000000
5083 -891.0000000000
5115 -890.0000000000
5138 -889.0000000000
5153 -888.0000000000
5155 -887.0000000000
5166 -886.0000000000
5180 -885.0000000000
5183 -883.0000000000
5184 -881.0000000000
5205 -880.0000000000
5209 -879.0000000000
5212 -878.0000000000
5218 -877.0000000000
5219 -876.0000000000
5237 -875.0000000000
5242 -873.0000000000
5257 -872.0000000000
5262 -871.0000000000
5266 -870.0000000000
5270 -869.0000000000
5271 -868.0000000000
5274 -867.0000000000
5281 -866.0000000000
5285 -865.0000000000
5286 -864.0000000000
5299 -863.0000000000
5313 -862.0000000000
5318 -861.0000000000
5359 -860.0000000000
5381 -859.0000000000
5383 -858.0000000000
5384 -857.0000000000
5412 -856.0000000000
5421 -855.0000000000
5425 -854.0000000000
5437 -853.0000000000
5441 -852.0000000000
5446 -851.0000000000
5447 -849.0000000000
5451 -848.0000000000
5464 -847.0000000000
5466 -846.0000000000
5487 -845.0000000000
5490 -844.0000000000
5492 -843.0000000000
5498 -842.0000000000
5503 -841.0000000000
5511 -839.0000000000
5526 -838.0000000000
5537 -837.0000000000
5565 -836.0000000000
5605 -833.0000000000
5611 -832.0000000000
5614 -831.0000000000
5625 -830.0000000000
5637 -829.0000000000
5641 -828.0000000000
5652 -827.0000000000
5653 -826.0000000000
5660 -825.0000000000
5668 -824.0000000000
5689 -823.0000000000
5696 -822.0000000000
5698 -821.0000000000
5708 -820.0000000000
5738 -819.0000000000
5745 -818.0000000000
5747 -817.0000000000
5764 -816.0000000000
5772 -815.0000000000
5786 -813.0000000000
5811 -812.0000000000
5826 -810.0000000000
5850 -809.0000000000
5851 -808.0000000000
5858 -805.0000000000
5870 -804.0000000000
5876 -803.0000000000
5888 -802.0000000000
5896 -801.0000000000
5903 -800.0000000000
5937 -799.0000000000
5957 -798.0000000000
5978 -797.0000000000
5994 -795.0000000000
6002 -794.0000000000
6006 -793.0000000000
6015 -792.0000000000
6017 -791.0000000000
6022 -790.0000000000
6024 -789.0000000000
6032 -788.0000000000
6043 -787.0000000000
6054 -785.0000000000
6060 -784.0000000000
6061 -783.0000000000
6064 -782.0000000000
6065 -781.0000000000
6067 -779.0000000000
6077 -778.0000000000
6086 -777.0000000000
6087 -776.0000000000
6089 -775.0000000000
6095 -774.0000000000
6108 -773.0000000000
6115 -772.0000000000
6129 -771.0000000000
6138 -770.0000000000
6155 -769.0000000000
6160 -768.0000000000
6184 -767.0000000000
6211 -766.0000000000
6225 -765.0000000000
6227 -764.0000000000
6235 -763.0000000000
6247 -762.0000000000
6273 -761.0000000000
6302 -760.0000000000
6319 -759.0000000000
6327 -758.0000000000
6335 -756.0000000000
6362 -755.0000000000
6373 -754.0000000000
6380 -753.0000000000
6390 -751.0000000000
6392 -750.0000000000
6402 -748.0000000000
6404 -747.0000000000
6412 -746.0000000000
6414 -745.0000000000
6415 -744.0000000000
6417 -743.0000000000
6426 -742.0000000000
6436 -741.0000000000
6459 -740.0000000000
6477 -739.0000000000
6496 -738.0000000000
6499 -737.0000000000
6507 -736.0000000000
6510 -735.0000000000
6527 -734.0000000000
6553 -733.0000000000
6556 -732.0000000000
6565 -731.0000000000
6580 -730.0000000000
6592 -729.0000000000
6597 -728.0000000000
6620 -727.0000000000
6624 -726.0000000000
6633 -725.0000000000
6641 -724.0000000000
6644 -723.0000000000
6646 -721.0000000000
6649 -720.0000000000
6666 -719.0000000000
6674 -718.0000000000
6702 -717.0000000000
6713 -716.0000000000
6720 -715.0000000000
6732 -714.0000000000
6734 -712.0000000000
6741 -711.0000000000
6765 -710.0000000000
6781 -709.0000000000
6783 -708.0000000000
6796 -707.0000000000
6798 -706.0000000000
6802 -705.0000000000
6821 -704.0000000000
6828 -703.0000000000
6840 -702.0000000000
6871 -701.0000000000
6872 -700.0000000000
6873 -699.0000000000
6906 -697.0000000000
6911 -696.0000000000
6928 -695.0000000000
6934 -694.0000000000
6949 -693.0000000000
6951 -692.0000000000
6976 -691.0000000000
7001 -690.0000000000
7017 -689.0000000000
7057 -688.0000000000
7060 -687.0000000000
7062 -686.0000000000
7065 -685.0000000000
7076 -684.0000000000
7105 -683.0000000000
7107 -682.0000000000
7109 -681.0000000000
7110 -679.0000000000
7111 -678.0000000000
7114 -677.0000000000
7121 -676.0000000000
7159 -675.0000000000
7173 -674.0000000000
7211 -673.0000000000
7212 -672.0000000000
7222 -671.0000000000
7294 -670.0000000000
7300 -669.0000000000
7320 -668.0000000000
7330 -667.0000000000
7376 -666.0000000000
7377 -665.0000000000
7388 -664.0000000000
7404 -663.0000000000
7419 -662.0000000000
7422 -661.0000000000
7434 -660.0000000000
7435 -659.0000000000
7446 -658.0000000000
7452 -657.0000000000
7461 -656.0000000000
7493 -655.0000000000
7503 -654.0000000000
7513 -653.0000000000
7526 -652.0000000000
7527 -651.0000000000
7546 -650.0000000000
7553 -649.0000000000
7568 -648.0000000000
7569 -647.0000000000
7578 -646.0000000000
7584 -644.0000000000
7611 -643.0000000000
7619 -642.0000000000
7629 -641.0000000000
7632 -640.0000000000
7647 -638.0000000000
7681 -637.0000000000
7687 -636.0000000000
7712 -635.0000000000
7740 -634.0000000000
7752 -633.0000000000
7761 -632.0000000000
7762 -631.0000000000
7763 -630.0000000000
7817 -629.0000000000
7825 -628.0000000000
7839 -626.0000000000
7842 -625.0000000000
7846 -624.0000000000
7860 -623.0000000000
7866 -622.0000000000
7876 -621.0000000000
7891 -619.0000000000
7913 -618.0000000000
7924 -617.0000000000
7934 -616.0000000000
7942 -615.0000000000
7959 -614.0000000000
7962 -613.0000000000
7989 -612.0000000000
7991 -611.0000000000
7996 -610.0000000000
8019 -609.0000000000
8059 -608.0000000000
8085 -607.0000000000
8115 -606.0000000000
8138 -605.0000000000
8143 -604.0000000000
8182 -603.0000000000
8205 -601.0000000000
8215 -600.0000000000
8230 -599.0000000000
8242 -598.0000000000
8250 -595.0000000000
8261 -594.0000000000
8271 -593.0000000000
8294 -592.0000000000
8303 -590.0000000000
8325 -589.0000000000
8328 -588.0000000000
8348 -587.0000000000
8354 -586.0000000000
8369 -585.0000000000
8444 -583.0000000000
8445 -582.0000000000
8447 -581.0000000000
8486 -580.0000000000
8493 -579.0000000000
8509 -578.0000000000
8523 -577.0000000000
8524 -576.0000000000
8525 -574.0000000000
8533 -573.0000000000
8535 -572.0000000000
8542 -571.0000000000
8563 -570.0000000000
8595 -569.0000000000
8596 -568.0000000000
8625 -566.0000000000
8627 -565.0000000000
8640 -564.0000000000
8642 -563.0000000000
8645 -562.0000000000
8662 -561.0000000000
8677 -560.0000000000
8724 -558.0000000000
8728 -557.0000000000
8733 -556.0000000000
8741 -555.0000000000
8750 -554.0000000000
8757 -553.0000000000
8767 -552.0000000000
8770 -551.0000000000
8797 -550.0000000000
8805 -549.0000000000
8809 -548.0000000000
8820 -547.0000000000
8834 -546.0000000000
8836 -544.0000000000
8871 -543.0000000000
8886 -542.0000000000
8888 -541.0000000000
8898 -540.0000000000
8909 -539.0000000000
8916 -538.0000000000
8930 -537.0000000000
8945 -536.0000000000
9012 -535.0000000000
9015 -534.0000000000
9057 -533.0000000000
9090 -531.0000000000
9095 -530.0000000000
9096 -529.0000000000
9103 -528.0000000000
9106 -527.0000000000
9120 -526.0000000000
9135 -525.0000000000
9161 -523.0000000000
9162 -522.0000000000
9260 -521.0000000000
9267 -520.0000000000
9286 -519.0000000000
9323 -518.0000000000
9329 -517.0000000000
9351 -515.0000000000
9365 -514.0000000000
9371 -513.0000000000
9398 -512.0000000000
9416 -511.0000000000
9426 -510.0000000000
9469 -509.0000000000
9472 -508.0000000000
9477 -507.0000000000
9492 -506.0000000000
9493 -505.0000000000
9505 -503.0000000000
9508 -502.0000000000
9552 -501.0000000000
9558 -500.0000000000
9581 -499.0000000000
9593 -498.0000000000
9595 -497.0000000000
9597 -495.0000000000
9600 -494.0000000000
9606 -493.0000000000
9633 -492.0000000000
9665 -491.0000000000
9690 -489.0000000000
9721 -488.0000000000
9732 -487.0000000000
9743 -485.0000000000
9760 -483.0000000000
9781 -482.0000000000
9787 -481.0000000000
9797 -480.0000000000
9840 -477.0000000000
9851 -476.0000000000
9906 -475.0000000000
9936 -474.0000000000
9974 -473.0000000000
10000 -475.0000000000
evaluations raw_y
1 -1843.0000000000
2 -1842.0000000000
5 -1841.0000000000
9 -1839.0000000000
14 -1838.0000000000
15 -1837.0000000000
17 -1836.0000000000
18 -1835.0000000000
19 -1834.0000000000
24 -1833.0000000000
33 -1832.0000000000
35 -1831.0000000000
42 -1830.0000000000
48 -1829.0000000000
50 -1827.0000000000
52 -1826.0000000000
55 -1825.0000000000
56 -1824.0000000000
57 -1823.0000000000
61 -1822.0000000000
62 -1820.0000000000
71 -1819.0000000000
72 -1818.0000000000
73 -1816.0000000000
77 -1815.0000000000
78 -1814.0000000000
80 -1813.0000000000
83 -1812.0000000000
88 -1811.0000000000
94 -1810.0000000000
95 -1809.0000000000
101 -1808.0000000000
113 -1807.0000000000
119 -1806.0000000000
120 -1805.0000000000
121 -1804.0000000000
122 -1803.0000000000
125 -1802.0000000000
127 -1800.0000000000
134 -1799.0000000000
137 -1798.0000000000
139 -1797.0000000000
145 -1796.0000000000
147 -1795.0000000000
148 -1794.0000000000
149 -1793.0000000000
163 -1792.0000000000
181 -1791.0000000000
189 -1790.0000000000
191 -1789.0000000000
192 -1788.0000000000
193 -1786.0000000000
197 -1785.0000000000
205 -1783.0000000000
207 -1782.0000000000
213 -1781.0000000000
217 -1780.0000000000
221 -1779.0000000000
226 -1778.0000000000
233 -1777.0000000000
240 -1776.0000000000
244 -1774.0000000000
247 -1773.0000000000
249 -1772.0000000000
252 -1771.0000000000
264 -1770.0000000000
268 -1768.0000000000
269 -1767.0000000000
272 -1766.0000000000
275 -1765.0000000000
276 -1764.0000000000
278 -1763.0000000000
287 -1762.0000000000
290 -1761.0000000000
291 -1760.0000000000
295 -1759.0000000000
300 -1758.0000000000
302 -1757.0000000000
305 -1756.0000000000
314 -1755.0000000000
316 -1754.0000000000
319 -1753.0000000000
321 -1752.0000000000
324 -1751.0000000000
331 -1750.0000000000
335 -1749.0000000000
345 -1746.0000000000
348 -1744.0000000000
351 -1743.0000000000
352 -1742.0000000000
355 -1741.0000000000
356 -1740.0000000000
360 -1739.0000000000
374 -1737.0000000000
376 -1736.0000000000
379 -1735.0000000000
382 -1734.0000000000
383 -1733.0000000000
386 -1732.0000000000
390 -1729.0000000000
391 -1728.0000000000
393 -1727.0000000000
399 -1726.0000000000
404 -1724.0000000000
405 -1723.0000000000
407 -1722.0000000000
412 -1721.0000000000
414 -1720.0000000000
417 -1719.0000000000
426 -1717.0000000000
427 -1715.0000000000
429 -1714.0000000000
432 -1713.0000000000
435 -1711.0000000000
437 -1710.0000000000
445 -1709.0000000000
453 -1706.0000000000
457 -1705.0000000000
459 -1704.0000000000
469 -1703.0000000000
475 -1701.0000000000
485 -1700.0000000000
488 -1699.0000000000
492 -1698.0000000000
500 -1697.0000000000
510 -1696.0000000000
525 -1695.0000000000
526 -1693.0000000000
528 -1692.0000000000
537 -1691.0000000000
540 -1690.0000000000
545 -1689.0000000000
552 -1688.0000000000
566 -1687.0000000000
568 -1686.0000000000
570 -1685.0000000000
575 -1684.0000000000
576 -1683.0000000000
578 -1682.0000000000
587 -1680.0000000000
589 -1678.0000000000
590 -1677.0000000000
591 -1675.0000000000
601 -1674.0000000000
602 -1673.0000000000
605 -1672.0000000000
606 -1671.0000000000
611 -1669.0000000000
618 -1667.0000000000
624 -1666.0000000000
625 -1665.0000000000
629 -1664.0000000000
630 -1663.0000000000
632 -1662.0000000000
634 -1661.0000000000
642 -1660.0000000000
653 -1658.0000000000
654 -1657.0000000000
658 -1656.0000000000
662 -1654.0000000000
668 -1653.0000000000
674 -1652.0000000000
675 -1651.0000000000
684 -1650.0000000000
685 -1647.0000000000
692 -1646.0000000000
705 -1645.0000000000
709 -1644.0000000000
712 -1643.0000000000
713 -1642.0000000000
718 -1641.0000000000
719 -1640.0000000000
725 -1638.0000000000
727 -1637.0000000000
729 -1636.0000000000
731 -1635.0000000000
733 -1634.0000000000
737 -1632.0000000000
739 -1631.0000000000
744 -1630.0000000000
745 -1629.0000000000
756 -1627.0000000000
758 -1625.0000000000
764 -1624.0000000000
766 -1623.0000000000
776 -1622.0000000000
777 -1621.0000000000
780 -1619.0000000000
783 -1617.0000000000
787 -1616.0000000000
788 -1614.0000000000
794 -1611.0000000000
795 -1610.0000000000
797 -1609.0000000000
806 -1608.0000000000
808 -1607.0000000000
809 -1606.0000000000
811 -1605.0000000000
812 -1604.0000000000
815 -1603.0000000000
821 -1602.0000000000
823 -1600.0000000000
828 -1599.0000000000
830 -1598.0000000000
837 -1597.0000000000
838 -1596.0000000000
843 -1595.0000000000
846 -1594.0000000000
849 -1593.0000000000
854 -1591.0000000000
857 -1590.0000000000
861 -1589.0000000000
862 -1588.0000000000
864 -1587.0000000000
865 -1586.0000000000
870 -1585.0000000000
875 -1583.0000000000
879 -1582.0000000000
886 -1581.0000000000
892 -1580.0000000000
895 -1579.0000000000
904 -1578.0000000000
909 -1577.0000000000
910 -1574.0000000000
911 -1573.0000000000
919 -1572.0000000000
925 -1571.0000000000
926 -1569.0000000000
930 -1567.0000000000
935 -1566.0000000000
953 -1565.0000000000
954 -1563.0000000000
956 -1562.0000000000
957 -1561.0000000000
958 -1559.0000000000
966 -1558.0000000000
970 -1557.0000000000
974 -1555.0000000000
981 -1554.0000000000
985 -1553.0000000000
993 -1552.0000000000
1001 -1548.0000000000
1002 -1547.0000000000
1003 -1546.0000000000
1012 -1545.0000000000
1019 -1544.0000000000
1021 -1543.0000000000
1032 -1542.0000000000
1039 -1541.0000000000
1043 -1540.0000000000
1044 -1539.0000000000
1047 -1537.0000000000
1050 -1536.0000000000
1057 -1535.0000000000
1062 -1534.0000000000
1067 -1533.0000000000
1070 -1532.0000000000
1073 -1531.0000000000
1077 -1530.0000000000
1078 -1529.0000000000
1083 -1528.0000000000
1084 -1527.0000000000
1085 -1526.0000000000
1086 -1525.0000000000
1100 -1524.0000000000
1102 -1523.0000000000
1108 -1522.0000000000
1119 -1521.0000000000
1126 -1520.0000000000
1129 -1519.0000000000
1134 -1518.0000000000
1137 -1517.0000000000
1144 -1514.0000000000
1147 -1513.0000000000
1156 -1512.0000000000
1172 -1511.0000000000
1179 -1510.0000000000
1180 -1509.0000000000
1191 -1507.0000000000
1198 -1505.0000000000
1206 -1504.0000000000
1215 -1503.0000000000
1217 -1502.0000000000
1230 -1500.0000000000
1237 -1499.0000000000
1240 -1498.0000000000
1242 -1496.0000000000
1251 -1495.0000000000
1252 -1494.0000000000
1256 -1491.0000000000
1257 -1489.0000000000
1259 -1488.0000000000
1261 -1487.0000000000
1277 -1486.0000000000
1279 -1485.0000000000
1281 -1484.0000000000
1285 -1482.0000000000
1287 -1481.0000000000
1288 -1480.0000000000
1302 -1479.0000000000
1306 -1478.0000000000
1319 -1477.0000000000
1321 -1476.0000000000
1325 -1475.0000000000
1328 -1474.0000000000
1329 -1473.0000000000
1336 -1472.0000000000
1339 -1471.0000000000
1342 -1470.0000000000
1347 -1469.0000000000
1349 -1468.0000000000
1350 -1467.0000000000
1355 -1466.0000000000
1359 -1465.0000000000
1360 -1464.0000000000
1362 -1463.0000000000
1366 -1462.0000000000
1373 -1461.0000000000
1377 -1460.0000000000
1388 -1459.0000000000
1391 -1458.0000000000
1396 -1457.0000000000
1407 -1456.0000000000
1427 -1455.0000000000
1430 -1454.0000000000
1433 -1453.0000000000
1436 -1451.0000000000
1442 -1450.0000000000
1450 -1448.0000000000
1452 -1447.0000000000
1455 -1445.0000000000
1460 -1444.0000000000
1466 -1443.0000000000
1472 -1442.0000000000
1480 -1440.0000000000
1483 -1439.0000000000
1484 -1438.0000000000
1494 -1437.0000000000
1502 -1436.0000000000
1512 -1435.0000000000
1513 -1434.0000000000
1516 -1433.0000000000
1518 -1430.0000000000
1528 -1429.0000000000
1529 -1428.0000000000
1530 -1427.0000000000
1534 -1426.0000000000
1536 -1425.0000000000
1537 -1424.0000000000
1542 -1423.0000000000
1544 -1422.0000000000
1547 -1421.0000000000
1548 -1420.0000000000
1560 -1419.0000000000
1561 -1418.0000000000
1566 -1417.0000000000
1569 -1416.0000000000
1572 -1415.0000000000
1578 -1414.0000000000
1592 -1413.0000000000
1598 -1412.0000000000
1608 -1411.0000000000
1609 -1410.0000000000
1611 -1409.0000000000
1618 -1408.0000000000
1621 -1407.0000000000
1625 -1404.0000000000
1633 -1403.0000000000
1643 -1401.0000000000
1651 -1400.0000000000
1657 -1399.0000000000
1669 -1398.0000000000
1670 -1397.0000000000
1671 -1396.0000000000
1679 -1395.0000000000
1681 -1393.0000000000
1682 -1392.0000000000
1688 -1391.0000000000
1690 -1390.0000000000
1697 -1389.0000000000
1700 -1387.0000000000
1710 -1386.0000000000
1744 -1385.0000000000
1747 -1384.0000000000
1750 -1383.0000000000
1754 -1382.0000000000
1758 -1381.0000000000
1759 -1380.0000000000
1762 -1379.0000000000
1765 -1378.0000000000
1766 -1377.0000000000
1771 -1376.0000000000
1772 -1375.0000000000
1780 -1374.0000000000
1795 -1373.0000000000
1798 -1372.0000000000
1803 -1371.0000000000
1806 -1370.0000000000
1808 -1369.0000000000
1809 -1368.0000000000
1842 -1367.0000000000
1862 -1366.0000000000
1864 -1362.0000000000
1870 -1361.0000000000
1876 -1360.0000000000
1892 -1359.0000000000
1900 -1358.0000000000
1904 -1357.0000000000
1905 -1356.0000000000
1908 -1355.0000000000
1912 -1353.0000000000
1915 -1352.0000000000
1918 -1350.0000000000
1930 -1349.0000000000
1931 -1348.0000000000
1956 -1347.0000000000
1962 -1345.0000000000
1965 -1344.0000000000
1978 -1343.0000000000
1982 -1342.0000000000
1984 -1341.0000000000
1986 -1340.0000000000
1993 -1339.0000000000
2003 -1338.0000000000
2006 -1337.0000000000
2012 -1336.0000000000
2013 -1335.0000000000
2014 -1334.0000000000
2017 -1333.0000000000
2020 -1332.0000000000
2022 -1331.0000000000
2024 -1330.0000000000
2027 -1329.0000000000
2029 -1327.0000000000
2048 -1326.0000000000
2060 -1324.0000000000
2061 -1323.0000000000
2068 -1322.0000000000
2080 -1321.0000000000
2081 -1320.0000000000
2085 -1319.0000000000
2087 -1318.0000000000
2088 -1316.0000000000
2096 -1313.0000000000
2099 -1312.0000000000
2105 -1311.0000000000
2115 -1309.0000000000
2119 -1307.0000000000
2126 -1304.0000000000
2135 -1303.0000000000
2141 -1302.0000000000
2146 -1301.0000000000
2148 -1300.0000000000
2150 -1299.0000000000
2154 -1298.0000000000
2157 -1297.0000000000
2163 -1296.0000000000
2181 -1295.0000000000
2187 -1293.0000000000
2193 -1292.0000000000
2196 -1291.0000000000
2197 -1290.0000000000
2199 -1289.0000000000
2223 -1288.0000000000
2224 -1287.0000000000
2236 -1286.0000000000
2242 -1285.0000000000
2244 -1284.0000000000
2258 -1283.0000000000
2264 -1282.0000000000
2270 -1281.0000000000
2273 -1280.0000000000
2277 -1279.0000000000
2283 -1278.0000000000
2284 -1277.0000000000
2299 -1276.0000000000
2308 -1275.0000000000
2309 -1274.0000000000
2315 -1273.0000000000
2323 -1271.0000000000
2329 -1270.0000000000
2332 -1269.0000000000
2339 -1268.0000000000
2345 -1266.0000000000
2351 -1265.0000000000
2356 -1264.0000000000
2358 -1263.0000000000
2359 -1262.0000000000
2361 -1261.0000000000
2362 -1260.0000000000
2378 -1259.0000000000
2379 -1258.0000000000
2390 -1257.0000000000
2391 -1256.0000000000
2393 -1255.0000000000
2410 -1254.0000000000
2415 -1252.0000000000
2417 -1251.0000000000
2419 -1250.0000000000
2421 -1249.0000000000
2422 -1248.0000000000
2424 -1247.0000000000
2425 -1246.0000000000
2428 -1244.0000000000
2434 -1243.0000000000
2442 -1242.0000000000
2446 -1241.0000000000
2454 -1240.0000000000
2461 -1239.0000000000
2462 -1238.0000000000
2464 -1237.0000000000
2467 -1236.0000000000
2474 -1235.0000000000
2475 -1234.0000000000
2478 -1233.0000000000
2487 -1231.0000000000
2506 -1230.0000000000
2514 -1229.0000000000
2527 -1228.0000000000
2528 -1226.0000000000
2530 -1225.0000000000
2535 -1224.0000000000
2550 -1223.0000000000
2562 -1221.0000000000
2577 -1220.0000000000
2583 -1219.0000000000
2586 -1218.0000000000
2595 -1217.0000000000
2596 -1215.0000000000
2598 -1214.0000000000
2610 -1213.0000000000
2612 -1212.0000000000
2614 -1211.0000000000
2617 -1210.0000000000
2627 -1209.0000000000
2637 -1208.0000000000
2640 -1207.0000000000
2641 -1206.0000000000
2651 -1205.0000000000
2657 -1203.0000000000
2658 -1202.0000000000
2668 -1201.0000000000
2669 -1200.0000000000
2680 -1199.0000000000
2684 -1198.0000000000
2698 -1197.0000000000
2699 -1196.0000000000
2705 -1195.0000000000
2708 -1194.0000000000
2715 -1192.0000000000
2716 -1191.0000000000
2724 -1190.0000000000
2743 -1189.0000000000
2749 -1188.0000000000
2757 -1187.0000000000
2767 -1186.0000000000
2769 -1185.0000000000
2779 -1183.0000000000
2780 -1181.0000000000
2785 -1180.0000000000
2786 -1179.0000000000
2788 -1178.0000000000
2797 -1176.0000000000
2801 -1175.0000000000
2821 -1174.0000000000
2832 -1173.0000000000
2836 -1172.0000000000
2843 -1170.0000000000
2844 -1168.0000000000
2856 -1164.0000000000
2859 -1163.0000000000
2864 -1162.0000000000
2888 -1161.0000000000
2903 -1160.0000000000
2909 -1159.0000000000
2916 -1158.0000000000
2922 -1157.0000000000
2924 -1156.0000000000
2933 -1155.0000000000
2934 -1153.0000000000
2949 -1152.0000000000
2951 -1150.0000000000
2953 -1149.0000000000
2954 -1148.0000000000
2975 -1147.0000000000
2981 -1146.0000000000
2985 -1145.0000000000
2987 -1144.0000000000
2996 -1143.0000000000
2997 -1141.0000000000
2998 -1139.0000000000
3001 -1138.0000000000
3003 -1137.0000000000
3006 -1136.0000000000
3007 -1134.0000000000
3012 -1133.0000000000
3017 -1132.0000000000
3018 -1130.0000000000
3020 -1129.0000000000
3029 -1128.0000000000
3032 -1127.0000000000
3033 -1126.0000000000
3035 -1125.0000000000
3038 -1123.0000000000
3065 -1122.0000000000
3069 -1121.0000000000
3072 -1120.0000000000
3074 -1118.0000000000
3088 -1116.0000000000
3091 -1115.0000000000
3093 -1114.0000000000
3097 -1113.0000000000
3100 -1112.0000000000
3102 -1111.0000000000
3103 -1110.0000000000
3116 -1109.0000000000
3128 -1108.0000000000
3133 -1107.0000000000
3135 -1106.0000000000
3143 -1104.0000000000
3145 -1103.0000000000
3153 -1102.0000000000
3156 -1101.0000000000
3157 -1100.0000000000
3164 -1099.0000000000
3173 -1097.0000000000
3175 -1096.0000000000
3179 -1095.0000000000
3191 -1094.0000000000
3198 -1092.0000000000
3202 -1091.0000000000
3207 -1090.0000000000
3208 -1089.0000000000
3219 -1088.0000000000
3222 -1087.0000000000
3227 -1086.0000000000
3236 -1085.0000000000
3255 -1084.0000000000
3266 -1083.0000000000
3268 -1082.0000000000
3269 -1081.0000000000
3274 -1080.0000000000
3285 -1079.0000000000
3294 -1078.0000000000
3300 -1077.0000000000
3301 -1076.0000000000
3305 -1075.0000000000
3314 -1074.0000000000
3320 -1073.0000000000
3323 -1072.0000000000
3329 -1071.0000000000
3333 -1070.0000000000
3338 -1069.0000000000
3352 -1068.0000000000
3355 -1066.0000000000
3357 -1064.0000000000
3379 -1063.0000000000
3395 -1062.0000000000
3400 -1061.0000000000
3406 -1060.0000000000
3419 -1059.0000000000
3424 -1058.0000000000
3435 -1057.0000000000
3440 -1056.0000000000
3455 -1055.0000000000
3459 -1054.0000000000
3474 -1053.0000000000
3475 -1052.0000000000
3480 -1051.0000000000
3489 -1050.0000000000
3494 -1049.0000000000
3500 -1047.0000000000
3503 -1046.0000000000
3510 -1045.0000000000
3516 -1044.0000000000
3520 -1042.0000000000
3526 -1041.0000000000
3527 -1040.0000000000
3543 -1038.0000000000
3563 -1037.0000000000
3571 -1036.0000000000
3607 -1035.0000000000
3614 -1034.0000000000
3632 -1033.0000000000
3635 -1030.0000000000
3640 -1028.0000000000
3641 -1027.0000000000
3642 -1025.0000000000
3646 -1024.0000000000
3660 -1023.0000000000
3680 -1022.0000000000
3694 -1021.0000000000
3698 -1020.0000000000
3702 -1019.0000000000
3706 -1018.0000000000
3713 -1017.0000000000
3727 -1016.0000000000
3767 -1015.0000000000
3782 -1014.0000000000
3818 -1013.0000000000
3822 -1012.0000000000
3848 -1011.0000000000
3851 -1010.0000000000
3854 -1009.0000000000
3862 -1008.0000000000
3866 -1007.0000000000
3871 -1006.0000000000
3875 -1005.0000000000
3879 -1004.0000000000
3881 -1003.0000000000
3882 -1002.0000000000
3889 -1001.0000000000
3911 -1000.0000000000
3912 -999.0000000000
3922 -998.0000000000
3923 -997.0000000000
3931 -995.0000000000
3943 -994.0000000000
3946 -992.0000000000
3957 -991.0000000000
3962 -990.0000000000
3964 -989.0000000000
3967 -988.0000000000
3968 -987.0000000000
3971 -986.0000000000
3983 -985.0000000000
3984 -984.0000000000
3986 -983.0000000000
3988 -982.0000000000
4001 -981.0000000000
4075 -980.0000000000
4079 -979.0000000000
4081 -978.0000000000
4085 -977.0000000000
4094 -976.0000000000
4095 -975.0000000000
4101 -974.0000000000
4127 -973.0000000000
4137 -972.0000000000
4144 -971.0000000000
4146 -970.0000000000
4178 -969.0000000000
4184 -968.0000000000
4190 -966.0000000000
4208 -965.0000000000
4209 -963.0000000000
4211 -962.0000000000
4221 -961.0000000000
4234 -960.0000000000
4248 -959.0000000000
4253 -958.0000000000
4257 -957.0000000000
4263 -956.0000000000
4267 -955.0000000000
4283 -954.0000000000
4299 -953.0000000000
4303 -952.0000000000
4320 -951.0000000000
4321 -950.0000000000
4326 -949.0000000000
4341 -947.0000000000
4346 -946.0000000000
4347 -944.0000000000
4357 -943.0000000000
4362 -942.0000000000
4367 -940.0000000000
4379 -939.0000000000
4387 -938.0000000000
4395 -937.0000000000
4397 -936.0000000000
4415 -935.0000000000
4425 -934.0000000000
4429 -933.0000000000
4434 -932.0000000000
4442 -931.0000000000
4445 -929.0000000000
4449 -928.0000000000
4471 -927.0000000000
4482 -926.0000000000
4494 -925.0000000000
4500 -924.0000000000
4505 -923.0000000000
4506 -922.0000000000
4513 -921.0000000000
4519 -920.0000000000
4530 -919.0000000000
4532 -918.0000000000
4534 -917.0000000000
4536 -916.0000000000
4537 -915.0000000000
4545 -914.0000000000
4553 -913.0000000000
4554 -912.0000000000
4555 -910.0000000000
4578 -909.0000000000
4589 -908.0000000000
4591 -907.0000000000
4599 -906.0000000000
4608 -903.0000000000
4638 -902.0000000000
4650 -901.0000000000
4661 -899.0000000000
4680 -898.0000000000
4688 -897.0000000000
4705 -896.0000000000
4718 -894.0000000000
4723 -893.0000000000
4734 -892.0000000000
4743 -891.0000000000
4744 -890.0000000000
4757 -888.0000000000
4766 -887.0000000000
4768 -886.0000000000
4777 -885.0000000000
4783 -884.0000000000
4790 -883.0000000000
4797 -882.0000000000
4803 -881.0000000000
4817 -880.0000000000
4820 -879.0000000000
4822 -878.0000000000
4827 -877.0000000000
4839 -875.0000000000
4847 -874.0000000000
4848 -873.0000000000
4859 -872.0000000000
4861 -871.0000000000
4867 -870.0000000000
4877 -869.0000000000
4885 -868.0000000000
4889 -867.0000000000
4890 -866.0000000000
4892 -865.0000000000
4896 -864.0000000000
4901 -863.0000000000
4903 -862.0000000000
4946 -861.0000000000
4947 -860.0000000000
4951 -859.0000000000
4952 -858.0000000000
4955 -856.0000000000
4968 -855.0000000000
4972 -854.0000000000
4977 -853.0000000000
4980 -852.0000000000
4981 -851.0000000000
4985 -850.0000000000
5005 -849.0000000000
5011 -848.0000000000
5033 -847.0000000000
5048 -846.0000000000
5060 -845.0000000000
5068 -844.0000000000
5080 -843.0000000000
5114 -842.0000000000
5115 -841.0000000000
5122 -840.0000000000
5125 -838.0000000000
5130 -837.0000000000
5159 -835.0000000000
5169 -834.0000000000
5172 -833.0000000000
5182 -831.0000000000
5193 -830.0000000000
5211 -829.0000000000
5218 -828.0000000000
5225 -826.0000000000
5237 -825.0000000000
5248 -824.0000000000
5252 -823.0000000000
5258 -822.0000000000
5263 -821.0000000000
5269 -820.0000000000
5295 -819.0000000000
5297 -817.0000000000
5302 -816.0000000000
5305 -815.0000000000
5308 -814.0000000000
5328 -813.0000000000
5339 -812.0000000000
5349 -811.0000000000
5350 -810.0000000000
5356 -809.0000000000
5357 -808.0000000000
5382 -807.0000000000
5389 -806.0000000000
5401 -805.0000000000
5405 -804.0000000000
5407 -803.0000000000
5419 -802.0000000000
5435 -801.0000000000
5438 -800.0000000000
5453 -798.0000000000
5457 -797.0000000000
5483 -795.0000000000
5495 -794.0000000000
5506 -793.0000000000
5515 -792.0000000000
5521 -791.0000000000
5537 -790.0000000000
5574 -789.0000000000
5592 -787.0000000000
5598 -786.0000000000
5606 -785.0000000000
5625 -784.0000000000
5665 -783.0000000000
5689 -782.0000000000
5696 -781.0000000000
5700 -780.0000000000
5703 -779.0000000000
5706 -778.0000000000
5707 -776.0000000000
5708 -775.0000000000
5710 -774.0000000000
5714 -773.0000000000
5723 -772.0000000000
5724 -771.0000000000
5729 -770.0000000000
5742 -769.0000000000
5747 -768.0000000000
5749 -767.0000000000
5768 -766.0000000000
5821 -764.0000000000
5831 -763.0000000000
5834 -762.0000000000
5837 -761.0000000000
5845 -760.0000000000
5860 -759.0000000000
5867 -758.0000000000
5883 -756.0000000000
5889 -755.0000000000
5909 -754.0000000000
5912 -753.0000000000
5939 -751.0000000000
5954 -750.0000000000
5955 -749.0000000000
5992 -748.0000000000
5998 -746.0000000000
6000 -745.0000000000
6002 -744.0000000000
6005 -742.0000000000
6013 -741.0000000000
6015 -740.0000000000
6031 -738.0000000000
6033 -737.0000000000
6064 -736.0000000000
6105 -735.0000000000
6106 -734.0000000000
6113 -733.0000000000
6118 -732.0000000000
6127 -731.0000000000
6129 -730.0000000000
6135 -729.0000000000
6141 -728.0000000000
6144 -727.0000000000
6155 -726.0000000000
6170 -725.0000000000
6172 -724.0000000000
6176 -723.0000000000
6207 -722.0000000000
6225 -721.0000000000
6229 -720.0000000000
6232 -718.0000000000
6235 -717.0000000000
6251 -716.0000000000
6274 -715.0000000000
6323 -714.0000000000
6326 -713.0000000000
6335 -712.0000000000
6346 -711.0000000000
6371 -710.0000000000
6381 -709.0000000000
6406 -708.0000000000
6437 -707.0000000000
6446 -706.0000000000
6515 -705.0000000000
6551 -704.0000000000
6560 -703.0000000000
6565 -702.0000000000
6566 -701.0000000000
6588 -700.0000000000
6597 -699.0000000000
6600 -698.0000000000
6601 -697.0000000000
6603 -696.0000000000
6606 -695.0000000000
6626 -694.0000000000
6627 -693.0000000000
6659 -692.0000000000
6661 -691.0000000000
6662 -690.0000000000
6678 -689.0000000000
6694 -688.0000000000
6698 -687.0000000000
6700 -686.0000000000
6732 -685.0000000000
6793 -684.0000000000
6810 -683.0000000000
6818 -682.0000000000
6822 -681.0000000000
6862 -680.0000000000
6901 -679.0000000000
6904 -678.0000000000
6912 -677.0000000000
6913 -676.0000000000
6916 -675.0000000000
6925 -674.0000000000
6934 -673.0000000000
6948 -672.0000000000
6964 -671.0000000000
6965 -670.0000000000
6975 -669.0000000000
6988 -668.0000000000
7016 -667.0000000000
7034 -666.0000000000
7045 -665.0000000000
7070 -664.0000000000
7085 -663.0000000000
7107 -662.0000000000
7117 -661.0000000000
7134 -660.0000000000
7138 -659.0000000000
7139 -658.0000000000
7140 -657.0000000000
7152 -656.0000000000
7159 -655.0000000000
7175 -653.0000000000
7183 -652.0000000000
7185 -651.0000000000
7187 -649.0000000000
7189 -648.0000000000
7193 -647.0000000000
7194 -646.0000000000
7198 -645.0000000000
7200 -644.0000000000
7257 -643.0000000000
7316 -641.0000000000
7323 -640.0000000000
7356 -639.0000000000
7357 -638.0000000000
7367 -636.0000000000
7378 -635.0000000000
7394 -634.0000000000
7411 -633.0000000000
7424 -632.0000000000
7430 -631.0000000000
7456 -630.0000000000
7479 -629.0000000000
7482 -628.0000000000
7489 -627.0000000000
7492 -626.0000000000
7539 -625.0000000000
7543 -624.0000000000
7554 -623.0000000000
7564 -622.0000000000
7580 -621.0000000000
7589 -620.0000000000
7592 -619.0000000000
7603 -618.0000000000
7612 -617.0000000000
7622 -616.0000000000
7627 -615.0000000000
7630 -613.0000000000
7638 -612.0000000000
7646 -611.0000000000
7648 -610.0000000000
7657 -609.0000000000
7661 -608.0000000000
7684 -607.0000000000
7691 -605.0000000000
7704 -604.0000000000
7727 -603.0000000000
7747 -602.0000000000
7762 -601.0000000000
7765 -600.0000000000
7766 -599.0000000000
7780 -596.0000000000
7798 -595.0000000000
7812 -594.0000000000
7814 -593.0000000000
7821 -592.0000000000
7822 -591.0000000000
7859 -590.0000000000
7872 -589.0000000000
7879 -588.0000000000
7880 -587.0000000000
7881 -585.0000000000
7883 -584.0000000000
7887 -583.0000000000
7899 -582.0000000000
7923 -581.0000000000
7926 -580.0000000000
7938 -579.0000000000
7960 -578.0000000000
7966 -577.0000000000
8019 -576.0000000000
8034 -575.0000000000
8040 -574.0000000000
8056 -573.0000000000
8060 -572.0000000000
8064 -571.0000000000
8070 -570.0000000000
8093 -569.0000000000
8129 -568.0000000000
8154 -567.0000000000
8159 -566.0000000000
8172 -565.0000000000
8183 -564.0000000000
8188 -563.0000000000
8228 -562.0000000000
8231 -561.0000000000
8237 -560.0000000000
8245 -559.0000000000
8254 -558.0000000000
8269 -557.0000000000
8278 -556.0000000000
8286 -555.0000000000
8309 -553.0000000000
8314 -552.0000000000
8329 -551.0000000000
8331 -550.0000000000
8335 -549.0000000000
8353 -548.0000000000
8356 -547.0000000000
8360 -546.0000000000
8372 -545.0000000000
8374 -544.0000000000
8381 -543.0000000000
8397 -542.0000000000
8398 -541.0000000000
8404 -540.0000000000
8412 -539.0000000000
8417 -538.0000000000
8427 -537.0000000000
8442 -536.0000000000
8454 -534.0000000000
8470 -533.0000000000
8479 -532.0000000000
8484 -531.0000000000
8509 -529.0000000000
8529 -528.0000000000
8541 -527.0000000000
8542 -526.0000000000
8580 -525.0000000000
8585 -524.0000000000
8630 -523.0000000000
8658 -522.0000000000
8667 -521.0000000000
8673 -520.0000000000
8675 -519.0000000000
8677 -518.0000000000
8695 -517.0000000000
8702 -516.0000000000
8711 -515.0000000000
8712 -514.0000000000
8725 -513.0000000000
8733 -511.0000000000
8771 -510.0000000000
8784 -509.0000000000
8789 -508.0000000000
8809 -507.0000000000
8810 -506.0000000000
8812 -505.0000000000
8831 -504.0000000000
8842 -502.0000000000
8869 -500.0000000000
8893 -499.0000000000
8900 -498.0000000000
8981 -497.0000000000
9035 -496.0000000000
9048 -495.0000000000
9071 -494.0000000000
9107 -491.0000000000
9111 -490.0000000000
9115 -489.0000000000
9117 -488.0000000000
9129 -487.0000000000
9136 -486.0000000000
9145 -485.0000000000
9152 -483.0000000000
9171 -482.0000000000
9192 -481.0000000000
9242 -480.0000000000
9256 -479.0000000000
9285 -478.0000000000
9286 -477.0000000000
9362 -476.0000000000
9363 -475.0000000000
9366 -474.0000000000
9389 -472.0000000000
9415 -471.0000000000
9446 -470.0000000000
9447 -469.0000000000
9473 -468.0000000000
9479 -467.0000000000
9493 -466.0000000000
9534 -465.0000000000
9564 -464.0000000000
9618 -463.0000000000
9645 -462.0000000000
9659 -461.0000000000
9699 -460.0000000000
9701 -458.0000000000
9716 -457.0000000000
9725 -456.0000000000
9741 -455.0000000000
9752 -454.0000000000
9777 -453.0000000000
9782 -452.0000000000
9811 -451.0000000000
9841 -450.0000000000
9843 -449.0000000000
9846 -448.0000000000
9865 -447.0000000000
9871 -446.0000000000
9879 -445.0000000000
9884 -444.0000000000
9892 -443.0000000000
9893 -442.0000000000
9894 -441.0000000000
9895 -440.0000000000
9987 -439.0000000000
10000 -439.0000000000
evaluations raw_y
1 -1925.0000000000
6 -1924.0000000000
7 -1923.0000000000
11 -1922.0000000000
15 -1921.0000000000
22 -1920.0000000000
26 -1919.0000000000
29 -1918.0000000000
35 -1917.0000000000
36 -1916.0000000000
50 -1915.0000000000
51 -1914.0000000000
54 -1913.0000000000
55 -1911.0000000000
56 -1910.0000000000
59 -1909.0000000000
61 -1908.0000000000
62 -1907.0000000000
63 -1906.0000000000
64 -1904.0000000000
67 -1903.0000000000
69 -1901.0000000000
70 -1900.0000000000
71 -1898.0000000000
72 -1896.0000000000
74 -1895.0000000000
79 -1894.0000000000
95 -1892.0000000000
96 -1890.0000000000
109 -1887.0000000000
114 -1885.0000000000
115 -1884.0000000000
118 -1882.0000000000
119 -1880.0000000000
124 -1878.0000000000
128 -1877.0000000000
140 -1876.0000000000
141 -1875.0000000000
144 -1874.0000000000
145 -1873.0000000000
152 -1872.0000000000
158 -1871.0000000000
161 -1870.0000000000
163 -1869.0000000000
165 -1868.0000000000
171 -1867.0000000000
173 -1866.0000000000
179 -1865.0000000000
182 -1863.0000000000
183 -1862.0000000000
184 -1860.0000000000
187 -1858.0000000000
192 -1857.0000000000
194 -1856.0000000000
199 -1855.0000000000
200 -1853.0000000000
201 -1852.0000000000
203 -1851.0000000000
209 -1849.0000000000
210 -1848.0000000000
211 -1847.0000000000
217 -1846.0000000000
225 -1845.0000000000
238 -1843.0000000000
240 -1841.0000000000
244 -1840.0000000000
246 -1839.0000000000
249 -1838.0000000000
250 -1837.0000000000
254 -1835.0000000000
265 -1834.0000000000
267 -1832.0000000000
272 -1831.0000000000
273 -1830.0000000000
274 -1829.0000000000
278 -1828.0000000000
279 -1827.0000000000
283 -1826.0000000000
290 -1824.0000000000
298 -1823.0000000000
299 -1822.0000000000
302 -1821.0000000000
311 -1820.0000000000
312 -1819.0000000000
313 -1818.0000000000
314 -1817.0000000000
315 -1815.0000000000
326 -1814.0000000000
329 -1813.0000000000
330 -1811.0000000000
334 -1810.0000000000
335 -1809.0000000000
337 -1808.0000000000
338 -1807.0000000000
339 -1804.0000000000
340 -1803.0000000000
342 -1802.0000000000
346 -1800.0000000000
352 -1799.0000000000
360 -1798.0000000000
363 -1797.0000000000
366 -1796.0000000000
368 -1795.0000000000
372 -1794.0000000000
378 -1793.0000000000
388 -1792.0000000000
399 -1791.0000000000
402 -1790.0000000000
405 -1789.0000000000
409 -1788.0000000000
416 -1787.0000000000
420 -1786.0000000000
422 -1785.0000000000
423 -1784.0000000000
424 -1783.0000000000
426 -1782.0000000000
427 -1780.0000000000
431 -1778.0000000000
445 -1776.0000000000
447 -1774.0000000000
450 -1773.0000000000
451 -1772.0000000000
453 -1771.0000000000
458 -1769.0000000000
460 -1768.0000000000
461 -1767.0000000000
466 -1766.0000000000
467 -1765.0000000000
469 -1764.0000000000
471 -1763.0000000000
472 -1762.0000000000
477 -1761.0000000000
478 -1759.0000000000
480 -1758.0000000000
488 -1757.0000000000
490 -1756.0000000000
499 -1755.0000000000
503 -1754.0000000000
505 -1753.0000000000
506 -1752.0000000000
512 -1751.0000000000
537 -1750.0000000000
554 -1748.0000000000
560 -1747.0000000000
561 -1746.0000000000
572 -1744.0000000000
574 -1743.0000000000
578 -1741.0000000000
592 -1740.0000000000
594 -1739.0000000000
597 -1738.0000000000
603 -1736.0000000000
605 -1735.0000000000
625 -1733.0000000000
626 -1732.0000000000
630 -1731.0000000000
632 -1730.0000000000
634 -1729.0000000000
635 -1728.0000000000
637 -1726.0000000000
641 -1725.0000000000
642 -1724.0000000000
644 -1723.0000000000
647 -1722.0000000000
652 -1720.0000000000
653 -1718.0000000000
658 -1717.0000000000
663 -1716.0000000000
665 -1715.0000000000
671 -1714.0000000000
680 -1713.0000000000
683 -1711.0000000000
688 -1710.0000000000
689 -1709.0000000000
690 -1708.0000000000
693 -1707.0000000000
695 -1706.0000000000
696 -1705.0000000000
701 -1703.0000000000
702 -1702.0000000000
703 -1700.0000000000
706 -1699.0000000000
707 -1698.0000000000
712 -1697.0000000000
713 -1696.0000000000
716 -1695.0000000000
717 -1694.0000000000
726 -1692.0000000000
732 -1691.0000000000
737 -1690.0000000000
741 -1689.0000000000
744 -1688.0000000000
748 -1687.0000000000
752 -1686.0000000000
757 -1685.0000000000
767 -1684.0000000000
771 -1682.0000000000
773 -1680.0000000000
774 -1678.0000000000
779 -1677.0000000000
783 -1676.0000000000
792 -1674.0000000000
794 -1673.0000000000
796 -1672.0000000000
803 -1671.0000000000
812 -1670.0000000000
816 -1669.0000000000
817 -1668.0000000000
819 -1666.0000000000
820 -1665.0000000000
825 -1664.0000000000
833 -1663.0000000000
838 -1662.0000000000
843 -1661.0000000000
852 -1660.0000000000
855 -1659.0000000000
858 -1658.0000000000
861 -1657.0000000000
866 -1655.0000000000
868 -1654.0000000000
877 -1653.0000000000
879 -1652.0000000000
881 -1650.0000000000
887 -1649.0000000000
890 -1648.0000000000
898 -1646.0000000000
902 -1644.0000000000
904 -1643.0000000000
909 -1642.0000000000
915 -1641.0000000000
916 -1639.0000000000
918 -1638.0000000000
920 -1637.0000000000
930 -1636.0000000000
931 -1635.0000000000
946 -1634.0000000000
948 -1633.0000000000
963 -1632.0000000000
967 -1631.0000000000
975 -1630.0000000000
979 -1629.0000000000
982 -1628.0000000000
990 -1627.0000000000
992 -1626.0000000000
993 -1625.0000000000
995 -1624.0000000000
1003 -1623.0000000000
1011 -1621.0000000000
1014 -1620.0000000000
1019 -1619.0000000000
1025 -1618.0000000000
1030 -1617.0000000000
1036 -1615.0000000000
1039 -1614.0000000000
1048 -1613.0000000000
1049 -1611.0000000000
1058 -1610.0000000000
1065 -1609.0000000000
1071 -1608.0000000000
1072 -1607.0000000000
1074 -1606.0000000000
1088 -1605.0000000000
1094 -1604.0000000000
1097 -1603.0000000000
1099 -1602.0000000000
1100 -1601.0000000000
1105 -1600.0000000000
1112 -1599.0000000000
1115 -1597.0000000000
1124 -1596.0000000000
1128 -1595.0000000000
1134 -1594.0000000000
1141 -1593.0000000000
1144 -1592.0000000000
1149 -1591.0000000000
1152 -1590.0000000000
1155 -1587.0000000000
1156 -1586.0000000000
1160 -1585.0000000000
1161 -1584.0000000000
1162 -1583.0000000000
1168 -1582.0000000000
1171 -1581.0000000000
1172 -1580.0000000000
1174 -1579.0000000000
1175 -1578.0000000000
1179 -1577.0000000000
1180 -1576.0000000000
1183 -1575.0000000000
1194 -1574.0000000000
1196 -1573.0000000000
1211 -1572.0000000000
1213 -1571.0000000000
1214 -1570.0000000000
1217 -1569.0000000000
1221 -1568.0000000000
1230 -1567.0000000000
1231 -1566.0000000000
1232 -1565.0000000000
1233 -1564.0000000000
1245 -1563.0000000000
1246 -1562.0000000000
1251 -1561.0000000000
1254 -1560.0000000000
1255 -1559.0000000000
1258 -1558.0000000000
1259 -1557.0000000000
1261 -1556.0000000000
1264 -1555.0000000000
1270 -1554.0000000000
1271 -1553.0000000000
1283 -1552.0000000000
1289 -1550.0000000000
1300 -1549.0000000000
1309 -1548.0000000000
1311 -1547.0000000000
1316 -1546.0000000000
1321 -1544.0000000000
1323 -1543.0000000000
1325 -1542.0000000000
1333 -1541.0000000000
1338 -1540.0000000000
1340 -1539.0000000000
1343 -1538.0000000000
1344 -1536.0000000000
1351 -1535.0000000000
1356 -1534.0000000000
1360 -1533.0000000000
1367 -1532.0000000000
1372 -1531.0000000000
1383 -1530.0000000000
1385 -1529.0000000000
1386 -1528.0000000000
1389 -1527.0000000000
1393 -1526.0000000000
1402 -1525.0000000000
1404 -1523.0000000000
1406 -1522.0000000000
1407 -1520.0000000000
1415 -1519.0000000000
1417 -1518.0000000000
1420 -1517.0000000000
1429 -1514.0000000000
1433 -1513.0000000000
1435 -1512.0000000000
1438 -1510.0000000000
1445 -1508.0000000000
1448 -1507.0000000000
1451 -1506.0000000000
1452 -1505.0000000000
1453 -1504.0000000000
1456 -1503.0000000000
1457 -1500.0000000000
1463 -1499.0000000000
1465 -1498.0000000000
1471 -1497.0000000000
1473 -1496.0000000000
1482 -1494.0000000000
1492 -1493.0000000000
1493 -1492.0000000000
1494 -1491.0000000000
1503 -1490.0000000000
1506 -1489.0000000000
1511 -1488.0000000000
1512 -1487.0000000000
1517 -1486.0000000000
1519 -1485.0000000000
1522 -1484.0000000000
1525 -1483.0000000000
1527 -1481.0000000000
1528 -1480.0000000000
1533 -1479.0000000000
1538 -1478.0000000000
1540 -1477.0000000000
1542 -1476.0000000000
1546 -1475.0000000000
1553 -1474.0000000000
1554 -1473.0000000000
1561 -1471.0000000000
1562 -1470.0000000000
1571 -1469.0000000000
1573 -1468.0000000000
1579 -1466.0000000000
1582 -1465.0000000000
1586 -1464.0000000000
1605 -1463.0000000000
1612 -1462.0000000000
1615 -1461.0000000000
1617 -1460.0000000000
1623 -1459.0000000000
1632 -1457.0000000000
1633 -1456.0000000000
1634 -1455.0000000000
1642 -1454.0000000000
1645 -1452.0000000000
1649 -1451.0000000000
1661 -1450.0000000000
1663 -1448.0000000000
1665 -1447.0000000000
1667 -1446.0000000000
1671 -1445.0000000000
1673 -1444.0000000000
1685 -1443.0000000000
1687 -1441.0000000000
1693 -1440.0000000000
1702 -1438.0000000000
1703 -1437.0000000000
1711 -1435.0000000000
1714 -1433.0000000000
1716 -1432.0000000000
1719 -1430.0000000000
1726 -1427.0000000000
1729 -1426.0000000000
1738 -1425.0000000000
1741 -1424.0000000000
1746 -1423.0000000000
1753 -1422.0000000000
1754 -1421.0000000000
1758 -1419.0000000000
1766 -1417.0000000000
1768 -1416.0000000000
1773 -1413.0000000000
1794 -1411.0000000000
1797 -1409.0000000000
1799 -1408.0000000000
1805 -1407.0000000000
1812 -1406.0000000000
1829 -1405.0000000000
1842 -1404.0000000000
1843 -1402.0000000000
1848 -1401.0000000000
1854 -1400.0000000000
1863 -1399.0000000000
1870 -1398.0000000000
1877 -1397.0000000000
1883 -1396.0000000000
1896 -1395.0000000000
1901 -1394.0000000000
1905 -1393.0000000000
1918 -1391.0000000000
1934 -1390.0000000000
1939 -1388.0000000000
1941 -1387.0000000000
1949 -1386.0000000000
1963 -1385.0000000000
1964 -1384.0000000000
1969 -1383.0000000000
1981 -1382.0000000000
1987 -1381.0000000000
1995 -1380.0000000000
2001 -1379.0000000000
2002 -1378.0000000000
2005 -1376.0000000000
2008 -1374.0000000000
2021 -1373.0000000000
2022 -1372.0000000000
2023 -1371.0000000000
2049 -1370.0000000000
2050 -1369.0000000000
2052 -1367.0000000000
2053 -1366.0000000000
2060 -1364.0000000000
2079 -1363.0000000000
2090 -1362.0000000000
2095 -1361.0000000000
2097 -1360.0000000000
2114 -1358.0000000000
2115 -1357.0000000000
2116 -1356.0000000000
2123 -1355.0000000000
2126 -1354.0000000000
2140 -1353.0000000000
2160 -1349.0000000000
2164 -1347.0000000000
2166 -1346.0000000000
2167 -1345.0000000000
2168 -1344.0000000000
2173 -1343.0000000000
2176 -1342.0000000000
2178 -1341.0000000000
2203 -1340.0000000000
2221 -1339.0000000000
2224 -1338.0000000000
2231 -1337.0000000000
2242 -1336.0000000000
2243 -1335.0000000000
2249 -1334.0000000000
2256 -1333.0000000000
2263 -1331.0000000000
2264 -1329.0000000000
2266 -1328.0000000000
2272 -1327.0000000000
2274 -1326.0000000000
2287 -1325.0000000000
2292 -1324.0000000000
2295 -1323.0000000000
2307 -1320.0000000000
2312 -1319.0000000000
2317 -1318.0000000000
2319 -1317.0000000000
2320 -1316.0000000000
2326 -1314.0000000000
2328 -1313.0000000000
2343 -1311.0000000000
2345 -1309.0000000000
2348 -1308.0000000000
2352 -1307.0000000000
2357 -1306.0000000000
2375 -1303.0000000000
2376 -1302.0000000000
2380 -1301.0000000000
2382 -1300.0000000000
2384 -1299.0000000000
2388 -1298.0000000000
2404 -1297.0000000000
2407 -1296.0000000000
2410 -1295.0000000000
2419 -1294.0000000000
2433 -1293.0000000000
2434 -1292.0000000000
2435 -1290.0000000000
2444 -1289.0000000000
2454 -1288.0000000000
2456 -1287.0000000000
2474 -1286.0000000000
2481 -1285.0000000000
2482 -1284.0000000000
2483 -1283.0000000000
2486 -1282.0000000000
2492 -1281.0000000000
2493 -1280.0000000000
2503 -1279.0000000000
2509 -1276.0000000000
2514 -1275.0000000000
2515 -1274.0000000000
2516 -1273.0000000000
2520 -1272.0000000000
2526 -1271.0000000000
2533 -1269.0000000000
2536 -1268.0000000000
2540 -1267.0000000000
2541 -1266.0000000000
2545 -1265.0000000000
2546 -1264.0000000000
2547 -1263.0000000000
2549 -1261.0000000000
2555 -1260.0000000000
2556 -1259.0000000000
2557 -1257.0000000000
2567 -1256.0000000000
2573 -1255.0000000000
2584 -1253.0000000000
2597 -1252.0000000000
2605 -1251.0000000000
2614 -1250.0000000000
2618 -1249.0000000000
2643 -1248.0000000000
2644 -1246.0000000000
2646 -1245.0000000000
2665 -1244.0000000000
2675 -1243.0000000000
2678 -1242.0000000000
2686 -1241.0000000000
2690 -1240.0000000000
2700 -1239.0000000000
2701 -1237.0000000000
2709 -1236.0000000000
2713 -1235.0000000000
2717 -1234.0000000000
2728 -1233.0000000000
2730 -1232.0000000000
2740 -1230.0000000000
2743 -1229.0000000000
2753 -1228.0000000000
2760 -1226.0000000000
2761 -1225.0000000000
2775 -1224.0000000000
2777 -1223.0000000000
2783 -1221.0000000000
2793 -1220.0000000000
2801 -1219.0000000000
2817 -1218.0000000000
2819 -1217.0000000000
2830 -1215.0000000000
2845 -1214.0000000000
2849 -1213.0000000000
2855 -1212.0000000000
2857 -1211.0000000000
2862 -1210.0000000000
2868 -1209.0000000000
2876 -1208.0000000000
2894 -1207.0000000000
2902 -1206.0000000000
2910 -1205.0000000000
2911 -1204.0000000000
2922 -1203.0000000000
2936 -1202.0000000000
2970 -1200.0000000000
2975 -1199.0000000000
2994 -1197.0000000000
3000 -1196.0000000000
3004 -1195.0000000000
3008 -1194.0000000000
3011 -1193.0000000000
3016 -1191.0000000000
3025 -1190.0000000000
3028 -1188.0000000000
3031 -1187.0000000000
3034 -1186.0000000000
3042 -1185.0000000000
3056 -1184.0000000000
3057 -1183.0000000000
3062 -1182.0000000000
3077 -1181.0000000000
3093 -1180.0000000000
3112 -1178.0000000000
3121 -1177.0000000000
3123 -1176.0000000000
3124 -1175.0000000000
3144 -1174.0000000000
3153 -1173.0000000000
3182 -1171.0000000000
3184 -1169.0000000000
3195 -1168.0000000000
3204 -1167.0000000000
3205 -1166.0000000000
3206 -1165.0000000000
3212 -1164.0000000000
3226 -1163.0000000000
3231 -1162.0000000000
3240 -1161.0000000000
3245 -1160.0000000000
3247 -1159.0000000000
3248 -1158.0000000000
3249 -1157.0000000000
3261 -1156.0000000000
3263 -1155.0000000000
3269 -1154.0000000000
3283 -1153.0000000000
3313 -1152.0000000000
3329 -1151.0000000000
3335 -1150.0000000000
3336 -1149.0000000000
3343 -1148.0000000000
3346 -1147.0000000000
3361 -1146.0000000000
3370 -1145.0000000000
3380 -1142.0000000000
3391 -1141.0000000000
3393 -1139.0000000000
3396 -1138.0000000000
3400 -1137.0000000000
3405 -1136.0000000000
3414 -1135.0000000000
3415 -1134.0000000000
3423 -1133.0000000000
3425 -1132.0000000000
3429 -1131.0000000000
3445 -1130.0000000000
3453 -1129.0000000000
3460 -1128.0000000000
3469 -1127.0000000000
3470 -1126.0000000000
3482 -1125.0000000000
3483 -1124.0000000000
3487 -1123.0000000000
3490 -1122.0000000000
3506 -1121.0000000000
3515 -1120.0000000000
3516 -1119.0000000000
3521 -1118.0000000000
3529 -1117.0000000000
3537 -1114.0000000000
3548 -1113.0000000000
3557 -1112.0000000000
3560 -1111.0000000000
3565 -1109.0000000000
3567 -1108.0000000000
3571 -1107.0000000000
3573 -1106.0000000000
3600 -1105.0000000000
3602 -1104.0000000000
3611 -1102.0000000000
3618 -1101.0000000000
3625 -1100.0000000000
3626 -1099.0000000000
3627 -1098.0000000000
3631 -1096.0000000000
3638 -1095.0000000000
3646 -1094.0000000000
3653 -1093.0000000000
3657 -1092.0000000000
3665 -1090.0000000000
3691 -1088.0000000000
3697 -1087.0000000000
3722 -1085.0000000000
3726 -1084.0000000000
3728 -1083.0000000000
3735 -1082.0000000000
3739 -1081.0000000000
3749 -1080.0000000000
3760 -1079.0000000000
3780 -1078.0000000000
3789 -1077.0000000000
3800 -1076.0000000000
3807 -1075.0000000000
3810 -1074.0000000000
3813 -1073.0000000000
3817 -1072.0000000000
3819 -1071.0000000000
3823 -1069.0000000000
3829 -1068.0000000000
3839 -1067.0000000000
3840 -1066.0000000000
3846 -1065.0000000000
3854 -1064.0000000000
3855 -1063.0000000000
3856 -1062.0000000000
3858 -1061.0000000000
3865 -1060.0000000000
3885 -1059.0000000000
3890 -1058.0000000000
3893 -1057.0000000000
3901 -1056.0000000000
3904 -1055.0000000000
3912 -1054.0000000000
3916 -1053.0000000000
3919 -1052.0000000000
3924 -1051.0000000000
3928 -1050.0000000000
3936 -1049.0000000000
3942 -1048.0000000000
3952 -1046.0000000000
3955 -1045.0000000000
3957 -1044.0000000000
3959 -1043.0000000000
3961 -1042.0000000000
3985 -1041.0000000000
3992 -1040.0000000000
3999 -1039.0000000000
4004 -1038.0000000000
4010 -1037.0000000000
4012 -1036.0000000000
4020 -1035.0000000000
4023 -1034.0000000000
4025 -1033.0000000000
4028 -1032.0000000000
4032 -1031.0000000000
4044 -1030.0000000000
4052 -1029.0000000000
4056 -1028.0000000000
4058 -1027.0000000000
4070 -1026.0000000000
4073 -1025.0000000000
4075 -1024.0000000000
4076 -1023.0000000000
4079 -1022.0000000000
4087 -1021.0000000000
4098 -1020.0000000000
4101 -1019.0000000000
4106 -1018.0000000000
4111 -1017.0000000000
4115 -1016.0000000000
4118 -1015.0000000000
4119 -1014.0000000000
4131 -1013.0000000000
4151 -1012.0000000000
4158 -1011.0000000000
4159 -1010.0000000000
4163 -1007.0000000000
4170 -1006.0000000000
4176 -1004.0000000000
4179 -1003.0000000000
4180 -1002.0000000000
4184 -1000.0000000000
4209 -999.0000000000
4221 -998.0000000000
4231 -996.0000000000
4267 -995.0000000000
4280 -994.0000000000
4284 -993.0000000000
4290 -992.0000000000
4293 -991.0000000000
4295 -990.0000000000
4306 -989.0000000000
4307 -988.0000000000
4310 -987.0000000000
4313 -986.0000000000
4321 -984.0000000000
4322 -982.0000000000
4365 -981.0000000000
4368 -980.0000000000
4375 -979.0000000000
4380 -978.0000000000
4381 -977.0000000000
4407 -976.0000000000
4423 -974.0000000000
4430 -973.0000000000
4435 -971.0000000000
4452 -970.0000000000
4458 -968.0000000000
4472 -967.0000000000
4496 -966.0000000000
4498 -965.0000000000
4500 -963.0000000000
4503 -962.0000000000
4510 -961.0000000000
4513 -960.0000000000
4526 -959.0000000000
4528 -958.0000000000
4529 -957.0000000000
4535 -956.0000000000
4548 -955.0000000000
4556 -954.0000000000
4578 -953.0000000000
4580 -952.0000000000
4587 -951.0000000000
4588 -950.0000000000
4592 -949.0000000000
4601 -948.0000000000
4612 -947.0000000000
4614 -946.0000000000
4617 -945.0000000000
4618 -944.0000000000
4619 -943.0000000000
4624 -942.0000000000
4630 -941.0000000000
4645 -940.0000000000
4646 -939.0000000000
4650 -938.0000000000
4653 -937.0000000000
4665 -936.0000000000
4683 -935.0000000000
4687 -934.0000000000
4689 -933.0000000000
4693 -932.0000000000
4697 -931.0000000000
4701 -930.0000000000
4708 -929.0000000000
4717 -928.0000000000
4720 -927.0000000000
4721 -926.0000000000
4724 -925.0000000000
4751 -924.0000000000
4754 -923.0000000000
4755 -922.0000000000
4775 -921.0000000000
4780 -920.0000000000
4783 -918.0000000000
4788 -917.0000000000
4808 -916.0000000000
4819 -915.0000000000
4822 -914.0000000000
4850 -913.0000000000
4857 -912.0000000000
4860 -911.0000000000
4866 -910.0000000000
4873 -909.0000000000
4885 -908.0000000000
4893 -907.0000000000
4896 -906.0000000000
4902 -905.0000000000
4910 -903.0000000000
4929 -902.0000000000
4930 -900.0000000000
4933 -899.0000000000
4940 -898.0000000000
4942 -897.0000000000
4944 -896.0000000000
4945 -895.0000000000
4951 -894.0000000000
4957 -893.0000000000
4960 -892.0000000000
4967 -891.0000000000
4971 -890.0000000000
4985 -889.0000000000
4986 -888.0000000000
4999 -887.0000000000
5006 -886.0000000000
5007 -885.0000000000
5010 -884.0000000000
5016 -883.0000000000
5021 -882.0000000000
5022 -881.0000000000
5031 -880.0000000000
5032 -879.0000000000
5042 -878.0000000000
5045 -876.0000000000
5046 -875.0000000000
5051 -874.0000000000
5058 -873.0000000000
5060 -872.0000000000
5061 -871.0000000000
5066 -870.0000000000
5074 -869.0000000000
5086 -868.0000000000
5093 -867.0000000000
5097 -866.0000000000
5103 -865.0000000000
5149 -864.0000000000
5162 -863.0000000000
5163 -862.0000000000
5189 -861.0000000000
5202 -860.0000000000
5203 -859.0000000000
5220 -858.0000000000
5226 -857.0000000000
5270 -856.0000000000
5274 -855.0000000000
5280 -854.0000000000
5292 -853.0000000000
5294 -852.0000000000
5295 -851.0000000000
5300 -849.0000000000
5301 -848.0000000000
5302 -847.0000000000
5305 -846.0000000000
5312 -844.0000000000
5317 -843.0000000000
5325 -842.0000000000
5352 -841.0000000000
5358 -840.0000000000
5363 -839.0000000000
5375 -838.0000000000
5398 -837.0000000000
5402 -836.0000000000
5405 -835.0000000000
5408 -834.0000000000
5409 -833.0000000000
5411 -832.0000000000
5438 -831.0000000000
5442 -830.0000000000
5453 -828.0000000000
5464 -827.0000000000
5495 -826.0000000000
5509 -825.0000000000
5513 -823.0000000000
5523 -822.0000000000
5545 -820.0000000000
5553 -819.0000000000
5558 -818.0000000000
5589 -817.0000000000
5596 -816.0000000000
5624 -815.0000000000
5656 -814.0000000000
5673 -813.0000000000
5675 -812.0000000000
5693 -811.0000000000
5710 -810.0000000000
5712 -809.0000000000
5716 -808.0000000000
5717 -807.0000000000
5737 -806.0000000000
5749 -805.0000000000
5753 -803.0000000000
5756 -802.0000000000
5758 -801.0000000000
5791 -800.0000000000
5798 -799.0000000000
5820 -798.0000000000
5822 -797.0000000000
5837 -796.0000000000
5851 -795.0000000000
5888 -794.0000000000
5892 -793.0000000000
5894 -792.0000000000
5900 -791.0000000000
5902 -790.0000000000
5954 -788.0000000000
5958 -787.0000000000
5966 -785.0000000000
5975 -784.0000000000
5984 -783.0000000000
5985 -781.0000000000
5997 -780.0000000000
6010 -779.0000000000
6017 -778.0000000000
6023 -777.0000000000
6027 -776.0000000000
6036 -775.0000000000
6041 -773.0000000000
6059 -772.0000000000
6101 -771.0000000000
6103 -770.0000000000
6112 -769.0000000000
6119 -768.0000000000
6135 -766.0000000000
6166 -764.0000000000
6186 -763.0000000000
6194 -762.0000000000
6203 -761.0000000000
6204 -760.0000000000
6210 -759.0000000000
6236 -758.0000000000
6247 -756.0000000000
6253 -755.0000000000
6269 -754.0000000000
6293 -753.0000000000
6296 -752.0000000000
6303 -751.0000000000
6310 -750.0000000000
6325 -748.0000000000
6329 -747.0000000000
6343 -746.0000000000
6345 -745.0000000000
6356 -744.0000000000
6363 -743.0000000000
6370 -741.0000000000
6378 -740.0000000000
6383 -739.0000000000
6386 -738.0000000000
6387 -737.0000000000
6397 -736.0000000000
6403 -735.0000000000
6407 -734.0000000000
6410 -733.0000000000
6442 -732.0000000000
6452 -731.0000000000
6467 -730.0000000000
6468 -729.0000000000
6478 -728.0000000000
6495 -727.0000000000
6497 -726.0000000000
6504 -725.0000000000
6512 -724.0000000000
6532 -723.0000000000
6541 -722.0000000000
6553 -721.0000000000
6562 -720.0000000000
6563 -719.0000000000
6571 -718.0000000000
6576 -716.0000000000
6591 -715.0000000000
6593 -714.0000000000
6606 -713.0000000000
6608 -712.0000000000
6625 -711.0000000000
6631 -710.0000000000
6639 -709.0000000000
6649 -707.0000000000
6664 -706.0000000000
6671 -705.0000000000
6678 -704.0000000000
6694 -703.0000000000
6696 -702.0000000000
6715 -701.0000000000
6716 -699.0000000000
6726 -698.0000000000
6729 -697.0000000000
6752 -696.0000000000
6755 -695.0000000000
6771 -694.0000000000
6787 -693.0000000000
6805 -691.0000000000
6818 -690.0000000000
6832 -689.0000000000
6868 -688.0000000000
6869 -687.0000000000
6879 -686.0000000000
6901 -685.0000000000
6913 -684.0000000000
6918 -683.0000000000
6920 -682.0000000000
6953 -681.0000000000
6961 -680.0000000000
6992 -679.0000000000
6993 -678.0000000000
6999 -677.0000000000
7000 -676.0000000000
7005 -675.0000000000
7015 -674.0000000000
7057 -673.0000000000
7061 -672.0000000000
7064 -671.0000000000
7080 -670.0000000000
7104 -669.0000000000
7107 -668.0000000000
7136 -667.0000000000
7139 -666.0000000000
7143 -665.0000000000
7149 -664.0000000000
7155 -663.0000000000
7161 -662.0000000000
7172 -661.0000000000
7175 -660.0000000000
7176 -659.0000000000
7190 -658.0000000000
7213 -657.0000000000
7241 -656.0000000000
7247 -655.0000000000
7255 -654.0000000000
7257 -653.0000000000
7258 -652.0000000000
7261 -651.0000000000
7318 -650.0000000000
7327 -649.0000000000
7342 -648.0000000000
7361 -647.0000000000
7384 -646.0000000000
7415 -645.0000000000
7440 -644.0000000000
7454 -643.0000000000
7480 -642.0000000000
7487 -641.0000000000
7493 -640.0000000000
7497 -638.0000000000
7503 -637.0000000000
7511 -636.0000000000
7512 -635.0000000000
7556 -634.0000000000
7568 -633.0000000000
7579 -632.0000000000
7587 -631.0000000000
7603 -630.0000000000
7616 -629.0000000000
7622 -628.0000000000
7635 -627.0000000000
7658 -626.0000000000
7700 -625.0000000000
7704 -624.0000000000
7709 -623.0000000000
7725 -622.0000000000
7736 -621.0000000000
7741 -620.0000000000
7747 -619.0000000000
7749 -618.0000000000
7750 -617.0000000000
7762 -616.0000000000
7777 -615.0000000000
7808 -614.0000000000
7827 -613.0000000000
7842 -612.0000000000
7848 -611.0000000000
7850 -609.0000000000
7855 -607.0000000000
7867 -606.0000000000
7870 -605.0000000000
7875 -604.0000000000
7877 -603.0000000000
7894 -602.0000000000
7896 -601.0000000000
7903 -600.0000000000
7909 -599.0000000000
7917 -598.0000000000
7921 -597.0000000000
7922 -594.0000000000
7945 -593.0000000000
7952 -592.0000000000
7976 -591.0000000000
7980 -590.0000000000
7988 -589.0000000000
8008 -588.0000000000
8011 -587.0000000000
8021 -586.0000000000
8045 -585.0000000000
8064 -584.0000000000
8067 -583.0000000000
8070 -582.0000000000
8100 -581.0000000000
8103 -580.0000000000
8105 -579.0000000000
8119 -578.0000000000
8127 -576.0000000000
8135 -575.0000000000
8143 -574.0000000000
8164 -573.0000000000
8166 -571.0000000000
8170 -570.0000000000
8188 -569.0000000000
8198 -568.0000000000
8215 -567.0000000000
8224 -566.0000000000
8243 -565.0000000000
8279 -564.0000000000
8304 -563.0000000000
8308 -562.0000000000
8312 -561.0000000000
8317 -560.0000000000
8346 -559.0000000000
8347 -558.0000000000
8359 -556.0000000000
8360 -555.0000000000
8365 -554.0000000000
8373 -553.0000000000
8374 -551.0000000000
8382 -550.0000000000
8399 -549.0000000000
8432 -548.0000000000
8434 -547.0000000000
8436 -546.0000000000
8444 -545.0000000000
8458 -544.0000000000
8472 -543.0000000000
8475 -542.0000000000
8483 -540.0000000000
8492 -539.0000000000
8514 -538.0000000000
8530 -537.0000000000
8598 -536.0000000000
8601 -535.0000000000
8610 -534.0000000000
8622 -533.0000000000
8623 -532.0000000000
8627 -531.0000000000
8631 -530.0000000000
8632 -529.0000000000
8659 -528.0000000000
8663 -527.0000000000
8673 -526.0000000000
8686 -525.0000000000
8704 -524.0000000000
8706 -523.0000000000
8708 -522.0000000000
8732 -521.0000000000
8741 -520.0000000000
8742 -519.0000000000
8746 -518.0000000000
8773 -517.0000000000
8850 -516.0000000000
8853 -515.0000000000
8866 -514.0000000000
8876 -513.0000000000
8891 -512.0000000000
8922 -511.0000000000
8931 -510.0000000000
8951 -509.0000000000
8999 -508.0000000000
9005 -507.0000000000
9013 -506.0000000000
9058 -505.0000000000
9066 -503.0000000000
9068 -502.0000000000
9075 -501.0000000000
9088 -500.0000000000
9091 -498.0000000000
9092 -496.0000000000
9095 -495.0000000000
9100 -494.0000000000
9109 -493.0000000000
9115 -492.0000000000
9126 -491.0000000000
9149 -490.0000000000
9181 -489.0000000000
9194 -488.0000000000
9195 -487.0000000000
9316 -486.0000000000
9324 -485.0000000000
9342 -484.0000000000
9349 -483.0000000000
9351 -482.0000000000
9352 -481.0000000000
9377 -480.0000000000
9384 -478.0000000000
9390 -477.0000000000
9400 -476.0000000000
9412 -475.0000000000
9460 -474.0000000000
9475 -473.0000000000
9481 -472.0000000000
9491 -471.0000000000
9507 -470.0000000000
9525 -469.0000000000
9543 -468.0000000000
9550 -467.0000000000
9612 -466.0000000000
9629 -465.0000000000
9639 -464.0000000000
9646 -463.0000000000
9658 -462.0000000000
9660 -461.0000000000
9671 -460.0000000000
9674 -459.0000000000
9682 -458.0000000000
9706 -456.0000000000
9719 -455.0000000000
9738 -454.0000000000
9742 -453.0000000000
9753 -452.0000000000
9760 -451.0000000000
9766 -450.0000000000
9774 -449.0000000000
9797 -448.0000000000
9798 -447.0000000000
9804 -446.0000000000
9811 -445.0000000000
9824 -444.0000000000
9845 -443.0000000000
9847 -442.0000000000
9857 -441.0000000000
9864 -440.0000000000
9892 -439.0000000000
9907 -438.0000000000
9926 -437.0000000000
9967 -436.0000000000
9979 -435.0000000000
9983 -434.0000000000
10000 -435.0000000000
evaluations raw_y
1 -1946.0000000000
15 -1945.0000000000
22 -1944.0000000000
25 -1943.0000000000
26 -1941.0000000000
27 -1940.0000000000
28 -1938.0000000000
30 -1937.0000000000
33 -1936.0000000000
36 -1935.0000000000
37 -1934.0000000000
38 -1933.0000000000
43 -1932.0000000000
46 -1931.0000000000
52 -1930.0000000000
56 -1929.0000000000
58 -1928.0000000000
65 -1926.0000000000
67 -1925.0000000000
68 -1924.0000000000
71 -1920.0000000000
74 -1919.0000000000
77 -1918.0000000000
79 -1917.0000000000
83 -1916.0000000000
85 -1914.0000000000
86 -1913.0000000000
87 -1911.0000000000
88 -1910.0000000000
90 -1909.0000000000
96 -1908.0000000000
101 -1907.0000000000
102 -1905.0000000000
112 -1904.0000000000
118 -1902.0000000000
120 -1901.0000000000
122 -1900.0000000000
123 -1899.0000000000
132 -1898.0000000000
134 -1896.0000000000
137 -1894.0000000000
138 -1893.0000000000
139 -1892.0000000000
140 -1891.0000000000
144 -1890.0000000000
145 -1889.0000000000
151 -1887.0000000000
155 -1884.0000000000
157 -1883.0000000000
165 -1880.0000000000
169 -1879.0000000000
178 -1877.0000000000
181 -1876.0000000000
184 -1874.0000000000
187 -1873.0000000000
188 -1872.0000000000
190 -1871.0000000000
196 -1870.0000000000
200 -1869.0000000000
202 -1868.0000000000
203 -1867.0000000000
205 -1865.0000000000
206 -1864.0000000000
212 -1863.0000000000
213 -1862.0000000000
215 -1861.0000000000
216 -1860.0000000000
218 -1859.0000000000
226 -1858.0000000000
245 -1856.0000000000
246 -1855.0000000000
249 -1852.0000000000
250 -1851.0000000000
252 -1850.0000000000
254 -1849.0000000000
255 -1848.0000000000
257 -1846.0000000000
258 -1845.0000000000
261 -1844.0000000000
264 -1843.0000000000
267 -1842.0000000000
268 -1839.0000000000
272 -1838.0000000000
274 -1837.0000000000
284 -1835.0000000000
285 -1834.0000000000
294 -1833.0000000000
295 -1832.0000000000
297 -1831.0000000000
306 -1830.0000000000
308 -1829.0000000000
309 -1827.0000000000
311 -1826.0000000000
317 -1825.0000000000
322 -1824.0000000000
327 -1823.0000000000
328 -1822.0000000000
337 -1821.0000000000
338 -1820.0000000000
339 -1819.0000000000
340 -1817.0000000000
343 -1816.0000000000
346 -1815.0000000000
349 -1813.0000000000
351 -1812.0000000000
362 -1810.0000000000
365 -1808.0000000000
371 -1807.0000000000
372 -1806.0000000000
378 -1805.0000000000
380 -1804.0000000000
385 -1803.0000000000
390 -1802.0000000000
391 -1801.0000000000
393 -1800.0000000000
395 -1799.0000000000
399 -1798.0000000000
402 -1797.0000000000
412 -1796.0000000000
418 -1795.0000000000
422 -1794.0000000000
426 -1793.0000000000
433 -1792.0000000000
436 -1791.0000000000
442 -1789.0000000000
444 -1787.0000000000
446 -1786.0000000000
448 -1785.0000000000
451 -1784.0000000000
453 -1783.0000000000
456 -1782.0000000000
459 -1781.0000000000
460 -1779.0000000000
478 -1778.0000000000
481 -1777.0000000000
482 -1775.0000000000
487 -1774.0000000000
493 -1772.0000000000
505 -1771.0000000000
510 -1770.0000000000
513 -1769.0000000000
514 -1768.0000000000
519 -1767.0000000000
524 -1766.0000000000
527 -1765.0000000000
533 -1764.0000000000
535 -1763.0000000000
545 -1762.0000000000
548 -1761.0000000000
554 -1760.0000000000
556 -1759.0000000000
569 -1758.0000000000
572 -1757.0000000000
579 -1756.0000000000
583 -1754.0000000000
591 -1753.0000000000
595 -1752.0000000000
608 -1751.0000000000
615 -1749.0000000000
619 -1748.0000000000
621 -1747.0000000000
628 -1746.0000000000
632 -1745.0000000000
634 -1744.0000000000
635 -1743.0000000000
636 -1742.0000000000
639 -1741.0000000000
640 -1740.0000000000
653 -1739.0000000000
655 -1738.0000000000
657 -1737.0000000000
661 -1736.0000000000
663 -1735.0000000000
665 -1734.0000000000
671 -1733.0000000000
673 -1732.0000000000
676 -1731.0000000000
677 -1730.0000000000
681 -1729.0000000000
682 -1728.0000000000
685 -1726.0000000000
694 -1725.0000000000
696 -1723.0000000000
698 -1722.0000000000
701 -1721.0000000000
707 -1718.0000000000
708 -1717.0000000000
710 -1716.0000000000
715 -1715.0000000000
717 -1714.0000000000
718 -1713.0000000000
719 -1712.0000000000
723 -1711.0000000000
725 -1710.0000000000
728 -1709.0000000000
730 -1708.0000000000
733 -1707.0000000000
744 -1706.0000000000
751 -1705.0000000000
757 -1704.0000000000
758 -1703.0000000000
759 -1702.0000000000
766 -1701.0000000000
772 -1700.0000000000
779 -1699.0000000000
780 -1698.0000000000
782 -1697.0000000000
792 -1696.0000000000
794 -1695.0000000000
803 -1693.0000000000
805 -1692.0000000000
807 -1690.0000000000
810 -1689.0000000000
812 -1688.0000000000
819 -1687.0000000000
820 -1686.0000000000
822 -1685.0000000000
842 -1684.0000000000
844 -1683.0000000000
845 -1682.0000000000
851 -1681.0000000000
854 -1678.0000000000
862 -1676.0000000000
868 -1675.0000000000
869 -1674.0000000000
881 -1673.0000000000
893 -1671.0000000000
898 -1670.0000000000
904 -1669.0000000000
908 -1668.0000000000
909 -1667.0000000000
921 -1666.0000000000
923 -1665.0000000000
924 -1664.0000000000
926 -1663.0000000000
927 -1662.0000000000
931 -1660.0000000000
936 -1659.0000000000
942 -1658.0000000000
947 -1657.0000000000
951 -1656.0000000000
954 -1655.0000000000
958 -1654.0000000000
961 -1653.0000000000
968 -1652.0000000000
970 -1650.0000000000
972 -1649.0000000000
974 -1648.0000000000
980 -1647.0000000000
983 -1646.0000000000
987 -1645.0000000000
995 -1644.0000000000
996 -1642.0000000000
998 -1641.0000000000
1003 -1640.0000000000
1007 -1639.0000000000
1014 -1638.0000000000
1019 -1637.0000000000
1023 -1636.0000000000
1025 -1634.0000000000
1036 -1633.0000000000
1038 -1632.0000000000
1051 -1631.0000000000
1056 -1630.0000000000
1059 -1629.0000000000
1064 -1628.0000000000
1065 -1627.0000000000
1070 -1626.0000000000
1071 -1625.0000000000
1073 -1624.0000000000
1083 -1623.0000000000
1087 -1622.0000000000
1091 -1620.0000000000
1096 -1619.0000000000
1101 -1617.0000000000
1104 -1616.0000000000
1105 -1615.0000000000
1113 -1614.0000000000
1118 -1613.0000000000
1127 -1612.0000000000
1134 -1609.0000000000
1139 -1608.0000000000
1142 -1607.0000000000
1149 -1606.0000000000
1158 -1605.0000000000
1163 -1603.0000000000
1165 -1602.0000000000
1169 -1600.0000000000
1170 -1599.0000000000
1173 -1597.0000000000
1176 -1596.0000000000
1182 -1594.0000000000
1187 -1593.0000000000
1188 -1592.0000000000
1190 -1591.0000000000
1191 -1590.0000000000
1198 -1589.0000000000
1202 -1588.0000000000
1209 -1587.0000000000
1211 -1586.0000000000
1213 -1585.0000000000
1221 -1584.0000000000
1223 -1583.0000000000
1226 -1582.0000000000
1237 -1581.0000000000
1246 -1579.0000000000
1255 -1575.0000000000
1260 -1574.0000000000
1263 -1573.0000000000
1265 -1572.0000000000
1268 -1570.0000000000
1271 -1569.0000000000
1279 -1568.0000000000
1281 -1567.0000000000
1283 -1566.0000000000
1285 -1565.0000000000
1292 -1564.0000000000
1295 -1562.0000000000
1296 -1561.0000000000
1299 -1560.0000000000
1303 -1559.0000000000
1310 -1558.0000000000
1316 -1557.0000000000
1317 -1556.0000000000
1322 -1555.0000000000
1328 -1554.0000000000
1330 -1553.0000000000
1333 -1552.0000000000
1346 -1551.0000000000
1347 -1550.0000000000
1350 -1549.0000000000
1352 -1547.0000000000
1357 -1546.0000000000
1358 -1545.0000000000
1360 -1543.0000000000
1366 -1542.0000000000
1369 -1540.0000000000
1376 -1539.0000000000
1394 -1538.0000000000
1401 -1537.0000000000
1403 -1536.0000000000
1405 -1535.0000000000
1406 -1534.0000000000
1408 -1533.0000000000
1420 -1531.0000000000
1427 -1530.0000000000
1441 -1529.0000000000
1444 -1528.0000000000
1472 -1527.0000000000
1480 -1526.0000000000
1482 -1525.0000000000
1483 -1524.0000000000
1487 -1523.0000000000
1492 -1522.0000000000
1493 -1521.0000000000
1507 -1520.0000000000
1509 -1519.0000000000
1510 -1518.0000000000
1520 -1517.0000000000
1521 -1516.0000000000
1528 -1514.0000000000
1534 -1513.0000000000
1546 -1512.0000000000
1550 -1510.0000000000
1558 -1509.0000000000
1566 -1506.0000000000
1569 -1505.0000000000
1570 -1503.0000000000
1578 -1501.0000000000
1579 -1500.0000000000
1601 -1499.0000000000
1602 -1498.0000000000
1609 -1496.0000000000
1611 -1495.0000000000
1614 -1494.0000000000
1619 -1493.0000000000
1622 -1492.0000000000
1626 -1491.0000000000
1627 -1490.0000000000
1629 -1488.0000000000
1647 -1486.0000000000
1650 -1484.0000000000
1654 -1483.0000000000
1660 -1482.0000000000
1661 -1480.0000000000
1668 -1479.0000000000
1670 -1478.0000000000
1671 -1476.0000000000
1681 -1472.0000000000
1686 -1470.0000000000
1692 -1469.0000000000
1698 -1468.0000000000
1704 -1467.0000000000
1706 -1466.0000000000
1709 -1465.0000000000
1712 -1463.0000000000
1713 -1462.0000000000
1714 -1461.0000000000
1719 -1459.0000000000
1720 -1458.0000000000
1721 -1457.0000000000
1727 -1454.0000000000
1732 -1453.0000000000
1734 -1452.0000000000
1739 -1451.0000000000
1741 -1449.0000000000
1748 -1447.0000000000
1759 -1446.0000000000
1764 -1445.0000000000
1771 -1444.0000000000
1776 -1443.0000000000
1780 -1442.0000000000
1788 -1441.0000000000
1794 -1440.0000000000
1799 -1439.0000000000
1803 -1438.0000000000
1804 -1437.0000000000
1820 -1436.0000000000
1828 -1435.0000000000
1837 -1434.0000000000
1853 -1433.0000000000
1855 -1430.0000000000
1857 -1429.0000000000
1859 -1428.0000000000
1865 -1427.0000000000
1869 -1426.0000000000
1872 -1425.0000000000
1873 -1424.0000000000
1876 -1423.0000000000
1894 -1422.0000000000
1903 -1421.0000000000
1912 -1420.0000000000
1915 -1419.0000000000
1918 -1418.0000000000
1921 -1417.0000000000
1926 -1416.0000000000
1936 -1415.0000000000
1943 -1414.0000000000
1945 -1413.0000000000
1947 -1411.0000000000
1951 -1410.0000000000
1959 -1409.0000000000
1966 -1408.0000000000
1978 -1407.0000000000
1985 -1406.0000000000
1991 -1405.0000000000
1994 -1404.0000000000
1997 -1403.0000000000
1998 -1402.0000000000
2001 -1400.0000000000
2004 -1399.0000000000
2007 -1397.0000000000
2008 -1396.0000000000
2014 -1395.0000000000
2016 -1394.0000000000
2024 -1393.0000000000
2027 -1392.0000000000
2039 -1391.0000000000
2040 -1389.0000000000
2043 -1388.0000000000
2044 -1387.0000000000
2050 -1386.0000000000
2055 -1385.0000000000
2059 -1384.0000000000
2068 -1383.0000000000
2071 -1382.0000000000
2079 -1380.0000000000
2083 -1378.0000000000
2088 -1377.0000000000
2093 -1376.0000000000
2102 -1374.0000000000
2103 -1373.0000000000
2104 -1371.0000000000
2105 -1370.0000000000
2116 -1369.0000000000
2123 -1368.0000000000
2138 -1365.0000000000
2139 -1364.0000000000
2141 -1363.0000000000
2151 -1362.0000000000
2161 -1360.0000000000
2167 -1359.0000000000
2169 -1358.0000000000
2176 -1357.0000000000
2179 -1356.0000000000
2186 -1354.0000000000
2188 -1353.0000000000
2194 -1351.0000000000
2201 -1350.0000000000
2205 -1349.0000000000
2206 -1347.0000000000
2217 -1346.0000000000
2220 -1345.0000000000
2223 -1344.0000000000
2231 -1343.0000000000
2245 -1342.0000000000
2248 -1341.0000000000
2261 -1340.0000000000
2264 -1339.0000000000
2265 -1338.0000000000
2266 -1337.0000000000
2269 -1336.0000000000
2284 -1335.0000000000
2293 -1334.0000000000
2312 -1333.0000000000
2319 -1332.0000000000
2320 -1331.0000000000
2321 -1330.0000000000
2324 -1328.0000000000
2327 -1327.0000000000
2328 -1326.0000000000
2339 -1325.0000000000
2341 -1323.0000000000
2344 -1322.0000000000
2346 -1321.0000000000
2350 -1320.0000000000
2359 -1318.0000000000
2361 -1317.0000000000
2362 -1315.0000000000
2367 -1314.0000000000
2368 -1313.0000000000
2374 -1312.0000000000
2379 -1311.0000000000
2382 -1310.0000000000
2389 -1309.0000000000
2395 -1308.0000000000
2397 -1307.0000000000
2408 -1306.0000000000
2410 -1304.0000000000
2411 -1303.0000000000
2413 -1302.0000000000
2416 -1300.0000000000
2420 -1299.0000000000
2422 -1298.0000000000
2423 -1297.0000000000
2427 -1296.0000000000
2439 -1294.0000000000
2446 -1293.0000000000
2449 -1292.0000000000
2461 -1291.0000000000
2471 -1290.0000000000
2479 -1289.0000000000
2482 -1288.0000000000
2502 -1287.0000000000
2506 -1286.0000000000
2513 -1284.0000000000
2517 -1283.0000000000
2520 -1282.0000000000
2521 -1281.0000000000
2523 -1280.0000000000
2529 -1279.0000000000
2543 -1278.0000000000
2544 -1277.0000000000
2548 -1276.0000000000
2549 -1275.0000000000
2558 -1274.0000000000
2565 -1273.0000000000
2566 -1271.0000000000
2573 -1270.0000000000
2575 -1269.0000000000
2577 -1268.0000000000
2580 -1267.0000000000
2591 -1266.0000000000
2593 -1265.0000000000
2595 -1264.0000000000
2601 -1262.0000000000
2602 -1261.0000000000
2605 -1260.0000000000
2615 -1259.0000000000
2621 -1258.0000000000
2624 -1257.0000000000
2628 -1255.0000000000
2632 -1254.0000000000
2637 -1253.0000000000
2638 -1252.0000000000
2647 -1251.0000000000
2655 -1250.0000000000
2659 -1249.0000000000
2670 -1248.0000000000
2676 -1247.0000000000
2685 -1246.0000000000
2694 -1244.0000000000
2699 -1242.0000000000
2706 -1241.0000000000
2708 -1240.0000000000
2715 -1239.0000000000
2743 -1238.0000000000
2745 -1237.0000000000
2747 -1236.0000000000
2748 -1235.0000000000
2749 -1234.0000000000
2754 -1233.0000000000
2756 -1232.0000000000
2760 -1231.0000000000
2761 -1230.0000000000
2766 -1229.0000000000
2767 -1226.0000000000
2769 -1225.0000000000
2771 -1224.0000000000
2776 -1223.0000000000
2788 -1222.0000000000
2803 -1221.0000000000
2814 -1220.0000000000
2821 -1219.0000000000
2827 -1218.0000000000
2829 -1217.0000000000
2838 -1215.0000000000
2839 -1214.0000000000
2844 -1213.0000000000
2855 -1212.0000000000
2858 -1211.0000000000
2874 -1210.0000000000
2885 -1209.0000000000
2887 -1207.0000000000
2892 -1206.0000000000
2903 -1205.0000000000
2904 -1204.0000000000
2905 -1203.0000000000
2909 -1201.0000000000
2922 -1200.0000000000
2927 -1199.0000000000
2928 -1198.0000000000
2929 -1196.0000000000
2937 -1194.0000000000
2939 -1193.0000000000
2946 -1192.0000000000
2947 -1191.0000000000
2951 -1190.0000000000
2955 -1189.0000000000
2967 -1188.0000000000
2968 -1187.0000000000
2973 -1185.0000000000
2976 -1184.0000000000
2977 -1183.0000000000
2978 -1181.0000000000
2981 -1180.0000000000
2983 -1179.0000000000
2985 -1178.0000000000
2988 -1177.0000000000
2999 -1176.0000000000
3003 -1175.0000000000
3006 -1174.0000000000
3026 -1173.0000000000
3033 -1172.0000000000
3043 -1171.0000000000
3050 -1170.0000000000
3062 -1169.0000000000
3070 -1168.0000000000
3077 -1167.0000000000
3078 -1166.0000000000
3088 -1165.0000000000
3090 -1164.0000000000
3093 -1163.0000000000
3095 -1162.0000000000
3100 -1161.0000000000
3103 -1160.0000000000
3104 -1159.0000000000
3127 -1158.0000000000
3140 -1157.0000000000
3147 -1156.0000000000
3156 -1155.0000000000
3165 -1154.0000000000
3173 -1153.0000000000
3198 -1152.0000000000
3208 -1151.0000000000
3211 -1149.0000000000
3215 -1148.0000000000
3229 -1147.0000000000
3241 -1146.0000000000
3266 -1145.0000000000
3272 -1144.0000000000
3278 -1143.0000000000
3279 -1142.0000000000
3282 -1141.0000000000
3285 -1140.0000000000
3286 -1139.0000000000
3294 -1138.0000000000
3315 -1136.0000000000
3325 -1134.0000000000
3329 -1133.0000000000
3337 -1132.0000000000
3357 -1131.0000000000
3361 -1130.0000000000
3371 -1129.0000000000
3372 -1128.0000000000
3375 -1127.0000000000
3391 -1126.0000000000
3394 -1125.0000000000
3399 -1124.0000000000
3412 -1122.0000000000
3417 -1120.0000000000
3421 -1119.0000000000
3424 -1118.0000000000
3432 -1117.0000000000
3435 -1116.0000000000
3444 -1115.0000000000
3461 -1114.0000000000
3463 -1111.0000000000
3470 -1110.0000000000
3473 -1109.0000000000
3475 -1108.0000000000
3476 -1107.0000000000
3484 -1106.0000000000
3494 -1105.0000000000
3495 -1104.0000000000
3514 -1103.0000000000
3516 -1102.0000000000
3519 -1100.0000000000
3530 -1098.0000000000
3531 -1097.0000000000
3542 -1096.0000000000
3544 -1095.0000000000
3545 -1094.0000000000
3586 -1093.0000000000
3589 -1092.0000000000
3602 -1091.0000000000
3615 -1090.0000000000
3616 -1089.0000000000
3619 -1088.0000000000
3620 -1086.0000000000
3629 -1085.0000000000
3632 -1084.0000000000
3635 -1083.0000000000
3647 -1082.0000000000
3657 -1080.0000000000
3664 -1079.0000000000
3666 -1076.0000000000
3669 -1075.0000000000
3672 -1074.0000000000
3698 -1073.0000000000
3699 -1072.0000000000
3703 -1071.0000000000
3707 -1070.0000000000
3711 -1069.0000000000
3714 -1068.0000000000
3722 -1067.0000000000
3735 -1066.0000000000
3747 -1065.0000000000
3753 -1064.0000000000
3758 -1062.0000000000
3759 -1061.0000000000
3768 -1060.0000000000
3769 -1058.0000000000
3775 -1057.0000000000
3779 -1056.0000000000
3786 -1054.0000000000
3795 -1053.0000000000
3800 -1051.0000000000
3801 -1050.0000000000
3802 -1049.0000000000
3812 -1048.0000000000
3814 -1047.0000000000
3826 -1046.0000000000
3827 -1045.0000000000
3835 -1044.0000000000
3840 -1043.0000000000
3856 -1042.0000000000
3869 -1041.0000000000
3873 -1040.0000000000
3875 -1039.0000000000
3889 -1037.0000000000
3897 -1036.0000000000
3898 -1034.0000000000
3921 -1032.0000000000
3926 -1031.0000000000
3934 -1030.0000000000
3945 -1029.0000000000
3952 -1028.0000000000
3956 -1027.0000000000
3958 -1025.0000000000
3969 -1024.0000000000
3981 -1023.0000000000
3995 -1022.0000000000
4010 -1021.0000000000
4016 -1020.0000000000
4019 -1019.0000000000
4026 -1018.0000000000
4039 -1017.0000000000
4040 -1016.0000000000
4044 -1015.0000000000
4058 -1014.0000000000
4061 -1012.0000000000
4063 -1011.0000000000
4078 -1010.0000000000
4081 -1009.0000000000
4085 -1007.0000000000
4091 -1006.0000000000
4098 -1004.0000000000
4111 -1003.0000000000
4160 -1002.0000000000
4162 -1001.0000000000
4173 -999.0000000000
4176 -998.0000000000
4187 -997.0000000000
4189 -996.0000000000
4192 -995.0000000000
4196 -994.0000000000
4205 -993.0000000000
4210 -991.0000000000
4223 -990.0000000000
4229 -988.0000000000
4231 -987.0000000000
4239 -986.0000000000
4257 -985.0000000000
4258 -984.0000000000
4274 -983.0000000000
4276 -982.0000000000
4285 -981.0000000000
4297 -980.0000000000
4299 -979.0000000000
4310 -978.0000000000
4322 -977.0000000000
4326 -976.0000000000
4329 -975.0000000000
4345 -974.0000000000
4350 -972.0000000000
4353 -970.0000000000
4362 -969.0000000000
4363 -968.0000000000
4373 -967.0000000000
4377 -966.0000000000
4389 -965.0000000000
4397 -964.0000000000
4404 -962.0000000000
4405 -961.0000000000
4407 -960.0000000000
4413 -959.0000000000
4415 -958.0000000000
4426 -957.0000000000
4431 -956.0000000000
4441 -955.0000000000
4460 -954.0000000000
4470 -953.0000000000
4474 -952.0000000000
4480 -951.0000000000
4493 -950.0000000000
4499 -949.0000000000
4522 -948.0000000000
4532 -947.0000000000
4534 -946.0000000000
4539 -945.0000000000
4551 -944.0000000000
4553 -942.0000000000
4562 -941.0000000000
4578 -940.0000000000
4582 -939.0000000000
4584 -938.0000000000
4598 -937.0000000000
4602 -936.0000000000
4603 -935.0000000000
4616 -934.0000000000
4622 -933.0000000000
4631 -932.0000000000
4636 -931.0000000000
4648 -930.0000000000
4661 -929.0000000000
4666 -928.0000000000
4670 -927.0000000000
4677 -926.0000000000
4695 -925.0000000000
4700 -923.0000000000
4703 -922.0000000000
4711 -920.0000000000
4721 -919.0000000000
4761 -918.0000000000
4773 -917.0000000000
4784 -916.0000000000
4800 -915.0000000000
4811 -914.0000000000
4829 -913.0000000000
4838 -912.0000000000
4850 -911.0000000000
4861 -910.0000000000
4867 -909.0000000000
4888 -908.0000000000
4892 -907.0000000000
4895 -906.0000000000
4913 -905.0000000000
4917 -904.0000000000
4920 -903.0000000000
4921 -902.0000000000
4960 -901.0000000000
4972 -900.0000000000
4974 -899.0000000000
4975 -898.0000000000
4997 -897.0000000000
5019 -896.0000000000
5030 -895.0000000000
5037 -894.0000000000
5040 -893.0000000000
5046 -892.0000000000
5084 -891.0000000000
5088 -890.0000000000
5097 -889.0000000000
5120 -888.0000000000
5121 -887.0000000000
5133 -886.0000000000
5134 -885.0000000000
5141 -884.0000000000
5161 -883.0000000000
5168 -882.0000000000
5184 -881.0000000000
5187 -880.0000000000
5189 -879.0000000000
5198 -878.0000000000
5199 -877.0000000000
5210 -875.0000000000
5235 -874.0000000000
5236 -873.0000000000
5240 -872.0000000000
5247 -871.0000000000
5249 -870.0000000000
5254 -869.0000000000
5266 -868.0000000000
5300 -867.0000000000
5304 -866.0000000000
5314 -864.0000000000
5318 -863.0000000000
5323 -862.0000000000
5335 -861.0000000000
5339 -860.0000000000
5361 -859.0000000000
5362 -858.0000000000
5369 -856.0000000000
5373 -855.0000000000
5431 -854.0000000000
5443 -852.0000000000
5450 -851.0000000000
5456 -849.0000000000
5459 -848.0000000000
5462 -846.0000000000
5471 -845.0000000000
5483 -844.0000000000
5488 -843.0000000000
5521 -842.0000000000
5528 -841.0000000000
5546 -840.0000000000
5552 -839.0000000000
5558 -838.0000000000
5568 -836.0000000000
5593 -835.0000000000
5597 -833.0000000000
5609 -832.0000000000
5611 -831.0000000000
5617 -830.0000000000
5622 -829.0000000000
5623 -828.0000000000
5631 -827.0000000000
5646 -826.0000000000
5657 -825.0000000000
5663 -824.0000000000
5678 -823.0000000000
5706 -822.0000000000
5728 -821.0000000000
5742 -820.0000000000
5744 -819.0000000000
5756 -818.0000000000
5757 -817.0000000000
5763 -815.0000000000
5764 -814.0000000000
5767 -813.0000000000
5840 -812.0000000000
5867 -810.0000000000
5868 -809.0000000000
5910 -808.0000000000
5916 -807.0000000000
5917 -806.0000000000
5933 -805.0000000000
5942 -804.0000000000
5977 -803.0000000000
5995 -802.0000000000
5997 -801.0000000000
6005 -800.0000000000
6023 -799.0000000000
6029 -797.0000000000
6035 -796.0000000000
6040 -795.0000000000
6044 -794.0000000000
6048 -793.0000000000
6075 -792.0000000000
6087 -791.0000000000
6093 -790.0000000000
6098 -789.0000000000
6109 -788.0000000000
6119 -787.0000000000
6135 -786.0000000000
6141 -785.0000000000
6145 -784.0000000000
6152 -783.0000000000
6155 -782.0000000000
6163 -781.0000000000
6174 -780.0000000000
6177 -779.0000000000
6199 -777.0000000000
6207 -776.0000000000
6215 -774.0000000000
6218 -773.0000000000
6223 -771.0000000000
6238 -770.0000000000
6257 -769.0000000000
6259 -768.0000000000
6261 -767.0000000000
6263 -766.0000000000
6271 -765.0000000000
6281 -764.0000000000
6287 -763.0000000000
6302 -762.0000000000
6307 -761.0000000000
6310 -760.0000000000
6346 -759.0000000000
6349 -758.0000000000
6372 -757.0000000000
6382 -756.0000000000
6383 -755.0000000000
6392 -754.0000000000
6395 -753.0000000000
6413 -752.0000000000
6417 -751.0000000000
6423 -750.0000000000
6431 -749.0000000000
6453 -748.0000000000
6462 -747.0000000000
6464 -746.0000000000
6476 -745.0000000000
6500 -744.0000000000
6519 -743.0000000000
6528 -742.0000000000
6546 -741.0000000000
6562 -739.0000000000
6565 -737.0000000000
6579 -735.0000000000
6582 -734.0000000000
6596 -733.0000000000
6601 -731.0000000000
6621 -730.0000000000
6622 -729.0000000000
6629 -728.0000000000
6636 -727.0000000000
6639 -725.0000000000
6640 -724.0000000000
6646 -723.0000000000
6658 -722.0000000000
6676 -721.0000000000
6689 -720.0000000000
6718 -719.0000000000
6727 -717.0000000000
6730 -716.0000000000
6732 -715.0000000000
6740 -714.0000000000
6750 -713.0000000000
6761 -712.0000000000
6762 -710.0000000000
6777 -709.0000000000
6781 -708.0000000000
6813 -706.0000000000
6820 -705.0000000000
6837 -704.0000000000
6842 -703.0000000000
6864 -702.0000000000
6874 -701.0000000000
6876 -700.0000000000
6881 -699.0000000000
6883 -698.0000000000
6887 -697.0000000000
6889 -696.0000000000
6906 -695.0000000000
6935 -694.0000000000
6936 -693.0000000000
6942 -692.0000000000
6952 -691.0000000000
6954 -690.0000000000
7011 -689.0000000000
7028 -688.0000000000
7035 -686.0000000000
7039 -685.0000000000
7057 -684.0000000000
7060 -683.0000000000
7062 -682.0000000000
7069 -681.0000000000
7098 -680.0000000000
7117 -679.0000000000
7127 -677.0000000000
7134 -675.0000000000
7151 -674.0000000000
7160 -673.0000000000
7164 -671.0000000000
7215 -670.0000000000
7218 -669.0000000000
7232 -668.0000000000
7240 -667.0000000000
7247 -666.0000000000
7255 -665.0000000000
7289 -663.0000000000
7307 -662.0000000000
7320 -661.0000000000
7327 -660.0000000000
7335 -659.0000000000
7356 -658.0000000000
7358 -657.0000000000
7368 -655.0000000000
7372 -654.0000000000
7399 -653.0000000000
7407 -652.0000000000
7409 -651.0000000000
7422 -650.0000000000
7431 -649.0000000000
7435 -648.0000000000
7446 -647.0000000000
7457 -646.0000000000
7483 -645.0000000000
7498 -644.0000000000
7512 -643.0000000000
7538 -642.0000000000
7546 -641.0000000000
7548 -640.0000000000
7563 -639.0000000000
7597 -638.0000000000
7600 -637.0000000000
7611 -636.0000000000
7614 -635.0000000000
7628 -634.0000000000
7630 -633.0000000000
7632 -632.0000000000
7652 -631.0000000000
7654 -630.0000000000
7660 -629.0000000000
7669 -628.0000000000
7693 -627.0000000000
7712 -626.0000000000
7725 -625.0000000000
7742 -624.0000000000
7760 -623.0000000000
7779 -622.0000000000
7785 -621.0000000000
7798 -620.0000000000
7805 -619.0000000000
7819 -618.0000000000
7857 -617.0000000000
7866 -616.0000000000
7879 -615.0000000000
7889 -614.0000000000
7893 -613.0000000000
7899 -612.0000000000
7904 -611.0000000000
7912 -610.0000000000
7921 -609.0000000000
7936 -608.0000000000
7942 -607.0000000000
7955 -606.0000000000
7979 -605.0000000000
8014 -604.0000000000
8026 -603.0000000000
8029 -602.0000000000
8036 -601.0000000000
8050 -600.0000000000
8056 -599.0000000000
8074 -598.0000000000
8081 -597.0000000000
8090 -596.0000000000
8092 -595.0000000000
8110 -594.0000000000
8111 -593.0000000000
8128 -592.0000000000
8145 -591.0000000000
8151 -590.0000000000
8155 -589.0000000000
8181 -588.0000000000
8186 -587.0000000000
8193 -586.0000000000
8199 -585.0000000000
8200 -584.0000000000
8219 -583.0000000000
8242 -582.0000000000
8248 -581.0000000000
8253 -580.0000000000
8260 -579.0000000000
8267 -578.0000000000
8345 -577.0000000000
8346 -576.0000000000
8347 -575.0000000000
8361 -574.0000000000
8368 -573.0000000000
8370 -572.0000000000
8384 -570.0000000000
8408 -569.0000000000
8416 -568.0000000000
8470 -567.0000000000
8487 -566.0000000000
8492 -565.0000000000
8518 -564.0000000000
8524 -563.0000000000
8528 -562.0000000000
8532 -561.0000000000
8547 -560.0000000000
8572 -559.0000000000
8584 -558.0000000000
8588 -557.0000000000
8607 -556.0000000000
8608 -555.0000000000
8618 -553.0000000000
8619 -551.0000000000
8662 -550.0000000000
8677 -548.0000000000
8679 -547.0000000000
8691 -546.0000000000
8700 -545.0000000000
8711 -544.0000000000
8761 -543.0000000000
8778 -542.0000000000
8781 -541.0000000000
8792 -540.0000000000
8809 -539.0000000000
8810 -537.0000000000
8883 -536.0000000000
8888 -535.0000000000
8898 -534.0000000000
8937 -533.0000000000
8939 -530.0000000000
8977 -529.0000000000
8981 -528.0000000000
8985 -527.0000000000
9011 -526.0000000000
9026 -525.0000000000
9099 -524.0000000000
9117 -523.0000000000
9145 -522.0000000000
9166 -521.0000000000
9172 -520.0000000000
9235 -519.0000000000
9311 -518.0000000000
9320 -517.0000000000
9337 -516.0000000000
9340 -515.0000000000
9343 -514.0000000000
9362 -513.0000000000
9371 -512.0000000000
9374 -511.0000000000
9379 -510.0000000000
9406 -509.0000000000
9423 -508.0000000000
9440 -507.0000000000
9449 -505.0000000000
9468 -504.0000000000
9471 -503.0000000000
9499 -502.0000000000
9523 -501.0000000000
9555 -500.0000000000
9574 -499.0000000000
9610 -498.0000000000
9638 -497.0000000000
9645 -496.0000000000
9666 -495.0000000000
9671 -494.0000000000
9686 -492.0000000000
9691 -491.0000000000
9696 -490.0000000000
9700 -489.0000000000
9708 -488.0000000000
9710 -487.0000000000
9711 -486.0000000000
9728 -485.0000000000
9742 -484.0000000000
9748 -483.0000000000
9750 -482.0000000000
9754 -481.0000000000
9768 -480.0000000000
9800 -479.0000000000
9810 -478.0000000000
9837 -477.0000000000
9852 -476.0000000000
9888 -475.0000000000
9901 -474.0000000000
9951 -473.0000000000
9968 -472.0000000000
9973 -470.0000000000
9975 -469.0000000000
9984 -468.0000000000
10000 -469.0000000000
evaluations raw_y
1 -1955.0000000000
4 -1954.0000000000
9 -1953.0000000000
11 -1952.0000000000
14 -1951.0000000000
16 -1949.0000000000
17 -1948.0000000000
19 -1947.0000000000
20 -1946.0000000000
24 -1945.0000000000
28 -1944.0000000000
29 -1943.0000000000
30 -1941.0000000000
32 -1940.0000000000
38 -1939.0000000000
50 -1938.0000000000
59 -1937.0000000000
60 -1936.0000000000
62 -1935.0000000000
64 -1934.0000000000
66 -1933.0000000000
67 -1932.0000000000
68 -1931.0000000000
72 -1930.0000000000
73 -1929.0000000000
85 -1928.0000000000
88 -1927.0000000000
98 -1926.0000000000
109 -1925.0000000000
117 -1924.0000000000
120 -1923.0000000000
125 -1922.0000000000
135 -1919.0000000000
136 -1918.0000000000
155 -1917.0000000000
156 -1916.0000000000
157 -1915.0000000000
168 -1914.0000000000
174 -1913.0000000000
175 -1912.0000000000
193 -1911.0000000000
194 -1909.0000000000
195 -1908.0000000000
198 -1907.0000000000
201 -1906.0000000000
208 -1905.0000000000
209 -1904.0000000000
211 -1903.0000000000
213 -1901.0000000000
214 -1900.0000000000
217 -1899.0000000000
222 -1897.0000000000
233 -1896.0000000000
242 -1892.0000000000
243 -1889.0000000000
244 -1888.0000000000
248 -1887.0000000000
249 -1886.0000000000
251 -1885.0000000000
253 -1884.0000000000
264 -1883.0000000000
267 -1880.0000000000
270 -1879.0000000000
273 -1878.0000000000
276 -1877.0000000000
277 -1875.0000000000
279 -1873.0000000000
282 -1872.0000000000
288 -1871.0000000000
299 -1870.0000000000
302 -1868.0000000000
304 -1866.0000000000
315 -1865.0000000000
321 -1862.0000000000
323 -1861.0000000000
324 -1860.0000000000
333 -1859.0000000000
336 -1858.0000000000
337 -1857.0000000000
338 -1856.0000000000
345 -1855.0000000000
350 -1854.0000000000
351 -1853.0000000000
353 -1851.0000000000
365 -1850.0000000000
367 -1848.0000000000
375 -1847.0000000000
376 -1846.0000000000
379 -1845.0000000000
380 -1843.0000000000
385 -1842.0000000000
388 -1839.0000000000
397 -1837.0000000000
398 -1836.0000000000
399 -1835.0000000000
402 -1834.0000000000
416 -1833.0000000000
419 -1832.0000000000
435 -1831.0000000000
440 -1830.0000000000
443 -1829.0000000000
444 -1828.0000000000
453 -1827.0000000000
459 -1826.0000000000
462 -1824.0000000000
468 -1823.0000000000
470 -1822.0000000000
474 -1821.0000000000
475 -1818.0000000000
476 -1815.0000000000
485 -1814.0000000000
490 -1812.0000000000
494 -1810.0000000000
498 -1809.0000000000
503 -1807.0000000000
505 -1806.0000000000
510 -1805.0000000000
512 -1804.0000000000
513 -1803.0000000000
514 -1802.0000000000
517 -1801.0000000000
519 -1800.0000000000
522 -1799.0000000000
528 -1798.0000000000
537 -1797.0000000000
538 -1796.0000000000
545 -1795.0000000000
546 -1794.0000000000
548 -1793.0000000000
549 -1792.0000000000
550 -1791.0000000000
551 -1790.0000000000
554 -1788.0000000000
555 -1787.0000000000
556 -1786.0000000000
558 -1785.0000000000
561 -1783.0000000000
569 -1782.0000000000
572 -1781.0000000000
575 -1780.0000000000
577 -1779.0000000000
579 -1778.0000000000
580 -1776.0000000000
581 -1775.0000000000
591 -1774.0000000000
606 -1773.0000000000
607 -1772.0000000000
614 -1771.0000000000
616 -1770.0000000000
619 -1769.0000000000
627 -1768.0000000000
636 -1767.0000000000
637 -1765.0000000000
641 -1763.0000000000
642 -1762.0000000000
644 -1761.0000000000
646 -1760.0000000000
653 -1759.0000000000
660 -1758.0000000000
663 -1757.0000000000
668 -1756.0000000000
672 -1754.0000000000
680 -1752.0000000000
684 -1750.0000000000
688 -1748.0000000000
693 -1747.0000000000
696 -1746.0000000000
700 -1744.0000000000
701 -1742.0000000000
702 -1741.0000000000
703 -1740.0000000000
707 -1738.0000000000
708 -1735.0000000000
712 -1734.0000000000
713 -1733.0000000000
726 -1732.0000000000
727 -1731.0000000000
735 -1730.0000000000
737 -1729.0000000000
739 -1728.0000000000
742 -1726.0000000000
758 -1725.0000000000
761 -1724.0000000000
763 -1723.0000000000
764 -1721.0000000000
765 -1720.0000000000
771 -1718.0000000000
781 -1717.0000000000
782 -1716.0000000000
788 -1715.0000000000
798 -1714.0000000000
804 -1712.0000000000
809 -1711.0000000000
816 -1710.0000000000
822 -1709.0000000000
833 -1708.0000000000
835 -1706.0000000000
840 -1705.0000000000
853 -1703.0000000000
854 -1702.0000000000
858 -1701.0000000000
859 -1700.0000000000
864 -1698.0000000000
875 -1697.0000000000
879 -1696.0000000000
880 -1694.0000000000
886 -1693.0000000000
891 -1692.0000000000
896 -1689.0000000000
899 -1688.0000000000
902 -1687.0000000000
905 -1685.0000000000
921 -1684.0000000000
922 -1683.0000000000
924 -1682.0000000000
925 -1680.0000000000
927 -1678.0000000000
929 -1677.0000000000
931 -1676.0000000000
936 -1675.0000000000
943 -1674.0000000000
946 -1671.0000000000
948 -1670.0000000000
953 -1669.0000000000
956 -1668.0000000000
958 -1667.0000000000
964 -1666.0000000000
968 -1665.0000000000
971 -1663.0000000000
972 -1662.0000000000
974 -1660.0000000000
981 -1659.0000000000
989 -1658.0000000000
995 -1657.0000000000
996 -1656.0000000000
1001 -1655.0000000000
1002 -1654.0000000000
1005 -1653.0000000000
1012 -1652.0000000000
1014 -1651.0000000000
1024 -1649.0000000000
1029 -1648.0000000000
1037 -1647.0000000000
1041 -1645.0000000000
1043 -1643.0000000000
1046 -1642.0000000000
1048 -1641.0000000000
1050 -1640.0000000000
1055 -1638.0000000000
1056 -1637.0000000000
1057 -1636.0000000000
1063 -1635.0000000000
1073 -1633.0000000000
1075 -1632.0000000000
1076 -1631.0000000000
1082 -1630.0000000000
1092 -1629.0000000000
1094 -1628.0000000000
1101 -1626.0000000000
1107 -1625.0000000000
1115 -1624.0000000000
1130 -1623.0000000000
1142 -1622.0000000000
1143 -1620.0000000000
1145 -1619.0000000000
1148 -1618.0000000000
1152 -1615.0000000000
1154 -1614.0000000000
1156 -1613.0000000000
1163 -1612.0000000000
1165 -1609.0000000000
1169 -1608.0000000000
1179 -1606.0000000000
1182 -1605.0000000000
1185 -1603.0000000000
1190 -1602.0000000000
1191 -1601.0000000000
1192 -1600.0000000000
1193 -1598.0000000000
1195 -1597.0000000000
1197 -1596.0000000000
1199 -1595.0000000000
1200 -1594.0000000000
1203 -1593.0000000000
1219 -1592.0000000000
1223 -1591.0000000000
1229 -1590.0000000000
1231 -1589.0000000000
1235 -1588.0000000000
1236 -1587.0000000000
1239 -1586.0000000000
1240 -1585.0000000000
1245 -1584.0000000000
1263 -1583.0000000000
1264 -1582.0000000000
1270 -1581.0000000000
1271 -1580.0000000000
1275 -1579.0000000000
1283 -1578.0000000000
1286 -1577.0000000000
1292 -1576.0000000000
1304 -1575.0000000000
1308 -1574.0000000000
1319 -1573.0000000000
1324 -1572.0000000000
1326 -1571.0000000000
1330 -1570.0000000000
1331 -1567.0000000000
1334 -1566.0000000000
1345 -1565.0000000000
1346 -1564.0000000000
1349 -1563.0000000000
1350 -1562.0000000000
1351 -1561.0000000000
1354 -1560.0000000000
1357 -1559.0000000000
1359 -1558.0000000000
1365 -1557.0000000000
1378 -1555.0000000000
1379 -1554.0000000000
1385 -1553.0000000000
1390 -1552.0000000000
1401 -1551.0000000000
1405 -1550.0000000000
1412 -1549.0000000000
1413 -1548.0000000000
1422 -1547.0000000000
1424 -1545.0000000000
1428 -1544.0000000000
1435 -1543.0000000000
1436 -1542.0000000000
1437 -1541.0000000000
1462 -1540.0000000000
1467 -1539.0000000000
1468 -1538.0000000000
1474 -1537.0000000000
1478 -1536.0000000000
1480 -1535.0000000000
1483 -1534.0000000000
1484 -1533.0000000000
1489 -1532.0000000000
1491 -1531.0000000000
1494 -1530.0000000000
1495 -1529.0000000000
1530 -1528.0000000000
1531 -1527.0000000000
1544 -1524.0000000000
1545 -1523.0000000000
1550 -1522.0000000000
1551 -1521.0000000000
1557 -1520.0000000000
1561 -1519.0000000000
1569 -1518.0000000000
1572 -1517.0000000000
1573 -1515.0000000000
1574 -1514.0000000000
1579 -1513.0000000000
1582 -1510.0000000000
1583 -1509.0000000000
1587 -1508.0000000000
1591 -1507.0000000000
1592 -1506.0000000000
1600 -1505.0000000000
1608 -1502.0000000000
1615 -1500.0000000000
1621 -1499.0000000000
1631 -1498.0000000000
1641 -1497.0000000000
1642 -1496.0000000000
1643 -1495.0000000000
1650 -1494.0000000000
1654 -1493.0000000000
1661 -1492.0000000000
1680 -1491.0000000000
1697 -1490.0000000000
1704 -1489.0000000000
1711 -1487.0000000000
1712 -1486.0000000000
1714 -1485.0000000000
1716 -1484.0000000000
1723 -1483.0000000000
1727 -1482.0000000000
1758 -1481.0000000000
1761 -1479.0000000000
1762 -1478.0000000000
1764 -1477.0000000000
1773 -1476.0000000000
1776 -1475.0000000000
1780 -1473.0000000000
1783 -1472.0000000000
1792 -1471.0000000000
1794 -1470.0000000000
1805 -1468.0000000000
1806 -1467.0000000000
1810 -1466.0000000000
1812 -1465.0000000000
1816 -1464.0000000000
1817 -1463.0000000000
1819 -1462.0000000000
1823 -1461.0000000000
1824 -1460.0000000000
1828 -1459.0000000000
1831 -1458.0000000000
1840 -1457.0000000000
1846 -1456.0000000000
1847 -1455.0000000000
1850 -1454.0000000000
1851 -1452.0000000000
1854 -1451.0000000000
1859 -1450.0000000000
1865 -1449.0000000000
1885 -1448.0000000000
1888 -1446.0000000000
1889 -1445.0000000000
1890 -1443.0000000000
1892 -1441.0000000000
1895 -1440.0000000000
1900 -1439.0000000000
1903 -1436.0000000000
1904 -1435.0000000000
1917 -1433.0000000000
1922 -1432.0000000000
1928 -1431.0000000000
1930 -1430.0000000000
1934 -1428.0000000000
1942 -1427.0000000000
1954 -1426.0000000000
1961 -1424.0000000000
1969 -1423.0000000000
1970 -1422.0000000000
1976 -1421.0000000000
1983 -1420.0000000000
1985 -1419.0000000000
1994 -1418.0000000000
1999 -1416.0000000000
2000 -1415.0000000000
2003 -1414.0000000000
2008 -1413.0000000000
2017 -1412.0000000000
2019 -1411.0000000000
2023 -1410.0000000000
2032 -1407.0000000000
2033 -1405.0000000000
2036 -1404.0000000000
2040 -1403.0000000000
2043 -1402.0000000000
2045 -1401.0000000000
2047 -1400.0000000000
2049 -1399.0000000000
2058 -1398.0000000000
2062 -1397.0000000000
2067 -1396.0000000000
2068 -1395.0000000000
2070 -1394.0000000000
2073 -1393.0000000000
2074 -1392.0000000000
2079 -1391.0000000000
2080 -1390.0000000000
2087 -1389.0000000000
2090 -1388.0000000000
2092 -1387.0000000000
2099 -1385.0000000000
2101 -1383.0000000000
2107 -1381.0000000000
2117 -1380.0000000000
2121 -1379.0000000000
2127 -1378.0000000000
2130 -1377.0000000000
2143 -1376.0000000000
2145 -1375.0000000000
2151 -1374.0000000000
2158 -1373.0000000000
2161 -1372.0000000000
2165 -1371.0000000000
2168 -1370.0000000000
2174 -1368.0000000000
2175 -1367.0000000000
2178 -1366.0000000000
2181 -1365.0000000000
2183 -1364.0000000000
2184 -1363.0000000000
2189 -1362.0000000000
2197 -1361.0000000000
2214 -1360.0000000000
2216 -1359.0000000000
2217 -1357.0000000000
2219 -1355.0000000000
2220 -1354.0000000000
2226 -1353.0000000000
2227 -1352.0000000000
2228 -1351.0000000000
2232 -1350.0000000000
2237 -1348.0000000000
2256 -1347.0000000000
2257 -1346.0000000000
2259 -1345.0000000000
2262 -1344.0000000000
2267 -1343.0000000000
2273 -1340.0000000000
2275 -1339.0000000000
2284 -1338.0000000000
2297 -1337.0000000000
2318 -1335.0000000000
2319 -1334.0000000000
2320 -1333.0000000000
2322 -1332.0000000000
2330 -1331.0000000000
2331 -1330.0000000000
2332 -1328.0000000000
2334 -1327.0000000000
2340 -1326.0000000000
2342 -1325.0000000000
2349 -1324.0000000000
2357 -1323.0000000000
2362 -1322.0000000000
2370 -1321.0000000000
2371 -1320.0000000000
2372 -1319.0000000000
2388 -1318.0000000000
2392 -1316.0000000000
2396 -1315.0000000000
2397 -1314.0000000000
2398 -1313.0000000000
2405 -1311.0000000000
2411 -1310.0000000000
2416 -1308.0000000000
2418 -1307.0000000000
2423 -1306.0000000000
2432 -1305.0000000000
2437 -1304.0000000000
2440 -1302.0000000000
2449 -1301.0000000000
2462 -1300.0000000000
2464 -1299.0000000000
2483 -1298.0000000000
2490 -1297.0000000000
2493 -1296.0000000000
2498 -1295.0000000000
2505 -1294.0000000000
2513 -1293.0000000000
2517 -1292.0000000000
2529 -1291.0000000000
2533 -1290.0000000000
2537 -1289.0000000000
2550 -1288.0000000000
2551 -1287.0000000000
2553 -1285.0000000000
2554 -1284.0000000000
2561 -1283.0000000000
2562 -1282.0000000000
2568 -1281.0000000000
2574 -1280.0000000000
2576 -1279.0000000000
2615 -1277.0000000000
2616 -1276.0000000000
2621 -1275.0000000000
2647 -1274.0000000000
2648 -1273.0000000000
2657 -1271.0000000000
2660 -1270.0000000000
2665 -1269.0000000000
2676 -1268.0000000000
2677 -1267.0000000000
2685 -1266.0000000000
2690 -1265.0000000000
2707 -1264.0000000000
2712 -1263.0000000000
2719 -1262.0000000000
2720 -1261.0000000000
2730 -1260.0000000000
2737 -1257.0000000000
2753 -1256.0000000000
2757 -1255.0000000000
2766 -1254.0000000000
2772 -1252.0000000000
2778 -1251.0000000000
2793 -1250.0000000000
2794 -1249.0000000000
2799 -1248.0000000000
2803 -1247.0000000000
2814 -1246.0000000000
2821 -1245.0000000000
2830 -1244.0000000000
2833 -1243.0000000000
2834 -1242.0000000000
2837 -1241.0000000000
2839 -1240.0000000000
2848 -1239.0000000000
2855 -1236.0000000000
2873 -1235.0000000000
2888 -1234.0000000000
2899 -1232.0000000000
2908 -1231.0000000000
2918 -1230.0000000000
2932 -1228.0000000000
2936 -1227.0000000000
2954 -1226.0000000000
2958 -1225.0000000000
2960 -1224.0000000000
2969 -1222.0000000000
2976 -1221.0000000000
2982 -1220.0000000000
2987 -1219.0000000000
2994 -1218.0000000000
2995 -1217.0000000000
3011 -1216.0000000000
3023 -1215.0000000000
3024 -1213.0000000000
3035 -1211.0000000000
3041 -1210.0000000000
3044 -1209.0000000000
3048 -1208.0000000000
3050 -1206.0000000000
3058 -1205.0000000000
3059 -1204.0000000000
3060 -1203.0000000000
3061 -1202.0000000000
3065 -1200.0000000000
3070 -1199.0000000000
3075 -1197.0000000000
3077 -1196.0000000000
3090 -1194.0000000000
3097 -1193.0000000000
3118 -1191.0000000000
3122 -1190.0000000000
3123 -1189.0000000000
3129 -1188.0000000000
3131 -1186.0000000000
3135 -1185.0000000000
3141 -1184.0000000000
3146 -1182.0000000000
3148 -1181.0000000000
3155 -1180.0000000000
3166 -1179.0000000000
3171 -1178.0000000000
3172 -1177.0000000000
3174 -1176.0000000000
3176 -1175.0000000000
3185 -1174.0000000000
3194 -1173.0000000000
3195 -1172.0000000000
3208 -1170.0000000000
3211 -1169.0000000000
3220 -1168.0000000000
3236 -1167.0000000000
3237 -1166.0000000000
3242 -1165.0000000000
3243 -1164.0000000000
3250 -1163.0000000000
3251 -1162.0000000000
3264 -1160.0000000000
3267 -1159.0000000000
3272 -1156.0000000000
3274 -1154.0000000000
3277 -1152.0000000000
3282 -1151.0000000000
3283 -1150.0000000000
3291 -1149.0000000000
3294 -1147.0000000000
3297 -1146.0000000000
3301 -1145.0000000000
3309 -1144.0000000000
3312 -1143.0000000000
3316 -1141.0000000000
3328 -1140.0000000000
3335 -1139.0000000000
3337 -1138.0000000000
3340 -1137.0000000000
3343 -1136.0000000000
3348 -1134.0000000000
3358 -1133.0000000000
3364 -1132.0000000000
3376 -1131.0000000000
3380 -1130.0000000000
3385 -1129.0000000000
3389 -1128.0000000000
3394 -1127.0000000000
3400 -1126.0000000000
3403 -1125.0000000000
3405 -1124.0000000000
3411 -1123.0000000000
3431 -1122.0000000000
3443 -1121.0000000000
3450 -1120.0000000000
3474 -1119.0000000000
3475 -1118.0000000000
3476 -1117.0000000000
3477 -1116.0000000000
3478 -1115.0000000000
3488 -1114.0000000000
3491 -1113.0000000000
3492 -1112.0000000000
3499 -1111.0000000000
3500 -1109.0000000000
3502 -1108.0000000000
3505 -1107.0000000000
3510 -1106.0000000000
3520 -1105.0000000000
3522 -1103.0000000000
3529 -1102.0000000000
3530 -1101.0000000000
3537 -1100.0000000000
3540 -1099.0000000000
3549 -1097.0000000000
3553 -1096.0000000000
3566 -1095.0000000000
3571 -1094.0000000000
3573 -1093.0000000000
3576 -1092.0000000000
3601 -1091.0000000000
3602 -1090.0000000000
3604 -1089.0000000000
3613 -1088.0000000000
3620 -1087.0000000000
3621 -1086.0000000000
3632 -1085.0000000000
3636 -1084.0000000000
3657 -1083.0000000000
3664 -1082.0000000000
3667 -1081.0000000000
3678 -1080.0000000000
3684 -1079.0000000000
3691 -1077.0000000000
3695 -1076.0000000000
3702 -1075.0000000000
3722 -1074.0000000000
3724 -1073.0000000000
3733 -1072.0000000000
3739 -1071.0000000000
3741 -1070.0000000000
3742 -1069.0000000000
3743 -1068.0000000000
3745 -1067.0000000000
3757 -1066.0000000000
3761 -1065.0000000000
3771 -1064.0000000000
3772 -1063.0000000000
3778 -1062.0000000000
3793 -1061.0000000000
3799 -1060.0000000000
3804 -1059.0000000000
3806 -1058.0000000000
3812 -1057.0000000000
3816 -1056.0000000000
3827 -1055.0000000000
3853 -1054.0000000000
3856 -1053.0000000000
3857 -1052.0000000000
3862 -1051.0000000000
3865 -1050.0000000000
3866 -1049.0000000000
3867 -1048.0000000000
3875 -1047.0000000000
3878 -1046.0000000000
3889 -1045.0000000000
3892 -1044.0000000000
3896 -1043.0000000000
3901 -1042.0000000000
3902 -1041.0000000000
3903 -1039.0000000000
3917 -1038.0000000000
3938 -1037.0000000000
3948 -1036.0000000000
3966 -1035.0000000000
3967 -1034.0000000000
3974 -1033.0000000000
3985 -1032.0000000000
3997 -1031.0000000000
3998 -1030.0000000000
4006 -1029.0000000000
4021 -1028.0000000000
4040 -1027.0000000000
4059 -1026.0000000000
4066 -1025.0000000000
4070 -1024.0000000000
4083 -1023.0000000000
4087 -1022.0000000000
4091 -1021.0000000000
4105 -1020.0000000000
4113 -1019.0000000000
4115 -1018.0000000000
4126 -1017.0000000000
4135 -1016.0000000000
4139 -1015.0000000000
4140 -1014.0000000000
4152 -1013.0000000000
4153 -1012.0000000000
4168 -1011.0000000000
4171 -1010.0000000000
4176 -1009.0000000000
4202 -1008.0000000000
4212 -1007.0000000000
4213 -1006.0000000000
4229 -1005.0000000000
4235 -1004.0000000000
4246 -1003.0000000000
4250 -1002.0000000000
4259 -1001.0000000000
4261 -1000.0000000000
4271 -999.0000000000
4272 -998.0000000000
4281 -997.0000000000
4283 -996.0000000000
4301 -995.0000000000
4307 -993.0000000000
4309 -992.0000000000
4314 -991.0000000000
4340 -990.0000000000
4343 -989.0000000000
4351 -987.0000000000
4359 -986.0000000000
4371 -985.0000000000
4374 -984.0000000000
4387 -983.0000000000
4395 -981.0000000000
4402 -980.0000000000
4404 -979.0000000000
4419 -978.0000000000
4431 -977.0000000000
4432 -975.0000000000
4446 -974.0000000000
4460 -973.0000000000
4462 -972.0000000000
4475 -970.0000000000
4520 -969.0000000000
4525 -968.0000000000
4528 -967.0000000000
4534 -966.0000000000
4538 -965.0000000000
4546 -964.0000000000
4548 -963.0000000000
4552 -962.0000000000
4563 -961.0000000000
4565 -960.0000000000
4594 -959.0000000000
4595 -958.0000000000
4603 -957.0000000000
4604 -956.0000000000
4613 -954.0000000000
4617 -952.0000000000
4624 -951.0000000000
4658 -950.0000000000
4667 -949.0000000000
4685 -948.0000000000
4689 -947.0000000000
4691 -946.0000000000
4693 -945.0000000000
4695 -944.0000000000
4705 -943.0000000000
4706 -942.0000000000
4720 -941.0000000000
4724 -940.0000000000
4726 -939.0000000000
4727 -938.0000000000
4735 -937.0000000000
4740 -936.0000000000
4742 -935.0000000000
4764 -934.0000000000
4767 -933.0000000000
4776 -932.0000000000
4784 -931.0000000000
4789 -930.0000000000
4800 -929.0000000000
4801 -928.0000000000
4810 -927.0000000000
4812 -926.0000000000
4814 -925.0000000000
4818 -924.0000000000
4819 -923.0000000000
4824 -922.0000000000
4827 -921.0000000000
4833 -920.0000000000
4870 -918.0000000000
4871 -917.0000000000
4891 -916.0000000000
4894 -915.0000000000
4903 -914.0000000000
4904 -913.0000000000
4910 -912.0000000000
4937 -910.0000000000
4944 -909.0000000000
4947 -908.0000000000
4958 -907.0000000000
4963 -906.0000000000
4982 -905.0000000000
4990 -904.0000000000
5000 -903.0000000000
5008 -902.0000000000
5015 -900.0000000000
5022 -899.0000000000
5025 -898.0000000000
5028 -896.0000000000
5033 -893.0000000000
5052 -892.0000000000
5053 -891.0000000000
5064 -890.0000000000
5067 -889.0000000000
5099 -888.0000000000
5117 -887.0000000000
5121 -886.0000000000
5130 -885.0000000000
5134 -884.0000000000
5139 -883.0000000000
5150 -882.0000000000
5157 -881.0000000000
5158 -880.0000000000
5168 -879.0000000000
5186 -878.0000000000
5187 -877.0000000000
5195 -876.0000000000
5202 -875.0000000000
5205 -874.0000000000
5218 -872.0000000000
5219 -871.0000000000
5244 -870.0000000000
5246 -869.0000000000
5250 -868.0000000000
5257 -867.0000000000
5263 -866.0000000000
5266 -865.0000000000
5283 -864.0000000000
5289 -862.0000000000
5312 -861.0000000000
5314 -859.0000000000
5316 -858.0000000000
5322 -857.0000000000
5326 -856.0000000000
5341 -855.0000000000
5347 -854.0000000000
5356 -853.0000000000
5358 -852.0000000000
5367 -851.0000000000
5382 -850.0000000000
5406 -849.0000000000
5410 -848.0000000000
5427 -847.0000000000
5437 -846.0000000000
5438 -845.0000000000
5456 -843.0000000000
5469 -842.0000000000
5483 -841.0000000000
5488 -840.0000000000
5513 -839.0000000000
5524 -838.0000000000
5525 -837.0000000000
5529 -836.0000000000
5531 -835.0000000000
5536 -834.0000000000
5571 -833.0000000000
5576 -832.0000000000
5592 -830.0000000000
5596 -829.0000000000
5609 -828.0000000000
5616 -827.0000000000
5619 -826.0000000000
5627 -825.0000000000
5628 -824.0000000000
5632 -823.0000000000
5646 -822.0000000000
5651 -821.0000000000
5662 -819.0000000000
5685 -818.0000000000
5721 -817.0000000000
5734 -816.0000000000
5735 -815.0000000000
5742 -814.0000000000
5758 -813.0000000000
5767 -812.0000000000
5773 -811.0000000000
5775 -810.0000000000
5778 -809.0000000000
5781 -808.0000000000
5791 -807.0000000000
5795 -806.0000000000
5815 -805.0000000000
5817 -804.0000000000
5837 -803.0000000000
5842 -802.0000000000
5845 -801.0000000000
5848 -800.0000000000
5866 -799.0000000000
5878 -798.0000000000
5906 -797.0000000000
5911 -796.0000000000
5914 -795.0000000000
5925 -794.0000000000
5927 -793.0000000000
5929 -792.0000000000
5930 -791.0000000000
5948 -790.0000000000
5955 -788.0000000000
5981 -787.0000000000
5987 -786.0000000000
6005 -785.0000000000
6015 -784.0000000000
6020 -783.0000000000
6026 -782.0000000000
6033 -781.0000000000
6080 -780.0000000000
6081 -779.0000000000
6109 -778.0000000000
6118 -777.0000000000
6119 -775.0000000000
6132 -774.0000000000
6136 -773.0000000000
6162 -772.0000000000
6165 -771.0000000000
6180 -770.0000000000
6186 -769.0000000000
6199 -768.0000000000
6205 -767.0000000000
6212 -766.0000000000
6222 -765.0000000000
6249 -764.0000000000
6261 -762.0000000000
6278 -761.0000000000
6314 -760.0000000000
6316 -759.0000000000
6317 -758.0000000000
6318 -757.0000000000
6330 -756.0000000000
6338 -755.0000000000
6366 -754.0000000000
6377 -753.0000000000
6390 -752.0000000000
6391 -751.0000000000
6399 -750.0000000000
6400 -749.0000000000
6402 -748.0000000000
6409 -747.0000000000
6412 -746.0000000000
6414 -745.0000000000
6419 -744.0000000000
6438 -743.0000000000
6447 -742.0000000000
6450 -741.0000000000
6454 -740.0000000000
6457 -739.0000000000
6467 -738.0000000000
6482 -737.0000000000
6489 -736.0000000000
6493 -735.0000000000
6499 -733.0000000000
6505 -732.0000000000
6525 -731.0000000000
6534 -730.0000000000
6560 -729.0000000000
6565 -728.0000000000
6585 -727.0000000000
6586 -726.0000000000
6590 -725.0000000000
6600 -723.0000000000
6611 -722.0000000000
6629 -721.0000000000
6630 -720.0000000000
6635 -719.0000000000
6642 -718.0000000000
6674 -717.0000000000
6675 -716.0000000000
6687 -714.0000000000
6700 -713.0000000000
6716 -712.0000000000
6733 -711.0000000000
6749 -710.0000000000
6758 -709.0000000000
6759 -708.0000000000
6763 -707.0000000000
6780 -706.0000000000
6784 -705.0000000000
6796 -704.0000000000
6811 -703.0000000000
6828 -702.0000000000
6837 -701.0000000000
6839 -699.0000000000
6869 -698.0000000000
6885 -697.0000000000
6894 -696.0000000000
6903 -695.0000000000
6908 -694.0000000000
6914 -693.0000000000
6919 -692.0000000000
6921 -691.0000000000
6924 -690.0000000000
6952 -689.0000000000
6953 -688.0000000000
6968 -686.0000000000
6996 -685.0000000000
7013 -683.0000000000
7028 -682.0000000000
7031 -681.0000000000
7044 -680.0000000000
7058 -678.0000000000
7068 -677.0000000000
7080 -676.0000000000
7142 -675.0000000000
7143 -674.0000000000
7146 -673.0000000000
7199 -672.0000000000
7224 -671.0000000000
7239 -670.0000000000
7257 -669.0000000000
7267 -668.0000000000
7270 -667.0000000000
7283 -666.0000000000
7288 -665.0000000000
7291 -664.0000000000
7304 -663.0000000000
7312 -662.0000000000
7334 -661.0000000000
7396 -660.0000000000
7430 -659.0000000000
7440 -658.0000000000
7443 -657.0000000000
7462 -656.0000000000
7500 -655.0000000000
7508 -654.0000000000
7514 -653.0000000000
7534 -652.0000000000
7551 -651.0000000000
7558 -650.0000000000
7563 -648.0000000000
7571 -647.0000000000
7573 -646.0000000000
7597 -645.0000000000
7625 -644.0000000000
7628 -643.0000000000
7630 -642.0000000000
7645 -641.0000000000
7668 -640.0000000000
7673 -639.0000000000
7694 -638.0000000000
7696 -637.0000000000
7714 -636.0000000000
7716 -635.0000000000
7749 -634.0000000000
7765 -632.0000000000
7804 -631.0000000000
7860 -630.0000000000
7889 -629.0000000000
7893 -628.0000000000
7898 -627.0000000000
7926 -626.0000000000
7929 -625.0000000000
7943 -624.0000000000
7964 -622.0000000000
7969 -620.0000000000
7976 -619.0000000000
7995 -618.0000000000
8029 -617.0000000000
8034 -616.0000000000
8048 -615.0000000000
8060 -614.0000000000
8064 -613.0000000000
8066 -612.0000000000
8108 -611.0000000000
8120 -610.0000000000
8123 -609.0000000000
8130 -608.0000000000
8158 -607.0000000000
8174 -606.0000000000
8189 -604.0000000000
8190 -603.0000000000
8202 -602.0000000000
8205 -601.0000000000
8229 -600.0000000000
8245 -599.0000000000
8270 -598.0000000000
8281 -597.0000000000
8283 -596.0000000000
8335 -595.0000000000
8338 -594.0000000000
8345 -593.0000000000
8352 -592.0000000000
8367 -591.0000000000
8380 -590.0000000000
8393 -589.0000000000
8409 -587.0000000000
8412 -586.0000000000
8419 -585.0000000000
8423 -584.0000000000
8428 -583.0000000000
8442 -582.0000000000
8443 -581.0000000000
8454 -580.0000000000
8485 -579.0000000000
8493 -578.0000000000
8505 -577.0000000000
8532 -576.0000000000
8549 -575.0000000000
8598 -574.0000000000
8653 -573.0000000000
8657 -572.0000000000
8664 -571.0000000000
8673 -570.0000000000
8681 -569.0000000000
8682 -568.0000000000
8684 -567.0000000000
8685 -566.0000000000
8689 -564.0000000000
8709 -563.0000000000
8721 -562.0000000000
8739 -561.0000000000
8751 -560.0000000000
8773 -559.0000000000
8775 -558.0000000000
8781 -557.0000000000
8788 -556.0000000000
8796 -555.0000000000
8807 -554.0000000000
8810 -553.0000000000
8837 -552.0000000000
8848 -551.0000000000
8872 -550.0000000000
8875 -549.0000000000
8892 -548.0000000000
8899 -547.0000000000
8910 -546.0000000000
8926 -545.0000000000
8928 -544.0000000000
8949 -543.0000000000
8953 -542.0000000000
8985 -541.0000000000
8986 -540.0000000000
8996 -539.0000000000
9005 -538.0000000000
9033 -537.0000000000
9069 -536.0000000000
9071 -535.0000000000
9119 -534.0000000000
9132 -533.0000000000
9138 -532.0000000000
9148 -531.0000000000
9162 -530.0000000000
9210 -529.0000000000
9215 -528.0000000000
9259 -527.0000000000
9284 -526.0000000000
9291 -525.0000000000
9292 -524.0000000000
9314 -523.0000000000
9334 -522.0000000000
9335 -521.0000000000
9354 -520.0000000000
9395 -518.0000000000
9447 -517.0000000000
9454 -516.0000000000
9471 -515.0000000000
9498 -514.0000000000
9518 -513.0000000000
9591 -512.0000000000
9610 -511.0000000000
9614 -510.0000000000
9625 -509.0000000000
9627 -508.0000000000
9662 -507.0000000000
9665 -506.0000000000
9675 -505.0000000000
9680 -504.0000000000
9684 -503.0000000000
9718 -502.0000000000
9747 -501.0000000000
9752 -500.0000000000
9760 -499.0000000000
9777 -498.0000000000
9780 -497.0000000000
9783 -496.0000000000
9792 -495.0000000000
9804 -494.0000000000
9824 -493.0000000000
9830 -492.0000000000
9844 -490.0000000000
9846 -489.0000000000
9852 -488.0000000000
9857 -487.0000000000
9866 -486.0000000000
9890 -485.0000000000
9925 -483.0000000000
9936 -482.0000000000
9948 -481.0000000000
9963 -480.0000000000
9971 -479.0000000000
9991 -478.0000000000
10000 -478.0000000000
evaluations raw_y
1 -1885.0000000000
2 -1884.0000000000
4 -1883.0000000000
14 -1882.0000000000
15 -1881.0000000000
19 -1880.0000000000
27 -1878.0000000000
35 -1877.0000000000
40 -1875.0000000000
42 -1874.0000000000
44 -1872.0000000000
52 -1871.0000000000
56 -1870.0000000000
62 -1869.0000000000
63 -1868.0000000000
73 -1867.0000000000
83 -1865.0000000000
92 -1864.0000000000
102 -1862.0000000000
105 -1861.0000000000
109 -1859.0000000000
111 -1858.0000000000
114 -1857.0000000000
115 -1854.0000000000
117 -1853.0000000000
127 -1852.0000000000
130 -1851.0000000000
131 -1850.0000000000
138 -1849.0000000000
142 -1848.0000000000
143 -1846.0000000000
146 -1844.0000000000
150 -1843.0000000000
153 -1842.0000000000
157 -1841.0000000000
158 -1840.0000000000
161 -1839.0000000000
166 -1838.0000000000
167 -1837.0000000000
170 -1836.0000000000
171 -1835.0000000000
178 -1834.0000000000
182 -1833.0000000000
183 -1832.0000000000
187 -1831.0000000000
190 -1828.0000000000
191 -1827.0000000000
192 -1826.0000000000
193 -1825.0000000000
197 -1823.0000000000
200 -1822.0000000000
206 -1820.0000000000
214 -1819.0000000000
223 -1818.0000000000
234 -1817.0000000000
237 -1815.0000000000
238 -1814.0000000000
241 -1813.0000000000
243 -1812.0000000000
245 -1809.0000000000
252 -1807.0000000000
256 -1806.0000000000
257 -1805.0000000000
264 -1801.0000000000
265 -1800.0000000000
266 -1798.0000000000
273 -1797.0000000000
274 -1794.0000000000
275 -1793.0000000000
276 -1791.0000000000
277 -1790.0000000000
279 -1789.0000000000
284 -1787.0000000000
286 -1785.0000000000
287 -1784.0000000000
290 -1783.0000000000
305 -1781.0000000000
306 -1780.0000000000
309 -1778.0000000000
312 -1777.0000000000
313 -1776.0000000000
319 -1775.0000000000
323 -1774.0000000000
324 -1773.0000000000
328 -1772.0000000000
330 -1771.0000000000
333 -1770.0000000000
334 -1769.0000000000
340 -1768.0000000000
342 -1765.0000000000
346 -1764.0000000000
348 -1763.0000000000
357 -1762.0000000000
362 -1760.0000000000
372 -1759.0000000000
377 -1758.0000000000
382 -1757.0000000000
385 -1754.0000000000
386 -1752.0000000000
387 -1751.0000000000
389 -1750.0000000000
395 -1749.0000000000
399 -1748.0000000000
400 -1746.0000000000
401 -1745.0000000000
402 -1744.0000000000
403 -1741.0000000000
404 -1740.0000000000
406 -1739.0000000000
408 -1738.0000000000
411 -1736.0000000000
427 -1734.0000000000
428 -1733.0000000000
430 -1732.0000000000
446 -1731.0000000000
450 -1730.0000000000
453 -1729.0000000000
454 -1728.0000000000
457 -1727.0000000000
462 -1726.0000000000
472 -1725.0000000000
473 -1724.0000000000
474 -1723.0000000000
479 -1721.0000000000
484 -1720.0000000000
489 -1719.0000000000
504 -1718.0000000000
520 -1717.0000000000
524 -1715.0000000000
531 -1714.0000000000
534 -1713.0000000000
539 -1712.0000000000
546 -1711.0000000000
549 -1710.0000000000
554 -1708.0000000000
559 -1707.0000000000
563 -1706.0000000000
564 -1705.0000000000
569 -1703.0000000000
575 -1702.0000000000
576 -1701.0000000000
581 -1700.0000000000
590 -1699.0000000000
592 -1697.0000000000
597 -1696.0000000000
602 -1695.0000000000
609 -1694.0000000000
612 -1693.0000000000
625 -1692.0000000000
629 -1691.0000000000
636 -1690.0000000000
637 -1689.0000000000
644 -1688.0000000000
648 -1687.0000000000
649 -1686.0000000000
652 -1684.0000000000
653 -1683.0000000000
654 -1682.0000000000
658 -1681.0000000000
663 -1680.0000000000
665 -1679.0000000000
685 -1678.0000000000
686 -1677.0000000000
689 -1676.0000000000
693 -1675.0000000000
694 -1674.0000000000
696 -1673.0000000000
697 -1672.0000000000
700 -1671.0000000000
704 -1670.0000000000
711 -1669.0000000000
715 -1668.0000000000
718 -1667.0000000000
719 -1665.0000000000
721 -1664.0000000000
724 -1663.0000000000
725 -1662.0000000000
726 -1660.0000000000
734 -1659.0000000000
735 -1657.0000000000
737 -1656.0000000000
756 -1653.0000000000
766 -1652.0000000000
772 -1651.0000000000
775 -1648.0000000000
781 -1647.0000000000
782 -1646.0000000000
796 -1644.0000000000
798 -1642.0000000000
799 -1641.0000000000
800 -1640.0000000000
801 -1639.0000000000
806 -1637.0000000000
807 -1636.0000000000
810 -1635.0000000000
817 -1634.0000000000
820 -1633.0000000000
822 -1632.0000000000
827 -1631.0000000000
830 -1628.0000000000
837 -1627.0000000000
838 -1626.0000000000
840 -1625.0000000000
843 -1624.0000000000
848 -1623.0000000000
850 -1622.0000000000
853 -1620.0000000000
854 -1618.0000000000
859 -1617.0000000000
860 -1616.0000000000
862 -1615.0000000000
864 -1614.0000000000
875 -1613.0000000000
876 -1612.0000000000
877 -1611.0000000000
879 -1610.0000000000
881 -1608.0000000000
886 -1607.0000000000
888 -1606.0000000000
897 -1605.0000000000
899 -1604.0000000000
900 -1603.0000000000
905 -1602.0000000000
906 -1601.0000000000
907 -1600.0000000000
909 -1599.0000000000
911 -1598.0000000000
919 -1597.0000000000
921 -1596.0000000000
926 -1594.0000000000
931 -1593.0000000000
936 -1592.0000000000
939 -1591.0000000000
943 -1590.0000000000
944 -1589.0000000000
946 -1588.0000000000
947 -1587.0000000000
948 -1586.0000000000
949 -1585.0000000000
951 -1584.0000000000
957 -1583.0000000000
960 -1582.0000000000
972 -1581.0000000000
975 -1579.0000000000
976 -1577.0000000000
978 -1576.0000000000
984 -1574.0000000000
993 -1573.0000000000
998 -1572.0000000000
1001 -1571.0000000000
1007 -1570.0000000000
1011 -1569.0000000000
1041 -1567.0000000000
1043 -1566.0000000000
1047 -1565.0000000000
1048 -1564.0000000000
1057 -1563.0000000000
1060 -1562.0000000000
1061 -1561.0000000000
1079 -1559.0000000000
1083 -1558.0000000000
1085 -1557.0000000000
1090 -1556.0000000000
1094 -1555.0000000000
1096 -1554.0000000000
1097 -1553.0000000000
1100 -1552.0000000000
1105 -1550.0000000000
1111 -1549.0000000000
1125 -1548.0000000000
1130 -1547.0000000000
1134 -1546.0000000000
1140 -1545.0000000000
1141 -1544.0000000000
1144 -1543.0000000000
1150 -1542.0000000000
1156 -1541.0000000000
1164 -1540.0000000000
1171 -1539.0000000000
1178 -1538.0000000000
1184 -1537.0000000000
1190 -1536.0000000000
1193 -1535.0000000000
1197 -1534.0000000000
1199 -1533.0000000000
1204 -1532.0000000000
1215 -1531.0000000000
1217 -1530.0000000000
1219 -1529.0000000000
1224 -1528.0000000000
1235 -1526.0000000000
1239 -1525.0000000000
1241 -1524.0000000000
1249 -1522.0000000000
1257 -1520.0000000000
1261 -1519.0000000000
1262 -1517.0000000000
1264 -1516.0000000000
1266 -1515.0000000000
1270 -1514.0000000000
1273 -1513.0000000000
1284 -1512.0000000000
1288 -1511.0000000000
1301 -1509.0000000000
1310 -1508.0000000000
1315 -1507.0000000000
1320 -1506.0000000000
1321 -1505.0000000000
1324 -1504.0000000000
1326 -1503.0000000000
1328 -1502.0000000000
1329 -1501.0000000000
1337 -1500.0000000000
1338 -1498.0000000000
1346 -1497.0000000000
1349 -1496.0000000000
1365 -1495.0000000000
1373 -1494.0000000000
1377 -1493.0000000000
1387 -1491.0000000000
1394 -1490.0000000000
1398 -1489.0000000000
1408 -1488.0000000000
1416 -1487.0000000000
1426 -1486.0000000000
1427 -1485.0000000000
1433 -1482.0000000000
1437 -1481.0000000000
1440 -1480.0000000000
1442 -1479.0000000000
1443 -1478.0000000000
1448 -1477.0000000000
1451 -1476.0000000000
1456 -1475.0000000000
1458 -1474.0000000000
1459 -1473.0000000000
1465 -1472.0000000000
1468 -1471.0000000000
1470 -1470.0000000000
1479 -1469.0000000000
1480 -1467.0000000000
1489 -1463.0000000000
1492 -1461.0000000000
1494 -1460.0000000000
1495 -1459.0000000000
1498 -1458.0000000000
1516 -1457.0000000000
1521 -1456.0000000000
1528 -1455.0000000000
1530 -1454.0000000000
1531 -1453.0000000000
1537 -1452.0000000000
1543 -1451.0000000000
1545 -1450.0000000000
1547 -1449.0000000000
1548 -1448.0000000000
1560 -1447.0000000000
1561 -1446.0000000000
1562 -1445.0000000000
1569 -1444.0000000000
1580 -1443.0000000000
1583 -1442.0000000000
1587 -1441.0000000000
1590 -1440.0000000000
1592 -1438.0000000000
1600 -1436.0000000000
1612 -1435.0000000000
1626 -1434.0000000000
1631 -1433.0000000000
1633 -1432.0000000000
1644 -1431.0000000000
1645 -1430.0000000000
1653 -1429.0000000000
1655 -1428.0000000000
1656 -1427.0000000000
1658 -1426.0000000000
1667 -1425.0000000000
1678 -1424.0000000000
1680 -1423.0000000000
1708 -1421.0000000000
1713 -1420.0000000000
1716 -1418.0000000000
1719 -1417.0000000000
1721 -1416.0000000000
1733 -1414.0000000000
1735 -1413.0000000000
1751 -1412.0000000000
1761 -1411.0000000000
1766 -1410.0000000000
1776 -1409.0000000000
1786 -1408.0000000000
1790 -1407.0000000000
1795 -1406.0000000000
1796 -1405.0000000000
1809 -1404.0000000000
1814 -1403.0000000000
1817 -1402.0000000000
1826 -1401.0000000000
1827 -1400.0000000000
1829 -1399.0000000000
1830 -1397.0000000000
1848 -1396.0000000000
1859 -1395.0000000000
1870 -1394.0000000000
1871 -1392.0000000000
1878 -1391.0000000000
1883 -1390.0000000000
1888 -1389.0000000000
1894 -1388.0000000000
1895 -1387.0000000000
1897 -1386.0000000000
1899 -1385.0000000000
1903 -1384.0000000000
1909 -1383.0000000000
1911 -1382.0000000000
1929 -1381.0000000000
1939 -1380.0000000000
1948 -1378.0000000000
1950 -1375.0000000000
1954 -1374.0000000000
1962 -1373.0000000000
1972 -1372.0000000000
1976 -1371.0000000000
1978 -1370.0000000000
1986 -1367.0000000000
1990 -1366.0000000000
2000 -1365.0000000000
2006 -1364.0000000000
2011 -1363.0000000000
2024 -1361.0000000000
2025 -1360.0000000000
2032 -1359.0000000000
2036 -1358.0000000000
2038 -1357.0000000000
2040 -1356.0000000000
2044 -1355.0000000000
2047 -1354.0000000000
2051 -1353.0000000000
2052 -1352.0000000000
2062 -1351.0000000000
2068 -1350.0000000000
2079 -1349.0000000000
2087 -1348.0000000000
2096 -1347.0000000000
2103 -1346.0000000000
2107 -1344.0000000000
2124 -1343.0000000000
2125 -1342.0000000000
2127 -1341.0000000000
2130 -1340.0000000000
2131 -1339.0000000000
2136 -1338.0000000000
2149 -1337.0000000000
2153 -1336.0000000000
2154 -1335.0000000000
2169 -1334.0000000000
2177 -1332.0000000000
2184 -1331.0000000000
2192 -1329.0000000000
2205 -1328.0000000000
2210 -1327.0000000000
2212 -1326.0000000000
2213 -1325.0000000000
2220 -1324.0000000000
2224 -1323.0000000000
2232 -1322.0000000000
2234 -1321.0000000000
2235 -1320.0000000000
2241 -1319.0000000000
2247 -1318.0000000000
2250 -1317.0000000000
2251 -1315.0000000000
2253 -1314.0000000000
2264 -1313.0000000000
2267 -1311.0000000000
2277 -1310.0000000000
2286 -1308.0000000000
2309 -1307.0000000000
2314 -1306.0000000000
2326 -1305.0000000000
2337 -1304.0000000000
2338 -1303.0000000000
2339 -1302.0000000000
2341 -1301.0000000000
2342 -1300.0000000000
2347 -1299.0000000000
2349 -1297.0000000000
2353 -1295.0000000000
2356 -1294.0000000000
2365 -1293.0000000000
2380 -1292.0000000000
2382 -1291.0000000000
2385 -1290.0000000000
2388 -1289.0000000000
2390 -1287.0000000000
2400 -1286.0000000000
2413 -1285.0000000000
2415 -1284.0000000000
2417 -1283.0000000000
2426 -1282.0000000000
2433 -1281.0000000000
2434 -1280.0000000000
2446 -1279.0000000000
2460 -1278.0000000000
2469 -1277.0000000000
2470 -1276.0000000000
2477 -1275.0000000000
2482 -1274.0000000000
2490 -1273.0000000000
2502 -1272.0000000000
2507 -1271.0000000000
2512 -1270.0000000000
2514 -1269.0000000000
2517 -1268.0000000000
2519 -1267.0000000000
2520 -1266.0000000000
2521 -1264.0000000000
2526 -1263.0000000000
2538 -1261.0000000000
2540 -1260.0000000000
2547 -1259.0000000000
2551 -1258.0000000000
2563 -1256.0000000000
2565 -1254.0000000000
2567 -1253.0000000000
2576 -1252.0000000000
2578 -1251.0000000000
2579 -1250.0000000000
2582 -1249.0000000000
2583 -1246.0000000000
2588 -1245.0000000000
2593 -1244.0000000000
2605 -1243.0000000000
2612 -1242.0000000000
2613 -1240.0000000000
2615 -1239.0000000000
2622 -1238.0000000000
2625 -1237.0000000000
2631 -1236.0000000000
2636 -1235.0000000000
2638 -1233.0000000000
2647 -1232.0000000000
2649 -1231.0000000000
2660 -1230.0000000000
2668 -1228.0000000000
2672 -1227.0000000000
2683 -1226.0000000000
2687 -1225.0000000000
2692 -1224.0000000000
2693 -1223.0000000000
2738 -1222.0000000000
2753 -1221.0000000000
2757 -1220.0000000000
2763 -1218.0000000000
2764 -1217.0000000000
2766 -1216.0000000000
2767 -1215.0000000000
2770 -1214.0000000000
2778 -1213.0000000000
2779 -1212.0000000000
2791 -1211.0000000000
2795 -1209.0000000000
2805 -1208.0000000000
2818 -1207.0000000000
2819 -1206.0000000000
2825 -1205.0000000000
2840 -1204.0000000000
2845 -1202.0000000000
2849 -1201.0000000000
2850 -1200.0000000000
2852 -1199.0000000000
2855 -1198.0000000000
2865 -1197.0000000000
2870 -1196.0000000000
2875 -1195.0000000000
2883 -1194.0000000000
2920 -1193.0000000000
2934 -1192.0000000000
2941 -1191.0000000000
2957 -1190.0000000000
2960 -1188.0000000000
2965 -1187.0000000000
2970 -1186.0000000000
2972 -1185.0000000000
2973 -1183.0000000000
2978 -1182.0000000000
2983 -1181.0000000000
2992 -1179.0000000000
2993 -1178.0000000000
2996 -1177.0000000000
2998 -1176.0000000000
3003 -1175.0000000000
3005 -1173.0000000000
3006 -1172.0000000000
3007 -1171.0000000000
3010 -1170.0000000000
3015 -1169.0000000000
3025 -1168.0000000000
3031 -1167.0000000000
3035 -1166.0000000000
3039 -1165.0000000000
3045 -1164.0000000000
3046 -1163.0000000000
3053 -1162.0000000000
3060 -1161.0000000000
3074 -1160.0000000000
3075 -1159.0000000000
3084 -1158.0000000000
3086 -1157.0000000000
3099 -1156.0000000000
3100 -1154.0000000000
3102 -1153.0000000000
3105 -1152.0000000000
3108 -1151.0000000000
3110 -1150.0000000000
3113 -1149.0000000000
3125 -1148.0000000000
3142 -1146.0000000000
3156 -1145.0000000000
3161 -1142.0000000000
3163 -1141.0000000000
3172 -1140.0000000000
3189 -1139.0000000000
3190 -1138.0000000000
3191 -1137.0000000000
3206 -1136.0000000000
3212 -1135.0000000000
3214 -1134.0000000000
3225 -1133.0000000000
3226 -1132.0000000000
3243 -1131.0000000000
3246 -1130.0000000000
3247 -1129.0000000000
3248 -1128.0000000000
3256 -1126.0000000000
3258 -1125.0000000000
3259 -1124.0000000000
3266 -1122.0000000000
3267 -1121.0000000000
3275 -1120.0000000000
3276 -1119.0000000000
3281 -1118.0000000000
3282 -1117.0000000000
3283 -1116.0000000000
3294 -1114.0000000000
3303 -1113.0000000000
3305 -1112.0000000000
3318 -1111.0000000000
3320 -1110.0000000000
3332 -1109.0000000000
3338 -1108.0000000000
3343 -1106.0000000000
3349 -1105.0000000000
3365 -1104.0000000000
3367 -1103.0000000000
3368 -1102.0000000000
3376 -1101.0000000000
3377 -1100.0000000000
3397 -1098.0000000000
3398 -1097.0000000000
3425 -1096.0000000000
3426 -1095.0000000000
3439 -1093.0000000000
3453 -1092.0000000000
3459 -1091.0000000000
3460 -1090.0000000000
3470 -1089.0000000000
3472 -1088.0000000000
3493 -1087.0000000000
3508 -1086.0000000000
3520 -1085.0000000000
3521 -1084.0000000000
3537 -1083.0000000000
3543 -1082.0000000000
3559 -1081.0000000000
3564 -1080.0000000000
3597 -1079.0000000000
3608 -1078.0000000000
3619 -1077.0000000000
3633 -1074.0000000000
3638 -1073.0000000000
3651 -1072.0000000000
3654 -1070.0000000000
3663 -1069.0000000000
3675 -1067.0000000000
3679 -1066.0000000000
3689 -1065.0000000000
3690 -1064.0000000000
3703 -1063.0000000000
3708 -1062.0000000000
3710 -1061.0000000000
3720 -1060.0000000000
3725 -1059.0000000000
3729 -1058.0000000000
3732 -1057.0000000000
3742 -1056.0000000000
3744 -1055.0000000000
3750 -1053.0000000000
3757 -1052.0000000000
3765 -1050.0000000000
3772 -1048.0000000000
3776 -1045.0000000000
3778 -1044.0000000000
3787 -1042.0000000000
3792 -1041.0000000000
3794 -1040.0000000000
3797 -1039.0000000000
3798 -1038.0000000000
3807 -1037.0000000000
3812 -1036.0000000000
3817 -1035.0000000000
3823 -1034.0000000000
3835 -1033.0000000000
3840 -1032.0000000000
3845 -1031.0000000000
3848 -1030.0000000000
3856 -1029.0000000000
3857 -1028.0000000000
3861 -1027.0000000000
3866 -1026.0000000000
3867 -1025.0000000000
3870 -1023.0000000000
3878 -1022.0000000000
3915 -1019.0000000000
3920 -1017.0000000000
3924 -1016.0000000000
3931 -1014.0000000000
3937 -1013.0000000000
3938 -1012.0000000000
3945 -1011.0000000000
3946 -1010.0000000000
3955 -1008.0000000000
3957 -1007.0000000000
3963 -1006.0000000000
3965 -1005.0000000000
3975 -1004.0000000000
3977 -1001.0000000000
3978 -1000.0000000000
4001 -998.0000000000
4018 -997.0000000000
4042 -996.0000000000
4045 -994.0000000000
4046 -993.0000000000
4051 -992.0000000000
4053 -991.0000000000
4072 -990.0000000000
4087 -989.0000000000
4107 -986.0000000000
4119 -984.0000000000
4122 -983.0000000000
4124 -982.0000000000
4127 -981.0000000000
4131 -980.0000000000
4138 -979.0000000000
4154 -977.0000000000
4170 -976.0000000000
4192 -975.0000000000
4195 -974.0000000000
4205 -973.0000000000
4209 -972.0000000000
4214 -971.0000000000
4215 -970.0000000000
4222 -969.0000000000
4225 -968.0000000000
4229 -967.0000000000
4240 -966.0000000000
4246 -965.0000000000
4253 -964.0000000000
4257 -963.0000000000
4277 -961.0000000000
4305 -960.0000000000
4318 -959.0000000000
4319 -958.0000000000
4335 -957.0000000000
4341 -956.0000000000
4343 -955.0000000000
4349 -954.0000000000
4359 -953.0000000000
4360 -952.0000000000
4363 -951.0000000000
4364 -950.0000000000
4371 -949.0000000000
4379 -948.0000000000
4386 -947.0000000000
4389 -946.0000000000
4390 -945.0000000000
4414 -944.0000000000
4421 -943.0000000000
4423 -942.0000000000
4433 -941.0000000000
4437 -940.0000000000
4438 -939.0000000000
4443 -937.0000000000
4444 -936.0000000000
4448 -935.0000000000
4458 -934.0000000000
4459 -933.0000000000
4468 -932.0000000000
4484 -931.0000000000
4496 -930.0000000000
4502 -929.0000000000
4511 -928.0000000000
4514 -927.0000000000
4517 -926.0000000000
4545 -925.0000000000
4551 -924.0000000000
4562 -923.0000000000
4565 -922.0000000000
4574 -921.0000000000
4581 -920.0000000000
4597 -919.0000000000
4607 -918.0000000000
4621 -917.0000000000
4630 -915.0000000000
4645 -914.0000000000
4649 -913.0000000000
4664 -912.0000000000
4668 -911.0000000000
4687 -910.0000000000
4697 -909.0000000000
4707 -908.0000000000
4719 -907.0000000000
4728 -906.0000000000
4734 -904.0000000000
4738 -903.0000000000
4753 -902.0000000000
4756 -901.0000000000
4767 -900.0000000000
4781 -899.0000000000
4784 -897.0000000000
4796 -895.0000000000
4808 -894.0000000000
4814 -893.0000000000
4824 -892.0000000000
4837 -891.0000000000
4844 -890.0000000000
4849 -889.0000000000
4853 -888.0000000000
4865 -887.0000000000
4892 -886.0000000000
4897 -885.0000000000
4900 -884.0000000000
4936 -883.0000000000
4940 -882.0000000000
4960 -880.0000000000
4964 -879.0000000000
4976 -878.0000000000
4996 -877.0000000000
5002 -875.0000000000
5005 -874.0000000000
5008 -873.0000000000
5009 -872.0000000000
5010 -871.0000000000
5027 -870.0000000000
5029 -869.0000000000
5030 -868.0000000000
5036 -867.0000000000
5037 -866.0000000000
5056 -865.0000000000
5060 -863.0000000000
5064 -862.0000000000
5066 -861.0000000000
5082 -860.0000000000
5088 -859.0000000000
5103 -858.0000000000
5104 -857.0000000000
5115 -856.0000000000
5124 -855.0000000000
5125 -854.0000000000
5131 -853.0000000000
5177 -852.0000000000
5190 -851.0000000000
5194 -850.0000000000
5198 -849.0000000000
5208 -848.0000000000
5218 -847.0000000000
5227 -846.0000000000
5231 -845.0000000000
5234 -844.0000000000
5267 -842.0000000000
5273 -840.0000000000
5275 -839.0000000000
5276 -838.0000000000
5282 -837.0000000000
5284 -836.0000000000
5286 -835.0000000000
5296 -834.0000000000
5303 -833.0000000000
5313 -832.0000000000
5343 -831.0000000000
5346 -830.0000000000
5350 -829.0000000000
5364 -828.0000000000
5379 -827.0000000000
5380 -826.0000000000
5381 -825.0000000000
5389 -824.0000000000
5416 -823.0000000000
5424 -822.0000000000
5435 -821.0000000000
5442 -820.0000000000
5449 -819.0000000000
5475 -818.0000000000
5485 -814.0000000000
5506 -813.0000000000
5507 -812.0000000000
5519 -811.0000000000
5522 -810.0000000000
5545 -809.0000000000
5567 -808.0000000000
5570 -807.0000000000
5582 -805.0000000000
5590 -804.0000000000
5595 -803.0000000000
5604 -802.0000000000
5609 -801.0000000000
5611 -800.0000000000
5613 -799.0000000000
5629 -798.0000000000
5640 -797.0000000000
5661 -796.0000000000
5663 -795.0000000000
5666 -794.0000000000
5667 -793.0000000000
5668 -792.0000000000
5670 -791.0000000000
5711 -790.0000000000
5725 -789.0000000000
5745 -788.0000000000
5752 -787.0000000000
5771 -786.0000000000
5778 -785.0000000000
5784 -783.0000000000
5803 -782.0000000000
5809 -781.0000000000
5821 -780.0000000000
5824 -778.0000000000
5835 -777.0000000000
5839 -776.0000000000
5840 -775.0000000000
5841 -774.0000000000
5845 -773.0000000000
5849 -771.0000000000
5867 -769.0000000000
5896 -768.0000000000
5900 -767.0000000000
5901 -766.0000000000
5905 -765.0000000000
5919 -764.0000000000
5931 -763.0000000000
5942 -762.0000000000
5950 -761.0000000000
5962 -760.0000000000
5965 -759.0000000000
5969 -758.0000000000
5970 -757.0000000000
5971 -756.0000000000
5990 -755.0000000000
6007 -754.0000000000
6021 -753.0000000000
6032 -752.0000000000
6033 -751.0000000000
6043 -750.0000000000
6052 -749.0000000000
6055 -748.0000000000
6083 -747.0000000000
6110 -746.0000000000
6158 -745.0000000000
6174 -744.0000000000
6186 -743.0000000000
6192 -742.0000000000
6197 -741.0000000000
6224 -740.0000000000
6227 -739.0000000000
6229 -738.0000000000
6259 -737.0000000000
6289 -736.0000000000
6296 -735.0000000000
6307 -732.0000000000
6316 -731.0000000000
6364 -730.0000000000
6384 -729.0000000000
6403 -728.0000000000
6413 -727.0000000000
6417 -726.0000000000
6451 -725.0000000000
6467 -724.0000000000
6472 -723.0000000000
6475 -722.0000000000
6481 -721.0000000000
6492 -720.0000000000
6498 -719.0000000000
6510 -718.0000000000
6521 -716.0000000000
6545 -715.0000000000
6546 -714.0000000000
6555 -713.0000000000
6564 -711.0000000000
6584 -710.0000000000
6587 -709.0000000000
6589 -708.0000000000
6595 -707.0000000000
6600 -706.0000000000
6608 -705.0000000000
6613 -704.0000000000
6621 -703.0000000000
6654 -702.0000000000
6670 -701.0000000000
6685 -700.0000000000
6735 -698.0000000000
6737 -697.0000000000
6760 -696.0000000000
6778 -695.0000000000
6802 -694.0000000000
6810 -693.0000000000
6823 -692.0000000000
6838 -691.0000000000
6841 -690.0000000000
6849 -689.0000000000
6857 -688.0000000000
6872 -687.0000000000
6887 -686.0000000000
6891 -685.0000000000
6900 -684.0000000000
6911 -683.0000000000
6938 -682.0000000000
6949 -681.0000000000
6956 -680.0000000000
6961 -678.0000000000
6964 -677.0000000000
6976 -675.0000000000
6985 -673.0000000000
6989 -672.0000000000
6998 -670.0000000000
7006 -669.0000000000
7046 -668.0000000000
7070 -667.0000000000
7078 -666.0000000000
7110 -665.0000000000
7112 -664.0000000000
7127 -662.0000000000
7149 -661.0000000000
7176 -660.0000000000
7180 -659.0000000000
7185 -658.0000000000
7194 -656.0000000000
7209 -655.0000000000
7211 -654.0000000000
7212 -653.0000000000
7246 -652.0000000000
7248 -651.0000000000
7264 -650.0000000000
7288 -648.0000000000
7290 -647.0000000000
7300 -646.0000000000
7301 -645.0000000000
7317 -644.0000000000
7324 -643.0000000000
7341 -642.0000000000
7349 -641.0000000000
7350 -640.0000000000
7355 -639.0000000000
7356 -638.0000000000
7364 -637.0000000000
7369 -636.0000000000
7385 -635.0000000000
7416 -634.0000000000
7438 -633.0000000000
7441 -632.0000000000
7449 -631.0000000000
7453 -630.0000000000
7461 -629.0000000000
7480 -628.0000000000
7502 -627.0000000000
7516 -626.0000000000
7521 -625.0000000000
7550 -624.0000000000
7564 -623.0000000000
7584 -622.0000000000
7597 -621.0000000000
7607 -620.0000000000
7616 -619.0000000000
7631 -617.0000000000
7641 -616.0000000000
7646 -615.0000000000
7652 -614.0000000000
7655 -613.0000000000
7672 -612.0000000000
7679 -611.0000000000
7690 -610.0000000000
7710 -609.0000000000
7717 -608.0000000000
7723 -607.0000000000
7732 -606.0000000000
7734 -605.0000000000
7745 -604.0000000000
7750 -603.0000000000
7765 -602.0000000000
7768 -601.0000000000
7769 -600.0000000000
7770 -599.0000000000
7773 -598.0000000000
7798 -596.0000000000
7809 -595.0000000000
7829 -594.0000000000
7840 -593.0000000000
7851 -591.0000000000
7860 -588.0000000000
7865 -587.0000000000
7868 -586.0000000000
7882 -585.0000000000
7899 -584.0000000000
7931 -583.0000000000
7943 -582.0000000000
7965 -580.0000000000
7995 -579.0000000000
8015 -578.0000000000
8075 -577.0000000000
8091 -576.0000000000
8204 -575.0000000000
8257 -574.0000000000
8287 -573.0000000000
8315 -572.0000000000
8316 -571.0000000000
8319 -570.0000000000
8322 -569.0000000000
8364 -568.0000000000
8371 -567.0000000000
8384 -566.0000000000
8387 -565.0000000000
8415 -564.0000000000
8422 -563.0000000000
8424 -562.0000000000
8442 -561.0000000000
8449 -560.0000000000
8452 -559.0000000000
8455 -558.0000000000
8475 -557.0000000000
8511 -556.0000000000
8533 -555.0000000000
8537 -554.0000000000
8544 -553.0000000000
8558 -552.0000000000
8564 -551.0000000000
8581 -550.0000000000
8596 -549.0000000000
8598 -548.0000000000
8602 -546.0000000000
8604 -544.0000000000
8612 -543.0000000000
8630 -542.0000000000
8646 -541.0000000000
8650 -540.0000000000
8662 -539.0000000000
8665 -538.0000000000
8668 -537.0000000000
8710 -536.0000000000
8714 -535.0000000000
8724 -534.0000000000
8725 -533.0000000000
8750 -532.0000000000
8764 -531.0000000000
8778 -530.0000000000
8785 -528.0000000000
8824 -526.0000000000
8831 -525.0000000000
8842 -524.0000000000
8850 -523.0000000000
8861 -522.0000000000
8876 -521.0000000000
8932 -520.0000000000
8954 -519.0000000000
8973 -518.0000000000
8975 -517.0000000000
8976 -516.0000000000
8991 -515.0000000000
9021 -514.0000000000
9030 -513.0000000000
9048 -512.0000000000
9068 -510.0000000000
9072 -509.0000000000
9091 -508.0000000000
9108 -507.0000000000
9114 -506.0000000000
9134 -505.0000000000
9139 -504.0000000000
9167 -503.0000000000
9172 -502.0000000000
9187 -501.0000000000
9198 -500.0000000000
9224 -499.0000000000
9233 -498.0000000000
9237 -497.0000000000
9240 -496.0000000000
9243 -495.0000000000
9259 -494.0000000000
9260 -493.0000000000
9302 -492.0000000000
9304 -491.0000000000
9317 -490.0000000000
9331 -488.0000000000
9361 -487.0000000000
9368 -486.0000000000
9395 -485.0000000000
9417 -484.0000000000
9418 -483.0000000000
9458 -482.0000000000
9469 -481.0000000000
9484 -480.0000000000
9499 -479.0000000000
9508 -478.0000000000
9517 -477.0000000000
9526 -476.0000000000
9528 -475.0000000000
9578 -474.0000000000
9583 -473.0000000000
9598 -472.0000000000
9606 -471.0000000000
9610 -470.0000000000
9657 -469.0000000000
9662 -468.0000000000
9717 -467.0000000000
9718 -466.0000000000
9727 -465.0000000000
9745 -464.0000000000
9748 -463.0000000000
9752 -462.0000000000
9802 -460.0000000000
9812 -459.0000000000
9816 -458.0000000000
9846 -457.0000000000
9882 -456.0000000000
9939 -455.0000000000
9943 -454.0000000000
9972 -453.0000000000
9986 -452.0000000000
10000 -452.0000000000
evaluations raw_y
1 -1929.0000000000
4 -1927.0000000000
8 -1925.0000000000
10 -1924.0000000000
13 -1923.0000000000
21 -1922.0000000000
28 -1921.0000000000
30 -1920.0000000000
35 -1919.0000000000
38 -1918.0000000000
40 -1917.0000000000
42 -1916.0000000000
44 -1915.0000000000
45 -1914.0000000000
47 -1913.0000000000
50 -1910.0000000000
51 -1909.0000000000
60 -1908.0000000000
68 -1907.0000000000
70 -1905.0000000000
74 -1903.0000000000
75 -1902.0000000000
78 -1901.0000000000
82 -1898.0000000000
83 -1896.0000000000
84 -1895.0000000000
85 -1894.0000000000
90 -1893.0000000000
97 -1892.0000000000
99 -1891.0000000000
101 -1890.0000000000
103 -1889.0000000000
104 -1888.0000000000
105 -1887.0000000000
106 -1886.0000000000
109 -1884.0000000000
119 -1883.0000000000
123 -1882.0000000000
124 -1881.0000000000
125 -1880.0000000000
127 -1879.0000000000
130 -1878.0000000000
132 -1877.0000000000
133 -1876.0000000000
135 -1875.0000000000
136 -1874.0000000000
147 -1873.0000000000
148 -1872.0000000000
150 -1871.0000000000
158 -1870.0000000000
159 -1869.0000000000
161 -1867.0000000000
163 -1866.0000000000
170 -1865.0000000000
174 -1864.0000000000
178 -1863.0000000000
179 -1860.0000000000
184 -1859.0000000000
186 -1857.0000000000
188 -1855.0000000000
193 -1853.0000000000
200 -1852.0000000000
206 -1851.0000000000
207 -1850.0000000000
215 -1849.0000000000
216 -1848.0000000000
226 -1847.0000000000
230 -1846.0000000000
231 -1845.0000000000
234 -1843.0000000000
240 -1841.0000000000
241 -1840.0000000000
243 -1839.0000000000
246 -1838.0000000000
249 -1837.0000000000
253 -1836.0000000000
257 -1835.0000000000
260 -1834.0000000000
261 -1832.0000000000
265 -1831.0000000000
266 -1830.0000000000
268 -1829.0000000000
269 -1828.0000000000
282 -1827.0000000000
294 -1825.0000000000
299 -1824.0000000000
304 -1823.0000000000
307 -1822.0000000000
309 -1821.0000000000
313 -1819.0000000000
318 -1818.0000000000
322 -1817.0000000000
323 -1816.0000000000
332 -1815.0000000000
334 -1814.0000000000
339 -1813.0000000000
351 -1812.0000000000
352 -1811.0000000000
353 -1809.0000000000
357 -1807.0000000000
362 -1806.0000000000
369 -1804.0000000000
370 -1803.0000000000
372 -1802.0000000000
373 -1801.0000000000
375 -1800.0000000000
378 -1798.0000000000
385 -1795.0000000000
386 -1794.0000000000
389 -1792.0000000000
391 -1791.0000000000
392 -1790.0000000000
393 -1789.0000000000
413 -1788.0000000000
415 -1787.0000000000
416 -1786.0000000000
421 -1784.0000000000
429 -1783.0000000000
432 -1781.0000000000
438 -1780.0000000000
441 -1778.0000000000
459 -1777.0000000000
461 -1776.0000000000
463 -1775.0000000000
469 -1774.0000000000
470 -1773.0000000000
474 -1772.0000000000
477 -1771.0000000000
478 -1770.0000000000
480 -1768.0000000000
483 -1767.0000000000
498 -1766.0000000000
500 -1765.0000000000
501 -1763.0000000000
522 -1761.0000000000
531 -1760.0000000000
540 -1759.0000000000
543 -1758.0000000000
545 -1756.0000000000
546 -1754.0000000000
548 -1752.0000000000
549 -1751.0000000000
551 -1750.0000000000
556 -1749.0000000000
563 -1748.0000000000
576 -1747.0000000000
589 -1745.0000000000
590 -1744.0000000000
595 -1743.0000000000
602 -1742.0000000000
609 -1741.0000000000
610 -1740.0000000000
611 -1739.0000000000
615 -1738.0000000000
616 -1737.0000000000
617 -1736.0000000000
618 -1734.0000000000
635 -1733.0000000000
638 -1732.0000000000
642 -1731.0000000000
644 -1730.0000000000
645 -1729.0000000000
659 -1728.0000000000
660 -1727.0000000000
661 -1726.0000000000
669 -1725.0000000000
670 -1724.0000000000
679 -1723.0000000000
688 -1721.0000000000
689 -1720.0000000000
695 -1719.0000000000
696 -1717.0000000000
698 -1716.0000000000
702 -1714.0000000000
707 -1713.0000000000
708 -1712.0000000000
711 -1711.0000000000
717 -1710.0000000000
727 -1709.0000000000
729 -1708.0000000000
732 -1707.0000000000
735 -1706.0000000000
736 -1705.0000000000
738 -1704.0000000000
739 -1703.0000000000
742 -1702.0000000000
746 -1701.0000000000
750 -1699.0000000000
751 -1698.0000000000
755 -1696.0000000000
758 -1694.0000000000
764 -1692.0000000000
765 -1691.0000000000
766 -1690.0000000000
775 -1689.0000000000
777 -1687.0000000000
778 -1686.0000000000
789 -1685.0000000000
793 -1683.0000000000
795 -1682.0000000000
800 -1680.0000000000
801 -1679.0000000000
805 -1678.0000000000
806 -1677.0000000000
811 -1676.0000000000
822 -1675.0000000000
836 -1674.0000000000
841 -1672.0000000000
846 -1671.0000000000
848 -1670.0000000000
849 -1669.0000000000
863 -1668.0000000000
864 -1667.0000000000
865 -1666.0000000000
866 -1665.0000000000
870 -1664.0000000000
872 -1663.0000000000
874 -1662.0000000000
881 -1661.0000000000
883 -1659.0000000000
885 -1658.0000000000
891 -1655.0000000000
893 -1654.0000000000
898 -1653.0000000000
902 -1652.0000000000
903 -1650.0000000000
904 -1649.0000000000
905 -1648.0000000000
911 -1647.0000000000
914 -1646.0000000000
920 -1645.0000000000
921 -1644.0000000000
923 -1643.0000000000
931 -1642.0000000000
932 -1641.0000000000
935 -1640.0000000000
940 -1639.0000000000
948 -1638.0000000000
949 -1636.0000000000
955 -1635.0000000000
965 -1634.0000000000
973 -1633.0000000000
994 -1631.0000000000
996 -1629.0000000000
1004 -1628.0000000000
1010 -1627.0000000000
1012 -1626.0000000000
1014 -1625.0000000000
1015 -1624.0000000000
1016 -1621.0000000000
1018 -1620.0000000000
1020 -1618.0000000000
1023 -1617.0000000000
1033 -1615.0000000000
1035 -1614.0000000000
1039 -1612.0000000000
1041 -1611.0000000000
1046 -1610.0000000000
1054 -1609.0000000000
1059 -1607.0000000000
1062 -1606.0000000000
1066 -1604.0000000000
1067 -1603.0000000000
1073 -1602.0000000000
1083 -1601.0000000000
1084 -1600.0000000000
1086 -1599.0000000000
1087 -1598.0000000000
1094 -1597.0000000000
1096 -1596.0000000000
1100 -1594.0000000000
1102 -1593.0000000000
1103 -1591.0000000000
1107 -1590.0000000000
1109 -1589.0000000000
1118 -1588.0000000000
1123 -1587.0000000000
1136 -1585.0000000000
1142 -1584.0000000000
1158 -1583.0000000000
1163 -1582.0000000000
1172 -1581.0000000000
1173 -1580.0000000000
1177 -1578.0000000000
1179 -1577.0000000000
1180 -1576.0000000000
1183 -1575.0000000000
1187 -1574.0000000000
1190 -1573.0000000000
1195 -1572.0000000000
1196 -1571.0000000000
1200 -1570.0000000000
1201 -1569.0000000000
1203 -1568.0000000000
1204 -1567.0000000000
1208 -1566.0000000000
1213 -1565.0000000000
1214 -1564.0000000000
1215 -1563.0000000000
1217 -1562.0000000000
1218 -1561.0000000000
1219 -1560.0000000000
1221 -1558.0000000000
1222 -1557.0000000000
1225 -1556.0000000000
1245 -1555.0000000000
1252 -1554.0000000000
1254 -1552.0000000000
1262 -1551.0000000000
1264 -1550.0000000000
1275 -1549.0000000000
1280 -1547.0000000000
1291 -1545.0000000000
1297 -1544.0000000000
1298 -1543.0000000000
1300 -1542.0000000000
1307 -1541.0000000000
1308 -1540.0000000000
1312 -1539.0000000000
1329 -1537.0000000000
1333 -1536.0000000000
1334 -1535.0000000000
1335 -1534.0000000000
1340 -1533.0000000000
1350 -1532.0000000000
1351 -1531.0000000000
1353 -1529.0000000000
1358 -1527.0000000000
1359 -1525.0000000000
1363 -1523.0000000000
1371 -1522.0000000000
1373 -1521.0000000000
1376 -1520.0000000000
1388 -1519.0000000000
1389 -1518.0000000000
1390 -1517.0000000000
1393 -1516.0000000000
1405 -1515.0000000000
1411 -1514.0000000000
1414 -1512.0000000000
1420 -1511.0000000000
1425 -1510.0000000000
1426 -1509.0000000000
1430 -1508.0000000000
1436 -1507.0000000000
1443 -1506.0000000000
1445 -1505.0000000000
1446 -1504.0000000000
1448 -1502.0000000000
1450 -1501.0000000000
1456 -1500.0000000000
1464 -1499.0000000000
1465 -1498.0000000000
1471 -1497.0000000000
1487 -1496.0000000000
1490 -1495.0000000000
1497 -1494.0000000000
1505 -1493.0000000000
1510 -1492.0000000000
1513 -1489.0000000000
1514 -1488.0000000000
1515 -1487.0000000000
1518 -1486.0000000000
1519 -1485.0000000000
1522 -1483.0000000000
1525 -1482.0000000000
1526 -1480.0000000000
1531 -1479.0000000000
1532 -1478.0000000000
1538 -1477.0000000000
1539 -1475.0000000000
1541 -1474.0000000000
1547 -1473.0000000000
1552 -1471.0000000000
1556 -1470.0000000000
1563 -1468.0000000000
1566 -1467.0000000000
1568 -1466.0000000000
1574 -1465.0000000000
1577 -1463.0000000000
1579 -1462.0000000000
1591 -1461.0000000000
1599 -1460.0000000000
1603 -1459.0000000000
1606 -1458.0000000000
1615 -1457.0000000000
1618 -1456.0000000000
1621 -1454.0000000000
1625 -1453.0000000000
1626 -1452.0000000000
1640 -1451.0000000000
1642 -1450.0000000000
1650 -1448.0000000000
1651 -1447.0000000000
1662 -1446.0000000000
1665 -1445.0000000000
1678 -1443.0000000000
1680 -1442.0000000000
1681 -1441.0000000000
1682 -1440.0000000000
1685 -1438.0000000000
1690 -1437.0000000000
1694 -1436.0000000000
1696 -1435.0000000000
1697 -1434.0000000000
1709 -1432.0000000000
1721 -1431.0000000000
1722 -1429.0000000000
1731 -1427.0000000000
1733 -1426.0000000000
1734 -1425.0000000000
1743 -1424.0000000000
1749 -1423.0000000000
1750 -1422.0000000000
1757 -1421.0000000000
1760 -1420.0000000000
1764 -1419.0000000000
1768 -1418.0000000000
1775 -1417.0000000000
1780 -1416.0000000000
1785 -1415.0000000000
1787 -1414.0000000000
1788 -1413.0000000000
1790 -1412.0000000000
1800 -1409.0000000000
1801 -1408.0000000000
1803 -1407.0000000000
1805 -1406.0000000000
1809 -1404.0000000000
1815 -1403.0000000000
1816 -1402.0000000000
1817 -1401.0000000000
1819 -1400.0000000000
1821 -1399.0000000000
1823 -1398.0000000000
1836 -1397.0000000000
1848 -1395.0000000000
1851 -1394.0000000000
1859 -1392.0000000000
1860 -1391.0000000000
1871 -1390.0000000000
1872 -1389.0000000000
1873 -1388.0000000000
1877 -1387.0000000000
1879 -1386.0000000000
1880 -1385.0000000000
1882 -1384.0000000000
1885 -1383.0000000000
1886 -1382.0000000000
1897 -1381.0000000000
1898 -1380.0000000000
1899 -1377.0000000000
1900 -1376.0000000000
1901 -1372.0000000000
1902 -1371.0000000000
1905 -1370.0000000000
1908 -1369.0000000000
1912 -1368.0000000000
1918 -1367.0000000000
1921 -1366.0000000000
1922 -1365.0000000000
1932 -1364.0000000000
1933 -1363.0000000000
1943 -1362.0000000000
1955 -1361.0000000000
1968 -1360.0000000000
1969 -1358.0000000000
1976 -1356.0000000000
1980 -1355.0000000000
1984 -1352.0000000000
1991 -1351.0000000000
1993 -1350.0000000000
2011 -1349.0000000000
2013 -1348.0000000000
2015 -1347.0000000000
2016 -1345.0000000000
2030 -1343.0000000000
2037 -1342.0000000000
2038 -1341.0000000000
2040 -1340.0000000000
2047 -1339.0000000000
2052 -1338.0000000000
2058 -1337.0000000000
2061 -1336.0000000000
2064 -1335.0000000000
2071 -1334.0000000000
2079 -1333.0000000000
2086 -1332.0000000000
2094 -1331.0000000000
2099 -1330.0000000000
2100 -1329.0000000000
2108 -1328.0000000000
2123 -1327.0000000000
2133 -1326.0000000000
2136 -1325.0000000000
2139 -1324.0000000000
2145 -1323.0000000000
2153 -1322.0000000000
2156 -1321.0000000000
2164 -1319.0000000000
2170 -1318.0000000000
2173 -1317.0000000000
2176 -1316.0000000000
2192 -1315.0000000000
2194 -1314.0000000000
2195 -1313.0000000000
2197 -1312.0000000000
2198 -1311.0000000000
2212 -1310.0000000000
2213 -1309.0000000000
2215 -1308.0000000000
2231 -1307.0000000000
2234 -1306.0000000000
2237 -1305.0000000000
2238 -1304.0000000000
2239 -1303.0000000000
2242 -1302.0000000000
2248 -1301.0000000000
2258 -1300.0000000000
2263 -1299.0000000000
2266 -1298.0000000000
2269 -1297.0000000000
2278 -1296.0000000000
2282 -1295.0000000000
2283 -1294.0000000000
2288 -1293.0000000000
2290 -1292.0000000000
2292 -1291.0000000000
2296 -1290.0000000000
2298 -1289.0000000000
2307 -1288.0000000000
2309 -1287.0000000000
2312 -1286.0000000000
2323 -1284.0000000000
2335 -1283.0000000000
2336 -1282.0000000000
2338 -1281.0000000000
2341 -1280.0000000000
2344 -1279.0000000000
2355 -1278.0000000000
2357 -1277.0000000000
2359 -1276.0000000000
2363 -1275.0000000000
2368 -1274.0000000000
2369 -1273.0000000000
2372 -1271.0000000000
2374 -1268.0000000000
2377 -1267.0000000000
2378 -1266.0000000000
2399 -1265.0000000000
2405 -1264.0000000000
2419 -1262.0000000000
2424 -1261.0000000000
2427 -1260.0000000000
2428 -1259.0000000000
2439 -1258.0000000000
2446 -1257.0000000000
2449 -1255.0000000000
2451 -1254.0000000000
2459 -1253.0000000000
2467 -1252.0000000000
2472 -1251.0000000000
2477 -1250.0000000000
2480 -1249.0000000000
2481 -1248.0000000000
2510 -1247.0000000000
2515 -1246.0000000000
2518 -1244.0000000000
2528 -1243.0000000000
2532 -1242.0000000000
2547 -1241.0000000000
2548 -1240.0000000000
2553 -1239.0000000000
2554 -1238.0000000000
2555 -1237.0000000000
2556 -1236.0000000000
2566 -1234.0000000000
2568 -1233.0000000000
2573 -1232.0000000000
2574 -1230.0000000000
2578 -1229.0000000000
2587 -1228.0000000000
2591 -1227.0000000000
2596 -1226.0000000000
2598 -1225.0000000000
2599 -1224.0000000000
2608 -1223.0000000000
2617 -1221.0000000000
2619 -1220.0000000000
2630 -1219.0000000000
2635 -1218.0000000000
2638 -1216.0000000000
2642 -1215.0000000000
2643 -1214.0000000000
2644 -1212.0000000000
2660 -1211.0000000000
2670 -1210.0000000000
2679 -1209.0000000000
2690 -1207.0000000000
2698 -1206.0000000000
2719 -1205.0000000000
2721 -1204.0000000000
2725 -1203.0000000000
2726 -1202.0000000000
2727 -1201.0000000000
2736 -1200.0000000000
2739 -1199.0000000000
2750 -1198.0000000000
2770 -1197.0000000000
2771 -1195.0000000000
2773 -1194.0000000000
2776 -1192.0000000000
2779 -1191.0000000000
2785 -1190.0000000000
2791 -1189.0000000000
2796 -1188.0000000000
2797 -1186.0000000000
2801 -1185.0000000000
2804 -1184.0000000000
2807 -1183.0000000000
2810 -1182.0000000000
2830 -1181.0000000000
2855 -1180.0000000000
2861 -1179.0000000000
2862 -1178.0000000000
2863 -1177.0000000000
2866 -1176.0000000000
2868 -1175.0000000000
2873 -1174.0000000000
2882 -1173.0000000000
2888 -1172.0000000000
2891 -1171.0000000000
2910 -1170.0000000000
2911 -1169.0000000000
2921 -1168.0000000000
2931 -1166.0000000000
2937 -1163.0000000000
2938 -1162.0000000000
2946 -1161.0000000000
2958 -1160.0000000000
2970 -1159.0000000000
2972 -1158.0000000000
2977 -1157.0000000000
2979 -1156.0000000000
3000 -1155.0000000000
3005 -1154.0000000000
3008 -1153.0000000000
3029 -1152.0000000000
3054 -1151.0000000000
3057 -1149.0000000000
3058 -1148.0000000000
3071 -1147.0000000000
3087 -1146.0000000000
3088 -1144.0000000000
3089 -1143.0000000000
3094 -1142.0000000000
3099 -1141.0000000000
3109 -1140.0000000000
3121 -1139.0000000000
3130 -1138.0000000000
3133 -1137.0000000000
3150 -1136.0000000000
3154 -1135.0000000000
3174 -1133.0000000000
3178 -1132.0000000000
3183 -1131.0000000000
3204 -1130.0000000000
3227 -1129.0000000000
3229 -1128.0000000000
3231 -1127.0000000000
3239 -1126.0000000000
3247 -1125.0000000000
3249 -1124.0000000000
3250 -1123.0000000000
3251 -1121.0000000000
3262 -1120.0000000000
3278 -1118.0000000000
3281 -1117.0000000000
3284 -1116.0000000000
3289 -1115.0000000000
3304 -1113.0000000000
3306 -1112.0000000000
3310 -1108.0000000000
3313 -1107.0000000000
3319 -1106.0000000000
3322 -1105.0000000000
3328 -1104.0000000000
3334 -1103.0000000000
3354 -1102.0000000000
3358 -1100.0000000000
3377 -1099.0000000000
3391 -1098.0000000000
3394 -1097.0000000000
3427 -1096.0000000000
3428 -1095.0000000000
3438 -1094.0000000000
3444 -1093.0000000000
3450 -1092.0000000000
3452 -1091.0000000000
3461 -1090.0000000000
3466 -1089.0000000000
3469 -1088.0000000000
3472 -1087.0000000000
3479 -1086.0000000000
3480 -1085.0000000000
3485 -1084.0000000000
3486 -1083.0000000000
3489 -1082.0000000000
3492 -1081.0000000000
3494 -1080.0000000000
3495 -1079.0000000000
3498 -1078.0000000000
3502 -1077.0000000000
3503 -1076.0000000000
3543 -1075.0000000000
3561 -1074.0000000000
3584 -1073.0000000000
3589 -1072.0000000000
3594 -1071.0000000000
3595 -1070.0000000000
3601 -1069.0000000000
3607 -1067.0000000000
3617 -1066.0000000000
3635 -1065.0000000000
3644 -1063.0000000000
3645 -1062.0000000000
3647 -1061.0000000000
3648 -1060.0000000000
3657 -1059.0000000000
3666 -1057.0000000000
3669 -1055.0000000000
3671 -1053.0000000000
3686 -1052.0000000000
3687 -1051.0000000000
3693 -1050.0000000000
3702 -1049.0000000000
3708 -1048.0000000000
3710 -1047.0000000000
3716 -1046.0000000000
3732 -1045.0000000000
3747 -1044.0000000000
3752 -1043.0000000000
3770 -1041.0000000000
3779 -1040.0000000000
3780 -1039.0000000000
3793 -1038.0000000000
3801 -1037.0000000000
3802 -1036.0000000000
3808 -1035.0000000000
3811 -1034.0000000000
3815 -1033.0000000000
3817 -1032.0000000000
3822 -1031.0000000000
3830 -1030.0000000000
3831 -1029.0000000000
3842 -1028.0000000000
3849 -1027.0000000000
3850 -1026.0000000000
3854 -1025.0000000000
3860 -1024.0000000000
3861 -1023.0000000000
3862 -1022.0000000000
3864 -1021.0000000000
3870 -1020.0000000000
3875 -1018.0000000000
3882 -1017.0000000000
3883 -1015.0000000000
3909 -1014.0000000000
3924 -1013.0000000000
3937 -1012.0000000000
3941 -1011.0000000000
3965 -1010.0000000000
3983 -1008.0000000000
4002 -1007.0000000000
4019 -1006.0000000000
4025 -1005.0000000000
4029 -1003.0000000000
4030 -1001.0000000000
4048 -1000.0000000000
4061 -999.0000000000
4073 -998.0000000000
4093 -997.0000000000
4099 -995.0000000000
4100 -994.0000000000
4103 -993.0000000000
4104 -992.0000000000
4110 -991.0000000000
4116 -990.0000000000
4127 -989.0000000000
4131 -988.0000000000
4138 -987.0000000000
4140 -986.0000000000
4141 -985.0000000000
4146 -984.0000000000
4151 -983.0000000000
4157 -982.0000000000
4164 -981.0000000000
4185 -980.0000000000
4193 -979.0000000000
4194 -978.0000000000
4199 -977.0000000000
4214 -976.0000000000
4222 -975.0000000000
4229 -974.0000000000
4242 -973.0000000000
4250 -972.0000000000
4263 -970.0000000000
4272 -969.0000000000
4274 -968.0000000000
4277 -967.0000000000
4278 -966.0000000000
4286 -965.0000000000
4288 -964.0000000000
4290 -963.0000000000
4300 -960.0000000000
4311 -959.0000000000
4312 -957.0000000000
4316 -956.0000000000
4326 -955.0000000000
4348 -954.0000000000
4351 -953.0000000000
4354 -952.0000000000
4356 -951.0000000000
4384 -950.0000000000
4385 -949.0000000000
4387 -948.0000000000
4405 -947.0000000000
4406 -945.0000000000
4407 -944.0000000000
4418 -943.0000000000
4419 -942.0000000000
4420 -941.0000000000
4421 -940.0000000000
4429 -939.0000000000
4439 -938.0000000000
4443 -937.0000000000
4458 -936.0000000000
4461 -935.0000000000
4470 -934.0000000000
4490 -932.0000000000
4491 -931.0000000000
4497 -930.0000000000
4502 -929.0000000000
4508 -928.0000000000
4515 -926.0000000000
4520 -925.0000000000
4521 -924.0000000000
4527 -923.0000000000
4542 -922.0000000000
4553 -920.0000000000
4572 -919.0000000000
4574 -918.0000000000
4582 -917.0000000000
4596 -916.0000000000
4600 -915.0000000000
4603 -914.0000000000
4613 -913.0000000000
4625 -910.0000000000
4628 -909.0000000000
4633 -908.0000000000
4638 -907.0000000000
4639 -906.0000000000
4681 -904.0000000000
4682 -903.0000000000
4689 -902.0000000000
4699 -901.0000000000
4701 -900.0000000000
4703 -898.0000000000
4725 -897.0000000000
4726 -896.0000000000
4740 -894.0000000000
4758 -893.0000000000
4759 -892.0000000000
4765 -891.0000000000
4786 -890.0000000000
4788 -889.0000000000
4798 -888.0000000000
4828 -886.0000000000
4832 -885.0000000000
4859 -884.0000000000
4864 -883.0000000000
4877 -882.0000000000
4880 -881.0000000000
4888 -880.0000000000
4892 -879.0000000000
4895 -878.0000000000
4904 -875.0000000000
4911 -874.0000000000
4914 -873.0000000000
4916 -872.0000000000
4922 -871.0000000000
4924 -870.0000000000
4941 -869.0000000000
4948 -868.0000000000
4963 -867.0000000000
4970 -866.0000000000
4982 -865.0000000000
4988 -864.0000000000
5000 -863.0000000000
5008 -862.0000000000
5010 -861.0000000000
5011 -860.0000000000
5013 -859.0000000000
5015 -858.0000000000
5019 -857.0000000000
5021 -856.0000000000
5037 -855.0000000000
5043 -854.0000000000
5056 -853.0000000000
5061 -852.0000000000
5068 -851.0000000000
5072 -850.0000000000
5083 -849.0000000000
5100 -848.0000000000
5115 -847.0000000000
5122 -846.0000000000
5129 -844.0000000000
5137 -843.0000000000
5145 -842.0000000000
5148 -841.0000000000
5153 -840.0000000000
5159 -838.0000000000
5167 -837.0000000000
5170 -836.0000000000
5181 -835.0000000000
5185 -834.0000000000
5201 -833.0000000000
5205 -831.0000000000
5206 -830.0000000000
5222 -829.0000000000
5228 -828.0000000000
5233 -827.0000000000
5235 -826.0000000000
5238 -824.0000000000
5240 -823.0000000000
5242 -822.0000000000
5259 -821.0000000000
5262 -820.0000000000
5289 -819.0000000000
5315 -818.0000000000
5329 -817.0000000000
5335 -816.0000000000
5341 -815.0000000000
5350 -814.0000000000
5361 -813.0000000000
5368 -812.0000000000
5377 -811.0000000000
5380 -810.0000000000
5410 -808.0000000000
5421 -807.0000000000
5430 -806.0000000000
5433 -805.0000000000
5443 -804.0000000000
5449 -803.0000000000
5460 -801.0000000000
5467 -800.0000000000
5481 -799.0000000000
5489 -798.0000000000
5508 -796.0000000000
5539 -795.0000000000
5546 -794.0000000000
5571 -793.0000000000
5581 -792.0000000000
5594 -791.0000000000
5598 -790.0000000000
5609 -789.0000000000
5610 -788.0000000000
5617 -787.0000000000
5620 -786.0000000000
5627 -785.0000000000
5629 -784.0000000000
5633 -782.0000000000
5657 -781.0000000000
5670 -780.0000000000
5675 -779.0000000000
5679 -778.0000000000
5681 -777.0000000000
5690 -776.0000000000
5712 -775.0000000000
5715 -774.0000000000
5717 -773.0000000000
5720 -772.0000000000
5724 -771.0000000000
5730 -770.0000000000
5759 -769.0000000000
5764 -768.0000000000
5780 -767.0000000000
5793 -766.0000000000
5796 -765.0000000000
5814 -764.0000000000
5815 -762.0000000000
5830 -761.0000000000
5834 -760.0000000000
5845 -759.0000000000
5854 -758.0000000000
5855 -757.0000000000
5864 -756.0000000000
5875 -755.0000000000
5876 -754.0000000000
5883 -753.0000000000
5884 -752.0000000000
5888 -751.0000000000
5890 -750.0000000000
5907 -749.0000000000
5915 -748.0000000000
5950 -747.0000000000
5975 -746.0000000000
5991 -745.0000000000
5994 -744.0000000000
6007 -742.0000000000
6009 -741.0000000000
6020 -740.0000000000
6040 -739.0000000000
6052 -738.0000000000
6059 -737.0000000000
6076 -736.0000000000
6079 -735.0000000000
6088 -734.0000000000
6105 -733.0000000000
6118 -732.0000000000
6131 -731.0000000000
6141 -730.0000000000
6148 -729.0000000000
6159 -728.0000000000
6175 -727.0000000000
6179 -726.0000000000
6192 -725.0000000000
6195 -724.0000000000
6220 -723.0000000000
6222 -722.0000000000
6257 -720.0000000000
6261 -719.0000000000
6267 -718.0000000000
6277 -717.0000000000
6288 -716.0000000000
6320 -715.0000000000
6329 -714.0000000000
6330 -713.0000000000
6349 -712.0000000000
6352 -711.0000000000
6355 -710.0000000000
6366 -709.0000000000
6373 -708.0000000000
6374 -707.0000000000
6378 -706.0000000000
6388 -705.0000000000
6398 -704.0000000000
6401 -703.0000000000
6421 -701.0000000000
6423 -700.0000000000
6425 -699.0000000000
6428 -698.0000000000
6432 -697.0000000000
6433 -696.0000000000
6447 -695.0000000000
6452 -694.0000000000
6460 -693.0000000000
6465 -692.0000000000
6470 -691.0000000000
6482 -690.0000000000
6499 -689.0000000000
6512 -688.0000000000
6525 -687.0000000000
6537 -686.0000000000
6546 -685.0000000000
6557 -684.0000000000
6569 -683.0000000000
6572 -682.0000000000
6576 -681.0000000000
6577 -680.0000000000
6586 -679.0000000000
6593 -678.0000000000
6609 -677.0000000000
6612 -675.0000000000
6620 -674.0000000000
6629 -673.0000000000
6639 -672.0000000000
6643 -671.0000000000
6689 -670.0000000000
6694 -669.0000000000
6696 -668.0000000000
6702 -667.0000000000
6714 -666.0000000000
6716 -665.0000000000
6717 -664.0000000000
6720 -663.0000000000
6740 -662.0000000000
6756 -661.0000000000
6764 -660.0000000000
6769 -657.0000000000
6784 -656.0000000000
6789 -655.0000000000
6792 -654.0000000000
6808 -653.0000000000
6811 -652.0000000000
6821 -651.0000000000
6830 -650.0000000000
6844 -649.0000000000
6846 -648.0000000000
6850 -647.0000000000
6851 -645.0000000000
6855 -644.0000000000
6877 -643.0000000000
6882 -641.0000000000
6887 -640.0000000000
6898 -639.0000000000
6901 -638.0000000000
6915 -637.0000000000
6954 -636.0000000000
6961 -635.0000000000
6970 -633.0000000000
6973 -632.0000000000
7020 -631.0000000000
7030 -630.0000000000
7060 -629.0000000000
7108 -628.0000000000
7110 -627.0000000000
7115 -625.0000000000
7121 -624.0000000000
7122 -623.0000000000
7131 -622.0000000000
7209 -621.0000000000
7221 -620.0000000000
7225 -619.0000000000
7236 -618.0000000000
7245 -617.0000000000
7248 -616.0000000000
7264 -615.0000000000
7277 -614.0000000000
7290 -613.0000000000
7316 -612.0000000000
7324 -611.0000000000
7328 -610.0000000000
7333 -609.0000000000
7339 -608.0000000000
7364 -607.0000000000
7386 -606.0000000000
7387 -605.0000000000
7391 -604.0000000000
7393 -603.0000000000
7406 -602.0000000000
7427 -601.0000000000
7447 -600.0000000000
7459 -599.0000000000
7471 -598.0000000000
7484 -597.0000000000
7515 -596.0000000000
7518 -595.0000000000
7521 -594.0000000000
7538 -593.0000000000
7541 -591.0000000000
7600 -590.0000000000
7641 -588.0000000000
7649 -586.0000000000
7667 -585.0000000000
7671 -584.0000000000
7707 -583.0000000000
7709 -582.0000000000
7716 -581.0000000000
7717 -580.0000000000
7733 -579.0000000000
7756 -578.0000000000
7757 -577.0000000000
7758 -576.0000000000
7780 -575.0000000000
7781 -574.0000000000
7788 -573.0000000000
7790 -572.0000000000
7847 -571.0000000000
7868 -570.0000000000
7875 -569.0000000000
7914 -568.0000000000
7932 -567.0000000000
7942 -565.0000000000
7945 -564.0000000000
7949 -563.0000000000
7955 -562.0000000000
7984 -561.0000000000
8012 -560.0000000000
8014 -559.0000000000
8015 -558.0000000000
8019 -557.0000000000
8043 -555.0000000000
8048 -554.0000000000
8050 -553.0000000000
8051 -552.0000000000
8053 -551.0000000000
8075 -550.0000000000
8082 -549.0000000000
8098 -548.0000000000
8146 -547.0000000000
8148 -546.0000000000
8184 -545.0000000000
8196 -544.0000000000
8237 -543.0000000000
8246 -542.0000000000
8247 -541.0000000000
8264 -540.0000000000
8297 -539.0000000000
8343 -538.0000000000
8345 -537.0000000000
8349 -536.0000000000
8370 -535.0000000000
8375 -534.0000000000
8394 -533.0000000000
8417 -532.0000000000
8418 -531.0000000000
8423 -530.0000000000
8431 -529.0000000000
8441 -528.0000000000
8463 -527.0000000000
8472 -526.0000000000
8477 -524.0000000000
8501 -523.0000000000
8506 -521.0000000000
8518 -520.0000000000
8527 -519.0000000000
8546 -518.0000000000
8559 -517.0000000000
8569 -516.0000000000
8570 -515.0000000000
8571 -514.0000000000
8594 -513.0000000000
8605 -512.0000000000
8642 -511.0000000000
8655 -510.0000000000
8676 -509.0000000000
8760 -507.0000000000
8770 -506.0000000000
8774 -505.0000000000
8792 -504.0000000000
8819 -503.0000000000
8827 -502.0000000000
8830 -501.0000000000
8838 -499.0000000000
8848 -498.0000000000
8864 -497.0000000000
8885 -496.0000000000
8904 -495.0000000000
8919 -494.0000000000
8928 -493.0000000000
8979 -492.0000000000
8982 -491.0000000000
8989 -490.0000000000
9018 -489.0000000000
9031 -488.0000000000
9034 -487.0000000000
9035 -486.0000000000
9038 -485.0000000000
9058 -484.0000000000
9060 -483.0000000000
9100 -482.0000000000
9114 -481.0000000000
9127 -480.0000000000
9140 -479.0000000000
9144 -478.0000000000
9163 -477.0000000000
9174 -476.0000000000
9194 -475.0000000000
9195 -474.0000000000
9239 -473.0000000000
9243 -472.0000000000
9247 -471.0000000000
9256 -470.0000000000
9270 -469.0000000000
9296 -468.0000000000
9351 -467.0000000000
9363 -466.0000000000
9364 -464.0000000000
9372 -463.0000000000
9390 -462.0000000000
9419 -461.0000000000
9426 -460.0000000000
9433 -459.0000000000
9455 -458.0000000000
9467 -457.0000000000
9471 -456.0000000000
9475 -455.0000000000
9501 -454.0000000000
9529 -453.0000000000
9554 -452.0000000000
9565 -450.0000000000
9573 -449.0000000000
9577 -448.0000000000
9585 -447.0000000000
9594 -446.0000000000
9597 -445.0000000000
9602 -444.0000000000
9629 -443.0000000000
9635 -442.0000000000
9664 -441.0000000000
9666 -440.0000000000
9676 -439.0000000000
9690 -438.0000000000
9695 -437.0000000000
9741 -436.0000000000
9767 -435.0000000000
9771 -433.0000000000
9791 -432.0000000000
9794 -431.0000000000
9798 -430.0000000000
9809 -429.0000000000
9822 -428.0000000000
9828 -427.0000000000
9867 -426.0000000000
9910 -425.0000000000
9912 -424.0000000000
9917 -423.0000000000
9926 -422.0000000000
9934 -421.0000000000
9945 -420.0000000000
9965 -419.0000000000
9983 -418.0000000000
10000 -418.0000000000
evaluations raw_y
1 -1960.0000000000
3 -1959.0000000000
4 -1958.0000000000
7 -1956.0000000000
8 -1954.0000000000
10 -1953.0000000000
11 -1952.0000000000
15 -1951.0000000000
28 -1950.0000000000
29 -1949.0000000000
32 -1948.0000000000
33 -1947.0000000000
38 -1946.0000000000
41 -1945.0000000000
45 -1943.0000000000
59 -1942.0000000000
62 -1941.0000000000
64 -1940.0000000000
65 -1939.0000000000
68 -1938.0000000000
70 -1937.0000000000
71 -1936.0000000000
74 -1935.0000000000
78 -1934.0000000000
84 -1931.0000000000
87 -1930.0000000000
91 -1929.0000000000
102 -1928.0000000000
104 -1927.0000000000
106 -1926.0000000000
109 -1925.0000000000
114 -1924.0000000000
117 -1922.0000000000
126 -1921.0000000000
134 -1920.0000000000
137 -1919.0000000000
139 -1918.0000000000
149 -1917.0000000000
158 -1916.0000000000
162 -1915.0000000000
163 -1913.0000000000
164 -1912.0000000000
166 -1910.0000000000
167 -1908.0000000000
178 -1907.0000000000
185 -1906.0000000000
186 -1905.0000000000
190 -1904.0000000000
196 -1903.0000000000
199 -1900.0000000000
203 -1899.0000000000
205 -1898.0000000000
206 -1897.0000000000
207 -1896.0000000000
218 -1895.0000000000
222 -1894.0000000000
227 -1893.0000000000
230 -1891.0000000000
234 -1890.0000000000
237 -1888.0000000000
238 -1887.0000000000
239 -1886.0000000000
241 -1884.0000000000
250 -1883.0000000000
256 -1882.0000000000
266 -1881.0000000000
273 -1879.0000000000
276 -1877.0000000000
281 -1876.0000000000
285 -1875.0000000000
286 -1874.0000000000
287 -1873.0000000000
288 -1872.0000000000
291 -1871.0000000000
295 -1870.0000000000
302 -1868.0000000000
305 -1866.0000000000
309 -1865.0000000000
315 -1862.0000000000
316 -1861.0000000000
317 -1860.0000000000
318 -1859.0000000000
322 -1858.0000000000
327 -1857.0000000000
329 -1856.0000000000
339 -1855.0000000000
345 -1854.0000000000
356 -1852.0000000000
370 -1851.0000000000
377 -1850.0000000000
379 -1849.0000000000
381 -1847.0000000000
386 -1846.0000000000
390 -1845.0000000000
392 -1844.0000000000
395 -1842.0000000000
402 -1841.0000000000
405 -1840.0000000000
407 -1839.0000000000
420 -1837.0000000000
421 -1836.0000000000
425 -1834.0000000000
426 -1833.0000000000
430 -1832.0000000000
437 -1831.0000000000
440 -1830.0000000000
441 -1828.0000000000
445 -1827.0000000000
450 -1826.0000000000
458 -1825.0000000000
463 -1824.0000000000
464 -1823.0000000000
465 -1822.0000000000
466 -1821.0000000000
469 -1820.0000000000
475 -1819.0000000000
477 -1817.0000000000
481 -1816.0000000000
482 -1815.0000000000
483 -1814.0000000000
484 -1812.0000000000
490 -1811.0000000000
491 -1810.0000000000
493 -1809.0000000000
496 -1807.0000000000
500 -1806.0000000000
501 -1805.0000000000
502 -1804.0000000000
516 -1803.0000000000
517 -1802.0000000000
518 -1800.0000000000
519 -1799.0000000000
523 -1798.0000000000
527 -1797.0000000000
529 -1796.0000000000
533 -1795.0000000000
543 -1794.0000000000
546 -1793.0000000000
548 -1791.0000000000
554 -1790.0000000000
555 -1789.0000000000
561 -1787.0000000000
569 -1786.0000000000
570 -1785.0000000000
579 -1784.0000000000
583 -1783.0000000000
584 -1782.0000000000
591 -1781.0000000000
594 -1780.0000000000
596 -1779.0000000000
610 -1778.0000000000
611 -1777.0000000000
612 -1776.0000000000
619 -1774.0000000000
625 -1773.0000000000
628 -1772.0000000000
629 -1771.0000000000
632 -1770.0000000000
633 -1768.0000000000
635 -1766.0000000000
638 -1765.0000000000
644 -1764.0000000000
647 -1762.0000000000
652 -1761.0000000000
663 -1759.0000000000
667 -1758.0000000000
668 -1757.0000000000
670 -1756.0000000000
672 -1754.0000000000
678 -1752.0000000000
680 -1751.0000000000
682 -1749.0000000000
690 -1748.0000000000
696 -1746.0000000000
698 -1745.0000000000
699 -1743.0000000000
700 -1742.0000000000
702 -1741.0000000000
709 -1740.0000000000
712 -1738.0000000000
716 -1737.0000000000
718 -1735.0000000000
719 -1734.0000000000
721 -1733.0000000000
722 -1732.0000000000
724 -1731.0000000000
727 -1730.0000000000
732 -1729.0000000000
740 -1728.0000000000
742 -1727.0000000000
745 -1726.0000000000
747 -1725.0000000000
750 -1724.0000000000
754 -1723.0000000000
757 -1722.0000000000
767 -1721.0000000000
772 -1720.0000000000
781 -1719.0000000000
785 -1717.0000000000
805 -1716.0000000000
808 -1715.0000000000
810 -1714.0000000000
820 -1713.0000000000
824 -1712.0000000000
829 -1711.0000000000
832 -1709.0000000000
841 -1708.0000000000
842 -1707.0000000000
845 -1706.0000000000
847 -1705.0000000000
854 -1703.0000000000
857 -1702.0000000000
862 -1701.0000000000
865 -1700.0000000000
866 -1698.0000000000
867 -1697.0000000000
871 -1696.0000000000
874 -1695.0000000000
878 -1694.0000000000
883 -1693.0000000000
887 -1692.0000000000
890 -1689.0000000000
891 -1688.0000000000
903 -1687.0000000000
915 -1686.0000000000
927 -1685.0000000000
928 -1683.0000000000
930 -1682.0000000000
934 -1680.0000000000
950 -1679.0000000000
955 -1678.0000000000
959 -1675.0000000000
962 -1674.0000000000
967 -1673.0000000000
969 -1672.0000000000
973 -1670.0000000000
975 -1669.0000000000
977 -1668.0000000000
978 -1667.0000000000
980 -1665.0000000000
981 -1664.0000000000
988 -1663.0000000000
992 -1662.0000000000
993 -1661.0000000000
998 -1660.0000000000
1003 -1659.0000000000
1004 -1658.0000000000
1006 -1657.0000000000
1009 -1656.0000000000
1011 -1655.0000000000
1013 -1654.0000000000
1018 -1653.0000000000
1028 -1652.0000000000
1032 -1651.0000000000
1034 -1650.0000000000
1035 -1649.0000000000
1037 -1648.0000000000
1039 -1647.0000000000
1048 -1646.0000000000
1057 -1645.0000000000
1067 -1644.0000000000
1073 -1642.0000000000
1074 -1641.0000000000
1077 -1639.0000000000
1084 -1638.0000000000
1085 -1637.0000000000
1086 -1636.0000000000
1088 -1634.0000000000
1095 -1633.0000000000
1096 -1632.0000000000
1104 -1631.0000000000
1113 -1630.0000000000
1117 -1629.0000000000
1127 -1628.0000000000
1130 -1627.0000000000
1132 -1626.0000000000
1144 -1625.0000000000
1153 -1624.0000000000
1154 -1622.0000000000
1161 -1620.0000000000
1163 -1619.0000000000
1165 -1617.0000000000
1168 -1616.0000000000
1170 -1614.0000000000
1171 -1613.0000000000
1175 -1612.0000000000
1176 -1611.0000000000
1177 -1609.0000000000
1182 -1608.0000000000
1184 -1607.0000000000
1192 -1606.0000000000
1197 -1605.0000000000
1201 -1604.0000000000
1203 -1603.0000000000
1209 -1601.0000000000
1211 -1600.0000000000
1214 -1599.0000000000
1219 -1598.0000000000
1220 -1596.0000000000
1221 -1595.0000000000
1225 -1594.0000000000
1253 -1593.0000000000
1255 -1592.0000000000
1256 -1591.0000000000
1259 -1589.0000000000
1262 -1587.0000000000
1266 -1586.0000000000
1271 -1585.0000000000
1279 -1584.0000000000
1280 -1583.0000000000
1283 -1581.0000000000
1287 -1580.0000000000
1289 -1579.0000000000
1290 -1578.0000000000
1291 -1577.0000000000
1294 -1576.0000000000
1296 -1575.0000000000
1298 -1573.0000000000
1302 -1572.0000000000
1305 -1571.0000000000
1310 -1569.0000000000
1330 -1568.0000000000
1334 -1567.0000000000
1335 -1566.0000000000
1340 -1565.0000000000
1342 -1564.0000000000
1352 -1563.0000000000
1355 -1562.0000000000
1357 -1561.0000000000
1360 -1560.0000000000
1366 -1557.0000000000
1386 -1556.0000000000
1387 -1555.0000000000
1390 -1554.0000000000
1395 -1553.0000000000
1404 -1551.0000000000
1406 -1550.0000000000
1417 -1548.0000000000
1419 -1547.0000000000
1429 -1546.0000000000
1432 -1545.0000000000
1436 -1544.0000000000
1437 -1541.0000000000
1438 -1540.0000000000
1445 -1539.0000000000
1449 -1538.0000000000
1452 -1536.0000000000
1459 -1535.0000000000
1460 -1534.0000000000
1462 -1533.0000000000
1469 -1532.0000000000
1479 -1531.0000000000
1480 -1530.0000000000
1491 -1529.0000000000
1492 -1528.0000000000
1496 -1527.0000000000
1502 -1525.0000000000
1505 -1524.0000000000
1516 -1523.0000000000
1520 -1522.0000000000
1532 -1521.0000000000
1541 -1520.0000000000
1542 -1519.0000000000
1551 -1518.0000000000
1553 -1517.0000000000
1555 -1516.0000000000
1558 -1514.0000000000
1560 -1513.0000000000
1567 -1512.0000000000
1573 -1511.0000000000
1575 -1510.0000000000
1581 -1509.0000000000
1588 -1507.0000000000
1594 -1505.0000000000
1599 -1504.0000000000
1611 -1503.0000000000
1613 -1502.0000000000
1619 -1500.0000000000
1622 -1499.0000000000
1643 -1496.0000000000
1648 -1494.0000000000
1649 -1493.0000000000
1652 -1492.0000000000
1655 -1491.0000000000
1657 -1490.0000000000
1659 -1489.0000000000
1666 -1487.0000000000
1667 -1486.0000000000
1671 -1485.0000000000
1674 -1484.0000000000
1675 -1482.0000000000
1682 -1481.0000000000
1685 -1480.0000000000
1686 -1479.0000000000
1688 -1478.0000000000
1690 -1477.0000000000
1691 -1476.0000000000
1693 -1475.0000000000
1698 -1474.0000000000
1699 -1473.0000000000
1700 -1472.0000000000
1704 -1471.0000000000
1706 -1470.0000000000
1707 -1469.0000000000
1709 -1468.0000000000
1716 -1467.0000000000
1719 -1466.0000000000
1720 -1464.0000000000
1733 -1463.0000000000
1745 -1462.0000000000
1746 -1461.0000000000
1753 -1460.0000000000
1756 -1459.0000000000
1757 -1457.0000000000
1759 -1456.0000000000
1761 -1455.0000000000
1766 -1454.0000000000
1770 -1453.0000000000
1771 -1452.0000000000
1776 -1451.0000000000
1793 -1450.0000000000
1801 -1449.0000000000
1809 -1447.0000000000
1812 -1445.0000000000
1837 -1444.0000000000
1855 -1443.0000000000
1865 -1442.0000000000
1872 -1441.0000000000
1873 -1440.0000000000
1878 -1439.0000000000
1881 -1438.0000000000
1882 -1437.0000000000
1886 -1436.0000000000
1892 -1435.0000000000
1894 -1434.0000000000
1897 -1433.0000000000
1902 -1431.0000000000
1903 -1430.0000000000
1904 -1429.0000000000
1905 -1428.0000000000
1907 -1427.0000000000
1912 -1426.0000000000
1915 -1425.0000000000
1920 -1424.0000000000
1922 -1423.0000000000
1928 -1421.0000000000
1933 -1420.0000000000
1934 -1419.0000000000
1939 -1418.0000000000
1958 -1417.0000000000
1959 -1416.0000000000
1960 -1415.0000000000
1968 -1413.0000000000
1971 -1412.0000000000
1973 -1411.0000000000
1979 -1410.0000000000
1986 -1409.0000000000
1988 -1408.0000000000
1998 -1407.0000000000
2015 -1406.0000000000
2017 -1405.0000000000
2033 -1403.0000000000
2036 -1402.0000000000
2043 -1401.0000000000
2048 -1400.0000000000
2060 -1397.0000000000
2081 -1396.0000000000
2085 -1395.0000000000
2088 -1394.0000000000
2091 -1392.0000000000
2097 -1391.0000000000
2107 -1390.0000000000
2120 -1389.0000000000
2130 -1388.0000000000
2132 -1387.0000000000
2133 -1386.0000000000
2141 -1385.0000000000
2143 -1384.0000000000
2147 -1383.0000000000
2156 -1382.0000000000
2157 -1381.0000000000
2158 -1379.0000000000
2159 -1378.0000000000
2165 -1377.0000000000
2185 -1376.0000000000
2187 -1375.0000000000
2193 -1374.0000000000
2195 -1373.0000000000
2198 -1372.0000000000
2199 -1371.0000000000
2200 -1370.0000000000
2206 -1369.0000000000
2209 -1368.0000000000
2215 -1367.0000000000
2218 -1366.0000000000
2228 -1365.0000000000
2230 -1364.0000000000
2236 -1363.0000000000
2237 -1362.0000000000
2240 -1361.0000000000
2241 -1358.0000000000
2244 -1357.0000000000
2247 -1356.0000000000
2251 -1355.0000000000
2252 -1354.0000000000
2253 -1353.0000000000
2262 -1352.0000000000
2263 -1351.0000000000
2264 -1349.0000000000
2265 -1348.0000000000
2270 -1347.0000000000
2280 -1346.0000000000
2282 -1344.0000000000
2299 -1343.0000000000
2310 -1342.0000000000
2326 -1340.0000000000
2327 -1339.0000000000
2341 -1337.0000000000
2347 -1336.0000000000
2350 -1335.0000000000
2354 -1334.0000000000
2355 -1333.0000000000
2358 -1332.0000000000
2360 -1331.0000000000
2389 -1330.0000000000
2391 -1329.0000000000
2399 -1328.0000000000
2400 -1327.0000000000
2407 -1326.0000000000
2408 -1325.0000000000
2413 -1323.0000000000
2417 -1322.0000000000
2423 -1321.0000000000
2427 -1320.0000000000
2430 -1319.0000000000
2437 -1318.0000000000
2443 -1317.0000000000
2445 -1316.0000000000
2448 -1315.0000000000
2449 -1314.0000000000
2459 -1313.0000000000
2467 -1312.0000000000
2474 -1311.0000000000
2493 -1310.0000000000
2497 -1309.0000000000
2515 -1308.0000000000
2518 -1307.0000000000
2519 -1306.0000000000
2524 -1305.0000000000
2529 -1304.0000000000
2530 -1303.0000000000
2535 -1302.0000000000
2537 -1301.0000000000
2550 -1300.0000000000
2553 -1299.0000000000
2566 -1298.0000000000
2567 -1297.0000000000
2568 -1295.0000000000
2573 -1294.0000000000
2575 -1293.0000000000
2578 -1292.0000000000
2583 -1291.0000000000
2591 -1290.0000000000
2594 -1289.0000000000
2598 -1287.0000000000
2599 -1286.0000000000
2611 -1285.0000000000
2631 -1282.0000000000
2634 -1281.0000000000
2635 -1280.0000000000
2651 -1279.0000000000
2659 -1278.0000000000
2665 -1277.0000000000
2667 -1276.0000000000
2670 -1275.0000000000
2673 -1273.0000000000
2676 -1272.0000000000
2679 -1271.0000000000
2685 -1270.0000000000
2690 -1269.0000000000
2692 -1268.0000000000
2697 -1267.0000000000
2721 -1265.0000000000
2724 -1263.0000000000
2736 -1262.0000000000
2757 -1259.0000000000
2759 -1257.0000000000
2760 -1256.0000000000
2761 -1255.0000000000
2768 -1254.0000000000
2778 -1253.0000000000
2787 -1252.0000000000
2789 -1249.0000000000
2800 -1248.0000000000
2821 -1247.0000000000
2829 -1246.0000000000
2831 -1245.0000000000
2842 -1244.0000000000
2847 -1243.0000000000
2848 -1242.0000000000
2871 -1241.0000000000
2881 -1240.0000000000
2885 -1239.0000000000
2897 -1238.0000000000
2899 -1237.0000000000
2901 -1236.0000000000
2914 -1235.0000000000
2915 -1234.0000000000
2921 -1233.0000000000
2924 -1232.0000000000
2941 -1231.0000000000
2944 -1230.0000000000
2948 -1228.0000000000
2955 -1227.0000000000
2964 -1225.0000000000
2978 -1224.0000000000
2981 -1223.0000000000
2993 -1221.0000000000
3013 -1220.0000000000
3017 -1219.0000000000
3020 -1218.0000000000
3029 -1217.0000000000
3030 -1216.0000000000
3033 -1215.0000000000
3042 -1214.0000000000
3049 -1213.0000000000
3060 -1212.0000000000
3062 -1211.0000000000
3066 -1210.0000000000
3090 -1209.0000000000
3098 -1207.0000000000
3111 -1206.0000000000
3119 -1205.0000000000
3120 -1204.0000000000
3127 -1203.0000000000
3146 -1202.0000000000
3156 -1201.0000000000
3163 -1200.0000000000
3166 -1199.0000000000
3167 -1197.0000000000
3169 -1196.0000000000
3180 -1195.0000000000
3182 -1194.0000000000
3184 -1192.0000000000
3203 -1191.0000000000
3205 -1190.0000000000
3230 -1189.0000000000
3236 -1188.0000000000
3237 -1187.0000000000
3259 -1186.0000000000
3261 -1185.0000000000
3275 -1184.0000000000
3279 -1183.0000000000
3283 -1182.0000000000
3291 -1180.0000000000
3298 -1179.0000000000
3301 -1178.0000000000
3305 -1177.0000000000
3314 -1176.0000000000
3317 -1175.0000000000
3319 -1174.0000000000
3320 -1171.0000000000
3321 -1170.0000000000
3346 -1169.0000000000
3370 -1168.0000000000
3388 -1167.0000000000
3395 -1166.0000000000
3396 -1164.0000000000
3398 -1162.0000000000
3405 -1161.0000000000
3406 -1160.0000000000
3417 -1159.0000000000
3430 -1158.0000000000
3449 -1157.0000000000
3451 -1156.0000000000
3453 -1155.0000000000
3454 -1154.0000000000
3477 -1153.0000000000
3478 -1152.0000000000
3481 -1151.0000000000
3491 -1150.0000000000
3498 -1149.0000000000
3502 -1148.0000000000
3515 -1147.0000000000
3517 -1146.0000000000
3518 -1145.0000000000
3550 -1143.0000000000
3560 -1142.0000000000
3565 -1141.0000000000
3569 -1138.0000000000
3575 -1137.0000000000
3588 -1136.0000000000
3604 -1135.0000000000
3612 -1134.0000000000
3613 -1132.0000000000
3615 -1131.0000000000
3630 -1129.0000000000
3645 -1128.0000000000
3655 -1127.0000000000
3660 -1126.0000000000
3664 -1125.0000000000
3665 -1124.0000000000
3692 -1123.0000000000
3705 -1122.0000000000
3709 -1121.0000000000
3711 -1120.0000000000
3712 -1119.0000000000
3718 -1117.0000000000
3734 -1116.0000000000
3736 -1115.0000000000
3751 -1114.0000000000
3765 -1113.0000000000
3772 -1111.0000000000
3774 -1110.0000000000
3780 -1109.0000000000
3796 -1108.0000000000
3810 -1107.0000000000
3814 -1105.0000000000
3844 -1104.0000000000
3862 -1103.0000000000
3867 -1102.0000000000
3868 -1101.0000000000
3872 -1100.0000000000
3878 -1099.0000000000
3883 -1098.0000000000
3887 -1096.0000000000
3894 -1095.0000000000
3897 -1094.0000000000
3917 -1093.0000000000
3918 -1091.0000000000
3920 -1090.0000000000
3931 -1089.0000000000
3942 -1088.0000000000
3946 -1086.0000000000
3952 -1085.0000000000
3958 -1084.0000000000
3972 -1083.0000000000
3997 -1082.0000000000
4000 -1081.0000000000
4002 -1080.0000000000
4011 -1079.0000000000
4024 -1077.0000000000
4032 -1076.0000000000
4033 -1075.0000000000
4040 -1074.0000000000
4041 -1073.0000000000
4042 -1072.0000000000
4053 -1071.0000000000
4064 -1070.0000000000
4067 -1069.0000000000
4071 -1068.0000000000
4082 -1067.0000000000
4083 -1066.0000000000
4085 -1065.0000000000
4087 -1064.0000000000
4088 -1063.0000000000
4090 -1062.0000000000
4095 -1061.0000000000
4096 -1060.0000000000
4104 -1059.0000000000
4107 -1058.0000000000
4118 -1056.0000000000
4127 -1055.0000000000
4133 -1053.0000000000
4135 -1051.0000000000
4141 -1050.0000000000
4143 -1049.0000000000
4176 -1048.0000000000
4185 -1047.0000000000
4191 -1045.0000000000
4205 -1044.0000000000
4206 -1043.0000000000
4207 -1041.0000000000
4211 -1040.0000000000
4215 -1039.0000000000
4218 -1038.0000000000
4219 -1037.0000000000
4222 -1036.0000000000
4234 -1035.0000000000
4251 -1034.0000000000
4253 -1033.0000000000
4260 -1032.0000000000
4263 -1031.0000000000
4270 -1030.0000000000
4279 -1029.0000000000
4283 -1028.0000000000
4285 -1027.0000000000
4295 -1026.0000000000
4296 -1025.0000000000
4298 -1024.0000000000
4303 -1023.0000000000
4308 -1022.0000000000
4325 -1021.0000000000
4331 -1020.0000000000
4332 -1019.0000000000
4333 -1018.0000000000
4334 -1017.0000000000
4337 -1016.0000000000
4339 -1014.0000000000
4341 -1013.0000000000
4347 -1012.0000000000
4348 -1011.0000000000
4355 -1010.0000000000
4357 -1009.0000000000
4359 -1008.0000000000
4362 -1007.0000000000
4373 -1006.0000000000
4375 -1005.0000000000
4385 -1003.0000000000
4392 -1002.0000000000
4395 -1001.0000000000
4423 -1000.0000000000
4433 -999.0000000000
4434 -998.0000000000
4444 -997.0000000000
4445 -996.0000000000
4448 -995.0000000000
4449 -994.0000000000
4454 -993.0000000000
4459 -992.0000000000
4462 -991.0000000000
4465 -990.0000000000
4468 -989.0000000000
4472 -988.0000000000
4478 -986.0000000000
4481 -985.0000000000
4482 -984.0000000000
4484 -983.0000000000
4485 -982.0000000000
4490 -981.0000000000
4504 -979.0000000000
4506 -978.0000000000
4509 -977.0000000000
4519 -976.0000000000
4526 -974.0000000000
4527 -973.0000000000
4534 -972.0000000000
4536 -971.0000000000
4551 -970.0000000000
4556 -969.0000000000
4558 -968.0000000000
4563 -967.0000000000
4571 -966.0000000000
4576 -965.0000000000
4600 -963.0000000000
4609 -962.0000000000
4640 -961.0000000000
4648 -960.0000000000
4656 -959.0000000000
4666 -958.0000000000
4667 -956.0000000000
4676 -955.0000000000
4685 -954.0000000000
4694 -953.0000000000
4699 -952.0000000000
4702 -951.0000000000
4721 -950.0000000000
4729 -949.0000000000
4760 -948.0000000000
4770 -947.0000000000
4804 -945.0000000000
4811 -944.0000000000
4813 -942.0000000000
4828 -941.0000000000
4835 -940.0000000000
4839 -939.0000000000
4841 -938.0000000000
4842 -936.0000000000
4849 -935.0000000000
4900 -934.0000000000
4923 -933.0000000000
4924 -932.0000000000
4930 -931.0000000000
4933 -930.0000000000
4949 -929.0000000000
4953 -927.0000000000
4956 -926.0000000000
4962 -925.0000000000
4964 -924.0000000000
4965 -923.0000000000
4979 -922.0000000000
4981 -921.0000000000
4982 -920.0000000000
4990 -918.0000000000
4991 -917.0000000000
4992 -916.0000000000
5002 -915.0000000000
5006 -914.0000000000
5009 -913.0000000000
5015 -912.0000000000
5030 -911.0000000000
5042 -910.0000000000
5043 -909.0000000000
5054 -908.0000000000
5055 -907.0000000000
5056 -906.0000000000
5058 -905.0000000000
5059 -904.0000000000
5068 -903.0000000000
5076 -902.0000000000
5079 -901.0000000000
5093 -900.0000000000
5094 -899.0000000000
5105 -897.0000000000
5112 -896.0000000000
5120 -895.0000000000
5132 -894.0000000000
5133 -893.0000000000
5153 -892.0000000000
5163 -891.0000000000
5171 -890.0000000000
5178 -889.0000000000
5217 -888.0000000000
5220 -887.0000000000
5227 -886.0000000000
5230 -885.0000000000
5237 -884.0000000000
5251 -883.0000000000
5253 -882.0000000000
5254 -880.0000000000
5255 -879.0000000000
5259 -878.0000000000
5262 -877.0000000000
5271 -876.0000000000
5282 -875.0000000000
5308 -874.0000000000
5312 -873.0000000000
5324 -872.0000000000
5327 -870.0000000000
5343 -868.0000000000
5358 -867.0000000000
5359 -866.0000000000
5363 -865.0000000000
5374 -864.0000000000
5402 -863.0000000000
5409 -862.0000000000
5417 -861.0000000000
5425 -860.0000000000
5427 -859.0000000000
5478 -857.0000000000
5487 -856.0000000000
5501 -855.0000000000
5502 -854.0000000000
5513 -853.0000000000
5522 -852.0000000000
5549 -851.0000000000
5555 -850.0000000000
5558 -849.0000000000
5561 -848.0000000000
5567 -847.0000000000
5570 -846.0000000000
5572 -845.0000000000
5578 -844.0000000000
5592 -843.0000000000
5593 -842.0000000000
5628 -841.0000000000
5635 -840.0000000000
5636 -839.0000000000
5640 -838.0000000000
5644 -837.0000000000
5648 -836.0000000000
5656 -835.0000000000
5661 -834.0000000000
5679 -833.0000000000
5680 -832.0000000000
5715 -831.0000000000
5722 -830.0000000000
5723 -829.0000000000
5727 -828.0000000000
5733 -826.0000000000
5742 -825.0000000000
5747 -824.0000000000
5753 -823.0000000000
5763 -822.0000000000
5777 -821.0000000000
5814 -820.0000000000
5839 -819.0000000000
5849 -818.0000000000
5853 -817.0000000000
5876 -815.0000000000
5878 -813.0000000000
5888 -812.0000000000
5890 -811.0000000000
5892 -810.0000000000
5904 -809.0000000000
5917 -807.0000000000
5919 -806.0000000000
5951 -805.0000000000
5952 -804.0000000000
5961 -803.0000000000
5966 -802.0000000000
5976 -801.0000000000
5978 -800.0000000000
5982 -799.0000000000
6002 -798.0000000000
6010 -797.0000000000
6014 -796.0000000000
6021 -794.0000000000
6024 -792.0000000000
6041 -791.0000000000
6047 -790.0000000000
6061 -789.0000000000
6062 -788.0000000000
6064 -787.0000000000
6067 -786.0000000000
6109 -785.0000000000
6120 -783.0000000000
6143 -782.0000000000
6156 -780.0000000000
6166 -779.0000000000
6178 -778.0000000000
6197 -777.0000000000
6208 -776.0000000000
6209 -775.0000000000
6211 -774.0000000000
6216 -773.0000000000
6242 -772.0000000000
6247 -770.0000000000
6259 -769.0000000000
6271 -768.0000000000
6279 -767.0000000000
6304 -766.0000000000
6307 -765.0000000000
6323 -764.0000000000
6328 -763.0000000000
6331 -761.0000000000
6340 -760.0000000000
6347 -759.0000000000
6364 -758.0000000000
6384 -757.0000000000
6394 -756.0000000000
6397 -755.0000000000
6405 -754.0000000000
6447 -753.0000000000
6451 -752.0000000000
6464 -751.0000000000
6470 -750.0000000000
6471 -749.0000000000
6475 -748.0000000000
6496 -747.0000000000
6501 -746.0000000000
6514 -745.0000000000
6530 -744.0000000000
6547 -743.0000000000
6550 -742.0000000000
6576 -741.0000000000
6577 -740.0000000000
6580 -739.0000000000
6581 -738.0000000000
6588 -737.0000000000
6593 -736.0000000000
6620 -735.0000000000
6626 -734.0000000000
6628 -733.0000000000
6648 -732.0000000000
6661 -731.0000000000
6673 -730.0000000000
6688 -729.0000000000
6697 -728.0000000000
6709 -727.0000000000
6715 -726.0000000000
6721 -725.0000000000
6722 -724.0000000000
6726 -723.0000000000
6730 -721.0000000000
6736 -719.0000000000
6742 -718.0000000000
6755 -717.0000000000
6758 -716.0000000000
6765 -714.0000000000
6779 -713.0000000000
6788 -712.0000000000
6854 -710.0000000000
6866 -709.0000000000
6874 -708.0000000000
6883 -707.0000000000
6887 -706.0000000000
6889 -705.0000000000
6894 -704.0000000000
6903 -703.0000000000
6904 -702.0000000000
6909 -701.0000000000
6917 -700.0000000000
6944 -699.0000000000
6952 -698.0000000000
6962 -697.0000000000
6973 -696.0000000000
6978 -695.0000000000
6986 -694.0000000000
6991 -693.0000000000
7000 -691.0000000000
7006 -690.0000000000
7015 -689.0000000000
7016 -688.0000000000
7025 -687.0000000000
7032 -686.0000000000
7036 -685.0000000000
7037 -684.0000000000
7062 -683.0000000000
7078 -682.0000000000
7107 -681.0000000000
7114 -680.0000000000
7118 -679.0000000000
7127 -678.0000000000
7137 -677.0000000000
7177 -676.0000000000
7183 -675.0000000000
7223 -674.0000000000
7234 -673.0000000000
7265 -672.0000000000
7279 -671.0000000000
7285 -670.0000000000
7328 -669.0000000000
7339 -668.0000000000
7393 -667.0000000000
7394 -665.0000000000
7397 -664.0000000000
7404 -663.0000000000
7421 -662.0000000000
7441 -661.0000000000
7452 -660.0000000000
7467 -659.0000000000
7485 -658.0000000000
7501 -656.0000000000
7532 -655.0000000000
7543 -652.0000000000
7554 -651.0000000000
7565 -650.0000000000
7570 -649.0000000000
7582 -648.0000000000
7588 -647.0000000000
7589 -646.0000000000
7597 -645.0000000000
7598 -644.0000000000
7612 -643.0000000000
7625 -642.0000000000
7638 -641.0000000000
7640 -640.0000000000
7655 -639.0000000000
7669 -638.0000000000
7683 -637.0000000000
7694 -636.0000000000
7700 -635.0000000000
7722 -634.0000000000
7745 -633.0000000000
7755 -632.0000000000
7774 -631.0000000000
7799 -630.0000000000
7804 -629.0000000000
7806 -628.0000000000
7808 -627.0000000000
7842 -626.0000000000
7844 -625.0000000000
7858 -624.0000000000
7863 -623.0000000000
7868 -622.0000000000
7939 -621.0000000000
7961 -620.0000000000
7975 -619.0000000000
7985 -618.0000000000
8002 -616.0000000000
8021 -615.0000000000
8029 -614.0000000000
8032 -613.0000000000
8052 -612.0000000000
8063 -611.0000000000
8072 -610.0000000000
8079 -609.0000000000
8081 -608.0000000000
8084 -607.0000000000
8085 -605.0000000000
8114 -603.0000000000
8125 -602.0000000000
8143 -601.0000000000
8144 -600.0000000000
8146 -599.0000000000
8148 -597.0000000000
8149 -596.0000000000
8195 -595.0000000000
8200 -594.0000000000
8204 -593.0000000000
8207 -591.0000000000
8214 -590.0000000000
8247 -589.0000000000
8256 -588.0000000000
8261 -586.0000000000
8264 -585.0000000000
8270 -584.0000000000
8293 -583.0000000000
8295 -582.0000000000
8297 -580.0000000000
8298 -579.0000000000
8303 -577.0000000000
8332 -575.0000000000
8367 -574.0000000000
8374 -573.0000000000
8396 -572.0000000000
8421 -571.0000000000
8444 -569.0000000000
8452 -568.0000000000
8470 -567.0000000000
8503 -565.0000000000
8569 -564.0000000000
8571 -563.0000000000
8590 -562.0000000000
8597 -561.0000000000
8608 -560.0000000000
8639 -559.0000000000
8641 -558.0000000000
8666 -557.0000000000
8672 -556.0000000000
8700 -555.0000000000
8701 -554.0000000000
8715 -553.0000000000
8719 -552.0000000000
8721 -551.0000000000
8741 -550.0000000000
8745 -549.0000000000
8755 -548.0000000000
8797 -547.0000000000
8827 -546.0000000000
8834 -545.0000000000
8836 -544.0000000000
8867 -543.0000000000
8872 -542.0000000000
8893 -541.0000000000
8899 -540.0000000000
8907 -539.0000000000
8913 -537.0000000000
8936 -535.0000000000
8941 -534.0000000000
8957 -532.0000000000
8977 -531.0000000000
8979 -530.0000000000
9006 -529.0000000000
9033 -528.0000000000
9036 -527.0000000000
9044 -526.0000000000
9061 -525.0000000000
9091 -524.0000000000
9107 -523.0000000000
9111 -522.0000000000
9127 -521.0000000000
9140 -520.0000000000
9144 -518.0000000000
9148 -517.0000000000
9179 -516.0000000000
9188 -515.0000000000
9191 -514.0000000000
9205 -513.0000000000
9208 -512.0000000000
9261 -510.0000000000
9285 -509.0000000000
9290 -508.0000000000
9292 -507.0000000000
9305 -506.0000000000
9342 -505.0000000000
9350 -504.0000000000
9364 -502.0000000000
9370 -501.0000000000
9371 -500.0000000000
9408 -499.0000000000
9419 -498.0000000000
9442 -497.0000000000
9443 -496.0000000000
9452 -495.0000000000
9478 -494.0000000000
9488 -493.0000000000
9523 -492.0000000000
9563 -491.0000000000
9566 -490.0000000000
9593 -489.0000000000
9603 -488.0000000000
9605 -487.0000000000
9615 -486.0000000000
9621 -485.0000000000
9628 -484.0000000000
9634 -483.0000000000
9648 -482.0000000000
9684 -481.0000000000
9697 -480.0000000000
9736 -479.0000000000
9771 -478.0000000000
9821 -477.0000000000
9832 -476.0000000000
9854 -475.0000000000
9865 -474.0000000000
9882 -473.0000000000
9888 -472.0000000000
9902 -471.0000000000
9908 -470.0000000000
9921 -469.0000000000
9946 -468.0000000000
9976 -465.0000000000
10000 -466.0000000000
evaluations raw_y
1 -1905.0000000000
11 -1902.0000000000
12 -1900.0000000000
13 -1899.0000000000
14 -1898.0000000000
16 -1897.0000000000
17 -1894.0000000000
18 -1893.0000000000
21 -1892.0000000000
22 -1891.0000000000
23 -1890.0000000000
27 -1889.0000000000
30 -1887.0000000000
33 -1886.0000000000
36 -1885.0000000000
39 -1884.0000000000
41 -1883.0000000000
49 -1882.0000000000
55 -1880.0000000000
59 -1879.0000000000
70 -1878.0000000000
71 -1877.0000000000
76 -1876.0000000000
77 -1875.0000000000
79 -1874.0000000000
81 -1873.0000000000
83 -1872.0000000000
86 -1871.0000000000
87 -1870.0000000000
88 -1869.0000000000
89 -1868.0000000000
95 -1866.0000000000
98 -1865.0000000000
100 -1864.0000000000
101 -1863.0000000000
107 -1862.0000000000
114 -1860.0000000000
123 -1859.0000000000
125 -1858.0000000000
127 -1857.0000000000
128 -1856.0000000000
133 -1854.0000000000
137 -1853.0000000000
140 -1852.0000000000
142 -1851.0000000000
144 -1850.0000000000
145 -1849.0000000000
146 -1848.0000000000
150 -1847.0000000000
154 -1846.0000000000
159 -1845.0000000000
162 -1844.0000000000
168 -1843.0000000000
172 -1842.0000000000
175 -1841.0000000000
191 -1840.0000000000
195 -1839.0000000000
201 -1837.0000000000
205 -1835.0000000000
209 -1834.0000000000
223 -1833.0000000000
225 -1832.0000000000
227 -1831.0000000000
228 -1830.0000000000
233 -1829.0000000000
241 -1828.0000000000
242 -1826.0000000000
247 -1825.0000000000
250 -1824.0000000000
251 -1823.0000000000
253 -1821.0000000000
254 -1820.0000000000
258 -1819.0000000000
260 -1817.0000000000
262 -1816.0000000000
269 -1815.0000000000
270 -1813.0000000000
273 -1812.0000000000
274 -1811.0000000000
275 -1808.0000000000
276 -1807.0000000000
277 -1806.0000000000
279 -1805.0000000000
280 -1804.0000000000
282 -1803.0000000000
290 -1802.0000000000
295 -1800.0000000000
300 -1799.0000000000
310 -1798.0000000000
313 -1797.0000000000
314 -1796.0000000000
315 -1795.0000000000
320 -1794.0000000000
322 -1793.0000000000
325 -1792.0000000000
331 -1791.0000000000
332 -1790.0000000000
335 -1789.0000000000
337 -1787.0000000000
340 -1786.0000000000
344 -1785.0000000000
346 -1784.0000000000
347 -1782.0000000000
349 -1781.0000000000
351 -1780.0000000000
354 -1779.0000000000
367 -1778.0000000000
370 -1776.0000000000
372 -1775.0000000000
377 -1774.0000000000
382 -1772.0000000000
387 -1771.0000000000
389 -1770.0000000000
400 -1769.0000000000
401 -1768.0000000000
407 -1767.0000000000
423 -1766.0000000000
427 -1765.0000000000
428 -1764.0000000000
434 -1763.0000000000
436 -1762.0000000000
442 -1761.0000000000
443 -1760.0000000000
454 -1758.0000000000
455 -1757.0000000000
459 -1756.0000000000
463 -1755.0000000000
464 -1753.0000000000
465 -1752.0000000000
466 -1751.0000000000
472 -1750.0000000000
474 -1748.0000000000
476 -1747.0000000000
477 -1746.0000000000
483 -1745.0000000000
493 -1743.0000000000
495 -1742.0000000000
497 -1741.0000000000
498 -1739.0000000000
509 -1738.0000000000
513 -1737.0000000000
519 -1735.0000000000
521 -1733.0000000000
523 -1732.0000000000
524 -1731.0000000000
525 -1730.0000000000
527 -1729.0000000000
528 -1728.0000000000
530 -1726.0000000000
532 -1724.0000000000
538 -1723.0000000000
543 -1721.0000000000
544 -1719.0000000000
547 -1718.0000000000
550 -1716.0000000000
555 -1714.0000000000
558 -1713.0000000000
561 -1712.0000000000
562 -1711.0000000000
563 -1709.0000000000
567 -1708.0000000000
579 -1707.0000000000
583 -1706.0000000000
586 -1705.0000000000
588 -1704.0000000000
592 -1703.0000000000
599 -1702.0000000000
601 -1701.0000000000
602 -1700.0000000000
603 -1699.0000000000
604 -1698.0000000000
612 -1697.0000000000
615 -1696.0000000000
626 -1695.0000000000
627 -1693.0000000000
633 -1691.0000000000
637 -1690.0000000000
647 -1689.0000000000
648 -1688.0000000000
656 -1687.0000000000
660 -1686.0000000000
663 -1685.0000000000
669 -1684.0000000000
672 -1683.0000000000
673 -1682.0000000000
674 -1681.0000000000
677 -1680.0000000000
679 -1679.0000000000
680 -1678.0000000000
684 -1677.0000000000
685 -1675.0000000000
689 -1674.0000000000
691 -1671.0000000000
694 -1670.0000000000
700 -1669.0000000000
705 -1668.0000000000
713 -1667.0000000000
715 -1666.0000000000
716 -1664.0000000000
718 -1663.0000000000
725 -1662.0000000000
734 -1661.0000000000
746 -1660.0000000000
748 -1659.0000000000
751 -1658.0000000000
765 -1656.0000000000
768 -1655.0000000000
769 -1654.0000000000
772 -1653.0000000000
773 -1652.0000000000
775 -1650.0000000000
793 -1649.0000000000
794 -1648.0000000000
795 -1647.0000000000
806 -1646.0000000000
810 -1644.0000000000
813 -1643.0000000000
814 -1642.0000000000
817 -1641.0000000000
818 -1639.0000000000
820 -1638.0000000000
822 -1637.0000000000
823 -1636.0000000000
826 -1635.0000000000
827 -1634.0000000000
828 -1633.0000000000
833 -1631.0000000000
837 -1630.0000000000
840 -1629.0000000000
841 -1628.0000000000
850 -1627.0000000000
851 -1626.0000000000
859 -1625.0000000000
880 -1624.0000000000
881 -1623.0000000000
882 -1622.0000000000
886 -1621.0000000000
889 -1620.0000000000
891 -1619.0000000000
893 -1618.0000000000
899 -1616.0000000000
900 -1615.0000000000
907 -1613.0000000000
912 -1612.0000000000
914 -1611.0000000000
923 -1610.0000000000
937 -1609.0000000000
938 -1608.0000000000
944 -1607.0000000000
947 -1606.0000000000
951 -1603.0000000000
962 -1601.0000000000
965 -1600.0000000000
975 -1599.0000000000
979 -1598.0000000000
980 -1597.0000000000
981 -1596.0000000000
982 -1594.0000000000
991 -1593.0000000000
992 -1592.0000000000
997 -1591.0000000000
998 -1589.0000000000
999 -1588.0000000000
1009 -1587.0000000000
1011 -1586.0000000000
1013 -1585.0000000000
1014 -1584.0000000000
1020 -1583.0000000000
1021 -1580.0000000000
1022 -1579.0000000000
1026 -1578.0000000000
1029 -1577.0000000000
1034 -1576.0000000000
1036 -1575.0000000000
1043 -1574.0000000000
1044 -1573.0000000000
1053 -1572.0000000000
1059 -1571.0000000000
1061 -1570.0000000000
1081 -1569.0000000000
1085 -1568.0000000000
1092 -1567.0000000000
1095 -1565.0000000000
1096 -1564.0000000000
1097 -1563.0000000000
1105 -1562.0000000000
1110 -1561.0000000000
1113 -1560.0000000000
1114 -1559.0000000000
1116 -1558.0000000000
1123 -1557.0000000000
1128 -1556.0000000000
1137 -1555.0000000000
1139 -1554.0000000000
1140 -1552.0000000000
1162 -1551.0000000000
1163 -1550.0000000000
1176 -1549.0000000000
1201 -1548.0000000000
1204 -1547.0000000000
1206 -1546.0000000000
1207 -1545.0000000000
1209 -1544.0000000000
1214 -1543.0000000000
1215 -1542.0000000000
1220 -1541.0000000000
1224 -1540.0000000000
1228 -1538.0000000000
1233 -1536.0000000000
1244 -1535.0000000000
1250 -1534.0000000000
1263 -1532.0000000000
1269 -1531.0000000000
1271 -1530.0000000000
1272 -1529.0000000000
1280 -1528.0000000000
1290 -1527.0000000000
1291 -1526.0000000000
1293 -1524.0000000000
1295 -1523.0000000000
1296 -1522.0000000000
1302 -1521.0000000000
1304 -1520.0000000000
1309 -1518.0000000000
1310 -1517.0000000000
1311 -1516.0000000000
1338 -1515.0000000000
1345 -1514.0000000000
1348 -1512.0000000000
1349 -1511.0000000000
1352 -1508.0000000000
1357 -1507.0000000000
1360 -1506.0000000000
1368 -1504.0000000000
1370 -1503.0000000000
1371 -1502.0000000000
1373 -1501.0000000000
1376 -1499.0000000000
1379 -1498.0000000000
1381 -1497.0000000000
1383 -1495.0000000000
1389 -1494.0000000000
1401 -1493.0000000000
1402 -1491.0000000000
1404 -1490.0000000000
1406 -1489.0000000000
1411 -1488.0000000000
1412 -1487.0000000000
1413 -1486.0000000000
1418 -1485.0000000000
1419 -1484.0000000000
1433 -1483.0000000000
1434 -1481.0000000000
1441 -1480.0000000000
1445 -1478.0000000000
1446 -1477.0000000000
1458 -1476.0000000000
1461 -1475.0000000000
1485 -1474.0000000000
1491 -1473.0000000000
1495 -1472.0000000000
1496 -1471.0000000000
1504 -1467.0000000000
1510 -1466.0000000000
1517 -1465.0000000000
1520 -1463.0000000000
1525 -1462.0000000000
1526 -1461.0000000000
1527 -1459.0000000000
1529 -1457.0000000000
1530 -1456.0000000000
1533 -1455.0000000000
1538 -1453.0000000000
1540 -1452.0000000000
1542 -1451.0000000000
1545 -1449.0000000000
1547 -1448.0000000000
1554 -1447.0000000000
1557 -1446.0000000000
1558 -1445.0000000000
1562 -1444.0000000000
1570 -1443.0000000000
1584 -1441.0000000000
1592 -1440.0000000000
1593 -1439.0000000000
1595 -1438.0000000000
1600 -1437.0000000000
1604 -1436.0000000000
1609 -1435.0000000000
1616 -1434.0000000000
1620 -1433.0000000000
1631 -1431.0000000000
1638 -1430.0000000000
1641 -1429.0000000000
1642 -1428.0000000000
1647 -1427.0000000000
1651 -1425.0000000000
1659 -1424.0000000000
1667 -1422.0000000000
1672 -1421.0000000000
1675 -1420.0000000000
1684 -1419.0000000000
1689 -1418.0000000000
1699 -1417.0000000000
1704 -1416.0000000000
1707 -1414.0000000000
1708 -1413.0000000000
1709 -1412.0000000000
1717 -1411.0000000000
1725 -1410.0000000000
1729 -1409.0000000000
1735 -1408.0000000000
1737 -1405.0000000000
1739 -1404.0000000000
1742 -1403.0000000000
1750 -1402.0000000000
1751 -1401.0000000000
1771 -1400.0000000000
1773 -1399.0000000000
1781 -1398.0000000000
1783 -1397.0000000000
1788 -1396.0000000000
1791 -1395.0000000000
1794 -1394.0000000000
1802 -1393.0000000000
1805 -1392.0000000000
1814 -1391.0000000000
1824 -1390.0000000000
1836 -1389.0000000000
1841 -1388.0000000000
1843 -1387.0000000000
1853 -1386.0000000000
1869 -1385.0000000000
1870 -1383.0000000000
1872 -1382.0000000000
1876 -1381.0000000000
1877 -1380.0000000000
1882 -1379.0000000000
1887 -1378.0000000000
1894 -1377.0000000000
1897 -1376.0000000000
1900 -1375.0000000000
1902 -1374.0000000000
1909 -1373.0000000000
1914 -1371.0000000000
1919 -1370.0000000000
1924 -1368.0000000000
1934 -1367.0000000000
1935 -1365.0000000000
1946 -1364.0000000000
1956 -1363.0000000000
1961 -1362.0000000000
1963 -1361.0000000000
1965 -1358.0000000000
1966 -1357.0000000000
1968 -1356.0000000000
1980 -1355.0000000000
1986 -1354.0000000000
1988 -1352.0000000000
1999 -1351.0000000000
2002 -1350.0000000000
2015 -1349.0000000000
2019 -1348.0000000000
2026 -1347.0000000000
2035 -1346.0000000000
2041 -1345.0000000000
2056 -1344.0000000000
2062 -1343.0000000000
2063 -1342.0000000000
2070 -1341.0000000000
2072 -1340.0000000000
2076 -1339.0000000000
2079 -1338.0000000000
2080 -1337.0000000000
2089 -1335.0000000000
2096 -1334.0000000000
2100 -1333.0000000000
2101 -1332.0000000000
2104 -1331.0000000000
2105 -1330.0000000000
2106 -1329.0000000000
2110 -1328.0000000000
2115 -1327.0000000000
2124 -1325.0000000000
2125 -1324.0000000000
2131 -1323.0000000000
2146 -1322.0000000000
2152 -1321.0000000000
2159 -1320.0000000000
2161 -1319.0000000000
2168 -1318.0000000000
2172 -1317.0000000000
2173 -1316.0000000000
2180 -1315.0000000000
2199 -1314.0000000000
2207 -1313.0000000000
2208 -1311.0000000000
2218 -1310.0000000000
2220 -1309.0000000000
2228 -1308.0000000000
2234 -1307.0000000000
2237 -1306.0000000000
2246 -1305.0000000000
2248 -1304.0000000000
2249 -1303.0000000000
2251 -1302.0000000000
2256 -1301.0000000000
2260 -1300.0000000000
2261 -1299.0000000000
2263 -1298.0000000000
2268 -1297.0000000000
2273 -1296.0000000000
2274 -1295.0000000000
2275 -1293.0000000000
2277 -1291.0000000000
2282 -1290.0000000000
2294 -1289.0000000000
2299 -1288.0000000000
2302 -1287.0000000000
2304 -1286.0000000000
2312 -1285.0000000000
2321 -1283.0000000000
2322 -1282.0000000000
2323 -1281.0000000000
2328 -1280.0000000000
2338 -1278.0000000000
2340 -1276.0000000000
2347 -1275.0000000000
2350 -1274.0000000000
2355 -1272.0000000000
2356 -1271.0000000000
2365 -1269.0000000000
2366 -1268.0000000000
2370 -1266.0000000000
2378 -1265.0000000000
2387 -1264.0000000000
2399 -1263.0000000000
2414 -1262.0000000000
2420 -1261.0000000000
2425 -1260.0000000000
2432 -1258.0000000000
2458 -1257.0000000000
2460 -1256.0000000000
2461 -1255.0000000000
2466 -1254.0000000000
2470 -1253.0000000000
2473 -1252.0000000000
2480 -1251.0000000000
2485 -1250.0000000000
2486 -1249.0000000000
2488 -1248.0000000000
2498 -1246.0000000000
2500 -1245.0000000000
2504 -1244.0000000000
2511 -1242.0000000000
2512 -1240.0000000000
2514 -1239.0000000000
2529 -1238.0000000000
2535 -1237.0000000000
2536 -1236.0000000000
2546 -1235.0000000000
2557 -1234.0000000000
2558 -1233.0000000000
2566 -1232.0000000000
2568 -1231.0000000000
2572 -1230.0000000000
2581 -1229.0000000000
2591 -1227.0000000000
2597 -1226.0000000000
2603 -1224.0000000000
2606 -1223.0000000000
2607 -1222.0000000000
2615 -1220.0000000000
2618 -1219.0000000000
2623 -1218.0000000000
2636 -1217.0000000000
2645 -1215.0000000000
2652 -1214.0000000000
2653 -1213.0000000000
2662 -1212.0000000000
2667 -1211.0000000000
2671 -1210.0000000000
2683 -1209.0000000000
2692 -1208.0000000000
2693 -1207.0000000000
2694 -1206.0000000000
2695 -1205.0000000000
2706 -1204.0000000000
2707 -1203.0000000000
2710 -1201.0000000000
2711 -1200.0000000000
2739 -1198.0000000000
2750 -1196.0000000000
2769 -1195.0000000000
2774 -1194.0000000000
2778 -1193.0000000000
2781 -1192.0000000000
2793 -1190.0000000000
2798 -1189.0000000000
2807 -1188.0000000000
2812 -1187.0000000000
2817 -1184.0000000000
2827 -1183.0000000000
2836 -1182.0000000000
2838 -1181.0000000000
2839 -1180.0000000000
2846 -1179.0000000000
2847 -1178.0000000000
2855 -1177.0000000000
2857 -1176.0000000000
2859 -1175.0000000000
2862 -1174.0000000000
2871 -1173.0000000000
2874 -1172.0000000000
2880 -1170.0000000000
2881 -1169.0000000000
2895 -1168.0000000000
2904 -1167.0000000000
2910 -1166.0000000000
2914 -1165.0000000000
2918 -1164.0000000000
2925 -1163.0000000000
2928 -1161.0000000000
2933 -1160.0000000000
2938 -1159.0000000000
2946 -1158.0000000000
2953 -1156.0000000000
2957 -1155.0000000000
2960 -1154.0000000000
2961 -1153.0000000000
2962 -1152.0000000000
2967 -1151.0000000000
2968 -1150.0000000000
3003 -1149.0000000000
3014 -1148.0000000000
3018 -1147.0000000000
3022 -1146.0000000000
3026 -1145.0000000000
3035 -1144.0000000000
3038 -1142.0000000000
3041 -1141.0000000000
3061 -1140.0000000000
3063 -1139.0000000000
3068 -1138.0000000000
3084 -1137.0000000000
3094 -1136.0000000000
3095 -1135.0000000000
3108 -1134.0000000000
3110 -1133.0000000000
3113 -1132.0000000000
3114 -1131.0000000000
3116 -1130.0000000000
3117 -1129.0000000000
3125 -1128.0000000000
3130 -1126.0000000000
3131 -1125.0000000000
3141 -1123.0000000000
3152 -1122.0000000000
3153 -1121.0000000000
3157 -1120.0000000000
3165 -1119.0000000000
3172 -1118.0000000000
3174 -1117.0000000000
3175 -1116.0000000000
3177 -1115.0000000000
3179 -1114.0000000000
3185 -1113.0000000000
3190 -1112.0000000000
3199 -1111.0000000000
3205 -1110.0000000000
3223 -1109.0000000000
3234 -1106.0000000000
3253 -1105.0000000000
3265 -1104.0000000000
3269 -1103.0000000000
3274 -1102.0000000000
3281 -1101.0000000000
3283 -1100.0000000000
3284 -1099.0000000000
3291 -1098.0000000000
3292 -1097.0000000000
3297 -1096.0000000000
3300 -1095.0000000000
3308 -1094.0000000000
3311 -1093.0000000000
3319 -1091.0000000000
3355 -1089.0000000000
3359 -1088.0000000000
3362 -1087.0000000000
3370 -1086.0000000000
3377 -1084.0000000000
3388 -1083.0000000000
3393 -1082.0000000000
3397 -1081.0000000000
3398 -1080.0000000000
3401 -1079.0000000000
3414 -1078.0000000000
3430 -1077.0000000000
3454 -1076.0000000000
3463 -1075.0000000000
3468 -1073.0000000000
3482 -1072.0000000000
3483 -1071.0000000000
3488 -1070.0000000000
3492 -1069.0000000000
3495 -1068.0000000000
3508 -1067.0000000000
3511 -1066.0000000000
3534 -1065.0000000000
3536 -1063.0000000000
3537 -1062.0000000000
3542 -1061.0000000000
3547 -1060.0000000000
3548 -1058.0000000000
3550 -1057.0000000000
3554 -1056.0000000000
3555 -1055.0000000000
3560 -1053.0000000000
3561 -1052.0000000000
3589 -1051.0000000000
3593 -1050.0000000000
3602 -1049.0000000000
3609 -1048.0000000000
3624 -1047.0000000000
3644 -1046.0000000000
3654 -1045.0000000000
3655 -1044.0000000000
3661 -1043.0000000000
3671 -1042.0000000000
3674 -1041.0000000000
3675 -1040.0000000000
3696 -1039.0000000000
3697 -1038.0000000000
3702 -1037.0000000000
3704 -1036.0000000000
3715 -1035.0000000000
3729 -1031.0000000000
3731 -1030.0000000000
3732 -1029.0000000000
3733 -1028.0000000000
3734 -1027.0000000000
3738 -1026.0000000000
3749 -1025.0000000000
3756 -1024.0000000000
3764 -1023.0000000000
3786 -1022.0000000000
3787 -1021.0000000000
3799 -1019.0000000000
3800 -1018.0000000000
3802 -1017.0000000000
3816 -1016.0000000000
3825 -1015.0000000000
3840 -1014.0000000000
3841 -1013.0000000000
3853 -1012.0000000000
3855 -1011.0000000000
3860 -1010.0000000000
3861 -1008.0000000000
3889 -1007.0000000000
3896 -1006.0000000000
3899 -1005.0000000000
3903 -1004.0000000000
3906 -1003.0000000000
3908 -1002.0000000000
3922 -1001.0000000000
3943 -1000.0000000000
3944 -998.0000000000
3946 -996.0000000000
3953 -995.0000000000
3960 -993.0000000000
3961 -991.0000000000
3973 -990.0000000000
3982 -988.0000000000
3990 -987.0000000000
3993 -986.0000000000
3998 -985.0000000000
4001 -984.0000000000
4004 -983.0000000000
4005 -982.0000000000
4038 -981.0000000000
4039 -980.0000000000
4043 -979.0000000000
4053 -978.0000000000
4058 -977.0000000000
4074 -976.0000000000
4077 -975.0000000000
4078 -974.0000000000
4083 -973.0000000000
4094 -972.0000000000
4100 -971.0000000000
4103 -970.0000000000
4107 -969.0000000000
4112 -968.0000000000
4129 -967.0000000000
4133 -966.0000000000
4152 -965.0000000000
4153 -964.0000000000
4155 -963.0000000000
4161 -962.0000000000
4167 -961.0000000000
4174 -960.0000000000
4182 -959.0000000000
4194 -958.0000000000
4200 -957.0000000000
4206 -956.0000000000
4222 -955.0000000000
4225 -954.0000000000
4246 -953.0000000000
4261 -952.0000000000
4262 -951.0000000000
4267 -950.0000000000
4269 -949.0000000000
4283 -948.0000000000
4295 -947.0000000000
4304 -946.0000000000
4331 -945.0000000000
4334 -944.0000000000
4335 -943.0000000000
4340 -942.0000000000
4343 -941.0000000000
4344 -940.0000000000
4354 -939.0000000000
4361 -938.0000000000
4378 -937.0000000000
4384 -936.0000000000
4389 -935.0000000000
4391 -933.0000000000
4392 -932.0000000000
4396 -931.0000000000
4407 -930.0000000000
4412 -929.0000000000
4430 -927.0000000000
4447 -925.0000000000
4448 -924.0000000000
4454 -921.0000000000
4459 -920.0000000000
4490 -919.0000000000
4495 -918.0000000000
4506 -917.0000000000
4512 -916.0000000000
4524 -915.0000000000
4531 -914.0000000000
4541 -913.0000000000
4556 -912.0000000000
4558 -911.0000000000
4564 -910.0000000000
4566 -909.0000000000
4569 -908.0000000000
4584 -907.0000000000
4594 -906.0000000000
4596 -905.0000000000
4597 -904.0000000000
4601 -903.0000000000
4607 -902.0000000000
4612 -901.0000000000
4615 -900.0000000000
4618 -899.0000000000
4622 -898.0000000000
4624 -897.0000000000
4626 -896.0000000000
4632 -895.0000000000
4647 -894.0000000000
4651 -893.0000000000
4661 -892.0000000000
4670 -891.0000000000
4677 -890.0000000000
4681 -889.0000000000
4683 -888.0000000000
4699 -887.0000000000
4701 -886.0000000000
4718 -885.0000000000
4727 -884.0000000000
4741 -883.0000000000
4742 -882.0000000000
4758 -880.0000000000
4784 -879.0000000000
4805 -878.0000000000
4821 -876.0000000000
4840 -875.0000000000
4842 -874.0000000000
4844 -873.0000000000
4870 -872.0000000000
4878 -871.0000000000
4880 -870.0000000000
4891 -869.0000000000
4893 -868.0000000000
4924 -867.0000000000
4925 -866.0000000000
4928 -864.0000000000
4930 -862.0000000000
4935 -861.0000000000
4947 -859.0000000000
4969 -858.0000000000
4971 -857.0000000000
4973 -856.0000000000
4980 -854.0000000000
4981 -852.0000000000
4982 -851.0000000000
4987 -850.0000000000
5028 -848.0000000000
5044 -847.0000000000
5051 -846.0000000000
5059 -845.0000000000
5088 -844.0000000000
5125 -842.0000000000
5148 -841.0000000000
5153 -840.0000000000
5160 -839.0000000000
5162 -838.0000000000
5174 -836.0000000000
5180 -835.0000000000
5202 -834.0000000000
5215 -833.0000000000
5231 -831.0000000000
5233 -830.0000000000
5241 -829.0000000000
5247 -828.0000000000
5251 -827.0000000000
5255 -826.0000000000
5276 -825.0000000000
5277 -824.0000000000
5278 -823.0000000000
5282 -822.0000000000
5291 -821.0000000000
5299 -820.0000000000
5302 -819.0000000000
5331 -818.0000000000
5332 -817.0000000000
5357 -816.0000000000
5359 -815.0000000000
5373 -813.0000000000
5381 -812.0000000000
5387 -811.0000000000
5392 -810.0000000000
5405 -808.0000000000
5410 -807.0000000000
5418 -806.0000000000
5425 -805.0000000000
5428 -804.0000000000
5430 -803.0000000000
5442 -802.0000000000
5449 -801.0000000000
5450 -800.0000000000
5451 -799.0000000000
5456 -798.0000000000
5457 -797.0000000000
5458 -796.0000000000
5480 -795.0000000000
5481 -794.0000000000
5483 -793.0000000000
5492 -792.0000000000
5496 -791.0000000000
5498 -790.0000000000
5523 -788.0000000000
5533 -787.0000000000
5534 -786.0000000000
5540 -785.0000000000
5553 -784.0000000000
5555 -782.0000000000
5561 -781.0000000000
5565 -780.0000000000
5566 -779.0000000000
5567 -778.0000000000
5569 -777.0000000000
5580 -776.0000000000
5584 -775.0000000000
5592 -774.0000000000
5602 -773.0000000000
5610 -772.0000000000
5615 -771.0000000000
5625 -770.0000000000
5634 -769.0000000000
5651 -768.0000000000
5670 -767.0000000000
5679 -766.0000000000
5680 -765.0000000000
5703 -764.0000000000
5710 -763.0000000000
5714 -761.0000000000
5716 -760.0000000000
5718 -759.0000000000
5720 -758.0000000000
5742 -757.0000000000
5763 -756.0000000000
5772 -755.0000000000
5802 -754.0000000000
5806 -752.0000000000
5817 -751.0000000000
5818 -750.0000000000
5821 -749.0000000000
5843 -748.0000000000
5862 -747.0000000000
5882 -746.0000000000
5898 -745.0000000000
5903 -744.0000000000
5936 -743.0000000000
5967 -741.0000000000
5974 -740.0000000000
5989 -739.0000000000
6004 -738.0000000000
6007 -737.0000000000
6037 -736.0000000000
6039 -735.0000000000
6052 -733.0000000000
6068 -732.0000000000
6075 -731.0000000000
6079 -730.0000000000
6086 -729.0000000000
6090 -728.0000000000
6091 -727.0000000000
6177 -726.0000000000
6189 -725.0000000000
6225 -724.0000000000
6232 -723.0000000000
6235 -722.0000000000
6236 -721.0000000000
6237 -720.0000000000
6254 -719.0000000000
6274 -718.0000000000
6292 -717.0000000000
6294 -716.0000000000
6299 -714.0000000000
6308 -713.0000000000
6348 -712.0000000000
6356 -711.0000000000
6360 -710.0000000000
6369 -709.0000000000
6374 -706.0000000000
6376 -705.0000000000
6387 -704.0000000000
6413 -703.0000000000
6415 -702.0000000000
6419 -701.0000000000
6422 -700.0000000000
6423 -699.0000000000
6454 -698.0000000000
6460 -697.0000000000
6482 -696.0000000000
6487 -695.0000000000
6489 -694.0000000000
6511 -693.0000000000
6540 -692.0000000000
6554 -691.0000000000
6578 -690.0000000000
6581 -689.0000000000
6582 -688.0000000000
6625 -686.0000000000
6635 -685.0000000000
6666 -684.0000000000
6685 -683.0000000000
6727 -682.0000000000
6742 -681.0000000000
6745 -680.0000000000
6771 -678.0000000000
6775 -677.0000000000
6792 -676.0000000000
6820 -675.0000000000
6856 -674.0000000000
6857 -673.0000000000
6863 -672.0000000000
6870 -671.0000000000
6872 -670.0000000000
6890 -669.0000000000
6905 -668.0000000000
6922 -667.0000000000
6941 -666.0000000000
6958 -665.0000000000
6959 -664.0000000000
6965 -663.0000000000
6997 -662.0000000000
7001 -661.0000000000
7018 -660.0000000000
7023 -659.0000000000
7034 -658.0000000000
7036 -656.0000000000
7037 -655.0000000000
7067 -654.0000000000
7068 -653.0000000000
7079 -652.0000000000
7080 -651.0000000000
7147 -650.0000000000
7148 -649.0000000000
7151 -647.0000000000
7173 -646.0000000000
7183 -645.0000000000
7184 -644.0000000000
7185 -643.0000000000
7233 -642.0000000000
7263 -641.0000000000
7274 -640.0000000000
7285 -639.0000000000
7296 -638.0000000000
7310 -637.0000000000
7323 -636.0000000000
7330 -635.0000000000
7339 -634.0000000000
7341 -633.0000000000
7360 -632.0000000000
7363 -631.0000000000
7407 -630.0000000000
7411 -629.0000000000
7447 -628.0000000000
7485 -627.0000000000
7494 -626.0000000000
7495 -625.0000000000
7501 -624.0000000000
7523 -623.0000000000
7560 -622.0000000000
7564 -621.0000000000
7571 -620.0000000000
7572 -619.0000000000
7589 -617.0000000000
7617 -616.0000000000
7621 -615.0000000000
7645 -614.0000000000
7659 -613.0000000000
7697 -612.0000000000
7704 -611.0000000000
7713 -610.0000000000
7722 -609.0000000000
7763 -607.0000000000
7779 -606.0000000000
7796 -604.0000000000
7798 -603.0000000000
7809 -602.0000000000
7851 -601.0000000000
7870 -600.0000000000
7882 -599.0000000000
7896 -598.0000000000
7897 -597.0000000000
7929 -596.0000000000
7930 -595.0000000000
7944 -594.0000000000
7954 -593.0000000000
7956 -592.0000000000
7976 -591.0000000000
7988 -590.0000000000
8037 -589.0000000000
8046 -588.0000000000
8052 -587.0000000000
8060 -586.0000000000
8068 -585.0000000000
8072 -584.0000000000
8090 -583.0000000000
8097 -582.0000000000
8101 -581.0000000000
8109 -580.0000000000
8129 -579.0000000000
8201 -578.0000000000
8211 -577.0000000000
8224 -576.0000000000
8241 -575.0000000000
8263 -574.0000000000
8287 -573.0000000000
8354 -572.0000000000
8366 -571.0000000000
8369 -570.0000000000
8388 -569.0000000000
8399 -568.0000000000
8402 -567.0000000000
8421 -566.0000000000
8464 -565.0000000000
8474 -563.0000000000
8498 -562.0000000000
8504 -561.0000000000
8512 -560.0000000000
8521 -559.0000000000
8526 -557.0000000000
8540 -556.0000000000
8545 -555.0000000000
8566 -552.0000000000
8567 -551.0000000000
8571 -550.0000000000
8572 -549.0000000000
8578 -548.0000000000
8657 -547.0000000000
8669 -546.0000000000
8684 -545.0000000000
8701 -544.0000000000
8724 -543.0000000000
8731 -542.0000000000
8744 -541.0000000000
8749 -540.0000000000
8755 -537.0000000000
8763 -536.0000000000
8803 -535.0000000000
8813 -533.0000000000
8816 -531.0000000000
8826 -530.0000000000
8847 -529.0000000000
8867 -528.0000000000
8872 -527.0000000000
8874 -525.0000000000
8879 -524.0000000000
8890 -523.0000000000
8943 -522.0000000000
8950 -521.0000000000
8972 -520.0000000000
8979 -519.0000000000
9008 -518.0000000000
9033 -517.0000000000
9039 -516.0000000000
9049 -515.0000000000
9058 -513.0000000000
9102 -512.0000000000
9103 -511.0000000000
9164 -510.0000000000
9193 -509.0000000000
9227 -508.0000000000
9268 -507.0000000000
9271 -506.0000000000
9286 -505.0000000000
9289 -504.0000000000
9296 -503.0000000000
9318 -502.0000000000
9327 -500.0000000000
9329 -498.0000000000
9337 -497.0000000000
9343 -496.0000000000
9349 -495.0000000000
9360 -494.0000000000
9365 -493.0000000000
9398 -492.0000000000
9440 -491.0000000000
9447 -490.0000000000
9454 -488.0000000000
9479 -486.0000000000
9515 -485.0000000000
9519 -484.0000000000
9534 -483.0000000000
9544 -482.0000000000
9547 -479.0000000000
9563 -478.0000000000
9585 -477.0000000000
9614 -476.0000000000
9630 -475.0000000000
9638 -474.0000000000
9642 -473.0000000000
9668 -472.0000000000
9681 -471.0000000000
9705 -470.0000000000
9711 -469.0000000000
9738 -468.0000000000
9757 -467.0000000000
9827 -465.0000000000
9840 -464.0000000000
9844 -462.0000000000
9855 -461.0000000000
9868 -460.0000000000
9884 -459.0000000000
9886 -458.0000000000
9894 -456.0000000000
9897 -455.0000000000
9906 -454.0000000000
9913 -453.0000000000
9918 -451.0000000000
9919 -450.0000000000
9953 -449.0000000000
9957 -448.0000000000
9976 -446.0000000000
9988 -445.0000000000
9990 -444.0000000000
9997 -443.0000000000
10000 -443.0000000000
evaluations raw_y
1 -1963.0000000000
3 -1962.0000000000
4 -1959.0000000000
7 -1958.0000000000
12 -1957.0000000000
17 -1955.0000000000
25 -1954.0000000000
30 -1953.0000000000
35 -1952.0000000000
43 -1951.0000000000
59 -1950.0000000000
63 -1949.0000000000
68 -1947.0000000000
73 -1944.0000000000
77 -1943.0000000000
95 -1942.0000000000
103 -1941.0000000000
106 -1938.0000000000
109 -1936.0000000000
110 -1935.0000000000
117 -1934.0000000000
118 -1933.0000000000
120 -1932.0000000000
121 -1931.0000000000
123 -1930.0000000000
130 -1928.0000000000
135 -1927.0000000000
136 -1925.0000000000
141 -1924.0000000000
143 -1923.0000000000
145 -1922.0000000000
148 -1921.0000000000
155 -1920.0000000000
157 -1919.0000000000
158 -1917.0000000000
159 -1916.0000000000
162 -1914.0000000000
165 -1913.0000000000
166 -1912.0000000000
174 -1911.0000000000
175 -1910.0000000000
178 -1909.0000000000
193 -1907.0000000000
208 -1906.0000000000
210 -1905.0000000000
224 -1903.0000000000
228 -1902.0000000000
229 -1901.0000000000
231 -1900.0000000000
236 -1899.0000000000
240 -1898.0000000000
241 -1897.0000000000
243 -1895.0000000000
255 -1894.0000000000
261 -1893.0000000000
267 -1892.0000000000
273 -1891.0000000000
275 -1889.0000000000
276 -1888.0000000000
277 -1886.0000000000
279 -1885.0000000000
297 -1884.0000000000
299 -1883.0000000000
304 -1882.0000000000
306 -1881.0000000000
311 -1880.0000000000
324 -1878.0000000000
327 -1876.0000000000
332 -1875.0000000000
335 -1874.0000000000
336 -1873.0000000000
349 -1872.0000000000
351 -1871.0000000000
353 -1869.0000000000
354 -1868.0000000000
358 -1867.0000000000
363 -1866.0000000000
368 -1865.0000000000
369 -1864.0000000000
373 -1863.0000000000
374 -1862.0000000000
380 -1861.0000000000
387 -1860.0000000000
389 -1859.0000000000
394 -1858.0000000000
395 -1857.0000000000
397 -1855.0000000000
407 -1854.0000000000
408 -1853.0000000000
410 -1852.0000000000
414 -1851.0000000000
415 -1850.0000000000
422 -1848.0000000000
424 -1846.0000000000
428 -1845.0000000000
432 -1844.0000000000
437 -1843.0000000000
458 -1842.0000000000
459 -1840.0000000000
465 -1838.0000000000
467 -1837.0000000000
468 -1835.0000000000
474 -1833.0000000000
478 -1832.0000000000
479 -1831.0000000000
481 -1827.0000000000
486 -1826.0000000000
499 -1825.0000000000
502 -1824.0000000000
503 -1823.0000000000
507 -1822.0000000000
508 -1821.0000000000
516 -1820.0000000000
517 -1819.0000000000
520 -1817.0000000000
522 -1816.0000000000
523 -1815.0000000000
525 -1813.0000000000
531 -1812.0000000000
532 -1811.0000000000
535 -1810.0000000000
539 -1808.0000000000
540 -1807.0000000000
542 -1806.0000000000
543 -1805.0000000000
546 -1804.0000000000
548 -1803.0000000000
549 -1802.0000000000
555 -1798.0000000000
557 -1796.0000000000
559 -1795.0000000000
563 -1794.0000000000
564 -1793.0000000000
565 -1792.0000000000
567 -1791.0000000000
570 -1790.0000000000
574 -1788.0000000000
577 -1787.0000000000
580 -1786.0000000000
584 -1785.0000000000
590 -1784.0000000000
593 -1783.0000000000
614 -1782.0000000000
619 -1781.0000000000
620 -1780.0000000000
623 -1779.0000000000
628 -1778.0000000000
629 -1777.0000000000
631 -1775.0000000000
637 -1774.0000000000
639 -1773.0000000000
640 -1772.0000000000
644 -1771.0000000000
647 -1769.0000000000
654 -1768.0000000000
657 -1767.0000000000
670 -1766.0000000000
674 -1765.0000000000
679 -1763.0000000000
689 -1762.0000000000
691 -1761.0000000000
696 -1760.0000000000
697 -1759.0000000000
700 -1758.0000000000
706 -1757.0000000000
710 -1756.0000000000
711 -1755.0000000000
715 -1754.0000000000
719 -1752.0000000000
724 -1751.0000000000
729 -1750.0000000000
734 -1748.0000000000
736 -1747.0000000000
737 -1746.0000000000
740 -1745.0000000000
742 -1744.0000000000
743 -1743.0000000000
745 -1741.0000000000
747 -1739.0000000000
751 -1738.0000000000
752 -1737.0000000000
762 -1736.0000000000
763 -1734.0000000000
767 -1733.0000000000
768 -1732.0000000000
769 -1731.0000000000
770 -1729.0000000000
778 -1728.0000000000
779 -1727.0000000000
780 -1726.0000000000
783 -1725.0000000000
792 -1724.0000000000
797 -1722.0000000000
803 -1721.0000000000
809 -1720.0000000000
812 -1719.0000000000
813 -1718.0000000000
824 -1717.0000000000
832 -1716.0000000000
835 -1715.0000000000
840 -1714.0000000000
843 -1712.0000000000
844 -1711.0000000000
845 -1709.0000000000
846 -1708.0000000000
859 -1706.0000000000
860 -1705.0000000000
861 -1704.0000000000
862 -1703.0000000000
870 -1702.0000000000
872 -1701.0000000000
878 -1700.0000000000
883 -1699.0000000000
886 -1697.0000000000
894 -1696.0000000000
895 -1694.0000000000
896 -1693.0000000000
901 -1691.0000000000
904 -1690.0000000000
906 -1689.0000000000
907 -1688.0000000000
908 -1686.0000000000
911 -1685.0000000000
921 -1683.0000000000
922 -1682.0000000000
923 -1681.0000000000
924 -1680.0000000000
930 -1679.0000000000
936 -1678.0000000000
939 -1677.0000000000
942 -1676.0000000000
944 -1675.0000000000
948 -1673.0000000000
949 -1672.0000000000
954 -1671.0000000000
957 -1669.0000000000
958 -1668.0000000000
961 -1667.0000000000
964 -1666.0000000000
965 -1665.0000000000
966 -1663.0000000000
970 -1660.0000000000
973 -1659.0000000000
978 -1658.0000000000
981 -1657.0000000000
987 -1656.0000000000
995 -1655.0000000000
996 -1654.0000000000
1001 -1653.0000000000
1004 -1651.0000000000
1006 -1650.0000000000
1007 -1649.0000000000
1008 -1648.0000000000
1011 -1647.0000000000
1012 -1646.0000000000
1016 -1644.0000000000
1019 -1643.0000000000
1025 -1642.0000000000
1029 -1640.0000000000
1044 -1638.0000000000
1051 -1637.0000000000
1052 -1636.0000000000
1057 -1635.0000000000
1059 -1633.0000000000
1062 -1632.0000000000
1068 -1631.0000000000
1071 -1629.0000000000
1087 -1628.0000000000
1088 -1627.0000000000
1094 -1626.0000000000
1095 -1625.0000000000
1103 -1624.0000000000
1104 -1623.0000000000
1108 -1622.0000000000
1123 -1620.0000000000
1126 -1619.0000000000
1127 -1618.0000000000
1132 -1617.0000000000
1137 -1616.0000000000
1138 -1615.0000000000
1144 -1614.0000000000
1151 -1613.0000000000
1154 -1612.0000000000
1157 -1611.0000000000
1161 -1610.0000000000
1165 -1609.0000000000
1175 -1608.0000000000
1179 -1607.0000000000
1184 -1606.0000000000
1185 -1605.0000000000
1188 -1604.0000000000
1196 -1601.0000000000
1197 -1600.0000000000
1198 -1599.0000000000
1199 -1597.0000000000
1207 -1595.0000000000
1213 -1594.0000000000
1219 -1592.0000000000
1224 -1591.0000000000
1228 -1590.0000000000
1231 -1589.0000000000
1237 -1587.0000000000
1240 -1586.0000000000
1247 -1583.0000000000
1252 -1582.0000000000
1256 -1579.0000000000
1257 -1578.0000000000
1262 -1575.0000000000
1263 -1574.0000000000
1269 -1573.0000000000
1277 -1571.0000000000
1281 -1570.0000000000
1295 -1569.0000000000
1297 -1567.0000000000
1298 -1566.0000000000
1305 -1565.0000000000
1313 -1564.0000000000
1314 -1563.0000000000
1320 -1562.0000000000
1321 -1561.0000000000
1325 -1560.0000000000
1328 -1559.0000000000
1329 -1558.0000000000
1334 -1557.0000000000
1336 -1555.0000000000
1342 -1554.0000000000
1344 -1553.0000000000
1345 -1552.0000000000
1347 -1551.0000000000
1349 -1550.0000000000
1352 -1549.0000000000
1353 -1548.0000000000
1357 -1547.0000000000
1358 -1545.0000000000
1359 -1544.0000000000
1362 -1543.0000000000
1363 -1542.0000000000
1366 -1541.0000000000
1370 -1540.0000000000
1372 -1539.0000000000
1374 -1538.0000000000
1383 -1537.0000000000
1386 -1536.0000000000
1388 -1535.0000000000
1392 -1534.0000000000
1397 -1532.0000000000
1404 -1531.0000000000
1414 -1530.0000000000
1415 -1529.0000000000
1417 -1527.0000000000
1420 -1525.0000000000
1422 -1524.0000000000
1427 -1523.0000000000
1431 -1520.0000000000
1436 -1519.0000000000
1444 -1517.0000000000
1450 -1515.0000000000
1453 -1514.0000000000
1457 -1513.0000000000
1460 -1512.0000000000
1468 -1510.0000000000
1478 -1509.0000000000
1481 -1508.0000000000
1482 -1507.0000000000
1484 -1506.0000000000
1496 -1503.0000000000
1498 -1501.0000000000
1500 -1500.0000000000
1503 -1499.0000000000
1507 -1498.0000000000
1508 -1495.0000000000
1512 -1494.0000000000
1525 -1493.0000000000
1527 -1492.0000000000
1530 -1491.0000000000
1531 -1490.0000000000
1532 -1489.0000000000
1537 -1488.0000000000
1540 -1487.0000000000
1541 -1486.0000000000
1546 -1484.0000000000
1547 -1482.0000000000
1551 -1481.0000000000
1560 -1480.0000000000
1563 -1479.0000000000
1582 -1478.0000000000
1583 -1477.0000000000
1597 -1476.0000000000
1602 -1475.0000000000
1603 -1474.0000000000
1613 -1473.0000000000
1618 -1472.0000000000
1622 -1471.0000000000
1624 -1470.0000000000
1628 -1469.0000000000
1632 -1468.0000000000
1634 -1467.0000000000
1642 -1466.0000000000
1643 -1463.0000000000
1645 -1462.0000000000
1648 -1461.0000000000
1649 -1460.0000000000
1651 -1459.0000000000
1653 -1457.0000000000
1654 -1456.0000000000
1670 -1455.0000000000
1674 -1454.0000000000
1677 -1453.0000000000
1680 -1452.0000000000
1682 -1451.0000000000
1684 -1450.0000000000
1688 -1448.0000000000
1689 -1447.0000000000
1691 -1446.0000000000
1713 -1445.0000000000
1739 -1444.0000000000
1746 -1443.0000000000
1748 -1441.0000000000
1759 -1440.0000000000
1764 -1439.0000000000
1765 -1437.0000000000
1768 -1436.0000000000
1771 -1435.0000000000
1776 -1434.0000000000
1781 -1433.0000000000
1782 -1432.0000000000
1787 -1431.0000000000
1790 -1430.0000000000
1793 -1429.0000000000
1798 -1428.0000000000
1808 -1427.0000000000
1809 -1426.0000000000
1819 -1425.0000000000
1823 -1424.0000000000
1827 -1423.0000000000
1828 -1421.0000000000
1829 -1420.0000000000
1832 -1419.0000000000
1835 -1418.0000000000
1842 -1416.0000000000
1849 -1415.0000000000
1850 -1414.0000000000
1858 -1411.0000000000
1861 -1410.0000000000
1866 -1409.0000000000
1870 -1408.0000000000
1877 -1406.0000000000
1879 -1405.0000000000
1881 -1404.0000000000
1885 -1403.0000000000
1896 -1402.0000000000
1897 -1401.0000000000
1901 -1400.0000000000
1916 -1398.0000000000
1918 -1397.0000000000
1920 -1396.0000000000
1921 -1395.0000000000
1924 -1394.0000000000
1926 -1393.0000000000
1928 -1392.0000000000
1930 -1391.0000000000
1931 -1390.0000000000
1935 -1389.0000000000
1936 -1388.0000000000
1946 -1387.0000000000
1950 -1386.0000000000
1966 -1383.0000000000
1971 -1382.0000000000
1983 -1381.0000000000
1985 -1380.0000000000
2005 -1379.0000000000
2023 -1378.0000000000
2027 -1377.0000000000
2034 -1376.0000000000
2037 -1375.0000000000
2038 -1374.0000000000
2039 -1373.0000000000
2041 -1372.0000000000
2042 -1370.0000000000
2046 -1368.0000000000
2048 -1367.0000000000
2068 -1366.0000000000
2072 -1365.0000000000
2074 -1364.0000000000
2078 -1363.0000000000
2081 -1362.0000000000
2088 -1360.0000000000
2089 -1359.0000000000
2090 -1358.0000000000
2097 -1357.0000000000
2099 -1356.0000000000
2102 -1355.0000000000
2107 -1354.0000000000
2117 -1353.0000000000
2123 -1352.0000000000
2125 -1351.0000000000
2134 -1350.0000000000
2138 -1349.0000000000
2143 -1348.0000000000
2150 -1347.0000000000
2151 -1346.0000000000
2153 -1345.0000000000
2164 -1343.0000000000
2166 -1342.0000000000
2172 -1341.0000000000
2187 -1340.0000000000
2199 -1339.0000000000
2202 -1338.0000000000
2209 -1337.0000000000
2211 -1336.0000000000
2217 -1335.0000000000
2218 -1333.0000000000
2226 -1332.0000000000
2229 -1331.0000000000
2234 -1329.0000000000
2238 -1327.0000000000
2242 -1324.0000000000
2244 -1322.0000000000
2255 -1321.0000000000
2257 -1318.0000000000
2258 -1317.0000000000
2261 -1316.0000000000
2263 -1315.0000000000
2275 -1314.0000000000
2283 -1312.0000000000
2284 -1311.0000000000
2288 -1310.0000000000
2290 -1309.0000000000
2294 -1308.0000000000
2295 -1306.0000000000
2301 -1305.0000000000
2307 -1304.0000000000
2309 -1303.0000000000
2312 -1302.0000000000
2316 -1301.0000000000
2318 -1300.0000000000
2323 -1299.0000000000
2325 -1297.0000000000
2335 -1296.0000000000
2338 -1295.0000000000
2342 -1294.0000000000
2347 -1292.0000000000
2348 -1291.0000000000
2355 -1290.0000000000
2356 -1289.0000000000
2366 -1288.0000000000
2368 -1287.0000000000
2371 -1286.0000000000
2374 -1285.0000000000
2378 -1284.0000000000
2379 -1283.0000000000
2391 -1282.0000000000
2393 -1281.0000000000
2406 -1278.0000000000
2409 -1277.0000000000
2422 -1276.0000000000
2427 -1275.0000000000
2437 -1274.0000000000
2442 -1273.0000000000
2449 -1272.0000000000
2452 -1271.0000000000
2460 -1270.0000000000
2467 -1268.0000000000
2484 -1267.0000000000
2496 -1266.0000000000
2497 -1265.0000000000
2505 -1264.0000000000
2514 -1263.0000000000
2525 -1262.0000000000
2534 -1261.0000000000
2539 -1260.0000000000
2543 -1259.0000000000
2551 -1258.0000000000
2554 -1257.0000000000
2559 -1256.0000000000
2561 -1255.0000000000
2565 -1254.0000000000
2566 -1253.0000000000
2567 -1252.0000000000
2577 -1251.0000000000
2579 -1250.0000000000
2590 -1248.0000000000
2600 -1246.0000000000
2603 -1245.0000000000
2609 -1244.0000000000
2617 -1243.0000000000
2620 -1241.0000000000
2639 -1240.0000000000
2641 -1239.0000000000
2649 -1238.0000000000
2660 -1237.0000000000
2666 -1236.0000000000
2667 -1235.0000000000
2678 -1233.0000000000
2680 -1232.0000000000
2687 -1231.0000000000
2692 -1230.0000000000
2704 -1229.0000000000
2707 -1226.0000000000
2732 -1225.0000000000
2741 -1224.0000000000
2742 -1223.0000000000
2762 -1222.0000000000
2767 -1221.0000000000
2773 -1220.0000000000
2775 -1219.0000000000
2776 -1218.0000000000
2786 -1217.0000000000
2791 -1216.0000000000
2817 -1215.0000000000
2826 -1214.0000000000
2828 -1213.0000000000
2842 -1211.0000000000
2843 -1210.0000000000
2845 -1209.0000000000
2854 -1207.0000000000
2855 -1206.0000000000
2857 -1205.0000000000
2866 -1204.0000000000
2875 -1203.0000000000
2882 -1202.0000000000
2893 -1201.0000000000
2899 -1200.0000000000
2902 -1199.0000000000
2904 -1198.0000000000
2912 -1197.0000000000
2922 -1196.0000000000
2925 -1195.0000000000
2943 -1194.0000000000
2957 -1193.0000000000
2964 -1192.0000000000
2972 -1190.0000000000
2974 -1189.0000000000
2975 -1188.0000000000
2981 -1187.0000000000
2987 -1186.0000000000
2991 -1185.0000000000
2992 -1183.0000000000
2997 -1182.0000000000
3020 -1180.0000000000
3051 -1178.0000000000
3052 -1177.0000000000
3059 -1174.0000000000
3065 -1173.0000000000
3076 -1172.0000000000
3078 -1171.0000000000
3080 -1170.0000000000
3084 -1169.0000000000
3086 -1168.0000000000
3093 -1166.0000000000
3102 -1165.0000000000
3109 -1164.0000000000
3119 -1163.0000000000
3120 -1162.0000000000
3127 -1161.0000000000
3129 -1160.0000000000
3143 -1159.0000000000
3146 -1157.0000000000
3147 -1156.0000000000
3159 -1155.0000000000
3162 -1154.0000000000
3173 -1152.0000000000
3183 -1151.0000000000
3184 -1149.0000000000
3190 -1147.0000000000
3193 -1146.0000000000
3198 -1145.0000000000
3212 -1144.0000000000
3218 -1143.0000000000
3224 -1142.0000000000
3229 -1140.0000000000
3234 -1139.0000000000
3239 -1138.0000000000
3241 -1137.0000000000
3245 -1136.0000000000
3253 -1135.0000000000
3256 -1133.0000000000
3268 -1132.0000000000
3272 -1131.0000000000
3282 -1130.0000000000
3289 -1129.0000000000
3290 -1128.0000000000
3296 -1127.0000000000
3298 -1126.0000000000
3302 -1125.0000000000
3306 -1124.0000000000
3309 -1123.0000000000
3320 -1121.0000000000
3321 -1120.0000000000
3324 -1119.0000000000
3327 -1118.0000000000
3328 -1117.0000000000
3329 -1116.0000000000
3368 -1115.0000000000
3418 -1114.0000000000
3424 -1113.0000000000
3440 -1112.0000000000
3441 -1111.0000000000
3442 -1110.0000000000
3458 -1109.0000000000
3466 -1108.0000000000
3472 -1107.0000000000
3474 -1106.0000000000
3478 -1105.0000000000
3483 -1104.0000000000
3497 -1103.0000000000
3501 -1102.0000000000
3502 -1100.0000000000
3510 -1099.0000000000
3513 -1098.0000000000
3526 -1097.0000000000
3533 -1096.0000000000
3549 -1095.0000000000
3551 -1094.0000000000
3555 -1092.0000000000
3565 -1090.0000000000
3566 -1089.0000000000
3576 -1088.0000000000
3578 -1086.0000000000
3592 -1085.0000000000
3594 -1084.0000000000
3601 -1083.0000000000
3605 -1082.0000000000
3614 -1081.0000000000
3635 -1080.0000000000
3651 -1079.0000000000
3652 -1078.0000000000
3653 -1076.0000000000
3655 -1075.0000000000
3666 -1074.0000000000
3685 -1072.0000000000
3689 -1070.0000000000
3712 -1069.0000000000
3718 -1068.0000000000
3735 -1067.0000000000
3738 -1066.0000000000
3741 -1063.0000000000
3751 -1062.0000000000
3767 -1061.0000000000
3770 -1060.0000000000
3773 -1059.0000000000
3785 -1058.0000000000
3800 -1057.0000000000
3811 -1055.0000000000
3829 -1054.0000000000
3846 -1053.0000000000
3850 -1052.0000000000
3873 -1051.0000000000
3885 -1050.0000000000
3889 -1049.0000000000
3891 -1048.0000000000
3900 -1047.0000000000
3904 -1046.0000000000
3910 -1044.0000000000
3927 -1043.0000000000
3950 -1042.0000000000
3971 -1041.0000000000
3973 -1040.0000000000
3975 -1039.0000000000
3977 -1038.0000000000
3979 -1037.0000000000
3983 -1036.0000000000
3987 -1035.0000000000
3993 -1034.0000000000
4009 -1032.0000000000
4023 -1031.0000000000
4041 -1030.0000000000
4044 -1029.0000000000
4058 -1028.0000000000
4072 -1027.0000000000
4077 -1026.0000000000
4084 -1025.0000000000
4086 -1024.0000000000
4087 -1023.0000000000
4088 -1022.0000000000
4097 -1021.0000000000
4103 -1020.0000000000
4117 -1018.0000000000
4127 -1017.0000000000
4128 -1016.0000000000
4129 -1015.0000000000
4146 -1014.0000000000
4147 -1013.0000000000
4154 -1012.0000000000
4156 -1011.0000000000
4159 -1010.0000000000
4176 -1009.0000000000
4178 -1008.0000000000
4189 -1007.0000000000
4194 -1006.0000000000
4210 -1004.0000000000
4213 -1003.0000000000
4229 -1002.0000000000
4234 -1001.0000000000
4237 -999.0000000000
4238 -998.0000000000
4250 -997.0000000000
4253 -996.0000000000
4254 -995.0000000000
4257 -993.0000000000
4260 -991.0000000000
4275 -990.0000000000
4278 -989.0000000000
4284 -988.0000000000
4286 -987.0000000000
4293 -985.0000000000
4299 -983.0000000000
4300 -982.0000000000
4304 -980.0000000000
4309 -979.0000000000
4323 -978.0000000000
4325 -976.0000000000
4334 -975.0000000000
4341 -974.0000000000
4344 -973.0000000000
4351 -972.0000000000
4352 -971.0000000000
4373 -970.0000000000
4405 -969.0000000000
4409 -968.0000000000
4410 -967.0000000000
4419 -966.0000000000
4423 -965.0000000000
4425 -963.0000000000
4426 -962.0000000000
4435 -961.0000000000
4437 -960.0000000000
4449 -959.0000000000
4452 -958.0000000000
4454 -957.0000000000
4455 -956.0000000000
4466 -955.0000000000
4467 -954.0000000000
4471 -953.0000000000
4473 -952.0000000000
4476 -950.0000000000
4479 -949.0000000000
4503 -948.0000000000
4511 -947.0000000000
4536 -946.0000000000
4543 -945.0000000000
4545 -944.0000000000
4546 -943.0000000000
4547 -942.0000000000
4552 -941.0000000000
4555 -940.0000000000
4563 -939.0000000000
4588 -938.0000000000
4624 -937.0000000000
4625 -936.0000000000
4632 -935.0000000000
4637 -934.0000000000
4643 -933.0000000000
4669 -932.0000000000
4671 -931.0000000000
4672 -930.0000000000
4674 -929.0000000000
4680 -928.0000000000
4688 -927.0000000000
4695 -925.0000000000
4713 -924.0000000000
4714 -923.0000000000
4720 -922.0000000000
4755 -921.0000000000
4773 -920.0000000000
4782 -919.0000000000
4783 -918.0000000000
4793 -917.0000000000
4797 -916.0000000000
4811 -915.0000000000
4813 -914.0000000000
4814 -913.0000000000
4824 -912.0000000000
4829 -910.0000000000
4837 -909.0000000000
4841 -908.0000000000
4846 -907.0000000000
4850 -905.0000000000
4854 -904.0000000000
4864 -903.0000000000
4871 -902.0000000000
4877 -901.0000000000
4885 -900.0000000000
4907 -899.0000000000
4918 -898.0000000000
4921 -897.0000000000
4931 -896.0000000000
4937 -894.0000000000
4945 -893.0000000000
4946 -892.0000000000
4958 -891.0000000000
4962 -890.0000000000
4990 -889.0000000000
4992 -888.0000000000
4995 -887.0000000000
5001 -886.0000000000
5013 -885.0000000000
5016 -884.0000000000
5017 -883.0000000000
5031 -882.0000000000
5040 -881.0000000000
5048 -880.0000000000
5049 -879.0000000000
5051 -878.0000000000
5072 -877.0000000000
5094 -876.0000000000
5095 -875.0000000000
5101 -874.0000000000
5109 -873.0000000000
5110 -872.0000000000
5123 -871.0000000000
5137 -870.0000000000
5140 -869.0000000000
5161 -868.0000000000
5168 -867.0000000000
5173 -866.0000000000
5175 -865.0000000000
5198 -864.0000000000
5200 -862.0000000000
5216 -861.0000000000
5219 -860.0000000000
5225 -859.0000000000
5243 -858.0000000000
5257 -856.0000000000
5263 -855.0000000000
5296 -853.0000000000
5297 -852.0000000000
5300 -851.0000000000
5303 -850.0000000000
5311 -849.0000000000
5313 -848.0000000000
5315 -846.0000000000
5319 -845.0000000000
5336 -844.0000000000
5345 -843.0000000000
5346 -842.0000000000
5359 -841.0000000000
5361 -839.0000000000
5376 -838.0000000000
5405 -837.0000000000
5408 -836.0000000000
5428 -835.0000000000
5431 -833.0000000000
5456 -832.0000000000
5464 -831.0000000000
5471 -830.0000000000
5472 -829.0000000000
5481 -828.0000000000
5487 -827.0000000000
5490 -826.0000000000
5499 -825.0000000000
5504 -824.0000000000
5515 -823.0000000000
5516 -822.0000000000
5520 -821.0000000000
5523 -819.0000000000
5541 -817.0000000000
5547 -816.0000000000
5552 -815.0000000000
5561 -814.0000000000
5573 -813.0000000000
5578 -812.0000000000
5582 -811.0000000000
5588 -810.0000000000
5593 -808.0000000000
5610 -807.0000000000
5612 -806.0000000000
5622 -805.0000000000
5623 -804.0000000000
5624 -803.0000000000
5631 -802.0000000000
5635 -800.0000000000
5650 -799.0000000000
5675 -797.0000000000
5678 -796.0000000000
5694 -795.0000000000
5705 -794.0000000000
5712 -793.0000000000
5721 -792.0000000000
5726 -791.0000000000
5733 -790.0000000000
5743 -789.0000000000
5744 -788.0000000000
5747 -787.0000000000
5779 -785.0000000000
5786 -784.0000000000
5788 -783.0000000000
5796 -781.0000000000
5806 -780.0000000000
5834 -778.0000000000
5835 -776.0000000000
5841 -775.0000000000
5843 -774.0000000000
5844 -773.0000000000
5845 -772.0000000000
5850 -771.0000000000
5854 -770.0000000000
5855 -769.0000000000
5863 -768.0000000000
5867 -766.0000000000
5874 -765.0000000000
5876 -764.0000000000
5879 -763.0000000000
5880 -762.0000000000
5892 -761.0000000000
5898 -760.0000000000
5901 -759.0000000000
5907 -758.0000000000
5919 -757.0000000000
5944 -756.0000000000
5960 -755.0000000000
5961 -754.0000000000
5963 -753.0000000000
5968 -752.0000000000
5974 -751.0000000000
5979 -750.0000000000
5980 -749.0000000000
5982 -748.0000000000
5986 -747.0000000000
5995 -746.0000000000
6003 -745.0000000000
6006 -744.0000000000
6007 -743.0000000000
6011 -742.0000000000
6017 -741.0000000000
6019 -740.0000000000
6029 -739.0000000000
6040 -738.0000000000
6043 -737.0000000000
6046 -735.0000000000
6084 -734.0000000000
6090 -733.0000000000
6105 -732.0000000000
6110 -731.0000000000
6119 -730.0000000000
6127 -729.0000000000
6139 -727.0000000000
6171 -725.0000000000
6172 -724.0000000000
6194 -723.0000000000
6201 -721.0000000000
6209 -720.0000000000
6217 -719.0000000000
6236 -718.0000000000
6239 -717.0000000000
6243 -716.0000000000
6249 -715.0000000000
6271 -714.0000000000
6281 -713.0000000000
6286 -712.0000000000
6301 -711.0000000000
6310 -710.0000000000
6324 -709.0000000000
6341 -708.0000000000
6347 -707.0000000000
6363 -706.0000000000
6372 -704.0000000000
6387 -703.0000000000
6398 -701.0000000000
6400 -700.0000000000
6407 -699.0000000000
6414 -698.0000000000
6424 -697.0000000000
6426 -696.0000000000
6435 -695.0000000000
6472 -694.0000000000
6476 -693.0000000000
6483 -692.0000000000
6494 -691.0000000000
6504 -690.0000000000
6508 -689.0000000000
6514 -688.0000000000
6525 -687.0000000000
6538 -685.0000000000
6544 -684.0000000000
6553 -682.0000000000
6554 -681.0000000000
6557 -680.0000000000
6560 -679.0000000000
6561 -678.0000000000
6562 -676.0000000000
6567 -675.0000000000
6584 -674.0000000000
6599 -673.0000000000
6601 -671.0000000000
6607 -670.0000000000
6609 -669.0000000000
6619 -668.0000000000
6632 -667.0000000000
6648 -666.0000000000
6658 -665.0000000000
6678 -664.0000000000
6682 -663.0000000000
6689 -662.0000000000
6694 -661.0000000000
6695 -660.0000000000
6721 -659.0000000000
6722 -658.0000000000
6737 -657.0000000000
6748 -656.0000000000
6759 -655.0000000000
6775 -654.0000000000
6816 -653.0000000000
6817 -652.0000000000
6833 -651.0000000000
6847 -650.0000000000
6849 -649.0000000000
6858 -648.0000000000
6884 -647.0000000000
6888 -646.0000000000
6939 -645.0000000000
6942 -644.0000000000
6962 -643.0000000000
6966 -642.0000000000
6980 -641.0000000000
7021 -640.0000000000
7033 -639.0000000000
7037 -638.0000000000
7049 -637.0000000000
7050 -636.0000000000
7063 -635.0000000000
7116 -634.0000000000
7125 -633.0000000000
7133 -632.0000000000
7154 -631.0000000000
7164 -630.0000000000
7171 -629.0000000000
7175 -628.0000000000
7199 -627.0000000000
7223 -626.0000000000
7249 -624.0000000000
7257 -623.0000000000
7272 -622.0000000000
7287 -621.0000000000
7311 -620.0000000000
7328 -618.0000000000
7333 -617.0000000000
7354 -616.0000000000
7368 -614.0000000000
7387 -613.0000000000
7404 -612.0000000000
7410 -611.0000000000
7423 -609.0000000000
7430 -608.0000000000
7432 -607.0000000000
7443 -606.0000000000
7446 -604.0000000000
7450 -603.0000000000
7452 -602.0000000000
7485 -601.0000000000
7488 -600.0000000000
7492 -598.0000000000
7498 -597.0000000000
7510 -596.0000000000
7515 -595.0000000000
7516 -594.0000000000
7541 -593.0000000000
7542 -592.0000000000
7571 -591.0000000000
7580 -590.0000000000
7588 -589.0000000000
7591 -588.0000000000
7656 -587.0000000000
7665 -586.0000000000
7671 -585.0000000000
7673 -584.0000000000
7684 -583.0000000000
7690 -582.0000000000
7702 -581.0000000000
7742 -580.0000000000
7747 -579.0000000000
7762 -578.0000000000
7765 -576.0000000000
7802 -575.0000000000
7809 -574.0000000000
7825 -573.0000000000
7830 -571.0000000000
7834 -569.0000000000
7860 -568.0000000000
7957 -567.0000000000
7980 -566.0000000000
7996 -565.0000000000
8010 -564.0000000000
8011 -562.0000000000
8033 -561.0000000000
8040 -560.0000000000
8059 -559.0000000000
8095 -557.0000000000
8098 -556.0000000000
8101 -555.0000000000
8114 -554.0000000000
8121 -553.0000000000
8137 -552.0000000000
8142 -551.0000000000
8155 -550.0000000000
8191 -549.0000000000
8283 -548.0000000000
8284 -546.0000000000
8317 -545.0000000000
8377 -544.0000000000
8391 -543.0000000000
8412 -542.0000000000
8448 -541.0000000000
8450 -540.0000000000
8458 -539.0000000000
8494 -538.0000000000
8531 -537.0000000000
8546 -536.0000000000
8547 -535.0000000000
8552 -534.0000000000
8564 -533.0000000000
8572 -532.0000000000
8589 -531.0000000000
8591 -530.0000000000
8604 -529.0000000000
8635 -528.0000000000
8645 -527.0000000000
8646 -526.0000000000
8678 -525.0000000000
8681 -524.0000000000
8683 -523.0000000000
8685 -522.0000000000
8696 -521.0000000000
8753 -520.0000000000
8759 -519.0000000000
8761 -518.0000000000
8772 -517.0000000000
8779 -516.0000000000
8785 -515.0000000000
8795 -514.0000000000
8802 -513.0000000000
8821 -512.0000000000
8831 -511.0000000000
8851 -510.0000000000
8867 -509.0000000000
8888 -508.0000000000
8892 -507.0000000000
8896 -506.0000000000
8902 -505.0000000000
8921 -504.0000000000
8947 -503.0000000000
8984 -502.0000000000
9014 -501.0000000000
9024 -500.0000000000
9060 -499.0000000000
9064 -498.0000000000
9092 -497.0000000000
9104 -496.0000000000
9106 -495.0000000000
9118 -494.0000000000
9139 -493.0000000000
9153 -492.0000000000
9166 -491.0000000000
9191 -490.0000000000
9201 -489.0000000000
9205 -488.0000000000
9244 -487.0000000000
9261 -486.0000000000
9315 -485.0000000000
9322 -484.0000000000
9364 -483.0000000000
9390 -482.0000000000
9405 -481.0000000000
9476 -480.0000000000
9482 -479.0000000000
9485 -477.0000000000
9486 -476.0000000000
9491 -475.0000000000
9503 -474.0000000000
9505 -473.0000000000
9541 -472.0000000000
9606 -471.0000000000
9625 -469.0000000000
9633 -468.0000000000
9643 -467.0000000000
9689 -466.0000000000
9717 -465.0000000000
9723 -464.0000000000
9728 -463.0000000000
9770 -462.0000000000
9792 -461.0000000000
9802 -460.0000000000
9809 -459.0000000000
9828 -458.0000000000
9841 -457.0000000000
9866 -456.0000000000
9869 -455.0000000000
9886 -454.0000000000
9893 -453.0000000000
9895 -452.0000000000
9940 -451.0000000000
9952 -450.0000000000
9956 -449.0000000000
9970 -448.0000000000
9986 -446.0000000000
9987 -445.0000000000
9990 -444.0000000000
10000 -445.0000000000
evaluations raw_y
1 -1964.0000000000
2 -1963.0000000000
4 -1962.0000000000
6 -1961.0000000000
9 -1960.0000000000
12 -1959.0000000000
13 -1958.0000000000
14 -1957.0000000000
16 -1956.0000000000
25 -1955.0000000000
28 -1954.0000000000
41 -1953.0000000000
48 -1952.0000000000
49 -1951.0000000000
52 -1949.0000000000
53 -1948.0000000000
55 -1947.0000000000
56 -1945.0000000000
58 -1944.0000000000
62 -1942.0000000000
63 -1941.0000000000
66 -1940.0000000000
67 -1938.0000000000
68 -1937.0000000000
69 -1936.0000000000
70 -1935.0000000000
73 -1934.0000000000
74 -1932.0000000000
99 -1930.0000000000
107 -1929.0000000000
113 -1928.0000000000
122 -1926.0000000000
123 -1925.0000000000
125 -1924.0000000000
127 -1923.0000000000
128 -1922.0000000000
129 -1921.0000000000
131 -1919.0000000000
134 -1918.0000000000
135 -1917.0000000000
138 -1916.0000000000
141 -1915.0000000000
144 -1914.0000000000
146 -1912.0000000000
147 -1911.0000000000
149 -1909.0000000000
151 -1908.0000000000
153 -1906.0000000000
156 -1905.0000000000
160 -1904.0000000000
168 -1903.0000000000
171 -1902.0000000000
176 -1900.0000000000
184 -1899.0000000000
188 -1898.0000000000
191 -1897.0000000000
192 -1896.0000000000
193 -1895.0000000000
194 -1894.0000000000
196 -1893.0000000000
202 -1891.0000000000
205 -1890.0000000000
207 -1889.0000000000
214 -1888.0000000000
216 -1886.0000000000
217 -1885.0000000000
220 -1884.0000000000
222 -1883.0000000000
226 -1882.0000000000
228 -1881.0000000000
234 -1880.0000000000
237 -1878.0000000000
242 -1877.0000000000
251 -1876.0000000000
254 -1875.0000000000
255 -1874.0000000000
260 -1873.0000000000
265 -1872.0000000000
268 -1870.0000000000
273 -1869.0000000000
277 -1868.0000000000
278 -1867.0000000000
281 -1865.0000000000
298 -1864.0000000000
301 -1863.0000000000
303 -1862.0000000000
304 -1861.0000000000
309 -1860.0000000000
313 -1859.0000000000
314 -1858.0000000000
315 -1857.0000000000
317 -1856.0000000000
322 -1855.0000000000
324 -1854.0000000000
327 -1853.0000000000
331 -1852.0000000000
332 -1851.0000000000
335 -1849.0000000000
339 -1847.0000000000
348 -1846.0000000000
350 -1844.0000000000
351 -1843.0000000000
355 -1842.0000000000
356 -1841.0000000000
358 -1840.0000000000
359 -1838.0000000000
363 -1837.0000000000
364 -1836.0000000000
368 -1835.0000000000
382 -1834.0000000000
383 -1833.0000000000
384 -1830.0000000000
387 -1829.0000000000
388 -1827.0000000000
390 -1826.0000000000
394 -1825.0000000000
396 -1824.0000000000
397 -1823.0000000000
405 -1822.0000000000
410 -1820.0000000000
413 -1818.0000000000
415 -1817.0000000000
424 -1816.0000000000
428 -1815.0000000000
432 -1814.0000000000
448 -1812.0000000000
451 -1810.0000000000
453 -1809.0000000000
454 -1808.0000000000
463 -1807.0000000000
464 -1806.0000000000
466 -1804.0000000000
469 -1803.0000000000
476 -1801.0000000000
479 -1799.0000000000
484 -1798.0000000000
487 -1796.0000000000
495 -1795.0000000000
500 -1794.0000000000
518 -1793.0000000000
524 -1792.0000000000
525 -1791.0000000000
526 -1790.0000000000
529 -1788.0000000000
531 -1786.0000000000
532 -1785.0000000000
535 -1784.0000000000
538 -1783.0000000000
546 -1782.0000000000
549 -1781.0000000000
552 -1780.0000000000
562 -1777.0000000000
564 -1775.0000000000
565 -1774.0000000000
567 -1771.0000000000
568 -1770.0000000000
575 -1769.0000000000
577 -1768.0000000000
599 -1766.0000000000
606 -1764.0000000000
611 -1763.0000000000
612 -1760.0000000000
619 -1758.0000000000
625 -1756.0000000000
629 -1755.0000000000
631 -1754.0000000000
637 -1753.0000000000
641 -1752.0000000000
642 -1751.0000000000
651 -1750.0000000000
653 -1749.0000000000
654 -1746.0000000000
656 -1743.0000000000
657 -1741.0000000000
658 -1739.0000000000
659 -1738.0000000000
678 -1737.0000000000
683 -1736.0000000000
688 -1735.0000000000
689 -1733.0000000000
699 -1732.0000000000
704 -1731.0000000000
715 -1730.0000000000
719 -1729.0000000000
726 -1728.0000000000
734 -1727.0000000000
743 -1726.0000000000
744 -1725.0000000000
745 -1724.0000000000
754 -1723.0000000000
755 -1722.0000000000
757 -1718.0000000000
761 -1716.0000000000
762 -1715.0000000000
767 -1714.0000000000
772 -1713.0000000000
793 -1712.0000000000
794 -1711.0000000000
795 -1710.0000000000
797 -1707.0000000000
800 -1704.0000000000
801 -1703.0000000000
806 -1702.0000000000
814 -1701.0000000000
816 -1700.0000000000
824 -1699.0000000000
825 -1697.0000000000
832 -1696.0000000000
836 -1695.0000000000
841 -1692.0000000000
842 -1691.0000000000
843 -1690.0000000000
852 -1689.0000000000
853 -1688.0000000000
861 -1687.0000000000
881 -1686.0000000000
882 -1685.0000000000
895 -1683.0000000000
901 -1682.0000000000
902 -1681.0000000000
906 -1679.0000000000
908 -1678.0000000000
910 -1677.0000000000
911 -1675.0000000000
916 -1674.0000000000
917 -1673.0000000000
922 -1671.0000000000
930 -1670.0000000000
931 -1669.0000000000
933 -1668.0000000000
936 -1667.0000000000
947 -1666.0000000000
949 -1664.0000000000
950 -1663.0000000000
962 -1662.0000000000
977 -1661.0000000000
979 -1659.0000000000
988 -1658.0000000000
993 -1657.0000000000
996 -1656.0000000000
1002 -1655.0000000000
1005 -1654.0000000000
1006 -1653.0000000000
1018 -1652.0000000000
1020 -1650.0000000000
1025 -1648.0000000000
1029 -1646.0000000000
1031 -1645.0000000000
1032 -1644.0000000000
1035 -1641.0000000000
1037 -1640.0000000000
1044 -1639.0000000000
1046 -1638.0000000000
1048 -1637.0000000000
1055 -1636.0000000000
1060 -1635.0000000000
1061 -1634.0000000000
1069 -1633.0000000000
1075 -1632.0000000000
1078 -1631.0000000000
1081 -1630.0000000000
1085 -1629.0000000000
1093 -1628.0000000000
1094 -1626.0000000000
1097 -1625.0000000000
1101 -1624.0000000000
1109 -1623.0000000000
1110 -1622.0000000000
1118 -1620.0000000000
1121 -1619.0000000000
1124 -1618.0000000000
1138 -1617.0000000000
1141 -1616.0000000000
1145 -1614.0000000000
1146 -1613.0000000000
1147 -1612.0000000000
1151 -1611.0000000000
1153 -1610.0000000000
1156 -1609.0000000000
1157 -1608.0000000000
1163 -1607.0000000000
1168 -1606.0000000000
1177 -1605.0000000000
1179 -1604.0000000000
1183 -1603.0000000000
1188 -1602.0000000000
1189 -1601.0000000000
1196 -1600.0000000000
1197 -1599.0000000000
1199 -1598.0000000000
1201 -1597.0000000000
1202 -1596.0000000000
1213 -1595.0000000000
1214 -1594.0000000000
1221 -1592.0000000000
1224 -1589.0000000000
1226 -1588.0000000000
1234 -1587.0000000000
1240 -1586.0000000000
1242 -1585.0000000000
1244 -1584.0000000000
1246 -1583.0000000000
1249 -1582.0000000000
1251 -1580.0000000000
1253 -1579.0000000000
1256 -1578.0000000000
1257 -1577.0000000000
1267 -1576.0000000000
1271 -1575.0000000000
1276 -1574.0000000000
1279 -1573.0000000000
1283 -1572.0000000000
1286 -1571.0000000000
1288 -1570.0000000000
1291 -1569.0000000000
1295 -1567.0000000000
1299 -1566.0000000000
1300 -1565.0000000000
1302 -1564.0000000000
1307 -1563.0000000000
1311 -1561.0000000000
1318 -1560.0000000000
1321 -1559.0000000000
1322 -1558.0000000000
1323 -1556.0000000000
1324 -1555.0000000000
1330 -1554.0000000000
1331 -1553.0000000000
1344 -1551.0000000000
1346 -1549.0000000000
1355 -1548.0000000000
1361 -1547.0000000000
1369 -1545.0000000000
1374 -1544.0000000000
1381 -1543.0000000000
1382 -1542.0000000000
1383 -1541.0000000000
1387 -1539.0000000000
1388 -1538.0000000000
1391 -1537.0000000000
1394 -1536.0000000000
1395 -1535.0000000000
1404 -1534.0000000000
1405 -1533.0000000000
1407 -1531.0000000000
1411 -1530.0000000000
1417 -1529.0000000000
1420 -1528.0000000000
1425 -1527.0000000000
1428 -1526.0000000000
1429 -1525.0000000000
1432 -1524.0000000000
1433 -1523.0000000000
1438 -1522.0000000000
1446 -1521.0000000000
1451 -1520.0000000000
1454 -1519.0000000000
1462 -1518.0000000000
1465 -1517.0000000000
1468 -1515.0000000000
1469 -1513.0000000000
1471 -1512.0000000000
1475 -1511.0000000000
1487 -1510.0000000000
1490 -1509.0000000000
1506 -1508.0000000000
1509 -1507.0000000000
1516 -1506.0000000000
1519 -1505.0000000000
1529 -1504.0000000000
1538 -1503.0000000000
1543 -1502.0000000000
1546 -1500.0000000000
1561 -1499.0000000000
1562 -1498.0000000000
1563 -1496.0000000000
1565 -1495.0000000000
1581 -1492.0000000000
1582 -1491.0000000000
1583 -1490.0000000000
1591 -1489.0000000000
1602 -1488.0000000000
1603 -1486.0000000000
1605 -1485.0000000000
1616 -1484.0000000000
1618 -1483.0000000000
1622 -1482.0000000000
1626 -1480.0000000000
1627 -1479.0000000000
1635 -1478.0000000000
1638 -1477.0000000000
1648 -1476.0000000000
1650 -1475.0000000000
1651 -1474.0000000000
1652 -1473.0000000000
1655 -1471.0000000000
1658 -1470.0000000000
1659 -1468.0000000000
1665 -1467.0000000000
1675 -1466.0000000000
1682 -1465.0000000000
1686 -1464.0000000000
1697 -1463.0000000000
1698 -1462.0000000000
1700 -1461.0000000000
1703 -1459.0000000000
1707 -1458.0000000000
1709 -1457.0000000000
1717 -1455.0000000000
1729 -1454.0000000000
1732 -1453.0000000000
1733 -1452.0000000000
1735 -1451.0000000000
1737 -1449.0000000000
1766 -1448.0000000000
1771 -1447.0000000000
1777 -1446.0000000000
1780 -1445.0000000000
1783 -1444.0000000000
1806 -1443.0000000000
1807 -1442.0000000000
1817 -1438.0000000000
1820 -1437.0000000000
1829 -1436.0000000000
1840 -1435.0000000000
1841 -1434.0000000000
1848 -1433.0000000000
1851 -1432.0000000000
1852 -1430.0000000000
1854 -1429.0000000000
1876 -1427.0000000000
1883 -1426.0000000000
1887 -1425.0000000000
1902 -1424.0000000000
1906 -1423.0000000000
1912 -1422.0000000000
1922 -1419.0000000000
1926 -1417.0000000000
1931 -1416.0000000000
1937 -1415.0000000000
1955 -1414.0000000000
1956 -1413.0000000000
1959 -1411.0000000000
1970 -1410.0000000000
1973 -1409.0000000000
1974 -1408.0000000000
1983 -1407.0000000000
1992 -1406.0000000000
2009 -1405.0000000000
2011 -1404.0000000000
2047 -1403.0000000000
2053 -1402.0000000000
2054 -1401.0000000000
2060 -1400.0000000000
2066 -1399.0000000000
2069 -1398.0000000000
2071 -1397.0000000000
2082 -1396.0000000000
2084 -1394.0000000000
2087 -1391.0000000000
2104 -1390.0000000000
2106 -1389.0000000000
2111 -1388.0000000000
2121 -1387.0000000000
2133 -1385.0000000000
2154 -1384.0000000000
2155 -1382.0000000000
2157 -1380.0000000000
2164 -1379.0000000000
2166 -1378.0000000000
2173 -1376.0000000000
2174 -1375.0000000000
2179 -1374.0000000000
2181 -1371.0000000000
2199 -1370.0000000000
2221 -1368.0000000000
2224 -1367.0000000000
2229 -1366.0000000000
2241 -1365.0000000000
2249 -1363.0000000000
2251 -1361.0000000000
2260 -1360.0000000000
2279 -1359.0000000000
2293 -1358.0000000000
2308 -1357.0000000000
2313 -1356.0000000000
2317 -1355.0000000000
2323 -1353.0000000000
2328 -1352.0000000000
2331 -1351.0000000000
2334 -1350.0000000000
2343 -1349.0000000000
2344 -1348.0000000000
2348 -1347.0000000000
2352 -1346.0000000000
2356 -1345.0000000000
2357 -1344.0000000000
2362 -1342.0000000000
2368 -1341.0000000000
2387 -1340.0000000000
2392 -1338.0000000000
2395 -1337.0000000000
2398 -1336.0000000000
2402 -1335.0000000000
2403 -1332.0000000000
2407 -1331.0000000000
2413 -1330.0000000000
2418 -1329.0000000000
2429 -1328.0000000000
2431 -1327.0000000000
2440 -1326.0000000000
2443 -1325.0000000000
2448 -1324.0000000000
2468 -1323.0000000000
2470 -1322.0000000000
2475 -1321.0000000000
2477 -1320.0000000000
2479 -1319.0000000000
2480 -1318.0000000000
2485 -1316.0000000000
2489 -1315.0000000000
2496 -1314.0000000000
2497 -1312.0000000000
2499 -1310.0000000000
2500 -1309.0000000000
2504 -1308.0000000000
2519 -1307.0000000000
2520 -1306.0000000000
2524 -1305.0000000000
2532 -1304.0000000000
2541 -1303.0000000000
2546 -1302.0000000000
2549 -1301.0000000000
2560 -1300.0000000000
2561 -1299.0000000000
2562 -1298.0000000000
2565 -1297.0000000000
2572 -1296.0000000000
2590 -1295.0000000000
2592 -1294.0000000000
2596 -1293.0000000000
2601 -1292.0000000000
2611 -1291.0000000000
2618 -1290.0000000000
2623 -1288.0000000000
2638 -1287.0000000000
2641 -1285.0000000000
2649 -1284.0000000000
2651 -1283.0000000000
2657 -1281.0000000000
2660 -1280.0000000000
2667 -1279.0000000000
2677 -1278.0000000000
2685 -1277.0000000000
2690 -1276.0000000000
2704 -1275.0000000000
2705 -1274.0000000000
2727 -1273.0000000000
2735 -1272.0000000000
2740 -1271.0000000000
2742 -1270.0000000000
2747 -1269.0000000000
2748 -1268.0000000000
2751 -1267.0000000000
2754 -1266.0000000000
2760 -1265.0000000000
2762 -1264.0000000000
2774 -1263.0000000000
2783 -1262.0000000000
2785 -1261.0000000000
2790 -1260.0000000000
2792 -1259.0000000000
2798 -1258.0000000000
2801 -1257.0000000000
2819 -1256.0000000000
2840 -1255.0000000000
2842 -1254.0000000000
2851 -1253.0000000000
2854 -1252.0000000000
2859 -1251.0000000000
2864 -1250.0000000000
2880 -1249.0000000000
2884 -1248.0000000000
2886 -1247.0000000000
2890 -1246.0000000000
2905 -1245.0000000000
2912 -1242.0000000000
2924 -1241.0000000000
2931 -1240.0000000000
2937 -1238.0000000000
2938 -1237.0000000000
2939 -1236.0000000000
2943 -1234.0000000000
2946 -1233.0000000000
2948 -1232.0000000000
2957 -1230.0000000000
2959 -1229.0000000000
2961 -1228.0000000000
2967 -1227.0000000000
2977 -1226.0000000000
2978 -1225.0000000000
2984 -1224.0000000000
2992 -1222.0000000000
2993 -1220.0000000000
2995 -1218.0000000000
2997 -1216.0000000000
3006 -1215.0000000000
3016 -1214.0000000000
3024 -1213.0000000000
3041 -1212.0000000000
3055 -1211.0000000000
3057 -1210.0000000000
3063 -1209.0000000000
3067 -1208.0000000000
3068 -1207.0000000000
3071 -1206.0000000000
3072 -1205.0000000000
3081 -1204.0000000000
3082 -1202.0000000000
3084 -1201.0000000000
3095 -1200.0000000000
3098 -1199.0000000000
3102 -1198.0000000000
3103 -1196.0000000000
3116 -1194.0000000000
3119 -1193.0000000000
3120 -1192.0000000000
3121 -1191.0000000000
3125 -1190.0000000000
3129 -1189.0000000000
3130 -1188.0000000000
3133 -1187.0000000000
3137 -1185.0000000000
3162 -1183.0000000000
3163 -1182.0000000000
3172 -1181.0000000000
3174 -1180.0000000000
3177 -1178.0000000000
3179 -1177.0000000000
3181 -1176.0000000000
3182 -1175.0000000000
3194 -1174.0000000000
3199 -1173.0000000000
3202 -1172.0000000000
3207 -1171.0000000000
3220 -1170.0000000000
3233 -1168.0000000000
3237 -1167.0000000000
3248 -1166.0000000000
3254 -1165.0000000000
3255 -1163.0000000000
3258 -1161.0000000000
3260 -1160.0000000000
3264 -1159.0000000000
3272 -1157.0000000000
3282 -1156.0000000000
3286 -1155.0000000000
3329 -1154.0000000000
3340 -1153.0000000000
3341 -1152.0000000000
3354 -1151.0000000000
3357 -1150.0000000000
3363 -1149.0000000000
3372 -1148.0000000000
3376 -1146.0000000000
3384 -1144.0000000000
3396 -1143.0000000000
3404 -1142.0000000000
3408 -1140.0000000000
3423 -1139.0000000000
3430 -1138.0000000000
3431 -1137.0000000000
3436 -1136.0000000000
3451 -1135.0000000000
3461 -1134.0000000000
3464 -1132.0000000000
3468 -1131.0000000000
3479 -1130.0000000000
3480 -1129.0000000000
3484 -1128.0000000000
3487 -1127.0000000000
3491 -1126.0000000000
3497 -1124.0000000000
3502 -1123.0000000000
3526 -1121.0000000000
3536 -1120.0000000000
3543 -1119.0000000000
3550 -1118.0000000000
3555 -1117.0000000000
3565 -1116.0000000000
3576 -1115.0000000000
3585 -1113.0000000000
3597 -1112.0000000000
3599 -1111.0000000000
3621 -1110.0000000000
3622 -1109.0000000000
3623 -1108.0000000000
3631 -1107.0000000000
3639 -1106.0000000000
3649 -1105.0000000000
3657 -1104.0000000000
3673 -1103.0000000000
3674 -1102.0000000000
3680 -1101.0000000000
3682 -1099.0000000000
3706 -1098.0000000000
3711 -1097.0000000000
3723 -1096.0000000000
3728 -1095.0000000000
3730 -1094.0000000000
3731 -1093.0000000000
3733 -1092.0000000000
3734 -1090.0000000000
3736 -1089.0000000000
3738 -1087.0000000000
3739 -1086.0000000000
3743 -1085.0000000000
3756 -1084.0000000000
3774 -1083.0000000000
3777 -1081.0000000000
3781 -1079.0000000000
3785 -1078.0000000000
3796 -1077.0000000000
3822 -1075.0000000000
3827 -1073.0000000000
3829 -1071.0000000000
3833 -1070.0000000000
3834 -1069.0000000000
3842 -1068.0000000000
3843 -1067.0000000000
3853 -1066.0000000000
3867 -1065.0000000000
3871 -1064.0000000000
3878 -1063.0000000000
3884 -1062.0000000000
3895 -1061.0000000000
3904 -1060.0000000000
3913 -1059.0000000000
3915 -1058.0000000000
3923 -1057.0000000000
3924 -1056.0000000000
3929 -1054.0000000000
3932 -1053.0000000000
3936 -1052.0000000000
3938 -1051.0000000000
3942 -1049.0000000000
3954 -1048.0000000000
3957 -1047.0000000000
3958 -1046.0000000000
3959 -1045.0000000000
3969 -1044.0000000000
3979 -1043.0000000000
4001 -1042.0000000000
4003 -1041.0000000000
4019 -1040.0000000000
4022 -1039.0000000000
4030 -1038.0000000000
4042 -1037.0000000000
4067 -1036.0000000000
4070 -1035.0000000000
4074 -1033.0000000000
4075 -1032.0000000000
4080 -1031.0000000000
4114 -1030.0000000000
4115 -1028.0000000000
4120 -1026.0000000000
4133 -1024.0000000000
4139 -1023.0000000000
4151 -1022.0000000000
4156 -1021.0000000000
4181 -1020.0000000000
4182 -1019.0000000000
4185 -1018.0000000000
4189 -1017.0000000000
4200 -1016.0000000000
4215 -1015.0000000000
4232 -1014.0000000000
4235 -1013.0000000000
4254 -1012.0000000000
4287 -1011.0000000000
4313 -1010.0000000000
4340 -1008.0000000000
4349 -1007.0000000000
4351 -1006.0000000000
4353 -1005.0000000000
4354 -1004.0000000000
4357 -1003.0000000000
4362 -1002.0000000000
4392 -1001.0000000000
4399 -1000.0000000000
4400 -998.0000000000
4416 -997.0000000000
4417 -996.0000000000
4419 -995.0000000000
4423 -994.0000000000
4430 -993.0000000000
4443 -992.0000000000
4448 -991.0000000000
4466 -990.0000000000
4469 -989.0000000000
4476 -988.0000000000
4477 -987.0000000000
4482 -986.0000000000
4483 -985.0000000000
4489 -984.0000000000
4496 -983.0000000000
4498 -982.0000000000
4505 -981.0000000000
4507 -980.0000000000
4511 -979.0000000000
4512 -978.0000000000
4514 -976.0000000000
4519 -975.0000000000
4528 -974.0000000000
4544 -973.0000000000
4547 -972.0000000000
4549 -971.0000000000
4574 -970.0000000000
4582 -969.0000000000
4603 -968.0000000000
4612 -967.0000000000
4613 -966.0000000000
4616 -964.0000000000
4622 -963.0000000000
4627 -962.0000000000
4645 -961.0000000000
4647 -960.0000000000
4653 -959.0000000000
4661 -957.0000000000
4662 -956.0000000000
4676 -955.0000000000
4683 -954.0000000000
4692 -953.0000000000
4696 -952.0000000000
4699 -951.0000000000
4716 -950.0000000000
4728 -948.0000000000
4730 -945.0000000000
4731 -944.0000000000
4735 -942.0000000000
4741 -941.0000000000
4755 -940.0000000000
4780 -939.0000000000
4789 -938.0000000000
4794 -937.0000000000
4799 -936.0000000000
4821 -935.0000000000
4833 -934.0000000000
4847 -933.0000000000
4851 -932.0000000000
4858 -931.0000000000
4864 -930.0000000000
4866 -929.0000000000
4868 -928.0000000000
4881 -926.0000000000
4883 -924.0000000000
4891 -923.0000000000
4896 -922.0000000000
4899 -921.0000000000
4916 -920.0000000000
4935 -919.0000000000
4954 -918.0000000000
4957 -917.0000000000
4981 -916.0000000000
4984 -915.0000000000
4998 -914.0000000000
5003 -912.0000000000
5004 -911.0000000000
5005 -910.0000000000
5007 -909.0000000000
5023 -906.0000000000
5047 -905.0000000000
5049 -903.0000000000
5071 -902.0000000000
5076 -901.0000000000
5079 -900.0000000000
5083 -899.0000000000
5087 -898.0000000000
5088 -896.0000000000
5093 -895.0000000000
5109 -894.0000000000
5119 -892.0000000000
5137 -891.0000000000
5138 -890.0000000000
5143 -889.0000000000
5146 -888.0000000000
5151 -887.0000000000
5152 -886.0000000000
5154 -885.0000000000
5189 -884.0000000000
5197 -883.0000000000
5218 -882.0000000000
5221 -881.0000000000
5227 -880.0000000000
5230 -879.0000000000
5233 -878.0000000000
5237 -877.0000000000
5252 -876.0000000000
5254 -875.0000000000
5263 -874.0000000000
5266 -873.0000000000
5301 -872.0000000000
5304 -870.0000000000
5306 -869.0000000000
5313 -868.0000000000
5327 -867.0000000000
5328 -866.0000000000
5333 -865.0000000000
5336 -864.0000000000
5338 -863.0000000000
5349 -862.0000000000
5359 -861.0000000000
5377 -860.0000000000
5381 -859.0000000000
5396 -858.0000000000
5402 -857.0000000000
5408 -856.0000000000
5412 -855.0000000000
5422 -854.0000000000
5424 -853.0000000000
5440 -851.0000000000
5447 -850.0000000000
5451 -849.0000000000
5452 -848.0000000000
5476 -847.0000000000
5478 -846.0000000000
5479 -845.0000000000
5493 -844.0000000000
5502 -843.0000000000
5511 -842.0000000000
5518 -841.0000000000
5519 -840.0000000000
5521 -839.0000000000
5530 -838.0000000000
5533 -837.0000000000
5535 -836.0000000000
5538 -835.0000000000
5541 -834.0000000000
5542 -833.0000000000
5549 -831.0000000000
5567 -830.0000000000
5592 -829.0000000000
5628 -828.0000000000
5635 -827.0000000000
5639 -826.0000000000
5647 -825.0000000000
5655 -824.0000000000
5664 -823.0000000000
5670 -822.0000000000
5690 -821.0000000000
5696 -819.0000000000
5704 -818.0000000000
5746 -817.0000000000
5793 -816.0000000000
5802 -815.0000000000
5818 -814.0000000000
5824 -813.0000000000
5826 -812.0000000000
5827 -811.0000000000
5833 -810.0000000000
5851 -809.0000000000
5858 -807.0000000000
5868 -806.0000000000
5884 -805.0000000000
5898 -803.0000000000
5900 -802.0000000000
5913 -800.0000000000
5929 -799.0000000000
5934 -798.0000000000
5944 -796.0000000000
5950 -794.0000000000
5956 -791.0000000000
5959 -790.0000000000
5967 -789.0000000000
5971 -788.0000000000
5988 -787.0000000000
5990 -786.0000000000
5991 -785.0000000000
5992 -784.0000000000
6000 -783.0000000000
6009 -782.0000000000
6014 -781.0000000000
6020 -780.0000000000
6030 -778.0000000000
6041 -777.0000000000
6054 -776.0000000000
6079 -775.0000000000
6094 -774.0000000000
6107 -773.0000000000
6111 -772.0000000000
6120 -771.0000000000
6134 -770.0000000000
6141 -769.0000000000
6151 -768.0000000000
6153 -767.0000000000
6155 -766.0000000000
6178 -765.0000000000
6183 -763.0000000000
6205 -762.0000000000
6213 -760.0000000000
6219 -759.0000000000
6235 -758.0000000000
6241 -757.0000000000
6267 -756.0000000000
6273 -755.0000000000
6286 -754.0000000000
6294 -753.0000000000
6298 -752.0000000000
6355 -751.0000000000
6359 -750.0000000000
6368 -749.0000000000
6401 -748.0000000000
6411 -747.0000000000
6428 -746.0000000000
6429 -745.0000000000
6455 -744.0000000000
6459 -743.0000000000
6465 -742.0000000000
6475 -741.0000000000
6477 -740.0000000000
6483 -739.0000000000
6487 -738.0000000000
6501 -737.0000000000
6508 -736.0000000000
6518 -735.0000000000
6528 -734.0000000000
6535 -732.0000000000
6571 -731.0000000000
6572 -730.0000000000
6575 -729.0000000000
6657 -728.0000000000
6663 -726.0000000000
6664 -725.0000000000
6666 -724.0000000000
6670 -723.0000000000
6673 -722.0000000000
6688 -721.0000000000
6725 -720.0000000000
6747 -719.0000000000
6753 -718.0000000000
6767 -717.0000000000
6776 -715.0000000000
6818 -714.0000000000
6819 -713.0000000000
6837 -712.0000000000
6863 -711.0000000000
6864 -709.0000000000
6880 -708.0000000000
6889 -707.0000000000
6928 -706.0000000000
6934 -705.0000000000
6948 -704.0000000000
6950 -703.0000000000
6958 -702.0000000000
6964 -701.0000000000
6973 -700.0000000000
6989 -699.0000000000
7010 -697.0000000000
7016 -696.0000000000
7045 -695.0000000000
7053 -694.0000000000
7064 -692.0000000000
7073 -691.0000000000
7087 -689.0000000000
7090 -688.0000000000
7094 -686.0000000000
7101 -685.0000000000
7108 -684.0000000000
7141 -683.0000000000
7160 -682.0000000000
7161 -681.0000000000
7187 -679.0000000000
7233 -678.0000000000
7254 -677.0000000000
7261 -676.0000000000
7265 -675.0000000000
7300 -673.0000000000
7302 -672.0000000000
7304 -671.0000000000
7305 -670.0000000000
7313 -668.0000000000
7318 -667.0000000000
7346 -666.0000000000
7365 -665.0000000000
7370 -664.0000000000
7379 -663.0000000000
7387 -662.0000000000
7400 -661.0000000000
7445 -660.0000000000
7451 -659.0000000000
7454 -658.0000000000
7456 -657.0000000000
7461 -656.0000000000
7470 -655.0000000000
7480 -654.0000000000
7488 -653.0000000000
7489 -652.0000000000
7500 -651.0000000000
7525 -650.0000000000
7540 -649.0000000000
7547 -648.0000000000
7550 -647.0000000000
7554 -646.0000000000
7574 -645.0000000000
7602 -644.0000000000
7605 -643.0000000000
7632 -642.0000000000
7635 -641.0000000000
7639 -640.0000000000
7651 -639.0000000000
7652 -637.0000000000
7656 -636.0000000000
7664 -635.0000000000
7678 -634.0000000000
7681 -633.0000000000
7718 -632.0000000000
7726 -631.0000000000
7728 -630.0000000000
7747 -629.0000000000
7753 -628.0000000000
7760 -626.0000000000
7798 -625.0000000000
7808 -624.0000000000
7815 -623.0000000000
7819 -622.0000000000
7826 -621.0000000000
7874 -620.0000000000
7896 -618.0000000000
7902 -617.0000000000
7904 -616.0000000000
7907 -615.0000000000
7935 -614.0000000000
7938 -612.0000000000
7940 -611.0000000000
7941 -610.0000000000
7943 -609.0000000000
7957 -608.0000000000
7960 -607.0000000000
8017 -606.0000000000
8019 -605.0000000000
8024 -604.0000000000
8033 -603.0000000000
8044 -602.0000000000
8076 -601.0000000000
8080 -600.0000000000
8090 -599.0000000000
8107 -598.0000000000
8132 -597.0000000000
8150 -596.0000000000
8193 -595.0000000000
8200 -594.0000000000
8204 -593.0000000000
8215 -592.0000000000
8218 -590.0000000000
8243 -588.0000000000
8256 -587.0000000000
8270 -586.0000000000
8300 -585.0000000000
8312 -584.0000000000
8322 -583.0000000000
8329 -582.0000000000
8337 -581.0000000000
8357 -580.0000000000
8358 -579.0000000000
8364 -578.0000000000
8394 -577.0000000000
8431 -576.0000000000
8433 -575.0000000000
8442 -574.0000000000
8453 -573.0000000000
8454 -572.0000000000
8465 -571.0000000000
8489 -570.0000000000
8512 -569.0000000000
8514 -568.0000000000
8515 -567.0000000000
8551 -566.0000000000
8571 -565.0000000000
8598 -564.0000000000
8622 -563.0000000000
8629 -562.0000000000
8633 -560.0000000000
8636 -559.0000000000
8643 -558.0000000000
8665 -557.0000000000
8679 -556.0000000000
8699 -555.0000000000
8731 -554.0000000000
8732 -553.0000000000
8741 -552.0000000000
8756 -551.0000000000
8759 -550.0000000000
8762 -549.0000000000
8766 -548.0000000000
8793 -547.0000000000
8831 -546.0000000000
8848 -544.0000000000
8878 -543.0000000000
8920 -542.0000000000
8926 -541.0000000000
8929 -540.0000000000
8938 -539.0000000000
8951 -538.0000000000
8952 -537.0000000000
9017 -536.0000000000
9040 -535.0000000000
9045 -533.0000000000
9050 -532.0000000000
9052 -531.0000000000
9055 -530.0000000000
9062 -529.0000000000
9071 -527.0000000000
9081 -526.0000000000
9097 -525.0000000000
9099 -523.0000000000
9119 -522.0000000000
9126 -521.0000000000
9151 -520.0000000000
9155 -518.0000000000
9160 -517.0000000000
9162 -516.0000000000
9169 -515.0000000000
9173 -514.0000000000
9176 -513.0000000000
9190 -512.0000000000
9220 -511.0000000000
9282 -510.0000000000
9291 -509.0000000000
9296 -508.0000000000
9307 -507.0000000000
9341 -506.0000000000
9376 -505.0000000000
9381 -504.0000000000
9391 -503.0000000000
9429 -502.0000000000
9441 -501.0000000000
9451 -500.0000000000
9478 -499.0000000000
9481 -498.0000000000
9482 -497.0000000000
9509 -496.0000000000
9545 -495.0000000000
9550 -493.0000000000
9551 -491.0000000000
9597 -490.0000000000
9603 -489.0000000000
9607 -488.0000000000
9627 -487.0000000000
9632 -486.0000000000
9665 -485.0000000000
9691 -484.0000000000
9695 -483.0000000000
9697 -482.0000000000
9706 -481.0000000000
9712 -480.0000000000
9730 -479.0000000000
9734 -478.0000000000
9741 -477.0000000000
9786 -476.0000000000
9801 -475.0000000000
9814 -474.0000000000
9824 -473.0000000000
9846 -472.0000000000
9848 -471.0000000000
9885 -470.0000000000
9928 -469.0000000000
9940 -468.0000000000
9954 -467.0000000000
9956 -466.0000000000
9985 -465.0000000000
10000 -465.0000000000
evaluations raw_y
1 -1872.0000000000
6 -1870.0000000000
8 -1869.0000000000
11 -1868.0000000000
21 -1866.0000000000
23 -1865.0000000000
33 -1864.0000000000
38 -1863.0000000000
43 -1862.0000000000
52 -1861.0000000000
62 -1860.0000000000
68 -1859.0000000000
70 -1858.0000000000
71 -1857.0000000000
76 -1856.0000000000
77 -1853.0000000000
81 -1852.0000000000
82 -1851.0000000000
86 -1850.0000000000
88 -1849.0000000000
100 -1848.0000000000
101 -1847.0000000000
107 -1845.0000000000
108 -1843.0000000000
109 -1841.0000000000
112 -1839.0000000000
124 -1838.0000000000
126 -1837.0000000000
131 -1836.0000000000
132 -1835.0000000000
136 -1834.0000000000
143 -1833.0000000000
151 -1832.0000000000
153 -1830.0000000000
157 -1829.0000000000
166 -1828.0000000000
167 -1825.0000000000
168 -1823.0000000000
174 -1822.0000000000
178 -1821.0000000000
179 -1820.0000000000
183 -1819.0000000000
188 -1818.0000000000
190 -1817.0000000000
191 -1816.0000000000
192 -1815.0000000000
204 -1814.0000000000
210 -1813.0000000000
212 -1812.0000000000
221 -1811.0000000000
224 -1810.0000000000
227 -1809.0000000000
230 -1808.0000000000
245 -1807.0000000000
269 -1806.0000000000
276 -1805.0000000000
277 -1803.0000000000
281 -1801.0000000000
292 -1800.0000000000
293 -1799.0000000000
295 -1798.0000000000
297 -1797.0000000000
298 -1796.0000000000
300 -1795.0000000000
306 -1794.0000000000
307 -1792.0000000000
308 -1791.0000000000
310 -1790.0000000000
316 -1789.0000000000
317 -1787.0000000000
320 -1786.0000000000
326 -1785.0000000000
332 -1784.0000000000
333 -1783.0000000000
340 -1782.0000000000
342 -1781.0000000000
350 -1779.0000000000
353 -1777.0000000000
356 -1776.0000000000
358 -1774.0000000000
361 -1773.0000000000
363 -1772.0000000000
365 -1771.0000000000
367 -1770.0000000000
369 -1769.0000000000
373 -1768.0000000000
375 -1766.0000000000
380 -1765.0000000000
381 -1764.0000000000
382 -1762.0000000000
383 -1761.0000000000
387 -1760.0000000000
389 -1759.0000000000
395 -1758.0000000000
401 -1757.0000000000
403 -1754.0000000000
405 -1752.0000000000
407 -1751.0000000000
408 -1749.0000000000
412 -1748.0000000000
418 -1747.0000000000
420 -1746.0000000000
422 -1745.0000000000
423 -1744.0000000000
424 -1743.0000000000
430 -1742.0000000000
431 -1741.0000000000
434 -1739.0000000000
435 -1738.0000000000
437 -1737.0000000000
439 -1736.0000000000
443 -1735.0000000000
450 -1734.0000000000
451 -1733.0000000000
456 -1732.0000000000
457 -1731.0000000000
458 -1730.0000000000
463 -1729.0000000000
466 -1728.0000000000
474 -1726.0000000000
477 -1725.0000000000
478 -1724.0000000000
483 -1723.0000000000
487 -1722.0000000000
488 -1719.0000000000
492 -1718.0000000000
496 -1717.0000000000
498 -1716.0000000000
499 -1714.0000000000
501 -1713.0000000000
507 -1712.0000000000
510 -1711.0000000000
512 -1710.0000000000
517 -1709.0000000000
519 -1708.0000000000
525 -1707.0000000000
526 -1706.0000000000
529 -1705.0000000000
543 -1704.0000000000
544 -1703.0000000000
546 -1702.0000000000
548 -1701.0000000000
555 -1700.0000000000
557 -1699.0000000000
558 -1697.0000000000
559 -1696.0000000000
566 -1695.0000000000
567 -1694.0000000000
574 -1693.0000000000
576 -1692.0000000000
592 -1691.0000000000
597 -1690.0000000000
608 -1689.0000000000
610 -1687.0000000000
612 -1685.0000000000
614 -1684.0000000000
617 -1682.0000000000
635 -1681.0000000000
636 -1680.0000000000
642 -1679.0000000000
643 -1678.0000000000
644 -1677.0000000000
645 -1676.0000000000
660 -1675.0000000000
661 -1674.0000000000
662 -1673.0000000000
664 -1671.0000000000
673 -1670.0000000000
681 -1669.0000000000
685 -1668.0000000000
686 -1667.0000000000
687 -1666.0000000000
710 -1665.0000000000
714 -1664.0000000000
716 -1662.0000000000
717 -1661.0000000000
718 -1660.0000000000
721 -1659.0000000000
726 -1656.0000000000
729 -1655.0000000000
734 -1654.0000000000
735 -1653.0000000000
736 -1652.0000000000
737 -1651.0000000000
739 -1649.0000000000
740 -1648.0000000000
743 -1646.0000000000
762 -1645.0000000000
765 -1642.0000000000
767 -1641.0000000000
772 -1638.0000000000
775 -1637.0000000000
776 -1634.0000000000
788 -1633.0000000000
790 -1632.0000000000
793 -1631.0000000000
798 -1630.0000000000
800 -1628.0000000000
801 -1627.0000000000
807 -1626.0000000000
810 -1625.0000000000
812 -1624.0000000000
816 -1623.0000000000
819 -1622.0000000000
831 -1621.0000000000
835 -1620.0000000000
836 -1619.0000000000
842 -1617.0000000000
851 -1616.0000000000
853 -1615.0000000000
858 -1613.0000000000
861 -1611.0000000000
883 -1610.0000000000
888 -1609.0000000000
893 -1608.0000000000
895 -1607.0000000000
897 -1606.0000000000
904 -1605.0000000000
905 -1603.0000000000
910 -1602.0000000000
917 -1601.0000000000
918 -1600.0000000000
923 -1599.0000000000
924 -1598.0000000000
935 -1597.0000000000
936 -1596.0000000000
937 -1595.0000000000
939 -1593.0000000000
949 -1592.0000000000
952 -1591.0000000000
960 -1590.0000000000
966 -1588.0000000000
977 -1587.0000000000
993 -1586.0000000000
996 -1585.0000000000
1003 -1583.0000000000
1005 -1582.0000000000
1012 -1581.0000000000
1015 -1580.0000000000
1019 -1579.0000000000
1020 -1578.0000000000
1023 -1577.0000000000
1029 -1576.0000000000
1033 -1575.0000000000
1035 -1574.0000000000
1045 -1572.0000000000
1051 -1570.0000000000
1052 -1569.0000000000
1054 -1568.0000000000
1057 -1567.0000000000
1058 -1566.0000000000
1061 -1565.0000000000
1063 -1563.0000000000
1065 -1561.0000000000
1067 -1560.0000000000
1075 -1559.0000000000
1081 -1558.0000000000
1083 -1557.0000000000
1085 -1555.0000000000
1088 -1554.0000000000
1089 -1553.0000000000
1091 -1551.0000000000
1099 -1550.0000000000
1109 -1549.0000000000
1116 -1547.0000000000
1119 -1546.0000000000
1120 -1545.0000000000
1126 -1544.0000000000
1132 -1543.0000000000
1139 -1542.0000000000
1141 -1541.0000000000
1143 -1540.0000000000
1149 -1539.0000000000
1151 -1538.0000000000
1182 -1537.0000000000
1185 -1536.0000000000
1187 -1535.0000000000
1201 -1534.0000000000
1212 -1532.0000000000
1213 -1531.0000000000
1214 -1530.0000000000
1215 -1529.0000000000
1235 -1528.0000000000
1237 -1527.0000000000
1244 -1524.0000000000
1249 -1522.0000000000
1254 -1521.0000000000
1260 -1519.0000000000
1262 -1518.0000000000
1265 -1517.0000000000
1279 -1516.0000000000
1283 -1515.0000000000
1286 -1514.0000000000
1290 -1513.0000000000
1303 -1512.0000000000
1320 -1511.0000000000
1323 -1510.0000000000
1327 -1508.0000000000
1328 -1507.0000000000
1332 -1506.0000000000
1336 -1505.0000000000
1338 -1504.0000000000
1339 -1503.0000000000
1345 -1502.0000000000
1350 -1501.0000000000
1353 -1500.0000000000
1354 -1499.0000000000
1360 -1498.0000000000
1363 -1497.0000000000
1366 -1494.0000000000
1368 -1493.0000000000
1375 -1492.0000000000
1377 -1490.0000000000
1389 -1489.0000000000
1390 -1487.0000000000
1391 -1486.0000000000
1398 -1485.0000000000
1401 -1484.0000000000
1412 -1483.0000000000
1415 -1481.0000000000
1430 -1480.0000000000
1434 -1479.0000000000
1437 -1478.0000000000
1438 -1476.0000000000
1441 -1475.0000000000
1445 -1473.0000000000
1449 -1472.0000000000
1452 -1471.0000000000
1453 -1470.0000000000
1458 -1469.0000000000
1466 -1467.0000000000
1479 -1463.0000000000
1486 -1462.0000000000
1490 -1461.0000000000
1492 -1460.0000000000
1499 -1459.0000000000
1501 -1458.0000000000
1502 -1457.0000000000
1510 -1456.0000000000
1519 -1455.0000000000
1520 -1454.0000000000
1522 -1453.0000000000
1524 -1452.0000000000
1531 -1451.0000000000
1532 -1449.0000000000
1535 -1448.0000000000
1542 -1447.0000000000
1546 -1445.0000000000
1550 -1444.0000000000
1553 -1443.0000000000
1560 -1441.0000000000
1561 -1440.0000000000
1574 -1438.0000000000
1577 -1436.0000000000
1581 -1435.0000000000
1585 -1434.0000000000
1595 -1433.0000000000
1596 -1432.0000000000
1600 -1431.0000000000
1602 -1430.0000000000
1617 -1428.0000000000
1625 -1427.0000000000
1629 -1424.0000000000
1632 -1422.0000000000
1637 -1421.0000000000
1648 -1419.0000000000
1652 -1418.0000000000
1675 -1417.0000000000
1679 -1416.0000000000
1682 -1415.0000000000
1693 -1414.0000000000
1694 -1413.0000000000
1696 -1412.0000000000
1705 -1410.0000000000
1730 -1408.0000000000
1747 -1407.0000000000
1748 -1406.0000000000
1753 -1405.0000000000
1759 -1404.0000000000
1773 -1403.0000000000
1778 -1402.0000000000
1795 -1401.0000000000
1798 -1400.0000000000
1803 -1399.0000000000
1814 -1398.0000000000
1818 -1396.0000000000
1822 -1394.0000000000
1824 -1393.0000000000
1826 -1392.0000000000
1829 -1391.0000000000
1830 -1390.0000000000
1835 -1389.0000000000
1836 -1388.0000000000
1838 -1387.0000000000
1843 -1386.0000000000
1845 -1384.0000000000
1846 -1383.0000000000
1848 -1380.0000000000
1871 -1379.0000000000
1872 -1378.0000000000
1874 -1376.0000000000
1880 -1375.0000000000
1892 -1374.0000000000
1894 -1373.0000000000
1897 -1372.0000000000
1899 -1371.0000000000
1900 -1370.0000000000
1906 -1369.0000000000
1908 -1368.0000000000
1914 -1367.0000000000
1917 -1366.0000000000
1918 -1365.0000000000
1925 -1363.0000000000
1930 -1362.0000000000
1936 -1360.0000000000
1940 -1359.0000000000
1942 -1358.0000000000
1943 -1357.0000000000
1944 -1356.0000000000
1949 -1355.0000000000
1957 -1353.0000000000
1961 -1352.0000000000
1970 -1350.0000000000
1971 -1349.0000000000
1972 -1348.0000000000
1986 -1347.0000000000
1990 -1346.0000000000
1991 -1345.0000000000
2000 -1344.0000000000
2004 -1342.0000000000
2005 -1341.0000000000
2009 -1340.0000000000
2013 -1339.0000000000
2014 -1338.0000000000
2021 -1337.0000000000
2028 -1336.0000000000
2030 -1335.0000000000
2041 -1334.0000000000
2044 -1333.0000000000
2052 -1332.0000000000
2058 -1331.0000000000
2064 -1330.0000000000
2072 -1329.0000000000
2078 -1327.0000000000
2086 -1326.0000000000
2093 -1325.0000000000
2101 -1324.0000000000
2106 -1323.0000000000
2127 -1322.0000000000
2132 -1321.0000000000
2141 -1320.0000000000
2155 -1319.0000000000
2159 -1318.0000000000
2163 -1317.0000000000
2165 -1316.0000000000
2170 -1315.0000000000
2174 -1314.0000000000
2175 -1313.0000000000
2178 -1312.0000000000
2182 -1311.0000000000
2189 -1310.0000000000
2192 -1309.0000000000
2196 -1307.0000000000
2199 -1306.0000000000
2212 -1305.0000000000
2219 -1304.0000000000
2221 -1303.0000000000
2228 -1302.0000000000
2256 -1300.0000000000
2258 -1299.0000000000
2266 -1298.0000000000
2272 -1297.0000000000
2279 -1296.0000000000
2282 -1295.0000000000
2285 -1294.0000000000
2299 -1293.0000000000
2305 -1292.0000000000
2309 -1291.0000000000
2311 -1290.0000000000
2313 -1288.0000000000
2319 -1287.0000000000
2323 -1286.0000000000
2327 -1285.0000000000
2334 -1284.0000000000
2341 -1283.0000000000
2359 -1282.0000000000
2363 -1281.0000000000
2368 -1279.0000000000
2372 -1278.0000000000
2374 -1277.0000000000
2378 -1276.0000000000
2381 -1275.0000000000
2384 -1274.0000000000
2386 -1273.0000000000
2387 -1272.0000000000
2391 -1271.0000000000
2396 -1270.0000000000
2401 -1269.0000000000
2404 -1268.0000000000
2405 -1267.0000000000
2411 -1266.0000000000
2417 -1264.0000000000
2422 -1263.0000000000
2424 -1262.0000000000
2428 -1260.0000000000
2430 -1259.0000000000
2431 -1258.0000000000
2434 -1257.0000000000
2435 -1256.0000000000
2437 -1255.0000000000
2451 -1254.0000000000
2454 -1253.0000000000
2459 -1252.0000000000
2464 -1251.0000000000
2479 -1250.0000000000
2481 -1249.0000000000
2485 -1248.0000000000
2487 -1247.0000000000
2488 -1246.0000000000
2490 -1245.0000000000
2505 -1244.0000000000
2513 -1243.0000000000
2525 -1242.0000000000
2529 -1240.0000000000
2537 -1239.0000000000
2539 -1238.0000000000
2550 -1237.0000000000
2562 -1235.0000000000
2588 -1234.0000000000
2597 -1233.0000000000
2600 -1232.0000000000
2602 -1231.0000000000
2606 -1230.0000000000
2610 -1229.0000000000
2613 -1228.0000000000
2635 -1226.0000000000
2636 -1225.0000000000
2639 -1224.0000000000
2641 -1223.0000000000
2646 -1222.0000000000
2649 -1220.0000000000
2653 -1219.0000000000
2656 -1218.0000000000
2661 -1217.0000000000
2663 -1216.0000000000
2668 -1215.0000000000
2674 -1214.0000000000
2689 -1213.0000000000
2694 -1212.0000000000
2699 -1211.0000000000
2706 -1210.0000000000
2710 -1209.0000000000
2711 -1208.0000000000
2716 -1206.0000000000
2717 -1205.0000000000
2735 -1204.0000000000
2736 -1203.0000000000
2738 -1202.0000000000
2749 -1201.0000000000
2751 -1200.0000000000
2766 -1199.0000000000
2768 -1198.0000000000
2771 -1195.0000000000
2783 -1194.0000000000
2791 -1193.0000000000
2795 -1192.0000000000
2806 -1191.0000000000
2821 -1190.0000000000
2829 -1188.0000000000
2830 -1187.0000000000
2837 -1186.0000000000
2839 -1185.0000000000
2853 -1183.0000000000
2860 -1182.0000000000
2863 -1181.0000000000
2868 -1179.0000000000
2873 -1177.0000000000
2877 -1176.0000000000
2883 -1175.0000000000
2886 -1174.0000000000
2891 -1173.0000000000
2901 -1172.0000000000
2907 -1171.0000000000
2908 -1170.0000000000
2926 -1169.0000000000
2931 -1167.0000000000
2941 -1166.0000000000
2943 -1165.0000000000
2949 -1164.0000000000
2953 -1163.0000000000
2963 -1162.0000000000
2965 -1161.0000000000
2972 -1160.0000000000
2975 -1159.0000000000
2981 -1158.0000000000
2985 -1157.0000000000
2994 -1156.0000000000
2997 -1152.0000000000
2998 -1151.0000000000
3004 -1150.0000000000
3012 -1149.0000000000
3023 -1148.0000000000
3041 -1147.0000000000
3045 -1146.0000000000
3059 -1145.0000000000
3062 -1144.0000000000
3071 -1143.0000000000
3081 -1142.0000000000
3088 -1141.0000000000
3089 -1140.0000000000
3091 -1139.0000000000
3096 -1137.0000000000
3102 -1136.0000000000
3103 -1135.0000000000
3109 -1134.0000000000
3117 -1133.0000000000
3119 -1132.0000000000
3125 -1131.0000000000
3129 -1130.0000000000
3132 -1129.0000000000
3135 -1128.0000000000
3151 -1127.0000000000
3157 -1125.0000000000
3166 -1124.0000000000
3193 -1123.0000000000
3198 -1122.0000000000
3210 -1121.0000000000
3225 -1120.0000000000
3238 -1117.0000000000
3241 -1116.0000000000
3243 -1115.0000000000
3247 -1114.0000000000
3262 -1113.0000000000
3270 -1112.0000000000
3274 -1111.0000000000
3287 -1110.0000000000
3297 -1108.0000000000
3299 -1107.0000000000
3304 -1106.0000000000
3313 -1105.0000000000
3317 -1104.0000000000
3322 -1103.0000000000
3324 -1102.0000000000
3334 -1101.0000000000
3344 -1100.0000000000
3354 -1098.0000000000
3357 -1097.0000000000
3372 -1096.0000000000
3389 -1095.0000000000
3401 -1094.0000000000
3405 -1093.0000000000
3415 -1092.0000000000
3417 -1091.0000000000
3423 -1090.0000000000
3425 -1089.0000000000
3429 -1088.0000000000
3433 -1087.0000000000
3436 -1086.0000000000
3448 -1085.0000000000
3450 -1084.0000000000
3455 -1083.0000000000
3457 -1082.0000000000
3463 -1081.0000000000
3472 -1080.0000000000
3473 -1079.0000000000
3478 -1078.0000000000
3484 -1077.0000000000
3490 -1076.0000000000
3491 -1074.0000000000
3502 -1072.0000000000
3509 -1071.0000000000
3512 -1069.0000000000
3513 -1067.0000000000
3539 -1065.0000000000
3554 -1064.0000000000
3559 -1063.0000000000
3560 -1062.0000000000
3563 -1061.0000000000
3603 -1060.0000000000
3632 -1059.0000000000
3635 -1058.0000000000
3668 -1057.0000000000
3677 -1056.0000000000
3701 -1055.0000000000
3711 -1054.0000000000
3716 -1053.0000000000
3718 -1052.0000000000
3723 -1051.0000000000
3736 -1050.0000000000
3738 -1048.0000000000
3741 -1047.0000000000
3743 -1046.0000000000
3748 -1045.0000000000
3755 -1044.0000000000
3756 -1043.0000000000
3763 -1042.0000000000
3764 -1041.0000000000
3768 -1040.0000000000
3769 -1039.0000000000
3782 -1038.0000000000
3783 -1037.0000000000
3785 -1036.0000000000
3789 -1035.0000000000
3798 -1034.0000000000
3806 -1033.0000000000
3807 -1031.0000000000
3819 -1030.0000000000
3821 -1029.0000000000
3822 -1027.0000000000
3823 -1026.0000000000
3826 -1025.0000000000
3827 -1024.0000000000
3842 -1023.0000000000
3847 -1022.0000000000
3861 -1021.0000000000
3871 -1019.0000000000
3877 -1018.0000000000
3889 -1017.0000000000
3890 -1016.0000000000
3893 -1015.0000000000
3918 -1014.0000000000
3922 -1013.0000000000
3940 -1011.0000000000
3944 -1010.0000000000
3952 -1009.0000000000
3961 -1008.0000000000
3980 -1007.0000000000
3996 -1006.0000000000
3999 -1005.0000000000
4007 -1004.0000000000
4008 -1003.0000000000
4019 -1002.0000000000
4027 -1001.0000000000
4034 -1000.0000000000
4038 -999.0000000000
4050 -998.0000000000
4059 -996.0000000000
4063 -995.0000000000
4066 -994.0000000000
4075 -993.0000000000
4077 -992.0000000000
4117 -991.0000000000
4124 -990.0000000000
4127 -989.0000000000
4147 -988.0000000000
4163 -987.0000000000
4164 -986.0000000000
4165 -985.0000000000
4196 -984.0000000000
4202 -983.0000000000
4204 -982.0000000000
4220 -981.0000000000
4225 -980.0000000000
4230 -979.0000000000
4236 -978.0000000000
4242 -977.0000000000
4244 -976.0000000000
4252 -975.0000000000
4257 -974.0000000000
4265 -973.0000000000
4267 -972.0000000000
4275 -970.0000000000
4289 -969.0000000000
4290 -968.0000000000
4305 -965.0000000000
4309 -964.0000000000
4322 -963.0000000000
4326 -962.0000000000
4336 -961.0000000000
4339 -960.0000000000
4351 -959.0000000000
4367 -958.0000000000
4381 -957.0000000000
4386 -956.0000000000
4393 -955.0000000000
4404 -953.0000000000
4407 -952.0000000000
4412 -951.0000000000
4419 -950.0000000000
4429 -949.0000000000
4431 -948.0000000000
4435 -947.0000000000
4448 -946.0000000000
4452 -945.0000000000
4458 -944.0000000000
4461 -943.0000000000
4479 -942.0000000000
4483 -941.0000000000
4485 -940.0000000000
4493 -939.0000000000
4500 -938.0000000000
4515 -937.0000000000
4518 -936.0000000000
4525 -935.0000000000
4534 -934.0000000000
4535 -933.0000000000
4553 -932.0000000000
4567 -930.0000000000
4584 -929.0000000000
4587 -928.0000000000
4594 -927.0000000000
4599 -926.0000000000
4602 -925.0000000000
4608 -924.0000000000
4610 -923.0000000000
4619 -922.0000000000
4630 -921.0000000000
4634 -919.0000000000
4638 -918.0000000000
4641 -917.0000000000
4643 -916.0000000000
4649 -915.0000000000
4657 -914.0000000000
4661 -913.0000000000
4668 -912.0000000000
4677 -911.0000000000
4683 -910.0000000000
4693 -909.0000000000
4700 -908.0000000000
4701 -907.0000000000
4705 -906.0000000000
4706 -905.0000000000
4718 -903.0000000000
4719 -902.0000000000
4721 -901.0000000000
4780 -899.0000000000
4783 -897.0000000000
4792 -896.0000000000
4796 -894.0000000000
4831 -893.0000000000
4847 -892.0000000000
4855 -891.0000000000
4856 -890.0000000000
4858 -888.0000000000
4863 -887.0000000000
4869 -886.0000000000
4877 -885.0000000000
4885 -883.0000000000
4899 -882.0000000000
4906 -881.0000000000
4907 -880.0000000000
4917 -879.0000000000
4946 -878.0000000000
4949 -877.0000000000
4952 -876.0000000000
4958 -875.0000000000
4969 -873.0000000000
4986 -872.0000000000
4988 -871.0000000000
5006 -870.0000000000
5011 -869.0000000000
5020 -868.0000000000
5023 -867.0000000000
5027 -866.0000000000
5034 -865.0000000000
5048 -864.0000000000
5080 -863.0000000000
5086 -862.0000000000
5089 -861.0000000000
5093 -860.0000000000
5095 -859.0000000000
5096 -857.0000000000
5099 -855.0000000000
5114 -853.0000000000
5144 -851.0000000000
5147 -850.0000000000
5165 -849.0000000000
5167 -848.0000000000
5180 -846.0000000000
5181 -845.0000000000
5200 -843.0000000000
5206 -842.0000000000
5209 -841.0000000000
5220 -840.0000000000
5241 -839.0000000000
5246 -838.0000000000
5250 -835.0000000000
5251 -834.0000000000
5252 -833.0000000000
5291 -832.0000000000
5297 -831.0000000000
5304 -829.0000000000
5305 -828.0000000000
5317 -827.0000000000
5318 -826.0000000000
5335 -825.0000000000
5341 -824.0000000000
5346 -823.0000000000
5356 -821.0000000000
5365 -820.0000000000
5380 -818.0000000000
5396 -817.0000000000
5413 -816.0000000000
5419 -815.0000000000
5434 -814.0000000000
5437 -813.0000000000
5440 -811.0000000000
5447 -810.0000000000
5459 -809.0000000000
5463 -808.0000000000
5478 -807.0000000000
5493 -806.0000000000
5512 -804.0000000000
5514 -802.0000000000
5515 -801.0000000000
5519 -800.0000000000
5531 -799.0000000000
5550 -798.0000000000
5555 -797.0000000000
5557 -796.0000000000
5563 -795.0000000000
5585 -794.0000000000
5613 -793.0000000000
5629 -792.0000000000
5634 -791.0000000000
5649 -790.0000000000
5661 -789.0000000000
5662 -788.0000000000
5670 -786.0000000000
5685 -785.0000000000
5712 -784.0000000000
5713 -783.0000000000
5717 -782.0000000000
5718 -780.0000000000
5720 -779.0000000000
5725 -778.0000000000
5753 -777.0000000000
5759 -776.0000000000
5777 -775.0000000000
5783 -774.0000000000
5785 -773.0000000000
5795 -771.0000000000
5797 -770.0000000000
5810 -769.0000000000
5814 -768.0000000000
5818 -766.0000000000
5821 -765.0000000000
5853 -764.0000000000
5855 -763.0000000000
5861 -762.0000000000
5866 -761.0000000000
5868 -760.0000000000
5882 -759.0000000000
5891 -758.0000000000
5896 -757.0000000000
5898 -756.0000000000
5915 -755.0000000000
5927 -754.0000000000
5935 -753.0000000000
5945 -752.0000000000
5953 -751.0000000000
5957 -750.0000000000
5990 -748.0000000000
6018 -747.0000000000
6020 -746.0000000000
6027 -744.0000000000
6059 -743.0000000000
6068 -742.0000000000
6073 -741.0000000000
6094 -740.0000000000
6110 -739.0000000000
6111 -738.0000000000
6119 -737.0000000000
6122 -736.0000000000
6132 -735.0000000000
6138 -734.0000000000
6148 -733.0000000000
6150 -732.0000000000
6154 -731.0000000000
6166 -730.0000000000
6174 -729.0000000000
6180 -728.0000000000
6187 -727.0000000000
6219 -726.0000000000
6230 -725.0000000000
6238 -724.0000000000
6246 -722.0000000000
6256 -721.0000000000
6274 -720.0000000000
6278 -719.0000000000
6303 -718.0000000000
6304 -717.0000000000
6330 -716.0000000000
6355 -715.0000000000
6378 -714.0000000000
6385 -713.0000000000
6405 -712.0000000000
6422 -711.0000000000
6428 -710.0000000000
6431 -709.0000000000
6437 -708.0000000000
6445 -707.0000000000
6447 -706.0000000000
6448 -705.0000000000
6451 -704.0000000000
6454 -703.0000000000
6459 -702.0000000000
6467 -701.0000000000
6468 -700.0000000000
6470 -699.0000000000
6472 -698.0000000000
6478 -697.0000000000
6480 -695.0000000000
6522 -694.0000000000
6523 -693.0000000000
6533 -692.0000000000
6557 -691.0000000000
6565 -690.0000000000
6625 -689.0000000000
6630 -688.0000000000
6656 -687.0000000000
6660 -686.0000000000
6667 -685.0000000000
6671 -684.0000000000
6672 -683.0000000000
6683 -682.0000000000
6685 -681.0000000000
6690 -680.0000000000
6696 -679.0000000000
6717 -678.0000000000
6719 -677.0000000000
6737 -675.0000000000
6747 -674.0000000000
6752 -673.0000000000
6761 -672.0000000000
6773 -671.0000000000
6785 -670.0000000000
6787 -669.0000000000
6807 -668.0000000000
6831 -667.0000000000
6851 -665.0000000000
6895 -663.0000000000
6931 -662.0000000000
6940 -661.0000000000
6944 -660.0000000000
6945 -659.0000000000
6951 -658.0000000000
6969 -657.0000000000
6974 -656.0000000000
6979 -655.0000000000
6992 -654.0000000000
6995 -653.0000000000
7008 -652.0000000000
7011 -651.0000000000
7024 -650.0000000000
7029 -649.0000000000
7048 -648.0000000000
7049 -647.0000000000
7061 -645.0000000000
7062 -644.0000000000
7067 -643.0000000000
7094 -642.0000000000
7112 -641.0000000000
7142 -640.0000000000
7167 -639.0000000000
7169 -638.0000000000
7182 -637.0000000000
7191 -636.0000000000
7196 -635.0000000000
7205 -634.0000000000
7220 -632.0000000000
7273 -631.0000000000
7302 -629.0000000000
7305 -628.0000000000
7329 -627.0000000000
7330 -626.0000000000
7356 -625.0000000000
7358 -624.0000000000
7359 -623.0000000000
7390 -622.0000000000
7400 -621.0000000000
7409 -620.0000000000
7443 -619.0000000000
7448 -618.0000000000
7450 -617.0000000000
7458 -616.0000000000
7480 -615.0000000000
7486 -614.0000000000
7502 -613.0000000000
7511 -612.0000000000
7534 -611.0000000000
7563 -610.0000000000
7579 -609.0000000000
7588 -608.0000000000
7591 -607.0000000000
7600 -606.0000000000
7631 -605.0000000000
7661 -604.0000000000
7669 -603.0000000000
7692 -602.0000000000
7695 -601.0000000000
7711 -600.0000000000
7724 -599.0000000000
7727 -598.0000000000
7754 -597.0000000000
7763 -596.0000000000
7788 -595.0000000000
7803 -594.0000000000
7825 -593.0000000000
7827 -592.0000000000
7840 -591.0000000000
7861 -590.0000000000
7875 -589.0000000000
7883 -588.0000000000
7886 -587.0000000000
7900 -586.0000000000
7920 -585.0000000000
7927 -584.0000000000
7931 -583.0000000000
7944 -582.0000000000
7948 -581.0000000000
7985 -580.0000000000
7991 -579.0000000000
7992 -578.0000000000
7995 -577.0000000000
8001 -575.0000000000
8031 -574.0000000000
8039 -573.0000000000
8046 -572.0000000000
8060 -571.0000000000
8064 -570.0000000000
8102 -569.0000000000
8107 -568.0000000000
8110 -567.0000000000
8119 -566.0000000000
8121 -565.0000000000
8147 -564.0000000000
8150 -563.0000000000
8162 -562.0000000000
8185 -561.0000000000
8198 -560.0000000000
8203 -559.0000000000
8210 -557.0000000000
8213 -556.0000000000
8214 -555.0000000000
8241 -554.0000000000
8248 -553.0000000000
8253 -552.0000000000
8258 -551.0000000000
8265 -550.0000000000
8285 -549.0000000000
8316 -548.0000000000
8327 -547.0000000000
8330 -546.0000000000
8333 -545.0000000000
8344 -544.0000000000
8346 -543.0000000000
8349 -542.0000000000
8353 -541.0000000000
8362 -539.0000000000
8371 -538.0000000000
8388 -537.0000000000
8396 -536.0000000000
8414 -535.0000000000
8434 -534.0000000000
8436 -533.0000000000
8458 -532.0000000000
8460 -531.0000000000
8472 -530.0000000000
8473 -529.0000000000
8474 -528.0000000000
8484 -527.0000000000
8521 -526.0000000000
8540 -525.0000000000
8591 -524.0000000000
8596 -523.0000000000
8619 -522.0000000000
8631 -521.0000000000
8645 -520.0000000000
8676 -519.0000000000
8681 -518.0000000000
8683 -517.0000000000
8749 -516.0000000000
8752 -515.0000000000
8787 -512.0000000000
8802 -511.0000000000
8809 -510.0000000000
8818 -509.0000000000
8828 -508.0000000000
8857 -507.0000000000
8871 -506.0000000000
8909 -505.0000000000
8959 -504.0000000000
8960 -503.0000000000
9003 -502.0000000000
9011 -501.0000000000
9042 -500.0000000000
9048 -499.0000000000
9079 -498.0000000000
9111 -496.0000000000
9123 -495.0000000000
9126 -494.0000000000
9180 -493.0000000000
9186 -492.0000000000
9235 -491.0000000000
9253 -490.0000000000
9258 -489.0000000000
9269 -487.0000000000
9286 -486.0000000000
9291 -485.0000000000
9307 -484.0000000000
9329 -483.0000000000
9336 -482.0000000000
9344 -481.0000000000
9363 -480.0000000000
9386 -479.0000000000
9411 -478.0000000000
9503 -477.0000000000
9518 -475.0000000000
9519 -474.0000000000
9525 -473.0000000000
9529 -472.0000000000
9543 -471.0000000000
9592 -470.0000000000
9595 -468.0000000000
9626 -467.0000000000
9655 -466.0000000000
9658 -465.0000000000
9662 -464.0000000000
9701 -463.0000000000
9710 -462.0000000000
9732 -460.0000000000
9738 -459.0000000000
9744 -458.0000000000
9745 -457.0000000000
9746 -456.0000000000
9783 -454.0000000000
9785 -453.0000000000
9807 -452.0000000000
9811 -451.0000000000
9821 -450.0000000000
9855 -449.0000000000
9859 -448.0000000000
9873 -447.0000000000
9881 -446.0000000000
9883 -445.0000000000
9892 -444.0000000000
9896 -443.0000000000
9900 -442.0000000000
9980 -441.0000000000
9992 -440.0000000000
9993 -439.0000000000
10000 -440.0000000000
evaluations raw_y
1 -1935.0000000000
2 -1934.0000000000
6 -1933.0000000000
16 -1932.0000000000
22 -1930.0000000000
28 -1929.0000000000
33 -1928.0000000000
36 -1927.0000000000
39 -1926.0000000000
40 -1925.0000000000
43 -1923.0000000000
44 -1921.0000000000
54 -1920.0000000000
55 -1919.0000000000
58 -1918.0000000000
64 -1916.0000000000
65 -1915.0000000000
66 -1914.0000000000
77 -1912.0000000000
83 -1911.0000000000
86 -1910.0000000000
89 -1909.0000000000
97 -1908.0000000000
107 -1907.0000000000
108 -1906.0000000000
112 -1905.0000000000
117 -1904.0000000000
121 -1903.0000000000
122 -1902.0000000000
124 -1901.0000000000
128 -1899.0000000000
129 -1898.0000000000
131 -1897.0000000000
132 -1896.0000000000
133 -1895.0000000000
134 -1894.0000000000
139 -1893.0000000000
140 -1892.0000000000
141 -1891.0000000000
147 -1890.0000000000
152 -1889.0000000000
154 -1888.0000000000
158 -1887.0000000000
159 -1885.0000000000
161 -1883.0000000000
163 -1882.0000000000
169 -1881.0000000000
171 -1879.0000000000
183 -1878.0000000000
184 -1877.0000000000
185 -1875.0000000000
191 -1873.0000000000
193 -1871.0000000000
203 -1870.0000000000
211 -1869.0000000000
215 -1867.0000000000
224 -1866.0000000000
225 -1865.0000000000
226 -1863.0000000000
227 -1862.0000000000
231 -1861.0000000000
232 -1860.0000000000
233 -1859.0000000000
237 -1858.0000000000
240 -1857.0000000000
246 -1856.0000000000
256 -1855.0000000000
257 -1854.0000000000
260 -1852.0000000000
261 -1851.0000000000
264 -1850.0000000000
266 -1849.0000000000
269 -1848.0000000000
271 -1847.0000000000
273 -1846.0000000000
276 -1845.0000000000
279 -1844.0000000000
281 -1842.0000000000
283 -1841.0000000000
286 -1840.0000000000
291 -1838.0000000000
293 -1837.0000000000
296 -1836.0000000000
300 -1835.0000000000
302 -1833.0000000000
311 -1832.0000000000
312 -1831.0000000000
314 -1830.0000000000
316 -1828.0000000000
323 -1826.0000000000
329 -1825.0000000000
330 -1824.0000000000
335 -1823.0000000000
336 -1822.0000000000
337 -1821.0000000000
338 -1819.0000000000
355 -1818.0000000000
356 -1817.0000000000
361 -1816.0000000000
365 -1815.0000000000
370 -1812.0000000000
373 -1811.0000000000
375 -1810.0000000000
381 -1809.0000000000
392 -1808.0000000000
408 -1807.0000000000
409 -1806.0000000000
411 -1805.0000000000
418 -1804.0000000000
419 -1803.0000000000
428 -1802.0000000000
430 -1801.0000000000
437 -1799.0000000000
438 -1798.0000000000
439 -1796.0000000000
442 -1795.0000000000
443 -1794.0000000000
456 -1793.0000000000
460 -1791.0000000000
461 -1789.0000000000
463 -1788.0000000000
477 -1787.0000000000
483 -1786.0000000000
484 -1783.0000000000
489 -1782.0000000000
491 -1781.0000000000
492 -1780.0000000000
497 -1778.0000000000
503 -1777.0000000000
505 -1776.0000000000
507 -1775.0000000000
508 -1773.0000000000
510 -1772.0000000000
512 -1771.0000000000
513 -1769.0000000000
516 -1767.0000000000
517 -1766.0000000000
518 -1765.0000000000
523 -1764.0000000000
524 -1763.0000000000
526 -1762.0000000000
530 -1761.0000000000
532 -1760.0000000000
537 -1759.0000000000
540 -1758.0000000000
542 -1757.0000000000
545 -1756.0000000000
548 -1755.0000000000
550 -1754.0000000000
553 -1753.0000000000
565 -1752.0000000000
566 -1750.0000000000
567 -1749.0000000000
569 -1748.0000000000
588 -1747.0000000000
589 -1746.0000000000
593 -1745.0000000000
595 -1744.0000000000
600 -1743.0000000000
602 -1742.0000000000
604 -1741.0000000000
605 -1739.0000000000
610 -1738.0000000000
616 -1737.0000000000
617 -1735.0000000000
620 -1734.0000000000
623 -1733.0000000000
624 -1731.0000000000
632 -1730.0000000000
639 -1729.0000000000
647 -1728.0000000000
654 -1727.0000000000
655 -1726.0000000000
656 -1725.0000000000
658 -1724.0000000000
660 -1722.0000000000
670 -1721.0000000000
673 -1720.0000000000
674 -1718.0000000000
678 -1717.0000000000
683 -1716.0000000000
691 -1715.0000000000
693 -1713.0000000000
695 -1712.0000000000
698 -1710.0000000000
699 -1709.0000000000
700 -1708.0000000000
706 -1707.0000000000
718 -1706.0000000000
721 -1704.0000000000
722 -1703.0000000000
724 -1702.0000000000
730 -1701.0000000000
731 -1700.0000000000
734 -1699.0000000000
738 -1698.0000000000
742 -1697.0000000000
763 -1696.0000000000
764 -1695.0000000000
772 -1694.0000000000
776 -1693.0000000000
780 -1691.0000000000
784 -1690.0000000000
791 -1689.0000000000
792 -1688.0000000000
793 -1687.0000000000
798 -1686.0000000000
799 -1683.0000000000
804 -1682.0000000000
807 -1681.0000000000
808 -1680.0000000000
828 -1679.0000000000
847 -1678.0000000000
848 -1677.0000000000
855 -1676.0000000000
857 -1675.0000000000
859 -1674.0000000000
860 -1673.0000000000
861 -1672.0000000000
872 -1671.0000000000
887 -1670.0000000000
890 -1669.0000000000
895 -1667.0000000000
899 -1666.0000000000
905 -1665.0000000000
918 -1664.0000000000
930 -1663.0000000000
933 -1661.0000000000
935 -1660.0000000000
938 -1659.0000000000
942 -1658.0000000000
943 -1657.0000000000
946 -1655.0000000000
947 -1654.0000000000
952 -1653.0000000000
971 -1652.0000000000
978 -1651.0000000000
988 -1650.0000000000
989 -1649.0000000000
991 -1648.0000000000
1000 -1647.0000000000
1006 -1646.0000000000
1009 -1644.0000000000
1010 -1643.0000000000
1011 -1641.0000000000
1012 -1640.0000000000
1019 -1639.0000000000
1020 -1638.0000000000
1022 -1637.0000000000
1023 -1636.0000000000
1026 -1635.0000000000
1027 -1634.0000000000
1037 -1632.0000000000
1041 -1631.0000000000
1046 -1629.0000000000
1050 -1628.0000000000
1053 -1627.0000000000
1060 -1626.0000000000
1066 -1624.0000000000
1067 -1623.0000000000
1070 -1622.0000000000
1073 -1621.0000000000
1078 -1620.0000000000
1080 -1619.0000000000
1090 -1618.0000000000
1092 -1617.0000000000
1093 -1616.0000000000
1101 -1615.0000000000
1105 -1614.0000000000
1109 -1613.0000000000
1110 -1612.0000000000
1112 -1611.0000000000
1128 -1610.0000000000
1131 -1607.0000000000
1140 -1605.0000000000
1141 -1604.0000000000
1142 -1603.0000000000
1148 -1602.0000000000
1149 -1600.0000000000
1150 -1599.0000000000
1159 -1598.0000000000
1162 -1597.0000000000
1166 -1596.0000000000
1174 -1594.0000000000
1177 -1593.0000000000
1187 -1592.0000000000
1203 -1591.0000000000
1204 -1589.0000000000
1207 -1586.0000000000
1215 -1585.0000000000
1217 -1584.0000000000
1231 -1583.0000000000
1232 -1582.0000000000
1234 -1581.0000000000
1239 -1580.0000000000
1246 -1579.0000000000
1248 -1577.0000000000
1253 -1576.0000000000
1254 -1575.0000000000
1256 -1573.0000000000
1257 -1572.0000000000
1258 -1571.0000000000
1265 -1570.0000000000
1272 -1569.0000000000
1277 -1567.0000000000
1279 -1566.0000000000
1282 -1565.0000000000
1289 -1564.0000000000
1292 -1563.0000000000
1311 -1562.0000000000
1317 -1561.0000000000
1318 -1559.0000000000
1319 -1557.0000000000
1321 -1556.0000000000
1323 -1555.0000000000
1324 -1554.0000000000
1337 -1553.0000000000
1356 -1552.0000000000
1358 -1551.0000000000
1375 -1550.0000000000
1392 -1549.0000000000
1395 -1548.0000000000
1401 -1546.0000000000
1407 -1545.0000000000
1412 -1544.0000000000
1413 -1543.0000000000
1424 -1541.0000000000
1430 -1540.0000000000
1439 -1538.0000000000
1444 -1536.0000000000
1446 -1534.0000000000
1460 -1533.0000000000
1469 -1532.0000000000
1476 -1531.0000000000
1484 -1530.0000000000
1492 -1529.0000000000
1494 -1528.0000000000
1498 -1526.0000000000
1501 -1525.0000000000
1508 -1524.0000000000
1512 -1523.0000000000
1514 -1522.0000000000
1515 -1520.0000000000
1520 -1518.0000000000
1524 -1517.0000000000
1528 -1515.0000000000
1530 -1514.0000000000
1531 -1513.0000000000
1537 -1512.0000000000
1543 -1511.0000000000
1547 -1510.0000000000
1559 -1509.0000000000
1571 -1507.0000000000
1580 -1506.0000000000
1585 -1504.0000000000
1586 -1503.0000000000
1593 -1502.0000000000
1594 -1500.0000000000
1600 -1499.0000000000
1601 -1498.0000000000
1605 -1497.0000000000
1622 -1496.0000000000
1629 -1495.0000000000
1636 -1493.0000000000
1637 -1492.0000000000
1638 -1490.0000000000
1639 -1489.0000000000
1647 -1488.0000000000
1656 -1487.0000000000
1683 -1486.0000000000
1685 -1485.0000000000
1693 -1484.0000000000
1695 -1483.0000000000
1697 -1482.0000000000
1705 -1481.0000000000
1715 -1479.0000000000
1729 -1478.0000000000
1738 -1477.0000000000
1757 -1476.0000000000
1760 -1475.0000000000
1767 -1474.0000000000
1774 -1473.0000000000
1775 -1472.0000000000
1777 -1471.0000000000
1780 -1470.0000000000
1782 -1469.0000000000
1793 -1468.0000000000
1797 -1467.0000000000
1802 -1466.0000000000
1806 -1464.0000000000
1814 -1463.0000000000
1821 -1462.0000000000
1822 -1461.0000000000
1837 -1460.0000000000
1840 -1458.0000000000
1841 -1457.0000000000
1849 -1456.0000000000
1850 -1455.0000000000
1851 -1454.0000000000
1853 -1452.0000000000
1862 -1451.0000000000
1867 -1450.0000000000
1868 -1449.0000000000
1869 -1448.0000000000
1870 -1447.0000000000
1871 -1446.0000000000
1880 -1445.0000000000
1885 -1444.0000000000
1890 -1443.0000000000
1895 -1442.0000000000
1903 -1441.0000000000
1904 -1439.0000000000
1907 -1438.0000000000
1920 -1437.0000000000
1921 -1436.0000000000
1922 -1435.0000000000
1923 -1433.0000000000
1935 -1431.0000000000
1940 -1430.0000000000
1948 -1429.0000000000
1949 -1428.0000000000
1953 -1425.0000000000
1969 -1424.0000000000
1972 -1422.0000000000
1973 -1421.0000000000
1974 -1420.0000000000
1975 -1419.0000000000
1976 -1418.0000000000
1977 -1417.0000000000
1978 -1416.0000000000
1981 -1415.0000000000
1983 -1414.0000000000
1988 -1413.0000000000
1990 -1412.0000000000
1998 -1411.0000000000
2010 -1410.0000000000
2016 -1408.0000000000
2023 -1407.0000000000
2024 -1406.0000000000
2027 -1404.0000000000
2034 -1403.0000000000
2050 -1402.0000000000
2057 -1401.0000000000
2060 -1399.0000000000
2071 -1397.0000000000
2077 -1396.0000000000
2079 -1395.0000000000
2081 -1394.0000000000
2090 -1393.0000000000
2091 -1392.0000000000
2093 -1391.0000000000
2094 -1390.0000000000
2101 -1387.0000000000
2103 -1386.0000000000
2109 -1385.0000000000
2110 -1384.0000000000
2111 -1383.0000000000
2114 -1381.0000000000
2115 -1380.0000000000
2121 -1379.0000000000
2126 -1378.0000000000
2130 -1377.0000000000
2142 -1376.0000000000
2147 -1375.0000000000
2151 -1374.0000000000
2167 -1373.0000000000
2181 -1372.0000000000
2183 -1371.0000000000
2185 -1370.0000000000
2209 -1369.0000000000
2220 -1368.0000000000
2221 -1366.0000000000
2223 -1365.0000000000
2229 -1363.0000000000
2234 -1362.0000000000
2238 -1361.0000000000
2253 -1360.0000000000
2266 -1359.0000000000
2274 -1357.0000000000
2283 -1356.0000000000
2284 -1355.0000000000
2285 -1354.0000000000
2286 -1353.0000000000
2288 -1350.0000000000
2290 -1349.0000000000
2295 -1348.0000000000
2296 -1347.0000000000
2297 -1346.0000000000
2299 -1345.0000000000
2300 -1344.0000000000
2302 -1343.0000000000
2308 -1342.0000000000
2310 -1341.0000000000
2315 -1340.0000000000
2331 -1339.0000000000
2335 -1338.0000000000
2336 -1336.0000000000
2347 -1335.0000000000
2354 -1334.0000000000
2355 -1333.0000000000
2357 -1332.0000000000
2367 -1330.0000000000
2373 -1329.0000000000
2383 -1328.0000000000
2391 -1327.0000000000
2392 -1326.0000000000
2395 -1325.0000000000
2399 -1324.0000000000
2408 -1323.0000000000
2414 -1321.0000000000
2415 -1320.0000000000
2421 -1319.0000000000
2431 -1318.0000000000
2434 -1317.0000000000
2445 -1316.0000000000
2458 -1315.0000000000
2460 -1314.0000000000
2467 -1311.0000000000
2479 -1309.0000000000
2493 -1308.0000000000
2498 -1307.0000000000
2503 -1306.0000000000
2509 -1305.0000000000
2516 -1304.0000000000
2525 -1303.0000000000
2527 -1302.0000000000
2538 -1301.0000000000
2539 -1300.0000000000
2540 -1299.0000000000
2544 -1297.0000000000
2546 -1296.0000000000
2555 -1295.0000000000
2563 -1294.0000000000
2566 -1292.0000000000
2568 -1291.0000000000
2586 -1290.0000000000
2589 -1289.0000000000
2595 -1288.0000000000
2598 -1287.0000000000
2609 -1286.0000000000
2611 -1285.0000000000
2615 -1284.0000000000
2619 -1283.0000000000
2620 -1282.0000000000
2621 -1281.0000000000
2624 -1279.0000000000
2625 -1278.0000000000
2628 -1277.0000000000
2632 -1276.0000000000
2637 -1275.0000000000
2641 -1273.0000000000
2642 -1272.0000000000
2644 -1271.0000000000
2648 -1270.0000000000
2649 -1269.0000000000
2652 -1268.0000000000
2661 -1267.0000000000
2669 -1266.0000000000
2670 -1264.0000000000
2683 -1263.0000000000
2686 -1262.0000000000
2690 -1261.0000000000
2700 -1260.0000000000
2711 -1259.0000000000
2715 -1258.0000000000
2716 -1257.0000000000
2719 -1256.0000000000
2724 -1254.0000000000
2727 -1253.0000000000
2731 -1252.0000000000
2736 -1251.0000000000
2745 -1250.0000000000
2753 -1249.0000000000
2757 -1248.0000000000
2761 -1247.0000000000
2775 -1246.0000000000
2776 -1245.0000000000
2777 -1244.0000000000
2782 -1242.0000000000
2794 -1241.0000000000
2799 -1240.0000000000
2801 -1239.0000000000
2804 -1238.0000000000
2815 -1237.0000000000
2816 -1236.0000000000
2820 -1234.0000000000
2833 -1233.0000000000
2847 -1232.0000000000
2855 -1231.0000000000
2856 -1230.0000000000
2860 -1228.0000000000
2871 -1227.0000000000
2874 -1226.0000000000
2879 -1225.0000000000
2886 -1224.0000000000
2900 -1223.0000000000
2903 -1222.0000000000
2904 -1221.0000000000
2909 -1219.0000000000
2915 -1217.0000000000
2916 -1216.0000000000
2925 -1215.0000000000
2928 -1214.0000000000
2932 -1213.0000000000
2940 -1212.0000000000
2968 -1211.0000000000
2972 -1210.0000000000
2974 -1209.0000000000
2976 -1208.0000000000
2999 -1207.0000000000
3002 -1206.0000000000
3005 -1205.0000000000
3011 -1204.0000000000
3022 -1203.0000000000
3030 -1201.0000000000
3035 -1200.0000000000
3047 -1199.0000000000
3049 -1198.0000000000
3052 -1197.0000000000
3056 -1196.0000000000
3062 -1195.0000000000
3065 -1194.0000000000
3066 -1193.0000000000
3068 -1192.0000000000
3076 -1191.0000000000
3079 -1189.0000000000
3083 -1188.0000000000
3084 -1187.0000000000
3096 -1186.0000000000
3097 -1185.0000000000
3102 -1184.0000000000
3104 -1183.0000000000
3106 -1182.0000000000
3109 -1180.0000000000
3126 -1179.0000000000
3127 -1178.0000000000
3135 -1177.0000000000
3154 -1176.0000000000
3163 -1175.0000000000
3165 -1174.0000000000
3167 -1173.0000000000
3168 -1172.0000000000
3169 -1171.0000000000
3178 -1170.0000000000
3186 -1169.0000000000
3201 -1167.0000000000
3205 -1166.0000000000
3209 -1165.0000000000
3231 -1164.0000000000
3246 -1163.0000000000
3247 -1162.0000000000
3250 -1161.0000000000
3254 -1160.0000000000
3259 -1159.0000000000
3264 -1158.0000000000
3272 -1157.0000000000
3281 -1156.0000000000
3285 -1155.0000000000
3292 -1154.0000000000
3293 -1153.0000000000
3307 -1152.0000000000
3315 -1151.0000000000
3316 -1150.0000000000
3318 -1149.0000000000
3325 -1148.0000000000
3326 -1147.0000000000
3329 -1146.0000000000
3331 -1145.0000000000
3337 -1144.0000000000
3341 -1143.0000000000
3344 -1141.0000000000
3346 -1140.0000000000
3348 -1139.0000000000
3357 -1138.0000000000
3366 -1137.0000000000
3372 -1136.0000000000
3376 -1135.0000000000
3377 -1134.0000000000
3381 -1133.0000000000
3389 -1132.0000000000
3399 -1131.0000000000
3406 -1130.0000000000
3409 -1129.0000000000
3415 -1128.0000000000
3418 -1127.0000000000
3419 -1126.0000000000
3441 -1125.0000000000
3443 -1123.0000000000
3444 -1122.0000000000
3451 -1121.0000000000
3462 -1120.0000000000
3468 -1119.0000000000
3470 -1118.0000000000
3474 -1117.0000000000
3481 -1116.0000000000
3485 -1115.0000000000
3495 -1114.0000000000
3499 -1112.0000000000
3502 -1111.0000000000
3506 -1110.0000000000
3510 -1109.0000000000
3515 -1108.0000000000
3523 -1107.0000000000
3524 -1106.0000000000
3540 -1105.0000000000
3541 -1103.0000000000
3546 -1102.0000000000
3561 -1101.0000000000
3573 -1100.0000000000
3585 -1099.0000000000
3592 -1098.0000000000
3593 -1097.0000000000
3606 -1096.0000000000
3608 -1095.0000000000
3609 -1094.0000000000
3616 -1093.0000000000
3637 -1092.0000000000
3640 -1091.0000000000
3645 -1090.0000000000
3646 -1089.0000000000
3647 -1088.0000000000
3648 -1087.0000000000
3664 -1086.0000000000
3682 -1085.0000000000
3686 -1084.0000000000
3696 -1083.0000000000
3705 -1082.0000000000
3708 -1081.0000000000
3718 -1080.0000000000
3730 -1079.0000000000
3737 -1077.0000000000
3738 -1076.0000000000
3740 -1075.0000000000
3742 -1074.0000000000
3744 -1073.0000000000
3749 -1072.0000000000
3765 -1071.0000000000
3767 -1069.0000000000
3770 -1068.0000000000
3771 -1067.0000000000
3775 -1066.0000000000
3786 -1065.0000000000
3790 -1064.0000000000
3799 -1063.0000000000
3804 -1062.0000000000
3805 -1061.0000000000
3818 -1060.0000000000
3820 -1059.0000000000
3824 -1057.0000000000
3829 -1056.0000000000
3830 -1055.0000000000
3844 -1053.0000000000
3863 -1052.0000000000
3866 -1050.0000000000
3870 -1048.0000000000
3876 -1047.0000000000
3881 -1046.0000000000
3886 -1045.0000000000
3887 -1044.0000000000
3889 -1043.0000000000
3890 -1042.0000000000
3900 -1041.0000000000
3904 -1040.0000000000
3906 -1039.0000000000
3908 -1038.0000000000
3913 -1037.0000000000
3918 -1036.0000000000
3933 -1034.0000000000
3950 -1032.0000000000
3985 -1031.0000000000
3986 -1030.0000000000
3988 -1029.0000000000
4006 -1028.0000000000
4010 -1027.0000000000
4015 -1026.0000000000
4024 -1025.0000000000
4026 -1024.0000000000
4028 -1023.0000000000
4033 -1022.0000000000
4043 -1021.0000000000
4054 -1020.0000000000
4058 -1018.0000000000
4062 -1017.0000000000
4064 -1016.0000000000
4076 -1015.0000000000
4079 -1014.0000000000
4094 -1013.0000000000
4097 -1011.0000000000
4099 -1010.0000000000
4109 -1009.0000000000
4125 -1007.0000000000
4126 -1006.0000000000
4127 -1005.0000000000
4128 -1003.0000000000
4131 -1002.0000000000
4133 -1001.0000000000
4148 -1000.0000000000
4151 -998.0000000000
4172 -997.0000000000
4173 -996.0000000000
4174 -995.0000000000
4181 -994.0000000000
4185 -993.0000000000
4192 -991.0000000000
4202 -990.0000000000
4204 -989.0000000000
4213 -988.0000000000
4224 -987.0000000000
4236 -986.0000000000
4249 -985.0000000000
4256 -984.0000000000
4259 -983.0000000000
4264 -982.0000000000
4265 -981.0000000000
4274 -980.0000000000
4281 -979.0000000000
4290 -977.0000000000
4292 -976.0000000000
4297 -974.0000000000
4300 -973.0000000000
4305 -971.0000000000
4313 -970.0000000000
4328 -969.0000000000
4333 -966.0000000000
4351 -965.0000000000
4360 -964.0000000000
4367 -963.0000000000
4388 -962.0000000000
4397 -961.0000000000
4398 -960.0000000000
4418 -959.0000000000
4434 -958.0000000000
4438 -957.0000000000
4439 -956.0000000000
4440 -955.0000000000
4442 -954.0000000000
4445 -953.0000000000
4457 -952.0000000000
4464 -951.0000000000
4468 -949.0000000000
4498 -948.0000000000
4501 -947.0000000000
4520 -946.0000000000
4529 -945.0000000000
4535 -944.0000000000
4543 -943.0000000000
4546 -942.0000000000
4549 -941.0000000000
4551 -940.0000000000
4552 -939.0000000000
4575 -938.0000000000
4577 -936.0000000000
4585 -935.0000000000
4588 -933.0000000000
4590 -932.0000000000
4592 -930.0000000000
4595 -929.0000000000
4600 -927.0000000000
4603 -926.0000000000
4609 -925.0000000000
4614 -924.0000000000
4617 -923.0000000000
4622 -922.0000000000
4630 -921.0000000000
4636 -920.0000000000
4639 -919.0000000000
4645 -918.0000000000
4651 -917.0000000000
4654 -916.0000000000
4659 -915.0000000000
4686 -914.0000000000
4690 -912.0000000000
4693 -911.0000000000
4698 -910.0000000000
4736 -909.0000000000
4742 -908.0000000000
4747 -907.0000000000
4760 -906.0000000000
4778 -905.0000000000
4787 -904.0000000000
4796 -903.0000000000
4798 -902.0000000000
4835 -901.0000000000
4857 -900.0000000000
4862 -899.0000000000
4867 -898.0000000000
4868 -897.0000000000
4875 -896.0000000000
4876 -894.0000000000
4889 -893.0000000000
4899 -892.0000000000
4904 -891.0000000000
4932 -890.0000000000
4940 -889.0000000000
4955 -888.0000000000
4957 -887.0000000000
4974 -886.0000000000
4975 -884.0000000000
4979 -883.0000000000
4984 -882.0000000000
4993 -880.0000000000
5002 -879.0000000000
5004 -878.0000000000
5008 -877.0000000000
5014 -876.0000000000
5019 -875.0000000000
5021 -874.0000000000
5026 -873.0000000000
5048 -872.0000000000
5052 -870.0000000000
5053 -869.0000000000
5064 -868.0000000000
5077 -867.0000000000
5080 -866.0000000000
5083 -865.0000000000
5098 -864.0000000000
5113 -863.0000000000
5116 -862.0000000000
5118 -861.0000000000
5134 -860.0000000000
5140 -859.0000000000
5141 -857.0000000000
5147 -856.0000000000
5150 -855.0000000000
5160 -854.0000000000
5161 -853.0000000000
5168 -852.0000000000
5172 -851.0000000000
5174 -850.0000000000
5192 -849.0000000000
5197 -848.0000000000
5200 -847.0000000000
5207 -846.0000000000
5215 -845.0000000000
5232 -844.0000000000
5241 -843.0000000000
5249 -842.0000000000
5254 -841.0000000000
5266 -840.0000000000
5271 -839.0000000000
5274 -837.0000000000
5286 -836.0000000000
5294 -832.0000000000
5296 -831.0000000000
5297 -830.0000000000
5302 -828.0000000000
5308 -827.0000000000
5351 -826.0000000000
5362 -824.0000000000
5391 -823.0000000000
5397 -822.0000000000
5398 -821.0000000000
5403 -820.0000000000
5408 -819.0000000000
5434 -818.0000000000
5447 -816.0000000000
5451 -815.0000000000
5455 -814.0000000000
5458 -813.0000000000
5500 -812.0000000000
5501 -811.0000000000
5506 -810.0000000000
5509 -809.0000000000
5510 -808.0000000000
5511 -807.0000000000
5516 -806.0000000000
5531 -803.0000000000
5537 -802.0000000000
5538 -801.0000000000
5540 -800.0000000000
5541 -799.0000000000
5543 -798.0000000000
5549 -797.0000000000
5560 -796.0000000000
5565 -795.0000000000
5566 -793.0000000000
5580 -792.0000000000
5602 -791.0000000000
5609 -790.0000000000
5611 -789.0000000000
5630 -788.0000000000
5637 -787.0000000000
5662 -786.0000000000
5687 -784.0000000000
5689 -782.0000000000
5700 -781.0000000000
5701 -779.0000000000
5714 -778.0000000000
5734 -777.0000000000
5741 -776.0000000000
5744 -775.0000000000
5760 -773.0000000000
5764 -772.0000000000
5768 -771.0000000000
5779 -770.0000000000
5796 -769.0000000000
5798 -768.0000000000
5818 -767.0000000000
5854 -766.0000000000
5855 -765.0000000000
5872 -764.0000000000
5902 -763.0000000000
5910 -762.0000000000
5933 -761.0000000000
5935 -760.0000000000
5946 -759.0000000000
5959 -757.0000000000
5976 -756.0000000000
5979 -755.0000000000
5985 -754.0000000000
6002 -753.0000000000
6004 -752.0000000000
6011 -751.0000000000
6018 -750.0000000000
6021 -749.0000000000
6026 -748.0000000000
6045 -747.0000000000
6048 -746.0000000000
6059 -745.0000000000
6069 -744.0000000000
6073 -743.0000000000
6076 -742.0000000000
6085 -740.0000000000
6087 -739.0000000000
6096 -738.0000000000
6118 -737.0000000000
6125 -736.0000000000
6143 -735.0000000000
6153 -734.0000000000
6171 -733.0000000000
6196 -732.0000000000
6198 -731.0000000000
6213 -730.0000000000
6215 -729.0000000000
6222 -728.0000000000
6233 -727.0000000000
6256 -726.0000000000
6271 -725.0000000000
6295 -724.0000000000
6296 -723.0000000000
6303 -722.0000000000
6305 -720.0000000000
6325 -719.0000000000
6331 -718.0000000000
6353 -717.0000000000
6356 -716.0000000000
6357 -715.0000000000
6368 -714.0000000000
6389 -713.0000000000
6395 -712.0000000000
6397 -711.0000000000
6402 -710.0000000000
6403 -709.0000000000
6413 -708.0000000000
6414 -707.0000000000
6418 -706.0000000000
6425 -705.0000000000
6458 -704.0000000000
6463 -703.0000000000
6496 -702.0000000000
6497 -701.0000000000
6507 -700.0000000000
6517 -699.0000000000
6526 -698.0000000000
6536 -697.0000000000
6537 -696.0000000000
6544 -695.0000000000
6560 -694.0000000000
6562 -693.0000000000
6581 -692.0000000000
6604 -691.0000000000
6607 -690.0000000000
6619 -688.0000000000
6625 -687.0000000000
6636 -686.0000000000
6638 -685.0000000000
6650 -684.0000000000
6665 -683.0000000000
6674 -682.0000000000
6676 -680.0000000000
6677 -679.0000000000
6680 -678.0000000000
6685 -677.0000000000
6719 -676.0000000000
6723 -675.0000000000
6743 -674.0000000000
6758 -673.0000000000
6760 -672.0000000000
6807 -671.0000000000
6811 -670.0000000000
6819 -669.0000000000
6828 -668.0000000000
6834 -667.0000000000
6838 -666.0000000000
6840 -665.0000000000
6844 -664.0000000000
6845 -663.0000000000
6846 -662.0000000000
6848 -661.0000000000
6851 -660.0000000000
6853 -659.0000000000
6871 -658.0000000000
6873 -657.0000000000
6879 -656.0000000000
6928 -655.0000000000
6953 -654.0000000000
6967 -653.0000000000
6980 -652.0000000000
7005 -651.0000000000
7016 -650.0000000000
7021 -649.0000000000
7038 -648.0000000000
7057 -647.0000000000
7060 -646.0000000000
7068 -645.0000000000
7081 -644.0000000000
7088 -643.0000000000
7094 -642.0000000000
7114 -641.0000000000
7132 -640.0000000000
7147 -639.0000000000
7178 -638.0000000000
7195 -637.0000000000
7218 -636.0000000000
7219 -635.0000000000
7232 -634.0000000000
7258 -633.0000000000
7267 -632.0000000000
7270 -631.0000000000
7273 -630.0000000000
7280 -629.0000000000
7322 -628.0000000000
7323 -627.0000000000
7327 -625.0000000000
7337 -624.0000000000
7348 -623.0000000000
7390 -622.0000000000
7396 -621.0000000000
7428 -620.0000000000
7429 -619.0000000000
7430 -618.0000000000
7436 -617.0000000000
7455 -616.0000000000
7459 -615.0000000000
7463 -614.0000000000
7479 -613.0000000000
7523 -612.0000000000
7528 -611.0000000000
7532 -610.0000000000
7534 -609.0000000000
7537 -608.0000000000
7553 -607.0000000000
7565 -606.0000000000
7577 -605.0000000000
7583 -604.0000000000
7590 -603.0000000000
7603 -602.0000000000
7636 -601.0000000000
7655 -600.0000000000
7665 -599.0000000000
7675 -598.0000000000
7682 -597.0000000000
7690 -596.0000000000
7694 -595.0000000000
7696 -594.0000000000
7717 -593.0000000000
7721 -592.0000000000
7737 -591.0000000000
7738 -590.0000000000
7739 -589.0000000000
7757 -588.0000000000
7762 -587.0000000000
7774 -586.0000000000
7786 -585.0000000000
7792 -584.0000000000
7797 -583.0000000000
7813 -582.0000000000
7816 -581.0000000000
7821 -580.0000000000
7822 -579.0000000000
7824 -578.0000000000
7832 -577.0000000000
7838 -576.0000000000
7846 -575.0000000000
7858 -574.0000000000
7887 -573.0000000000
7899 -572.0000000000
7900 -570.0000000000
7914 -569.0000000000
7918 -568.0000000000
7920 -567.0000000000
7935 -566.0000000000
7968 -565.0000000000
7971 -563.0000000000
7981 -562.0000000000
7982 -561.0000000000
8013 -560.0000000000
8051 -559.0000000000
8061 -558.0000000000
8082 -557.0000000000
8093 -556.0000000000
8116 -555.0000000000
8139 -554.0000000000
8143 -553.0000000000
8146 -552.0000000000
8147 -551.0000000000
8149 -550.0000000000
8168 -549.0000000000
8171 -548.0000000000
8174 -547.0000000000
8198 -546.0000000000
8202 -545.0000000000
8207 -544.0000000000
8216 -543.0000000000
8224 -542.0000000000
8225 -541.0000000000
8227 -540.0000000000
8230 -539.0000000000
8253 -538.0000000000
8272 -537.0000000000
8281 -536.0000000000
8283 -535.0000000000
8289 -533.0000000000
8296 -532.0000000000
8311 -531.0000000000
8329 -530.0000000000
8352 -529.0000000000
8385 -528.0000000000
8399 -527.0000000000
8407 -526.0000000000
8433 -525.0000000000
8448 -524.0000000000
8469 -522.0000000000
8486 -521.0000000000
8497 -520.0000000000
8513 -519.0000000000
8517 -518.0000000000
8553 -517.0000000000
8575 -516.0000000000
8579 -515.0000000000
8590 -514.0000000000
8608 -513.0000000000
8629 -511.0000000000
8645 -510.0000000000
8654 -509.0000000000
8664 -508.0000000000
8683 -507.0000000000
8740 -505.0000000000
8782 -503.0000000000
8794 -502.0000000000
8800 -500.0000000000
8806 -499.0000000000
8812 -498.0000000000
8815 -497.0000000000
8832 -496.0000000000
8864 -495.0000000000
8881 -494.0000000000
8890 -493.0000000000
8900 -492.0000000000
8921 -491.0000000000
8925 -490.0000000000
8933 -489.0000000000
9007 -488.0000000000
9015 -487.0000000000
9030 -486.0000000000
9072 -485.0000000000
9076 -484.0000000000
9117 -483.0000000000
9120 -482.0000000000
9158 -481.0000000000
9183 -480.0000000000
9199 -478.0000000000
9262 -477.0000000000
9283 -476.0000000000
9294 -475.0000000000
9302 -473.0000000000
9308 -472.0000000000
9351 -471.0000000000
9357 -470.0000000000
9385 -469.0000000000
9408 -468.0000000000
9458 -467.0000000000
9508 -466.0000000000
9526 -465.0000000000
9533 -464.0000000000
9559 -463.0000000000
9584 -462.0000000000
9585 -461.0000000000
9605 -460.0000000000
9663 -459.0000000000
9665 -458.0000000000
9668 -457.0000000000
9678 -456.0000000000
9717 -455.0000000000
9753 -454.0000000000
9757 -453.0000000000
9771 -452.0000000000
9781 -451.0000000000
9801 -450.0000000000
9816 -449.0000000000
9852 -448.0000000000
9861 -447.0000000000
9930 -446.0000000000
9935 -445.0000000000
9942 -444.0000000000
9958 -443.0000000000
9970 -442.0000000000
9979 -440.0000000000
9992 -439.0000000000
10000 -439.0000000000
evaluations raw_y
1 -1909.0000000000
4 -1908.0000000000
6 -1906.0000000000
8 -1905.0000000000
10 -1904.0000000000
12 -1903.0000000000
13 -1902.0000000000
20 -1901.0000000000
22 -1900.0000000000
28 -1899.0000000000
30 -1898.0000000000
36 -1897.0000000000
51 -1896.0000000000
63 -1895.0000000000
64 -1894.0000000000
72 -1893.0000000000
75 -1892.0000000000
82 -1891.0000000000
83 -1890.0000000000
96 -1889.0000000000
97 -1887.0000000000
100 -1886.0000000000
102 -1885.0000000000
104 -1884.0000000000
105 -1883.0000000000
110 -1882.0000000000
114 -1881.0000000000
123 -1879.0000000000
128 -1878.0000000000
130 -1877.0000000000
138 -1876.0000000000
142 -1875.0000000000
148 -1874.0000000000
151 -1873.0000000000
152 -1872.0000000000
153 -1870.0000000000
158 -1869.0000000000
162 -1868.0000000000
166 -1867.0000000000
169 -1866.0000000000
173 -1865.0000000000
181 -1864.0000000000
182 -1863.0000000000
186 -1862.0000000000
191 -1861.0000000000
201 -1860.0000000000
204 -1859.0000000000
206 -1858.0000000000
211 -1857.0000000000
213 -1856.0000000000
217 -1855.0000000000
219 -1854.0000000000
222 -1853.0000000000
223 -1852.0000000000
227 -1850.0000000000
230 -1849.0000000000
232 -1848.0000000000
234 -1847.0000000000
238 -1845.0000000000
240 -1844.0000000000
242 -1842.0000000000
244 -1841.0000000000
246 -1840.0000000000
247 -1839.0000000000
249 -1838.0000000000
254 -1837.0000000000
259 -1836.0000000000
263 -1835.0000000000
264 -1834.0000000000
276 -1833.0000000000
278 -1832.0000000000
281 -1831.0000000000
293 -1829.0000000000
298 -1828.0000000000
313 -1827.0000000000
314 -1826.0000000000
315 -1824.0000000000
317 -1822.0000000000
318 -1821.0000000000
320 -1820.0000000000
323 -1819.0000000000
328 -1817.0000000000
337 -1816.0000000000
341 -1815.0000000000
343 -1814.0000000000
347 -1813.0000000000
350 -1812.0000000000
353 -1811.0000000000
358 -1810.0000000000
362 -1809.0000000000
368 -1808.0000000000
373 -1807.0000000000
376 -1806.0000000000
384 -1804.0000000000
388 -1803.0000000000
393 -1802.0000000000
398 -1801.0000000000
402 -1799.0000000000
408 -1797.0000000000
412 -1794.0000000000
426 -1792.0000000000
427 -1790.0000000000
429 -1789.0000000000
444 -1787.0000000000
445 -1786.0000000000
451 -1785.0000000000
456 -1784.0000000000
461 -1782.0000000000
462 -1781.0000000000
463 -1780.0000000000
464 -1779.0000000000
467 -1778.0000000000
470 -1777.0000000000
472 -1776.0000000000
473 -1774.0000000000
479 -1772.0000000000
480 -1771.0000000000
483 -1770.0000000000
490 -1768.0000000000
493 -1766.0000000000
495 -1765.0000000000
499 -1764.0000000000
503 -1763.0000000000
508 -1762.0000000000
511 -1761.0000000000
515 -1759.0000000000
519 -1757.0000000000
530 -1756.0000000000
533 -1755.0000000000
535 -1754.0000000000
543 -1751.0000000000
550 -1750.0000000000
553 -1749.0000000000
554 -1748.0000000000
556 -1747.0000000000
559 -1746.0000000000
560 -1745.0000000000
561 -1744.0000000000
562 -1743.0000000000
566 -1742.0000000000
567 -1741.0000000000
574 -1740.0000000000
580 -1738.0000000000
583 -1737.0000000000
586 -1736.0000000000
588 -1735.0000000000
593 -1734.0000000000
600 -1733.0000000000
601 -1732.0000000000
603 -1731.0000000000
609 -1730.0000000000
617 -1729.0000000000
621 -1728.0000000000
624 -1727.0000000000
625 -1726.0000000000
626 -1725.0000000000
634 -1724.0000000000
635 -1723.0000000000
636 -1722.0000000000
638 -1720.0000000000
646 -1719.0000000000
653 -1718.0000000000
658 -1715.0000000000
667 -1713.0000000000
671 -1711.0000000000
673 -1710.0000000000
676 -1709.0000000000
677 -1708.0000000000
679 -1706.0000000000
688 -1705.0000000000
691 -1704.0000000000
694 -1703.0000000000
695 -1702.0000000000
703 -1699.0000000000
706 -1698.0000000000
708 -1697.0000000000
709 -1696.0000000000
725 -1695.0000000000
727 -1694.0000000000
733 -1693.0000000000
738 -1692.0000000000
739 -1691.0000000000
745 -1690.0000000000
748 -1688.0000000000
749 -1687.0000000000
752 -1686.0000000000
753 -1684.0000000000
759 -1683.0000000000
763 -1682.0000000000
764 -1681.0000000000
771 -1680.0000000000
772 -1679.0000000000
775 -1678.0000000000
780 -1676.0000000000
784 -1674.0000000000
788 -1673.0000000000
796 -1672.0000000000
797 -1671.0000000000
802 -1670.0000000000
809 -1669.0000000000
810 -1668.0000000000
814 -1667.0000000000
826 -1666.0000000000
828 -1665.0000000000
829 -1664.0000000000
833 -1663.0000000000
861 -1662.0000000000
863 -1661.0000000000
869 -1660.0000000000
882 -1659.0000000000
887 -1658.0000000000
895 -1657.0000000000
910 -1656.0000000000
918 -1655.0000000000
922 -1654.0000000000
927 -1653.0000000000
928 -1652.0000000000
929 -1651.0000000000
931 -1650.0000000000
932 -1648.0000000000
933 -1647.0000000000
940 -1645.0000000000
944 -1644.0000000000
946 -1643.0000000000
953 -1642.0000000000
959 -1641.0000000000
961 -1640.0000000000
964 -1639.0000000000
967 -1638.0000000000
969 -1637.0000000000
970 -1636.0000000000
974 -1635.0000000000
977 -1633.0000000000
979 -1632.0000000000
980 -1631.0000000000
989 -1630.0000000000
991 -1628.0000000000
994 -1627.0000000000
999 -1626.0000000000
1000 -1625.0000000000
1001 -1624.0000000000
1006 -1623.0000000000
1016 -1622.0000000000
1019 -1621.0000000000
1025 -1619.0000000000
1026 -1618.0000000000
1027 -1617.0000000000
1028 -1616.0000000000
1030 -1615.0000000000
1031 -1614.0000000000
1032 -1613.0000000000
1035 -1612.0000000000
1039 -1610.0000000000
1049 -1609.0000000000
1053 -1608.0000000000
1057 -1606.0000000000
1058 -1604.0000000000
1060 -1603.0000000000
1061 -1602.0000000000
1065 -1599.0000000000
1067 -1598.0000000000
1071 -1596.0000000000
1072 -1595.0000000000
1074 -1594.0000000000
1077 -1593.0000000000
1078 -1592.0000000000
1079 -1591.0000000000
1089 -1590.0000000000
1093 -1589.0000000000
1095 -1588.0000000000
1096 -1587.0000000000
1099 -1586.0000000000
1101 -1585.0000000000
1113 -1584.0000000000
1115 -1583.0000000000
1116 -1581.0000000000
1125 -1579.0000000000
1127 -1578.0000000000
1129 -1576.0000000000
1133 -1575.0000000000
1136 -1574.0000000000
1150 -1573.0000000000
1162 -1572.0000000000
1163 -1571.0000000000
1171 -1570.0000000000
1174 -1569.0000000000
1178 -1568.0000000000
1186 -1567.0000000000
1187 -1566.0000000000
1192 -1565.0000000000
1197 -1564.0000000000
1199 -1563.0000000000
1201 -1562.0000000000
1206 -1561.0000000000
1214 -1559.0000000000
1219 -1558.0000000000
1224 -1557.0000000000
1234 -1556.0000000000
1235 -1554.0000000000
1236 -1553.0000000000
1246 -1551.0000000000
1247 -1550.0000000000
1260 -1548.0000000000
1283 -1547.0000000000
1294 -1546.0000000000
1303 -1545.0000000000
1308 -1544.0000000000
1315 -1543.0000000000
1317 -1540.0000000000
1326 -1538.0000000000
1330 -1537.0000000000
1339 -1536.0000000000
1342 -1535.0000000000
1346 -1534.0000000000
1356 -1533.0000000000
1358 -1532.0000000000
1369 -1529.0000000000
1376 -1528.0000000000
1380 -1527.0000000000
1383 -1526.0000000000
1384 -1525.0000000000
1400 -1524.0000000000
1403 -1523.0000000000
1407 -1522.0000000000
1413 -1521.0000000000
1417 -1520.0000000000
1432 -1519.0000000000
1436 -1518.0000000000
1439 -1517.0000000000
1445 -1516.0000000000
1449 -1515.0000000000
1451 -1514.0000000000
1454 -1513.0000000000
1456 -1512.0000000000
1459 -1511.0000000000
1463 -1510.0000000000
1464 -1509.0000000000
1466 -1508.0000000000
1467 -1507.0000000000
1476 -1506.0000000000
1489 -1505.0000000000
1500 -1504.0000000000
1503 -1502.0000000000
1507 -1501.0000000000
1511 -1500.0000000000
1512 -1499.0000000000
1515 -1498.0000000000
1518 -1496.0000000000
1519 -1495.0000000000
1526 -1494.0000000000
1530 -1493.0000000000
1535 -1492.0000000000
1538 -1491.0000000000
1546 -1490.0000000000
1549 -1489.0000000000
1557 -1488.0000000000
1560 -1486.0000000000
1563 -1485.0000000000
1573 -1484.0000000000
1577 -1483.0000000000
1579 -1482.0000000000
1580 -1481.0000000000
1582 -1480.0000000000
1584 -1479.0000000000
1585 -1477.0000000000
1593 -1476.0000000000
1604 -1474.0000000000
1611 -1473.0000000000
1613 -1472.0000000000
1626 -1471.0000000000
1627 -1470.0000000000
1629 -1469.0000000000
1643 -1468.0000000000
1647 -1467.0000000000
1648 -1466.0000000000
1658 -1465.0000000000
1665 -1464.0000000000
1666 -1463.0000000000
1667 -1462.0000000000
1669 -1460.0000000000
1671 -1457.0000000000
1675 -1456.0000000000
1678 -1455.0000000000
1697 -1454.0000000000
1702 -1453.0000000000
1705 -1452.0000000000
1708 -1451.0000000000
1725 -1450.0000000000
1727 -1449.0000000000
1737 -1448.0000000000
1739 -1447.0000000000
1740 -1445.0000000000
1741 -1444.0000000000
1744 -1443.0000000000
1754 -1442.0000000000
1756 -1441.0000000000
1764 -1440.0000000000
1766 -1439.0000000000
1767 -1437.0000000000
1769 -1435.0000000000
1778 -1434.0000000000
1793 -1432.0000000000
1794 -1431.0000000000
1796 -1430.0000000000
1802 -1428.0000000000
1812 -1427.0000000000
1816 -1426.0000000000
1818 -1425.0000000000
1821 -1423.0000000000
1822 -1422.0000000000
1825 -1421.0000000000
1829 -1420.0000000000
1832 -1419.0000000000
1839 -1417.0000000000
1840 -1416.0000000000
1842 -1414.0000000000
1849 -1412.0000000000
1851 -1411.0000000000
1852 -1409.0000000000
1854 -1408.0000000000
1862 -1407.0000000000
1870 -1406.0000000000
1876 -1405.0000000000
1877 -1404.0000000000
1891 -1403.0000000000
1892 -1402.0000000000
1893 -1401.0000000000
1901 -1400.0000000000
1903 -1399.0000000000
1917 -1397.0000000000
1925 -1396.0000000000
1928 -1394.0000000000
1935 -1393.0000000000
1937 -1392.0000000000
1951 -1391.0000000000
1953 -1389.0000000000
1959 -1388.0000000000
1964 -1386.0000000000
1965 -1385.0000000000
1969 -1384.0000000000
1972 -1382.0000000000
1980 -1380.0000000000
1982 -1379.0000000000
1988 -1378.0000000000
1993 -1377.0000000000
1997 -1376.0000000000
2006 -1375.0000000000
2015 -1374.0000000000
2023 -1373.0000000000
2032 -1372.0000000000
2045 -1371.0000000000
2049 -1369.0000000000
2050 -1368.0000000000
2053 -1367.0000000000
2056 -1366.0000000000
2057 -1365.0000000000
2070 -1364.0000000000
2078 -1363.0000000000
2087 -1362.0000000000
2088 -1361.0000000000
2089 -1360.0000000000
2096 -1358.0000000000
2100 -1357.0000000000
2108 -1355.0000000000
2111 -1354.0000000000
2126 -1352.0000000000
2139 -1351.0000000000
2148 -1350.0000000000
2165 -1349.0000000000
2178 -1348.0000000000
2184 -1347.0000000000
2188 -1345.0000000000
2193 -1344.0000000000
2201 -1342.0000000000
2208 -1341.0000000000
2221 -1339.0000000000
2229 -1338.0000000000
2230 -1337.0000000000
2231 -1336.0000000000
2244 -1335.0000000000
2249 -1334.0000000000
2270 -1333.0000000000
2273 -1332.0000000000
2279 -1331.0000000000
2310 -1330.0000000000
2315 -1329.0000000000
2321 -1328.0000000000
2322 -1327.0000000000
2324 -1326.0000000000
2332 -1325.0000000000
2338 -1322.0000000000
2342 -1321.0000000000
2345 -1318.0000000000
2352 -1317.0000000000
2354 -1316.0000000000
2358 -1315.0000000000
2362 -1314.0000000000
2364 -1313.0000000000
2373 -1312.0000000000
2380 -1311.0000000000
2386 -1309.0000000000
2395 -1308.0000000000
2404 -1307.0000000000
2405 -1306.0000000000
2409 -1305.0000000000
2416 -1304.0000000000
2417 -1303.0000000000
2419 -1301.0000000000
2425 -1300.0000000000
2426 -1298.0000000000
2438 -1297.0000000000
2441 -1296.0000000000
2449 -1295.0000000000
2450 -1293.0000000000
2463 -1292.0000000000
2464 -1291.0000000000
2467 -1290.0000000000
2472 -1289.0000000000
2476 -1288.0000000000
2486 -1287.0000000000
2491 -1286.0000000000
2496 -1285.0000000000
2498 -1284.0000000000
2504 -1283.0000000000
2515 -1282.0000000000
2518 -1281.0000000000
2523 -1280.0000000000
2539 -1279.0000000000
2541 -1278.0000000000
2545 -1277.0000000000
2547 -1276.0000000000
2548 -1275.0000000000
2550 -1273.0000000000
2556 -1272.0000000000
2563 -1271.0000000000
2566 -1270.0000000000
2568 -1269.0000000000
2571 -1266.0000000000
2572 -1264.0000000000
2582 -1263.0000000000
2598 -1262.0000000000
2604 -1261.0000000000
2609 -1260.0000000000
2615 -1259.0000000000
2620 -1257.0000000000
2624 -1256.0000000000
2631 -1254.0000000000
2633 -1253.0000000000
2645 -1251.0000000000
2656 -1250.0000000000
2657 -1247.0000000000
2659 -1245.0000000000
2663 -1244.0000000000
2664 -1242.0000000000
2674 -1241.0000000000
2675 -1240.0000000000
2681 -1239.0000000000
2692 -1238.0000000000
2706 -1237.0000000000
2709 -1236.0000000000
2712 -1235.0000000000
2716 -1234.0000000000
2719 -1233.0000000000
2726 -1232.0000000000
2727 -1230.0000000000
2745 -1229.0000000000
2755 -1228.0000000000
2773 -1226.0000000000
2776 -1225.0000000000
2782 -1224.0000000000
2791 -1223.0000000000
2792 -1222.0000000000
2793 -1221.0000000000
2802 -1220.0000000000
2805 -1219.0000000000
2806 -1218.0000000000
2821 -1217.0000000000
2823 -1216.0000000000
2826 -1215.0000000000
2833 -1214.0000000000
2834 -1213.0000000000
2838 -1212.0000000000
2839 -1211.0000000000
2843 -1210.0000000000
2844 -1209.0000000000
2855 -1208.0000000000
2863 -1207.0000000000
2872 -1206.0000000000
2875 -1205.0000000000
2878 -1203.0000000000
2881 -1202.0000000000
2884 -1201.0000000000
2893 -1200.0000000000
2900 -1199.0000000000
2922 -1198.0000000000
2926 -1197.0000000000
2936 -1195.0000000000
2938 -1193.0000000000
2940 -1192.0000000000
2944 -1191.0000000000
2948 -1189.0000000000
2953 -1188.0000000000
2961 -1187.0000000000
2970 -1186.0000000000
2975 -1185.0000000000
2982 -1184.0000000000
2986 -1183.0000000000
3004 -1181.0000000000
3007 -1179.0000000000
3010 -1178.0000000000
3019 -1177.0000000000
3023 -1176.0000000000
3038 -1175.0000000000
3039 -1174.0000000000
3042 -1173.0000000000
3050 -1172.0000000000
3051 -1171.0000000000
3060 -1170.0000000000
3066 -1169.0000000000
3083 -1168.0000000000
3085 -1165.0000000000
3110 -1164.0000000000
3111 -1163.0000000000
3112 -1162.0000000000
3124 -1161.0000000000
3130 -1160.0000000000
3136 -1159.0000000000
3137 -1158.0000000000
3160 -1157.0000000000
3166 -1156.0000000000
3182 -1155.0000000000
3183 -1154.0000000000
3188 -1153.0000000000
3195 -1151.0000000000
3205 -1150.0000000000
3209 -1149.0000000000
3232 -1148.0000000000
3237 -1147.0000000000
3239 -1145.0000000000
3240 -1144.0000000000
3242 -1143.0000000000
3245 -1142.0000000000
3247 -1140.0000000000
3249 -1139.0000000000
3254 -1138.0000000000
3269 -1137.0000000000
3279 -1136.0000000000
3285 -1135.0000000000
3289 -1134.0000000000
3292 -1133.0000000000
3293 -1132.0000000000
3296 -1131.0000000000
3308 -1130.0000000000
3313 -1129.0000000000
3319 -1128.0000000000
3328 -1127.0000000000
3341 -1126.0000000000
3343 -1125.0000000000
3360 -1124.0000000000
3362 -1123.0000000000
3365 -1122.0000000000
3367 -1121.0000000000
3378 -1120.0000000000
3387 -1119.0000000000
3388 -1118.0000000000
3391 -1116.0000000000
3394 -1114.0000000000
3399 -1113.0000000000
3405 -1112.0000000000
3413 -1111.0000000000
3431 -1110.0000000000
3438 -1109.0000000000
3450 -1108.0000000000
3454 -1107.0000000000
3467 -1106.0000000000
3474 -1104.0000000000
3479 -1103.0000000000
3485 -1102.0000000000
3489 -1101.0000000000
3494 -1100.0000000000
3512 -1099.0000000000
3529 -1098.0000000000
3531 -1097.0000000000
3553 -1096.0000000000
3558 -1094.0000000000
3559 -1092.0000000000
3568 -1091.0000000000
3570 -1090.0000000000
3573 -1089.0000000000
3575 -1088.0000000000
3576 -1087.0000000000
3587 -1086.0000000000
3596 -1084.0000000000
3598 -1083.0000000000
3609 -1082.0000000000
3611 -1081.0000000000
3617 -1080.0000000000
3626 -1079.0000000000
3652 -1078.0000000000
3656 -1077.0000000000
3659 -1076.0000000000
3663 -1075.0000000000
3665 -1073.0000000000
3671 -1072.0000000000
3675 -1071.0000000000
3690 -1070.0000000000
3691 -1069.0000000000
3695 -1068.0000000000
3708 -1067.0000000000
3709 -1066.0000000000
3714 -1064.0000000000
3718 -1063.0000000000
3729 -1062.0000000000
3741 -1060.0000000000
3746 -1059.0000000000
3752 -1057.0000000000
3763 -1056.0000000000
3767 -1055.0000000000
3771 -1054.0000000000
3781 -1053.0000000000
3784 -1052.0000000000
3801 -1051.0000000000
3802 -1050.0000000000
3821 -1049.0000000000
3831 -1048.0000000000
3833 -1046.0000000000
3842 -1045.0000000000
3843 -1044.0000000000
3846 -1043.0000000000
3849 -1041.0000000000
3850 -1040.0000000000
3854 -1039.0000000000
3859 -1038.0000000000
3860 -1037.0000000000
3865 -1036.0000000000
3870 -1035.0000000000
3882 -1034.0000000000
3887 -1033.0000000000
3891 -1032.0000000000
3896 -1030.0000000000
3897 -1029.0000000000
3900 -1028.0000000000
3907 -1027.0000000000
3909 -1026.0000000000
3922 -1025.0000000000
3927 -1024.0000000000
3942 -1023.0000000000
3945 -1022.0000000000
3961 -1021.0000000000
3982 -1020.0000000000
4005 -1019.0000000000
4018 -1018.0000000000
4021 -1017.0000000000
4027 -1016.0000000000
4028 -1014.0000000000
4053 -1013.0000000000
4061 -1012.0000000000
4078 -1011.0000000000
4084 -1010.0000000000
4099 -1009.0000000000
4122 -1008.0000000000
4125 -1007.0000000000
4148 -1006.0000000000
4150 -1005.0000000000
4151 -1004.0000000000
4153 -1002.0000000000
4158 -1001.0000000000
4161 -1000.0000000000
4174 -999.0000000000
4193 -998.0000000000
4196 -997.0000000000
4205 -996.0000000000
4209 -995.0000000000
4212 -994.0000000000
4215 -993.0000000000
4222 -992.0000000000
4229 -991.0000000000
4235 -990.0000000000
4237 -989.0000000000
4239 -987.0000000000
4243 -986.0000000000
4253 -985.0000000000
4265 -984.0000000000
4280 -983.0000000000
4291 -982.0000000000
4295 -981.0000000000
4333 -980.0000000000
4335 -979.0000000000
4336 -978.0000000000
4347 -977.0000000000
4351 -976.0000000000
4361 -975.0000000000
4363 -974.0000000000
4373 -973.0000000000
4378 -972.0000000000
4387 -971.0000000000
4392 -970.0000000000
4394 -969.0000000000
4399 -968.0000000000
4402 -967.0000000000
4418 -966.0000000000
4458 -965.0000000000
4472 -964.0000000000
4484 -962.0000000000
4487 -961.0000000000
4503 -960.0000000000
4525 -959.0000000000
4544 -958.0000000000
4557 -957.0000000000
4561 -956.0000000000
4582 -955.0000000000
4588 -954.0000000000
4609 -953.0000000000
4610 -952.0000000000
4627 -951.0000000000
4640 -950.0000000000
4676 -949.0000000000
4680 -948.0000000000
4687 -947.0000000000
4692 -946.0000000000
4696 -945.0000000000
4716 -944.0000000000
4717 -942.0000000000
4723 -941.0000000000
4724 -939.0000000000
4733 -938.0000000000
4736 -937.0000000000
4748 -936.0000000000
4757 -935.0000000000
4758 -934.0000000000
4771 -933.0000000000
4778 -932.0000000000
4780 -930.0000000000
4781 -928.0000000000
4795 -927.0000000000
4808 -926.0000000000
4810 -925.0000000000
4813 -924.0000000000
4814 -923.0000000000
4829 -922.0000000000
4845 -921.0000000000
4851 -920.0000000000
4862 -919.0000000000
4867 -918.0000000000
4879 -917.0000000000
4883 -916.0000000000
4886 -915.0000000000
4893 -914.0000000000
4894 -911.0000000000
4895 -910.0000000000
4920 -909.0000000000
4928 -907.0000000000
4941 -906.0000000000
4967 -905.0000000000
4979 -904.0000000000
4986 -903.0000000000
4995 -902.0000000000
5020 -901.0000000000
5023 -900.0000000000
5025 -899.0000000000
5033 -897.0000000000
5049 -896.0000000000
5052 -895.0000000000
5075 -894.0000000000
5078 -893.0000000000
5108 -892.0000000000
5124 -891.0000000000
5146 -890.0000000000
5157 -889.0000000000
5159 -888.0000000000
5167 -887.0000000000
5176 -886.0000000000
5179 -885.0000000000
5180 -884.0000000000
5183 -883.0000000000
5190 -882.0000000000
5196 -881.0000000000
5205 -880.0000000000
5215 -878.0000000000
5221 -876.0000000000
5223 -874.0000000000
5225 -873.0000000000
5229 -872.0000000000
5262 -871.0000000000
5282 -870.0000000000
5296 -869.0000000000
5327 -868.0000000000
5330 -867.0000000000
5339 -866.0000000000
5342 -864.0000000000
5370 -863.0000000000
5374 -860.0000000000
5385 -859.0000000000
5424 -858.0000000000
5427 -857.0000000000
5446 -854.0000000000
5450 -853.0000000000
5455 -852.0000000000
5463 -850.0000000000
5468 -849.0000000000
5475 -848.0000000000
5479 -847.0000000000
5490 -846.0000000000
5494 -845.0000000000
5496 -844.0000000000
5500 -843.0000000000
5502 -842.0000000000
5511 -841.0000000000
5519 -840.0000000000
5523 -839.0000000000
5524 -838.0000000000
5526 -837.0000000000
5528 -836.0000000000
5544 -835.0000000000
5545 -834.0000000000
5555 -832.0000000000
5564 -831.0000000000
5572 -830.0000000000
5628 -829.0000000000
5633 -828.0000000000
5635 -827.0000000000
5639 -826.0000000000
5640 -825.0000000000
5642 -824.0000000000
5650 -823.0000000000
5651 -822.0000000000
5661 -819.0000000000
5669 -818.0000000000
5697 -817.0000000000
5704 -816.0000000000
5723 -815.0000000000
5733 -813.0000000000
5738 -812.0000000000
5748 -811.0000000000
5751 -809.0000000000
5752 -807.0000000000
5760 -806.0000000000
5774 -805.0000000000
5777 -804.0000000000
5782 -803.0000000000
5802 -802.0000000000
5803 -801.0000000000
5807 -800.0000000000
5836 -799.0000000000
5853 -798.0000000000
5860 -797.0000000000
5865 -796.0000000000
5882 -795.0000000000
5884 -794.0000000000
5887 -793.0000000000
5907 -792.0000000000
5920 -791.0000000000
5931 -790.0000000000
5934 -789.0000000000
5944 -787.0000000000
5948 -786.0000000000
5954 -785.0000000000
5979 -784.0000000000
5983 -783.0000000000
5987 -782.0000000000
5990 -781.0000000000
6004 -780.0000000000
6020 -779.0000000000
6031 -778.0000000000
6034 -777.0000000000
6036 -776.0000000000
6039 -775.0000000000
6045 -773.0000000000
6058 -772.0000000000
6085 -771.0000000000
6086 -770.0000000000
6087 -769.0000000000
6104 -768.0000000000
6112 -767.0000000000
6120 -766.0000000000
6121 -765.0000000000
6167 -764.0000000000
6177 -763.0000000000
6195 -762.0000000000
6221 -761.0000000000
6222 -760.0000000000
6229 -759.0000000000
6248 -758.0000000000
6263 -757.0000000000
6264 -756.0000000000
6266 -755.0000000000
6283 -754.0000000000
6288 -753.0000000000
6315 -752.0000000000
6341 -751.0000000000
6344 -750.0000000000
6346 -749.0000000000
6347 -748.0000000000
6353 -747.0000000000
6355 -746.0000000000
6357 -744.0000000000
6359 -743.0000000000
6373 -742.0000000000
6386 -741.0000000000
6404 -740.0000000000
6407 -739.0000000000
6409 -738.0000000000
6411 -737.0000000000
6413 -736.0000000000
6418 -735.0000000000
6438 -734.0000000000
6444 -733.0000000000
6463 -732.0000000000
6465 -731.0000000000
6472 -730.0000000000
6478 -729.0000000000
6493 -728.0000000000
6495 -727.0000000000
6497 -726.0000000000
6527 -725.0000000000
6528 -724.0000000000
6531 -723.0000000000
6553 -722.0000000000
6560 -721.0000000000
6573 -720.0000000000
6578 -719.0000000000
6589 -718.0000000000
6598 -717.0000000000
6599 -716.0000000000
6604 -715.0000000000
6627 -714.0000000000
6649 -713.0000000000
6652 -712.0000000000
6661 -711.0000000000
6664 -710.0000000000
6671 -709.0000000000
6676 -708.0000000000
6687 -707.0000000000
6693 -706.0000000000
6696 -705.0000000000
6703 -704.0000000000
6712 -703.0000000000
6713 -702.0000000000
6718 -701.0000000000
6727 -700.0000000000
6737 -698.0000000000
6748 -697.0000000000
6755 -696.0000000000
6762 -695.0000000000
6767 -694.0000000000
6772 -693.0000000000
6778 -691.0000000000
6780 -690.0000000000
6793 -689.0000000000
6802 -688.0000000000
6821 -687.0000000000
6843 -686.0000000000
6848 -685.0000000000
6851 -684.0000000000
6855 -683.0000000000
6858 -682.0000000000
6888 -680.0000000000
6898 -679.0000000000
6900 -678.0000000000
6904 -677.0000000000
6907 -676.0000000000
6910 -675.0000000000
6914 -674.0000000000
6917 -673.0000000000
6923 -672.0000000000
6929 -671.0000000000
6970 -670.0000000000
6980 -669.0000000000
6987 -668.0000000000
6995 -667.0000000000
6996 -666.0000000000
6999 -665.0000000000
7007 -664.0000000000
7017 -663.0000000000
7027 -661.0000000000
7031 -660.0000000000
7038 -658.0000000000
7054 -657.0000000000
7055 -656.0000000000
7079 -655.0000000000
7088 -653.0000000000
7115 -652.0000000000
7122 -651.0000000000
7140 -650.0000000000
7154 -648.0000000000
7164 -647.0000000000
7199 -646.0000000000
7222 -645.0000000000
7227 -644.0000000000
7234 -643.0000000000
7243 -642.0000000000
7254 -641.0000000000
7256 -640.0000000000
7268 -639.0000000000
7271 -638.0000000000
7279 -637.0000000000
7304 -636.0000000000
7313 -634.0000000000
7319 -633.0000000000
7336 -632.0000000000
7358 -631.0000000000
7367 -630.0000000000
7368 -629.0000000000
7373 -628.0000000000
7380 -627.0000000000
7399 -626.0000000000
7416 -625.0000000000
7436 -624.0000000000
7455 -623.0000000000
7457 -622.0000000000
7472 -621.0000000000
7477 -620.0000000000
7527 -619.0000000000
7530 -618.0000000000
7532 -617.0000000000
7539 -615.0000000000
7560 -614.0000000000
7633 -613.0000000000
7644 -612.0000000000
7650 -611.0000000000
7651 -610.0000000000
7653 -609.0000000000
7658 -608.0000000000
7661 -607.0000000000
7689 -606.0000000000
7697 -605.0000000000
7711 -604.0000000000
7712 -603.0000000000
7719 -602.0000000000
7725 -601.0000000000
7726 -600.0000000000
7732 -599.0000000000
7747 -598.0000000000
7751 -597.0000000000
7766 -596.0000000000
7768 -595.0000000000
7780 -594.0000000000
7785 -593.0000000000
7788 -592.0000000000
7801 -591.0000000000
7827 -590.0000000000
7834 -589.0000000000
7837 -588.0000000000
7847 -587.0000000000
7864 -586.0000000000
7874 -585.0000000000
7876 -584.0000000000
7892 -583.0000000000
7918 -582.0000000000
7924 -581.0000000000
7928 -580.0000000000
7945 -579.0000000000
7954 -578.0000000000
7968 -577.0000000000
7981 -576.0000000000
7987 -575.0000000000
7989 -574.0000000000
8007 -573.0000000000
8011 -572.0000000000
8013 -571.0000000000
8035 -570.0000000000
8042 -569.0000000000
8060 -568.0000000000
8095 -567.0000000000
8100 -566.0000000000
8104 -565.0000000000
8109 -564.0000000000
8134 -563.0000000000
8143 -561.0000000000
8146 -560.0000000000
8156 -559.0000000000
8164 -558.0000000000
8179 -557.0000000000
8185 -556.0000000000
8199 -555.0000000000
8210 -554.0000000000
8216 -553.0000000000
8221 -552.0000000000
8223 -551.0000000000
8244 -550.0000000000
8245 -549.0000000000
8248 -548.0000000000
8264 -547.0000000000
8282 -546.0000000000
8295 -544.0000000000
8341 -543.0000000000
8368 -542.0000000000
8384 -541.0000000000
8386 -539.0000000000
8391 -538.0000000000
8399 -537.0000000000
8401 -536.0000000000
8421 -535.0000000000
8422 -534.0000000000
8452 -533.0000000000
8466 -532.0000000000
8532 -531.0000000000
8537 -530.0000000000
8545 -529.0000000000
8583 -528.0000000000
8623 -527.0000000000
8628 -526.0000000000
8665 -525.0000000000
8666 -524.0000000000
8698 -523.0000000000
8738 -522.0000000000
8797 -521.0000000000
8867 -520.0000000000
8910 -519.0000000000
8915 -518.0000000000
8993 -517.0000000000
8994 -516.0000000000
9042 -515.0000000000
9044 -513.0000000000
9059 -511.0000000000
9065 -510.0000000000
9073 -509.0000000000
9075 -508.0000000000
9097 -507.0000000000
9106 -506.0000000000
9127 -504.0000000000
9155 -503.0000000000
9156 -502.0000000000
9219 -501.0000000000
9225 -500.0000000000
9228 -499.0000000000
9234 -498.0000000000
9254 -496.0000000000
9276 -495.0000000000
9308 -494.0000000000
9379 -493.0000000000
9386 -492.0000000000
9414 -491.0000000000
9432 -490.0000000000
9492 -489.0000000000
9502 -488.0000000000
9508 -487.0000000000
9522 -486.0000000000
9540 -485.0000000000
9647 -484.0000000000
9648 -483.0000000000
9651 -482.0000000000
9654 -480.0000000000
9736 -478.0000000000
9740 -477.0000000000
9757 -476.0000000000
9769 -475.0000000000
9807 -474.0000000000
9810 -473.0000000000
9821 -472.0000000000
9866 -471.0000000000
9869 -470.0000000000
9877 -469.0000000000
9896 -468.0000000000
9906 -467.0000000000
9915 -466.0000000000
9932 -465.0000000000
9976 -464.0000000000
10000 -465.0000000000
evaluations raw_y
1 -1921.0000000000
4 -1920.0000000000
8 -1919.0000000000
10 -1918.0000000000
18 -1917.0000000000
20 -1916.0000000000
23 -1915.0000000000
25 -1912.0000000000
29 -1910.0000000000
34 -1909.0000000000
44 -1908.0000000000
49 -1905.0000000000
50 -1904.0000000000
58 -1903.0000000000
59 -1902.0000000000
61 -1901.0000000000
63 -1900.0000000000
65 -1899.0000000000
66 -1898.0000000000
68 -1897.0000000000
72 -1896.0000000000
73 -1895.0000000000
74 -1892.0000000000
76 -1891.0000000000
78 -1890.0000000000
84 -1889.0000000000
92 -1888.0000000000
98 -1887.0000000000
101 -1886.0000000000
104 -1885.0000000000
107 -1884.0000000000
109 -1883.0000000000
122 -1882.0000000000
123 -1880.0000000000
124 -1879.0000000000
128 -1877.0000000000
154 -1876.0000000000
156 -1875.0000000000
159 -1874.0000000000
160 -1872.0000000000
165 -1871.0000000000
167 -1870.0000000000
168 -1869.0000000000
171 -1867.0000000000
172 -1866.0000000000
173 -1865.0000000000
175 -1863.0000000000
185 -1862.0000000000
187 -1861.0000000000
188 -1859.0000000000
194 -1858.0000000000
196 -1857.0000000000
199 -1856.0000000000
202 -1853.0000000000
206 -1852.0000000000
211 -1851.0000000000
219 -1849.0000000000
222 -1848.0000000000
226 -1846.0000000000
228 -1844.0000000000
230 -1843.0000000000
232 -1841.0000000000
234 -1840.0000000000
236 -1838.0000000000
237 -1837.0000000000
239 -1836.0000000000
241 -1835.0000000000
245 -1834.0000000000
251 -1833.0000000000
253 -1832.0000000000
254 -1831.0000000000
258 -1830.0000000000
259 -1829.0000000000
266 -1828.0000000000
269 -1827.0000000000
271 -1826.0000000000
273 -1825.0000000000
275 -1824.0000000000
281 -1823.0000000000
283 -1822.0000000000
292 -1821.0000000000
294 -1820.0000000000
296 -1819.0000000000
299 -1817.0000000000
304 -1816.0000000000
305 -1815.0000000000
309 -1814.0000000000
311 -1812.0000000000
313 -1810.0000000000
314 -1809.0000000000
321 -1808.0000000000
322 -1807.0000000000
325 -1806.0000000000
330 -1805.0000000000
332 -1804.0000000000
336 -1803.0000000000
337 -1802.0000000000
338 -1801.0000000000
343 -1800.0000000000
344 -1798.0000000000
347 -1797.0000000000
348 -1796.0000000000
352 -1795.0000000000
355 -1794.0000000000
356 -1793.0000000000
364 -1792.0000000000
365 -1791.0000000000
366 -1789.0000000000
369 -1787.0000000000
372 -1786.0000000000
386 -1785.0000000000
387 -1783.0000000000
392 -1782.0000000000
395 -1781.0000000000
400 -1780.0000000000
404 -1779.0000000000
405 -1778.0000000000
423 -1777.0000000000
424 -1776.0000000000
434 -1775.0000000000
435 -1774.0000000000
436 -1772.0000000000
442 -1771.0000000000
443 -1769.0000000000
444 -1768.0000000000
453 -1767.0000000000
454 -1766.0000000000
455 -1765.0000000000
457 -1764.0000000000
464 -1763.0000000000
466 -1761.0000000000
469 -1760.0000000000
471 -1759.0000000000
472 -1757.0000000000
490 -1756.0000000000
493 -1755.0000000000
494 -1751.0000000000
496 -1750.0000000000
509 -1749.0000000000
512 -1748.0000000000
518 -1747.0000000000
525 -1746.0000000000
526 -1745.0000000000
532 -1744.0000000000
537 -1743.0000000000
542 -1742.0000000000
546 -1741.0000000000
547 -1740.0000000000
568 -1739.0000000000
572 -1738.0000000000
574 -1737.0000000000
580 -1736.0000000000
584 -1735.0000000000
586 -1734.0000000000
591 -1733.0000000000
599 -1732.0000000000
602 -1731.0000000000
605 -1730.0000000000
614 -1728.0000000000
615 -1727.0000000000
624 -1726.0000000000
625 -1725.0000000000
630 -1724.0000000000
631 -1723.0000000000
633 -1722.0000000000
640 -1721.0000000000
648 -1720.0000000000
655 -1719.0000000000
662 -1718.0000000000
668 -1717.0000000000
676 -1716.0000000000
677 -1714.0000000000
683 -1713.0000000000
684 -1712.0000000000
686 -1711.0000000000
691 -1710.0000000000
714 -1709.0000000000
715 -1708.0000000000
717 -1707.0000000000
721 -1705.0000000000
722 -1704.0000000000
726 -1703.0000000000
728 -1702.0000000000
737 -1700.0000000000
738 -1699.0000000000
740 -1698.0000000000
742 -1697.0000000000
747 -1696.0000000000
749 -1694.0000000000
756 -1692.0000000000
759 -1691.0000000000
761 -1690.0000000000
762 -1689.0000000000
767 -1688.0000000000
768 -1687.0000000000
773 -1685.0000000000
776 -1682.0000000000
779 -1681.0000000000
782 -1679.0000000000
783 -1677.0000000000
786 -1675.0000000000
789 -1674.0000000000
793 -1673.0000000000
798 -1672.0000000000
800 -1670.0000000000
801 -1669.0000000000
805 -1668.0000000000
817 -1667.0000000000
829 -1666.0000000000
830 -1665.0000000000
837 -1664.0000000000
844 -1663.0000000000
845 -1662.0000000000
847 -1661.0000000000
851 -1660.0000000000
855 -1659.0000000000
860 -1658.0000000000
864 -1657.0000000000
873 -1656.0000000000
877 -1654.0000000000
879 -1652.0000000000
896 -1651.0000000000
901 -1649.0000000000
905 -1647.0000000000
906 -1645.0000000000
907 -1644.0000000000
912 -1643.0000000000
913 -1641.0000000000
916 -1640.0000000000
917 -1639.0000000000
918 -1638.0000000000
923 -1636.0000000000
928 -1635.0000000000
932 -1634.0000000000
933 -1633.0000000000
934 -1632.0000000000
935 -1631.0000000000
938 -1630.0000000000
953 -1629.0000000000
955 -1628.0000000000
962 -1627.0000000000
963 -1626.0000000000
968 -1624.0000000000
971 -1623.0000000000
977 -1622.0000000000
979 -1621.0000000000
984 -1620.0000000000
986 -1619.0000000000
987 -1618.0000000000
991 -1617.0000000000
996 -1616.0000000000
999 -1615.0000000000
1000 -1614.0000000000
1001 -1613.0000000000
1004 -1612.0000000000
1007 -1611.0000000000
1013 -1610.0000000000
1014 -1609.0000000000
1051 -1607.0000000000
1054 -1606.0000000000
1063 -1605.0000000000
1064 -1604.0000000000
1065 -1602.0000000000
1071 -1601.0000000000
1072 -1600.0000000000
1076 -1599.0000000000
1087 -1598.0000000000
1088 -1597.0000000000
1089 -1596.0000000000
1092 -1595.0000000000
1094 -1594.0000000000
1117 -1593.0000000000
1120 -1592.0000000000
1123 -1591.0000000000
1124 -1589.0000000000
1127 -1588.0000000000
1132 -1587.0000000000
1133 -1586.0000000000
1134 -1585.0000000000
1136 -1584.0000000000
1141 -1583.0000000000
1150 -1582.0000000000
1151 -1581.0000000000
1154 -1580.0000000000
1156 -1578.0000000000
1157 -1577.0000000000
1159 -1575.0000000000
1168 -1574.0000000000
1174 -1573.0000000000
1192 -1572.0000000000
1193 -1571.0000000000
1209 -1570.0000000000
1214 -1569.0000000000
1215 -1567.0000000000
1218 -1566.0000000000
1219 -1565.0000000000
1223 -1564.0000000000
1224 -1562.0000000000
1257 -1561.0000000000
1264 -1560.0000000000
1267 -1558.0000000000
1269 -1556.0000000000
1270 -1553.0000000000
1273 -1552.0000000000
1276 -1551.0000000000
1282 -1548.0000000000
1288 -1547.0000000000
1311 -1546.0000000000
1317 -1545.0000000000
1320 -1544.0000000000
1323 -1542.0000000000
1325 -1541.0000000000
1333 -1539.0000000000
1339 -1538.0000000000
1353 -1537.0000000000
1354 -1534.0000000000
1356 -1533.0000000000
1358 -1532.0000000000
1364 -1531.0000000000
1366 -1530.0000000000
1373 -1529.0000000000
1383 -1528.0000000000
1393 -1527.0000000000
1396 -1526.0000000000
1400 -1525.0000000000
1403 -1524.0000000000
1405 -1523.0000000000
1416 -1522.0000000000
1417 -1521.0000000000
1419 -1520.0000000000
1420 -1519.0000000000
1426 -1518.0000000000
1429 -1517.0000000000
1435 -1516.0000000000
1442 -1514.0000000000
1443 -1513.0000000000
1460 -1512.0000000000
1462 -1510.0000000000
1465 -1509.0000000000
1472 -1508.0000000000
1482 -1507.0000000000
1493 -1506.0000000000
1494 -1505.0000000000
1503 -1504.0000000000
1508 -1503.0000000000
1512 -1502.0000000000
1516 -1501.0000000000
1528 -1500.0000000000
1530 -1499.0000000000
1536 -1497.0000000000
1547 -1496.0000000000
1549 -1495.0000000000
1552 -1494.0000000000
1555 -1493.0000000000
1556 -1492.0000000000
1568 -1491.0000000000
1575 -1490.0000000000
1581 -1489.0000000000
1582 -1488.0000000000
1584 -1487.0000000000
1593 -1486.0000000000
1600 -1484.0000000000
1603 -1483.0000000000
1606 -1482.0000000000
1608 -1481.0000000000
1612 -1480.0000000000
1613 -1479.0000000000
1621 -1478.0000000000
1622 -1476.0000000000
1626 -1474.0000000000
1630 -1473.0000000000
1636 -1472.0000000000
1637 -1471.0000000000
1640 -1469.0000000000
1641 -1468.0000000000
1645 -1467.0000000000
1651 -1465.0000000000
1652 -1464.0000000000
1654 -1463.0000000000
1655 -1462.0000000000
1657 -1461.0000000000
1665 -1460.0000000000
1666 -1459.0000000000
1668 -1458.0000000000
1669 -1456.0000000000
1691 -1455.0000000000
1692 -1454.0000000000
1693 -1453.0000000000
1695 -1452.0000000000
1699 -1451.0000000000
1705 -1450.0000000000
1707 -1448.0000000000
1712 -1447.0000000000
1715 -1446.0000000000
1718 -1445.0000000000
1720 -1444.0000000000
1724 -1443.0000000000
1735 -1441.0000000000
1743 -1440.0000000000
1745 -1438.0000000000
1752 -1437.0000000000
1758 -1436.0000000000
1763 -1435.0000000000
1764 -1434.0000000000
1767 -1432.0000000000
1768 -1431.0000000000
1779 -1430.0000000000
1782 -1429.0000000000
1790 -1428.0000000000
1791 -1427.0000000000
1794 -1426.0000000000
1795 -1425.0000000000
1804 -1424.0000000000
1809 -1423.0000000000
1813 -1422.0000000000
1824 -1421.0000000000
1840 -1419.0000000000
1846 -1418.0000000000
1864 -1417.0000000000
1877 -1416.0000000000
1891 -1415.0000000000
1893 -1412.0000000000
1896 -1410.0000000000
1898 -1409.0000000000
1900 -1408.0000000000
1908 -1407.0000000000
1909 -1406.0000000000
1915 -1404.0000000000
1926 -1403.0000000000
1934 -1402.0000000000
1935 -1401.0000000000
1938 -1400.0000000000
1947 -1399.0000000000
1955 -1398.0000000000
1967 -1397.0000000000
1970 -1396.0000000000
1971 -1395.0000000000
1974 -1394.0000000000
1983 -1391.0000000000
1989 -1390.0000000000
1995 -1389.0000000000
1998 -1388.0000000000
2007 -1387.0000000000
2008 -1386.0000000000
2014 -1385.0000000000
2015 -1383.0000000000
2017 -1382.0000000000
2020 -1380.0000000000
2022 -1379.0000000000
2023 -1378.0000000000
2025 -1377.0000000000
2029 -1376.0000000000
2045 -1374.0000000000
2051 -1373.0000000000
2056 -1370.0000000000
2067 -1369.0000000000
2080 -1368.0000000000
2081 -1367.0000000000
2086 -1366.0000000000
2091 -1365.0000000000
2093 -1364.0000000000
2095 -1363.0000000000
2097 -1362.0000000000
2099 -1361.0000000000
2109 -1360.0000000000
2118 -1359.0000000000
2134 -1358.0000000000
2140 -1357.0000000000
2150 -1356.0000000000
2155 -1354.0000000000
2159 -1353.0000000000
2165 -1352.0000000000
2168 -1351.0000000000
2170 -1350.0000000000
2171 -1349.0000000000
2173 -1348.0000000000
2188 -1347.0000000000
2191 -1346.0000000000
2199 -1345.0000000000
2206 -1344.0000000000
2207 -1343.0000000000
2209 -1342.0000000000
2210 -1341.0000000000
2211 -1340.0000000000
2224 -1339.0000000000
2233 -1338.0000000000
2246 -1337.0000000000
2250 -1336.0000000000
2252 -1335.0000000000
2258 -1334.0000000000
2281 -1333.0000000000
2284 -1332.0000000000
2289 -1331.0000000000
2293 -1330.0000000000
2294 -1328.0000000000
2305 -1327.0000000000
2319 -1326.0000000000
2327 -1325.0000000000
2328 -1324.0000000000
2330 -1323.0000000000
2332 -1322.0000000000
2333 -1321.0000000000
2335 -1320.0000000000
2351 -1319.0000000000
2357 -1318.0000000000
2361 -1317.0000000000
2366 -1316.0000000000
2371 -1315.0000000000
2395 -1314.0000000000
2397 -1313.0000000000
2398 -1312.0000000000
2399 -1311.0000000000
2400 -1310.0000000000
2405 -1309.0000000000
2409 -1308.0000000000
2412 -1307.0000000000
2416 -1305.0000000000
2423 -1303.0000000000
2438 -1302.0000000000
2446 -1301.0000000000
2447 -1300.0000000000
2452 -1299.0000000000
2455 -1298.0000000000
2456 -1297.0000000000
2459 -1295.0000000000
2462 -1293.0000000000
2464 -1292.0000000000
2470 -1291.0000000000
2473 -1290.0000000000
2477 -1289.0000000000
2481 -1288.0000000000
2506 -1287.0000000000
2510 -1285.0000000000
2515 -1284.0000000000
2521 -1283.0000000000
2523 -1282.0000000000
2524 -1281.0000000000
2547 -1280.0000000000
2548 -1278.0000000000
2551 -1277.0000000000
2570 -1276.0000000000
2578 -1275.0000000000
2581 -1274.0000000000
2584 -1273.0000000000
2586 -1272.0000000000
2592 -1270.0000000000
2598 -1268.0000000000
2599 -1267.0000000000
2603 -1266.0000000000
2609 -1265.0000000000
2610 -1263.0000000000
2615 -1262.0000000000
2622 -1261.0000000000
2633 -1260.0000000000
2636 -1259.0000000000
2649 -1256.0000000000
2655 -1255.0000000000
2658 -1254.0000000000
2663 -1252.0000000000
2669 -1251.0000000000
2670 -1249.0000000000
2671 -1248.0000000000
2684 -1247.0000000000
2685 -1246.0000000000
2689 -1245.0000000000
2690 -1244.0000000000
2703 -1243.0000000000
2706 -1242.0000000000
2711 -1241.0000000000
2718 -1240.0000000000
2721 -1239.0000000000
2727 -1238.0000000000
2742 -1237.0000000000
2746 -1236.0000000000
2757 -1235.0000000000
2766 -1234.0000000000
2770 -1233.0000000000
2772 -1231.0000000000
2773 -1228.0000000000
2789 -1227.0000000000
2793 -1226.0000000000
2809 -1225.0000000000
2810 -1224.0000000000
2812 -1223.0000000000
2814 -1222.0000000000
2828 -1221.0000000000
2836 -1220.0000000000
2841 -1219.0000000000
2843 -1218.0000000000
2851 -1217.0000000000
2861 -1215.0000000000
2868 -1214.0000000000
2875 -1212.0000000000
2879 -1211.0000000000
2884 -1210.0000000000
2894 -1209.0000000000
2904 -1207.0000000000
2905 -1206.0000000000
2908 -1204.0000000000
2910 -1202.0000000000
2912 -1200.0000000000
2913 -1199.0000000000
2914 -1198.0000000000
2920 -1197.0000000000
2921 -1196.0000000000
2930 -1195.0000000000
2944 -1194.0000000000
2948 -1191.0000000000
2951 -1190.0000000000
2952 -1189.0000000000
2960 -1188.0000000000
2963 -1187.0000000000
2969 -1186.0000000000
2974 -1185.0000000000
2975 -1184.0000000000
2994 -1182.0000000000
2996 -1181.0000000000
2997 -1180.0000000000
3000 -1179.0000000000
3007 -1178.0000000000
3008 -1177.0000000000
3047 -1176.0000000000
3049 -1175.0000000000
3061 -1174.0000000000
3065 -1173.0000000000
3083 -1171.0000000000
3097 -1170.0000000000
3099 -1169.0000000000
3112 -1168.0000000000
3113 -1166.0000000000
3118 -1165.0000000000
3132 -1164.0000000000
3133 -1163.0000000000
3138 -1162.0000000000
3155 -1161.0000000000
3166 -1160.0000000000
3171 -1159.0000000000
3175 -1158.0000000000
3211 -1157.0000000000
3216 -1156.0000000000
3232 -1155.0000000000
3234 -1154.0000000000
3236 -1153.0000000000
3242 -1151.0000000000
3251 -1150.0000000000
3261 -1149.0000000000
3276 -1148.0000000000
3290 -1147.0000000000
3292 -1146.0000000000
3299 -1145.0000000000
3310 -1144.0000000000
3315 -1143.0000000000
3316 -1142.0000000000
3320 -1139.0000000000
3335 -1138.0000000000
3337 -1137.0000000000
3342 -1136.0000000000
3343 -1135.0000000000
3344 -1134.0000000000
3345 -1133.0000000000
3359 -1132.0000000000
3380 -1131.0000000000
3392 -1130.0000000000
3398 -1129.0000000000
3400 -1128.0000000000
3408 -1127.0000000000
3409 -1126.0000000000
3413 -1125.0000000000
3414 -1124.0000000000
3416 -1123.0000000000
3417 -1122.0000000000
3419 -1121.0000000000
3428 -1120.0000000000
3430 -1119.0000000000
3431 -1118.0000000000
3449 -1117.0000000000
3460 -1116.0000000000
3465 -1115.0000000000
3480 -1114.0000000000
3486 -1113.0000000000
3487 -1112.0000000000
3496 -1111.0000000000
3503 -1110.0000000000
3514 -1109.0000000000
3534 -1108.0000000000
3545 -1107.0000000000
3547 -1106.0000000000
3557 -1105.0000000000
3561 -1104.0000000000
3562 -1103.0000000000
3566 -1102.0000000000
3576 -1101.0000000000
3584 -1099.0000000000
3589 -1098.0000000000
3592 -1097.0000000000
3594 -1096.0000000000
3599 -1095.0000000000
3600 -1094.0000000000
3605 -1092.0000000000
3608 -1091.0000000000
3614 -1090.0000000000
3627 -1089.0000000000
3628 -1088.0000000000
3633 -1087.0000000000
3645 -1086.0000000000
3652 -1084.0000000000
3662 -1082.0000000000
3663 -1081.0000000000
3666 -1080.0000000000
3671 -1079.0000000000
3672 -1078.0000000000
3673 -1077.0000000000
3684 -1076.0000000000
3701 -1074.0000000000
3732 -1073.0000000000
3743 -1072.0000000000
3746 -1071.0000000000
3747 -1070.0000000000
3753 -1068.0000000000
3760 -1067.0000000000
3768 -1065.0000000000
3770 -1064.0000000000
3789 -1063.0000000000
3794 -1062.0000000000
3796 -1060.0000000000
3802 -1059.0000000000
3803 -1058.0000000000
3817 -1056.0000000000
3824 -1055.0000000000
3831 -1054.0000000000
3832 -1053.0000000000
3859 -1052.0000000000
3864 -1051.0000000000
3869 -1050.0000000000
3877 -1049.0000000000
3878 -1048.0000000000
3893 -1047.0000000000
3904 -1046.0000000000
3925 -1045.0000000000
3938 -1044.0000000000
3939 -1043.0000000000
3960 -1042.0000000000
3970 -1041.0000000000
3996 -1040.0000000000
3997 -1038.0000000000
4013 -1037.0000000000
4021 -1036.0000000000
4030 -1035.0000000000
4046 -1034.0000000000
4051 -1033.0000000000
4054 -1032.0000000000
4061 -1031.0000000000
4074 -1030.0000000000
4078 -1029.0000000000
4080 -1028.0000000000
4081 -1027.0000000000
4086 -1026.0000000000
4092 -1025.0000000000
4093 -1024.0000000000
4100 -1022.0000000000
4103 -1021.0000000000
4108 -1020.0000000000
4113 -1019.0000000000
4117 -1018.0000000000
4120 -1017.0000000000
4121 -1015.0000000000
4124 -1012.0000000000
4169 -1011.0000000000
4189 -1010.0000000000
4193 -1008.0000000000
4200 -1007.0000000000
4201 -1006.0000000000
4202 -1005.0000000000
4204 -1004.0000000000
4217 -1003.0000000000
4226 -1002.0000000000
4230 -1001.0000000000
4235 -1000.0000000000
4244 -999.0000000000
4252 -998.0000000000
4261 -997.0000000000
4266 -995.0000000000
4269 -994.0000000000
4271 -993.0000000000
4296 -992.0000000000
4303 -991.0000000000
4304 -989.0000000000
4313 -988.0000000000
4329 -986.0000000000
4336 -985.0000000000
4337 -984.0000000000
4342 -983.0000000000
4346 -982.0000000000
4347 -981.0000000000
4349 -980.0000000000
4354 -979.0000000000
4358 -978.0000000000
4362 -977.0000000000
4369 -975.0000000000
4372 -974.0000000000
4376 -973.0000000000
4380 -972.0000000000
4386 -970.0000000000
4416 -969.0000000000
4421 -967.0000000000
4422 -966.0000000000
4423 -965.0000000000
4426 -964.0000000000
4429 -963.0000000000
4430 -962.0000000000
4433 -961.0000000000
4457 -960.0000000000
4462 -959.0000000000
4464 -958.0000000000
4475 -957.0000000000
4478 -956.0000000000
4481 -955.0000000000
4505 -954.0000000000
4523 -953.0000000000
4525 -952.0000000000
4526 -951.0000000000
4534 -950.0000000000
4541 -949.0000000000
4547 -948.0000000000
4571 -947.0000000000
4576 -946.0000000000
4592 -945.0000000000
4594 -944.0000000000
4596 -943.0000000000
4610 -941.0000000000
4613 -940.0000000000
4614 -939.0000000000
4630 -937.0000000000
4631 -936.0000000000
4639 -935.0000000000
4641 -934.0000000000
4658 -933.0000000000
4661 -932.0000000000
4667 -930.0000000000
4673 -928.0000000000
4674 -927.0000000000
4681 -926.0000000000
4689 -925.0000000000
4699 -924.0000000000
4701 -922.0000000000
4713 -921.0000000000
4722 -920.0000000000
4741 -919.0000000000
4749 -918.0000000000
4757 -917.0000000000
4758 -916.0000000000
4762 -915.0000000000
4781 -914.0000000000
4796 -913.0000000000
4803 -912.0000000000
4822 -911.0000000000
4823 -910.0000000000
4841 -909.0000000000
4852 -908.0000000000
4857 -907.0000000000
4864 -906.0000000000
4866 -905.0000000000
4872 -904.0000000000
4882 -903.0000000000
4883 -902.0000000000
4892 -901.0000000000
4894 -900.0000000000
4909 -899.0000000000
4915 -898.0000000000
4917 -896.0000000000
4961 -895.0000000000
4964 -894.0000000000
4966 -893.0000000000
4980 -892.0000000000
4992 -891.0000000000
4996 -890.0000000000
5012 -889.0000000000
5025 -887.0000000000
5027 -886.0000000000
5029 -884.0000000000
5049 -883.0000000000
5050 -882.0000000000
5058 -881.0000000000
5061 -880.0000000000
5092 -879.0000000000
5097 -878.0000000000
5139 -877.0000000000
5141 -876.0000000000
5148 -875.0000000000
5163 -874.0000000000
5164 -873.0000000000
5215 -872.0000000000
5217 -871.0000000000
5221 -869.0000000000
5232 -868.0000000000
5241 -867.0000000000
5243 -865.0000000000
5278 -864.0000000000
5317 -863.0000000000
5338 -862.0000000000
5357 -861.0000000000
5372 -860.0000000000
5399 -859.0000000000
5407 -858.0000000000
5408 -856.0000000000
5409 -855.0000000000
5438 -854.0000000000
5440 -853.0000000000
5446 -852.0000000000
5450 -851.0000000000
5451 -850.0000000000
5453 -849.0000000000
5467 -848.0000000000
5477 -847.0000000000
5490 -846.0000000000
5514 -845.0000000000
5524 -844.0000000000
5537 -843.0000000000
5549 -842.0000000000
5566 -841.0000000000
5576 -840.0000000000
5587 -839.0000000000
5589 -837.0000000000
5590 -836.0000000000
5607 -835.0000000000
5613 -834.0000000000
5616 -833.0000000000
5647 -832.0000000000
5648 -831.0000000000
5649 -830.0000000000
5670 -829.0000000000
5679 -828.0000000000
5686 -827.0000000000
5695 -826.0000000000
5706 -825.0000000000
5707 -824.0000000000
5718 -823.0000000000
5720 -822.0000000000
5721 -821.0000000000
5723 -820.0000000000
5726 -819.0000000000
5730 -818.0000000000
5738 -817.0000000000
5757 -816.0000000000
5766 -815.0000000000
5792 -814.0000000000
5798 -813.0000000000
5809 -812.0000000000
5812 -811.0000000000
5821 -810.0000000000
5825 -809.0000000000
5826 -808.0000000000
5837 -806.0000000000
5848 -805.0000000000
5852 -804.0000000000
5887 -803.0000000000
5892 -802.0000000000
5894 -801.0000000000
5895 -800.0000000000
5912 -799.0000000000
5939 -798.0000000000
5952 -797.0000000000
5953 -796.0000000000
5968 -795.0000000000
5996 -794.0000000000
5997 -793.0000000000
6000 -792.0000000000
6002 -791.0000000000
6005 -790.0000000000
6007 -789.0000000000
6008 -788.0000000000
6011 -786.0000000000
6012 -785.0000000000
6014 -783.0000000000
6015 -782.0000000000
6019 -781.0000000000
6043 -780.0000000000
6056 -779.0000000000
6067 -778.0000000000
6069 -777.0000000000
6084 -776.0000000000
6103 -775.0000000000
6140 -774.0000000000
6147 -773.0000000000
6154 -772.0000000000
6163 -771.0000000000
6193 -770.0000000000
6195 -768.0000000000
6209 -767.0000000000
6210 -766.0000000000
6219 -765.0000000000
6226 -764.0000000000
6233 -763.0000000000
6241 -762.0000000000
6257 -760.0000000000
6291 -759.0000000000
6293 -758.0000000000
6300 -757.0000000000
6301 -756.0000000000
6310 -755.0000000000
6344 -754.0000000000
6353 -750.0000000000
6360 -749.0000000000
6365 -748.0000000000
6382 -747.0000000000
6387 -746.0000000000
6389 -745.0000000000
6398 -744.0000000000
6412 -743.0000000000
6419 -742.0000000000
6423 -741.0000000000
6438 -740.0000000000
6469 -739.0000000000
6484 -738.0000000000
6492 -737.0000000000
6527 -736.0000000000
6536 -735.0000000000
6550 -734.0000000000
6553 -733.0000000000
6558 -732.0000000000
6564 -731.0000000000
6583 -730.0000000000
6590 -728.0000000000
6591 -727.0000000000
6606 -726.0000000000
6607 -725.0000000000
6610 -724.0000000000
6616 -722.0000000000
6617 -721.0000000000
6632 -720.0000000000
6655 -719.0000000000
6663 -718.0000000000
6681 -717.0000000000
6701 -716.0000000000
6711 -715.0000000000
6714 -714.0000000000
6729 -713.0000000000
6732 -712.0000000000
6734 -711.0000000000
6745 -710.0000000000
6746 -709.0000000000
6762 -707.0000000000
6764 -705.0000000000
6772 -704.0000000000
6774 -703.0000000000
6784 -702.0000000000
6803 -701.0000000000
6830 -700.0000000000
6835 -699.0000000000
6888 -698.0000000000
6904 -697.0000000000
6912 -696.0000000000
6917 -695.0000000000
6918 -694.0000000000
6936 -693.0000000000
6943 -692.0000000000
6948 -691.0000000000
6960 -690.0000000000
6964 -689.0000000000
6971 -688.0000000000
6988 -687.0000000000
7029 -686.0000000000
7037 -684.0000000000
7054 -683.0000000000
7065 -682.0000000000
7088 -681.0000000000
7105 -680.0000000000
7117 -679.0000000000
7126 -678.0000000000
7149 -677.0000000000
7165 -676.0000000000
7171 -675.0000000000
7175 -672.0000000000
7179 -671.0000000000
7195 -670.0000000000
7207 -669.0000000000
7215 -668.0000000000
7225 -667.0000000000
7232 -666.0000000000
7306 -665.0000000000
7327 -663.0000000000
7365 -662.0000000000
7369 -661.0000000000
7370 -660.0000000000
7390 -659.0000000000
7414 -658.0000000000
7426 -657.0000000000
7432 -656.0000000000
7459 -654.0000000000
7471 -653.0000000000
7482 -652.0000000000
7491 -651.0000000000
7493 -650.0000000000
7499 -649.0000000000
7500 -648.0000000000
7525 -647.0000000000
7526 -646.0000000000
7561 -645.0000000000
7574 -644.0000000000
7576 -643.0000000000
7582 -642.0000000000
7605 -641.0000000000
7608 -640.0000000000
7627 -639.0000000000
7648 -638.0000000000
7661 -637.0000000000
7680 -636.0000000000
7689 -635.0000000000
7696 -634.0000000000
7703 -633.0000000000
7717 -632.0000000000
7718 -631.0000000000
7765 -630.0000000000
7771 -629.0000000000
7777 -628.0000000000
7793 -627.0000000000
7819 -626.0000000000
7828 -625.0000000000
7837 -624.0000000000
7839 -623.0000000000
7854 -622.0000000000
7876 -621.0000000000
7880 -620.0000000000
7886 -619.0000000000
7920 -618.0000000000
7927 -616.0000000000
7935 -615.0000000000
7958 -614.0000000000
7970 -613.0000000000
7988 -612.0000000000
8012 -610.0000000000
8014 -609.0000000000
8035 -608.0000000000
8059 -607.0000000000
8062 -606.0000000000
8067 -605.0000000000
8072 -604.0000000000
8083 -603.0000000000
8088 -602.0000000000
8096 -601.0000000000
8102 -599.0000000000
8112 -598.0000000000
8115 -596.0000000000
8128 -595.0000000000
8137 -594.0000000000
8158 -593.0000000000
8163 -592.0000000000
8173 -591.0000000000
8185 -590.0000000000
8191 -589.0000000000
8198 -588.0000000000
8214 -587.0000000000
8215 -585.0000000000
8253 -584.0000000000
8257 -583.0000000000
8276 -582.0000000000
8283 -581.0000000000
8359 -580.0000000000
8362 -579.0000000000
8374 -578.0000000000
8384 -577.0000000000
8389 -576.0000000000
8397 -575.0000000000
8402 -574.0000000000
8416 -573.0000000000
8424 -572.0000000000
8435 -570.0000000000
8439 -569.0000000000
8450 -568.0000000000
8492 -566.0000000000
8503 -565.0000000000
8514 -564.0000000000
8516 -563.0000000000
8548 -562.0000000000
8554 -561.0000000000
8555 -560.0000000000
8583 -559.0000000000
8594 -558.0000000000
8595 -557.0000000000
8600 -556.0000000000
8608 -555.0000000000
8658 -554.0000000000
8669 -553.0000000000
8690 -552.0000000000
8698 -551.0000000000
8717 -550.0000000000
8732 -549.0000000000
8747 -548.0000000000
8750 -547.0000000000
8766 -546.0000000000
8797 -545.0000000000
8802 -544.0000000000
8808 -543.0000000000
8814 -542.0000000000
8819 -541.0000000000
8830 -540.0000000000
8833 -539.0000000000
8846 -538.0000000000
8852 -537.0000000000
8894 -536.0000000000
8910 -535.0000000000
8917 -534.0000000000
8918 -533.0000000000
8934 -532.0000000000
8948 -531.0000000000
8998 -530.0000000000
9005 -529.0000000000
9007 -528.0000000000
9014 -527.0000000000
9050 -526.0000000000
9096 -525.0000000000
9156 -524.0000000000
9158 -523.0000000000
9188 -522.0000000000
9196 -521.0000000000
9215 -520.0000000000
9239 -519.0000000000
9285 -518.0000000000
9308 -517.0000000000
9333 -516.0000000000
9341 -515.0000000000
9347 -513.0000000000
9349 -512.0000000000
9357 -510.0000000000
9358 -509.0000000000
9361 -508.0000000000
9373 -507.0000000000
9374 -505.0000000000
9387 -504.0000000000
9436 -503.0000000000
9438 -502.0000000000
9458 -500.0000000000
9464 -499.0000000000
9491 -498.0000000000
9505 -497.0000000000
9519 -496.0000000000
9522 -493.0000000000
9525 -492.0000000000
9581 -491.0000000000
9612 -490.0000000000
9631 -489.0000000000
9658 -488.0000000000
9663 -487.0000000000
9671 -486.0000000000
9673 -485.0000000000
9692 -484.0000000000
9701 -483.0000000000
9722 -482.0000000000
9723 -481.0000000000
9739 -480.0000000000
9741 -479.0000000000
9779 -478.0000000000
9787 -477.0000000000
9798 -476.0000000000
9837 -475.0000000000
9838 -474.0000000000
9842 -473.0000000000
9899 -472.0000000000
9944 -470.0000000000
9951 -469.0000000000
9953 -468.0000000000
9972 -467.0000000000
10000 -467.0000000000
evaluations raw_y
1 -1908.0000000000
4 -1906.0000000000
5 -1905.0000000000
11 -1904.0000000000
17 -1903.0000000000
27 -1902.0000000000
28 -1901.0000000000
32 -1900.0000000000
49 -1899.0000000000
55 -1898.0000000000
56 -1897.0000000000
60 -1896.0000000000
66 -1894.0000000000
68 -1893.0000000000
69 -1891.0000000000
74 -1890.0000000000
76 -1889.0000000000
93 -1888.0000000000
98 -1887.0000000000
103 -1886.0000000000
111 -1885.0000000000
112 -1884.0000000000
117 -1883.0000000000
120 -1882.0000000000
122 -1881.0000000000
123 -1880.0000000000
135 -1879.0000000000
139 -1878.0000000000
141 -1877.0000000000
142 -1876.0000000000
148 -1875.0000000000
149 -1874.0000000000
154 -1873.0000000000
157 -1872.0000000000
158 -1871.0000000000
160 -1870.0000000000
162 -1869.0000000000
163 -1868.0000000000
165 -1866.0000000000
166 -1865.0000000000
169 -1864.0000000000
170 -1863.0000000000
173 -1862.0000000000
176 -1861.0000000000
187 -1860.0000000000
188 -1859.0000000000
190 -1857.0000000000
191 -1854.0000000000
197 -1852.0000000000
200 -1851.0000000000
201 -1850.0000000000
204 -1849.0000000000
206 -1848.0000000000
207 -1847.0000000000
208 -1846.0000000000
209 -1845.0000000000
213 -1844.0000000000
214 -1842.0000000000
225 -1841.0000000000
226 -1840.0000000000
228 -1838.0000000000
235 -1837.0000000000
240 -1836.0000000000
241 -1835.0000000000
243 -1834.0000000000
252 -1833.0000000000
256 -1832.0000000000
257 -1831.0000000000
264 -1830.0000000000
266 -1829.0000000000
269 -1828.0000000000
275 -1827.0000000000
277 -1826.0000000000
278 -1824.0000000000
281 -1823.0000000000
286 -1821.0000000000
287 -1820.0000000000
294 -1818.0000000000
301 -1817.0000000000
302 -1816.0000000000
306 -1815.0000000000
313 -1813.0000000000
314 -1812.0000000000
315 -1811.0000000000
322 -1810.0000000000
327 -1809.0000000000
342 -1808.0000000000
353 -1807.0000000000
355 -1806.0000000000
359 -1804.0000000000
362 -1802.0000000000
364 -1800.0000000000
366 -1799.0000000000
373 -1798.0000000000
376 -1797.0000000000
382 -1795.0000000000
386 -1794.0000000000
387 -1793.0000000000
389 -1792.0000000000
394 -1791.0000000000
396 -1790.0000000000
397 -1789.0000000000
398 -1788.0000000000
405 -1787.0000000000
408 -1785.0000000000
410 -1783.0000000000
416 -1782.0000000000
422 -1781.0000000000
428 -1780.0000000000
429 -1779.0000000000
430 -1778.0000000000
431 -1777.0000000000
432 -1776.0000000000
436 -1775.0000000000
437 -1774.0000000000
443 -1773.0000000000
451 -1772.0000000000
453 -1771.0000000000
458 -1770.0000000000
466 -1769.0000000000
471 -1767.0000000000
477 -1766.0000000000
480 -1765.0000000000
484 -1764.0000000000
489 -1763.0000000000
490 -1762.0000000000
495 -1761.0000000000
502 -1760.0000000000
512 -1758.0000000000
515 -1757.0000000000
517 -1756.0000000000
525 -1753.0000000000
530 -1752.0000000000
533 -1750.0000000000
536 -1749.0000000000
537 -1748.0000000000
538 -1747.0000000000
539 -1745.0000000000
542 -1744.0000000000
543 -1742.0000000000
547 -1741.0000000000
555 -1740.0000000000
560 -1738.0000000000
563 -1737.0000000000
569 -1735.0000000000
583 -1734.0000000000
585 -1733.0000000000
590 -1732.0000000000
593 -1731.0000000000
610 -1729.0000000000
615 -1728.0000000000
619 -1727.0000000000
624 -1726.0000000000
625 -1725.0000000000
626 -1724.0000000000
631 -1723.0000000000
632 -1722.0000000000
637 -1721.0000000000
641 -1719.0000000000
642 -1718.0000000000
644 -1717.0000000000
647 -1716.0000000000
648 -1715.0000000000
649 -1714.0000000000
653 -1713.0000000000
656 -1712.0000000000
667 -1711.0000000000
669 -1709.0000000000
671 -1707.0000000000
678 -1706.0000000000
679 -1705.0000000000
681 -1704.0000000000
685 -1703.0000000000
689 -1701.0000000000
696 -1700.0000000000
704 -1699.0000000000
715 -1698.0000000000
719 -1697.0000000000
724 -1696.0000000000
727 -1695.0000000000
729 -1694.0000000000
731 -1693.0000000000
735 -1692.0000000000
737 -1691.0000000000
739 -1689.0000000000
740 -1687.0000000000
741 -1684.0000000000
758 -1683.0000000000
767 -1680.0000000000
771 -1679.0000000000
779 -1678.0000000000
784 -1676.0000000000
785 -1675.0000000000
792 -1674.0000000000
793 -1673.0000000000
795 -1672.0000000000
798 -1671.0000000000
799 -1670.0000000000
807 -1669.0000000000
809 -1667.0000000000
810 -1666.0000000000
813 -1664.0000000000
814 -1662.0000000000
817 -1661.0000000000
820 -1658.0000000000
823 -1657.0000000000
824 -1656.0000000000
851 -1655.0000000000
859 -1654.0000000000
860 -1653.0000000000
863 -1652.0000000000
882 -1651.0000000000
885 -1650.0000000000
892 -1649.0000000000
898 -1648.0000000000
899 -1647.0000000000
906 -1646.0000000000
913 -1645.0000000000
918 -1643.0000000000
921 -1642.0000000000
929 -1641.0000000000
950 -1640.0000000000
951 -1638.0000000000
952 -1637.0000000000
955 -1636.0000000000
957 -1634.0000000000
972 -1633.0000000000
974 -1631.0000000000
975 -1630.0000000000
977 -1629.0000000000
979 -1628.0000000000
981 -1627.0000000000
982 -1625.0000000000
1001 -1624.0000000000
1005 -1622.0000000000
1010 -1621.0000000000
1015 -1617.0000000000
1016 -1616.0000000000
1017 -1615.0000000000
1019 -1614.0000000000
1020 -1613.0000000000
1022 -1611.0000000000
1028 -1610.0000000000
1030 -1609.0000000000
1035 -1608.0000000000
1037 -1607.0000000000
1039 -1606.0000000000
1044 -1605.0000000000
1045 -1604.0000000000
1051 -1603.0000000000
1058 -1602.0000000000
1067 -1601.0000000000
1080 -1600.0000000000
1082 -1599.0000000000
1095 -1598.0000000000
1100 -1596.0000000000
1104 -1595.0000000000
1107 -1593.0000000000
1113 -1591.0000000000
1115 -1588.0000000000
1117 -1587.0000000000
1124 -1586.0000000000
1129 -1585.0000000000
1135 -1584.0000000000
1136 -1583.0000000000
1155 -1582.0000000000
1156 -1581.0000000000
1158 -1580.0000000000
1159 -1579.0000000000
1174 -1578.0000000000
1180 -1575.0000000000
1184 -1574.0000000000
1189 -1573.0000000000
1190 -1572.0000000000
1196 -1571.0000000000
1198 -1569.0000000000
1200 -1568.0000000000
1202 -1567.0000000000
1215 -1566.0000000000
1222 -1564.0000000000
1229 -1563.0000000000
1234 -1562.0000000000
1239 -1561.0000000000
1244 -1560.0000000000
1248 -1559.0000000000
1249 -1558.0000000000
1255 -1556.0000000000
1263 -1554.0000000000
1264 -1553.0000000000
1266 -1552.0000000000
1277 -1551.0000000000
1282 -1549.0000000000
1286 -1548.0000000000
1309 -1546.0000000000
1314 -1545.0000000000
1315 -1544.0000000000
1316 -1543.0000000000
1320 -1542.0000000000
1325 -1541.0000000000
1328 -1540.0000000000
1331 -1537.0000000000
1334 -1536.0000000000
1344 -1535.0000000000
1345 -1534.0000000000
1346 -1532.0000000000
1349 -1531.0000000000
1353 -1530.0000000000
1355 -1529.0000000000
1362 -1528.0000000000
1366 -1527.0000000000
1368 -1526.0000000000
1396 -1525.0000000000
1398 -1524.0000000000
1400 -1523.0000000000
1401 -1522.0000000000
1406 -1521.0000000000
1409 -1520.0000000000
1411 -1519.0000000000
1416 -1517.0000000000
1425 -1516.0000000000
1427 -1514.0000000000
1429 -1513.0000000000
1430 -1512.0000000000
1436 -1510.0000000000
1438 -1509.0000000000
1443 -1508.0000000000
1444 -1507.0000000000
1451 -1506.0000000000
1457 -1505.0000000000
1459 -1504.0000000000
1468 -1503.0000000000
1472 -1502.0000000000
1477 -1500.0000000000
1481 -1499.0000000000
1491 -1498.0000000000
1498 -1497.0000000000
1503 -1496.0000000000
1507 -1495.0000000000
1512 -1494.0000000000
1515 -1493.0000000000
1519 -1491.0000000000
1522 -1490.0000000000
1523 -1489.0000000000
1526 -1488.0000000000
1527 -1487.0000000000
1533 -1486.0000000000
1535 -1485.0000000000
1539 -1484.0000000000
1543 -1483.0000000000
1548 -1482.0000000000
1555 -1481.0000000000
1557 -1480.0000000000
1559 -1479.0000000000
1560 -1478.0000000000
1565 -1477.0000000000
1572 -1476.0000000000
1575 -1475.0000000000
1581 -1474.0000000000
1587 -1473.0000000000
1595 -1472.0000000000
1596 -1471.0000000000
1597 -1469.0000000000
1602 -1468.0000000000
1609 -1467.0000000000
1617 -1466.0000000000
1621 -1465.0000000000
1628 -1463.0000000000
1642 -1462.0000000000
1650 -1460.0000000000
1651 -1459.0000000000
1663 -1458.0000000000
1670 -1457.0000000000
1672 -1456.0000000000
1675 -1455.0000000000
1676 -1454.0000000000
1682 -1453.0000000000
1684 -1452.0000000000
1695 -1451.0000000000
1701 -1450.0000000000
1716 -1449.0000000000
1728 -1448.0000000000
1732 -1447.0000000000
1738 -1446.0000000000
1752 -1445.0000000000
1765 -1444.0000000000
1768 -1443.0000000000
1773 -1442.0000000000
1776 -1441.0000000000
1779 -1440.0000000000
1783 -1439.0000000000
1787 -1438.0000000000
1801 -1437.0000000000
1802 -1436.0000000000
1805 -1435.0000000000
1806 -1434.0000000000
1810 -1432.0000000000
1813 -1431.0000000000
1816 -1430.0000000000
1822 -1429.0000000000
1829 -1428.0000000000
1831 -1427.0000000000
1841 -1426.0000000000
1848 -1425.0000000000
1849 -1424.0000000000
1854 -1423.0000000000
1855 -1422.0000000000
1856 -1421.0000000000
1860 -1420.0000000000
1861 -1419.0000000000
1878 -1418.0000000000
1881 -1417.0000000000
1912 -1416.0000000000
1924 -1415.0000000000
1938 -1414.0000000000
1939 -1412.0000000000
1946 -1410.0000000000
1947 -1409.0000000000
1959 -1408.0000000000
1961 -1407.0000000000
1962 -1406.0000000000
1964 -1405.0000000000
1965 -1403.0000000000
1977 -1401.0000000000
1987 -1400.0000000000
1989 -1399.0000000000
1993 -1398.0000000000
2002 -1396.0000000000
2006 -1395.0000000000
2009 -1394.0000000000
2018 -1392.0000000000
2021 -1391.0000000000
2022 -1390.0000000000
2023 -1388.0000000000
2025 -1387.0000000000
2030 -1385.0000000000
2035 -1383.0000000000
2038 -1382.0000000000
2049 -1381.0000000000
2056 -1380.0000000000
2057 -1379.0000000000
2060 -1378.0000000000
2062 -1377.0000000000
2063 -1376.0000000000
2074 -1375.0000000000
2081 -1374.0000000000
2083 -1373.0000000000
2090 -1372.0000000000
2091 -1371.0000000000
2092 -1370.0000000000
2099 -1369.0000000000
2100 -1367.0000000000
2102 -1365.0000000000
2105 -1364.0000000000
2106 -1363.0000000000
2108 -1361.0000000000
2116 -1360.0000000000
2137 -1359.0000000000
2143 -1358.0000000000
2157 -1357.0000000000
2158 -1356.0000000000
2160 -1355.0000000000
2162 -1354.0000000000
2163 -1353.0000000000
2164 -1351.0000000000
2165 -1349.0000000000
2173 -1348.0000000000
2175 -1347.0000000000
2203 -1346.0000000000
2204 -1345.0000000000
2205 -1344.0000000000
2206 -1343.0000000000
2221 -1341.0000000000
2227 -1340.0000000000
2234 -1339.0000000000
2261 -1338.0000000000
2264 -1337.0000000000
2274 -1335.0000000000
2287 -1334.0000000000
2288 -1333.0000000000
2293 -1332.0000000000
2294 -1331.0000000000
2300 -1330.0000000000
2307 -1329.0000000000
2308 -1327.0000000000
2315 -1326.0000000000
2322 -1325.0000000000
2323 -1324.0000000000
2331 -1323.0000000000
2335 -1321.0000000000
2337 -1320.0000000000
2339 -1319.0000000000
2346 -1318.0000000000
2348 -1317.0000000000
2351 -1315.0000000000
2352 -1314.0000000000
2376 -1313.0000000000
2377 -1312.0000000000
2380 -1311.0000000000
2389 -1310.0000000000
2405 -1309.0000000000
2407 -1308.0000000000
2423 -1307.0000000000
2427 -1306.0000000000
2441 -1304.0000000000
2446 -1303.0000000000
2448 -1302.0000000000
2450 -1301.0000000000
2457 -1300.0000000000
2470 -1298.0000000000
2478 -1297.0000000000
2481 -1296.0000000000
2484 -1295.0000000000
2486 -1293.0000000000
2488 -1292.0000000000
2490 -1291.0000000000
2495 -1290.0000000000
2498 -1289.0000000000
2505 -1288.0000000000
2506 -1287.0000000000
2510 -1286.0000000000
2515 -1285.0000000000
2520 -1284.0000000000
2523 -1282.0000000000
2524 -1281.0000000000
2538 -1279.0000000000
2552 -1278.0000000000
2553 -1277.0000000000
2556 -1276.0000000000
2560 -1275.0000000000
2565 -1274.0000000000
2572 -1273.0000000000
2576 -1272.0000000000
2601 -1271.0000000000
2604 -1270.0000000000
2608 -1269.0000000000
2609 -1268.0000000000
2613 -1267.0000000000
2618 -1266.0000000000
2621 -1265.0000000000
2622 -1263.0000000000
2627 -1262.0000000000
2629 -1261.0000000000
2642 -1260.0000000000
2649 -1259.0000000000
2651 -1258.0000000000
2656 -1257.0000000000
2672 -1256.0000000000
2680 -1255.0000000000
2683 -1254.0000000000
2686 -1252.0000000000
2687 -1251.0000000000
2695 -1250.0000000000
2697 -1248.0000000000
2698 -1247.0000000000
2700 -1245.0000000000
2704 -1244.0000000000
2710 -1243.0000000000
2729 -1242.0000000000
2731 -1241.0000000000
2732 -1240.0000000000
2738 -1239.0000000000
2750 -1238.0000000000
2751 -1237.0000000000
2761 -1236.0000000000
2766 -1233.0000000000
2767 -1232.0000000000
2769 -1231.0000000000
2772 -1230.0000000000
2776 -1229.0000000000
2786 -1228.0000000000
2787 -1227.0000000000
2792 -1226.0000000000
2805 -1225.0000000000
2806 -1224.0000000000
2811 -1223.0000000000
2815 -1222.0000000000
2817 -1221.0000000000
2831 -1220.0000000000
2835 -1219.0000000000
2836 -1217.0000000000
2842 -1216.0000000000
2843 -1215.0000000000
2857 -1213.0000000000
2860 -1211.0000000000
2878 -1208.0000000000
2886 -1207.0000000000
2903 -1206.0000000000
2906 -1205.0000000000
2915 -1204.0000000000
2922 -1202.0000000000
2926 -1201.0000000000
2931 -1200.0000000000
2944 -1199.0000000000
2948 -1198.0000000000
2951 -1197.0000000000
2963 -1196.0000000000
2973 -1195.0000000000
2983 -1193.0000000000
2986 -1192.0000000000
2990 -1191.0000000000
2992 -1189.0000000000
2996 -1187.0000000000
3004 -1186.0000000000
3017 -1185.0000000000
3020 -1184.0000000000
3030 -1183.0000000000
3031 -1182.0000000000
3032 -1181.0000000000
3033 -1180.0000000000
3045 -1179.0000000000
3046 -1178.0000000000
3047 -1177.0000000000
3048 -1176.0000000000
3049 -1175.0000000000
3051 -1174.0000000000
3052 -1173.0000000000
3060 -1171.0000000000
3068 -1170.0000000000
3082 -1169.0000000000
3085 -1168.0000000000
3092 -1167.0000000000
3096 -1166.0000000000
3099 -1164.0000000000
3107 -1163.0000000000
3115 -1162.0000000000
3132 -1161.0000000000
3134 -1160.0000000000
3147 -1158.0000000000
3156 -1157.0000000000
3159 -1156.0000000000
3161 -1155.0000000000
3162 -1154.0000000000
3164 -1152.0000000000
3165 -1151.0000000000
3170 -1150.0000000000
3173 -1149.0000000000
3179 -1148.0000000000
3193 -1147.0000000000
3227 -1146.0000000000
3234 -1145.0000000000
3248 -1143.0000000000
3255 -1142.0000000000
3257 -1141.0000000000
3258 -1139.0000000000
3261 -1138.0000000000
3262 -1137.0000000000
3274 -1136.0000000000
3277 -1135.0000000000
3281 -1134.0000000000
3282 -1133.0000000000
3305 -1132.0000000000
3309 -1131.0000000000
3316 -1129.0000000000
3324 -1128.0000000000
3327 -1127.0000000000
3331 -1125.0000000000
3334 -1124.0000000000
3336 -1123.0000000000
3339 -1121.0000000000
3353 -1119.0000000000
3355 -1118.0000000000
3380 -1117.0000000000
3407 -1115.0000000000
3409 -1114.0000000000
3449 -1113.0000000000
3450 -1112.0000000000
3462 -1110.0000000000
3475 -1109.0000000000
3479 -1108.0000000000
3485 -1107.0000000000
3503 -1106.0000000000
3510 -1105.0000000000
3522 -1104.0000000000
3524 -1103.0000000000
3529 -1102.0000000000
3542 -1101.0000000000
3545 -1100.0000000000
3557 -1099.0000000000
3564 -1098.0000000000
3569 -1097.0000000000
3571 -1096.0000000000
3586 -1095.0000000000
3599 -1094.0000000000
3602 -1093.0000000000
3606 -1092.0000000000
3614 -1090.0000000000
3624 -1089.0000000000
3625 -1088.0000000000
3639 -1087.0000000000
3648 -1086.0000000000
3657 -1085.0000000000
3662 -1084.0000000000
3669 -1081.0000000000
3676 -1080.0000000000
3681 -1079.0000000000
3683 -1078.0000000000
3690 -1076.0000000000
3692 -1075.0000000000
3711 -1074.0000000000
3713 -1073.0000000000
3720 -1071.0000000000
3730 -1070.0000000000
3731 -1068.0000000000
3734 -1067.0000000000
3744 -1066.0000000000
3749 -1064.0000000000
3759 -1062.0000000000
3762 -1061.0000000000
3769 -1060.0000000000
3776 -1059.0000000000
3785 -1058.0000000000
3788 -1056.0000000000
3795 -1054.0000000000
3803 -1053.0000000000
3813 -1052.0000000000
3822 -1051.0000000000
3833 -1050.0000000000
3841 -1049.0000000000
3852 -1048.0000000000
3884 -1047.0000000000
3886 -1046.0000000000
3890 -1044.0000000000
3892 -1043.0000000000
3897 -1042.0000000000
3905 -1041.0000000000
3915 -1040.0000000000
3918 -1039.0000000000
3919 -1038.0000000000
3920 -1037.0000000000
3930 -1036.0000000000
3938 -1035.0000000000
3963 -1034.0000000000
3964 -1033.0000000000
3970 -1032.0000000000
3979 -1031.0000000000
3981 -1030.0000000000
3997 -1029.0000000000
4011 -1028.0000000000
4034 -1027.0000000000
4057 -1026.0000000000
4065 -1025.0000000000
4067 -1024.0000000000
4068 -1023.0000000000
4074 -1022.0000000000
4075 -1021.0000000000
4081 -1020.0000000000
4096 -1019.0000000000
4097 -1017.0000000000
4100 -1016.0000000000
4115 -1015.0000000000
4119 -1014.0000000000
4122 -1013.0000000000
4129 -1012.0000000000
4141 -1011.0000000000
4150 -1010.0000000000
4178 -1009.0000000000
4179 -1008.0000000000
4188 -1007.0000000000
4204 -1006.0000000000
4212 -1005.0000000000
4219 -1004.0000000000
4221 -1003.0000000000
4229 -1002.0000000000
4239 -1001.0000000000
4248 -1000.0000000000
4257 -998.0000000000
4259 -997.0000000000
4261 -996.0000000000
4268 -995.0000000000
4274 -994.0000000000
4295 -993.0000000000
4301 -992.0000000000
4307 -990.0000000000
4323 -989.0000000000
4326 -988.0000000000
4328 -987.0000000000
4332 -986.0000000000
4334 -985.0000000000
4339 -984.0000000000
4340 -983.0000000000
4341 -982.0000000000
4342 -981.0000000000
4350 -980.0000000000
4353 -979.0000000000
4361 -978.0000000000
4364 -977.0000000000
4369 -976.0000000000
4375 -975.0000000000
4379 -974.0000000000
4381 -973.0000000000
4382 -972.0000000000
4387 -971.0000000000
4392 -970.0000000000
4393 -969.0000000000
4408 -967.0000000000
4425 -966.0000000000
4431 -965.0000000000
4439 -963.0000000000
4443 -962.0000000000
4451 -961.0000000000
4459 -960.0000000000
4465 -959.0000000000
4466 -958.0000000000
4482 -957.0000000000
4483 -955.0000000000
4494 -953.0000000000
4496 -952.0000000000
4498 -951.0000000000
4500 -950.0000000000
4520 -949.0000000000
4535 -948.0000000000
4537 -947.0000000000
4541 -946.0000000000
4543 -945.0000000000
4560 -944.0000000000
4568 -942.0000000000
4574 -941.0000000000
4581 -940.0000000000
4592 -938.0000000000
4596 -937.0000000000
4609 -936.0000000000
4614 -935.0000000000
4615 -934.0000000000
4630 -933.0000000000
4633 -932.0000000000
4642 -931.0000000000
4652 -930.0000000000
4657 -929.0000000000
4673 -928.0000000000
4676 -926.0000000000
4678 -924.0000000000
4681 -922.0000000000
4714 -921.0000000000
4719 -920.0000000000
4728 -919.0000000000
4729 -918.0000000000
4736 -916.0000000000
4739 -915.0000000000
4748 -914.0000000000
4753 -913.0000000000
4756 -911.0000000000
4781 -909.0000000000
4795 -908.0000000000
4796 -907.0000000000
4799 -906.0000000000
4808 -905.0000000000
4818 -904.0000000000
4830 -903.0000000000
4835 -902.0000000000
4836 -901.0000000000
4843 -900.0000000000
4853 -899.0000000000
4859 -898.0000000000
4861 -897.0000000000
4867 -896.0000000000
4874 -895.0000000000
4896 -894.0000000000
4903 -893.0000000000
4920 -892.0000000000
4921 -891.0000000000
4936 -890.0000000000
4940 -889.0000000000
4954 -888.0000000000
4955 -887.0000000000
4965 -886.0000000000
4981 -885.0000000000
4984 -883.0000000000
4990 -882.0000000000
4991 -881.0000000000
5013 -880.0000000000
5022 -879.0000000000
5025 -878.0000000000
5036 -877.0000000000
5062 -876.0000000000
5070 -875.0000000000
5075 -874.0000000000
5077 -873.0000000000
5082 -872.0000000000
5093 -871.0000000000
5107 -870.0000000000
5126 -868.0000000000
5135 -867.0000000000
5142 -865.0000000000
5148 -864.0000000000
5164 -863.0000000000
5178 -862.0000000000
5184 -861.0000000000
5194 -860.0000000000
5195 -859.0000000000
5207 -858.0000000000
5210 -857.0000000000
5220 -856.0000000000
5241 -855.0000000000
5247 -854.0000000000
5250 -853.0000000000
5258 -851.0000000000
5265 -850.0000000000
5266 -849.0000000000
5270 -848.0000000000
5277 -847.0000000000
5278 -846.0000000000
5290 -845.0000000000
5295 -844.0000000000
5299 -843.0000000000
5306 -842.0000000000
5322 -841.0000000000
5325 -840.0000000000
5331 -839.0000000000
5332 -838.0000000000
5353 -837.0000000000
5362 -836.0000000000
5370 -835.0000000000
5372 -834.0000000000
5382 -833.0000000000
5386 -832.0000000000
5396 -831.0000000000
5400 -830.0000000000
5402 -829.0000000000
5413 -828.0000000000
5414 -827.0000000000
5425 -826.0000000000
5437 -825.0000000000
5439 -824.0000000000
5445 -823.0000000000
5452 -822.0000000000
5480 -821.0000000000
5484 -820.0000000000
5486 -819.0000000000
5501 -818.0000000000
5506 -816.0000000000
5515 -815.0000000000
5519 -814.0000000000
5523 -812.0000000000
5526 -811.0000000000
5539 -810.0000000000
5542 -808.0000000000
5544 -807.0000000000
5545 -806.0000000000
5549 -804.0000000000
5552 -803.0000000000
5555 -801.0000000000
5559 -800.0000000000
5560 -799.0000000000
5562 -798.0000000000
5565 -797.0000000000
5567 -796.0000000000
5573 -795.0000000000
5577 -794.0000000000
5578 -793.0000000000
5581 -792.0000000000
5585 -791.0000000000
5605 -790.0000000000
5606 -789.0000000000
5625 -788.0000000000
5628 -787.0000000000
5636 -786.0000000000
5668 -784.0000000000
5671 -783.0000000000
5674 -782.0000000000
5678 -780.0000000000
5681 -779.0000000000
5687 -778.0000000000
5689 -777.0000000000
5697 -776.0000000000
5700 -774.0000000000
5708 -773.0000000000
5716 -772.0000000000
5734 -771.0000000000
5749 -770.0000000000
5760 -768.0000000000
5770 -767.0000000000
5782 -765.0000000000
5796 -764.0000000000
5800 -763.0000000000
5811 -762.0000000000
5857 -761.0000000000
5869 -760.0000000000
5895 -759.0000000000
5903 -758.0000000000
5906 -757.0000000000
5909 -756.0000000000
5928 -755.0000000000
5932 -754.0000000000
5943 -753.0000000000
5955 -752.0000000000
5958 -751.0000000000
5982 -750.0000000000
6000 -749.0000000000
6012 -748.0000000000
6014 -747.0000000000
6032 -744.0000000000
6108 -743.0000000000
6122 -742.0000000000
6126 -741.0000000000
6130 -740.0000000000
6143 -739.0000000000
6146 -738.0000000000
6160 -737.0000000000
6180 -736.0000000000
6207 -735.0000000000
6216 -734.0000000000
6219 -733.0000000000
6251 -732.0000000000
6273 -731.0000000000
6274 -730.0000000000
6286 -729.0000000000
6291 -728.0000000000
6318 -727.0000000000
6320 -726.0000000000
6327 -725.0000000000
6350 -724.0000000000
6353 -723.0000000000
6376 -722.0000000000
6419 -721.0000000000
6425 -720.0000000000
6427 -719.0000000000
6459 -718.0000000000
6479 -717.0000000000
6483 -716.0000000000
6486 -715.0000000000
6492 -714.0000000000
6510 -713.0000000000
6534 -712.0000000000
6543 -710.0000000000
6545 -709.0000000000
6547 -707.0000000000
6555 -706.0000000000
6562 -705.0000000000
6576 -703.0000000000
6583 -702.0000000000
6602 -701.0000000000
6611 -699.0000000000
6614 -698.0000000000
6617 -697.0000000000
6621 -696.0000000000
6629 -695.0000000000
6645 -694.0000000000
6676 -692.0000000000
6681 -691.0000000000
6684 -690.0000000000
6700 -689.0000000000
6708 -687.0000000000
6715 -686.0000000000
6730 -684.0000000000
6744 -683.0000000000
6765 -682.0000000000
6780 -681.0000000000
6797 -680.0000000000
6800 -679.0000000000
6822 -678.0000000000
6832 -676.0000000000
6837 -675.0000000000
6849 -674.0000000000
6865 -673.0000000000
6877 -672.0000000000
6888 -671.0000000000
6893 -670.0000000000
6899 -669.0000000000
6919 -668.0000000000
6939 -667.0000000000
6943 -666.0000000000
6949 -665.0000000000
6974 -664.0000000000
6995 -663.0000000000
7010 -662.0000000000
7020 -661.0000000000
7023 -660.0000000000
7025 -659.0000000000
7030 -658.0000000000
7039 -657.0000000000
7044 -656.0000000000
7051 -655.0000000000
7058 -654.0000000000
7076 -653.0000000000
7083 -652.0000000000
7090 -651.0000000000
7103 -650.0000000000
7109 -649.0000000000
7131 -648.0000000000
7144 -647.0000000000
7146 -646.0000000000
7148 -645.0000000000
7183 -644.0000000000
7190 -643.0000000000
7236 -642.0000000000
7258 -641.0000000000
7271 -640.0000000000
7280 -639.0000000000
7285 -638.0000000000
7288 -637.0000000000
7292 -636.0000000000
7303 -635.0000000000
7306 -634.0000000000
7337 -633.0000000000
7357 -632.0000000000
7369 -631.0000000000
7384 -630.0000000000
7393 -629.0000000000
7394 -628.0000000000
7400 -627.0000000000
7406 -626.0000000000
7413 -625.0000000000
7419 -624.0000000000
7422 -623.0000000000
7434 -622.0000000000
7447 -621.0000000000
7451 -620.0000000000
7472 -619.0000000000
7486 -618.0000000000
7503 -616.0000000000
7507 -615.0000000000
7514 -614.0000000000
7519 -613.0000000000
7533 -612.0000000000
7546 -611.0000000000
7555 -610.0000000000
7565 -609.0000000000
7573 -608.0000000000
7584 -607.0000000000
7586 -606.0000000000
7588 -605.0000000000
7593 -604.0000000000
7608 -603.0000000000
7624 -602.0000000000
7668 -601.0000000000
7672 -600.0000000000
7686 -599.0000000000
7696 -598.0000000000
7697 -597.0000000000
7699 -596.0000000000
7707 -595.0000000000
7735 -594.0000000000
7755 -593.0000000000
7762 -592.0000000000
7768 -591.0000000000
7775 -590.0000000000
7778 -589.0000000000
7793 -588.0000000000
7816 -587.0000000000
7891 -586.0000000000
7911 -585.0000000000
7926 -584.0000000000
7933 -583.0000000000
7952 -582.0000000000
7958 -581.0000000000
8017 -580.0000000000
8018 -578.0000000000
8019 -577.0000000000
8028 -576.0000000000
8039 -575.0000000000
8040 -574.0000000000
8049 -573.0000000000
8057 -572.0000000000
8061 -571.0000000000
8065 -570.0000000000
8071 -569.0000000000
8077 -568.0000000000
8082 -567.0000000000
8094 -566.0000000000
8131 -564.0000000000
8155 -563.0000000000
8163 -562.0000000000
8203 -561.0000000000
8209 -560.0000000000
8219 -559.0000000000
8244 -558.0000000000
8266 -557.0000000000
8272 -556.0000000000
8275 -555.0000000000
8283 -554.0000000000
8300 -553.0000000000
8312 -551.0000000000
8323 -550.0000000000
8329 -549.0000000000
8363 -548.0000000000
8408 -547.0000000000
8430 -546.0000000000
8451 -545.0000000000
8492 -544.0000000000
8496 -543.0000000000
8520 -542.0000000000
8531 -541.0000000000
8555 -540.0000000000
8580 -538.0000000000
8581 -536.0000000000
8596 -535.0000000000
8625 -534.0000000000
8634 -533.0000000000
8637 -532.0000000000
8644 -531.0000000000
8645 -530.0000000000
8651 -529.0000000000
8683 -528.0000000000
8710 -526.0000000000
8726 -525.0000000000
8746 -524.0000000000
8769 -523.0000000000
8793 -522.0000000000
8819 -521.0000000000
8829 -520.0000000000
8833 -519.0000000000
8844 -518.0000000000
8875 -517.0000000000
8878 -516.0000000000
8879 -515.0000000000
8909 -514.0000000000
8966 -513.0000000000
8971 -512.0000000000
8975 -510.0000000000
9000 -509.0000000000
9001 -508.0000000000
9006 -507.0000000000
9014 -506.0000000000
9023 -505.0000000000
9027 -504.0000000000
9048 -503.0000000000
9065 -502.0000000000
9084 -501.0000000000
9086 -500.0000000000
9090 -499.0000000000
9095 -498.0000000000
9102 -497.0000000000
9104 -496.0000000000
9140 -495.0000000000
9143 -494.0000000000
9171 -493.0000000000
9175 -492.0000000000
9185 -490.0000000000
9209 -489.0000000000
9217 -488.0000000000
9226 -487.0000000000
9248 -486.0000000000
9250 -484.0000000000
9253 -483.0000000000
9254 -482.0000000000
9274 -481.0000000000
9297 -479.0000000000
9304 -478.0000000000
9317 -477.0000000000
9335 -475.0000000000
9343 -474.0000000000
9352 -473.0000000000
9356 -472.0000000000
9362 -471.0000000000
9374 -470.0000000000
9376 -469.0000000000
9422 -468.0000000000
9446 -467.0000000000
9451 -466.0000000000
9458 -465.0000000000
9507 -464.0000000000
9515 -463.0000000000
9551 -462.0000000000
9610 -461.0000000000
9656 -460.0000000000
9701 -459.0000000000
9714 -458.0000000000
9733 -457.0000000000
9736 -456.0000000000
9744 -455.0000000000
9747 -454.0000000000
9753 -452.0000000000
9777 -451.0000000000
9805 -450.0000000000
9806 -449.0000000000
9825 -448.0000000000
9834 -447.0000000000
9837 -446.0000000000
9838 -445.0000000000
9860 -444.0000000000
9867 -443.0000000000
9900 -442.0000000000
9911 -441.0000000000
9912 -440.0000000000
9936 -439.0000000000
9939 -438.0000000000
9960 -437.0000000000
9966 -436.0000000000
9968 -435.0000000000
9990 -434.0000000000
10000 -435.0000000000
evaluations raw_y
1 -1954.0000000000
3 -1953.0000000000
5 -1952.0000000000
7 -1951.0000000000
9 -1950.0000000000
12 -1949.0000000000
13 -1948.0000000000
15 -1947.0000000000
18 -1946.0000000000
20 -1945.0000000000
24 -1944.0000000000
25 -1943.0000000000
27 -1942.0000000000
31 -1941.0000000000
34 -1940.0000000000
36 -1938.0000000000
45 -1935.0000000000
46 -1934.0000000000
47 -1932.0000000000
49 -1930.0000000000
50 -1929.0000000000
51 -1928.0000000000
53 -1927.0000000000
57 -1925.0000000000
60 -1924.0000000000
61 -1923.0000000000
63 -1922.0000000000
65 -1921.0000000000
67 -1919.0000000000
75 -1918.0000000000
77 -1917.0000000000
83 -1916.0000000000
87 -1915.0000000000
94 -1914.0000000000
96 -1912.0000000000
101 -1911.0000000000
106 -1910.0000000000
107 -1909.0000000000
109 -1908.0000000000
111 -1907.0000000000
114 -1905.0000000000
128 -1904.0000000000
129 -1903.0000000000
140 -1901.0000000000
141 -1900.0000000000
142 -1899.0000000000
143 -1898.0000000000
144 -1897.0000000000
145 -1896.0000000000
146 -1895.0000000000
150 -1894.0000000000
154 -1893.0000000000
157 -1892.0000000000
158 -1890.0000000000
163 -1888.0000000000
165 -1887.0000000000
166 -1885.0000000000
169 -1884.0000000000
171 -1883.0000000000
180 -1881.0000000000
181 -1880.0000000000
182 -1879.0000000000
187 -1876.0000000000
189 -1874.0000000000
191 -1873.0000000000
204 -1871.0000000000
208 -1870.0000000000
212 -1869.0000000000
219 -1868.0000000000
232 -1867.0000000000
236 -1866.0000000000
241 -1864.0000000000
246 -1863.0000000000
248 -1862.0000000000
251 -1861.0000000000
253 -1860.0000000000
254 -1859.0000000000
258 -1858.0000000000
263 -1857.0000000000
264 -1856.0000000000
266 -1855.0000000000
274 -1854.0000000000
276 -1853.0000000000
278 -1852.0000000000
281 -1851.0000000000
286 -1849.0000000000
296 -1848.0000000000
299 -1847.0000000000
303 -1846.0000000000
304 -1845.0000000000
305 -1844.0000000000
314 -1842.0000000000
316 -1840.0000000000
317 -1839.0000000000
325 -1838.0000000000
326 -1836.0000000000
328 -1835.0000000000
330 -1834.0000000000
331 -1832.0000000000
340 -1830.0000000000
342 -1829.0000000000
350 -1828.0000000000
354 -1826.0000000000
381 -1825.0000000000
384 -1824.0000000000
388 -1823.0000000000
390 -1822.0000000000
392 -1821.0000000000
393 -1820.0000000000
394 -1819.0000000000
399 -1818.0000000000
406 -1817.0000000000
412 -1816.0000000000
413 -1815.0000000000
421 -1814.0000000000
423 -1813.0000000000
426 -1811.0000000000
427 -1810.0000000000
430 -1809.0000000000
431 -1808.0000000000
433 -1807.0000000000
441 -1805.0000000000
446 -1804.0000000000
448 -1803.0000000000
463 -1802.0000000000
465 -1801.0000000000
471 -1800.0000000000
473 -1799.0000000000
474 -1798.0000000000
475 -1797.0000000000
480 -1796.0000000000
483 -1795.0000000000
485 -1794.0000000000
490 -1793.0000000000
493 -1791.0000000000
498 -1790.0000000000
499 -1789.0000000000
501 -1788.0000000000
510 -1787.0000000000
512 -1785.0000000000
515 -1784.0000000000
521 -1782.0000000000
522 -1781.0000000000
527 -1780.0000000000
530 -1779.0000000000
532 -1778.0000000000
533 -1777.0000000000
534 -1776.0000000000
546 -1775.0000000000
547 -1774.0000000000
549 -1773.0000000000
559 -1772.0000000000
560 -1771.0000000000
562 -1770.0000000000
574 -1768.0000000000
576 -1766.0000000000
585 -1765.0000000000
587 -1763.0000000000
591 -1762.0000000000
594 -1761.0000000000
596 -1760.0000000000
597 -1759.0000000000
599 -1757.0000000000
600 -1756.0000000000
601 -1755.0000000000
607 -1752.0000000000
610 -1751.0000000000
624 -1749.0000000000
625 -1747.0000000000
635 -1746.0000000000
639 -1745.0000000000
655 -1744.0000000000
657 -1743.0000000000
658 -1741.0000000000
664 -1740.0000000000
669 -1739.0000000000
670 -1738.0000000000
674 -1737.0000000000
679 -1735.0000000000
684 -1734.0000000000
687 -1732.0000000000
694 -1730.0000000000
696 -1729.0000000000
705 -1727.0000000000
707 -1726.0000000000
710 -1723.0000000000
712 -1722.0000000000
718 -1721.0000000000
722 -1720.0000000000
730 -1719.0000000000
736 -1718.0000000000
739 -1717.0000000000
740 -1715.0000000000
745 -1714.0000000000
747 -1711.0000000000
752 -1710.0000000000
757 -1709.0000000000
758 -1708.0000000000
760 -1707.0000000000
775 -1706.0000000000
776 -1704.0000000000
784 -1703.0000000000
785 -1702.0000000000
787 -1701.0000000000
794 -1699.0000000000
799 -1698.0000000000
802 -1697.0000000000
808 -1696.0000000000
809 -1693.0000000000
811 -1691.0000000000
816 -1690.0000000000
823 -1689.0000000000
824 -1688.0000000000
835 -1687.0000000000
837 -1686.0000000000
839 -1685.0000000000
851 -1684.0000000000
860 -1683.0000000000
865 -1682.0000000000
878 -1681.0000000000
879 -1680.0000000000
880 -1679.0000000000
883 -1678.0000000000
888 -1677.0000000000
891 -1675.0000000000
894 -1674.0000000000
895 -1673.0000000000
898 -1672.0000000000
900 -1670.0000000000
903 -1669.0000000000
904 -1668.0000000000
905 -1667.0000000000
917 -1666.0000000000
919 -1664.0000000000
921 -1663.0000000000
931 -1662.0000000000
942 -1661.0000000000
946 -1660.0000000000
961 -1658.0000000000
964 -1657.0000000000
966 -1656.0000000000
969 -1655.0000000000
972 -1654.0000000000
982 -1653.0000000000
986 -1651.0000000000
991 -1649.0000000000
998 -1648.0000000000
1016 -1646.0000000000
1020 -1645.0000000000
1030 -1643.0000000000
1040 -1642.0000000000
1051 -1641.0000000000
1052 -1640.0000000000
1054 -1638.0000000000
1055 -1635.0000000000
1056 -1634.0000000000
1064 -1633.0000000000
1066 -1631.0000000000
1069 -1630.0000000000
1070 -1629.0000000000
1072 -1627.0000000000
1073 -1626.0000000000
1077 -1625.0000000000
1081 -1624.0000000000
1084 -1623.0000000000
1088 -1622.0000000000
1094 -1621.0000000000
1105 -1620.0000000000
1110 -1618.0000000000
1111 -1617.0000000000
1114 -1615.0000000000
1116 -1614.0000000000
1124 -1613.0000000000
1132 -1612.0000000000
1137 -1611.0000000000
1139 -1610.0000000000
1141 -1609.0000000000
1148 -1608.0000000000
1149 -1605.0000000000
1158 -1604.0000000000
1161 -1603.0000000000
1164 -1602.0000000000
1167 -1601.0000000000
1193 -1600.0000000000
1205 -1599.0000000000
1208 -1598.0000000000
1209 -1596.0000000000
1215 -1595.0000000000
1216 -1594.0000000000
1228 -1593.0000000000
1231 -1592.0000000000
1242 -1591.0000000000
1243 -1589.0000000000
1244 -1588.0000000000
1251 -1587.0000000000
1254 -1585.0000000000
1255 -1582.0000000000
1261 -1581.0000000000
1266 -1580.0000000000
1268 -1579.0000000000
1275 -1577.0000000000
1281 -1576.0000000000
1287 -1574.0000000000
1291 -1572.0000000000
1292 -1571.0000000000
1293 -1569.0000000000
1295 -1568.0000000000
1297 -1567.0000000000
1299 -1566.0000000000
1309 -1565.0000000000
1316 -1564.0000000000
1318 -1563.0000000000
1320 -1561.0000000000
1321 -1560.0000000000
1323 -1559.0000000000
1326 -1558.0000000000
1330 -1557.0000000000
1335 -1555.0000000000
1336 -1554.0000000000
1337 -1553.0000000000
1340 -1552.0000000000
1346 -1551.0000000000
1347 -1550.0000000000
1348 -1549.0000000000
1352 -1548.0000000000
1353 -1546.0000000000
1359 -1545.0000000000
1367 -1544.0000000000
1372 -1543.0000000000
1391 -1542.0000000000
1402 -1539.0000000000
1405 -1538.0000000000
1407 -1537.0000000000
1413 -1536.0000000000
1414 -1535.0000000000
1417 -1534.0000000000
1419 -1533.0000000000
1428 -1532.0000000000
1430 -1531.0000000000
1433 -1529.0000000000
1437 -1527.0000000000
1443 -1526.0000000000
1446 -1525.0000000000
1473 -1523.0000000000
1475 -1522.0000000000
1485 -1521.0000000000
1491 -1520.0000000000
1503 -1518.0000000000
1505 -1517.0000000000
1510 -1516.0000000000
1515 -1515.0000000000
1521 -1514.0000000000
1528 -1513.0000000000
1530 -1512.0000000000
1533 -1510.0000000000
1546 -1509.0000000000
1548 -1507.0000000000
1550 -1506.0000000000
1551 -1505.0000000000
1555 -1504.0000000000
1556 -1503.0000000000
1564 -1502.0000000000
1567 -1501.0000000000
1568 -1500.0000000000
1569 -1499.0000000000
1577 -1498.0000000000
1578 -1496.0000000000
1581 -1495.0000000000
1585 -1494.0000000000
1586 -1493.0000000000
1590 -1492.0000000000
1594 -1491.0000000000
1601 -1490.0000000000
1604 -1489.0000000000
1607 -1488.0000000000
1608 -1487.0000000000
1611 -1486.0000000000
1612 -1485.0000000000
1613 -1484.0000000000
1614 -1483.0000000000
1615 -1482.0000000000
1634 -1481.0000000000
1640 -1480.0000000000
1649 -1479.0000000000
1659 -1478.0000000000
1670 -1476.0000000000
1678 -1475.0000000000
1680 -1474.0000000000
1682 -1473.0000000000
1683 -1472.0000000000
1690 -1470.0000000000
1698 -1467.0000000000
1699 -1466.0000000000
1713 -1465.0000000000
1715 -1464.0000000000
1727 -1462.0000000000
1740 -1461.0000000000
1743 -1460.0000000000
1745 -1459.0000000000
1757 -1458.0000000000
1765 -1457.0000000000
1766 -1456.0000000000
1771 -1454.0000000000
1775 -1453.0000000000
1778 -1451.0000000000
1783 -1450.0000000000
1787 -1448.0000000000
1789 -1447.0000000000
1798 -1446.0000000000
1800 -1445.0000000000
1802 -1444.0000000000
1818 -1443.0000000000
1837 -1441.0000000000
1845 -1440.0000000000
1857 -1439.0000000000
1860 -1438.0000000000
1861 -1435.0000000000
1864 -1433.0000000000
1865 -1432.0000000000
1866 -1430.0000000000
1869 -1429.0000000000
1871 -1428.0000000000
1876 -1427.0000000000
1888 -1426.0000000000
1889 -1425.0000000000
1902 -1424.0000000000
1906 -1423.0000000000
1914 -1422.0000000000
1916 -1421.0000000000
1929 -1420.0000000000
1931 -1419.0000000000
1943 -1418.0000000000
1945 -1417.0000000000
1947 -1416.0000000000
1948 -1415.0000000000
1952 -1414.0000000000
1958 -1412.0000000000
1959 -1411.0000000000
1960 -1410.0000000000
1962 -1409.0000000000
1965 -1408.0000000000
1968 -1407.0000000000
1972 -1406.0000000000
1975 -1405.0000000000
1976 -1404.0000000000
1981 -1403.0000000000
1990 -1402.0000000000
2000 -1401.0000000000
2002 -1400.0000000000
2003 -1399.0000000000
2004 -1398.0000000000
2009 -1397.0000000000
2013 -1395.0000000000
2016 -1394.0000000000
2017 -1392.0000000000
2019 -1391.0000000000
2023 -1390.0000000000
2028 -1389.0000000000
2029 -1388.0000000000
2032 -1387.0000000000
2035 -1386.0000000000
2037 -1385.0000000000
2038 -1384.0000000000
2053 -1383.0000000000
2057 -1382.0000000000
2068 -1381.0000000000
2072 -1380.0000000000
2074 -1379.0000000000
2080 -1378.0000000000
2094 -1377.0000000000
2097 -1376.0000000000
2102 -1375.0000000000
2104 -1374.0000000000
2105 -1373.0000000000
2109 -1372.0000000000
2111 -1370.0000000000
2114 -1369.0000000000
2115 -1367.0000000000
2116 -1366.0000000000
2121 -1365.0000000000
2140 -1362.0000000000
2148 -1360.0000000000
2150 -1359.0000000000
2153 -1357.0000000000
2164 -1356.0000000000
2165 -1355.0000000000
2168 -1354.0000000000
2170 -1353.0000000000
2176 -1352.0000000000
2182 -1351.0000000000
2188 -1349.0000000000
2189 -1348.0000000000
2193 -1347.0000000000
2196 -1346.0000000000
2199 -1345.0000000000
2200 -1344.0000000000
2201 -1342.0000000000
2212 -1341.0000000000
2213 -1340.0000000000
2218 -1339.0000000000
2223 -1338.0000000000
2228 -1337.0000000000
2230 -1336.0000000000
2243 -1334.0000000000
2250 -1333.0000000000
2260 -1332.0000000000
2269 -1331.0000000000
2270 -1330.0000000000
2271 -1329.0000000000
2279 -1328.0000000000
2286 -1326.0000000000
2293 -1325.0000000000
2302 -1324.0000000000
2320 -1323.0000000000
2323 -1322.0000000000
2325 -1321.0000000000
2330 -1320.0000000000
2333 -1318.0000000000
2344 -1317.0000000000
2349 -1316.0000000000
2351 -1315.0000000000
2353 -1314.0000000000
2355 -1313.0000000000
2356 -1312.0000000000
2364 -1311.0000000000
2375 -1310.0000000000
2397 -1308.0000000000
2406 -1307.0000000000
2415 -1306.0000000000
2419 -1305.0000000000
2423 -1303.0000000000
2434 -1302.0000000000
2435 -1301.0000000000
2436 -1299.0000000000
2440 -1298.0000000000
2442 -1297.0000000000
2446 -1296.0000000000
2450 -1295.0000000000
2452 -1294.0000000000
2461 -1293.0000000000
2464 -1292.0000000000
2465 -1290.0000000000
2468 -1289.0000000000
2470 -1288.0000000000
2479 -1287.0000000000
2480 -1286.0000000000
2484 -1285.0000000000
2488 -1284.0000000000
2494 -1283.0000000000
2527 -1282.0000000000
2532 -1281.0000000000
2540 -1280.0000000000
2555 -1279.0000000000
2557 -1278.0000000000
2562 -1277.0000000000
2576 -1276.0000000000
2582 -1274.0000000000
2587 -1272.0000000000
2591 -1271.0000000000
2600 -1269.0000000000
2607 -1267.0000000000
2613 -1266.0000000000
2617 -1265.0000000000
2618 -1264.0000000000
2626 -1263.0000000000
2636 -1262.0000000000
2640 -1261.0000000000
2642 -1260.0000000000
2643 -1259.0000000000
2657 -1258.0000000000
2677 -1257.0000000000
2683 -1256.0000000000
2687 -1255.0000000000
2693 -1254.0000000000
2700 -1253.0000000000
2701 -1252.0000000000
2702 -1251.0000000000
2708 -1249.0000000000
2709 -1248.0000000000
2719 -1247.0000000000
2725 -1246.0000000000
2738 -1243.0000000000
2748 -1242.0000000000
2749 -1241.0000000000
2755 -1240.0000000000
2759 -1238.0000000000
2761 -1237.0000000000
2768 -1236.0000000000
2769 -1235.0000000000
2770 -1234.0000000000
2778 -1233.0000000000
2784 -1232.0000000000
2811 -1231.0000000000
2823 -1230.0000000000
2824 -1229.0000000000
2827 -1228.0000000000
2834 -1227.0000000000
2856 -1226.0000000000
2866 -1225.0000000000
2867 -1224.0000000000
2879 -1223.0000000000
2880 -1222.0000000000
2895 -1221.0000000000
2897 -1220.0000000000
2903 -1219.0000000000
2910 -1218.0000000000
2918 -1216.0000000000
2930 -1215.0000000000
2932 -1214.0000000000
2934 -1213.0000000000
2939 -1212.0000000000
2941 -1211.0000000000
2953 -1210.0000000000
2955 -1209.0000000000
2957 -1208.0000000000
2962 -1207.0000000000
2970 -1206.0000000000
2989 -1205.0000000000
2993 -1204.0000000000
3003 -1203.0000000000
3013 -1201.0000000000
3017 -1200.0000000000
3023 -1199.0000000000
3044 -1198.0000000000
3046 -1197.0000000000
3051 -1196.0000000000
3072 -1195.0000000000
3088 -1194.0000000000
3092 -1193.0000000000
3100 -1192.0000000000
3101 -1191.0000000000
3106 -1190.0000000000
3127 -1189.0000000000
3131 -1188.0000000000
3140 -1186.0000000000
3142 -1185.0000000000
3159 -1184.0000000000
3160 -1183.0000000000
3165 -1182.0000000000
3168 -1181.0000000000
3174 -1180.0000000000
3206 -1179.0000000000
3215 -1178.0000000000
3226 -1177.0000000000
3228 -1176.0000000000
3247 -1174.0000000000
3249 -1173.0000000000
3253 -1172.0000000000
3260 -1171.0000000000
3269 -1170.0000000000
3282 -1169.0000000000
3290 -1168.0000000000
3299 -1166.0000000000
3303 -1164.0000000000
3307 -1163.0000000000
3311 -1162.0000000000
3333 -1161.0000000000
3339 -1160.0000000000
3344 -1159.0000000000
3345 -1158.0000000000
3352 -1157.0000000000
3355 -1155.0000000000
3373 -1154.0000000000
3387 -1153.0000000000
3418 -1152.0000000000
3421 -1151.0000000000
3429 -1150.0000000000
3442 -1149.0000000000
3457 -1147.0000000000
3458 -1146.0000000000
3460 -1145.0000000000
3464 -1143.0000000000
3476 -1142.0000000000
3483 -1141.0000000000
3491 -1140.0000000000
3493 -1138.0000000000
3502 -1137.0000000000
3510 -1136.0000000000
3512 -1135.0000000000
3515 -1134.0000000000
3518 -1133.0000000000
3534 -1132.0000000000
3536 -1131.0000000000
3546 -1130.0000000000
3551 -1129.0000000000
3556 -1128.0000000000
3561 -1127.0000000000
3575 -1125.0000000000
3582 -1124.0000000000
3588 -1123.0000000000
3603 -1122.0000000000
3605 -1121.0000000000
3616 -1120.0000000000
3629 -1119.0000000000
3632 -1118.0000000000
3634 -1117.0000000000
3643 -1116.0000000000
3654 -1115.0000000000
3658 -1114.0000000000
3663 -1113.0000000000
3666 -1112.0000000000
3672 -1111.0000000000
3673 -1110.0000000000
3674 -1108.0000000000
3675 -1106.0000000000
3678 -1105.0000000000
3679 -1104.0000000000
3680 -1101.0000000000
3694 -1100.0000000000
3698 -1099.0000000000
3699 -1098.0000000000
3706 -1097.0000000000
3711 -1095.0000000000
3720 -1094.0000000000
3725 -1092.0000000000
3731 -1089.0000000000
3733 -1088.0000000000
3735 -1087.0000000000
3736 -1086.0000000000
3741 -1085.0000000000
3762 -1084.0000000000
3770 -1083.0000000000
3771 -1082.0000000000
3779 -1081.0000000000
3785 -1080.0000000000
3794 -1079.0000000000
3797 -1078.0000000000
3817 -1077.0000000000
3821 -1076.0000000000
3840 -1075.0000000000
3850 -1074.0000000000
3855 -1073.0000000000
3859 -1072.0000000000
3865 -1071.0000000000
3872 -1070.0000000000
3876 -1069.0000000000
3880 -1068.0000000000
3881 -1067.0000000000
3882 -1066.0000000000
3890 -1065.0000000000
3900 -1064.0000000000
3904 -1062.0000000000
3921 -1061.0000000000
3923 -1060.0000000000
3931 -1059.0000000000
3939 -1058.0000000000
3943 -1057.0000000000
3947 -1056.0000000000
3952 -1055.0000000000
3956 -1054.0000000000
3962 -1052.0000000000
3982 -1051.0000000000
3996 -1049.0000000000
4004 -1048.0000000000
4011 -1047.0000000000
4012 -1045.0000000000
4028 -1043.0000000000
4034 -1041.0000000000
4036 -1040.0000000000
4050 -1039.0000000000
4055 -1038.0000000000
4060 -1037.0000000000
4061 -1036.0000000000
4084 -1035.0000000000
4091 -1034.0000000000
4093 -1033.0000000000
4095 -1032.0000000000
4101 -1031.0000000000
4105 -1030.0000000000
4110 -1029.0000000000
4114 -1028.0000000000
4139 -1027.0000000000
4140 -1026.0000000000
4145 -1025.0000000000
4149 -1024.0000000000
4151 -1023.0000000000
4155 -1022.0000000000
4169 -1021.0000000000
4175 -1020.0000000000
4179 -1019.0000000000
4188 -1018.0000000000
4228 -1017.0000000000
4241 -1016.0000000000
4258 -1015.0000000000
4264 -1014.0000000000
4271 -1013.0000000000
4276 -1012.0000000000
4279 -1011.0000000000
4289 -1010.0000000000
4304 -1009.0000000000
4306 -1008.0000000000
4322 -1007.0000000000
4324 -1005.0000000000
4329 -1004.0000000000
4330 -1003.0000000000
4345 -1002.0000000000
4355 -1001.0000000000
4367 -1000.0000000000
4372 -999.0000000000
4384 -998.0000000000
4385 -997.0000000000
4387 -996.0000000000
4395 -995.0000000000
4399 -994.0000000000
4407 -993.0000000000
4413 -992.0000000000
4417 -991.0000000000
4418 -990.0000000000
4436 -989.0000000000
4437 -988.0000000000
4454 -987.0000000000
4465 -986.0000000000
4472 -985.0000000000
4473 -983.0000000000
4481 -981.0000000000
4487 -980.0000000000
4510 -978.0000000000
4516 -977.0000000000
4528 -976.0000000000
4529 -975.0000000000
4539 -974.0000000000
4544 -973.0000000000
4570 -972.0000000000
4579 -971.0000000000
4581 -970.0000000000
4584 -969.0000000000
4588 -968.0000000000
4590 -966.0000000000
4591 -965.0000000000
4596 -964.0000000000
4598 -962.0000000000
4606 -960.0000000000
4615 -959.0000000000
4643 -958.0000000000
4656 -956.0000000000
4661 -955.0000000000
4678 -954.0000000000
4693 -953.0000000000
4697 -952.0000000000
4701 -951.0000000000
4710 -950.0000000000
4712 -949.0000000000
4718 -947.0000000000
4723 -945.0000000000
4729 -943.0000000000
4736 -942.0000000000
4751 -941.0000000000
4760 -940.0000000000
4764 -939.0000000000
4766 -938.0000000000
4770 -937.0000000000
4771 -936.0000000000
4778 -935.0000000000
4784 -934.0000000000
4795 -933.0000000000
4796 -932.0000000000
4802 -931.0000000000
4809 -930.0000000000
4815 -929.0000000000
4828 -928.0000000000
4839 -927.0000000000
4854 -925.0000000000
4878 -924.0000000000
4879 -923.0000000000
4880 -922.0000000000
4881 -921.0000000000
4885 -920.0000000000
4888 -919.0000000000
4893 -918.0000000000
4902 -917.0000000000
4907 -916.0000000000
4908 -914.0000000000
4909 -912.0000000000
4942 -911.0000000000
4944 -910.0000000000
4951 -909.0000000000
4953 -908.0000000000
4960 -907.0000000000
4964 -906.0000000000
4965 -905.0000000000
4972 -904.0000000000
4988 -903.0000000000
4997 -902.0000000000
5002 -901.0000000000
5023 -900.0000000000
5024 -898.0000000000
5025 -897.0000000000
5033 -896.0000000000
5036 -895.0000000000
5045 -894.0000000000
5046 -893.0000000000
5067 -891.0000000000
5069 -890.0000000000
5079 -889.0000000000
5093 -886.0000000000
5097 -885.0000000000
5116 -884.0000000000
5120 -883.0000000000
5133 -882.0000000000
5159 -881.0000000000
5186 -880.0000000000
5208 -879.0000000000
5209 -878.0000000000
5226 -877.0000000000
5227 -876.0000000000
5231 -875.0000000000
5233 -874.0000000000
5237 -873.0000000000
5238 -872.0000000000
5265 -870.0000000000
5276 -869.0000000000
5292 -868.0000000000
5300 -867.0000000000
5301 -866.0000000000
5305 -865.0000000000
5306 -864.0000000000
5307 -863.0000000000
5309 -862.0000000000
5318 -861.0000000000
5323 -860.0000000000
5347 -859.0000000000
5354 -858.0000000000
5365 -857.0000000000
5399 -856.0000000000
5403 -855.0000000000
5415 -854.0000000000
5446 -853.0000000000
5449 -852.0000000000
5459 -851.0000000000
5463 -850.0000000000
5470 -849.0000000000
5486 -848.0000000000
5496 -847.0000000000
5508 -846.0000000000
5516 -845.0000000000
5530 -844.0000000000
5532 -843.0000000000
5566 -842.0000000000
5567 -841.0000000000
5577 -840.0000000000
5597 -838.0000000000
5605 -837.0000000000
5614 -836.0000000000
5615 -834.0000000000
5622 -833.0000000000
5636 -831.0000000000
5646 -830.0000000000
5650 -829.0000000000
5656 -828.0000000000
5667 -827.0000000000
5668 -826.0000000000
5670 -825.0000000000
5677 -824.0000000000
5705 -823.0000000000
5718 -822.0000000000
5737 -820.0000000000
5757 -818.0000000000
5782 -817.0000000000
5796 -816.0000000000
5806 -815.0000000000
5807 -814.0000000000
5831 -813.0000000000
5834 -812.0000000000
5840 -811.0000000000
5859 -810.0000000000
5866 -809.0000000000
5873 -808.0000000000
5876 -806.0000000000
5878 -804.0000000000
5882 -803.0000000000
5892 -801.0000000000
5899 -800.0000000000
5915 -799.0000000000
5927 -798.0000000000
5941 -797.0000000000
5947 -796.0000000000
5991 -795.0000000000
6011 -794.0000000000
6016 -793.0000000000
6020 -792.0000000000
6045 -791.0000000000
6058 -790.0000000000
6066 -789.0000000000
6084 -788.0000000000
6091 -786.0000000000
6098 -785.0000000000
6126 -783.0000000000
6147 -782.0000000000
6170 -781.0000000000
6201 -780.0000000000
6202 -779.0000000000
6227 -778.0000000000
6233 -776.0000000000
6237 -775.0000000000
6240 -774.0000000000
6251 -773.0000000000
6257 -772.0000000000
6268 -771.0000000000
6271 -768.0000000000
6311 -767.0000000000
6320 -766.0000000000
6340 -765.0000000000
6349 -764.0000000000
6352 -763.0000000000
6354 -762.0000000000
6365 -761.0000000000
6366 -760.0000000000
6371 -759.0000000000
6389 -758.0000000000
6398 -757.0000000000
6418 -756.0000000000
6428 -755.0000000000
6450 -754.0000000000
6451 -753.0000000000
6452 -752.0000000000
6455 -751.0000000000
6462 -750.0000000000
6464 -749.0000000000
6479 -747.0000000000
6484 -746.0000000000
6518 -745.0000000000
6542 -744.0000000000
6543 -742.0000000000
6566 -741.0000000000
6576 -739.0000000000
6580 -738.0000000000
6591 -737.0000000000
6594 -736.0000000000
6614 -735.0000000000
6618 -734.0000000000
6657 -733.0000000000
6672 -732.0000000000
6678 -731.0000000000
6694 -730.0000000000
6703 -729.0000000000
6724 -727.0000000000
6729 -726.0000000000
6740 -725.0000000000
6743 -723.0000000000
6751 -722.0000000000
6752 -721.0000000000
6784 -720.0000000000
6813 -719.0000000000
6820 -718.0000000000
6846 -717.0000000000
6860 -716.0000000000
6874 -715.0000000000
6878 -714.0000000000
6879 -713.0000000000
6885 -712.0000000000
6897 -711.0000000000
6907 -710.0000000000
6926 -709.0000000000
6940 -708.0000000000
6944 -707.0000000000
6953 -706.0000000000
6954 -705.0000000000
6966 -704.0000000000
6970 -703.0000000000
6992 -702.0000000000
6996 -701.0000000000
7020 -700.0000000000
7039 -699.0000000000
7046 -698.0000000000
7049 -697.0000000000
7076 -696.0000000000
7077 -695.0000000000
7083 -694.0000000000
7090 -693.0000000000
7113 -692.0000000000
7115 -691.0000000000
7118 -690.0000000000
7120 -689.0000000000
7124 -688.0000000000
7137 -687.0000000000
7140 -686.0000000000
7141 -685.0000000000
7149 -684.0000000000
7169 -683.0000000000
7171 -682.0000000000
7185 -681.0000000000
7191 -680.0000000000
7256 -679.0000000000
7260 -678.0000000000
7273 -677.0000000000
7307 -676.0000000000
7309 -675.0000000000
7311 -674.0000000000
7325 -673.0000000000
7349 -672.0000000000
7350 -671.0000000000
7372 -670.0000000000
7390 -669.0000000000
7401 -668.0000000000
7402 -667.0000000000
7435 -666.0000000000
7437 -665.0000000000
7447 -664.0000000000
7449 -663.0000000000
7478 -661.0000000000
7479 -659.0000000000
7482 -658.0000000000
7483 -657.0000000000
7512 -656.0000000000
7524 -655.0000000000
7529 -654.0000000000
7545 -653.0000000000
7590 -652.0000000000
7602 -651.0000000000
7603 -650.0000000000
7629 -649.0000000000
7637 -648.0000000000
7673 -647.0000000000
7697 -646.0000000000
7746 -645.0000000000
7761 -644.0000000000
7771 -643.0000000000
7782 -642.0000000000
7785 -640.0000000000
7799 -639.0000000000
7803 -638.0000000000
7849 -637.0000000000
7865 -636.0000000000
7881 -635.0000000000
7908 -634.0000000000
7956 -633.0000000000
7964 -632.0000000000
8009 -631.0000000000
8012 -629.0000000000
8013 -628.0000000000
8030 -627.0000000000
8033 -626.0000000000
8050 -625.0000000000
8060 -624.0000000000
8066 -623.0000000000
8076 -622.0000000000
8077 -621.0000000000
8117 -620.0000000000
8156 -619.0000000000
8166 -618.0000000000
8179 -617.0000000000
8181 -616.0000000000
8182 -615.0000000000
8193 -614.0000000000
8209 -613.0000000000
8220 -612.0000000000
8227 -610.0000000000
8229 -609.0000000000
8240 -608.0000000000
8271 -606.0000000000
8277 -605.0000000000
8283 -604.0000000000
8296 -603.0000000000
8310 -602.0000000000
8327 -601.0000000000
8330 -600.0000000000
8332 -598.0000000000
8340 -597.0000000000
8404 -596.0000000000
8405 -595.0000000000
8412 -594.0000000000
8416 -593.0000000000
8434 -592.0000000000
8464 -591.0000000000
8471 -590.0000000000
8495 -589.0000000000
8504 -588.0000000000
8535 -587.0000000000
8556 -586.0000000000
8567 -585.0000000000
8593 -584.0000000000
8596 -583.0000000000
8648 -582.0000000000
8649 -581.0000000000
8661 -580.0000000000
8670 -578.0000000000
8701 -577.0000000000
8727 -576.0000000000
8736 -575.0000000000
8742 -574.0000000000
8750 -573.0000000000
8753 -571.0000000000
8775 -570.0000000000
8813 -569.0000000000
8815 -568.0000000000
8818 -567.0000000000
8826 -566.0000000000
8853 -565.0000000000
8865 -564.0000000000
8869 -563.0000000000
8896 -562.0000000000
8899 -561.0000000000
8905 -560.0000000000
8924 -559.0000000000
8987 -558.0000000000
9006 -557.0000000000
9007 -556.0000000000
9018 -555.0000000000
9044 -554.0000000000
9048 -553.0000000000
9052 -552.0000000000
9064 -549.0000000000
9072 -548.0000000000
9074 -547.0000000000
9080 -546.0000000000
9099 -545.0000000000
9116 -544.0000000000
9118 -543.0000000000
9140 -542.0000000000
9154 -540.0000000000
9181 -539.0000000000
9187 -538.0000000000
9188 -537.0000000000
9191 -536.0000000000
9203 -535.0000000000
9213 -534.0000000000
9243 -533.0000000000
9249 -532.0000000000
9271 -531.0000000000
9293 -530.0000000000
9302 -529.0000000000
9304 -527.0000000000
9328 -526.0000000000
9330 -525.0000000000
9344 -524.0000000000
9345 -523.0000000000
9349 -522.0000000000
9352 -520.0000000000
9369 -519.0000000000
9371 -518.0000000000
9377 -517.0000000000
9427 -516.0000000000
9494 -515.0000000000
9503 -514.0000000000
9515 -513.0000000000
9530 -512.0000000000
9549 -511.0000000000
9554 -510.0000000000
9567 -509.0000000000
9575 -508.0000000000
9583 -507.0000000000
9592 -506.0000000000
9594 -505.0000000000
9601 -504.0000000000
9612 -503.0000000000
9620 -502.0000000000
9625 -501.0000000000
9632 -500.0000000000
9650 -499.0000000000
9666 -497.0000000000
9686 -496.0000000000
9696 -495.0000000000
9735 -494.0000000000
9736 -493.0000000000
9786 -492.0000000000
9849 -491.0000000000
9874 -490.0000000000
9890 -489.0000000000
9893 -488.0000000000
9941 -487.0000000000
9961 -486.0000000000
9967 -485.0000000000
9971 -484.0000000000
9979 -483.0000000000
9992 -482.0000000000
10000 -482.0000000000
evaluations raw_y
1 -1903.0000000000
5 -1902.0000000000
6 -1901.0000000000
13 -1899.0000000000
14 -1897.0000000000
22 -1896.0000000000
23 -1895.0000000000
24 -1894.0000000000
38 -1893.0000000000
39 -1890.0000000000
44 -1888.0000000000
48 -1887.0000000000
52 -1885.0000000000
60 -1884.0000000000
72 -1881.0000000000
76 -1880.0000000000
77 -1879.0000000000
79 -1878.0000000000
86 -1877.0000000000
87 -1875.0000000000
92 -1874.0000000000
98 -1872.0000000000
99 -1870.0000000000
100 -1869.0000000000
101 -1868.0000000000
104 -1867.0000000000
106 -1866.0000000000
107 -1865.0000000000
108 -1864.0000000000
119 -1863.0000000000
120 -1862.0000000000
124 -1861.0000000000
127 -1859.0000000000
131 -1857.0000000000
134 -1856.0000000000
139 -1854.0000000000
143 -1853.0000000000
146 -1852.0000000000
148 -1851.0000000000
153 -1850.0000000000
164 -1849.0000000000
166 -1848.0000000000
167 -1847.0000000000
169 -1846.0000000000
172 -1845.0000000000
175 -1844.0000000000
176 -1843.0000000000
177 -1842.0000000000
183 -1841.0000000000
186 -1840.0000000000
187 -1839.0000000000
191 -1837.0000000000
193 -1836.0000000000
196 -1834.0000000000
197 -1832.0000000000
211 -1831.0000000000
213 -1830.0000000000
214 -1829.0000000000
223 -1828.0000000000
227 -1827.0000000000
228 -1826.0000000000
229 -1824.0000000000
230 -1823.0000000000
238 -1822.0000000000
242 -1821.0000000000
246 -1819.0000000000
248 -1818.0000000000
261 -1817.0000000000
265 -1816.0000000000
271 -1815.0000000000
274 -1814.0000000000
279 -1811.0000000000
286 -1809.0000000000
292 -1807.0000000000
293 -1806.0000000000
294 -1805.0000000000
299 -1803.0000000000
305 -1802.0000000000
309 -1801.0000000000
325 -1800.0000000000
331 -1799.0000000000
333 -1798.0000000000
337 -1797.0000000000
338 -1796.0000000000
340 -1795.0000000000
341 -1794.0000000000
342 -1793.0000000000
347 -1792.0000000000
358 -1791.0000000000
361 -1790.0000000000
366 -1789.0000000000
367 -1788.0000000000
369 -1786.0000000000
377 -1785.0000000000
380 -1784.0000000000
381 -1783.0000000000
383 -1782.0000000000
384 -1781.0000000000
385 -1780.0000000000
386 -1779.0000000000
389 -1778.0000000000
405 -1777.0000000000
406 -1776.0000000000
426 -1775.0000000000
431 -1774.0000000000
436 -1773.0000000000
437 -1772.0000000000
439 -1771.0000000000
443 -1770.0000000000
450 -1769.0000000000
451 -1768.0000000000
453 -1767.0000000000
457 -1766.0000000000
469 -1764.0000000000
471 -1763.0000000000
472 -1762.0000000000
482 -1761.0000000000
483 -1759.0000000000
484 -1758.0000000000
491 -1756.0000000000
499 -1755.0000000000
500 -1753.0000000000
501 -1752.0000000000
503 -1751.0000000000
505 -1750.0000000000
508 -1749.0000000000
510 -1745.0000000000
526 -1743.0000000000
527 -1741.0000000000
528 -1740.0000000000
529 -1739.0000000000
539 -1737.0000000000
542 -1736.0000000000
544 -1734.0000000000
545 -1733.0000000000
549 -1731.0000000000
554 -1729.0000000000
559 -1727.0000000000
561 -1726.0000000000
562 -1725.0000000000
564 -1724.0000000000
565 -1723.0000000000
571 -1722.0000000000
573 -1721.0000000000
574 -1720.0000000000
575 -1719.0000000000
577 -1718.0000000000
579 -1717.0000000000
580 -1716.0000000000
583 -1714.0000000000
590 -1713.0000000000
602 -1711.0000000000
605 -1710.0000000000
613 -1709.0000000000
616 -1708.0000000000
617 -1707.0000000000
623 -1706.0000000000
625 -1704.0000000000
630 -1703.0000000000
632 -1702.0000000000
634 -1701.0000000000
640 -1700.0000000000
641 -1699.0000000000
646 -1698.0000000000
647 -1697.0000000000
653 -1696.0000000000
654 -1695.0000000000
668 -1694.0000000000
674 -1693.0000000000
677 -1692.0000000000
678 -1691.0000000000
680 -1690.0000000000
685 -1689.0000000000
690 -1688.0000000000
693 -1687.0000000000
699 -1686.0000000000
706 -1685.0000000000
707 -1684.0000000000
709 -1683.0000000000
713 -1682.0000000000
719 -1681.0000000000
724 -1679.0000000000
729 -1678.0000000000
733 -1677.0000000000
734 -1675.0000000000
739 -1674.0000000000
741 -1673.0000000000
744 -1672.0000000000
747 -1671.0000000000
766 -1670.0000000000
768 -1668.0000000000
773 -1667.0000000000
774 -1665.0000000000
782 -1664.0000000000
787 -1663.0000000000
800 -1662.0000000000
801 -1661.0000000000
809 -1657.0000000000
810 -1655.0000000000
812 -1653.0000000000
818 -1652.0000000000
830 -1651.0000000000
837 -1650.0000000000
838 -1649.0000000000
844 -1647.0000000000
848 -1646.0000000000
871 -1645.0000000000
873 -1644.0000000000
876 -1643.0000000000
889 -1641.0000000000
906 -1640.0000000000
910 -1639.0000000000
914 -1638.0000000000
919 -1636.0000000000
938 -1635.0000000000
945 -1634.0000000000
953 -1633.0000000000
956 -1631.0000000000
965 -1630.0000000000
979 -1629.0000000000
980 -1627.0000000000
982 -1626.0000000000
987 -1625.0000000000
991 -1624.0000000000
992 -1622.0000000000
993 -1619.0000000000
999 -1618.0000000000
1003 -1617.0000000000
1006 -1616.0000000000
1013 -1615.0000000000
1017 -1614.0000000000
1022 -1612.0000000000
1023 -1611.0000000000
1028 -1610.0000000000
1029 -1609.0000000000
1044 -1608.0000000000
1046 -1607.0000000000
1051 -1606.0000000000
1056 -1605.0000000000
1061 -1604.0000000000
1062 -1603.0000000000
1071 -1602.0000000000
1082 -1601.0000000000
1083 -1600.0000000000
1087 -1599.0000000000
1088 -1598.0000000000
1092 -1597.0000000000
1095 -1596.0000000000
1098 -1595.0000000000
1104 -1594.0000000000
1112 -1593.0000000000
1114 -1592.0000000000
1118 -1590.0000000000
1121 -1589.0000000000
1123 -1588.0000000000
1129 -1587.0000000000
1130 -1586.0000000000
1134 -1585.0000000000
1144 -1584.0000000000
1151 -1583.0000000000
1152 -1582.0000000000
1156 -1580.0000000000
1160 -1579.0000000000
1165 -1578.0000000000
1168 -1576.0000000000
1170 -1575.0000000000
1173 -1574.0000000000
1178 -1572.0000000000
1184 -1571.0000000000
1185 -1570.0000000000
1193 -1569.0000000000
1197 -1568.0000000000
1203 -1567.0000000000
1204 -1566.0000000000
1208 -1563.0000000000
1215 -1562.0000000000
1223 -1560.0000000000
1224 -1559.0000000000
1227 -1557.0000000000
1230 -1556.0000000000
1231 -1555.0000000000
1244 -1554.0000000000
1248 -1553.0000000000
1250 -1552.0000000000
1252 -1551.0000000000
1258 -1550.0000000000
1259 -1548.0000000000
1261 -1547.0000000000
1263 -1546.0000000000
1269 -1545.0000000000
1278 -1543.0000000000
1281 -1542.0000000000
1282 -1538.0000000000
1283 -1537.0000000000
1285 -1536.0000000000
1289 -1535.0000000000
1301 -1534.0000000000
1309 -1533.0000000000
1312 -1532.0000000000
1315 -1531.0000000000
1317 -1530.0000000000
1319 -1529.0000000000
1340 -1527.0000000000
1344 -1526.0000000000
1357 -1524.0000000000
1368 -1523.0000000000
1369 -1522.0000000000
1372 -1521.0000000000
1374 -1520.0000000000
1375 -1519.0000000000
1378 -1518.0000000000
1383 -1517.0000000000
1385 -1515.0000000000
1388 -1514.0000000000
1389 -1512.0000000000
1392 -1511.0000000000
1400 -1510.0000000000
1407 -1509.0000000000
1437 -1508.0000000000
1441 -1507.0000000000
1451 -1506.0000000000
1457 -1505.0000000000
1458 -1503.0000000000
1462 -1502.0000000000
1474 -1500.0000000000
1475 -1497.0000000000
1482 -1496.0000000000
1484 -1495.0000000000
1489 -1494.0000000000
1493 -1492.0000000000
1499 -1490.0000000000
1502 -1489.0000000000
1507 -1487.0000000000
1509 -1486.0000000000
1510 -1485.0000000000
1514 -1484.0000000000
1517 -1483.0000000000
1518 -1482.0000000000
1524 -1481.0000000000
1533 -1478.0000000000
1539 -1477.0000000000
1544 -1476.0000000000
1546 -1475.0000000000
1547 -1474.0000000000
1555 -1473.0000000000
1560 -1472.0000000000
1566 -1471.0000000000
1567 -1469.0000000000
1577 -1468.0000000000
1583 -1467.0000000000
1591 -1466.0000000000
1602 -1465.0000000000
1603 -1464.0000000000
1607 -1463.0000000000
1608 -1462.0000000000
1609 -1460.0000000000
1613 -1459.0000000000
1614 -1458.0000000000
1615 -1456.0000000000
1617 -1454.0000000000
1618 -1453.0000000000
1632 -1452.0000000000
1634 -1451.0000000000
1646 -1450.0000000000
1658 -1449.0000000000
1661 -1448.0000000000
1672 -1446.0000000000
1674 -1445.0000000000
1676 -1443.0000000000
1689 -1441.0000000000
1694 -1440.0000000000
1703 -1439.0000000000
1710 -1438.0000000000
1720 -1436.0000000000
1721 -1435.0000000000
1725 -1434.0000000000
1729 -1433.0000000000
1744 -1432.0000000000
1751 -1431.0000000000
1753 -1430.0000000000
1755 -1429.0000000000
1766 -1428.0000000000
1767 -1427.0000000000
1778 -1426.0000000000
1783 -1425.0000000000
1787 -1423.0000000000
1788 -1422.0000000000
1789 -1421.0000000000
1791 -1420.0000000000
1793 -1419.0000000000
1807 -1418.0000000000
1812 -1417.0000000000
1814 -1416.0000000000
1815 -1415.0000000000
1817 -1413.0000000000
1819 -1412.0000000000
1824 -1411.0000000000
1827 -1410.0000000000
1830 -1409.0000000000
1848 -1408.0000000000
1870 -1407.0000000000
1884 -1406.0000000000
1885 -1405.0000000000
1888 -1402.0000000000
1890 -1401.0000000000
1891 -1400.0000000000
1896 -1399.0000000000
1898 -1398.0000000000
1900 -1397.0000000000
1913 -1396.0000000000
1917 -1395.0000000000
1924 -1394.0000000000
1932 -1393.0000000000
1935 -1391.0000000000
1937 -1390.0000000000
1959 -1389.0000000000
1967 -1387.0000000000
1972 -1386.0000000000
1975 -1385.0000000000
1980 -1384.0000000000
1982 -1383.0000000000
1986 -1382.0000000000
1991 -1381.0000000000
1996 -1380.0000000000
2002 -1379.0000000000
2004 -1377.0000000000
2013 -1376.0000000000
2018 -1375.0000000000
2025 -1374.0000000000
2033 -1373.0000000000
2042 -1372.0000000000
2043 -1371.0000000000
2045 -1369.0000000000
2046 -1368.0000000000
2053 -1367.0000000000
2061 -1365.0000000000
2071 -1364.0000000000
2073 -1363.0000000000
2079 -1361.0000000000
2080 -1360.0000000000
2082 -1359.0000000000
2083 -1358.0000000000
2085 -1357.0000000000
2090 -1356.0000000000
2093 -1355.0000000000
2097 -1353.0000000000
2101 -1352.0000000000
2107 -1351.0000000000
2112 -1350.0000000000
2125 -1349.0000000000
2126 -1348.0000000000
2146 -1346.0000000000
2152 -1345.0000000000
2154 -1344.0000000000
2158 -1343.0000000000
2165 -1342.0000000000
2174 -1341.0000000000
2178 -1340.0000000000
2179 -1339.0000000000
2200 -1338.0000000000
2204 -1337.0000000000
2205 -1336.0000000000
2206 -1335.0000000000
2217 -1332.0000000000
2228 -1330.0000000000
2232 -1329.0000000000
2239 -1328.0000000000
2247 -1327.0000000000
2248 -1326.0000000000
2256 -1325.0000000000
2264 -1323.0000000000
2266 -1322.0000000000
2270 -1321.0000000000
2288 -1320.0000000000
2296 -1319.0000000000
2303 -1318.0000000000
2310 -1317.0000000000
2314 -1316.0000000000
2317 -1315.0000000000
2326 -1313.0000000000
2328 -1312.0000000000
2329 -1311.0000000000
2330 -1309.0000000000
2339 -1308.0000000000
2340 -1307.0000000000
2342 -1306.0000000000
2345 -1305.0000000000
2348 -1304.0000000000
2353 -1303.0000000000
2383 -1302.0000000000
2391 -1301.0000000000
2397 -1300.0000000000
2400 -1299.0000000000
2402 -1298.0000000000
2407 -1297.0000000000
2415 -1296.0000000000
2417 -1295.0000000000
2423 -1292.0000000000
2424 -1290.0000000000
2432 -1289.0000000000
2435 -1288.0000000000
2441 -1287.0000000000
2448 -1286.0000000000
2449 -1285.0000000000
2455 -1284.0000000000
2457 -1283.0000000000
2463 -1282.0000000000
2479 -1281.0000000000
2489 -1279.0000000000
2494 -1278.0000000000
2497 -1277.0000000000
2504 -1276.0000000000
2510 -1274.0000000000
2511 -1273.0000000000
2519 -1272.0000000000
2529 -1271.0000000000
2538 -1270.0000000000
2539 -1269.0000000000
2544 -1268.0000000000
2556 -1267.0000000000
2560 -1266.0000000000
2571 -1264.0000000000
2588 -1263.0000000000
2590 -1262.0000000000
2604 -1261.0000000000
2606 -1260.0000000000
2608 -1259.0000000000
2609 -1258.0000000000
2611 -1257.0000000000
2615 -1256.0000000000
2623 -1255.0000000000
2630 -1254.0000000000
2637 -1253.0000000000
2638 -1252.0000000000
2670 -1251.0000000000
2674 -1250.0000000000
2676 -1249.0000000000
2681 -1248.0000000000
2682 -1245.0000000000
2698 -1243.0000000000
2704 -1242.0000000000
2706 -1240.0000000000
2710 -1238.0000000000
2715 -1237.0000000000
2721 -1236.0000000000
2738 -1235.0000000000
2739 -1234.0000000000
2742 -1233.0000000000
2743 -1232.0000000000
2780 -1231.0000000000
2782 -1230.0000000000
2783 -1229.0000000000
2784 -1227.0000000000
2787 -1226.0000000000
2789 -1225.0000000000
2794 -1222.0000000000
2796 -1220.0000000000
2806 -1219.0000000000
2813 -1218.0000000000
2816 -1217.0000000000
2822 -1216.0000000000
2824 -1215.0000000000
2830 -1214.0000000000
2839 -1213.0000000000
2854 -1212.0000000000
2865 -1211.0000000000
2870 -1210.0000000000
2877 -1209.0000000000
2881 -1207.0000000000
2885 -1206.0000000000
2915 -1205.0000000000
2938 -1204.0000000000
2939 -1203.0000000000
2942 -1202.0000000000
2946 -1201.0000000000
2947 -1200.0000000000
2950 -1199.0000000000
2962 -1198.0000000000
2979 -1197.0000000000
2989 -1196.0000000000
2990 -1195.0000000000
2999 -1194.0000000000
3001 -1193.0000000000
3013 -1191.0000000000
3019 -1189.0000000000
3033 -1188.0000000000
3034 -1187.0000000000
3038 -1186.0000000000
3041 -1185.0000000000
3052 -1184.0000000000
3062 -1183.0000000000
3069 -1182.0000000000
3075 -1181.0000000000
3083 -1180.0000000000
3089 -1178.0000000000
3093 -1176.0000000000
3109 -1175.0000000000
3112 -1174.0000000000
3113 -1173.0000000000
3131 -1172.0000000000
3139 -1171.0000000000
3140 -1170.0000000000
3146 -1168.0000000000
3151 -1167.0000000000
3168 -1166.0000000000
3174 -1165.0000000000
3180 -1164.0000000000
3185 -1162.0000000000
3193 -1161.0000000000
3204 -1160.0000000000
3220 -1158.0000000000
3240 -1157.0000000000
3281 -1156.0000000000
3284 -1154.0000000000
3294 -1153.0000000000
3295 -1152.0000000000
3297 -1151.0000000000
3298 -1150.0000000000
3318 -1149.0000000000
3335 -1148.0000000000
3337 -1147.0000000000
3343 -1146.0000000000
3344 -1144.0000000000
3347 -1143.0000000000
3364 -1142.0000000000
3382 -1140.0000000000
3383 -1139.0000000000
3390 -1138.0000000000
3410 -1137.0000000000
3411 -1136.0000000000
3422 -1135.0000000000
3436 -1134.0000000000
3437 -1133.0000000000
3439 -1132.0000000000
3454 -1131.0000000000
3457 -1129.0000000000
3473 -1128.0000000000
3481 -1127.0000000000
3485 -1126.0000000000
3486 -1125.0000000000
3489 -1124.0000000000
3493 -1123.0000000000
3496 -1121.0000000000
3501 -1120.0000000000
3507 -1118.0000000000
3516 -1117.0000000000
3524 -1116.0000000000
3535 -1115.0000000000
3537 -1114.0000000000
3538 -1113.0000000000
3551 -1111.0000000000
3553 -1110.0000000000
3558 -1109.0000000000
3564 -1108.0000000000
3573 -1106.0000000000
3574 -1105.0000000000
3575 -1103.0000000000
3578 -1102.0000000000
3584 -1101.0000000000
3591 -1100.0000000000
3595 -1099.0000000000
3601 -1098.0000000000
3624 -1097.0000000000
3637 -1096.0000000000
3639 -1095.0000000000
3654 -1094.0000000000
3662 -1093.0000000000
3669 -1091.0000000000
3671 -1089.0000000000
3672 -1088.0000000000
3678 -1087.0000000000
3681 -1086.0000000000
3683 -1085.0000000000
3689 -1084.0000000000
3695 -1083.0000000000
3701 -1082.0000000000
3720 -1081.0000000000
3722 -1080.0000000000
3724 -1079.0000000000
3750 -1078.0000000000
3766 -1077.0000000000
3774 -1075.0000000000
3782 -1073.0000000000
3786 -1072.0000000000
3787 -1071.0000000000
3815 -1070.0000000000
3817 -1069.0000000000
3824 -1066.0000000000
3825 -1065.0000000000
3833 -1064.0000000000
3834 -1063.0000000000
3839 -1062.0000000000
3845 -1061.0000000000
3847 -1060.0000000000
3848 -1059.0000000000
3853 -1058.0000000000
3856 -1057.0000000000
3864 -1056.0000000000
3871 -1055.0000000000
3884 -1054.0000000000
3885 -1053.0000000000
3890 -1052.0000000000
3895 -1050.0000000000
3904 -1048.0000000000
3925 -1047.0000000000
3953 -1046.0000000000
3961 -1045.0000000000
3973 -1044.0000000000
3975 -1043.0000000000
3982 -1042.0000000000
3986 -1041.0000000000
4019 -1040.0000000000
4021 -1039.0000000000
4024 -1038.0000000000
4049 -1037.0000000000
4051 -1036.0000000000
4057 -1035.0000000000
4067 -1034.0000000000
4085 -1033.0000000000
4091 -1031.0000000000
4095 -1030.0000000000
4100 -1029.0000000000
4102 -1028.0000000000
4108 -1027.0000000000
4116 -1026.0000000000
4135 -1025.0000000000
4137 -1024.0000000000
4144 -1023.0000000000
4148 -1022.0000000000
4151 -1021.0000000000
4154 -1020.0000000000
4157 -1019.0000000000
4161 -1018.0000000000
4172 -1017.0000000000
4173 -1016.0000000000
4182 -1015.0000000000
4183 -1014.0000000000
4185 -1013.0000000000
4186 -1012.0000000000
4187 -1011.0000000000
4193 -1010.0000000000
4197 -1009.0000000000
4212 -1008.0000000000
4237 -1007.0000000000
4245 -1006.0000000000
4246 -1005.0000000000
4250 -1004.0000000000
4256 -1003.0000000000
4272 -1002.0000000000
4291 -1001.0000000000
4293 -1000.0000000000
4296 -999.0000000000
4302 -998.0000000000
4307 -996.0000000000
4309 -995.0000000000
4312 -993.0000000000
4315 -992.0000000000
4326 -991.0000000000
4346 -990.0000000000
4352 -989.0000000000
4354 -988.0000000000
4374 -987.0000000000
4387 -986.0000000000
4390 -985.0000000000
4437 -984.0000000000
4451 -983.0000000000
4458 -981.0000000000
4461 -980.0000000000
4462 -979.0000000000
4470 -978.0000000000
4488 -977.0000000000
4528 -976.0000000000
4537 -975.0000000000
4550 -974.0000000000
4554 -973.0000000000
4555 -972.0000000000
4557 -971.0000000000
4567 -970.0000000000
4570 -969.0000000000
4571 -968.0000000000
4577 -967.0000000000
4593 -966.0000000000
4595 -965.0000000000
4611 -964.0000000000
4613 -963.0000000000
4640 -962.0000000000
4646 -961.0000000000
4653 -960.0000000000
4657 -959.0000000000
4665 -958.0000000000
4667 -957.0000000000
4672 -954.0000000000
4688 -953.0000000000
4708 -952.0000000000
4709 -951.0000000000
4717 -950.0000000000
4724 -948.0000000000
4738 -946.0000000000
4743 -945.0000000000
4761 -944.0000000000
4771 -943.0000000000
4775 -942.0000000000
4776 -941.0000000000
4778 -940.0000000000
4787 -939.0000000000
4791 -938.0000000000
4802 -937.0000000000
4813 -936.0000000000
4815 -935.0000000000
4818 -934.0000000000
4840 -933.0000000000
4848 -932.0000000000
4854 -931.0000000000
4857 -930.0000000000
4868 -929.0000000000
4876 -928.0000000000
4883 -927.0000000000
4891 -926.0000000000
4898 -925.0000000000
4903 -924.0000000000
4917 -923.0000000000
4919 -922.0000000000
4925 -921.0000000000
4934 -920.0000000000
4938 -919.0000000000
4950 -918.0000000000
4958 -917.0000000000
4962 -916.0000000000
4979 -915.0000000000
4993 -913.0000000000
4995 -912.0000000000
5006 -911.0000000000
5008 -910.0000000000
5020 -909.0000000000
5030 -908.0000000000
5031 -907.0000000000
5032 -906.0000000000
5034 -905.0000000000
5038 -904.0000000000
5045 -903.0000000000
5051 -902.0000000000
5052 -900.0000000000
5054 -899.0000000000
5062 -898.0000000000
5066 -897.0000000000
5072 -894.0000000000
5101 -893.0000000000
5103 -892.0000000000
5108 -891.0000000000
5118 -890.0000000000
5133 -889.0000000000
5137 -888.0000000000
5143 -887.0000000000
5147 -886.0000000000
5163 -885.0000000000
5173 -884.0000000000
5174 -883.0000000000
5176 -881.0000000000
5201 -880.0000000000
5203 -879.0000000000
5208 -878.0000000000
5211 -875.0000000000
5237 -873.0000000000
5250 -872.0000000000
5251 -871.0000000000
5254 -870.0000000000
5272 -869.0000000000
5283 -868.0000000000
5337 -867.0000000000
5343 -866.0000000000
5357 -865.0000000000
5358 -864.0000000000
5405 -863.0000000000
5409 -862.0000000000
5426 -861.0000000000
5429 -860.0000000000
5433 -859.0000000000
5468 -858.0000000000
5499 -857.0000000000
5502 -856.0000000000
5506 -855.0000000000
5516 -854.0000000000
5517 -853.0000000000
5578 -852.0000000000
5591 -851.0000000000
5595 -850.0000000000
5606 -849.0000000000
5608 -848.0000000000
5612 -847.0000000000
5614 -846.0000000000
5624 -845.0000000000
5631 -844.0000000000
5637 -842.0000000000
5640 -841.0000000000
5647 -840.0000000000
5650 -839.0000000000
5651 -837.0000000000
5669 -836.0000000000
5671 -835.0000000000
5687 -834.0000000000
5707 -833.0000000000
5708 -832.0000000000
5712 -831.0000000000
5713 -829.0000000000
5718 -828.0000000000
5724 -827.0000000000
5727 -826.0000000000
5728 -825.0000000000
5731 -824.0000000000
5736 -822.0000000000
5764 -821.0000000000
5769 -820.0000000000
5795 -819.0000000000
5804 -818.0000000000
5808 -817.0000000000
5811 -816.0000000000
5829 -815.0000000000
5843 -814.0000000000
5847 -813.0000000000
5865 -811.0000000000
5873 -810.0000000000
5903 -809.0000000000
5904 -808.0000000000
5916 -807.0000000000
5919 -806.0000000000
5925 -805.0000000000
5930 -804.0000000000
5938 -803.0000000000
5951 -802.0000000000
5952 -801.0000000000
5965 -800.0000000000
5974 -799.0000000000
5976 -798.0000000000
5982 -796.0000000000
5986 -795.0000000000
5988 -794.0000000000
5989 -793.0000000000
5991 -792.0000000000
5994 -791.0000000000
5999 -790.0000000000
6021 -789.0000000000
6043 -788.0000000000
6049 -787.0000000000
6054 -786.0000000000
6069 -784.0000000000
6071 -783.0000000000
6075 -782.0000000000
6076 -780.0000000000
6085 -779.0000000000
6125 -778.0000000000
6128 -777.0000000000
6142 -776.0000000000
6164 -775.0000000000
6189 -774.0000000000
6196 -773.0000000000
6207 -772.0000000000
6208 -771.0000000000
6212 -770.0000000000
6213 -769.0000000000
6214 -768.0000000000
6232 -767.0000000000
6254 -766.0000000000
6261 -765.0000000000
6268 -764.0000000000
6269 -762.0000000000
6277 -759.0000000000
6280 -758.0000000000
6290 -757.0000000000
6307 -756.0000000000
6325 -755.0000000000
6341 -754.0000000000
6378 -753.0000000000
6417 -752.0000000000
6424 -751.0000000000
6458 -750.0000000000
6461 -749.0000000000
6463 -748.0000000000
6469 -747.0000000000
6470 -746.0000000000
6482 -745.0000000000
6512 -744.0000000000
6531 -742.0000000000
6566 -741.0000000000
6570 -740.0000000000
6632 -739.0000000000
6636 -738.0000000000
6646 -737.0000000000
6657 -736.0000000000
6659 -735.0000000000
6666 -734.0000000000
6674 -733.0000000000
6679 -732.0000000000
6704 -731.0000000000
6711 -730.0000000000
6732 -729.0000000000
6734 -728.0000000000
6762 -727.0000000000
6775 -725.0000000000
6778 -724.0000000000
6782 -722.0000000000
6791 -721.0000000000
6799 -720.0000000000
6807 -719.0000000000
6812 -718.0000000000
6820 -717.0000000000
6862 -716.0000000000
6864 -715.0000000000
6868 -714.0000000000
6877 -713.0000000000
6882 -712.0000000000
6890 -711.0000000000
6900 -709.0000000000
6930 -708.0000000000
6934 -707.0000000000
6957 -706.0000000000
6958 -705.0000000000
6967 -704.0000000000
6978 -703.0000000000
6993 -702.0000000000
6994 -701.0000000000
6997 -699.0000000000
6999 -698.0000000000
7033 -697.0000000000
7039 -696.0000000000
7056 -695.0000000000
7070 -694.0000000000
7135 -693.0000000000
7136 -692.0000000000
7143 -691.0000000000
7147 -690.0000000000
7148 -689.0000000000
7152 -688.0000000000
7162 -687.0000000000
7166 -686.0000000000
7179 -685.0000000000
7180 -684.0000000000
7195 -683.0000000000
7199 -682.0000000000
7202 -681.0000000000
7208 -680.0000000000
7218 -678.0000000000
7230 -677.0000000000
7233 -676.0000000000
7238 -675.0000000000
7241 -673.0000000000
7270 -672.0000000000
7274 -671.0000000000
7288 -670.0000000000
7294 -669.0000000000
7319 -668.0000000000
7334 -667.0000000000
7377 -666.0000000000
7378 -665.0000000000
7388 -664.0000000000
7389 -663.0000000000
7433 -662.0000000000
7438 -661.0000000000
7444 -660.0000000000
7458 -659.0000000000
7470 -658.0000000000
7472 -657.0000000000
7475 -656.0000000000
7493 -655.0000000000
7505 -654.0000000000
7506 -653.0000000000
7510 -652.0000000000
7514 -651.0000000000
7526 -650.0000000000
7553 -649.0000000000
7556 -648.0000000000
7559 -647.0000000000
7571 -646.0000000000
7574 -645.0000000000
7585 -643.0000000000
7590 -641.0000000000
7592 -639.0000000000
7604 -638.0000000000
7613 -637.0000000000
7618 -636.0000000000
7631 -635.0000000000
7667 -634.0000000000
7671 -633.0000000000
7682 -632.0000000000
7692 -631.0000000000
7711 -630.0000000000
7725 -629.0000000000
7730 -628.0000000000
7744 -627.0000000000
7751 -626.0000000000
7768 -625.0000000000
7775 -624.0000000000
7781 -623.0000000000
7785 -622.0000000000
7804 -620.0000000000
7821 -619.0000000000
7832 -618.0000000000
7850 -617.0000000000
7873 -615.0000000000
7889 -614.0000000000
7893 -613.0000000000
7903 -612.0000000000
7920 -611.0000000000
7921 -610.0000000000
7932 -609.0000000000
7938 -608.0000000000
7955 -607.0000000000
7966 -606.0000000000
7976 -605.0000000000
7988 -603.0000000000
7998 -601.0000000000
8018 -600.0000000000
8039 -599.0000000000
8044 -597.0000000000
8046 -596.0000000000
8066 -594.0000000000
8103 -593.0000000000
8126 -592.0000000000
8133 -591.0000000000
8136 -590.0000000000
8142 -589.0000000000
8148 -588.0000000000
8156 -587.0000000000
8160 -586.0000000000
8168 -585.0000000000
8171 -584.0000000000
8181 -583.0000000000
8194 -582.0000000000
8196 -581.0000000000
8200 -580.0000000000
8208 -579.0000000000
8210 -578.0000000000
8214 -577.0000000000
8231 -576.0000000000
8256 -575.0000000000
8277 -574.0000000000
8288 -573.0000000000
8289 -572.0000000000
8302 -571.0000000000
8308 -570.0000000000
8321 -569.0000000000
8335 -568.0000000000
8388 -567.0000000000
8405 -566.0000000000
8457 -565.0000000000
8464 -564.0000000000
8478 -562.0000000000
8482 -561.0000000000
8484 -560.0000000000
8510 -559.0000000000
8558 -558.0000000000
8565 -557.0000000000
8575 -556.0000000000
8576 -555.0000000000
8595 -554.0000000000
8611 -552.0000000000
8628 -551.0000000000
8637 -550.0000000000
8653 -549.0000000000
8660 -548.0000000000
8688 -547.0000000000
8692 -546.0000000000
8749 -545.0000000000
8752 -544.0000000000
8766 -543.0000000000
8783 -542.0000000000
8788 -541.0000000000
8817 -540.0000000000
8824 -539.0000000000
8854 -538.0000000000
8868 -537.0000000000
8871 -536.0000000000
8873 -535.0000000000
8877 -533.0000000000
8887 -532.0000000000
8897 -531.0000000000
8918 -530.0000000000
8919 -529.0000000000
8938 -527.0000000000
8950 -526.0000000000
8992 -525.0000000000
8998 -524.0000000000
9018 -523.0000000000
9041 -522.0000000000
9045 -521.0000000000
9049 -520.0000000000
9070 -519.0000000000
9091 -518.0000000000
9109 -517.0000000000
9110 -516.0000000000
9120 -515.0000000000
9175 -514.0000000000
9180 -513.0000000000
9181 -512.0000000000
9182 -511.0000000000
9183 -510.0000000000
9187 -509.0000000000
9270 -508.0000000000
9281 -507.0000000000
9290 -506.0000000000
9293 -505.0000000000
9337 -504.0000000000
9348 -503.0000000000
9356 -502.0000000000
9402 -501.0000000000
9406 -500.0000000000
9431 -499.0000000000
9432 -497.0000000000
9458 -495.0000000000
9464 -494.0000000000
9473 -493.0000000000
9476 -492.0000000000
9478 -491.0000000000
9494 -490.0000000000
9527 -489.0000000000
9535 -488.0000000000
9556 -487.0000000000
9566 -486.0000000000
9586 -485.0000000000
9599 -484.0000000000
9600 -483.0000000000
9607 -482.0000000000
9633 -481.0000000000
9637 -480.0000000000
9672 -479.0000000000
9674 -477.0000000000
9703 -476.0000000000
9707 -475.0000000000
9722 -474.0000000000
9741 -473.0000000000
9756 -472.0000000000
9831 -471.0000000000
9837 -470.0000000000
9841 -469.0000000000
9849 -468.0000000000
9851 -467.0000000000
9883 -466.0000000000
9895 -464.0000000000
9896 -463.0000000000
9904 -462.0000000000
9945 -461.0000000000
9952 -460.0000000000
9965 -459.0000000000
9976 -458.0000000000
9996 -457.0000000000
10000 -459.0000000000
